Logger::init: wave-53 log level=INFO path='LOGS/6P0.LOG'
[12:00:47] [info] config: loaded DOSKUTSU.CFG (3 keys)
[12:00:47] [info] [cpu-witness] vendor=GenuineIntel cpuid=1 family=4 model=3 stepping=5 mhz_est=64 fpu=1 class=486_mid (boot-time attestation of the running CPU; MHZ_486_LOOP_DIV=16400 mirrors SETUP)
[12:00:47] [info] tas: PRNG seed forced to 12345 via DOSKUTSU_TAS_PRNG_SEED
[12:00:47] [info] tas: auto-exit armed at tick 30000 via DOSKUTSU_TAS_AUTO_EXIT_TICK
[12:00:47] [info] tas: replay opened path='QA.TAS' header_seed=12345
[12:00:47] [info] SDL_HINT_DOSKUTSU_AUDIO_OFF=1 -- skipping SDL_INIT_AUDIO (W20A2 audio-off ablation; SB16 IRQ never hooked, audio subsystem not initialized; SoundManager::init() will also be skipped below)
[12:00:48] [info] data cache: DISABLED (default)
[12:00:48] [info] Joystick: skipped (default; set DOSKUTSU_USE_JOYSTICK=1 to enable -- skips SDL3-DOS gameport BIOS INT 15h polling, ~82 ms / flip on real HW)
[12:00:48] [info] Loading settings...
[12:00:48] [info] [input-bind] applied=0 invert_y=0 dos_axes=1
[12:00:48] [info] Renderer::initVideo: 8bpp mode requested via SDL_HINT_DOS_MAX_BPP=8 (wave 16); SDL3-DOS will pick the highest-bpp <= 8 mode at requested resolution
[12:00:48] [info] Renderer::initVideo: DOS resolution-label lock ENABLED (default)
[12:00:49] [info] center-oversized: not needed (surface matches the logical screen) surface=320x240 logical=320x240 offset=0,0
[12:00:49] [info] Renderer::initVideo: using: software renderer
[12:00:51] [info] Renderer::initVideo: dirty-rect tracking ENABLED (wave 15, default ON; set SDL_HINT_DOSKUTSU_DIRTY_RECTS=0 to disable)
[12:00:51] [info] Renderer::initVideo: ablation flags: NO_DC_TIMING=0 CACHE_WINSURF=0 NO_INPUT_POLL=0 DIRECT_VESA=1
[12:00:51] [info] Renderer::initVideo: direct-VESA hot path ENABLED (default since wave 20 patch 0088; bypasses SDL_RenderPresent / SDL_UpdateWindowSurface and writes via SDL/0034's PresentFull helper; R2 mitigation handled by SDL/0034 generation counter -- no per-N-flip heartbeat needed; set SDL_HINT_DOSKUTSU_DIRECT_VESA=0 to revert)
[12:00:51] [info] Renderer::initVideo: flip-phase instrumentation DISABLED (default; set SDL_HINT_DOSKUTSU_FLIP_INSTR=1 to opt in for wave-20 Lever A diagnostic)
[12:00:51] [info] Renderer::initVideo: asm opaque-span blit lever DISABLED (default; set SDL_HINT_DOSKUTSU_ASM_BLIT=1 to opt in -- wave-51 _blit_indexed colorkey-blit lever)
[12:00:51] [info] Renderer::initVideo: blit-decomp instrumentation DISABLED (default; set SDL_HINT_DOSKUTSU_BLIT_DECOMP=1 to opt in -- wave-51 _blit_indexed sub-decomp sizing)
[12:00:51] [info] Renderer::initVideo: mds-scroll-decomp instrumentation DISABLED (default; set SDL_HINT_DOSKUTSU_MDS_DECOMP=1 to opt in -- wave-52 mode_draw_scene scrolling-block decomp)
[12:00:51] [info] Renderer::initVideo: DOSVESA pump yield: skipped (default) (per-flip explicit SDL_Delay(0) yield is always on; set SDL_HINT_DOSKUTSU_FORCE_PUMP_YIELD=1 to restore old per-pump yield)
[12:00:51] [info] Renderer::initVideo: indexed-mode (8bpp) ENABLED -- master palette + 107 per-asset remap LUTs loaded (wave 16, default ON; set SDL_HINT_DOSKUTSU_PIXEL_FORMAT_8=0 to disable)
[12:00:51] [info] Renderer::initVideo: master palette attached to window surface (format=SDL_PIXELFORMAT_INDEX8, ncolors=256)
[12:00:51] [info] Renderer::initVideo: indexed-mode smoke: idx0=(0,0,0) OK idx255=(255,0,255) OK
[12:00:51] [info] Renderer::initVideo: indexed-mode smoke: paletteRemapFor('MyChar.pbm') = present
[12:00:52] [info] Surface::loadImage palmap-diag #1: 'data/Loading.pbm' fmt=SDL_PIXELFORMAT_ABGR8888 remap=HIT -> path=truecolor
[12:00:52] [info] Renderer: prev-frame diff DISABLED (default since wave 17.6; set SDL_HINT_DOSKUTSU_PREVFRAME_DIFF=1 to opt in)
[12:00:52] [info] flip-probe: renderer=software window_ptr=8644624 colorspace=301991328 window_size=320x240 framebuffer_pixels=320x240 logical_present=320x240 mode=2
[12:00:52] [info] flip-probe: first flip ok=true present=48ms inter_flip_ms=0 drawcalls-since-flip=1 drawcalls-total=1
[12:00:52] [info] SDL_HINT_DOSKUTSU_AUDIO_OFF=1 -- bypassing SoundManager::init() (deeper than DOSKUTSU_NO_AUDIO; SDL_INIT_AUDIO already omitted)
[12:00:52] [info] menu slide-in fixed-timestep: ENABLED (default; slide advances at 50 Hz logic rate)
[12:00:52] [info] Reading npc.tbl...
[12:00:52] [info] Loading tilekey.dat.
[12:00:52] [info] Script engine init.
[12:00:53] [info] Entering main loop...
[12:00:53] [info] audio mid-gap pump: DISABLED (default)
[12:00:53] [info] TAS fixed-timestep guard: ENABLED (default) (patch 0280; load_stage wall-clock kept out of the FT accumulator so TAS replay advances at a true 50 Hz; set SDL_HINT_DOSKUTSU_TAS_FT_GUARD=0 to disable)
[12:00:53] [info] load_stage ring+DMA silence flush: ENABLED (default) (set SDL_HINT_DOSKUTSU_LOADSTAGE_SILENCE=0 to disable)
[12:00:53] [info] load-band audio-underrun probe: DISABLED (default) (opt-in SDL_HINT_DOSKUTSU_LOADBAND_STAT=1)
[12:00:53] [info]  >> Entering stage 72: 'u'.
[12:00:53] [info] skip sheet flush: ENABLED (default) (SFXPAUSE-012 SHIPPED FIX; sprite sheets stay resident across caves so no per-cave re-decode -> no fire-frame pause; map_flush_graphics tilemap cache still flushes; set SDL_HINT_DOSKUTSU_SKIP_SHEET_FLUSH=0 to restore the old per-cave flush)
[12:00:53] [info] [skip-sheet-flush] cave=1
[12:00:53] [info] eager action sheets: ENABLED (default) (first-fire hitch fix: pre-loads the weapon bullet + hit/muzzle/trail caret sheets at stage load so the first fire/impact does not lazy-decode mid-gameplay; set SDL_HINT_DOSKUTSU_EAGER_ACTION_SHEETS=0 to restore lazy load)
[12:00:53] [info] Surface::loadImage palmap-diag #2: 'data/Bullet.pbm' fmt=SDL_PIXELFORMAT_ABGR8888 remap=HIT -> path=truecolor
[12:00:53] [info] Surface::loadImage palmap-diag #3: 'data/Arms.pbm' fmt=SDL_PIXELFORMAT_ABGR8888 remap=HIT -> path=truecolor
[12:00:53] [info] Surface::loadImage palmap-diag #4: 'data/Caret.pbm' fmt=SDL_PIXELFORMAT_ABGR8888 remap=HIT -> path=truecolor
[12:00:54] [info] Surface::loadImage palmap-diag #5: 'data/Npc/NpcSym.pbm' fmt=SDL_PIXELFORMAT_ABGR8888 remap=HIT -> path=truecolor
[12:00:54] [info] [eager-action-sheets] cave=1 sheets=4 wall_ms=1061
[12:00:54] [info] Surface::loadImage palmap-diag #6: 'data/Stage/PrtWhite.pbm' fmt=SDL_PIXELFORMAT_ABGR8888 remap=HIT -> path=truecolor
[12:00:54] [info] load_stage: entry-music preload ENABLED (default) (set SDL_HINT_DOSKUTSU_PRELOAD_STAGE_MUSIC=0 to disable)
[12:00:54] [info] Surface::loadImage palmap-diag #7: 'data/bk0.pbm' fmt=SDL_PIXELFORMAT_ABGR8888 remap=HIT -> path=truecolor
[12:00:54] [info] gameloop: entered (curmap=72, running=1)
[12:00:54] [info] gameloop: iter 1 ticks=7354 mapno=-1
[12:00:54] [info] fixed-timestep: ENABLED (default; logic 50 Hz, decoupled from render)
[12:00:54] [info] map: BG skip-when-unchanged DISABLED (default) (set SDL_HINT_DOSKUTSU_BG_SKIP_WHEN_UNCHANGED=1 to enable; default OFF since wave-61 -- abandoned, it shipped a backdrop-black flicker and its +0.87 fps was below the noise floor)
[12:00:55] [info] map: skip-redundant-clear lever ENABLED (default since wave-53 promotion)
[12:00:55] [info] perf-mode: level=0 (faithful (default))
[12:00:55] [info] Surface::loadImage palmap-diag #8: 'data/Npc/NpcKings.pbm' fmt=SDL_PIXELFORMAT_ABGR8888 remap=HIT -> path=truecolor
[12:00:55] [info] audio tick-boundary pump: DISABLED (default)
[12:00:55] [info] Organya init...
[12:00:56] [info] Organya init done
[12:00:56] [info] gameloop: iter 2 ticks=8942 mapno=-1
[12:00:56] [info] gameloop: iter 3 ticks=8994 mapno=-1
[12:00:56] [info] direct-vesa: snapshot @gen=2 use_dosmemput=0 banked_multibank=0 pitches_match=1 vram_w=320 vram_h=240 vram_pitch=320 bpp=1 fb_size=76800 vram_phys=0x78000000 vram_ptr=0x77c00000
[12:00:56] [info] flip-probe: flip #10 ok=true present=3ms inter_flip_ms=29 drawcalls-since-flip=6 drawcalls-total=43 fail-total=0 null-skips-total=0
[12:00:57] [info] flip-probe: flip #20 ok=true present=2ms inter_flip_ms=29 drawcalls-since-flip=4 drawcalls-total=92 fail-total=0 null-skips-total=0
[12:00:57] [info] flip-probe: flip #30 ok=true present=2ms inter_flip_ms=63 drawcalls-since-flip=326 drawcalls-total=2707 fail-total=0 null-skips-total=0
[12:00:58] [info] flip-probe: flip #40 ok=true present=2ms inter_flip_ms=57 drawcalls-since-flip=264 drawcalls-total=5837 fail-total=0 null-skips-total=0
[12:00:58] [info] flip-probe: flip #50 ok=true present=3ms inter_flip_ms=33 drawcalls-since-flip=67 drawcalls-total=7392 fail-total=0 null-skips-total=0
[12:00:59] [info] flip-probe: flip #60 ok=true present=3ms inter_flip_ms=26 drawcalls-since-flip=4 drawcalls-total=7502 fail-total=0 null-skips-total=0
[12:00:59] [info] flip-probe: flip #70 ok=true present=2ms inter_flip_ms=27 drawcalls-since-flip=6 drawcalls-total=7557 fail-total=0 null-skips-total=0
[12:00:59] [info] flip-probe: flip #80 ok=true present=2ms inter_flip_ms=21 drawcalls-since-flip=0 drawcalls-total=7586 fail-total=0 null-skips-total=0
[12:00:59] [info] flip-probe: flip #90 ok=true present=3ms inter_flip_ms=20 drawcalls-since-flip=0 drawcalls-total=7586 fail-total=0 null-skips-total=0
[12:00:59] [info] title: eager-title-IO phase tag ENABLED (default) (set SDL_HINT_DOSKUTSU_EAGER_TITLE_IO=0 to disable)
[12:00:59] [info] [music-dispatch] tick=95 song=24 (prev 0)
[12:01:00] [info] gameloop: entered (curmap=1005, running=1)
[12:01:00] [info] gameloop: iter 1 ticks=12743 mapno=-1
[12:01:00] [info] map: backdrop cache ENABLED (default) (set SDL_HINT_DOSKUTSU_BACKDROP_CACHE=0 to disable)
[12:01:01] [info] gameloop: iter 2 ticks=13492 mapno=-1
[12:01:01] [info] gameloop: iter 3 ticks=13529 mapno=-1
[12:01:01] [info] backdrop cache: thrashing-detect engaged (streak=4, route=direct)
[12:01:01] [info] flip-probe: flip #100 ok=true present=3ms inter_flip_ms=32 drawcalls-since-flip=75 drawcalls-total=7886 fail-total=0 null-skips-total=0
[12:01:01] [info] alpha audit block 0: 7798 total drawcalls, 0 with alpha<255 (block pct_x10=0; global 0/7798 pct_x10=0); alpha-mod skipped: block=0 global=0
[12:01:01] [info] fastpath audit block 0: taken=7798 (idx8=7798) skipped=0 pct_x10=1000; global taken=7798 (idx8=7798) skipped=0 pct_x10=1000
[12:01:01] [info] primitive tally block 0: clear=220(hr=220) fill=0(hr=0) rect=0(hr=0) line=0(hr=0) tint=0 spotlight=0 (over 100 flips ending at flip 100)
[12:01:01] [info] color/alpha audit block 0: cmod_white=104 cmod_black=0 (idx=0) cmod_general=84 (idx=84) cmod_fb=0; alpha_taken=0 alpha_skipped=0 (global cmod=104/0/84/0 idx=0/84 alpha=0/0)
[12:01:01] [info] phase timing block 0: drawcalls=8209 dc_total_ms=1319 flip_inner_total_ms=709 inter_flip_total_ms=8974 (per-flip avg x10: dc_ms=131 fi_ms=70 if_ms=897 derived audio+engine_ms=696; per-drawcall avg us_x10=1607) [direct-vesa: presents=97 total_ms=274 avg_ms_x10=28 failed=0] [ablation: NO_DC_TIMING=0 CACHE_WINSURF=0 DIRECT_VESA=1]
[12:01:01] [info] kbd/audio block 0: kbd_irq=0 kbd_drain=0 ring_chunks=16 pump_pass=99 pic1_mask=0xb8 first_irq_ticks=0 install_ticks=0 vector_at_install=0x0083e400 pic1_mask_live=0xb8 kbd_8042_stat=0x34 bios_kbd_head=0x0024 bios_kbd_tail=0x0024 bios_kbd_buf0=0x1265
[12:01:01] [info] audio/engine split block 0: audio_mixer_calls=0 audio_mixer_ms_x10=0 engine_tick_calls=99 engine_tick_ms_x10=426 audio_service_calls=0 audio_service_ms_x10=0 (per-flip avg; per-call us_x10: audio_mix=0 engine_tick=431132 audio_service=0; global ns: audio_mix=0 engine_tick=4268207635 audio_service=0)
[12:01:01] [info] pixtone multi-source probe: DISABLED (default)
[12:01:01] [info] dirty-rect block @flip=100: total_calls=0 dirty_rects_avg=0 dirty_pct_x10=990 forced_full=0 first_n_force=3 threshold_exceeded=2 dirty_path_taken=0 full_flush_taken=3
[12:01:01] [info] prev-frame-diff block @flip=100: diff_calls=0 diff_rects_avg=0 diff_dirty_pct_x10=0 bbox_pct_x10=0 bbox_thresh_exceeded=0
[12:01:01] [info] flip-probe: flip #110 ok=true present=2ms inter_flip_ms=26 drawcalls-since-flip=75 drawcalls-total=8636 fail-total=0 null-skips-total=0
[12:01:01] [info] flip-probe: flip #120 ok=true present=2ms inter_flip_ms=26 drawcalls-since-flip=75 drawcalls-total=9386 fail-total=0 null-skips-total=0
[12:01:02] [info] pixtone IRQ-mix: DISABLED (L3 requested but SDL backend refused; likely Organya audio backend selected -- falling back to SDL3_mixer for SFX. To engage L3 set SDL_HINT_DOSKUTSU_AUDIO_BACKEND to opl3 / wb / midi-stub.)
[12:01:02] [error] Pixtone::play: sound slot 18 not rendered
[12:01:02] [info] flip-probe: flip #130 ok=true present=3ms inter_flip_ms=19 drawcalls-since-flip=0 drawcalls-total=9986 fail-total=0 null-skips-total=0
[12:01:02] [info] Loading profile from profile.dat
[12:01:02] [error] profile_load: unable to open 'profile.dat'
[12:01:02] [info] Loading profile from profile2.dat
[12:01:02] [error] profile_load: unable to open 'profile2.dat'
[12:01:02] [info] Loading profile from profile3.dat
[12:01:02] [info] Loading profile from profile4.dat
[12:01:02] [error] profile_load: unable to open 'profile4.dat'
[12:01:02] [info] Loading profile from profile5.dat
[12:01:02] [info] flip-probe: flip #140 ok=true present=3ms inter_flip_ms=44 drawcalls-since-flip=210 drawcalls-total=10826 fail-total=0 null-skips-total=0
[12:01:03] [info] flip-probe: flip #150 ok=true present=3ms inter_flip_ms=43 drawcalls-since-flip=210 drawcalls-total=12926 fail-total=0 null-skips-total=0
[12:01:03] [info] Writing settings...
[12:01:03] [error] Pixtone::play: sound slot 18 not rendered
[12:01:03] [info] flip-probe: flip #160 ok=true present=3ms inter_flip_ms=20 drawcalls-since-flip=0 drawcalls-total=13774 fail-total=0 null-skips-total=0
[12:01:03] [info] flip-probe: flip #170 ok=true present=3ms inter_flip_ms=21 drawcalls-since-flip=0 drawcalls-total=13774 fail-total=0 null-skips-total=0
[12:01:03] [info] gameloop: iter 600 ticks=16224 mapno=-1
[12:01:03] [info] [music-dispatch] tick=175 song=0 (prev 24)
[12:01:03] [info] Loading profile from profile5.dat
[12:01:03] [info]  >> Entering stage 20: 'Save Point'.
[12:01:03] [info] [skip-sheet-flush] cave=2
[12:01:04] [info] [music-dispatch] tick=175 song=8 (prev 0)
[12:01:04] [info] gameloop: entered (curmap=20, running=1)
[12:01:04] [info] gameloop: iter 1 ticks=17042 mapno=-1
[12:01:04] [info] TAS stall discount: ENABLED (default) (patch 0286; a replay frame over 150 ms is a load, not slow rendering, so it contributes 1 tick instead of its wall-clock; set SDL_HINT_DOSKUTSU_TAS_STALL_DISCOUNT=0 to disable)
[12:01:04] [info] TAS accumulator clamp: DISABLED (default) (patch 0281; caps the FT accumulator delta at one tick during TAS so a stalled frame cannot race the replay index; set SDL_HINT_DOSKUTSU_TAS_FT_GUARD=0 to disable)
[12:01:04] [info] gameloop: iter 2 ticks=17081 mapno=-1
[12:01:04] [info] gameloop: iter 3 ticks=17115 mapno=-1
[12:01:04] [info] flip-probe: flip #180 ok=true present=3ms inter_flip_ms=28 drawcalls-since-flip=16 drawcalls-total=13896 fail-total=0 null-skips-total=0
[12:01:05] [info] flip-probe: flip #190 ok=true present=3ms inter_flip_ms=29 drawcalls-since-flip=16 drawcalls-total=14056 fail-total=0 null-skips-total=0
[12:01:05] [info] flip-probe: flip #200 ok=true present=3ms inter_flip_ms=27 drawcalls-since-flip=16 drawcalls-total=14216 fail-total=0 null-skips-total=0
[12:01:05] [info] alpha audit block 0: 5693 total drawcalls, 0 with alpha<255 (block pct_x10=0; global 0/13491 pct_x10=0); alpha-mod skipped: block=0 global=0
[12:01:05] [info] fastpath audit block 0: taken=5693 (idx8=5693) skipped=0 pct_x10=1000; global taken=13491 (idx8=13491) skipped=0 pct_x10=1000
[12:01:05] [info] primitive tally block 0: clear=201(hr=201) fill=0(hr=0) rect=0(hr=0) line=0(hr=0) tint=0 spotlight=0 (over 100 flips ending at flip 200)
[12:01:05] [info] color/alpha audit block 0: cmod_white=1402 cmod_black=0 (idx=0) cmod_general=609 (idx=609) cmod_fb=0; alpha_taken=0 alpha_skipped=0 (global cmod=1506/0/693/0 idx=0/693 alpha=0/0)
[12:01:05] [info] phase timing block 0: drawcalls=7905 dc_total_ms=1182 flip_inner_total_ms=381 inter_flip_total_ms=4143 (per-flip avg x10: dc_ms=118 fi_ms=38 if_ms=414 derived audio+engine_ms=258; per-drawcall avg us_x10=1495) [direct-vesa: presents=100 total_ms=272 avg_ms_x10=27 failed=0] [ablation: NO_DC_TIMING=0 CACHE_WINSURF=0 DIRECT_VESA=1]
[12:01:05] [info] kbd/audio block 0: kbd_irq=0 kbd_drain=0 ring_chunks=16 pump_pass=208 pic1_mask=0xb8 first_irq_ticks=0 install_ticks=0 vector_at_install=0x0083e400 pic1_mask_live=0xb8 kbd_8042_stat=0x34 bios_kbd_head=0x0024 bios_kbd_tail=0x0024 bios_kbd_buf0=0x1265
[12:01:05] [info] audio/engine split block 0: audio_mixer_calls=0 audio_mixer_ms_x10=0 engine_tick_calls=76 engine_tick_ms_x10=194 audio_service_calls=0 audio_service_ms_x10=0 (per-flip avg; per-call us_x10: audio_mix=0 engine_tick=256337 audio_service=0; global ns: audio_mix=0 engine_tick=6216373039 audio_service=0)
[12:01:05] [info] dirty-rect block @flip=200: total_calls=0 dirty_rects_avg=1 dirty_pct_x10=1000 forced_full=0 first_n_force=0 threshold_exceeded=0 dirty_path_taken=0 full_flush_taken=0
[12:01:05] [info] prev-frame-diff block @flip=200: diff_calls=0 diff_rects_avg=0 diff_dirty_pct_x10=0 bbox_pct_x10=0 bbox_thresh_exceeded=0
[12:01:05] [error] Pixtone::play: sound slot 24 not rendered
[12:01:05] [error] Pixtone::play: sound slot 24 not rendered
[12:01:05] [info] flip-probe: flip #210 ok=true present=3ms inter_flip_ms=35 drawcalls-since-flip=16 drawcalls-total=14376 fail-total=0 null-skips-total=0
[12:01:05] [error] Pixtone::play: sound slot 24 not rendered
[12:01:06] [info] flip-probe: flip #220 ok=true present=3ms inter_flip_ms=27 drawcalls-since-flip=16 drawcalls-total=14536 fail-total=0 null-skips-total=0
[12:01:06] [error] Pixtone::play: sound slot 24 not rendered
[12:01:06] [info] flip-probe: flip #230 ok=true present=3ms inter_flip_ms=28 drawcalls-since-flip=16 drawcalls-total=14696 fail-total=0 null-skips-total=0
[12:01:06] [info] flip-probe: flip #240 ok=true present=3ms inter_flip_ms=52 drawcalls-since-flip=246 drawcalls-total=15434 fail-total=0 null-skips-total=0
[12:01:07] [info]  >> Entering stage 11: 'Mimiga Village'.
[12:01:07] [info] [skip-sheet-flush] cave=3
[12:01:07] [info] [load-stage] preloading entry music song=9 (cave=3)
[12:01:07] [info] [music-dispatch] tick=297 song=9 (prev 8)
[12:01:07] [info] gameloop: entered (curmap=11, running=1)
[12:01:07] [info] gameloop: iter 1 ticks=20118 mapno=-1
[12:01:07] [info] map: mds_clear LUT ENABLED (default) (set SDL_HINT_DOSKUTSU_MDS_CLEAR_LUT=0 to disable; default ON; patch 0144 wave-49 bandwidth lever)
[12:01:07] [info] mds-clear-lut: rebuilt N=240 entries (k_skip=0% k_keep=100%; curmap=11 map_size=60x60; rebuild #1 since boot)
[12:01:07] [info] backdrop thrash full-cover ENABLED (default) (set SDL_HINT_DOSKUTSU_THRASH_FULLCOVER=0 to disable)
[12:01:07] [info] [bd-diag] backdrop render-path diag disabled (default) (set SDL_HINT_DOSKUTSU_BACKDROP_DIAG=1 to enable)
[12:01:07] [info] gameloop: iter 2 ticks=20232 mapno=-1
[12:01:07] [info] flip-probe: flip #250 ok=true present=2ms inter_flip_ms=90 drawcalls-since-flip=385 drawcalls-total=18672 fail-total=0 null-skips-total=0
[12:01:07] [info] gameloop: iter 3 ticks=20328 mapno=-1
[12:01:08] [info] backdrop cache: thrashing-detect engaged (streak=4, route=direct)
[12:01:08] [info] flip-probe: flip #260 ok=true present=2ms inter_flip_ms=41 drawcalls-since-flip=44 drawcalls-total=20219 fail-total=0 null-skips-total=0
[12:01:08] [error] Pixtone::play: sound slot 24 not rendered
[12:01:08] [error] Pixtone::play: sound slot 24 not rendered
[12:01:08] [error] Pixtone::play: sound slot 32 not rendered
[12:01:08] [info] flip-probe: flip #270 ok=true present=3ms inter_flip_ms=41 drawcalls-since-flip=45 drawcalls-total=20658 fail-total=0 null-skips-total=0
[12:01:09] [error] Pixtone::play: sound slot 32 not rendered
[12:01:09] [error] Pixtone::play: sound slot 24 not rendered
[12:01:09] [error] Pixtone::play: sound slot 32 not rendered
[12:01:09] [error] Pixtone::play: sound slot 24 not rendered
[12:01:09] [info] flip-probe: flip #280 ok=true present=3ms inter_flip_ms=41 drawcalls-since-flip=45 drawcalls-total=21113 fail-total=0 null-skips-total=0
[12:01:09] [error] Pixtone::play: sound slot 24 not rendered
[12:01:09] [error] Pixtone::play: sound slot 24 not rendered
[12:01:09] [error] Pixtone::play: sound slot 24 not rendered
[12:01:09] [info] flip-probe: flip #290 ok=true present=3ms inter_flip_ms=47 drawcalls-since-flip=42 drawcalls-total=21538 fail-total=0 null-skips-total=0
[12:01:09] [error] Pixtone::play: sound slot 15 not rendered
[12:01:10] [info] flip-probe: flip #300 ok=true present=3ms inter_flip_ms=41 drawcalls-since-flip=42 drawcalls-total=21958 fail-total=0 null-skips-total=0
[12:01:10] [info] alpha audit block 0: 7014 total drawcalls, 0 with alpha<255 (block pct_x10=0; global 0/20505 pct_x10=0); alpha-mod skipped: block=0 global=0
[12:01:10] [info] fastpath audit block 0: taken=7014 (idx8=7014) skipped=0 pct_x10=1000; global taken=20505 (idx8=20505) skipped=0 pct_x10=1000
[12:01:10] [info] primitive tally block 0: clear=201(hr=201) fill=0(hr=0) rect=0(hr=0) line=0(hr=0) tint=0 spotlight=0 (over 100 flips ending at flip 300)
[12:01:10] [info] color/alpha audit block 0: cmod_white=676 cmod_black=676 (idx=676) cmod_general=0 (idx=0) cmod_fb=0; alpha_taken=0 alpha_skipped=0 (global cmod=2182/676/693/0 idx=676/693 alpha=0/0)
[12:01:10] [info] phase timing block 0: drawcalls=8572 dc_total_ms=1036 flip_inner_total_ms=383 inter_flip_total_ms=4904 (per-flip avg x10: dc_ms=103 fi_ms=38 if_ms=490 derived audio+engine_ms=349; per-drawcall avg us_x10=1209) [direct-vesa: presents=100 total_ms=272 avg_ms_x10=27 failed=0] [ablation: NO_DC_TIMING=0 CACHE_WINSURF=0 DIRECT_VESA=1]
[12:01:10] [info] kbd/audio block 0: kbd_irq=0 kbd_drain=0 ring_chunks=16 pump_pass=422 pic1_mask=0xb8 first_irq_ticks=0 install_ticks=0 vector_at_install=0x0083e400 pic1_mask_live=0xb8 kbd_8042_stat=0x34 bios_kbd_head=0x0024 bios_kbd_tail=0x0024 bios_kbd_buf0=0x1265
[12:01:10] [info] [tile-speedup-stat n=100 drawtile_us=92.48 raw_blit_us=69.67 ratio=1.33]
[12:01:10] [info] dirty-rect block @flip=300: total_calls=100 dirty_rects_avg=1 dirty_pct_x10=1000 forced_full=0 first_n_force=0 threshold_exceeded=0 dirty_path_taken=0 full_flush_taken=0
[12:01:10] [info] prev-frame-diff block @flip=300: diff_calls=0 diff_rects_avg=0 diff_dirty_pct_x10=0 bbox_pct_x10=0 bbox_thresh_exceeded=0
[12:01:10] [info] flip-probe: flip #310 ok=true present=3ms inter_flip_ms=41 drawcalls-since-flip=42 drawcalls-total=22478 fail-total=0 null-skips-total=0
[12:01:10] [error] Pixtone::play: sound slot 24 not rendered
[12:01:10] [info] backdrop cache: thrashing-detect engaged (streak=64, route=direct)
[12:01:11] [error] Pixtone::play: sound slot 15 not rendered
[12:01:11] [info] tas: stall frame 263 ms -> contributing 1 tick (patch 0286)
[12:01:11] [info] flip-probe: flip #320 ok=true present=3ms inter_flip_ms=41 drawcalls-since-flip=42 drawcalls-total=22898 fail-total=0 null-skips-total=0
[12:01:11] [info] flip-probe: flip #330 ok=true present=3ms inter_flip_ms=41 drawcalls-since-flip=42 drawcalls-total=23318 fail-total=0 null-skips-total=0
[12:01:12] [info] flip-probe: flip #340 ok=true present=3ms inter_flip_ms=40 drawcalls-since-flip=43 drawcalls-total=23746 fail-total=0 null-skips-total=0
[12:01:12] [error] Pixtone::play: sound slot 15 not rendered
[12:01:12] [info] flip-probe: flip #350 ok=true present=3ms inter_flip_ms=41 drawcalls-since-flip=43 drawcalls-total=24176 fail-total=0 null-skips-total=0
[12:01:12] [error] Pixtone::play: sound slot 32 not rendered
[12:01:13] [info] flip-probe: flip #360 ok=true present=3ms inter_flip_ms=42 drawcalls-since-flip=44 drawcalls-total=24608 fail-total=0 null-skips-total=0
[12:01:13] [error] Pixtone::play: sound slot 28 not rendered
[12:01:13] [error] Pixtone::play: sound slot 32 not rendered
[12:01:13] [error] Pixtone::play: sound slot 28 not rendered
[12:01:13] [error] Pixtone::play: sound slot 24 not rendered
[12:01:13] [error] Pixtone::play: sound slot 15 not rendered
[12:01:13] [info] flip-probe: flip #370 ok=true present=3ms inter_flip_ms=44 drawcalls-since-flip=16 drawcalls-total=24994 fail-total=0 null-skips-total=0
[12:01:13] [info] backdrop cache: thrashing-detect engaged (streak=124, route=direct)
[12:01:13] [info] flip-probe: flip #380 ok=true present=3ms inter_flip_ms=36 drawcalls-since-flip=15 drawcalls-total=25154 fail-total=0 null-skips-total=0
[12:01:14] [error] Pixtone::play: sound slot 32 not rendered
[12:01:14] [info] run_tick_fixed #600: heartbeat (loop alive)
[12:01:14] [error] Pixtone::play: sound slot 28 not rendered
[12:01:14] [error] Pixtone::play: sound slot 32 not rendered
[12:01:14] [info] flip-probe: flip #390 ok=true present=3ms inter_flip_ms=38 drawcalls-since-flip=17 drawcalls-total=25324 fail-total=0 null-skips-total=0
[12:01:14] [error] Pixtone::play: sound slot 28 not rendered
[12:01:14] [error] Pixtone::play: sound slot 24 not rendered
[12:01:14] [error] Pixtone::play: sound slot 15 not rendered
[12:01:14] [info] flip-probe: flip #400 ok=true present=3ms inter_flip_ms=35 drawcalls-since-flip=14 drawcalls-total=25473 fail-total=0 null-skips-total=0
[12:01:14] [info] alpha audit block 0: 2531 total drawcalls, 0 with alpha<255 (block pct_x10=0; global 0/23036 pct_x10=0); alpha-mod skipped: block=0 global=0
[12:01:14] [info] fastpath audit block 0: taken=2531 (idx8=2531) skipped=0 pct_x10=1000; global taken=23036 (idx8=23036) skipped=0 pct_x10=1000
[12:01:14] [info] primitive tally block 0: clear=200(hr=200) fill=0(hr=0) rect=0(hr=0) line=0(hr=0) tint=0 spotlight=0 (over 100 flips ending at flip 400)
[12:01:14] [info] color/alpha audit block 0: cmod_white=884 cmod_black=884 (idx=884) cmod_general=0 (idx=0) cmod_fb=0; alpha_taken=0 alpha_skipped=0 (global cmod=3066/1560/693/0 idx=1560/693 alpha=0/0)
[12:01:14] [info] phase timing block 0: drawcalls=4499 dc_total_ms=691 flip_inner_total_ms=380 inter_flip_total_ms=4478 (per-flip avg x10: dc_ms=69 fi_ms=38 if_ms=447 derived audio+engine_ms=340; per-drawcall avg us_x10=1537) [direct-vesa: presents=100 total_ms=273 avg_ms_x10=27 failed=0] [ablation: NO_DC_TIMING=0 CACHE_WINSURF=0 DIRECT_VESA=1]
[12:01:14] [info] kbd/audio block 0: kbd_irq=0 kbd_drain=0 ring_chunks=16 pump_pass=634 pic1_mask=0xb8 first_irq_ticks=0 install_ticks=0 vector_at_install=0x0083e400 pic1_mask_live=0xb8 kbd_8042_stat=0x34 bios_kbd_head=0x0024 bios_kbd_tail=0x0024 bios_kbd_buf0=0x1265
[12:01:14] [info] dirty-rect block @flip=400: total_calls=0 dirty_rects_avg=1 dirty_pct_x10=1000 forced_full=0 first_n_force=0 threshold_exceeded=0 dirty_path_taken=0 full_flush_taken=0
[12:01:14] [info] prev-frame-diff block @flip=400: diff_calls=0 diff_rects_avg=0 diff_dirty_pct_x10=0 bbox_pct_x10=0 bbox_thresh_exceeded=0
[12:01:14] [error] Pixtone::play: sound slot 32 not rendered
[12:01:15] [error] Pixtone::play: sound slot 32 not rendered
[12:01:15] [info] flip-probe: flip #410 ok=true present=3ms inter_flip_ms=38 drawcalls-since-flip=17 drawcalls-total=25633 fail-total=0 null-skips-total=0
[12:01:15] [error] Pixtone::play: sound slot 32 not rendered
[12:01:15] [info] flip-probe: flip #420 ok=true present=3ms inter_flip_ms=37 drawcalls-since-flip=15 drawcalls-total=25797 fail-total=0 null-skips-total=0
[12:01:15] [error] Pixtone::play: sound slot 23 not rendered
[12:01:15] [error] Pixtone::play: sound slot 24 not rendered
[12:01:16] [info] flip-probe: flip #430 ok=true present=3ms inter_flip_ms=35 drawcalls-since-flip=14 drawcalls-total=25939 fail-total=0 null-skips-total=0
[12:01:16] [error] Pixtone::play: sound slot 24 not rendered
[12:01:16] [info] backdrop cache: thrashing-detect engaged (streak=184, route=direct)
[12:01:16] [error] Pixtone::play: sound slot 24 not rendered
[12:01:16] [info] flip-probe: flip #440 ok=true present=3ms inter_flip_ms=35 drawcalls-since-flip=14 drawcalls-total=26079 fail-total=0 null-skips-total=0
[12:01:16] [error] Pixtone::play: sound slot 24 not rendered
[12:01:17] [info] flip-probe: flip #450 ok=true present=3ms inter_flip_ms=69 drawcalls-since-flip=319 drawcalls-total=28319 fail-total=0 null-skips-total=0
[12:01:17] [info]  >> Entering stage 17: 'Yamashita Farm'.
[12:01:17] [info] [skip-sheet-flush] cave=4
[12:01:17] [info] [load-stage] preloading entry music song=13 (cave=4)
[12:01:17] [info] [music-dispatch] tick=753 song=13 (prev 9)
[12:01:17] [info] gameloop: entered (curmap=17, running=1)
[12:01:17] [info] gameloop: iter 1 ticks=30010 mapno=-1
[12:01:17] [info] mds-clear-lut: rebuilt N=240 entries (k_skip=33% k_keep=67%; curmap=17 map_size=40x16; rebuild #2 since boot)
[12:01:17] [info] gameloop: iter 2 ticks=30226 mapno=-1
[12:01:17] [info] tas: stall frame 215 ms -> contributing 1 tick (patch 0286)
[12:01:17] [info] gameloop: iter 3 ticks=30308 mapno=-1
[12:01:18] [info] flip-probe: flip #460 ok=true present=2ms inter_flip_ms=69 drawcalls-since-flip=268 drawcalls-total=31643 fail-total=0 null-skips-total=0
[12:01:18] [error] Pixtone::play: sound slot 24 not rendered
[12:01:18] [info] flip-probe: flip #470 ok=true present=2ms inter_flip_ms=48 drawcalls-since-flip=134 drawcalls-total=33073 fail-total=0 null-skips-total=0
[12:01:18] [error] Pixtone::play: sound slot 24 not rendered
[12:01:19] [error] Pixtone::play: sound slot 24 not rendered
[12:01:19] [error] Pixtone::play: sound slot 15 not rendered
[12:01:19] [info] flip-probe: flip #480 ok=true present=3ms inter_flip_ms=49 drawcalls-since-flip=134 drawcalls-total=34442 fail-total=0 null-skips-total=0
[12:01:19] [error] Pixtone::play: sound slot 32 not rendered
[12:01:19] [error] Pixtone::play: sound slot 32 not rendered
[12:01:19] [info] backdrop cache: thrashing-detect engaged (streak=4, route=direct)
[12:01:20] [info] flip-probe: flip #490 ok=true present=3ms inter_flip_ms=61 drawcalls-since-flip=128 drawcalls-total=35805 fail-total=0 null-skips-total=0
[12:01:20] [info] tas: stall frame 283 ms -> contributing 1 tick (patch 0286)
[12:01:20] [error] Pixtone::play: sound slot 32 not rendered
[12:01:20] [error] Pixtone::play: sound slot 23 not rendered
[12:01:20] [error] Pixtone::play: sound slot 24 not rendered
[12:01:20] [info] flip-probe: flip #500 ok=true present=2ms inter_flip_ms=58 drawcalls-since-flip=136 drawcalls-total=37144 fail-total=0 null-skips-total=0
[12:01:20] [info] alpha audit block 0: 10947 total drawcalls, 0 with alpha<255 (block pct_x10=0; global 0/33983 pct_x10=0); alpha-mod skipped: block=0 global=0
[12:01:20] [info] fastpath audit block 0: taken=10947 (idx8=10947) skipped=0 pct_x10=1000; global taken=33983 (idx8=33983) skipped=0 pct_x10=1000
[12:01:20] [info] primitive tally block 0: clear=201(hr=201) fill=0(hr=0) rect=0(hr=0) line=0(hr=0) tint=0 spotlight=0 (over 100 flips ending at flip 500)
[12:01:20] [info] color/alpha audit block 0: cmod_white=624 cmod_black=624 (idx=624) cmod_general=0 (idx=0) cmod_fb=0; alpha_taken=0 alpha_skipped=0 (global cmod=3690/2184/693/0 idx=2184/693 alpha=0/0)
[12:01:20] [info] phase timing block 0: drawcalls=12432 dc_total_ms=1285 flip_inner_total_ms=597 inter_flip_total_ms=6117 (per-flip avg x10: dc_ms=128 fi_ms=59 if_ms=611 derived audio+engine_ms=424; per-drawcall avg us_x10=1033) [direct-vesa: presents=100 total_ms=272 avg_ms_x10=27 failed=0] [ablation: NO_DC_TIMING=0 CACHE_WINSURF=0 DIRECT_VESA=1]
[12:01:20] [info] kbd/audio block 0: kbd_irq=0 kbd_drain=0 ring_chunks=16 pump_pass=889 pic1_mask=0xb8 first_irq_ticks=0 install_ticks=0 vector_at_install=0x0083e400 pic1_mask_live=0xb8 kbd_8042_stat=0x34 bios_kbd_head=0x0024 bios_kbd_tail=0x0024 bios_kbd_buf0=0x1265
[12:01:20] [info] dirty-rect block @flip=500: total_calls=0 dirty_rects_avg=1 dirty_pct_x10=1000 forced_full=0 first_n_force=0 threshold_exceeded=0 dirty_path_taken=0 full_flush_taken=0
[12:01:20] [info] prev-frame-diff block @flip=500: diff_calls=0 diff_rects_avg=0 diff_dirty_pct_x10=0 bbox_pct_x10=0 bbox_thresh_exceeded=0
[12:01:20] [error] Pixtone::play: sound slot 24 not rendered
[12:01:21] [error] Pixtone::play: sound slot 24 not rendered
[12:01:21] [error] Pixtone::play: sound slot 15 not rendered
[12:01:21] [info] flip-probe: flip #510 ok=true present=3ms inter_flip_ms=57 drawcalls-since-flip=136 drawcalls-total=38508 fail-total=0 null-skips-total=0
[12:01:21] [error] Pixtone::play: sound slot 32 not rendered
[12:01:22] [error] Pixtone::play: sound slot 32 not rendered
[12:01:22] [error] Pixtone::play: sound slot 32 not rendered
[12:01:22] [info] flip-probe: flip #520 ok=true present=2ms inter_flip_ms=66 drawcalls-since-flip=146 drawcalls-total=39925 fail-total=0 null-skips-total=0
[12:01:22] [error] Pixtone::play: sound slot 24 not rendered
[12:01:22] [error] Pixtone::play: sound slot 15 not rendered
[12:01:22] [info] flip-probe: flip #530 ok=true present=3ms inter_flip_ms=59 drawcalls-since-flip=142 drawcalls-total=41342 fail-total=0 null-skips-total=0
[12:01:23] [error] Pixtone::play: sound slot 32 not rendered
[12:01:23] [info] flip-probe: flip #540 ok=true present=2ms inter_flip_ms=58 drawcalls-since-flip=135 drawcalls-total=42714 fail-total=0 null-skips-total=0
[12:01:23] [error] Pixtone::play: sound slot 24 not rendered
[12:01:23] [info] backdrop cache: thrashing-detect engaged (streak=4, route=direct)
[12:01:23] [info] flip-probe: flip #550 ok=true present=3ms inter_flip_ms=55 drawcalls-since-flip=118 drawcalls-total=43985 fail-total=0 null-skips-total=0
[12:01:23] [error] Pixtone::play: sound slot 24 not rendered
[12:01:24] [error] Pixtone::play: sound slot 24 not rendered
[12:01:24] [error] Pixtone::play: sound slot 24 not rendered
[12:01:24] [info] flip-probe: flip #560 ok=true present=3ms inter_flip_ms=50 drawcalls-since-flip=133 drawcalls-total=45305 fail-total=0 null-skips-total=0
[12:01:24] [error] Pixtone::play: sound slot 24 not rendered
[12:01:25] [info] flip-probe: flip #570 ok=true present=3ms inter_flip_ms=53 drawcalls-since-flip=124 drawcalls-total=46559 fail-total=0 null-skips-total=0
[12:01:25] [error] Pixtone::play: sound slot 24 not rendered
[12:01:25] [error] Pixtone::play: sound slot 24 not rendered
[12:01:25] [info] flip-probe: flip #580 ok=true present=3ms inter_flip_ms=48 drawcalls-since-flip=92 drawcalls-total=47602 fail-total=0 null-skips-total=0
[12:01:25] [error] Pixtone::play: sound slot 24 not rendered
[12:01:25] [error] Pixtone::play: sound slot 24 not rendered
[12:01:26] [error] Pixtone::play: sound slot 24 not rendered
[12:01:26] [info] backdrop cache: thrashing-detect engaged (streak=4, route=direct)
[12:01:26] [info] flip-probe: flip #590 ok=true present=3ms inter_flip_ms=57 drawcalls-since-flip=113 drawcalls-total=48624 fail-total=0 null-skips-total=0
[12:01:26] [error] Pixtone::play: sound slot 24 not rendered
[12:01:26] [error] Pixtone::play: sound slot 24 not rendered
[12:01:26] [error] Pixtone::play: sound slot 24 not rendered
[12:01:26] [info] flip-probe: flip #600 ok=true present=3ms inter_flip_ms=50 drawcalls-since-flip=116 drawcalls-total=49794 fail-total=0 null-skips-total=0
[12:01:26] [info] alpha audit block 0: 11614 total drawcalls, 0 with alpha<255 (block pct_x10=0; global 0/45597 pct_x10=0); alpha-mod skipped: block=0 global=0
[12:01:26] [info] fastpath audit block 0: taken=11614 (idx8=11614) skipped=0 pct_x10=1000; global taken=45597 (idx8=45597) skipped=0 pct_x10=1000
[12:01:26] [info] primitive tally block 0: clear=200(hr=200) fill=0(hr=0) rect=0(hr=0) line=0(hr=0) tint=0 spotlight=0 (over 100 flips ending at flip 600)
[12:01:26] [info] color/alpha audit block 0: cmod_white=936 cmod_black=936 (idx=936) cmod_general=0 (idx=0) cmod_fb=0; alpha_taken=0 alpha_skipped=0 (global cmod=4626/3120/693/0 idx=3120/693 alpha=0/0)
[12:01:26] [info] phase timing block 0: drawcalls=13694 dc_total_ms=994 flip_inner_total_ms=392 inter_flip_total_ms=5884 (per-flip avg x10: dc_ms=99 fi_ms=39 if_ms=588 derived audio+engine_ms=450; per-drawcall avg us_x10=726) [direct-vesa: presents=100 total_ms=273 avg_ms_x10=27 failed=0] [ablation: NO_DC_TIMING=0 CACHE_WINSURF=0 DIRECT_VESA=1]
[12:01:26] [info] kbd/audio block 0: kbd_irq=0 kbd_drain=0 ring_chunks=16 pump_pass=1183 pic1_mask=0xb8 first_irq_ticks=0 install_ticks=0 vector_at_install=0x0083e400 pic1_mask_live=0xb8 kbd_8042_stat=0x34 bios_kbd_head=0x0024 bios_kbd_tail=0x0024 bios_kbd_buf0=0x1265
[12:01:26] [info] dirty-rect block @flip=600: total_calls=0 dirty_rects_avg=1 dirty_pct_x10=1000 forced_full=0 first_n_force=0 threshold_exceeded=0 dirty_path_taken=0 full_flush_taken=0
[12:01:26] [info] prev-frame-diff block @flip=600: diff_calls=0 diff_rects_avg=0 diff_dirty_pct_x10=0 bbox_pct_x10=0 bbox_thresh_exceeded=0
[12:01:26] [error] Pixtone::play: sound slot 24 not rendered
[12:01:26] [error] Pixtone::play: sound slot 24 not rendered
[12:01:27] [error] Pixtone::play: sound slot 24 not rendered
[12:01:27] [info] flip-probe: flip #610 ok=true present=3ms inter_flip_ms=50 drawcalls-since-flip=116 drawcalls-total=50942 fail-total=0 null-skips-total=0
[12:01:27] [info] flip-probe: flip #620 ok=true present=3ms inter_flip_ms=49 drawcalls-since-flip=109 drawcalls-total=52046 fail-total=0 null-skips-total=0
[12:01:28] [info] flip-probe: flip #630 ok=true present=3ms inter_flip_ms=54 drawcalls-since-flip=105 drawcalls-total=53131 fail-total=0 null-skips-total=0
[12:01:28] [info] flip-probe: flip #640 ok=true present=2ms inter_flip_ms=53 drawcalls-since-flip=104 drawcalls-total=54167 fail-total=0 null-skips-total=0
[12:01:29] [info] backdrop cache: thrashing-detect engaged (streak=64, route=direct)
[12:01:29] [info] flip-probe: flip #650 ok=true present=2ms inter_flip_ms=53 drawcalls-since-flip=111 drawcalls-total=55229 fail-total=0 null-skips-total=0
[12:01:29] [error] Pixtone::play: sound slot 24 not rendered
[12:01:29] [error] Pixtone::play: sound slot 24 not rendered
[12:01:29] [error] Pixtone::play: sound slot 24 not rendered
[12:01:30] [info] flip-probe: flip #660 ok=true present=3ms inter_flip_ms=56 drawcalls-since-flip=110 drawcalls-total=56344 fail-total=0 null-skips-total=0
[12:01:30] [error] Pixtone::play: sound slot 24 not rendered
[12:01:30] [error] Pixtone::play: sound slot 24 not rendered
[12:01:30] [error] Pixtone::play: sound slot 24 not rendered
[12:01:30] [info] flip-probe: flip #670 ok=true present=3ms inter_flip_ms=60 drawcalls-since-flip=119 drawcalls-total=57426 fail-total=0 null-skips-total=0
[12:01:30] [error] Pixtone::play: sound slot 24 not rendered
[12:01:30] [error] Pixtone::play: sound slot 24 not rendered
[12:01:31] [error] Pixtone::play: sound slot 15 not rendered
[12:01:31] [info] flip-probe: flip #680 ok=true present=2ms inter_flip_ms=49 drawcalls-since-flip=118 drawcalls-total=58576 fail-total=0 null-skips-total=0
[12:01:31] [info] tas: stall frame 272 ms -> contributing 1 tick (patch 0286)
[12:01:31] [info] flip-probe: flip #690 ok=true present=3ms inter_flip_ms=53 drawcalls-since-flip=116 drawcalls-total=59768 fail-total=0 null-skips-total=0
[12:01:32] [error] Pixtone::play: sound slot 23 not rendered
[12:01:32] [error] Pixtone::play: sound slot 24 not rendered
[12:01:32] [error] Pixtone::play: sound slot 24 not rendered
[12:01:32] [info] flip-probe: flip #700 ok=true present=3ms inter_flip_ms=52 drawcalls-since-flip=114 drawcalls-total=60905 fail-total=0 null-skips-total=0
[12:01:32] [info] alpha audit block 0: 11011 total drawcalls, 0 with alpha<255 (block pct_x10=0; global 0/56608 pct_x10=0); alpha-mod skipped: block=0 global=0
[12:01:32] [info] fastpath audit block 0: taken=11011 (idx8=11011) skipped=0 pct_x10=1000; global taken=56608 (idx8=56608) skipped=0 pct_x10=1000
[12:01:32] [info] primitive tally block 0: clear=200(hr=200) fill=0(hr=0) rect=0(hr=0) line=0(hr=0) tint=0 spotlight=0 (over 100 flips ending at flip 700)
[12:01:32] [info] phase timing block 0: drawcalls=11242 dc_total_ms=947 flip_inner_total_ms=589 inter_flip_total_ms=5700 (per-flip avg x10: dc_ms=94 fi_ms=58 if_ms=570 derived audio+engine_ms=418; per-drawcall avg us_x10=842) [direct-vesa: presents=100 total_ms=272 avg_ms_x10=27 failed=0] [ablation: NO_DC_TIMING=0 CACHE_WINSURF=0 DIRECT_VESA=1]
[12:01:32] [info] kbd/audio block 0: kbd_irq=0 kbd_drain=0 ring_chunks=16 pump_pass=1456 pic1_mask=0xb8 first_irq_ticks=0 install_ticks=0 vector_at_install=0x0083e400 pic1_mask_live=0xb8 kbd_8042_stat=0x34 bios_kbd_head=0x0024 bios_kbd_tail=0x0024 bios_kbd_buf0=0x1265
[12:01:32] [info] dirty-rect block @flip=700: total_calls=0 dirty_rects_avg=1 dirty_pct_x10=1000 forced_full=0 first_n_force=0 threshold_exceeded=0 dirty_path_taken=0 full_flush_taken=0
[12:01:32] [info] prev-frame-diff block @flip=700: diff_calls=0 diff_rects_avg=0 diff_dirty_pct_x10=0 bbox_pct_x10=0 bbox_thresh_exceeded=0
[12:01:32] [error] Pixtone::play: sound slot 24 not rendered
[12:01:32] [error] Pixtone::play: sound slot 24 not rendered
[12:01:32] [error] Pixtone::play: sound slot 24 not rendered
[12:01:33] [info] flip-probe: flip #710 ok=true present=3ms inter_flip_ms=47 drawcalls-since-flip=113 drawcalls-total=62046 fail-total=0 null-skips-total=0
[12:01:33] [error] Pixtone::play: sound slot 24 not rendered
[12:01:33] [info] run_tick_fixed #1500: heartbeat (loop alive)
[12:01:33] [info] flip-probe: flip #720 ok=true present=2ms inter_flip_ms=82 drawcalls-since-flip=407 drawcalls-total=65239 fail-total=0 null-skips-total=0
[12:01:33] [info]  >> Entering stage 11: 'Mimiga Village'.
[12:01:33] [info] [skip-sheet-flush] cave=5
[12:01:34] [info] [load-stage] preloading entry music song=9 (cave=5)
[12:01:34] [info] [music-dispatch] tick=1525 song=9 (prev 13)
[12:01:34] [info] gameloop: entered (curmap=11, running=1)
[12:01:34] [info] gameloop: iter 1 ticks=46787 mapno=-1
[12:01:34] [info] mds-clear-lut: rebuilt N=240 entries (k_skip=0% k_keep=100%; curmap=11 map_size=60x60; rebuild #3 since boot)
[12:01:34] [info] gameloop: iter 2 ticks=46881 mapno=-1
[12:01:34] [info] gameloop: iter 3 ticks=46963 mapno=-1
[12:01:34] [info] backdrop cache: thrashing-detect engaged (streak=4, route=direct)
[12:01:35] [info] flip-probe: flip #730 ok=true present=3ms inter_flip_ms=49 drawcalls-since-flip=105 drawcalls-total=67746 fail-total=0 null-skips-total=0
[12:01:35] [error] Pixtone::play: sound slot 24 not rendered
[12:01:35] [info] flip-probe: flip #740 ok=true present=3ms inter_flip_ms=38 drawcalls-since-flip=40 drawcalls-total=68156 fail-total=0 null-skips-total=0
[12:01:35] [error] Pixtone::play: sound slot 24 not rendered
[12:01:35] [error] Pixtone::play: sound slot 24 not rendered
[12:01:35] [info] flip-probe: flip #750 ok=true present=3ms inter_flip_ms=40 drawcalls-since-flip=40 drawcalls-total=68556 fail-total=0 null-skips-total=0
[12:01:35] [error] Pixtone::play: sound slot 24 not rendered
[12:01:36] [error] Pixtone::play: sound slot 24 not rendered
[12:01:36] [info] flip-probe: flip #760 ok=true present=3ms inter_flip_ms=38 drawcalls-since-flip=40 drawcalls-total=68956 fail-total=0 null-skips-total=0
[12:01:36] [error] Pixtone::play: sound slot 24 not rendered
[12:01:36] [error] Pixtone::play: sound slot 15 not rendered
[12:01:36] [info] flip-probe: flip #770 ok=true present=3ms inter_flip_ms=39 drawcalls-since-flip=40 drawcalls-total=69356 fail-total=0 null-skips-total=0
[12:01:36] [error] Pixtone::play: sound slot 3 not rendered
[12:01:37] [info] flip-probe: flip #780 ok=true present=3ms inter_flip_ms=40 drawcalls-since-flip=42 drawcalls-total=69768 fail-total=0 null-skips-total=0
[12:01:37] [error] Pixtone::play: sound slot 23 not rendered
[12:01:37] [error] Pixtone::play: sound slot 24 not rendered
[12:01:37] [info] backdrop cache: thrashing-detect engaged (streak=64, route=direct)
[12:01:37] [error] Pixtone::play: sound slot 24 not rendered
[12:01:37] [info] flip-probe: flip #790 ok=true present=3ms inter_flip_ms=43 drawcalls-since-flip=40 drawcalls-total=70171 fail-total=0 null-skips-total=0
[12:01:37] [error] Pixtone::play: sound slot 23 not rendered
[12:01:38] [info] flip-probe: flip #800 ok=true present=3ms inter_flip_ms=43 drawcalls-since-flip=41 drawcalls-total=70577 fail-total=0 null-skips-total=0
[12:01:38] [info] alpha audit block 0: 8545 total drawcalls, 0 with alpha<255 (block pct_x10=0; global 0/65153 pct_x10=0); alpha-mod skipped: block=0 global=0
[12:01:38] [info] fastpath audit block 0: taken=8545 (idx8=8545) skipped=0 pct_x10=1000; global taken=65153 (idx8=65153) skipped=0 pct_x10=1000
[12:01:38] [info] primitive tally block 0: clear=201(hr=201) fill=0(hr=0) rect=0(hr=0) line=0(hr=0) tint=0 spotlight=0 (over 100 flips ending at flip 800)
[12:01:38] [info] color/alpha audit block 0: cmod_white=1027 cmod_black=1027 (idx=1027) cmod_general=0 (idx=0) cmod_fb=0; alpha_taken=0 alpha_skipped=0 (global cmod=5653/4147/693/0 idx=4147/693 alpha=0/0)
[12:01:38] [info] phase timing block 0: drawcalls=10827 dc_total_ms=1209 flip_inner_total_ms=386 inter_flip_total_ms=5571 (per-flip avg x10: dc_ms=120 fi_ms=38 if_ms=557 derived audio+engine_ms=399; per-drawcall avg us_x10=1117) [direct-vesa: presents=100 total_ms=272 avg_ms_x10=27 failed=0] [ablation: NO_DC_TIMING=0 CACHE_WINSURF=0 DIRECT_VESA=1]
[12:01:38] [info] kbd/audio block 0: kbd_irq=0 kbd_drain=0 ring_chunks=16 pump_pass=1704 pic1_mask=0xb8 first_irq_ticks=0 install_ticks=0 vector_at_install=0x0083e400 pic1_mask_live=0xb8 kbd_8042_stat=0x34 bios_kbd_head=0x0024 bios_kbd_tail=0x0024 bios_kbd_buf0=0x1265
[12:01:38] [info] dirty-rect block @flip=800: total_calls=0 dirty_rects_avg=1 dirty_pct_x10=1000 forced_full=0 first_n_force=0 threshold_exceeded=0 dirty_path_taken=0 full_flush_taken=0
[12:01:38] [info] prev-frame-diff block @flip=800: diff_calls=0 diff_rects_avg=0 diff_dirty_pct_x10=0 bbox_pct_x10=0 bbox_thresh_exceeded=0
[12:01:38] [error] Pixtone::play: sound slot 24 not rendered
[12:01:38] [error] Pixtone::play: sound slot 24 not rendered
[12:01:38] [error] Pixtone::play: sound slot 15 not rendered
[12:01:38] [info] flip-probe: flip #810 ok=true present=3ms inter_flip_ms=39 drawcalls-since-flip=42 drawcalls-total=70991 fail-total=0 null-skips-total=0
[12:01:38] [info] flip-probe: flip #820 ok=true present=3ms inter_flip_ms=40 drawcalls-since-flip=41 drawcalls-total=71401 fail-total=0 null-skips-total=0
[12:01:39] [info] flip-probe: flip #830 ok=true present=3ms inter_flip_ms=38 drawcalls-since-flip=41 drawcalls-total=71811 fail-total=0 null-skips-total=0
[12:01:39] [info] flip-probe: flip #840 ok=true present=3ms inter_flip_ms=41 drawcalls-since-flip=44 drawcalls-total=72239 fail-total=0 null-skips-total=0
[12:01:39] [error] Pixtone::play: sound slot 23 not rendered
[12:01:39] [error] Pixtone::play: sound slot 24 not rendered
[12:01:39] [info] run_tick_fixed #1800: heartbeat (loop alive)
[12:01:40] [error] Pixtone::play: sound slot 24 not rendered
[12:01:40] [info] backdrop cache: thrashing-detect engaged (streak=124, route=direct)
[12:01:40] [info] tas: stall frame 267 ms -> contributing 1 tick (patch 0286)
[12:01:40] [info] flip-probe: flip #850 ok=true present=3ms inter_flip_ms=36 drawcalls-since-flip=18 drawcalls-total=72445 fail-total=0 null-skips-total=0
[12:01:40] [error] Pixtone::play: sound slot 15 not rendered
[12:01:40] [info] flip-probe: flip #860 ok=true present=3ms inter_flip_ms=38 drawcalls-since-flip=18 drawcalls-total=72625 fail-total=0 null-skips-total=0
[12:01:41] [info] flip-probe: flip #870 ok=true present=2ms inter_flip_ms=39 drawcalls-since-flip=18 drawcalls-total=72805 fail-total=0 null-skips-total=0
[12:01:41] [info] flip-probe: flip #880 ok=true present=3ms inter_flip_ms=39 drawcalls-since-flip=17 drawcalls-total=72976 fail-total=0 null-skips-total=0
[12:01:41] [info] flip-probe: flip #890 ok=true present=3ms inter_flip_ms=37 drawcalls-since-flip=17 drawcalls-total=73141 fail-total=0 null-skips-total=0
[12:01:42] [error] Pixtone::play: sound slot 15 not rendered
[12:01:42] [info] flip-probe: flip #900 ok=true present=3ms inter_flip_ms=38 drawcalls-since-flip=16 drawcalls-total=73306 fail-total=0 null-skips-total=0
[12:01:42] [info] alpha audit block 0: 2096 total drawcalls, 0 with alpha<255 (block pct_x10=0; global 0/67249 pct_x10=0); alpha-mod skipped: block=0 global=0
[12:01:42] [info] fastpath audit block 0: taken=2096 (idx8=2096) skipped=0 pct_x10=1000; global taken=67249 (idx8=67249) skipped=0 pct_x10=1000
[12:01:42] [info] primitive tally block 0: clear=200(hr=200) fill=0(hr=0) rect=0(hr=0) line=0(hr=0) tint=0 spotlight=0 (over 100 flips ending at flip 900)
[12:01:42] [info] color/alpha audit block 0: cmod_white=533 cmod_black=533 (idx=533) cmod_general=0 (idx=0) cmod_fb=0; alpha_taken=0 alpha_skipped=0 (global cmod=6186/4680/693/0 idx=4680/693 alpha=0/0)
[12:01:42] [info] phase timing block 0: drawcalls=3362 dc_total_ms=618 flip_inner_total_ms=381 inter_flip_total_ms=4269 (per-flip avg x10: dc_ms=61 fi_ms=38 if_ms=426 derived audio+engine_ms=327; per-drawcall avg us_x10=1838) [direct-vesa: presents=100 total_ms=272 avg_ms_x10=27 failed=0] [ablation: NO_DC_TIMING=0 CACHE_WINSURF=0 DIRECT_VESA=1]
[12:01:42] [info] kbd/audio block 0: kbd_irq=0 kbd_drain=0 ring_chunks=16 pump_pass=1905 pic1_mask=0xb8 first_irq_ticks=0 install_ticks=0 vector_at_install=0x0083e400 pic1_mask_live=0xb8 kbd_8042_stat=0x34 bios_kbd_head=0x0024 bios_kbd_tail=0x0024 bios_kbd_buf0=0x1265
[12:01:42] [info] dirty-rect block @flip=900: total_calls=0 dirty_rects_avg=1 dirty_pct_x10=1000 forced_full=0 first_n_force=0 threshold_exceeded=0 dirty_path_taken=0 full_flush_taken=0
[12:01:42] [info] prev-frame-diff block @flip=900: diff_calls=0 diff_rects_avg=0 diff_dirty_pct_x10=0 bbox_pct_x10=0 bbox_thresh_exceeded=0
[12:01:42] [info] backdrop cache: thrashing-detect engaged (streak=184, route=direct)
[12:01:42] [info] flip-probe: flip #910 ok=true present=3ms inter_flip_ms=36 drawcalls-since-flip=16 drawcalls-total=73466 fail-total=0 null-skips-total=0
[12:01:43] [info] flip-probe: flip #920 ok=true present=2ms inter_flip_ms=34 drawcalls-since-flip=16 drawcalls-total=73626 fail-total=0 null-skips-total=0
[12:01:43] [info] flip-probe: flip #930 ok=true present=3ms inter_flip_ms=36 drawcalls-since-flip=16 drawcalls-total=73786 fail-total=0 null-skips-total=0
[12:01:43] [error] Pixtone::play: sound slot 24 not rendered
[12:01:43] [error] Pixtone::play: sound slot 56 not rendered
[12:01:43] [error] Pixtone::play: sound slot 24 not rendered
[12:01:43] [info] flip-probe: flip #940 ok=true present=3ms inter_flip_ms=37 drawcalls-since-flip=23 drawcalls-total=74015 fail-total=0 null-skips-total=0
[12:01:43] [error] Pixtone::play: sound slot 24 not rendered
[12:01:44] [error] Pixtone::play: sound slot 15 not rendered
[12:01:44] [info] flip-probe: flip #950 ok=true present=3ms inter_flip_ms=34 drawcalls-since-flip=17 drawcalls-total=74212 fail-total=0 null-skips-total=0
[12:01:44] [error] Pixtone::play: sound slot 24 not rendered
[12:01:44] [info] flip-probe: flip #960 ok=true present=3ms inter_flip_ms=36 drawcalls-since-flip=17 drawcalls-total=74400 fail-total=0 null-skips-total=0
[12:01:44] [error] Pixtone::play: sound slot 24 not rendered
[12:01:44] [error] Pixtone::play: sound slot 24 not rendered
[12:01:44] [info] backdrop cache: thrashing-detect engaged (streak=244, route=direct)
[12:01:45] [info] flip-probe: flip #970 ok=true present=3ms inter_flip_ms=49 drawcalls-since-flip=141 drawcalls-total=74806 fail-total=0 null-skips-total=0
[12:01:45] [info]  >> Entering stage 15: 'Reservoir'.
[12:01:45] [info] [skip-sheet-flush] cave=6
[12:01:46] [info] [load-stage] preloading entry music song=9 (cave=6)
[12:01:46] [info] gameloop: entered (curmap=15, running=1)
[12:01:46] [info] gameloop: iter 1 ticks=58518 mapno=-1
[12:01:46] [info] mds-clear-lut: rebuilt N=240 entries (k_skip=13% k_keep=87%; curmap=15 map_size=40x20; rebuild #4 since boot)
[12:01:46] [info] flip-probe: flip #980 ok=true present=3ms inter_flip_ms=616 drawcalls-since-flip=336 drawcalls-total=77371 fail-total=0 null-skips-total=0
[12:01:46] [info] gameloop: iter 2 ticks=58612 mapno=-1
[12:01:46] [info] gameloop: iter 3 ticks=58693 mapno=-1
[12:01:46] [info] flip-probe: flip #990 ok=true present=3ms inter_flip_ms=39 drawcalls-since-flip=66 drawcalls-total=79651 fail-total=0 null-skips-total=0
[12:01:47] [error] Pixtone::play: sound slot 24 not rendered
[12:01:47] [info] flip-probe: flip #1000 ok=true present=3ms inter_flip_ms=40 drawcalls-since-flip=31 drawcalls-total=79966 fail-total=0 null-skips-total=0
[12:01:47] [info] alpha audit block 0: 6371 total drawcalls, 0 with alpha<255 (block pct_x10=0; global 0/73620 pct_x10=0); alpha-mod skipped: block=0 global=0
[12:01:47] [info] fastpath audit block 0: taken=6371 (idx8=6371) skipped=0 pct_x10=1000; global taken=73620 (idx8=73620) skipped=0 pct_x10=1000
[12:01:47] [info] primitive tally block 0: clear=201(hr=201) fill=0(hr=0) rect=0(hr=0) line=0(hr=0) tint=0 spotlight=0 (over 100 flips ending at flip 1000)
[12:01:47] [info] color/alpha audit block 0: cmod_white=189 cmod_black=189 (idx=189) cmod_general=0 (idx=0) cmod_fb=0; alpha_taken=0 alpha_skipped=0 (global cmod=6375/4869/693/0 idx=4869/693 alpha=0/0)
[12:01:47] [info] phase timing block 0: drawcalls=6971 dc_total_ms=1011 flip_inner_total_ms=390 inter_flip_total_ms=4902 (per-flip avg x10: dc_ms=101 fi_ms=39 if_ms=490 derived audio+engine_ms=350; per-drawcall avg us_x10=1450) [direct-vesa: presents=100 total_ms=272 avg_ms_x10=27 failed=0] [ablation: NO_DC_TIMING=0 CACHE_WINSURF=0 DIRECT_VESA=1]
[12:01:47] [info] kbd/audio block 0: kbd_irq=0 kbd_drain=0 ring_chunks=16 pump_pass=2122 pic1_mask=0xb8 first_irq_ticks=0 install_ticks=0 vector_at_install=0x0083e400 pic1_mask_live=0xb8 kbd_8042_stat=0x34 bios_kbd_head=0x0024 bios_kbd_tail=0x0024 bios_kbd_buf0=0x1265
[12:01:47] [info] dirty-rect block @flip=1000: total_calls=0 dirty_rects_avg=1 dirty_pct_x10=1000 forced_full=0 first_n_force=0 threshold_exceeded=0 dirty_path_taken=0 full_flush_taken=0
[12:01:47] [info] prev-frame-diff block @flip=1000: diff_calls=0 diff_rects_avg=0 diff_dirty_pct_x10=0 bbox_pct_x10=0 bbox_thresh_exceeded=0
[12:01:47] [error] Pixtone::play: sound slot 24 not rendered
[12:01:47] [error] Pixtone::play: sound slot 24 not rendered
[12:01:47] [info] flip-probe: flip #1010 ok=true present=3ms inter_flip_ms=35 drawcalls-since-flip=31 drawcalls-total=80276 fail-total=0 null-skips-total=0
[12:01:47] [error] Pixtone::play: sound slot 24 not rendered
[12:01:47] [error] Pixtone::play: sound slot 15 not rendered
[12:01:48] [info] flip-probe: flip #1020 ok=true present=3ms inter_flip_ms=43 drawcalls-since-flip=31 drawcalls-total=80586 fail-total=0 null-skips-total=0
[12:01:48] [info] backdrop cache: thrashing-detect engaged (streak=4, route=direct)
[12:01:48] [error] Pixtone::play: sound slot 32 not rendered
[12:01:48] [error] Pixtone::play: sound slot 28 not rendered
[12:01:48] [error] Pixtone::play: sound slot 32 not rendered
[12:01:48] [info] flip-probe: flip #1030 ok=true present=3ms inter_flip_ms=37 drawcalls-since-flip=33 drawcalls-total=80917 fail-total=0 null-skips-total=0
[12:01:48] [error] Pixtone::play: sound slot 32 not rendered
[12:01:48] [info] flip-probe: flip #1040 ok=true present=2ms inter_flip_ms=36 drawcalls-since-flip=32 drawcalls-total=81251 fail-total=0 null-skips-total=0
[12:01:49] [info] tas: stall frame 257 ms -> contributing 1 tick (patch 0286)
[12:01:49] [error] Pixtone::play: sound slot 24 not rendered
[12:01:49] [error] Pixtone::play: sound slot 24 not rendered
[12:01:49] [info] flip-probe: flip #1050 ok=true present=3ms inter_flip_ms=38 drawcalls-since-flip=31 drawcalls-total=81562 fail-total=0 null-skips-total=0
[12:01:49] [error] Pixtone::play: sound slot 24 not rendered
[12:01:49] [error] Pixtone::play: sound slot 24 not rendered
[12:01:49] [error] Pixtone::play: sound slot 15 not rendered
[12:01:49] [info] flip-probe: flip #1060 ok=true present=3ms inter_flip_ms=35 drawcalls-since-flip=31 drawcalls-total=81872 fail-total=0 null-skips-total=0
[12:01:50] [info] flip-probe: flip #1070 ok=true present=2ms inter_flip_ms=36 drawcalls-since-flip=31 drawcalls-total=82182 fail-total=0 null-skips-total=0
[12:01:50] [info] tas: stall frame 197 ms -> contributing 1 tick (patch 0286)
[12:01:50] [info] flip-probe: flip #1080 ok=true present=2ms inter_flip_ms=38 drawcalls-since-flip=32 drawcalls-total=82501 fail-total=0 null-skips-total=0
[12:01:50] [info] backdrop cache: thrashing-detect engaged (streak=64, route=direct)
[12:01:51] [info] flip-probe: flip #1090 ok=true present=2ms inter_flip_ms=37 drawcalls-since-flip=33 drawcalls-total=82823 fail-total=0 null-skips-total=0
[12:01:51] [error] Pixtone::play: sound slot 23 not rendered
[12:01:51] [error] Pixtone::play: sound slot 24 not rendered
[12:01:51] [error] Pixtone::play: sound slot 24 not rendered
[12:01:51] [error] Pixtone::play: sound slot 24 not rendered
[12:01:51] [info] flip-probe: flip #1100 ok=true present=2ms inter_flip_ms=42 drawcalls-since-flip=17 drawcalls-total=83141 fail-total=0 null-skips-total=0
[12:01:51] [info] alpha audit block 0: 2184 total drawcalls, 0 with alpha<255 (block pct_x10=0; global 0/75804 pct_x10=0); alpha-mod skipped: block=0 global=0
[12:01:51] [info] fastpath audit block 0: taken=2184 (idx8=2184) skipped=0 pct_x10=1000; global taken=75804 (idx8=75804) skipped=0 pct_x10=1000
[12:01:51] [info] primitive tally block 0: clear=200(hr=200) fill=0(hr=0) rect=0(hr=0) line=0(hr=0) tint=0 spotlight=0 (over 100 flips ending at flip 1100)
[12:01:51] [info] color/alpha audit block 0: cmod_white=891 cmod_black=891 (idx=891) cmod_general=0 (idx=0) cmod_fb=0; alpha_taken=0 alpha_skipped=0 (global cmod=7266/5760/693/0 idx=5760/693 alpha=0/0)
[12:01:51] [info] phase timing block 0: drawcalls=4186 dc_total_ms=727 flip_inner_total_ms=602 inter_flip_total_ms=4334 (per-flip avg x10: dc_ms=72 fi_ms=60 if_ms=433 derived audio+engine_ms=301; per-drawcall avg us_x10=1737) [direct-vesa: presents=100 total_ms=272 avg_ms_x10=27 failed=0] [ablation: NO_DC_TIMING=0 CACHE_WINSURF=0 DIRECT_VESA=1]
[12:01:51] [info] kbd/audio block 0: kbd_irq=0 kbd_drain=0 ring_chunks=16 pump_pass=2318 pic1_mask=0xb8 first_irq_ticks=0 install_ticks=0 vector_at_install=0x0083e400 pic1_mask_live=0xb8 kbd_8042_stat=0x34 bios_kbd_head=0x0024 bios_kbd_tail=0x0024 bios_kbd_buf0=0x1265
[12:01:51] [info] dirty-rect block @flip=1100: total_calls=0 dirty_rects_avg=1 dirty_pct_x10=1000 forced_full=0 first_n_force=0 threshold_exceeded=0 dirty_path_taken=0 full_flush_taken=0
[12:01:51] [info] prev-frame-diff block @flip=1100: diff_calls=0 diff_rects_avg=0 diff_dirty_pct_x10=0 bbox_pct_x10=0 bbox_thresh_exceeded=0
[12:01:51] [info] flip-probe: flip #1110 ok=true present=3ms inter_flip_ms=34 drawcalls-since-flip=17 drawcalls-total=83311 fail-total=0 null-skips-total=0
[12:01:51] [error] Pixtone::play: sound slot 24 not rendered
[12:01:52] [error] Pixtone::play: sound slot 24 not rendered
[12:01:52] [info] flip-probe: flip #1120 ok=true present=3ms inter_flip_ms=34 drawcalls-since-flip=17 drawcalls-total=83481 fail-total=0 null-skips-total=0
[12:01:52] [info] flip-probe: flip #1130 ok=true present=3ms inter_flip_ms=36 drawcalls-since-flip=16 drawcalls-total=83646 fail-total=0 null-skips-total=0
[12:01:53] [info] flip-probe: flip #1140 ok=true present=3ms inter_flip_ms=36 drawcalls-since-flip=16 drawcalls-total=83806 fail-total=0 null-skips-total=0
[12:01:53] [info] backdrop cache: thrashing-detect engaged (streak=124, route=direct)
[12:01:53] [info] run_tick_fixed #2400: heartbeat (loop alive)
[12:01:53] [info] flip-probe: flip #1150 ok=true present=3ms inter_flip_ms=34 drawcalls-since-flip=15 drawcalls-total=83960 fail-total=0 null-skips-total=0
[12:01:53] [info] flip-probe: flip #1160 ok=true present=3ms inter_flip_ms=34 drawcalls-since-flip=15 drawcalls-total=84113 fail-total=0 null-skips-total=0
[12:01:54] [info] flip-probe: flip #1170 ok=true present=2ms inter_flip_ms=36 drawcalls-since-flip=15 drawcalls-total=84263 fail-total=0 null-skips-total=0
[12:01:54] [info] flip-probe: flip #1180 ok=true present=3ms inter_flip_ms=35 drawcalls-since-flip=13 drawcalls-total=84402 fail-total=0 null-skips-total=0
[12:01:54] [info] flip-probe: flip #1190 ok=true present=3ms inter_flip_ms=34 drawcalls-since-flip=13 drawcalls-total=84532 fail-total=0 null-skips-total=0
[12:01:55] [info] flip-probe: flip #1200 ok=true present=3ms inter_flip_ms=34 drawcalls-since-flip=15 drawcalls-total=84680 fail-total=0 null-skips-total=0
[12:01:55] [info] alpha audit block 0: 1439 total drawcalls, 0 with alpha<255 (block pct_x10=0; global 0/77243 pct_x10=0); alpha-mod skipped: block=0 global=0
[12:01:55] [info] fastpath audit block 0: taken=1439 (idx8=1439) skipped=0 pct_x10=1000; global taken=77243 (idx8=77243) skipped=0 pct_x10=1000
[12:01:55] [info] primitive tally block 0: clear=200(hr=200) fill=0(hr=0) rect=0(hr=0) line=0(hr=0) tint=0 spotlight=0 (over 100 flips ending at flip 1200)
[12:01:55] [info] phase timing block 0: drawcalls=1658 dc_total_ms=562 flip_inner_total_ms=380 inter_flip_total_ms=3666 (per-flip avg x10: dc_ms=56 fi_ms=38 if_ms=366 derived audio+engine_ms=272; per-drawcall avg us_x10=3392) [direct-vesa: presents=100 total_ms=272 avg_ms_x10=27 failed=0] [ablation: NO_DC_TIMING=0 CACHE_WINSURF=0 DIRECT_VESA=1]
[12:01:55] [info] kbd/audio block 0: kbd_irq=0 kbd_drain=0 ring_chunks=16 pump_pass=2502 pic1_mask=0xb8 first_irq_ticks=0 install_ticks=0 vector_at_install=0x0083e400 pic1_mask_live=0xb8 kbd_8042_stat=0x34 bios_kbd_head=0x0024 bios_kbd_tail=0x0024 bios_kbd_buf0=0x1265
[12:01:55] [info] dirty-rect block @flip=1200: total_calls=0 dirty_rects_avg=1 dirty_pct_x10=1000 forced_full=0 first_n_force=0 threshold_exceeded=0 dirty_path_taken=0 full_flush_taken=0
[12:01:55] [info] prev-frame-diff block @flip=1200: diff_calls=0 diff_rects_avg=0 diff_dirty_pct_x10=0 bbox_pct_x10=0 bbox_thresh_exceeded=0
[12:01:55] [error] Pixtone::play: sound slot 24 not rendered
[12:01:55] [error] Pixtone::play: sound slot 15 not rendered
[12:01:55] [info] backdrop cache: thrashing-detect engaged (streak=4, route=direct)
[12:01:55] [info] flip-probe: flip #1210 ok=true present=3ms inter_flip_ms=34 drawcalls-since-flip=16 drawcalls-total=84840 fail-total=0 null-skips-total=0
[12:01:56] [info] flip-probe: flip #1220 ok=true present=3ms inter_flip_ms=34 drawcalls-since-flip=14 drawcalls-total=84982 fail-total=0 null-skips-total=0
[12:01:56] [info] flip-probe: flip #1230 ok=true present=3ms inter_flip_ms=35 drawcalls-since-flip=13 drawcalls-total=85116 fail-total=0 null-skips-total=0
[12:01:56] [info] flip-probe: flip #1240 ok=true present=3ms inter_flip_ms=35 drawcalls-since-flip=13 drawcalls-total=85246 fail-total=0 null-skips-total=0
[12:01:56] [error] Pixtone::play: sound slot 24 not rendered
[12:01:56] [error] Pixtone::play: sound slot 24 not rendered
[12:01:56] [error] Pixtone::play: sound slot 15 not rendered
[12:01:57] [info] flip-probe: flip #1250 ok=true present=3ms inter_flip_ms=35 drawcalls-since-flip=13 drawcalls-total=85376 fail-total=0 null-skips-total=0
[12:01:57] [info] flip-probe: flip #1260 ok=true present=3ms inter_flip_ms=34 drawcalls-since-flip=13 drawcalls-total=85506 fail-total=0 null-skips-total=0
[12:01:57] [info] backdrop cache: thrashing-detect engaged (streak=64, route=direct)
[12:01:57] [info] flip-probe: flip #1270 ok=true present=3ms inter_flip_ms=31 drawcalls-since-flip=13 drawcalls-total=85636 fail-total=0 null-skips-total=0
[12:01:58] [error] Pixtone::play: sound slot 24 not rendered
[12:01:58] [info] flip-probe: flip #1280 ok=true present=2ms inter_flip_ms=34 drawcalls-since-flip=13 drawcalls-total=85766 fail-total=0 null-skips-total=0
[12:01:58] [error] Pixtone::play: sound slot 23 not rendered
[12:01:58] [error] Pixtone::play: sound slot 24 not rendered
[12:01:58] [info] tas: stall frame 255 ms -> contributing 1 tick (patch 0286)
[12:01:58] [info] flip-probe: flip #1290 ok=true present=3ms inter_flip_ms=38 drawcalls-since-flip=13 drawcalls-total=85896 fail-total=0 null-skips-total=0
[12:01:58] [error] Pixtone::play: sound slot 24 not rendered
[12:01:59] [info] flip-probe: flip #1300 ok=true present=3ms inter_flip_ms=31 drawcalls-since-flip=13 drawcalls-total=86026 fail-total=0 null-skips-total=0
[12:01:59] [info] alpha audit block 0: 1246 total drawcalls, 0 with alpha<255 (block pct_x10=0; global 0/78489 pct_x10=0); alpha-mod skipped: block=0 global=0
[12:01:59] [info] fastpath audit block 0: taken=1246 (idx8=1246) skipped=0 pct_x10=1000; global taken=78489 (idx8=78489) skipped=0 pct_x10=1000
[12:01:59] [info] primitive tally block 0: clear=200(hr=200) fill=0(hr=0) rect=0(hr=0) line=0(hr=0) tint=0 spotlight=0 (over 100 flips ending at flip 1300)
[12:01:59] [info] phase timing block 0: drawcalls=1453 dc_total_ms=489 flip_inner_total_ms=369 inter_flip_total_ms=3845 (per-flip avg x10: dc_ms=48 fi_ms=36 if_ms=384 derived audio+engine_ms=300; per-drawcall avg us_x10=3371) [direct-vesa: presents=100 total_ms=273 avg_ms_x10=27 failed=0] [ablation: NO_DC_TIMING=0 CACHE_WINSURF=0 DIRECT_VESA=1]
[12:01:59] [info] kbd/audio block 0: kbd_irq=0 kbd_drain=0 ring_chunks=16 pump_pass=2682 pic1_mask=0xb8 first_irq_ticks=0 install_ticks=0 vector_at_install=0x0083e400 pic1_mask_live=0xb8 kbd_8042_stat=0x34 bios_kbd_head=0x0024 bios_kbd_tail=0x0024 bios_kbd_buf0=0x1265
[12:01:59] [info] dirty-rect block @flip=1300: total_calls=0 dirty_rects_avg=1 dirty_pct_x10=1000 forced_full=0 first_n_force=0 threshold_exceeded=0 dirty_path_taken=0 full_flush_taken=0
[12:01:59] [info] prev-frame-diff block @flip=1300: diff_calls=0 diff_rects_avg=0 diff_dirty_pct_x10=0 bbox_pct_x10=0 bbox_thresh_exceeded=0
[12:01:59] [error] Pixtone::play: sound slot 24 not rendered
[12:01:59] [error] Pixtone::play: sound slot 24 not rendered
[12:01:59] [error] Pixtone::play: sound slot 24 not rendered
[12:01:59] [info] run_tick_fixed #2700: heartbeat (loop alive)
[12:01:59] [info] flip-probe: flip #1310 ok=true present=3ms inter_flip_ms=43 drawcalls-since-flip=108 drawcalls-total=86251 fail-total=0 null-skips-total=0
[12:02:00] [info] flip-probe: flip #1320 ok=true present=3ms inter_flip_ms=65 drawcalls-since-flip=318 drawcalls-total=88921 fail-total=0 null-skips-total=0
[12:02:00] [info]  >> Entering stage 11: 'Mimiga Village'.
[12:02:00] [info] [skip-sheet-flush] cave=7
[12:02:00] [info] [load-stage] preloading entry music song=9 (cave=7)
[12:02:00] [info] gameloop: entered (curmap=11, running=1)
[12:02:00] [info] gameloop: iter 1 ticks=73063 mapno=-1
[12:02:00] [info] mds-clear-lut: rebuilt N=240 entries (k_skip=0% k_keep=100%; curmap=11 map_size=60x60; rebuild #5 since boot)
[12:02:00] [info] gameloop: iter 2 ticks=73152 mapno=-1
[12:02:00] [info] gameloop: iter 3 ticks=73236 mapno=-1
[12:02:01] [info] flip-probe: flip #1330 ok=true present=2ms inter_flip_ms=49 drawcalls-since-flip=107 drawcalls-total=91252 fail-total=0 null-skips-total=0
[12:02:01] [error] Pixtone::play: sound slot 24 not rendered
[12:02:01] [info] flip-probe: flip #1340 ok=true present=3ms inter_flip_ms=45 drawcalls-since-flip=42 drawcalls-total=91697 fail-total=0 null-skips-total=0
[12:02:01] [error] Pixtone::play: sound slot 24 not rendered
[12:02:02] [error] Pixtone::play: sound slot 24 not rendered
[12:02:02] [info] flip-probe: flip #1350 ok=true present=3ms inter_flip_ms=39 drawcalls-since-flip=42 drawcalls-total=92117 fail-total=0 null-skips-total=0
[12:02:02] [error] Pixtone::play: sound slot 24 not rendered
[12:02:02] [error] Pixtone::play: sound slot 56 not rendered
[12:02:02] [info] flip-probe: flip #1360 ok=true present=3ms inter_flip_ms=54 drawcalls-since-flip=53 drawcalls-total=92548 fail-total=0 null-skips-total=0
[12:02:02] [error] Pixtone::play: sound slot 15 not rendered
[12:02:03] [info] flip-probe: flip #1370 ok=true present=3ms inter_flip_ms=53 drawcalls-since-flip=54 drawcalls-total=93080 fail-total=0 null-skips-total=0
[12:02:03] [info] backdrop cache: thrashing-detect engaged (streak=4, route=direct)
[12:02:03] [error] Pixtone::play: sound slot 24 not rendered
[12:02:03] [error] Pixtone::play: sound slot 24 not rendered
[12:02:03] [info] flip-probe: flip #1380 ok=true present=3ms inter_flip_ms=47 drawcalls-since-flip=48 drawcalls-total=93568 fail-total=0 null-skips-total=0
[12:02:03] [error] Pixtone::play: sound slot 24 not rendered
[12:02:03] [error] Pixtone::play: sound slot 24 not rendered
[12:02:03] [info] flip-probe: flip #1390 ok=true present=3ms inter_flip_ms=42 drawcalls-since-flip=47 drawcalls-total=94025 fail-total=0 null-skips-total=0
[12:02:04] [info] flip-probe: flip #1400 ok=true present=3ms inter_flip_ms=40 drawcalls-since-flip=44 drawcalls-total=94462 fail-total=0 null-skips-total=0
[12:02:04] [info] alpha audit block 0: 7309 total drawcalls, 0 with alpha<255 (block pct_x10=0; global 0/85798 pct_x10=0); alpha-mod skipped: block=0 global=0
[12:02:04] [info] fastpath audit block 0: taken=7309 (idx8=7309) skipped=0 pct_x10=1000; global taken=85798 (idx8=85798) skipped=0 pct_x10=1000
[12:02:04] [info] primitive tally block 0: clear=201(hr=201) fill=0(hr=0) rect=0(hr=0) line=0(hr=0) tint=0 spotlight=0 (over 100 flips ending at flip 1400)
[12:02:04] [info] color/alpha audit block 0: cmod_white=1027 cmod_black=1027 (idx=1027) cmod_general=0 (idx=0) cmod_fb=0; alpha_taken=0 alpha_skipped=0 (global cmod=8293/6787/693/0 idx=6787/693 alpha=0/0)
[12:02:04] [info] phase timing block 0: drawcalls=9613 dc_total_ms=1304 flip_inner_total_ms=387 inter_flip_total_ms=5309 (per-flip avg x10: dc_ms=130 fi_ms=38 if_ms=530 derived audio+engine_ms=362; per-drawcall avg us_x10=1357) [direct-vesa: presents=100 total_ms=272 avg_ms_x10=27 failed=0] [ablation: NO_DC_TIMING=0 CACHE_WINSURF=0 DIRECT_VESA=1]
[12:02:04] [info] kbd/audio block 0: kbd_irq=0 kbd_drain=0 ring_chunks=16 pump_pass=2918 pic1_mask=0xb8 first_irq_ticks=0 install_ticks=0 vector_at_install=0x0083e400 pic1_mask_live=0xb8 kbd_8042_stat=0x34 bios_kbd_head=0x0024 bios_kbd_tail=0x0024 bios_kbd_buf0=0x1265
[12:02:04] [info] dirty-rect block @flip=1400: total_calls=0 dirty_rects_avg=1 dirty_pct_x10=1000 forced_full=0 first_n_force=0 threshold_exceeded=0 dirty_path_taken=0 full_flush_taken=0
[12:02:04] [info] prev-frame-diff block @flip=1400: diff_calls=0 diff_rects_avg=0 diff_dirty_pct_x10=0 bbox_pct_x10=0 bbox_thresh_exceeded=0
[12:02:04] [info] flip-probe: flip #1410 ok=true present=3ms inter_flip_ms=41 drawcalls-since-flip=41 drawcalls-total=94902 fail-total=0 null-skips-total=0
[12:02:04] [error] Pixtone::play: sound slot 24 not rendered
[12:02:05] [info] flip-probe: flip #1420 ok=true present=3ms inter_flip_ms=41 drawcalls-since-flip=45 drawcalls-total=95347 fail-total=0 null-skips-total=0
[12:02:05] [info] flip-probe: flip #1430 ok=true present=3ms inter_flip_ms=40 drawcalls-since-flip=44 drawcalls-total=95787 fail-total=0 null-skips-total=0
[12:02:05] [info] backdrop cache: thrashing-detect engaged (streak=64, route=direct)
[12:02:06] [info] flip-probe: flip #1440 ok=true present=3ms inter_flip_ms=41 drawcalls-since-flip=44 drawcalls-total=96227 fail-total=0 null-skips-total=0
[12:02:06] [error] Pixtone::play: sound slot 24 not rendered
[12:02:06] [error] Pixtone::play: sound slot 24 not rendered
[12:02:06] [info] flip-probe: flip #1450 ok=true present=3ms inter_flip_ms=44 drawcalls-since-flip=18 drawcalls-total=96433 fail-total=0 null-skips-total=0
[12:02:06] [error] Pixtone::play: sound slot 24 not rendered
[12:02:06] [info] flip-probe: flip #1460 ok=true present=2ms inter_flip_ms=38 drawcalls-since-flip=18 drawcalls-total=96613 fail-total=0 null-skips-total=0
[12:02:07] [error] Pixtone::play: sound slot 15 not rendered
[12:02:07] [info] tas: stall frame 254 ms -> contributing 1 tick (patch 0286)
[12:02:07] [info] flip-probe: flip #1470 ok=true present=3ms inter_flip_ms=36 drawcalls-since-flip=17 drawcalls-total=96791 fail-total=0 null-skips-total=0
[12:02:07] [info] flip-probe: flip #1480 ok=true present=3ms inter_flip_ms=37 drawcalls-since-flip=17 drawcalls-total=96961 fail-total=0 null-skips-total=0
[12:02:08] [info] flip-probe: flip #1490 ok=true present=2ms inter_flip_ms=38 drawcalls-since-flip=17 drawcalls-total=97131 fail-total=0 null-skips-total=0
[12:02:08] [error] Pixtone::play: sound slot 24 not rendered
[12:02:08] [info] backdrop cache: thrashing-detect engaged (streak=124, route=direct)
[12:02:08] [error] Pixtone::play: sound slot 15 not rendered
[12:02:08] [info] flip-probe: flip #1500 ok=true present=3ms inter_flip_ms=36 drawcalls-since-flip=16 drawcalls-total=97291 fail-total=0 null-skips-total=0
[12:02:08] [info] alpha audit block 0: 2196 total drawcalls, 0 with alpha<255 (block pct_x10=0; global 0/87994 pct_x10=0); alpha-mod skipped: block=0 global=0
[12:02:08] [info] fastpath audit block 0: taken=2196 (idx8=2196) skipped=0 pct_x10=1000; global taken=87994 (idx8=87994) skipped=0 pct_x10=1000
[12:02:08] [info] primitive tally block 0: clear=200(hr=200) fill=0(hr=0) rect=0(hr=0) line=0(hr=0) tint=0 spotlight=0 (over 100 flips ending at flip 1500)
[12:02:08] [info] color/alpha audit block 0: cmod_white=533 cmod_black=533 (idx=533) cmod_general=0 (idx=0) cmod_fb=0; alpha_taken=0 alpha_skipped=0 (global cmod=8826/7320/693/0 idx=7320/693 alpha=0/0)
[12:02:08] [info] phase timing block 0: drawcalls=3462 dc_total_ms=617 flip_inner_total_ms=381 inter_flip_total_ms=4271 (per-flip avg x10: dc_ms=61 fi_ms=38 if_ms=427 derived audio+engine_ms=328; per-drawcall avg us_x10=1784) [direct-vesa: presents=100 total_ms=272 avg_ms_x10=27 failed=0] [ablation: NO_DC_TIMING=0 CACHE_WINSURF=0 DIRECT_VESA=1]
[12:02:08] [info] kbd/audio block 0: kbd_irq=0 kbd_drain=0 ring_chunks=16 pump_pass=3120 pic1_mask=0xb8 first_irq_ticks=0 install_ticks=0 vector_at_install=0x0083e400 pic1_mask_live=0xb8 kbd_8042_stat=0x34 bios_kbd_head=0x0024 bios_kbd_tail=0x0024 bios_kbd_buf0=0x1265
[12:02:08] [info] dirty-rect block @flip=1500: total_calls=0 dirty_rects_avg=1 dirty_pct_x10=1000 forced_full=0 first_n_force=0 threshold_exceeded=0 dirty_path_taken=0 full_flush_taken=0
[12:02:08] [info] prev-frame-diff block @flip=1500: diff_calls=0 diff_rects_avg=0 diff_dirty_pct_x10=0 bbox_pct_x10=0 bbox_thresh_exceeded=0
[12:02:09] [info] flip-probe: flip #1510 ok=true present=3ms inter_flip_ms=34 drawcalls-since-flip=17 drawcalls-total=97456 fail-total=0 null-skips-total=0
[12:02:09] [error] Pixtone::play: sound slot 15 not rendered
[12:02:09] [info] flip-probe: flip #1520 ok=true present=3ms inter_flip_ms=39 drawcalls-since-flip=18 drawcalls-total=97633 fail-total=0 null-skips-total=0
[12:02:09] [info] flip-probe: flip #1530 ok=true present=3ms inter_flip_ms=36 drawcalls-since-flip=18 drawcalls-total=97813 fail-total=0 null-skips-total=0
[12:02:10] [info] flip-probe: flip #1540 ok=true present=3ms inter_flip_ms=38 drawcalls-since-flip=18 drawcalls-total=97993 fail-total=0 null-skips-total=0
[12:02:10] [error] Pixtone::play: sound slot 15 not rendered
[12:02:10] [info] flip-probe: flip #1550 ok=true present=3ms inter_flip_ms=38 drawcalls-since-flip=17 drawcalls-total=98164 fail-total=0 null-skips-total=0
[12:02:10] [info] backdrop cache: thrashing-detect engaged (streak=184, route=direct)
[12:02:10] [info] flip-probe: flip #1560 ok=true present=2ms inter_flip_ms=38 drawcalls-since-flip=16 drawcalls-total=98327 fail-total=0 null-skips-total=0
[12:02:11] [info] flip-probe: flip #1570 ok=true present=2ms inter_flip_ms=39 drawcalls-since-flip=17 drawcalls-total=98495 fail-total=0 null-skips-total=0
[12:02:11] [error] Pixtone::play: sound slot 15 not rendered
[12:02:11] [info] flip-probe: flip #1580 ok=true present=2ms inter_flip_ms=37 drawcalls-since-flip=17 drawcalls-total=98667 fail-total=0 null-skips-total=0
[12:02:12] [info] flip-probe: flip #1590 ok=true present=3ms inter_flip_ms=33 drawcalls-since-flip=18 drawcalls-total=98847 fail-total=0 null-skips-total=0
[12:02:12] [info] run_tick_fixed #3300: heartbeat (loop alive)
[12:02:12] [error] Pixtone::play: sound slot 15 not rendered
[12:02:12] [info] flip-probe: flip #1600 ok=true present=3ms inter_flip_ms=45 drawcalls-since-flip=18 drawcalls-total=99027 fail-total=0 null-skips-total=0
[12:02:12] [info] alpha audit block 0: 1636 total drawcalls, 0 with alpha<255 (block pct_x10=0; global 0/89630 pct_x10=0); alpha-mod skipped: block=0 global=0
[12:02:12] [info] fastpath audit block 0: taken=1636 (idx8=1636) skipped=0 pct_x10=1000; global taken=89630 (idx8=89630) skipped=0 pct_x10=1000
[12:02:12] [info] primitive tally block 0: clear=200(hr=200) fill=0(hr=0) rect=0(hr=0) line=0(hr=0) tint=0 spotlight=0 (over 100 flips ending at flip 1600)
[12:02:12] [info] phase timing block 0: drawcalls=1836 dc_total_ms=517 flip_inner_total_ms=381 inter_flip_total_ms=3923 (per-flip avg x10: dc_ms=51 fi_ms=38 if_ms=392 derived audio+engine_ms=303; per-drawcall avg us_x10=2817) [direct-vesa: presents=100 total_ms=273 avg_ms_x10=27 failed=0] [ablation: NO_DC_TIMING=0 CACHE_WINSURF=0 DIRECT_VESA=1]
[12:02:12] [info] kbd/audio block 0: kbd_irq=0 kbd_drain=0 ring_chunks=16 pump_pass=3316 pic1_mask=0xb8 first_irq_ticks=0 install_ticks=0 vector_at_install=0x0083e400 pic1_mask_live=0xb8 kbd_8042_stat=0x34 bios_kbd_head=0x0024 bios_kbd_tail=0x0024 bios_kbd_buf0=0x1265
[12:02:12] [info] dirty-rect block @flip=1600: total_calls=0 dirty_rects_avg=1 dirty_pct_x10=1000 forced_full=0 first_n_force=0 threshold_exceeded=0 dirty_path_taken=0 full_flush_taken=0
[12:02:12] [info] prev-frame-diff block @flip=1600: diff_calls=0 diff_rects_avg=0 diff_dirty_pct_x10=0 bbox_pct_x10=0 bbox_thresh_exceeded=0
[12:02:12] [info] flip-probe: flip #1610 ok=true present=3ms inter_flip_ms=38 drawcalls-since-flip=19 drawcalls-total=99210 fail-total=0 null-skips-total=0
[12:02:13] [info] backdrop cache: thrashing-detect engaged (streak=244, route=direct)
[12:02:13] [info] flip-probe: flip #1620 ok=true present=3ms inter_flip_ms=38 drawcalls-since-flip=20 drawcalls-total=99407 fail-total=0 null-skips-total=0
[12:02:13] [error] Pixtone::play: sound slot 15 not rendered
[12:02:13] [info] flip-probe: flip #1630 ok=true present=3ms inter_flip_ms=38 drawcalls-since-flip=20 drawcalls-total=99607 fail-total=0 null-skips-total=0
[12:02:14] [info] flip-probe: flip #1640 ok=true present=3ms inter_flip_ms=39 drawcalls-since-flip=20 drawcalls-total=99807 fail-total=0 null-skips-total=0
[12:02:14] [error] Pixtone::play: sound slot 24 not rendered
[12:02:14] [info] flip-probe: flip #1650 ok=true present=3ms inter_flip_ms=42 drawcalls-since-flip=16 drawcalls-total=99968 fail-total=0 null-skips-total=0
[12:02:14] [error] Pixtone::play: sound slot 24 not rendered
[12:02:14] [error] Pixtone::play: sound slot 24 not rendered
[12:02:14] [info] flip-probe: flip #1660 ok=true present=2ms inter_flip_ms=44 drawcalls-since-flip=16 drawcalls-total=100128 fail-total=0 null-skips-total=0
[12:02:15] [error] Pixtone::play: sound slot 24 not rendered
[12:02:15] [error] Pixtone::play: sound slot 24 not rendered
[12:02:15] [info] flip-probe: flip #1670 ok=true present=3ms inter_flip_ms=44 drawcalls-since-flip=17 drawcalls-total=100291 fail-total=0 null-skips-total=0
[12:02:15] [info] backdrop cache: thrashing-detect engaged (streak=304, route=direct)
[12:02:15] [error] Pixtone::play: sound slot 24 not rendered
[12:02:15] [error] Pixtone::play: sound slot 15 not rendered
[12:02:15] [info] flip-probe: flip #1680 ok=true present=3ms inter_flip_ms=39 drawcalls-since-flip=17 drawcalls-total=100463 fail-total=0 null-skips-total=0
[12:02:16] [info] flip-probe: flip #1690 ok=true present=3ms inter_flip_ms=38 drawcalls-since-flip=16 drawcalls-total=100625 fail-total=0 null-skips-total=0
[12:02:16] [info] flip-probe: flip #1700 ok=true present=3ms inter_flip_ms=38 drawcalls-since-flip=15 drawcalls-total=100778 fail-total=0 null-skips-total=0
[12:02:16] [info] alpha audit block 0: 1651 total drawcalls, 0 with alpha<255 (block pct_x10=0; global 0/91281 pct_x10=0); alpha-mod skipped: block=0 global=0
[12:02:16] [info] fastpath audit block 0: taken=1651 (idx8=1651) skipped=0 pct_x10=1000; global taken=91281 (idx8=91281) skipped=0 pct_x10=1000
[12:02:16] [info] primitive tally block 0: clear=200(hr=200) fill=0(hr=0) rect=0(hr=0) line=0(hr=0) tint=0 spotlight=0 (over 100 flips ending at flip 1700)
[12:02:16] [info] phase timing block 0: drawcalls=1851 dc_total_ms=520 flip_inner_total_ms=373 inter_flip_total_ms=3952 (per-flip avg x10: dc_ms=52 fi_ms=37 if_ms=395 derived audio+engine_ms=306; per-drawcall avg us_x10=2813) [direct-vesa: presents=100 total_ms=272 avg_ms_x10=27 failed=0] [ablation: NO_DC_TIMING=0 CACHE_WINSURF=0 DIRECT_VESA=1]
[12:02:16] [info] kbd/audio block 0: kbd_irq=0 kbd_drain=0 ring_chunks=16 pump_pass=3514 pic1_mask=0xb8 first_irq_ticks=0 install_ticks=0 vector_at_install=0x0083e400 pic1_mask_live=0xb8 kbd_8042_stat=0x34 bios_kbd_head=0x0024 bios_kbd_tail=0x0024 bios_kbd_buf0=0x1265
[12:02:16] [info] dirty-rect block @flip=1700: total_calls=0 dirty_rects_avg=1 dirty_pct_x10=1000 forced_full=0 first_n_force=0 threshold_exceeded=0 dirty_path_taken=0 full_flush_taken=0
[12:02:16] [info] prev-frame-diff block @flip=1700: diff_calls=0 diff_rects_avg=0 diff_dirty_pct_x10=0 bbox_pct_x10=0 bbox_thresh_exceeded=0
[12:02:16] [info] tas: stall frame 306 ms -> contributing 1 tick (patch 0286)
[12:02:17] [info] flip-probe: flip #1710 ok=true present=3ms inter_flip_ms=36 drawcalls-since-flip=16 drawcalls-total=100934 fail-total=0 null-skips-total=0
[12:02:17] [error] Pixtone::play: sound slot 23 not rendered
[12:02:17] [error] Pixtone::play: sound slot 24 not rendered
[12:02:17] [error] Pixtone::play: sound slot 32 not rendered
[12:02:17] [error] Pixtone::play: sound slot 24 not rendered
[12:02:17] [error] Pixtone::play: sound slot 32 not rendered
[12:02:17] [info] flip-probe: flip #1720 ok=true present=2ms inter_flip_ms=39 drawcalls-since-flip=19 drawcalls-total=101111 fail-total=0 null-skips-total=0
[12:02:17] [error] Pixtone::play: sound slot 24 not rendered
[12:02:17] [error] Pixtone::play: sound slot 32 not rendered
[12:02:17] [error] Pixtone::play: sound slot 32 not rendered
[12:02:17] [error] Pixtone::play: sound slot 24 not rendered
[12:02:18] [info] flip-probe: flip #1730 ok=true present=3ms inter_flip_ms=36 drawcalls-since-flip=19 drawcalls-total=101305 fail-total=0 null-skips-total=0
[12:02:18] [error] Pixtone::play: sound slot 24 not rendered
[12:02:18] [info] backdrop cache: thrashing-detect engaged (streak=364, route=direct)
[12:02:18] [error] Pixtone::play: sound slot 24 not rendered
[12:02:18] [error] Pixtone::play: sound slot 24 not rendered
[12:02:18] [info] flip-probe: flip #1740 ok=true present=3ms inter_flip_ms=38 drawcalls-since-flip=17 drawcalls-total=101477 fail-total=0 null-skips-total=0
[12:02:18] [error] Pixtone::play: sound slot 11 not rendered
[12:02:19] [info] flip-probe: flip #1750 ok=true present=2ms inter_flip_ms=76 drawcalls-since-flip=359 drawcalls-total=104127 fail-total=0 null-skips-total=0
[12:02:19] [info]  >> Entering stage 19: 'Assembly Hall'.
[12:02:19] [info] [skip-sheet-flush] cave=8
[12:02:19] [info] [load-stage] preloading entry music song=9 (cave=8)
[12:02:19] [info] gameloop: entered (curmap=19, running=1)
[12:02:19] [info] gameloop: iter 1 ticks=92277 mapno=-1
[12:02:19] [info] mds-clear-lut: rebuilt N=240 entries (k_skip=100% k_keep=0%; curmap=19 map_size=21x16; rebuild #6 since boot)
[12:02:20] [info] gameloop: iter 2 ticks=92371 mapno=-1
[12:02:20] [info] gameloop: iter 3 ticks=92454 mapno=-1
[12:02:20] [info] flip-probe: flip #1760 ok=true present=3ms inter_flip_ms=41 drawcalls-since-flip=135 drawcalls-total=107401 fail-total=0 null-skips-total=0
[12:02:20] [info] flip-probe: flip #1770 ok=true present=3ms inter_flip_ms=39 drawcalls-since-flip=121 drawcalls-total=108585 fail-total=0 null-skips-total=0
[12:02:20] [error] Pixtone::play: sound slot 24 not rendered
[12:02:21] [error] Pixtone::play: sound slot 15 not rendered
[12:02:21] [info] flip-probe: flip #1780 ok=true present=3ms inter_flip_ms=39 drawcalls-since-flip=121 drawcalls-total=109795 fail-total=0 null-skips-total=0
[12:02:21] [error] Pixtone::play: sound slot 32 not rendered
[12:02:21] [info] flip-probe: flip #1790 ok=true present=3ms inter_flip_ms=45 drawcalls-since-flip=123 drawcalls-total=111007 fail-total=0 null-skips-total=0
[12:02:21] [error] Pixtone::play: sound slot 32 not rendered
[12:02:22] [info] flip-probe: flip #1800 ok=true present=3ms inter_flip_ms=39 drawcalls-since-flip=122 drawcalls-total=112240 fail-total=0 null-skips-total=0
[12:02:22] [info] alpha audit block 0: 10774 total drawcalls, 0 with alpha<255 (block pct_x10=0; global 0/102055 pct_x10=0); alpha-mod skipped: block=0 global=0
[12:02:22] [info] fastpath audit block 0: taken=10774 (idx8=10774) skipped=0 pct_x10=1000; global taken=102055 (idx8=102055) skipped=0 pct_x10=1000
[12:02:22] [info] primitive tally block 0: clear=201(hr=201) fill=0(hr=0) rect=0(hr=0) line=0(hr=0) tint=0 spotlight=0 (over 100 flips ending at flip 1800)
[12:02:22] [info] color/alpha audit block 0: cmod_white=588 cmod_black=588 (idx=588) cmod_general=0 (idx=0) cmod_fb=0; alpha_taken=0 alpha_skipped=0 (global cmod=9414/7908/693/0 idx=7908/693 alpha=0/0)
[12:02:22] [info] phase timing block 0: drawcalls=12200 dc_total_ms=1253 flip_inner_total_ms=390 inter_flip_total_ms=5642 (per-flip avg x10: dc_ms=125 fi_ms=39 if_ms=564 derived audio+engine_ms=400; per-drawcall avg us_x10=1027) [direct-vesa: presents=100 total_ms=273 avg_ms_x10=27 failed=0] [ablation: NO_DC_TIMING=0 CACHE_WINSURF=0 DIRECT_VESA=1]
[12:02:22] [info] kbd/audio block 0: kbd_irq=0 kbd_drain=0 ring_chunks=16 pump_pass=3740 pic1_mask=0xb8 first_irq_ticks=0 install_ticks=0 vector_at_install=0x0083e400 pic1_mask_live=0xb8 kbd_8042_stat=0x34 bios_kbd_head=0x0024 bios_kbd_tail=0x0024 bios_kbd_buf0=0x1265
[12:02:22] [info] dirty-rect block @flip=1800: total_calls=0 dirty_rects_avg=1 dirty_pct_x10=1000 forced_full=0 first_n_force=0 threshold_exceeded=0 dirty_path_taken=0 full_flush_taken=0
[12:02:22] [info] prev-frame-diff block @flip=1800: diff_calls=0 diff_rects_avg=0 diff_dirty_pct_x10=0 bbox_pct_x10=0 bbox_thresh_exceeded=0
[12:02:22] [error] Pixtone::play: sound slot 23 not rendered
[12:02:22] [error] Pixtone::play: sound slot 32 not rendered
[12:02:22] [error] Pixtone::play: sound slot 24 not rendered
[12:02:22] [info] flip-probe: flip #1810 ok=true present=3ms inter_flip_ms=39 drawcalls-since-flip=123 drawcalls-total=113458 fail-total=0 null-skips-total=0
[12:02:22] [error] Pixtone::play: sound slot 24 not rendered
[12:02:22] [error] Pixtone::play: sound slot 24 not rendered
[12:02:23] [info] flip-probe: flip #1820 ok=true present=3ms inter_flip_ms=38 drawcalls-since-flip=121 drawcalls-total=114676 fail-total=0 null-skips-total=0
[12:02:23] [error] Pixtone::play: sound slot 24 not rendered
[12:02:23] [error] Pixtone::play: sound slot 24 not rendered
[12:02:23] [info] flip-probe: flip #1830 ok=true present=3ms inter_flip_ms=40 drawcalls-since-flip=121 drawcalls-total=115886 fail-total=0 null-skips-total=0
[12:02:23] [error] Pixtone::play: sound slot 24 not rendered
[12:02:23] [error] Pixtone::play: sound slot 24 not rendered
[12:02:23] [info] flip-probe: flip #1840 ok=true present=3ms inter_flip_ms=39 drawcalls-since-flip=121 drawcalls-total=117096 fail-total=0 null-skips-total=0
[12:02:24] [info] flip-probe: flip #1850 ok=true present=3ms inter_flip_ms=39 drawcalls-since-flip=121 drawcalls-total=118306 fail-total=0 null-skips-total=0
[12:02:24] [error] Pixtone::play: sound slot 24 not rendered
[12:02:24] [error] Pixtone::play: sound slot 24 not rendered
[12:02:24] [error] Pixtone::play: sound slot 11 not rendered
[12:02:24] [info] flip-probe: flip #1860 ok=true present=3ms inter_flip_ms=59 drawcalls-since-flip=318 drawcalls-total=119863 fail-total=0 null-skips-total=0
[12:02:24] [info] tas: stall frame 283 ms -> contributing 1 tick (patch 0286)
[12:02:25] [info]  >> Entering stage 11: 'Mimiga Village'.
[12:02:25] [info] [skip-sheet-flush] cave=9
[12:02:26] [info] [load-stage] preloading entry music song=9 (cave=9)
[12:02:26] [info] gameloop: entered (curmap=11, running=1)
[12:02:26] [info] gameloop: iter 1 ticks=98589 mapno=-1
[12:02:26] [info] mds-clear-lut: rebuilt N=240 entries (k_skip=0% k_keep=100%; curmap=11 map_size=60x60; rebuild #7 since boot)
[12:02:26] [info] gameloop: iter 2 ticks=98681 mapno=-1
[12:02:26] [info] flip-probe: flip #1870 ok=true present=3ms inter_flip_ms=96 drawcalls-since-flip=384 drawcalls-total=123823 fail-total=0 null-skips-total=0
[12:02:26] [info] gameloop: iter 3 ticks=98783 mapno=-1
[12:02:26] [info] backdrop cache: thrashing-detect engaged (streak=4, route=direct)
[12:02:26] [info] flip-probe: flip #1880 ok=true present=3ms inter_flip_ms=38 drawcalls-since-flip=42 drawcalls-total=125541 fail-total=0 null-skips-total=0
[12:02:27] [error] Pixtone::play: sound slot 32 not rendered
[12:02:27] [error] Pixtone::play: sound slot 24 not rendered
[12:02:27] [error] Pixtone::play: sound slot 32 not rendered
[12:02:27] [error] Pixtone::play: sound slot 24 not rendered
[12:02:27] [info] flip-probe: flip #1890 ok=true present=3ms inter_flip_ms=42 drawcalls-since-flip=45 drawcalls-total=125983 fail-total=0 null-skips-total=0
[12:02:27] [error] Pixtone::play: sound slot 32 not rendered
[12:02:27] [error] Pixtone::play: sound slot 24 not rendered
[12:02:27] [error] Pixtone::play: sound slot 24 not rendered
[12:02:27] [info] flip-probe: flip #1900 ok=true present=3ms inter_flip_ms=41 drawcalls-since-flip=41 drawcalls-total=126414 fail-total=0 null-skips-total=0
[12:02:27] [info] alpha audit block 0: 12842 total drawcalls, 0 with alpha<255 (block pct_x10=0; global 0/114897 pct_x10=0); alpha-mod skipped: block=0 global=0
[12:02:27] [info] fastpath audit block 0: taken=12842 (idx8=12842) skipped=0 pct_x10=1000; global taken=114897 (idx8=114897) skipped=0 pct_x10=1000
[12:02:27] [info] primitive tally block 0: clear=201(hr=201) fill=0(hr=0) rect=0(hr=0) line=0(hr=0) tint=0 spotlight=0 (over 100 flips ending at flip 1900)
[12:02:27] [info] color/alpha audit block 0: cmod_white=1232 cmod_black=1232 (idx=1232) cmod_general=0 (idx=0) cmod_fb=0; alpha_taken=0 alpha_skipped=0 (global cmod=10646/9140/693/0 idx=9140/693 alpha=0/0)
[12:02:27] [info] phase timing block 0: drawcalls=15578 dc_total_ms=1484 flip_inner_total_ms=602 inter_flip_total_ms=5741 (per-flip avg x10: dc_ms=148 fi_ms=60 if_ms=574 derived audio+engine_ms=366; per-drawcall avg us_x10=953) [direct-vesa: presents=100 total_ms=273 avg_ms_x10=27 failed=0] [ablation: NO_DC_TIMING=0 CACHE_WINSURF=0 DIRECT_VESA=1]
[12:02:27] [info] kbd/audio block 0: kbd_irq=0 kbd_drain=0 ring_chunks=16 pump_pass=3974 pic1_mask=0xb8 first_irq_ticks=0 install_ticks=0 vector_at_install=0x0083e400 pic1_mask_live=0xb8 kbd_8042_stat=0x34 bios_kbd_head=0x0024 bios_kbd_tail=0x0024 bios_kbd_buf0=0x1265
[12:02:27] [info] dirty-rect block @flip=1900: total_calls=0 dirty_rects_avg=1 dirty_pct_x10=1000 forced_full=0 first_n_force=0 threshold_exceeded=0 dirty_path_taken=0 full_flush_taken=0
[12:02:27] [info] prev-frame-diff block @flip=1900: diff_calls=0 diff_rects_avg=0 diff_dirty_pct_x10=0 bbox_pct_x10=0 bbox_thresh_exceeded=0
[12:02:27] [error] Pixtone::play: sound slot 24 not rendered
[12:02:28] [error] Pixtone::play: sound slot 15 not rendered
[12:02:28] [info] flip-probe: flip #1910 ok=true present=3ms inter_flip_ms=41 drawcalls-since-flip=42 drawcalls-total=126832 fail-total=0 null-skips-total=0
[12:02:28] [info] flip-probe: flip #1920 ok=true present=3ms inter_flip_ms=41 drawcalls-since-flip=44 drawcalls-total=127262 fail-total=0 null-skips-total=0
[12:02:29] [info] flip-probe: flip #1930 ok=true present=3ms inter_flip_ms=41 drawcalls-since-flip=42 drawcalls-total=127689 fail-total=0 null-skips-total=0
[12:02:29] [info] backdrop cache: thrashing-detect engaged (streak=64, route=direct)
[12:02:29] [info] flip-probe: flip #1940 ok=true present=3ms inter_flip_ms=41 drawcalls-since-flip=45 drawcalls-total=128118 fail-total=0 null-skips-total=0
[12:02:30] [info] flip-probe: flip #1950 ok=true present=3ms inter_flip_ms=41 drawcalls-since-flip=44 drawcalls-total=128563 fail-total=0 null-skips-total=0
[12:02:30] [error] Pixtone::play: sound slot 23 not rendered
[12:02:30] [info] flip-probe: flip #1960 ok=true present=3ms inter_flip_ms=41 drawcalls-since-flip=43 drawcalls-total=129001 fail-total=0 null-skips-total=0
[12:02:30] [error] Pixtone::play: sound slot 24 not rendered
[12:02:30] [error] Pixtone::play: sound slot 24 not rendered
[12:02:30] [info] flip-probe: flip #1970 ok=true present=3ms inter_flip_ms=40 drawcalls-since-flip=43 drawcalls-total=129431 fail-total=0 null-skips-total=0
[12:02:31] [info] flip-probe: flip #1980 ok=true present=3ms inter_flip_ms=41 drawcalls-since-flip=42 drawcalls-total=129858 fail-total=0 null-skips-total=0
[12:02:31] [info] flip-probe: flip #1990 ok=true present=3ms inter_flip_ms=38 drawcalls-since-flip=16 drawcalls-total=130226 fail-total=0 null-skips-total=0
[12:02:31] [info] backdrop cache: thrashing-detect engaged (streak=124, route=direct)
[12:02:31] [error] Pixtone::play: sound slot 23 not rendered
[12:02:31] [error] Pixtone::play: sound slot 24 not rendered
[12:02:32] [info] flip-probe: flip #2000 ok=true present=3ms inter_flip_ms=42 drawcalls-since-flip=16 drawcalls-total=130386 fail-total=0 null-skips-total=0
[12:02:32] [info] alpha audit block 0: 2728 total drawcalls, 0 with alpha<255 (block pct_x10=0; global 0/117625 pct_x10=0); alpha-mod skipped: block=0 global=0
[12:02:32] [info] fastpath audit block 0: taken=2728 (idx8=2728) skipped=0 pct_x10=1000; global taken=117625 (idx8=117625) skipped=0 pct_x10=1000
[12:02:32] [info] primitive tally block 0: clear=200(hr=200) fill=0(hr=0) rect=0(hr=0) line=0(hr=0) tint=0 spotlight=0 (over 100 flips ending at flip 2000)
[12:02:32] [info] color/alpha audit block 0: cmod_white=1144 cmod_black=1144 (idx=1144) cmod_general=0 (idx=0) cmod_fb=0; alpha_taken=0 alpha_skipped=0 (global cmod=11790/10284/693/0 idx=10284/693 alpha=0/0)
[12:02:32] [info] phase timing block 0: drawcalls=5216 dc_total_ms=731 flip_inner_total_ms=384 inter_flip_total_ms=4226 (per-flip avg x10: dc_ms=73 fi_ms=38 if_ms=422 derived audio+engine_ms=311; per-drawcall avg us_x10=1402) [direct-vesa: presents=100 total_ms=273 avg_ms_x10=27 failed=0] [ablation: NO_DC_TIMING=0 CACHE_WINSURF=0 DIRECT_VESA=1]
[12:02:32] [info] kbd/audio block 0: kbd_irq=0 kbd_drain=0 ring_chunks=16 pump_pass=4186 pic1_mask=0xb8 first_irq_ticks=0 install_ticks=0 vector_at_install=0x0083e400 pic1_mask_live=0xb8 kbd_8042_stat=0x34 bios_kbd_head=0x0024 bios_kbd_tail=0x0024 bios_kbd_buf0=0x1265
[12:02:32] [info] dirty-rect block @flip=2000: total_calls=0 dirty_rects_avg=1 dirty_pct_x10=1000 forced_full=0 first_n_force=0 threshold_exceeded=0 dirty_path_taken=0 full_flush_taken=0
[12:02:32] [info] prev-frame-diff block @flip=2000: diff_calls=0 diff_rects_avg=0 diff_dirty_pct_x10=0 bbox_pct_x10=0 bbox_thresh_exceeded=0
[12:02:32] [error] Pixtone::play: sound slot 24 not rendered
[12:02:32] [error] Pixtone::play: sound slot 24 not rendered
[12:02:32] [error] Pixtone::play: sound slot 15 not rendered
[12:02:32] [info] flip-probe: flip #2010 ok=true present=3ms inter_flip_ms=36 drawcalls-since-flip=17 drawcalls-total=130556 fail-total=0 null-skips-total=0
[12:02:32] [error] Pixtone::play: sound slot 32 not rendered
[12:02:32] [info] flip-probe: flip #2020 ok=true present=3ms inter_flip_ms=45 drawcalls-since-flip=19 drawcalls-total=130728 fail-total=0 null-skips-total=0
[12:02:33] [error] Pixtone::play: sound slot 32 not rendered
[12:02:33] [error] Pixtone::play: sound slot 32 not rendered
[12:02:33] [info] flip-probe: flip #2030 ok=true present=3ms inter_flip_ms=44 drawcalls-since-flip=18 drawcalls-total=130909 fail-total=0 null-skips-total=0
[12:02:33] [error] Pixtone::play: sound slot 23 not rendered
[12:02:33] [error] Pixtone::play: sound slot 24 not rendered
[12:02:33] [error] Pixtone::play: sound slot 24 not rendered
[12:02:33] [info] flip-probe: flip #2040 ok=true present=3ms inter_flip_ms=258 drawcalls-since-flip=14 drawcalls-total=131067 fail-total=0 null-skips-total=0
[12:02:33] [info] tas: stall frame 264 ms -> contributing 1 tick (patch 0286)
[12:02:34] [error] Pixtone::play: sound slot 24 not rendered
[12:02:34] [info] flip-probe: flip #2050 ok=true present=3ms inter_flip_ms=35 drawcalls-since-flip=14 drawcalls-total=131207 fail-total=0 null-skips-total=0
[12:02:34] [error] Pixtone::play: sound slot 24 not rendered
[12:02:34] [info] backdrop cache: thrashing-detect engaged (streak=184, route=direct)
[12:02:34] [error] Pixtone::play: sound slot 11 not rendered
[12:02:34] [info] flip-probe: flip #2060 ok=true present=3ms inter_flip_ms=74 drawcalls-since-flip=352 drawcalls-total=132455 fail-total=0 null-skips-total=0
[12:02:35] [info]  >> Entering stage 14: 'Shack'.
[12:02:35] [info] [skip-sheet-flush] cave=10
[12:02:35] [info] [load-stage] preloading entry music song=8 (cave=10)
[12:02:35] [info] [music-dispatch] tick=4328 song=8 (prev 9)
[12:02:35] [info] gameloop: entered (curmap=14, running=1)
[12:02:35] [info] gameloop: iter 1 ticks=108247 mapno=-1
[12:02:35] [info] gameloop: iter 2 ticks=108317 mapno=-1
[12:02:36] [info] gameloop: iter 3 ticks=108390 mapno=-1
[12:02:36] [info] flip-probe: flip #2070 ok=true present=3ms inter_flip_ms=68 drawcalls-since-flip=365 drawcalls-total=135708 fail-total=0 null-skips-total=0
[12:02:36] [info] flip-probe: flip #2080 ok=true present=3ms inter_flip_ms=27 drawcalls-since-flip=13 drawcalls-total=136702 fail-total=0 null-skips-total=0
[12:02:36] [info] flip-probe: flip #2090 ok=true present=3ms inter_flip_ms=30 drawcalls-since-flip=23 drawcalls-total=136932 fail-total=0 null-skips-total=0
[12:02:36] [error] Pixtone::play: sound slot 24 not rendered
[12:02:37] [error] Pixtone::play: sound slot 15 not rendered
[12:02:37] [info] flip-probe: flip #2100 ok=true present=3ms inter_flip_ms=28 drawcalls-since-flip=23 drawcalls-total=137162 fail-total=0 null-skips-total=0
[12:02:37] [info] alpha audit block 0: 6536 total drawcalls, 0 with alpha<255 (block pct_x10=0; global 0/124161 pct_x10=0); alpha-mod skipped: block=0 global=0
[12:02:37] [info] fastpath audit block 0: taken=6536 (idx8=6536) skipped=0 pct_x10=1000; global taken=124161 (idx8=124161) skipped=0 pct_x10=1000
[12:02:37] [info] primitive tally block 0: clear=201(hr=201) fill=0(hr=0) rect=0(hr=0) line=0(hr=0) tint=0 spotlight=0 (over 100 flips ending at flip 2100)
[12:02:37] [info] color/alpha audit block 0: cmod_white=175 cmod_black=175 (idx=175) cmod_general=0 (idx=0) cmod_fb=0; alpha_taken=0 alpha_skipped=0 (global cmod=11965/10459/693/0 idx=10459/693 alpha=0/0)
[12:02:37] [info] phase timing block 0: drawcalls=7087 dc_total_ms=909 flip_inner_total_ms=391 inter_flip_total_ms=5121 (per-flip avg x10: dc_ms=90 fi_ms=39 if_ms=512 derived audio+engine_ms=383; per-drawcall avg us_x10=1282) [direct-vesa: presents=100 total_ms=272 avg_ms_x10=27 failed=0] [ablation: NO_DC_TIMING=0 CACHE_WINSURF=0 DIRECT_VESA=1]
[12:02:37] [info] kbd/audio block 0: kbd_irq=0 kbd_drain=0 ring_chunks=16 pump_pass=4394 pic1_mask=0xb8 first_irq_ticks=0 install_ticks=0 vector_at_install=0x0083e400 pic1_mask_live=0xb8 kbd_8042_stat=0x34 bios_kbd_head=0x0024 bios_kbd_tail=0x0024 bios_kbd_buf0=0x1265
[12:02:37] [info] dirty-rect block @flip=2100: total_calls=0 dirty_rects_avg=1 dirty_pct_x10=1000 forced_full=0 first_n_force=0 threshold_exceeded=0 dirty_path_taken=0 full_flush_taken=0
[12:02:37] [info] prev-frame-diff block @flip=2100: diff_calls=0 diff_rects_avg=0 diff_dirty_pct_x10=0 bbox_pct_x10=0 bbox_thresh_exceeded=0
[12:02:37] [error] Pixtone::play: sound slot 32 not rendered
[12:02:37] [info] flip-probe: flip #2110 ok=true present=3ms inter_flip_ms=31 drawcalls-since-flip=25 drawcalls-total=137396 fail-total=0 null-skips-total=0
[12:02:37] [error] Pixtone::play: sound slot 32 not rendered
[12:02:37] [error] Pixtone::play: sound slot 32 not rendered
[12:02:37] [info] flip-probe: flip #2120 ok=true present=3ms inter_flip_ms=39 drawcalls-since-flip=28 drawcalls-total=137653 fail-total=0 null-skips-total=0
[12:02:38] [info] flip-probe: flip #2130 ok=true present=2ms inter_flip_ms=29 drawcalls-since-flip=24 drawcalls-total=137906 fail-total=0 null-skips-total=0
[12:02:38] [error] Pixtone::play: sound slot 23 not rendered
[12:02:38] [error] Pixtone::play: sound slot 24 not rendered
[12:02:38] [info] flip-probe: flip #2140 ok=true present=3ms inter_flip_ms=37 drawcalls-since-flip=23 drawcalls-total=138137 fail-total=0 null-skips-total=0
[12:02:38] [error] Pixtone::play: sound slot 24 not rendered
[12:02:38] [info] flip-probe: flip #2150 ok=true present=3ms inter_flip_ms=28 drawcalls-since-flip=23 drawcalls-total=138367 fail-total=0 null-skips-total=0
[12:02:38] [error] Pixtone::play: sound slot 24 not rendered
[12:02:39] [error] Pixtone::play: sound slot 24 not rendered
[12:02:39] [info] flip-probe: flip #2160 ok=true present=3ms inter_flip_ms=37 drawcalls-since-flip=23 drawcalls-total=138597 fail-total=0 null-skips-total=0
[12:02:39] [info] run_tick_fixed #4500: heartbeat (loop alive)
[12:02:39] [error] Pixtone::play: sound slot 24 not rendered
[12:02:39] [info] flip-probe: flip #2170 ok=true present=3ms inter_flip_ms=30 drawcalls-since-flip=23 drawcalls-total=138827 fail-total=0 null-skips-total=0
[12:02:39] [error] Pixtone::play: sound slot 24 not rendered
[12:02:39] [error] Pixtone::play: sound slot 24 not rendered
[12:02:39] [info] flip-probe: flip #2180 ok=true present=3ms inter_flip_ms=29 drawcalls-since-flip=23 drawcalls-total=139057 fail-total=0 null-skips-total=0
[12:02:40] [info] flip-probe: flip #2190 ok=true present=3ms inter_flip_ms=27 drawcalls-since-flip=13 drawcalls-total=139237 fail-total=0 null-skips-total=0
[12:02:40] [error] Pixtone::play: sound slot 24 not rendered
[12:02:40] [info] flip-probe: flip #2200 ok=true present=3ms inter_flip_ms=29 drawcalls-since-flip=13 drawcalls-total=139367 fail-total=0 null-skips-total=0
[12:02:40] [info] alpha audit block 0: 1780 total drawcalls, 0 with alpha<255 (block pct_x10=0; global 0/125941 pct_x10=0); alpha-mod skipped: block=0 global=0
[12:02:40] [info] fastpath audit block 0: taken=1780 (idx8=1780) skipped=0 pct_x10=1000; global taken=125941 (idx8=125941) skipped=0 pct_x10=1000
[12:02:40] [info] primitive tally block 0: clear=200(hr=200) fill=0(hr=0) rect=0(hr=0) line=0(hr=0) tint=0 spotlight=0 (over 100 flips ending at flip 2200)
[12:02:40] [info] color/alpha audit block 0: cmod_white=425 cmod_black=425 (idx=425) cmod_general=0 (idx=0) cmod_fb=0; alpha_taken=0 alpha_skipped=0 (global cmod=12390/10884/693/0 idx=10884/693 alpha=0/0)
[12:02:40] [info] phase timing block 0: drawcalls=2830 dc_total_ms=559 flip_inner_total_ms=378 inter_flip_total_ms=3164 (per-flip avg x10: dc_ms=55 fi_ms=37 if_ms=316 derived audio+engine_ms=224; per-drawcall avg us_x10=1976) [direct-vesa: presents=100 total_ms=272 avg_ms_x10=27 failed=0] [ablation: NO_DC_TIMING=0 CACHE_WINSURF=0 DIRECT_VESA=1]
[12:02:40] [info] kbd/audio block 0: kbd_irq=0 kbd_drain=0 ring_chunks=16 pump_pass=4553 pic1_mask=0xb8 first_irq_ticks=0 install_ticks=0 vector_at_install=0x0083e400 pic1_mask_live=0xb8 kbd_8042_stat=0x34 bios_kbd_head=0x0024 bios_kbd_tail=0x0024 bios_kbd_buf0=0x1265
[12:02:40] [info] dirty-rect block @flip=2200: total_calls=0 dirty_rects_avg=1 dirty_pct_x10=1000 forced_full=0 first_n_force=0 threshold_exceeded=0 dirty_path_taken=0 full_flush_taken=0
[12:02:40] [info] prev-frame-diff block @flip=2200: diff_calls=0 diff_rects_avg=0 diff_dirty_pct_x10=0 bbox_pct_x10=0 bbox_thresh_exceeded=0
[12:02:40] [error] Pixtone::play: sound slot 24 not rendered
[12:02:40] [error] Pixtone::play: sound slot 24 not rendered
[12:02:40] [info] flip-probe: flip #2210 ok=true present=3ms inter_flip_ms=29 drawcalls-since-flip=13 drawcalls-total=139497 fail-total=0 null-skips-total=0
[12:02:40] [error] Pixtone::play: sound slot 11 not rendered
[12:02:41] [info] flip-probe: flip #2220 ok=true present=3ms inter_flip_ms=64 drawcalls-since-flip=331 drawcalls-total=140639 fail-total=0 null-skips-total=0
[12:02:41] [info]  >> Entering stage 11: 'Mimiga Village'.
[12:02:41] [info] [skip-sheet-flush] cave=11
[12:02:42] [info] [load-stage] preloading entry music song=9 (cave=11)
[12:02:42] [info] [music-dispatch] tick=4609 song=9 (prev 8)
[12:02:42] [info] gameloop: entered (curmap=11, running=1)
[12:02:42] [info] gameloop: iter 1 ticks=114678 mapno=-1
[12:02:42] [info] gameloop: iter 2 ticks=114766 mapno=-1
[12:02:42] [info] gameloop: iter 3 ticks=114852 mapno=-1
[12:02:42] [info] flip-probe: flip #2230 ok=true present=3ms inter_flip_ms=87 drawcalls-since-flip=382 drawcalls-total=143945 fail-total=0 null-skips-total=0
[12:02:42] [info] backdrop cache: thrashing-detect engaged (streak=4, route=direct)
[12:02:43] [info] flip-probe: flip #2240 ok=true present=3ms inter_flip_ms=41 drawcalls-since-flip=40 drawcalls-total=144931 fail-total=0 null-skips-total=0
[12:02:43] [error] Pixtone::play: sound slot 24 not rendered
[12:02:43] [error] Pixtone::play: sound slot 24 not rendered
[12:02:43] [error] Pixtone::play: sound slot 15 not rendered
[12:02:43] [info] flip-probe: flip #2250 ok=true present=3ms inter_flip_ms=40 drawcalls-since-flip=42 drawcalls-total=145338 fail-total=0 null-skips-total=0
[12:02:44] [info] flip-probe: flip #2260 ok=true present=3ms inter_flip_ms=39 drawcalls-since-flip=43 drawcalls-total=145765 fail-total=0 null-skips-total=0
[12:02:44] [error] Pixtone::play: sound slot 32 not rendered
[12:02:44] [info] flip-probe: flip #2270 ok=true present=3ms inter_flip_ms=41 drawcalls-since-flip=45 drawcalls-total=146201 fail-total=0 null-skips-total=0
[12:02:44] [error] Pixtone::play: sound slot 32 not rendered
[12:02:44] [error] Pixtone::play: sound slot 32 not rendered
[12:02:44] [info] flip-probe: flip #2280 ok=true present=3ms inter_flip_ms=41 drawcalls-since-flip=45 drawcalls-total=146663 fail-total=0 null-skips-total=0
[12:02:45] [error] Pixtone::play: sound slot 15 not rendered
[12:02:45] [info] flip-probe: flip #2290 ok=true present=3ms inter_flip_ms=40 drawcalls-since-flip=42 drawcalls-total=147087 fail-total=0 null-skips-total=0
[12:02:45] [info] backdrop cache: thrashing-detect engaged (streak=64, route=direct)
[12:02:45] [info] flip-probe: flip #2300 ok=true present=3ms inter_flip_ms=40 drawcalls-since-flip=42 drawcalls-total=147507 fail-total=0 null-skips-total=0
[12:02:45] [info] alpha audit block 0: 7104 total drawcalls, 0 with alpha<255 (block pct_x10=0; global 0/133045 pct_x10=0); alpha-mod skipped: block=0 global=0
[12:02:45] [info] fastpath audit block 0: taken=7104 (idx8=7104) skipped=0 pct_x10=1000; global taken=133045 (idx8=133045) skipped=0 pct_x10=1000
[12:02:45] [info] primitive tally block 0: clear=201(hr=201) fill=0(hr=0) rect=0(hr=0) line=0(hr=0) tint=0 spotlight=0 (over 100 flips ending at flip 2300)
[12:02:45] [info] color/alpha audit block 0: cmod_white=962 cmod_black=962 (idx=962) cmod_general=0 (idx=0) cmod_fb=0; alpha_taken=0 alpha_skipped=0 (global cmod=13352/11846/693/0 idx=11846/693 alpha=0/0)
[12:02:45] [info] phase timing block 0: drawcalls=9234 dc_total_ms=1064 flip_inner_total_ms=379 inter_flip_total_ms=5284 (per-flip avg x10: dc_ms=106 fi_ms=37 if_ms=528 derived audio+engine_ms=385; per-drawcall avg us_x10=1152) [direct-vesa: presents=100 total_ms=272 avg_ms_x10=27 failed=0] [ablation: NO_DC_TIMING=0 CACHE_WINSURF=0 DIRECT_VESA=1]
[12:02:45] [info] kbd/audio block 0: kbd_irq=0 kbd_drain=0 ring_chunks=16 pump_pass=4776 pic1_mask=0xb8 first_irq_ticks=0 install_ticks=0 vector_at_install=0x0083e400 pic1_mask_live=0xb8 kbd_8042_stat=0x34 bios_kbd_head=0x0024 bios_kbd_tail=0x0024 bios_kbd_buf0=0x1265
[12:02:45] [info] dirty-rect block @flip=2300: total_calls=0 dirty_rects_avg=1 dirty_pct_x10=1000 forced_full=0 first_n_force=0 threshold_exceeded=0 dirty_path_taken=0 full_flush_taken=0
[12:02:45] [info] prev-frame-diff block @flip=2300: diff_calls=0 diff_rects_avg=0 diff_dirty_pct_x10=0 bbox_pct_x10=0 bbox_thresh_exceeded=0
[12:02:45] [error] Pixtone::play: sound slot 32 not rendered
[12:02:45] [error] Pixtone::play: sound slot 28 not rendered
[12:02:46] [error] Pixtone::play: sound slot 23 not rendered
[12:02:46] [info] flip-probe: flip #2310 ok=true present=2ms inter_flip_ms=47 drawcalls-since-flip=44 drawcalls-total=147956 fail-total=0 null-skips-total=0
[12:02:46] [error] Pixtone::play: sound slot 24 not rendered
[12:02:46] [error] Pixtone::play: sound slot 24 not rendered
[12:02:46] [info] flip-probe: flip #2320 ok=true present=3ms inter_flip_ms=40 drawcalls-since-flip=44 drawcalls-total=148396 fail-total=0 null-skips-total=0
[12:02:46] [error] Pixtone::play: sound slot 24 not rendered
[12:02:46] [error] Pixtone::play: sound slot 24 not rendered
[12:02:46] [error] Pixtone::play: sound slot 24 not rendered
[12:02:47] [info] flip-probe: flip #2330 ok=true present=2ms inter_flip_ms=48 drawcalls-since-flip=44 drawcalls-total=148836 fail-total=0 null-skips-total=0
[12:02:47] [error] Pixtone::play: sound slot 24 not rendered
[12:02:47] [error] Pixtone::play: sound slot 24 not rendered
[12:02:47] [info] flip-probe: flip #2340 ok=true present=3ms inter_flip_ms=50 drawcalls-since-flip=46 drawcalls-total=149285 fail-total=0 null-skips-total=0
[12:02:47] [error] Pixtone::play: sound slot 24 not rendered
[12:02:47] [error] Pixtone::play: sound slot 24 not rendered
[12:02:47] [info] flip-probe: flip #2350 ok=true present=3ms inter_flip_ms=38 drawcalls-since-flip=18 drawcalls-total=149632 fail-total=0 null-skips-total=0
[12:02:47] [error] Pixtone::play: sound slot 24 not rendered
[12:02:47] [info] backdrop cache: thrashing-detect engaged (streak=124, route=direct)
[12:02:48] [info] flip-probe: flip #2360 ok=true present=3ms inter_flip_ms=38 drawcalls-since-flip=17 drawcalls-total=149805 fail-total=0 null-skips-total=0
[12:02:48] [error] Pixtone::play: sound slot 24 not rendered
[12:02:48] [info] flip-probe: flip #2370 ok=true present=3ms inter_flip_ms=37 drawcalls-since-flip=17 drawcalls-total=149975 fail-total=0 null-skips-total=0
[12:02:49] [info] flip-probe: flip #2380 ok=true present=3ms inter_flip_ms=37 drawcalls-since-flip=18 drawcalls-total=150154 fail-total=0 null-skips-total=0
[12:02:49] [info] backdrop cache: thrashing-detect engaged (streak=4, route=direct)
[12:02:49] [info] flip-probe: flip #2390 ok=true present=2ms inter_flip_ms=38 drawcalls-since-flip=19 drawcalls-total=150343 fail-total=0 null-skips-total=0
[12:02:49] [info] flip-probe: flip #2400 ok=true present=3ms inter_flip_ms=38 drawcalls-since-flip=19 drawcalls-total=150542 fail-total=0 null-skips-total=0
[12:02:49] [info] alpha audit block 0: 2337 total drawcalls, 0 with alpha<255 (block pct_x10=0; global 0/135382 pct_x10=0); alpha-mod skipped: block=0 global=0
[12:02:49] [info] fastpath audit block 0: taken=2337 (idx8=2337) skipped=0 pct_x10=1000; global taken=135382 (idx8=135382) skipped=0 pct_x10=1000
[12:02:49] [info] primitive tally block 0: clear=200(hr=200) fill=0(hr=0) rect=0(hr=0) line=0(hr=0) tint=0 spotlight=0 (over 100 flips ending at flip 2400)
[12:02:49] [info] color/alpha audit block 0: cmod_white=598 cmod_black=598 (idx=598) cmod_general=0 (idx=0) cmod_fb=0; alpha_taken=0 alpha_skipped=0 (global cmod=13950/12444/693/0 idx=12444/693 alpha=0/0)
[12:02:49] [info] phase timing block 0: drawcalls=3738 dc_total_ms=661 flip_inner_total_ms=378 inter_flip_total_ms=4126 (per-flip avg x10: dc_ms=66 fi_ms=37 if_ms=412 derived audio+engine_ms=309; per-drawcall avg us_x10=1769) [direct-vesa: presents=100 total_ms=272 avg_ms_x10=27 failed=0] [ablation: NO_DC_TIMING=0 CACHE_WINSURF=0 DIRECT_VESA=1]
[12:02:49] [info] kbd/audio block 0: kbd_irq=0 kbd_drain=0 ring_chunks=16 pump_pass=4983 pic1_mask=0xb8 first_irq_ticks=0 install_ticks=0 vector_at_install=0x0083e400 pic1_mask_live=0xb8 kbd_8042_stat=0x34 bios_kbd_head=0x0024 bios_kbd_tail=0x0024 bios_kbd_buf0=0x1265
[12:02:49] [info] dirty-rect block @flip=2400: total_calls=0 dirty_rects_avg=1 dirty_pct_x10=1000 forced_full=0 first_n_force=0 threshold_exceeded=0 dirty_path_taken=0 full_flush_taken=0
[12:02:49] [info] prev-frame-diff block @flip=2400: diff_calls=0 diff_rects_avg=0 diff_dirty_pct_x10=0 bbox_pct_x10=0 bbox_thresh_exceeded=0
[12:02:50] [info] flip-probe: flip #2410 ok=true present=3ms inter_flip_ms=35 drawcalls-since-flip=18 drawcalls-total=150728 fail-total=0 null-skips-total=0
[12:02:50] [info] flip-probe: flip #2420 ok=true present=3ms inter_flip_ms=35 drawcalls-since-flip=18 drawcalls-total=150908 fail-total=0 null-skips-total=0
[12:02:50] [info] flip-probe: flip #2430 ok=true present=2ms inter_flip_ms=38 drawcalls-since-flip=18 drawcalls-total=151088 fail-total=0 null-skips-total=0
[12:02:51] [info] tas: stall frame 260 ms -> contributing 1 tick (patch 0286)
[12:02:51] [info] flip-probe: flip #2440 ok=true present=3ms inter_flip_ms=37 drawcalls-since-flip=18 drawcalls-total=151268 fail-total=0 null-skips-total=0
[12:02:51] [info] backdrop cache: thrashing-detect engaged (streak=64, route=direct)
[12:02:51] [info] flip-probe: flip #2450 ok=true present=3ms inter_flip_ms=37 drawcalls-since-flip=18 drawcalls-total=151448 fail-total=0 null-skips-total=0
[12:02:52] [info] flip-probe: flip #2460 ok=true present=3ms inter_flip_ms=37 drawcalls-since-flip=18 drawcalls-total=151628 fail-total=0 null-skips-total=0
[12:02:52] [info] run_tick_fixed #5100: heartbeat (loop alive)
[12:02:52] [info] flip-probe: flip #2470 ok=true present=3ms inter_flip_ms=39 drawcalls-since-flip=59 drawcalls-total=152054 fail-total=0 null-skips-total=0
[12:02:53] [info] flip-probe: flip #2480 ok=true present=3ms inter_flip_ms=39 drawcalls-since-flip=59 drawcalls-total=152644 fail-total=0 null-skips-total=0
[12:02:53] [error] Pixtone::play: sound slot 1 not rendered
[12:02:53] [info] flip-probe: flip #2490 ok=true present=3ms inter_flip_ms=39 drawcalls-since-flip=59 drawcalls-total=153234 fail-total=0 null-skips-total=0
[12:02:53] [info] tas: end-of-replay auto-exit at tick 5140 (recording exhausted; set DOSKUTSU_TAS_REPLAY_HOLD=1 to disable + observe steady-state past recording end)
[12:02:53] [info] Script engine shutdown.
[12:02:54] [info] Sound system shutdown
[12:02:54] [info] Renderer::Close()
[12:02:54] [info] tas: replay file closed
[12:02:54] [info] [fps-true] flips=2498 render_s=122 fps_mean=20.4 (clock-independent: flips / seconds since the FIRST flip; use THIS for the fps matrix, not inter_flip medians, which are invalid in any cell running the PIT/IRQ-0 music pump)
[RUNMANIFEST-BEGIN]
schema_version=2
environment=realhw
binary_sha12=UNKNOWN
binary_sha12_src=unknown
build_sha12=1f79ce20e4ee
organya_cache_key=1f79ce20e4ee
wave_tag=6P0
scene=
env_block_sha=3cb466e3547c
started_rtc_local=2026-11-21T09:52:13
duration_s=137
exit_code=0
fps_true_flips=2498
fps_true_render_s=122
reel_ticks=5140
reel_game_seconds=102.8
per_loop_fps=24.2
overhead_s=20
music_pump_active=0
cpu_vendor=GenuineIntel
cpu_have_cpuid=1
cpu_family=4
cpu_model=3
cpu_stepping=5
cpu_mhz_est=64
cpu_has_fpu=1
cpu_class=486_mid
audio_backend=none
video_logical_wxh=320x240
video_logical_bpp=8
video_vram_kb=4096
video_lfb_or_banked=lfb
audio_is_sb16=0
audio_dsp_ver=NA
audio_dma_path=8bit-low
audio_force_8bit=0
audio_dma_channel=-1
fps_p50=25.6
fps_p95=15.6
fps_sample_n=249
fps_sample_interval=10
pump_clock_state=no-pump
audio_vital_status=NA
regime=NA
banner_required_hit=0
banner_required_total=0
banner_forbidden_hit=0
banner_optional_hit=0
critical_count=0
warn_count=0
perstage_count=12
perstage_00=stage:72 ticks:95 flips:95 fps:50.0
perstage_01=stage:1005 ticks:80 flips:80 fps:50.0
perstage_02=stage:20 ticks:122 flips:72 fps:29.5
perstage_03=stage:11 ticks:456 flips:204 fps:22.3
perstage_04=stage:17 ticks:772 flips:269 fps:17.4
perstage_05=stage:11 ticks:546 flips:258 fps:23.6
perstage_06=stage:15 ticks:665 flips:342 fps:25.7
perstage_07=stage:11 ticks:894 flips:430 fps:24.0
perstage_08=stage:19 ticks:263 flips:117 fps:22.2
perstage_09=stage:11 ticks:435 flips:197 fps:22.6
perstage_10=stage:14 ticks:281 flips:161 fps:28.6
perstage_11=stage:11 ticks:531 flips:272 fps:25.6
[RUNMANIFEST-END]
[12:02:54] [info] [runmanifest-emit] schema=v2 env=realhw binary_sha12=UNKNOWN(unknown) build_sha12=1f79ce20e4ee per_loop_fps=24.2 overhead_s=20 pump=0 dur=137s tag='6P0' scene='' (signals=0x4)
