Logger::init: wave-53 log level=INFO path='LOGS/6P4.LOG'
[11:52:23] [info] config: loaded DOSKUTSU.CFG (3 keys)
[11:52:24] [info] [cpu-witness] vendor=GenuineIntel cpuid=1 family=4 model=3 stepping=5 mhz_est=64 fpu=1 class=486_mid (boot-time attestation of the running CPU; MHZ_486_LOOP_DIV=16400 mirrors SETUP)
[11:52:24] [info] tas: PRNG seed forced to 12345 via DOSKUTSU_TAS_PRNG_SEED
[11:52:24] [info] tas: auto-exit armed at tick 30000 via DOSKUTSU_TAS_AUTO_EXIT_TICK
[11:52:24] [info] tas: replay opened path='QA.TAS' header_seed=12345
[11:52:24] [info] data cache: DISABLED (default)
[11:52:24] [info] Joystick: skipped (default; set DOSKUTSU_USE_JOYSTICK=1 to enable -- skips SDL3-DOS gameport BIOS INT 15h polling, ~82 ms / flip on real HW)
[11:52:24] [info] Loading settings...
[11:52:24] [info] [input-bind] applied=0 invert_y=0 dos_axes=1
[11:52:25] [info] Renderer::initVideo: 8bpp mode requested via SDL_HINT_DOS_MAX_BPP=8 (wave 16); SDL3-DOS will pick the highest-bpp <= 8 mode at requested resolution
[11:52:25] [info] Renderer::initVideo: DOS resolution-label lock ENABLED (default)
[11:52:25] [info] center-oversized: not needed (surface matches the logical screen) surface=320x240 logical=320x240 offset=0,0
[11:52:25] [info] Renderer::initVideo: using: software renderer
[11:52:27] [info] Renderer::initVideo: dirty-rect tracking ENABLED (wave 15, default ON; set SDL_HINT_DOSKUTSU_DIRTY_RECTS=0 to disable)
[11:52:28] [info] Renderer::initVideo: ablation flags: NO_DC_TIMING=0 CACHE_WINSURF=0 NO_INPUT_POLL=0 DIRECT_VESA=1
[11:52:28] [info] Renderer::initVideo: direct-VESA hot path ENABLED (default since wave 20 patch 0088; bypasses SDL_RenderPresent / SDL_UpdateWindowSurface and writes via SDL/0034's PresentFull helper; R2 mitigation handled by SDL/0034 generation counter -- no per-N-flip heartbeat needed; set SDL_HINT_DOSKUTSU_DIRECT_VESA=0 to revert)
[11:52:28] [info] Renderer::initVideo: flip-phase instrumentation DISABLED (default; set SDL_HINT_DOSKUTSU_FLIP_INSTR=1 to opt in for wave-20 Lever A diagnostic)
[11:52:28] [info] Renderer::initVideo: asm opaque-span blit lever DISABLED (default; set SDL_HINT_DOSKUTSU_ASM_BLIT=1 to opt in -- wave-51 _blit_indexed colorkey-blit lever)
[11:52:28] [info] Renderer::initVideo: blit-decomp instrumentation DISABLED (default; set SDL_HINT_DOSKUTSU_BLIT_DECOMP=1 to opt in -- wave-51 _blit_indexed sub-decomp sizing)
[11:52:28] [info] Renderer::initVideo: mds-scroll-decomp instrumentation DISABLED (default; set SDL_HINT_DOSKUTSU_MDS_DECOMP=1 to opt in -- wave-52 mode_draw_scene scrolling-block decomp)
[11:52:28] [info] Renderer::initVideo: DOSVESA pump yield: skipped (default) (per-flip explicit SDL_Delay(0) yield is always on; set SDL_HINT_DOSKUTSU_FORCE_PUMP_YIELD=1 to restore old per-pump yield)
[11:52:28] [info] Renderer::initVideo: indexed-mode (8bpp) ENABLED -- master palette + 107 per-asset remap LUTs loaded (wave 16, default ON; set SDL_HINT_DOSKUTSU_PIXEL_FORMAT_8=0 to disable)
[11:52:28] [info] Renderer::initVideo: master palette attached to window surface (format=SDL_PIXELFORMAT_INDEX8, ncolors=256)
[11:52:28] [info] Renderer::initVideo: indexed-mode smoke: idx0=(0,0,0) OK idx255=(255,0,255) OK
[11:52:28] [info] Renderer::initVideo: indexed-mode smoke: paletteRemapFor('MyChar.pbm') = present
[11:52:28] [info] Surface::loadImage palmap-diag #1: 'data/Loading.pbm' fmt=SDL_PIXELFORMAT_ABGR8888 remap=HIT -> path=truecolor
[11:52:28] [info] Renderer: prev-frame diff DISABLED (default since wave 17.6; set SDL_HINT_DOSKUTSU_PREVFRAME_DIFF=1 to opt in)
[11:52:28] [info] flip-probe: renderer=software window_ptr=8826560 colorspace=301991328 window_size=320x240 framebuffer_pixels=320x240 logical_present=320x240 mode=2
[11:52:28] [info] flip-probe: first flip ok=true present=46ms inter_flip_ms=0 drawcalls-since-flip=1 drawcalls-total=1
[11:52:28] [info] Sound system init
[11:52:28] [info] Sound system: 4-state audio enable (#31) -- music=on sfx=on (MUSIC_OFF/AUDIO_BACKEND=none -> music-off; SFX_OFF/SFX_DEVICE=none -> sfx-off; both gates are dispatch-level, the device still opens; AUDIO_OFF=1 is the device-level both-off).
[11:52:29] [info] Sound system: Tier-2 audio config (default since wave 21 patch 0093; 11025 Hz, 1 channel, buffer pinned to 256 frames). Measured savings on g2k Pentium OverDrive 83 MHz (W21A): heavy-music scenes ~+11 fps vs Tier-1 baseline (measured -10 to -15 ms/flip post-0094 audio fix; W21A's pre-fix -26.6 ms figure was inflated by stereo-vs-mono playback bug, see patch 0094). Audio quality is reduced vs Tier-1 (mono, 11025 Hz, simple-average L+R downmix) but recognizable; user accepted the trade per direction 2026-05-05. Set SDL_HINT_DOSKUTSU_AUDIO_TIER2=0 to revert to Tier-1 22050 stereo (full Cave Story 2004 audio quality; trades fps for fidelity).
[11:52:29] [info] Sound system: SDL_HINT_AUDIO_DEVICE_SAMPLE_FRAMES=256
[11:52:29] [info] Pixtone IRQ rate-divider: handed master_rate=11025 int16/s (SAMPLE_RATE=11025 x AUDIO_CHANNELS=1) to SDL for auto-RATEDIV (SDL/0074 computes shift_div from the resolved device freq).
[11:52:29] [info] Sound system: device frame-rate: requesting 11025 Hz match to master (SDL_DOSAudioSetDeviceFrameRate; SB16 opens at the engine frame rate instead of SDL's 44100 floor -- 4x less PCM/s + no resampler on the Organya/Pixtone path; killswitch SDL_HINT_DOSKUTSU_DOS_AUDIO_DEVICE_RATE_DEFAULT=0).
[11:52:29] [info] audio backend: opl3 (Phase 10 Stage 4 -- concrete OPL3 FM synthesis backend via SDL/0037+ OPL3 helpers; MidiScheduler routes music dispatch through 18 x 2-op voice allocator + small inline patch bank). SoundManager::init will probe OPL3 via Adlib timer-1 sequence + fall back to organya gracefully if the chip is absent. Pixtone SFX still active on SB16 DAC.
[11:52:29] [info] wave-13.6.1: ring_chunks=16 FORCE_PUMP_YIELD=off (set SDL_HINT_DOSKUTSU_AUDIO_RING_CHUNKS=4|8|16 to override; default 16 matches wave 13.6 behaviour)
[11:52:29] [info] MidiScheduler: MIDI source = 'orgmid2' (native-GM org2mid set; resolves to data/orgmid2/<name>.mid).
[11:52:29] [info] opl3 backend probing for OPL3 chip (Adlib timer-1 sequence)...
[11:52:29] [info] opl3 backend: opl3bank.dat loaded 128 programs from 'data/opl3bank.dat' (v1; 1536 bytes payload). Per-program GM patches now use the runtime bank; programs >= 128 fall back to 8-patch family bucket. Drum channel (MIDI ch 9) unchanged (uses PATCH_DRUM regardless of bank loading).
[11:52:29] [info] opl3 backend ready (OPL3 detected via Adlib timer-1; InitChip applied 18 x 2-op layout; voice allocator armed). Patch bank state: runtime opl3bank.dat ACTIVE (loaded_count=128; programs >= loaded_count fall back to 8-patch placeholder covering GM family categories piano/mallet/organ/guitar/strings/brass/reed/pad). Phase 10.5 path: ship a fuller community bank as data/opl3bank.dat (DOPL3v1 format; 12-byte SBI records per GM program; loader at MidiBackendOpl3 ctor).
[11:52:29] [info] opl3 backend: PATCH_ORGAN + PATCH_MALLET RR=8 (medium release; wub-wub fix per patch 0171; was RR=0 in slot 0103 placeholder -- KEY-OFF couldn't silence; H6 reg 0xBD wave-47 falsified; H1+H5/RR=0 byte-level bug root per WAVE-46/47 analysis)
[11:52:29] [info] Sound system: MidiScheduler armed with MidiBackendOpl3 (patch 0103 Phase 10 Stage 4). Music dispatch routes via SMF parser + 18 x 2-op OPL3 voice allocator + small inline patch bank (community-sourced from Apogee Sound System / AdLib SBI public-domain refs). Pixtone SFX still active on SB16 DAC.
[11:52:29] [info] Sound system: idle-pause skipped (default OFF since patch 0119; backend=opl3 would qualify but operator did not opt-in via SDL_HINT_DOSKUTSU_IDLE_PAUSE=1). DSP stays in continuous-stream mode. Re-enable for an A/B iter once SDL/0037 ForcePause non-engagement is rooted out (task #17).
[11:52:29] [warn] Music dir Ogg/ doesn't exist
[11:52:29] [warn] Music dir Ogg11/ doesn't exist
[11:52:29] [warn] Music dir Ogg17/ doesn't exist
[11:52:29] [warn] Music dir Ogg_ridic/ doesn't exist
[11:52:29] [info] Loading Sound FX...
[11:52:30] [info] [pxt-cache] init(): HIT (loaded cache; render skipped)
[11:52:38] [info] Organya init...
[11:52:39] [info] Organya init done
[11:52:52] [info] gus SFX gain [nx0259]: 70% (SDL_HINT_DOSKUTSU_GUS_SFX_GAIN; scales the GF1 SFX voice volume to balance against velocity/CC-scaled GUS music; default 70, clamp 0..150).
[11:52:52] [info] pixtone IRQ-mix: ENABLED (default; SDL backend engaged; set SDL_HINT_DOSKUTSU_PIXTONE_IRQ_MIX=0 to disable)
[11:52:52] [info] Pixtone::setVolume: L3 active -- mid-play SFX volume updates are no-op in v1 (v2 candidate: SDL_DOSPixtoneSetGain API). gain_x256=256 stored for subsequent SDL_DOSPixtoneStart calls; currently-playing L3 channels unaffected.
[11:52:52] [info] midi ISR tick: engine registered tick_isr callback (L2b active; default ON; set SDL_HINT_DOSKUTSU_MIDI_ISR_TICK=0 to disable)
[11:52:52] [info] menu slide-in fixed-timestep: ENABLED (default; slide advances at 50 Hz logic rate)
[11:52:52] [info] Reading npc.tbl...
[11:52:52] [info] Loading tilekey.dat.
[11:52:52] [info] Script engine init.
[11:52:52] [info] Entering main loop...
[11:52:52] [info] audio mid-gap pump: DISABLED (default)
[11:52:52] [info] TAS fixed-timestep guard: ENABLED (default) (patch 0280; load_stage wall-clock kept out of the FT accumulator so TAS replay advances at a true 50 Hz; set SDL_HINT_DOSKUTSU_TAS_FT_GUARD=0 to disable)
[11:52:52] [info] load_stage ring+DMA silence flush: ENABLED (default) (set SDL_HINT_DOSKUTSU_LOADSTAGE_SILENCE=0 to disable)
[11:52:52] [info] load-band audio-underrun probe: DISABLED (default) (opt-in SDL_HINT_DOSKUTSU_LOADBAND_STAT=1)
[11:52:52] [info]  >> Entering stage 72: 'u'.
[11:52:52] [info] skip sheet flush: ENABLED (default) (SFXPAUSE-012 SHIPPED FIX; sprite sheets stay resident across caves so no per-cave re-decode -> no fire-frame pause; map_flush_graphics tilemap cache still flushes; set SDL_HINT_DOSKUTSU_SKIP_SHEET_FLUSH=0 to restore the old per-cave flush)
[11:52:52] [info] [skip-sheet-flush] cave=1
[11:52:52] [info] eager action sheets: ENABLED (default) (first-fire hitch fix: pre-loads the weapon bullet + hit/muzzle/trail caret sheets at stage load so the first fire/impact does not lazy-decode mid-gameplay; set SDL_HINT_DOSKUTSU_EAGER_ACTION_SHEETS=0 to restore lazy load)
[11:52:53] [info] Surface::loadImage palmap-diag #2: 'data/Bullet.pbm' fmt=SDL_PIXELFORMAT_ABGR8888 remap=HIT -> path=truecolor
[11:52:53] [info] Surface::loadImage palmap-diag #3: 'data/Arms.pbm' fmt=SDL_PIXELFORMAT_ABGR8888 remap=HIT -> path=truecolor
[11:52:53] [info] Surface::loadImage palmap-diag #4: 'data/Caret.pbm' fmt=SDL_PIXELFORMAT_ABGR8888 remap=HIT -> path=truecolor
[11:52:54] [info] Surface::loadImage palmap-diag #5: 'data/Npc/NpcSym.pbm' fmt=SDL_PIXELFORMAT_ABGR8888 remap=HIT -> path=truecolor
[11:52:54] [info] [eager-action-sheets] cave=1 sheets=4 wall_ms=1342
[11:52:54] [info] Surface::loadImage palmap-diag #6: 'data/Stage/PrtWhite.pbm' fmt=SDL_PIXELFORMAT_ABGR8888 remap=HIT -> path=truecolor
[11:52:54] [info] load_stage: entry-music preload ENABLED (default) (set SDL_HINT_DOSKUTSU_PRELOAD_STAGE_MUSIC=0 to disable)
[11:52:54] [info] Surface::loadImage palmap-diag #7: 'data/bk0.pbm' fmt=SDL_PIXELFORMAT_ABGR8888 remap=HIT -> path=truecolor
[11:52:55] [info] gameloop: entered (curmap=72, running=1)
[11:52:55] [info] gameloop: iter 1 ticks=31249 mapno=-1
[11:52:55] [info] fixed-timestep: ENABLED (default; logic 50 Hz, decoupled from render)
[11:52:55] [info] map: BG skip-when-unchanged DISABLED (default) (set SDL_HINT_DOSKUTSU_BG_SKIP_WHEN_UNCHANGED=1 to enable; default OFF since wave-61 -- abandoned, it shipped a backdrop-black flicker and its +0.87 fps was below the noise floor)
[11:52:55] [info] map: skip-redundant-clear lever ENABLED (default since wave-53 promotion)
[11:52:55] [info] perf-mode: level=0 (faithful (default))
[11:52:55] [info] Surface::loadImage palmap-diag #8: 'data/Npc/NpcKings.pbm' fmt=SDL_PIXELFORMAT_ABGR8888 remap=HIT -> path=truecolor
[11:52:55] [info] audio tick-boundary pump: DISABLED (default)
[11:52:55] [info] gameloop: iter 2 ticks=31641 mapno=-1
[11:52:55] [info] gameloop: iter 3 ticks=31697 mapno=-1
[11:52:55] [info] direct-vesa: snapshot @gen=2 use_dosmemput=0 banked_multibank=0 pitches_match=1 vram_w=320 vram_h=240 vram_pitch=320 bpp=1 fb_size=76800 vram_phys=0x78000000 vram_ptr=0x77c00000
[11:52:56] [info] flip-probe: flip #10 ok=true present=3ms inter_flip_ms=30 drawcalls-since-flip=6 drawcalls-total=43 fail-total=0 null-skips-total=0
[11:52:56] [info] flip-probe: flip #20 ok=true present=3ms inter_flip_ms=30 drawcalls-since-flip=4 drawcalls-total=92 fail-total=0 null-skips-total=0
[11:52:57] [info] flip-probe: flip #30 ok=true present=2ms inter_flip_ms=66 drawcalls-since-flip=326 drawcalls-total=2707 fail-total=0 null-skips-total=0
[11:52:57] [info] flip-probe: flip #40 ok=true present=3ms inter_flip_ms=60 drawcalls-since-flip=264 drawcalls-total=5837 fail-total=0 null-skips-total=0
[11:52:58] [info] flip-probe: flip #50 ok=true present=2ms inter_flip_ms=36 drawcalls-since-flip=67 drawcalls-total=7392 fail-total=0 null-skips-total=0
[11:52:58] [info] flip-probe: flip #60 ok=true present=2ms inter_flip_ms=29 drawcalls-since-flip=4 drawcalls-total=7502 fail-total=0 null-skips-total=0
[11:52:58] [info] flip-probe: flip #70 ok=true present=2ms inter_flip_ms=29 drawcalls-since-flip=6 drawcalls-total=7557 fail-total=0 null-skips-total=0
[11:52:58] [info] flip-probe: flip #80 ok=true present=3ms inter_flip_ms=21 drawcalls-since-flip=0 drawcalls-total=7586 fail-total=0 null-skips-total=0
[11:52:59] [info] flip-probe: flip #90 ok=true present=3ms inter_flip_ms=19 drawcalls-since-flip=0 drawcalls-total=7586 fail-total=0 null-skips-total=0
[11:52:59] [info] title: eager-title-IO phase tag ENABLED (default) (set SDL_HINT_DOSKUTSU_EAGER_TITLE_IO=0 to disable)
[11:52:59] [info] [music-dispatch] tick=95 song=24 (prev 0)
[11:52:59] [info] MidiScheduler::load: parsed 'data/orgmid2/curly.mid' = 11294 events at 48 PPQ
[11:52:59] [info] opl3 backend: on_song_start
[11:52:59] [info] gameloop: entered (curmap=1005, running=1)
[11:52:59] [info] gameloop: iter 1 ticks=35936 mapno=-1
[11:53:00] [info] map: backdrop cache ENABLED (default) (set SDL_HINT_DOSKUTSU_BACKDROP_CACHE=0 to disable)
[11:53:00] [info] gameloop: iter 2 ticks=36723 mapno=-1
[11:53:00] [info] gameloop: iter 3 ticks=36763 mapno=-1
[11:53:00] [info] backdrop cache: thrashing-detect engaged (streak=4, route=direct)
[11:53:00] [info] flip-probe: flip #100 ok=true present=3ms inter_flip_ms=34 drawcalls-since-flip=75 drawcalls-total=7886 fail-total=0 null-skips-total=0
[11:53:00] [info] alpha audit block 0: 7798 total drawcalls, 0 with alpha<255 (block pct_x10=0; global 0/7798 pct_x10=0); alpha-mod skipped: block=0 global=0
[11:53:00] [info] fastpath audit block 0: taken=7798 (idx8=7798) skipped=0 pct_x10=1000; global taken=7798 (idx8=7798) skipped=0 pct_x10=1000
[11:53:00] [info] primitive tally block 0: clear=220(hr=220) fill=0(hr=0) rect=0(hr=0) line=0(hr=0) tint=0 spotlight=0 (over 100 flips ending at flip 100)
[11:53:00] [info] color/alpha audit block 0: cmod_white=104 cmod_black=0 (idx=0) cmod_general=84 (idx=84) cmod_fb=0; alpha_taken=0 alpha_skipped=0 (global cmod=104/0/84/0 idx=0/84 alpha=0/0)
[11:53:00] [info] phase timing block 0: drawcalls=8209 dc_total_ms=1360 flip_inner_total_ms=626 inter_flip_total_ms=32178 (per-flip avg x10: dc_ms=136 fi_ms=62 if_ms=3217 derived audio+engine_ms=3019; per-drawcall avg us_x10=1657) [direct-vesa: presents=97 total_ms=282 avg_ms_x10=29 failed=0] [ablation: NO_DC_TIMING=0 CACHE_WINSURF=0 DIRECT_VESA=1]
[11:53:00] [info] kbd/audio block 0: kbd_irq=0 kbd_drain=0 ring_chunks=16 pump_pass=99 pic1_mask=0xb8 first_irq_ticks=0 install_ticks=0 vector_at_install=0x0083e390 pic1_mask_live=0x38 kbd_8042_stat=0x34 bios_kbd_head=0x0024 bios_kbd_tail=0x0024 bios_kbd_buf0=0x1265
[11:53:00] [info] audio/engine split block 0: audio_mixer_calls=0 audio_mixer_ms_x10=0 engine_tick_calls=99 engine_tick_ms_x10=470 audio_service_calls=0 audio_service_ms_x10=0 (per-flip avg; per-call us_x10: audio_mix=0 engine_tick=475516 audio_service=0; global ns: audio_mix=0 engine_tick=4707610758 audio_service=0)
[11:53:00] [info] pixtone multi-source probe: DISABLED (default)
[11:53:00] [info] dirty-rect block @flip=100: total_calls=0 dirty_rects_avg=0 dirty_pct_x10=990 forced_full=0 first_n_force=3 threshold_exceeded=2 dirty_path_taken=0 full_flush_taken=3
[11:53:00] [info] prev-frame-diff block @flip=100: diff_calls=0 diff_rects_avg=0 diff_dirty_pct_x10=0 bbox_pct_x10=0 bbox_thresh_exceeded=0
[11:53:01] [info] flip-probe: flip #110 ok=true present=2ms inter_flip_ms=28 drawcalls-since-flip=75 drawcalls-total=8636 fail-total=0 null-skips-total=0
[11:53:01] [info] flip-probe: flip #120 ok=true present=3ms inter_flip_ms=28 drawcalls-since-flip=75 drawcalls-total=9386 fail-total=0 null-skips-total=0
[11:53:01] [info] flip-probe: flip #130 ok=true present=4ms inter_flip_ms=21 drawcalls-since-flip=0 drawcalls-total=9986 fail-total=0 null-skips-total=0
[11:53:01] [info] Loading profile from profile.dat
[11:53:01] [error] profile_load: unable to open 'profile.dat'
[11:53:01] [info] Loading profile from profile2.dat
[11:53:01] [error] profile_load: unable to open 'profile2.dat'
[11:53:02] [info] Loading profile from profile3.dat
[11:53:02] [info] Loading profile from profile4.dat
[11:53:02] [error] profile_load: unable to open 'profile4.dat'
[11:53:02] [info] Loading profile from profile5.dat
[11:53:02] [info] flip-probe: flip #140 ok=true present=3ms inter_flip_ms=46 drawcalls-since-flip=210 drawcalls-total=10826 fail-total=0 null-skips-total=0
[11:53:02] [info] flip-probe: flip #150 ok=true present=2ms inter_flip_ms=47 drawcalls-since-flip=210 drawcalls-total=12926 fail-total=0 null-skips-total=0
[11:53:03] [info] Writing settings...
[11:53:03] [info] flip-probe: flip #160 ok=true present=3ms inter_flip_ms=21 drawcalls-since-flip=0 drawcalls-total=13774 fail-total=0 null-skips-total=0
[11:53:03] [info] flip-probe: flip #170 ok=true present=3ms inter_flip_ms=20 drawcalls-since-flip=0 drawcalls-total=13774 fail-total=0 null-skips-total=0
[11:53:03] [info] [music-dispatch] tick=175 song=0 (prev 24)
[11:53:03] [info] opl3 backend: on_song_stop
[11:53:03] [info] Loading profile from profile5.dat
[11:53:03] [info]  >> Entering stage 20: 'Save Point'.
[11:53:03] [info] [skip-sheet-flush] cave=2
[11:53:04] [info] [music-dispatch] tick=175 song=8 (prev 0)
[11:53:04] [info] MidiScheduler::load: parsed 'data/orgmid2/vivi.mid' = 4558 events at 48 PPQ
[11:53:04] [info] opl3 backend: on_song_start
[11:53:04] [info] gameloop: entered (curmap=20, running=1)
[11:53:04] [info] gameloop: iter 1 ticks=40638 mapno=-1
[11:53:04] [info] TAS stall discount: ENABLED (default) (patch 0286; a replay frame over 150 ms is a load, not slow rendering, so it contributes 1 tick instead of its wall-clock; set SDL_HINT_DOSKUTSU_TAS_STALL_DISCOUNT=0 to disable)
[11:53:04] [info] TAS accumulator clamp: DISABLED (default) (patch 0281; caps the FT accumulator delta at one tick during TAS so a stalled frame cannot race the replay index; set SDL_HINT_DOSKUTSU_TAS_FT_GUARD=0 to disable)
[11:53:04] [info] gameloop: iter 2 ticks=40682 mapno=-1
[11:53:04] [info] gameloop: iter 3 ticks=40719 mapno=-1
[11:53:04] [info] flip-probe: flip #180 ok=true present=3ms inter_flip_ms=29 drawcalls-since-flip=16 drawcalls-total=13896 fail-total=0 null-skips-total=0
[11:53:05] [info] flip-probe: flip #190 ok=true present=3ms inter_flip_ms=28 drawcalls-since-flip=16 drawcalls-total=14056 fail-total=0 null-skips-total=0
[11:53:05] [info] flip-probe: flip #200 ok=true present=2ms inter_flip_ms=31 drawcalls-since-flip=16 drawcalls-total=14216 fail-total=0 null-skips-total=0
[11:53:05] [info] alpha audit block 0: 5693 total drawcalls, 0 with alpha<255 (block pct_x10=0; global 0/13491 pct_x10=0); alpha-mod skipped: block=0 global=0
[11:53:05] [info] fastpath audit block 0: taken=5693 (idx8=5693) skipped=0 pct_x10=1000; global taken=13491 (idx8=13491) skipped=0 pct_x10=1000
[11:53:05] [info] primitive tally block 0: clear=201(hr=201) fill=0(hr=0) rect=0(hr=0) line=0(hr=0) tint=0 spotlight=0 (over 100 flips ending at flip 200)
[11:53:05] [info] color/alpha audit block 0: cmod_white=1402 cmod_black=0 (idx=0) cmod_general=609 (idx=609) cmod_fb=0; alpha_taken=0 alpha_skipped=0 (global cmod=1506/0/693/0 idx=0/693 alpha=0/0)
[11:53:05] [info] phase timing block 0: drawcalls=7905 dc_total_ms=1222 flip_inner_total_ms=529 inter_flip_total_ms=4564 (per-flip avg x10: dc_ms=122 fi_ms=52 if_ms=456 derived audio+engine_ms=282; per-drawcall avg us_x10=1545) [direct-vesa: presents=100 total_ms=287 avg_ms_x10=28 failed=0] [ablation: NO_DC_TIMING=0 CACHE_WINSURF=0 DIRECT_VESA=1]
[11:53:05] [info] kbd/audio block 0: kbd_irq=0 kbd_drain=0 ring_chunks=16 pump_pass=211 pic1_mask=0xb8 first_irq_ticks=0 install_ticks=0 vector_at_install=0x0083e390 pic1_mask_live=0x38 kbd_8042_stat=0x34 bios_kbd_head=0x0024 bios_kbd_tail=0x0024 bios_kbd_buf0=0x1265
[11:53:05] [info] audio/engine split block 0: audio_mixer_calls=0 audio_mixer_ms_x10=0 engine_tick_calls=76 engine_tick_ms_x10=178 audio_service_calls=0 audio_service_ms_x10=0 (per-flip avg; per-call us_x10: audio_mix=0 engine_tick=235493 audio_service=0; global ns: audio_mix=0 engine_tick=6497363356 audio_service=0)
[11:53:05] [info] dirty-rect block @flip=200: total_calls=0 dirty_rects_avg=1 dirty_pct_x10=1000 forced_full=0 first_n_force=0 threshold_exceeded=0 dirty_path_taken=0 full_flush_taken=0
[11:53:05] [info] prev-frame-diff block @flip=200: diff_calls=0 diff_rects_avg=0 diff_dirty_pct_x10=0 bbox_pct_x10=0 bbox_thresh_exceeded=0
[11:53:05] [info] flip-probe: flip #210 ok=true present=3ms inter_flip_ms=30 drawcalls-since-flip=16 drawcalls-total=14376 fail-total=0 null-skips-total=0
[11:53:06] [info] flip-probe: flip #220 ok=true present=3ms inter_flip_ms=30 drawcalls-since-flip=16 drawcalls-total=14536 fail-total=0 null-skips-total=0
[11:53:06] [info] flip-probe: flip #230 ok=true present=3ms inter_flip_ms=30 drawcalls-since-flip=16 drawcalls-total=14696 fail-total=0 null-skips-total=0
[11:53:06] [info] flip-probe: flip #240 ok=true present=3ms inter_flip_ms=68 drawcalls-since-flip=358 drawcalls-total=16552 fail-total=0 null-skips-total=0
[11:53:07] [info]  >> Entering stage 11: 'Mimiga Village'.
[11:53:07] [info] [skip-sheet-flush] cave=3
[11:53:07] [info] [load-stage] preloading entry music song=9 (cave=3)
[11:53:07] [info] [music-dispatch] tick=297 song=9 (prev 8)
[11:53:07] [info] opl3 backend: on_song_stop
[11:53:07] [info] MidiScheduler::load: parsed 'data/orgmid2/mura.mid' = 2863 events at 48 PPQ
[11:53:07] [info] opl3 backend: on_song_start
[11:53:07] [info] gameloop: entered (curmap=11, running=1)
[11:53:07] [info] gameloop: iter 1 ticks=43861 mapno=-1
[11:53:07] [info] map: mds_clear LUT ENABLED (default) (set SDL_HINT_DOSKUTSU_MDS_CLEAR_LUT=0 to disable; default ON; patch 0144 wave-49 bandwidth lever)
[11:53:07] [info] mds-clear-lut: rebuilt N=240 entries (k_skip=0% k_keep=100%; curmap=11 map_size=60x60; rebuild #1 since boot)
[11:53:07] [info] backdrop thrash full-cover ENABLED (default) (set SDL_HINT_DOSKUTSU_THRASH_FULLCOVER=0 to disable)
[11:53:08] [info] [bd-diag] backdrop render-path diag disabled (default) (set SDL_HINT_DOSKUTSU_BACKDROP_DIAG=1 to enable)
[11:53:08] [info] gameloop: iter 2 ticks=43980 mapno=-1
[11:53:08] [info] gameloop: iter 3 ticks=44074 mapno=-1
[11:53:08] [info] backdrop cache: thrashing-detect engaged (streak=4, route=direct)
[11:53:08] [info] flip-probe: flip #250 ok=true present=2ms inter_flip_ms=69 drawcalls-since-flip=177 drawcalls-total=19646 fail-total=0 null-skips-total=0
[11:53:08] [info] flip-probe: flip #260 ok=true present=3ms inter_flip_ms=43 drawcalls-since-flip=44 drawcalls-total=20086 fail-total=0 null-skips-total=0
[11:53:09] [info] flip-probe: flip #270 ok=true present=3ms inter_flip_ms=43 drawcalls-since-flip=46 drawcalls-total=20534 fail-total=0 null-skips-total=0
[11:53:09] [info] flip-probe: flip #280 ok=true present=3ms inter_flip_ms=44 drawcalls-since-flip=42 drawcalls-total=20975 fail-total=0 null-skips-total=0
[11:53:10] [info] flip-probe: flip #290 ok=true present=3ms inter_flip_ms=41 drawcalls-since-flip=42 drawcalls-total=21395 fail-total=0 null-skips-total=0
[11:53:10] [info] flip-probe: flip #300 ok=true present=3ms inter_flip_ms=43 drawcalls-since-flip=42 drawcalls-total=21815 fail-total=0 null-skips-total=0
[11:53:10] [info] alpha audit block 0: 6815 total drawcalls, 0 with alpha<255 (block pct_x10=0; global 0/20306 pct_x10=0); alpha-mod skipped: block=0 global=0
[11:53:10] [info] fastpath audit block 0: taken=6815 (idx8=6815) skipped=0 pct_x10=1000; global taken=20306 (idx8=20306) skipped=0 pct_x10=1000
[11:53:10] [info] primitive tally block 0: clear=201(hr=201) fill=0(hr=0) rect=0(hr=0) line=0(hr=0) tint=0 spotlight=0 (over 100 flips ending at flip 300)
[11:53:10] [info] color/alpha audit block 0: cmod_white=728 cmod_black=728 (idx=728) cmod_general=0 (idx=0) cmod_fb=0; alpha_taken=0 alpha_skipped=0 (global cmod=2234/728/693/0 idx=728/693 alpha=0/0)
[11:53:10] [info] phase timing block 0: drawcalls=8477 dc_total_ms=1074 flip_inner_total_ms=516 inter_flip_total_ms=5300 (per-flip avg x10: dc_ms=107 fi_ms=51 if_ms=530 derived audio+engine_ms=372; per-drawcall avg us_x10=1267) [direct-vesa: presents=100 total_ms=283 avg_ms_x10=28 failed=0] [ablation: NO_DC_TIMING=0 CACHE_WINSURF=0 DIRECT_VESA=1]
[11:53:10] [info] kbd/audio block 0: kbd_irq=0 kbd_drain=0 ring_chunks=16 pump_pass=437 pic1_mask=0xb8 first_irq_ticks=0 install_ticks=0 vector_at_install=0x0083e390 pic1_mask_live=0x38 kbd_8042_stat=0x34 bios_kbd_head=0x0024 bios_kbd_tail=0x0024 bios_kbd_buf0=0x1265
[11:53:10] [info] [tile-speedup-stat n=100 drawtile_us=96.84 raw_blit_us=73.80 ratio=1.31]
[11:53:10] [info] dirty-rect block @flip=300: total_calls=100 dirty_rects_avg=1 dirty_pct_x10=1000 forced_full=0 first_n_force=0 threshold_exceeded=0 dirty_path_taken=0 full_flush_taken=0
[11:53:10] [info] prev-frame-diff block @flip=300: diff_calls=0 diff_rects_avg=0 diff_dirty_pct_x10=0 bbox_pct_x10=0 bbox_thresh_exceeded=0
[11:53:11] [info] backdrop cache: thrashing-detect engaged (streak=64, route=direct)
[11:53:11] [info] flip-probe: flip #310 ok=true present=2ms inter_flip_ms=48 drawcalls-since-flip=42 drawcalls-total=22335 fail-total=0 null-skips-total=0
[11:53:11] [info] flip-probe: flip #320 ok=true present=3ms inter_flip_ms=41 drawcalls-since-flip=42 drawcalls-total=22755 fail-total=0 null-skips-total=0
[11:53:12] [info] tas: stall frame 263 ms -> contributing 1 tick (patch 0286)
[11:53:12] [info] flip-probe: flip #330 ok=true present=2ms inter_flip_ms=44 drawcalls-since-flip=43 drawcalls-total=23182 fail-total=0 null-skips-total=0
[11:53:12] [info] flip-probe: flip #340 ok=true present=3ms inter_flip_ms=47 drawcalls-since-flip=43 drawcalls-total=23612 fail-total=0 null-skips-total=0
[11:53:13] [info] flip-probe: flip #350 ok=true present=3ms inter_flip_ms=45 drawcalls-since-flip=44 drawcalls-total=24046 fail-total=0 null-skips-total=0
[11:53:13] [info] flip-probe: flip #360 ok=true present=3ms inter_flip_ms=43 drawcalls-since-flip=42 drawcalls-total=24483 fail-total=0 null-skips-total=0
[11:53:14] [info] backdrop cache: thrashing-detect engaged (streak=124, route=direct)
[11:53:14] [info] flip-probe: flip #370 ok=true present=3ms inter_flip_ms=48 drawcalls-since-flip=17 drawcalls-total=24747 fail-total=0 null-skips-total=0
[11:53:14] [info] run_tick_fixed #600: heartbeat (loop alive)
[11:53:14] [info] flip-probe: flip #380 ok=true present=4ms inter_flip_ms=41 drawcalls-since-flip=15 drawcalls-total=24917 fail-total=0 null-skips-total=0
[11:53:15] [info] flip-probe: flip #390 ok=true present=3ms inter_flip_ms=40 drawcalls-since-flip=14 drawcalls-total=25060 fail-total=0 null-skips-total=0
[11:53:15] [info] flip-probe: flip #400 ok=true present=3ms inter_flip_ms=41 drawcalls-since-flip=17 drawcalls-total=25224 fail-total=0 null-skips-total=0
[11:53:15] [info] alpha audit block 0: 2477 total drawcalls, 0 with alpha<255 (block pct_x10=0; global 0/22783 pct_x10=0); alpha-mod skipped: block=0 global=0
[11:53:15] [info] fastpath audit block 0: taken=2477 (idx8=2477) skipped=0 pct_x10=1000; global taken=22783 (idx8=22783) skipped=0 pct_x10=1000
[11:53:15] [info] primitive tally block 0: clear=200(hr=200) fill=0(hr=0) rect=0(hr=0) line=0(hr=0) tint=0 spotlight=0 (over 100 flips ending at flip 400)
[11:53:15] [info] color/alpha audit block 0: cmod_white=832 cmod_black=832 (idx=832) cmod_general=0 (idx=0) cmod_fb=0; alpha_taken=0 alpha_skipped=0 (global cmod=3066/1560/693/0 idx=1560/693 alpha=0/0)
[11:53:15] [info] phase timing block 0: drawcalls=4341 dc_total_ms=710 flip_inner_total_ms=739 inter_flip_total_ms=4733 (per-flip avg x10: dc_ms=71 fi_ms=73 if_ms=473 derived audio+engine_ms=329; per-drawcall avg us_x10=1635) [direct-vesa: presents=100 total_ms=285 avg_ms_x10=28 failed=0] [ablation: NO_DC_TIMING=0 CACHE_WINSURF=0 DIRECT_VESA=1]
[11:53:15] [info] kbd/audio block 0: kbd_irq=0 kbd_drain=0 ring_chunks=16 pump_pass=662 pic1_mask=0xb8 first_irq_ticks=0 install_ticks=0 vector_at_install=0x0083e390 pic1_mask_live=0x38 kbd_8042_stat=0x34 bios_kbd_head=0x0024 bios_kbd_tail=0x0024 bios_kbd_buf0=0x1265
[11:53:15] [info] dirty-rect block @flip=400: total_calls=0 dirty_rects_avg=1 dirty_pct_x10=1000 forced_full=0 first_n_force=0 threshold_exceeded=0 dirty_path_taken=0 full_flush_taken=0
[11:53:15] [info] prev-frame-diff block @flip=400: diff_calls=0 diff_rects_avg=0 diff_dirty_pct_x10=0 bbox_pct_x10=0 bbox_thresh_exceeded=0
[11:53:15] [info] flip-probe: flip #410 ok=true present=3ms inter_flip_ms=41 drawcalls-since-flip=14 drawcalls-total=25376 fail-total=0 null-skips-total=0
[11:53:16] [info] flip-probe: flip #420 ok=true present=3ms inter_flip_ms=41 drawcalls-since-flip=14 drawcalls-total=25516 fail-total=0 null-skips-total=0
[11:53:16] [info] backdrop cache: thrashing-detect engaged (streak=184, route=direct)
[11:53:16] [info] flip-probe: flip #430 ok=true present=3ms inter_flip_ms=75 drawcalls-since-flip=259 drawcalls-total=26366 fail-total=0 null-skips-total=0
[11:53:17] [info]  >> Entering stage 17: 'Yamashita Farm'.
[11:53:17] [info] [skip-sheet-flush] cave=4
[11:53:17] [info] [load-stage] preloading entry music song=13 (cave=4)
[11:53:17] [info] [music-dispatch] tick=753 song=13 (prev 9)
[11:53:17] [info] opl3 backend: on_song_stop
[11:53:17] [info] MidiScheduler::load: parsed 'data/orgmid2/plant.mid' = 3000 events at 48 PPQ
[11:53:17] [info] opl3 backend: on_song_start
[11:53:17] [info] gameloop: entered (curmap=17, running=1)
[11:53:17] [info] gameloop: iter 1 ticks=53940 mapno=-1
[11:53:17] [info] mds-clear-lut: rebuilt N=240 entries (k_skip=33% k_keep=67%; curmap=17 map_size=40x16; rebuild #2 since boot)
[11:53:18] [info] gameloop: iter 2 ticks=54169 mapno=-1
[11:53:18] [info] tas: stall frame 229 ms -> contributing 1 tick (patch 0286)
[11:53:18] [info] gameloop: iter 3 ticks=54257 mapno=-1
[11:53:18] [info] flip-probe: flip #440 ok=true present=3ms inter_flip_ms=85 drawcalls-since-flip=409 drawcalls-total=29580 fail-total=0 null-skips-total=0
[11:53:19] [info] flip-probe: flip #450 ok=true present=3ms inter_flip_ms=54 drawcalls-since-flip=133 drawcalls-total=31730 fail-total=0 null-skips-total=0
[11:53:19] [info] flip-probe: flip #460 ok=true present=4ms inter_flip_ms=51 drawcalls-since-flip=133 drawcalls-total=33096 fail-total=0 null-skips-total=0
[11:53:20] [info] flip-probe: flip #470 ok=true present=3ms inter_flip_ms=64 drawcalls-since-flip=124 drawcalls-total=34457 fail-total=0 null-skips-total=0
[11:53:20] [info] backdrop cache: thrashing-detect engaged (streak=4, route=direct)
[11:53:21] [info] flip-probe: flip #480 ok=true present=3ms inter_flip_ms=69 drawcalls-since-flip=137 drawcalls-total=35791 fail-total=0 null-skips-total=0
[11:53:21] [info] flip-probe: flip #490 ok=true present=3ms inter_flip_ms=62 drawcalls-since-flip=136 drawcalls-total=37156 fail-total=0 null-skips-total=0
[11:53:22] [info] flip-probe: flip #500 ok=true present=2ms inter_flip_ms=76 drawcalls-since-flip=147 drawcalls-total=38574 fail-total=0 null-skips-total=0
[11:53:22] [info] alpha audit block 0: 12418 total drawcalls, 0 with alpha<255 (block pct_x10=0; global 0/35201 pct_x10=0); alpha-mod skipped: block=0 global=0
[11:53:22] [info] fastpath audit block 0: taken=12418 (idx8=12418) skipped=0 pct_x10=1000; global taken=35201 (idx8=35201) skipped=0 pct_x10=1000
[11:53:22] [info] primitive tally block 0: clear=201(hr=201) fill=0(hr=0) rect=0(hr=0) line=0(hr=0) tint=0 spotlight=0 (over 100 flips ending at flip 500)
[11:53:22] [info] color/alpha audit block 0: cmod_white=832 cmod_black=832 (idx=832) cmod_general=0 (idx=0) cmod_fb=0; alpha_taken=0 alpha_skipped=0 (global cmod=3898/2392/693/0 idx=2392/693 alpha=0/0)
[11:53:22] [info] phase timing block 0: drawcalls=14321 dc_total_ms=1416 flip_inner_total_ms=526 inter_flip_total_ms=6795 (per-flip avg x10: dc_ms=141 fi_ms=52 if_ms=679 derived audio+engine_ms=486; per-drawcall avg us_x10=988) [direct-vesa: presents=100 total_ms=284 avg_ms_x10=28 failed=0] [ablation: NO_DC_TIMING=0 CACHE_WINSURF=0 DIRECT_VESA=1]
[11:53:22] [info] kbd/audio block 0: kbd_irq=0 kbd_drain=0 ring_chunks=16 pump_pass=954 pic1_mask=0xb8 first_irq_ticks=0 install_ticks=0 vector_at_install=0x0083e390 pic1_mask_live=0x38 kbd_8042_stat=0x34 bios_kbd_head=0x0024 bios_kbd_tail=0x0024 bios_kbd_buf0=0x1265
[11:53:22] [info] dirty-rect block @flip=500: total_calls=0 dirty_rects_avg=1 dirty_pct_x10=1000 forced_full=0 first_n_force=0 threshold_exceeded=0 dirty_path_taken=0 full_flush_taken=0
[11:53:22] [info] prev-frame-diff block @flip=500: diff_calls=0 diff_rects_avg=0 diff_dirty_pct_x10=0 bbox_pct_x10=0 bbox_thresh_exceeded=0
[11:53:22] [info] backdrop cache: thrashing-detect engaged (streak=4, route=direct)
[11:53:23] [info] flip-probe: flip #510 ok=true present=3ms inter_flip_ms=62 drawcalls-since-flip=137 drawcalls-total=39984 fail-total=0 null-skips-total=0
[11:53:23] [info] flip-probe: flip #520 ok=true present=2ms inter_flip_ms=60 drawcalls-since-flip=130 drawcalls-total=41325 fail-total=0 null-skips-total=0
[11:53:24] [info] flip-probe: flip #530 ok=true present=3ms inter_flip_ms=60 drawcalls-since-flip=131 drawcalls-total=42602 fail-total=0 null-skips-total=0
[11:53:24] [info] flip-probe: flip #540 ok=true present=3ms inter_flip_ms=57 drawcalls-since-flip=125 drawcalls-total=43901 fail-total=0 null-skips-total=0
[11:53:25] [info] flip-probe: flip #550 ok=true present=3ms inter_flip_ms=52 drawcalls-since-flip=125 drawcalls-total=45148 fail-total=0 null-skips-total=0
[11:53:25] [info] backdrop cache: thrashing-detect engaged (streak=4, route=direct)
[11:53:26] [info] flip-probe: flip #560 ok=true present=3ms inter_flip_ms=60 drawcalls-since-flip=108 drawcalls-total=46313 fail-total=0 null-skips-total=0
[11:53:26] [info] flip-probe: flip #570 ok=true present=3ms inter_flip_ms=62 drawcalls-since-flip=116 drawcalls-total=47479 fail-total=0 null-skips-total=0
[11:53:27] [info] tas: stall frame 282 ms -> contributing 1 tick (patch 0286)
[11:53:27] [info] backdrop cache: thrashing-detect engaged (streak=4, route=direct)
[11:53:27] [info] flip-probe: flip #580 ok=true present=4ms inter_flip_ms=58 drawcalls-since-flip=115 drawcalls-total=48630 fail-total=0 null-skips-total=0
[11:53:28] [info] flip-probe: flip #590 ok=true present=3ms inter_flip_ms=56 drawcalls-since-flip=110 drawcalls-total=49746 fail-total=0 null-skips-total=0
[11:53:28] [info] flip-probe: flip #600 ok=true present=3ms inter_flip_ms=58 drawcalls-since-flip=105 drawcalls-total=50836 fail-total=0 null-skips-total=0
[11:53:28] [info] alpha audit block 0: 11434 total drawcalls, 0 with alpha<255 (block pct_x10=0; global 0/46635 pct_x10=0); alpha-mod skipped: block=0 global=0
[11:53:28] [info] fastpath audit block 0: taken=11434 (idx8=11434) skipped=0 pct_x10=1000; global taken=46635 (idx8=46635) skipped=0 pct_x10=1000
[11:53:28] [info] primitive tally block 0: clear=200(hr=200) fill=0(hr=0) rect=0(hr=0) line=0(hr=0) tint=0 spotlight=0 (over 100 flips ending at flip 600)
[11:53:28] [info] color/alpha audit block 0: cmod_white=728 cmod_black=728 (idx=728) cmod_general=0 (idx=0) cmod_fb=0; alpha_taken=0 alpha_skipped=0 (global cmod=4626/3120/693/0 idx=3120/693 alpha=0/0)
[11:53:28] [info] phase timing block 0: drawcalls=13123 dc_total_ms=1122 flip_inner_total_ms=737 inter_flip_total_ms=6492 (per-flip avg x10: dc_ms=112 fi_ms=73 if_ms=649 derived audio+engine_ms=464; per-drawcall avg us_x10=855) [direct-vesa: presents=100 total_ms=282 avg_ms_x10=28 failed=0] [ablation: NO_DC_TIMING=0 CACHE_WINSURF=0 DIRECT_VESA=1]
[11:53:28] [info] kbd/audio block 0: kbd_irq=0 kbd_drain=0 ring_chunks=16 pump_pass=1266 pic1_mask=0xb8 first_irq_ticks=0 install_ticks=0 vector_at_install=0x0083e390 pic1_mask_live=0x38 kbd_8042_stat=0x34 bios_kbd_head=0x0024 bios_kbd_tail=0x0024 bios_kbd_buf0=0x1265
[11:53:28] [info] dirty-rect block @flip=600: total_calls=0 dirty_rects_avg=1 dirty_pct_x10=1000 forced_full=0 first_n_force=0 threshold_exceeded=0 dirty_path_taken=0 full_flush_taken=0
[11:53:28] [info] prev-frame-diff block @flip=600: diff_calls=0 diff_rects_avg=0 diff_dirty_pct_x10=0 bbox_pct_x10=0 bbox_thresh_exceeded=0
[11:53:29] [info] flip-probe: flip #610 ok=true present=2ms inter_flip_ms=52 drawcalls-since-flip=103 drawcalls-total=51872 fail-total=0 null-skips-total=0
[11:53:30] [info] flip-probe: flip #620 ok=true present=3ms inter_flip_ms=57 drawcalls-since-flip=114 drawcalls-total=52954 fail-total=0 null-skips-total=0
[11:53:30] [info] flip-probe: flip #630 ok=true present=3ms inter_flip_ms=59 drawcalls-since-flip=105 drawcalls-total=54057 fail-total=0 null-skips-total=0
[11:53:31] [info] backdrop cache: thrashing-detect engaged (streak=4, route=direct)
[11:53:31] [info] flip-probe: flip #640 ok=true present=4ms inter_flip_ms=56 drawcalls-since-flip=113 drawcalls-total=55157 fail-total=0 null-skips-total=0
[11:53:31] [info] flip-probe: flip #650 ok=true present=3ms inter_flip_ms=58 drawcalls-since-flip=120 drawcalls-total=56336 fail-total=0 null-skips-total=0
[11:53:32] [info] flip-probe: flip #660 ok=true present=3ms inter_flip_ms=55 drawcalls-since-flip=110 drawcalls-total=57494 fail-total=0 null-skips-total=0
[11:53:32] [info] flip-probe: flip #670 ok=true present=3ms inter_flip_ms=50 drawcalls-since-flip=115 drawcalls-total=58641 fail-total=0 null-skips-total=0
[11:53:33] [info] run_tick_fixed #1500: heartbeat (loop alive)
[11:53:33] [info] flip-probe: flip #680 ok=true present=3ms inter_flip_ms=91 drawcalls-since-flip=392 drawcalls-total=60548 fail-total=0 null-skips-total=0
[11:53:33] [info]  >> Entering stage 11: 'Mimiga Village'.
[11:53:33] [info] [skip-sheet-flush] cave=5
[11:53:34] [info] [load-stage] preloading entry music song=9 (cave=5)
[11:53:34] [info] [music-dispatch] tick=1522 song=9 (prev 13)
[11:53:34] [info] opl3 backend: on_song_stop
[11:53:34] [info] MidiScheduler::load: parsed 'data/orgmid2/mura.mid' = 2863 events at 48 PPQ
[11:53:34] [info] opl3 backend: on_song_start
[11:53:34] [info] gameloop: entered (curmap=11, running=1)
[11:53:34] [info] gameloop: iter 1 ticks=70547 mapno=-1
[11:53:34] [info] mds-clear-lut: rebuilt N=240 entries (k_skip=0% k_keep=100%; curmap=11 map_size=60x60; rebuild #3 since boot)
[11:53:34] [info] gameloop: iter 2 ticks=70637 mapno=-1
[11:53:34] [info] gameloop: iter 3 ticks=70734 mapno=-1
[11:53:34] [info] backdrop cache: thrashing-detect engaged (streak=4, route=direct)
[11:53:35] [info] flip-probe: flip #690 ok=true present=3ms inter_flip_ms=70 drawcalls-since-flip=240 drawcalls-total=63795 fail-total=0 null-skips-total=0
[11:53:35] [info] flip-probe: flip #700 ok=true present=3ms inter_flip_ms=44 drawcalls-since-flip=40 drawcalls-total=64485 fail-total=0 null-skips-total=0
[11:53:35] [info] alpha audit block 0: 13341 total drawcalls, 0 with alpha<255 (block pct_x10=0; global 0/59976 pct_x10=0); alpha-mod skipped: block=0 global=0
[11:53:35] [info] fastpath audit block 0: taken=13341 (idx8=13341) skipped=0 pct_x10=1000; global taken=59976 (idx8=59976) skipped=0 pct_x10=1000
[11:53:35] [info] primitive tally block 0: clear=201(hr=201) fill=0(hr=0) rect=0(hr=0) line=0(hr=0) tint=0 spotlight=0 (over 100 flips ending at flip 700)
[11:53:35] [info] color/alpha audit block 0: cmod_white=208 cmod_black=208 (idx=208) cmod_general=0 (idx=0) cmod_fb=0; alpha_taken=0 alpha_skipped=0 (global cmod=4834/3328/693/0 idx=3328/693 alpha=0/0)
[11:53:35] [info] phase timing block 0: drawcalls=13965 dc_total_ms=1166 flip_inner_total_ms=514 inter_flip_total_ms=6830 (per-flip avg x10: dc_ms=116 fi_ms=51 if_ms=683 derived audio+engine_ms=516; per-drawcall avg us_x10=835) [direct-vesa: presents=100 total_ms=282 avg_ms_x10=28 failed=0] [ablation: NO_DC_TIMING=0 CACHE_WINSURF=0 DIRECT_VESA=1]
[11:53:35] [info] kbd/audio block 0: kbd_irq=0 kbd_drain=0 ring_chunks=16 pump_pass=1570 pic1_mask=0xb8 first_irq_ticks=0 install_ticks=0 vector_at_install=0x0083e390 pic1_mask_live=0x38 kbd_8042_stat=0x34 bios_kbd_head=0x0024 bios_kbd_tail=0x0024 bios_kbd_buf0=0x1265
[11:53:35] [info] dirty-rect block @flip=700: total_calls=0 dirty_rects_avg=1 dirty_pct_x10=1000 forced_full=0 first_n_force=0 threshold_exceeded=0 dirty_path_taken=0 full_flush_taken=0
[11:53:35] [info] prev-frame-diff block @flip=700: diff_calls=0 diff_rects_avg=0 diff_dirty_pct_x10=0 bbox_pct_x10=0 bbox_thresh_exceeded=0
[11:53:36] [info] flip-probe: flip #710 ok=true present=3ms inter_flip_ms=44 drawcalls-since-flip=40 drawcalls-total=64885 fail-total=0 null-skips-total=0
[11:53:36] [info] flip-probe: flip #720 ok=true present=3ms inter_flip_ms=44 drawcalls-since-flip=40 drawcalls-total=65285 fail-total=0 null-skips-total=0
[11:53:37] [info] flip-probe: flip #730 ok=true present=3ms inter_flip_ms=44 drawcalls-since-flip=40 drawcalls-total=65685 fail-total=0 null-skips-total=0
[11:53:37] [info] flip-probe: flip #740 ok=true present=3ms inter_flip_ms=43 drawcalls-since-flip=40 drawcalls-total=66093 fail-total=0 null-skips-total=0
[11:53:37] [info] backdrop cache: thrashing-detect engaged (streak=64, route=direct)
[11:53:37] [info] flip-probe: flip #750 ok=true present=3ms inter_flip_ms=43 drawcalls-since-flip=40 drawcalls-total=66495 fail-total=0 null-skips-total=0
[11:53:38] [info] flip-probe: flip #760 ok=true present=3ms inter_flip_ms=46 drawcalls-since-flip=41 drawcalls-total=66904 fail-total=0 null-skips-total=0
[11:53:38] [info] flip-probe: flip #770 ok=true present=2ms inter_flip_ms=42 drawcalls-since-flip=42 drawcalls-total=67320 fail-total=0 null-skips-total=0
[11:53:39] [info] flip-probe: flip #780 ok=true present=3ms inter_flip_ms=44 drawcalls-since-flip=41 drawcalls-total=67731 fail-total=0 null-skips-total=0
[11:53:39] [info] flip-probe: flip #790 ok=true present=3ms inter_flip_ms=43 drawcalls-since-flip=41 drawcalls-total=68141 fail-total=0 null-skips-total=0
[11:53:40] [info] flip-probe: flip #800 ok=true present=2ms inter_flip_ms=42 drawcalls-since-flip=44 drawcalls-total=68578 fail-total=0 null-skips-total=0
[11:53:40] [info] alpha audit block 0: 2693 total drawcalls, 0 with alpha<255 (block pct_x10=0; global 0/62669 pct_x10=0); alpha-mod skipped: block=0 global=0
[11:53:40] [info] fastpath audit block 0: taken=2693 (idx8=2693) skipped=0 pct_x10=1000; global taken=62669 (idx8=62669) skipped=0 pct_x10=1000
[11:53:40] [info] primitive tally block 0: clear=200(hr=200) fill=0(hr=0) rect=0(hr=0) line=0(hr=0) tint=0 spotlight=0 (over 100 flips ending at flip 800)
[11:53:40] [info] color/alpha audit block 0: cmod_white=1300 cmod_black=1300 (idx=1300) cmod_general=0 (idx=0) cmod_fb=0; alpha_taken=0 alpha_skipped=0 (global cmod=6134/4628/693/0 idx=4628/693 alpha=0/0)
[11:53:40] [info] phase timing block 0: drawcalls=5493 dc_total_ms=771 flip_inner_total_ms=736 inter_flip_total_ms=4523 (per-flip avg x10: dc_ms=77 fi_ms=73 if_ms=452 derived audio+engine_ms=302; per-drawcall avg us_x10=1405) [direct-vesa: presents=100 total_ms=282 avg_ms_x10=28 failed=0] [ablation: NO_DC_TIMING=0 CACHE_WINSURF=0 DIRECT_VESA=1]
[11:53:40] [info] kbd/audio block 0: kbd_irq=0 kbd_drain=0 ring_chunks=16 pump_pass=1796 pic1_mask=0xb8 first_irq_ticks=0 install_ticks=0 vector_at_install=0x0083e390 pic1_mask_live=0x38 kbd_8042_stat=0x34 bios_kbd_head=0x0024 bios_kbd_tail=0x0024 bios_kbd_buf0=0x1265
[11:53:40] [info] dirty-rect block @flip=800: total_calls=0 dirty_rects_avg=1 dirty_pct_x10=1000 forced_full=0 first_n_force=0 threshold_exceeded=0 dirty_path_taken=0 full_flush_taken=0
[11:53:40] [info] prev-frame-diff block @flip=800: diff_calls=0 diff_rects_avg=0 diff_dirty_pct_x10=0 bbox_pct_x10=0 bbox_thresh_exceeded=0
[11:53:40] [info] tas: stall frame 318 ms -> contributing 1 tick (patch 0286)
[11:53:40] [info] backdrop cache: thrashing-detect engaged (streak=124, route=direct)
[11:53:40] [info] flip-probe: flip #810 ok=true present=3ms inter_flip_ms=41 drawcalls-since-flip=18 drawcalls-total=68862 fail-total=0 null-skips-total=0
[11:53:41] [info] flip-probe: flip #820 ok=true present=4ms inter_flip_ms=38 drawcalls-since-flip=18 drawcalls-total=69042 fail-total=0 null-skips-total=0
[11:53:41] [info] flip-probe: flip #830 ok=true present=3ms inter_flip_ms=39 drawcalls-since-flip=17 drawcalls-total=69217 fail-total=0 null-skips-total=0
[11:53:42] [info] flip-probe: flip #840 ok=true present=3ms inter_flip_ms=39 drawcalls-since-flip=17 drawcalls-total=69383 fail-total=0 null-skips-total=0
[11:53:42] [info] flip-probe: flip #850 ok=true present=3ms inter_flip_ms=41 drawcalls-since-flip=16 drawcalls-total=69550 fail-total=0 null-skips-total=0
[11:53:42] [info] flip-probe: flip #860 ok=true present=3ms inter_flip_ms=39 drawcalls-since-flip=16 drawcalls-total=69710 fail-total=0 null-skips-total=0
[11:53:43] [info] backdrop cache: thrashing-detect engaged (streak=184, route=direct)
[11:53:43] [info] flip-probe: flip #870 ok=true present=3ms inter_flip_ms=39 drawcalls-since-flip=16 drawcalls-total=69870 fail-total=0 null-skips-total=0
[11:53:43] [info] flip-probe: flip #880 ok=true present=3ms inter_flip_ms=39 drawcalls-since-flip=16 drawcalls-total=70030 fail-total=0 null-skips-total=0
[11:53:44] [info] flip-probe: flip #890 ok=true present=3ms inter_flip_ms=42 drawcalls-since-flip=27 drawcalls-total=70245 fail-total=0 null-skips-total=0
[11:53:44] [info] flip-probe: flip #900 ok=true present=3ms inter_flip_ms=44 drawcalls-since-flip=24 drawcalls-total=70509 fail-total=0 null-skips-total=0
[11:53:44] [info] alpha audit block 0: 1779 total drawcalls, 0 with alpha<255 (block pct_x10=0; global 0/64448 pct_x10=0); alpha-mod skipped: block=0 global=0
[11:53:44] [info] fastpath audit block 0: taken=1779 (idx8=1779) skipped=0 pct_x10=1000; global taken=64448 (idx8=64448) skipped=0 pct_x10=1000
[11:53:44] [info] primitive tally block 0: clear=200(hr=200) fill=0(hr=0) rect=0(hr=0) line=0(hr=0) tint=0 spotlight=0 (over 100 flips ending at flip 900)
[11:53:44] [info] color/alpha audit block 0: cmod_white=52 cmod_black=52 (idx=52) cmod_general=0 (idx=0) cmod_fb=0; alpha_taken=0 alpha_skipped=0 (global cmod=6186/4680/693/0 idx=4680/693 alpha=0/0)
[11:53:44] [info] phase timing block 0: drawcalls=2083 dc_total_ms=557 flip_inner_total_ms=514 inter_flip_total_ms=4409 (per-flip avg x10: dc_ms=55 fi_ms=51 if_ms=440 derived audio+engine_ms=334; per-drawcall avg us_x10=2678) [direct-vesa: presents=100 total_ms=284 avg_ms_x10=28 failed=0] [ablation: NO_DC_TIMING=0 CACHE_WINSURF=0 DIRECT_VESA=1]
[11:53:44] [info] kbd/audio block 0: kbd_irq=0 kbd_drain=0 ring_chunks=16 pump_pass=2002 pic1_mask=0xb8 first_irq_ticks=0 install_ticks=0 vector_at_install=0x0083e390 pic1_mask_live=0x38 kbd_8042_stat=0x34 bios_kbd_head=0x0024 bios_kbd_tail=0x0024 bios_kbd_buf0=0x1265
[11:53:44] [info] dirty-rect block @flip=900: total_calls=0 dirty_rects_avg=1 dirty_pct_x10=1000 forced_full=0 first_n_force=0 threshold_exceeded=0 dirty_path_taken=0 full_flush_taken=0
[11:53:44] [info] prev-frame-diff block @flip=900: diff_calls=0 diff_rects_avg=0 diff_dirty_pct_x10=0 bbox_pct_x10=0 bbox_thresh_exceeded=0
[11:53:45] [info] flip-probe: flip #910 ok=true present=3ms inter_flip_ms=39 drawcalls-since-flip=17 drawcalls-total=70725 fail-total=0 null-skips-total=0
[11:53:45] [info] flip-probe: flip #920 ok=true present=3ms inter_flip_ms=64 drawcalls-since-flip=231 drawcalls-total=71523 fail-total=0 null-skips-total=0
[11:53:45] [info]  >> Entering stage 15: 'Reservoir'.
[11:53:45] [info] [skip-sheet-flush] cave=6
[11:53:46] [info] [load-stage] preloading entry music song=9 (cave=6)
[11:53:46] [info] gameloop: entered (curmap=15, running=1)
[11:53:46] [info] gameloop: iter 1 ticks=82424 mapno=-1
[11:53:46] [info] mds-clear-lut: rebuilt N=240 entries (k_skip=13% k_keep=87%; curmap=15 map_size=40x20; rebuild #4 since boot)
[11:53:46] [info] gameloop: iter 2 ticks=82518 mapno=-1
[11:53:46] [info] gameloop: iter 3 ticks=82599 mapno=-1
[11:53:46] [info] flip-probe: flip #930 ok=true present=3ms inter_flip_ms=74 drawcalls-since-flip=336 drawcalls-total=74388 fail-total=0 null-skips-total=0
[11:53:47] [info] run_tick_fixed #2100: heartbeat (loop alive)
[11:53:47] [info] flip-probe: flip #940 ok=true present=3ms inter_flip_ms=38 drawcalls-since-flip=31 drawcalls-total=75603 fail-total=0 null-skips-total=0
[11:53:47] [info] flip-probe: flip #950 ok=true present=2ms inter_flip_ms=38 drawcalls-since-flip=31 drawcalls-total=75913 fail-total=0 null-skips-total=0
[11:53:48] [info] flip-probe: flip #960 ok=true present=3ms inter_flip_ms=38 drawcalls-since-flip=31 drawcalls-total=76223 fail-total=0 null-skips-total=0
[11:53:48] [info] backdrop cache: thrashing-detect engaged (streak=4, route=direct)
[11:53:48] [info] flip-probe: flip #970 ok=true present=3ms inter_flip_ms=42 drawcalls-since-flip=33 drawcalls-total=76539 fail-total=0 null-skips-total=0
[11:53:48] [info] flip-probe: flip #980 ok=true present=2ms inter_flip_ms=40 drawcalls-since-flip=34 drawcalls-total=76876 fail-total=0 null-skips-total=0
[11:53:49] [info] flip-probe: flip #990 ok=true present=3ms inter_flip_ms=39 drawcalls-since-flip=31 drawcalls-total=77193 fail-total=0 null-skips-total=0
[11:53:49] [info] flip-probe: flip #1000 ok=true present=3ms inter_flip_ms=46 drawcalls-since-flip=31 drawcalls-total=77503 fail-total=0 null-skips-total=0
[11:53:49] [info] alpha audit block 0: 6228 total drawcalls, 0 with alpha<255 (block pct_x10=0; global 0/70676 pct_x10=0); alpha-mod skipped: block=0 global=0
[11:53:49] [info] fastpath audit block 0: taken=6228 (idx8=6228) skipped=0 pct_x10=1000; global taken=70676 (idx8=70676) skipped=0 pct_x10=1000
[11:53:49] [info] primitive tally block 0: clear=201(hr=201) fill=0(hr=0) rect=0(hr=0) line=0(hr=0) tint=0 spotlight=0 (over 100 flips ending at flip 1000)
[11:53:49] [info] color/alpha audit block 0: cmod_white=666 cmod_black=666 (idx=666) cmod_general=0 (idx=0) cmod_fb=0; alpha_taken=0 alpha_skipped=0 (global cmod=6852/5346/693/0 idx=5346/693 alpha=0/0)
[11:53:49] [info] phase timing block 0: drawcalls=7802 dc_total_ms=1176 flip_inner_total_ms=530 inter_flip_total_ms=5272 (per-flip avg x10: dc_ms=117 fi_ms=53 if_ms=527 derived audio+engine_ms=357; per-drawcall avg us_x10=1507) [direct-vesa: presents=100 total_ms=281 avg_ms_x10=28 failed=0] [ablation: NO_DC_TIMING=0 CACHE_WINSURF=0 DIRECT_VESA=1]
[11:53:49] [info] kbd/audio block 0: kbd_irq=0 kbd_drain=0 ring_chunks=16 pump_pass=2235 pic1_mask=0xb8 first_irq_ticks=0 install_ticks=0 vector_at_install=0x0083e390 pic1_mask_live=0x38 kbd_8042_stat=0x34 bios_kbd_head=0x0024 bios_kbd_tail=0x0024 bios_kbd_buf0=0x1265
[11:53:49] [info] dirty-rect block @flip=1000: total_calls=0 dirty_rects_avg=1 dirty_pct_x10=1000 forced_full=0 first_n_force=0 threshold_exceeded=0 dirty_path_taken=0 full_flush_taken=0
[11:53:49] [info] prev-frame-diff block @flip=1000: diff_calls=0 diff_rects_avg=0 diff_dirty_pct_x10=0 bbox_pct_x10=0 bbox_thresh_exceeded=0
[11:53:50] [info] flip-probe: flip #1010 ok=true present=3ms inter_flip_ms=40 drawcalls-since-flip=32 drawcalls-total=77815 fail-total=0 null-skips-total=0
[11:53:50] [info] tas: stall frame 211 ms -> contributing 1 tick (patch 0286)
[11:53:50] [info] tas: stall frame 264 ms -> contributing 1 tick (patch 0286)
[11:53:51] [info] flip-probe: flip #1020 ok=true present=3ms inter_flip_ms=39 drawcalls-since-flip=33 drawcalls-total=78144 fail-total=0 null-skips-total=0
[11:53:51] [info] backdrop cache: thrashing-detect engaged (streak=64, route=direct)
[11:53:51] [info] flip-probe: flip #1030 ok=true present=3ms inter_flip_ms=39 drawcalls-since-flip=34 drawcalls-total=78477 fail-total=0 null-skips-total=0
[11:53:51] [info] flip-probe: flip #1040 ok=true present=2ms inter_flip_ms=42 drawcalls-since-flip=35 drawcalls-total=78818 fail-total=0 null-skips-total=0
[11:53:52] [info] flip-probe: flip #1050 ok=true present=2ms inter_flip_ms=39 drawcalls-since-flip=17 drawcalls-total=79096 fail-total=0 null-skips-total=0
[11:53:52] [info] flip-probe: flip #1060 ok=true present=3ms inter_flip_ms=35 drawcalls-since-flip=17 drawcalls-total=79266 fail-total=0 null-skips-total=0
[11:53:53] [info] flip-probe: flip #1070 ok=true present=3ms inter_flip_ms=39 drawcalls-since-flip=16 drawcalls-total=79435 fail-total=0 null-skips-total=0
[11:53:53] [info] flip-probe: flip #1080 ok=true present=3ms inter_flip_ms=36 drawcalls-since-flip=16 drawcalls-total=79595 fail-total=0 null-skips-total=0
[11:53:53] [info] run_tick_fixed #2400: heartbeat (loop alive)
[11:53:53] [info] backdrop cache: thrashing-detect engaged (streak=124, route=direct)
[11:53:53] [info] flip-probe: flip #1090 ok=true present=3ms inter_flip_ms=39 drawcalls-since-flip=14 drawcalls-total=79741 fail-total=0 null-skips-total=0
[11:53:54] [info] flip-probe: flip #1100 ok=true present=3ms inter_flip_ms=35 drawcalls-since-flip=16 drawcalls-total=79887 fail-total=0 null-skips-total=0
[11:53:54] [info] alpha audit block 0: 1870 total drawcalls, 0 with alpha<255 (block pct_x10=0; global 0/72546 pct_x10=0); alpha-mod skipped: block=0 global=0
[11:53:54] [info] fastpath audit block 0: taken=1870 (idx8=1870) skipped=0 pct_x10=1000; global taken=72546 (idx8=72546) skipped=0 pct_x10=1000
[11:53:54] [info] primitive tally block 0: clear=200(hr=200) fill=0(hr=0) rect=0(hr=0) line=0(hr=0) tint=0 spotlight=0 (over 100 flips ending at flip 1100)
[11:53:54] [info] color/alpha audit block 0: cmod_white=414 cmod_black=414 (idx=414) cmod_general=0 (idx=0) cmod_fb=0; alpha_taken=0 alpha_skipped=0 (global cmod=7266/5760/693/0 idx=5760/693 alpha=0/0)
[11:53:54] [info] phase timing block 0: drawcalls=2898 dc_total_ms=579 flip_inner_total_ms=515 inter_flip_total_ms=4479 (per-flip avg x10: dc_ms=57 fi_ms=51 if_ms=447 derived audio+engine_ms=339; per-drawcall avg us_x10=1999) [direct-vesa: presents=100 total_ms=283 avg_ms_x10=28 failed=0] [ablation: NO_DC_TIMING=0 CACHE_WINSURF=0 DIRECT_VESA=1]
[11:53:54] [info] kbd/audio block 0: kbd_irq=0 kbd_drain=0 ring_chunks=16 pump_pass=2437 pic1_mask=0xb8 first_irq_ticks=0 install_ticks=0 vector_at_install=0x0083e390 pic1_mask_live=0x38 kbd_8042_stat=0x34 bios_kbd_head=0x0024 bios_kbd_tail=0x0024 bios_kbd_buf0=0x1265
[11:53:54] [info] dirty-rect block @flip=1100: total_calls=0 dirty_rects_avg=1 dirty_pct_x10=1000 forced_full=0 first_n_force=0 threshold_exceeded=0 dirty_path_taken=0 full_flush_taken=0
[11:53:54] [info] prev-frame-diff block @flip=1100: diff_calls=0 diff_rects_avg=0 diff_dirty_pct_x10=0 bbox_pct_x10=0 bbox_thresh_exceeded=0
[11:53:54] [info] flip-probe: flip #1110 ok=true present=3ms inter_flip_ms=38 drawcalls-since-flip=16 drawcalls-total=80050 fail-total=0 null-skips-total=0
[11:53:55] [info] flip-probe: flip #1120 ok=true present=3ms inter_flip_ms=38 drawcalls-since-flip=16 drawcalls-total=80210 fail-total=0 null-skips-total=0
[11:53:55] [info] flip-probe: flip #1130 ok=true present=3ms inter_flip_ms=37 drawcalls-since-flip=13 drawcalls-total=80352 fail-total=0 null-skips-total=0
[11:53:55] [info] flip-probe: flip #1140 ok=true present=3ms inter_flip_ms=44 drawcalls-since-flip=14 drawcalls-total=80485 fail-total=0 null-skips-total=0
[11:53:56] [info] backdrop cache: thrashing-detect engaged (streak=4, route=direct)
[11:53:56] [info] flip-probe: flip #1150 ok=true present=3ms inter_flip_ms=39 drawcalls-since-flip=14 drawcalls-total=80625 fail-total=0 null-skips-total=0
[11:53:56] [info] flip-probe: flip #1160 ok=true present=3ms inter_flip_ms=37 drawcalls-since-flip=13 drawcalls-total=80760 fail-total=0 null-skips-total=0
[11:53:57] [info] flip-probe: flip #1170 ok=true present=3ms inter_flip_ms=40 drawcalls-since-flip=22 drawcalls-total=80910 fail-total=0 null-skips-total=0
[11:53:57] [info] flip-probe: flip #1180 ok=true present=3ms inter_flip_ms=38 drawcalls-since-flip=24 drawcalls-total=81148 fail-total=0 null-skips-total=0
[11:53:57] [info] flip-probe: flip #1190 ok=true present=3ms inter_flip_ms=38 drawcalls-since-flip=18 drawcalls-total=81362 fail-total=0 null-skips-total=0
[11:53:58] [info] flip-probe: flip #1200 ok=true present=3ms inter_flip_ms=37 drawcalls-since-flip=14 drawcalls-total=81542 fail-total=0 null-skips-total=0
[11:53:58] [info] alpha audit block 0: 1555 total drawcalls, 0 with alpha<255 (block pct_x10=0; global 0/74101 pct_x10=0); alpha-mod skipped: block=0 global=0
[11:53:58] [info] fastpath audit block 0: taken=1555 (idx8=1555) skipped=0 pct_x10=1000; global taken=74101 (idx8=74101) skipped=0 pct_x10=1000
[11:53:58] [info] primitive tally block 0: clear=200(hr=200) fill=0(hr=0) rect=0(hr=0) line=0(hr=0) tint=0 spotlight=0 (over 100 flips ending at flip 1200)
[11:53:58] [info] phase timing block 0: drawcalls=1784 dc_total_ms=630 flip_inner_total_ms=520 inter_flip_total_ms=4084 (per-flip avg x10: dc_ms=63 fi_ms=52 if_ms=408 derived audio+engine_ms=293; per-drawcall avg us_x10=3531) [direct-vesa: presents=100 total_ms=285 avg_ms_x10=28 failed=0] [ablation: NO_DC_TIMING=0 CACHE_WINSURF=0 DIRECT_VESA=1]
[11:53:58] [info] kbd/audio block 0: kbd_irq=0 kbd_drain=0 ring_chunks=16 pump_pass=2642 pic1_mask=0xb8 first_irq_ticks=0 install_ticks=0 vector_at_install=0x0083e390 pic1_mask_live=0x38 kbd_8042_stat=0x34 bios_kbd_head=0x0024 bios_kbd_tail=0x0024 bios_kbd_buf0=0x1265
[11:53:58] [info] dirty-rect block @flip=1200: total_calls=0 dirty_rects_avg=1 dirty_pct_x10=1000 forced_full=0 first_n_force=0 threshold_exceeded=0 dirty_path_taken=0 full_flush_taken=0
[11:53:58] [info] prev-frame-diff block @flip=1200: diff_calls=0 diff_rects_avg=0 diff_dirty_pct_x10=0 bbox_pct_x10=0 bbox_thresh_exceeded=0
[11:53:58] [info] backdrop cache: thrashing-detect engaged (streak=64, route=direct)
[11:53:58] [info] flip-probe: flip #1210 ok=true present=3ms inter_flip_ms=37 drawcalls-since-flip=13 drawcalls-total=81676 fail-total=0 null-skips-total=0
[11:53:59] [info] flip-probe: flip #1220 ok=true present=3ms inter_flip_ms=35 drawcalls-since-flip=13 drawcalls-total=81806 fail-total=0 null-skips-total=0
[11:53:59] [info] flip-probe: flip #1230 ok=true present=3ms inter_flip_ms=37 drawcalls-since-flip=13 drawcalls-total=81936 fail-total=0 null-skips-total=0
[11:54:00] [info] flip-probe: flip #1240 ok=true present=4ms inter_flip_ms=68 drawcalls-since-flip=318 drawcalls-total=84241 fail-total=0 null-skips-total=0
[11:54:00] [info]  >> Entering stage 11: 'Mimiga Village'.
[11:54:00] [info] [skip-sheet-flush] cave=7
[11:54:00] [info] [load-stage] preloading entry music song=9 (cave=7)
[11:54:00] [info] gameloop: entered (curmap=11, running=1)
[11:54:00] [info] gameloop: iter 1 ticks=96803 mapno=-1
[11:54:00] [info] mds-clear-lut: rebuilt N=240 entries (k_skip=0% k_keep=100%; curmap=11 map_size=60x60; rebuild #5 since boot)
[11:54:00] [info] gameloop: iter 2 ticks=96897 mapno=-1
[11:54:01] [info] gameloop: iter 3 ticks=96981 mapno=-1
[11:54:01] [info] flip-probe: flip #1250 ok=true present=3ms inter_flip_ms=55 drawcalls-since-flip=137 drawcalls-total=86423 fail-total=0 null-skips-total=0
[11:54:01] [info] flip-probe: flip #1260 ok=true present=3ms inter_flip_ms=43 drawcalls-since-flip=42 drawcalls-total=86903 fail-total=0 null-skips-total=0
[11:54:02] [info] flip-probe: flip #1270 ok=true present=3ms inter_flip_ms=42 drawcalls-since-flip=42 drawcalls-total=87323 fail-total=0 null-skips-total=0
[11:54:02] [info] flip-probe: flip #1280 ok=true present=3ms inter_flip_ms=56 drawcalls-since-flip=53 drawcalls-total=87754 fail-total=0 null-skips-total=0
[11:54:03] [info] backdrop cache: thrashing-detect engaged (streak=4, route=direct)
[11:54:03] [info] flip-probe: flip #1290 ok=true present=3ms inter_flip_ms=57 drawcalls-since-flip=50 drawcalls-total=88277 fail-total=0 null-skips-total=0
[11:54:03] [info] flip-probe: flip #1300 ok=true present=3ms inter_flip_ms=45 drawcalls-since-flip=48 drawcalls-total=88751 fail-total=0 null-skips-total=0
[11:54:03] [info] alpha audit block 0: 6355 total drawcalls, 0 with alpha<255 (block pct_x10=0; global 0/80456 pct_x10=0); alpha-mod skipped: block=0 global=0
[11:54:03] [info] fastpath audit block 0: taken=6355 (idx8=6355) skipped=0 pct_x10=1000; global taken=80456 (idx8=80456) skipped=0 pct_x10=1000
[11:54:03] [info] primitive tally block 0: clear=202(hr=202) fill=0(hr=0) rect=0(hr=0) line=0(hr=0) tint=0 spotlight=0 (over 100 flips ending at flip 1300)
[11:54:03] [info] color/alpha audit block 0: cmod_white=754 cmod_black=754 (idx=754) cmod_general=0 (idx=0) cmod_fb=0; alpha_taken=0 alpha_skipped=0 (global cmod=8020/6514/693/0 idx=6514/693 alpha=0/0)
[11:54:03] [info] phase timing block 0: drawcalls=8112 dc_total_ms=1225 flip_inner_total_ms=525 inter_flip_total_ms=5397 (per-flip avg x10: dc_ms=122 fi_ms=52 if_ms=539 derived audio+engine_ms=365; per-drawcall avg us_x10=1510) [direct-vesa: presents=100 total_ms=287 avg_ms_x10=28 failed=0] [ablation: NO_DC_TIMING=0 CACHE_WINSURF=0 DIRECT_VESA=1]
[11:54:03] [info] kbd/audio block 0: kbd_irq=0 kbd_drain=0 ring_chunks=16 pump_pass=2880 pic1_mask=0xb8 first_irq_ticks=0 install_ticks=0 vector_at_install=0x0083e390 pic1_mask_live=0x38 kbd_8042_stat=0x34 bios_kbd_head=0x0024 bios_kbd_tail=0x0024 bios_kbd_buf0=0x1265
[11:54:03] [info] dirty-rect block @flip=1300: total_calls=0 dirty_rects_avg=1 dirty_pct_x10=1000 forced_full=0 first_n_force=0 threshold_exceeded=0 dirty_path_taken=0 full_flush_taken=0
[11:54:03] [info] prev-frame-diff block @flip=1300: diff_calls=0 diff_rects_avg=0 diff_dirty_pct_x10=0 bbox_pct_x10=0 bbox_thresh_exceeded=0
[11:54:04] [info] flip-probe: flip #1310 ok=true present=3ms inter_flip_ms=47 drawcalls-since-flip=43 drawcalls-total=89203 fail-total=0 null-skips-total=0
[11:54:04] [info] flip-probe: flip #1320 ok=true present=3ms inter_flip_ms=44 drawcalls-since-flip=44 drawcalls-total=89642 fail-total=0 null-skips-total=0
[11:54:05] [info] flip-probe: flip #1330 ok=true present=3ms inter_flip_ms=44 drawcalls-since-flip=47 drawcalls-total=90085 fail-total=0 null-skips-total=0
[11:54:05] [info] flip-probe: flip #1340 ok=true present=3ms inter_flip_ms=44 drawcalls-since-flip=44 drawcalls-total=90531 fail-total=0 null-skips-total=0
[11:54:06] [info] backdrop cache: thrashing-detect engaged (streak=64, route=direct)
[11:54:06] [info] flip-probe: flip #1350 ok=true present=3ms inter_flip_ms=50 drawcalls-since-flip=44 drawcalls-total=90971 fail-total=0 null-skips-total=0
[11:54:06] [info] flip-probe: flip #1360 ok=true present=3ms inter_flip_ms=41 drawcalls-since-flip=44 drawcalls-total=91411 fail-total=0 null-skips-total=0
[11:54:06] [info] flip-probe: flip #1370 ok=true present=3ms inter_flip_ms=40 drawcalls-since-flip=18 drawcalls-total=91643 fail-total=0 null-skips-total=0
[11:54:07] [info] flip-probe: flip #1380 ok=true present=2ms inter_flip_ms=39 drawcalls-since-flip=17 drawcalls-total=91822 fail-total=0 null-skips-total=0
[11:54:07] [info] flip-probe: flip #1390 ok=true present=3ms inter_flip_ms=40 drawcalls-since-flip=17 drawcalls-total=91992 fail-total=0 null-skips-total=0
[11:54:08] [info] flip-probe: flip #1400 ok=true present=3ms inter_flip_ms=38 drawcalls-since-flip=17 drawcalls-total=92162 fail-total=0 null-skips-total=0
[11:54:08] [info] alpha audit block 0: 2505 total drawcalls, 0 with alpha<255 (block pct_x10=0; global 0/82961 pct_x10=0); alpha-mod skipped: block=0 global=0
[11:54:08] [info] fastpath audit block 0: taken=2505 (idx8=2505) skipped=0 pct_x10=1000; global taken=82961 (idx8=82961) skipped=0 pct_x10=1000
[11:54:08] [info] primitive tally block 0: clear=200(hr=200) fill=0(hr=0) rect=0(hr=0) line=0(hr=0) tint=0 spotlight=0 (over 100 flips ending at flip 1400)
[11:54:08] [info] color/alpha audit block 0: cmod_white=806 cmod_black=806 (idx=806) cmod_general=0 (idx=0) cmod_fb=0; alpha_taken=0 alpha_skipped=0 (global cmod=8826/7320/693/0 idx=7320/693 alpha=0/0)
[11:54:08] [info] phase timing block 0: drawcalls=4317 dc_total_ms=701 flip_inner_total_ms=737 inter_flip_total_ms=4429 (per-flip avg x10: dc_ms=70 fi_ms=73 if_ms=442 derived audio+engine_ms=299; per-drawcall avg us_x10=1625) [direct-vesa: presents=100 total_ms=283 avg_ms_x10=28 failed=0] [ablation: NO_DC_TIMING=0 CACHE_WINSURF=0 DIRECT_VESA=1]
[11:54:08] [info] kbd/audio block 0: kbd_irq=0 kbd_drain=0 ring_chunks=16 pump_pass=3101 pic1_mask=0xb8 first_irq_ticks=0 install_ticks=0 vector_at_install=0x0083e390 pic1_mask_live=0x38 kbd_8042_stat=0x34 bios_kbd_head=0x0024 bios_kbd_tail=0x0024 bios_kbd_buf0=0x1265
[11:54:08] [info] dirty-rect block @flip=1400: total_calls=0 dirty_rects_avg=1 dirty_pct_x10=1000 forced_full=0 first_n_force=0 threshold_exceeded=0 dirty_path_taken=0 full_flush_taken=0
[11:54:08] [info] prev-frame-diff block @flip=1400: diff_calls=0 diff_rects_avg=0 diff_dirty_pct_x10=0 bbox_pct_x10=0 bbox_thresh_exceeded=0
[11:54:08] [info] tas: stall frame 322 ms -> contributing 1 tick (patch 0286)
[11:54:08] [info] backdrop cache: thrashing-detect engaged (streak=124, route=direct)
[11:54:08] [info] flip-probe: flip #1410 ok=true present=3ms inter_flip_ms=46 drawcalls-since-flip=16 drawcalls-total=92322 fail-total=0 null-skips-total=0
[11:54:09] [info] flip-probe: flip #1420 ok=true present=3ms inter_flip_ms=39 drawcalls-since-flip=17 drawcalls-total=92487 fail-total=0 null-skips-total=0
[11:54:09] [info] flip-probe: flip #1430 ok=true present=2ms inter_flip_ms=42 drawcalls-since-flip=18 drawcalls-total=92664 fail-total=0 null-skips-total=0
[11:54:10] [info] flip-probe: flip #1440 ok=true present=3ms inter_flip_ms=40 drawcalls-since-flip=18 drawcalls-total=92844 fail-total=0 null-skips-total=0
[11:54:10] [info] flip-probe: flip #1450 ok=true present=3ms inter_flip_ms=41 drawcalls-since-flip=17 drawcalls-total=93023 fail-total=0 null-skips-total=0
[11:54:11] [info] flip-probe: flip #1460 ok=true present=3ms inter_flip_ms=43 drawcalls-since-flip=17 drawcalls-total=93193 fail-total=0 null-skips-total=0
[11:54:11] [info] backdrop cache: thrashing-detect engaged (streak=184, route=direct)
[11:54:11] [info] flip-probe: flip #1470 ok=true present=3ms inter_flip_ms=47 drawcalls-since-flip=17 drawcalls-total=93354 fail-total=0 null-skips-total=0
[11:54:11] [info] flip-probe: flip #1480 ok=true present=3ms inter_flip_ms=41 drawcalls-since-flip=17 drawcalls-total=93524 fail-total=0 null-skips-total=0
[11:54:12] [info] flip-probe: flip #1490 ok=true present=4ms inter_flip_ms=40 drawcalls-since-flip=18 drawcalls-total=93701 fail-total=0 null-skips-total=0
[11:54:12] [info] flip-probe: flip #1500 ok=true present=4ms inter_flip_ms=43 drawcalls-since-flip=18 drawcalls-total=93881 fail-total=0 null-skips-total=0
[11:54:12] [info] alpha audit block 0: 1619 total drawcalls, 0 with alpha<255 (block pct_x10=0; global 0/84580 pct_x10=0); alpha-mod skipped: block=0 global=0
[11:54:12] [info] fastpath audit block 0: taken=1619 (idx8=1619) skipped=0 pct_x10=1000; global taken=84580 (idx8=84580) skipped=0 pct_x10=1000
[11:54:12] [info] primitive tally block 0: clear=200(hr=200) fill=0(hr=0) rect=0(hr=0) line=0(hr=0) tint=0 spotlight=0 (over 100 flips ending at flip 1500)
[11:54:12] [info] phase timing block 0: drawcalls=1819 dc_total_ms=541 flip_inner_total_ms=506 inter_flip_total_ms=4430 (per-flip avg x10: dc_ms=54 fi_ms=50 if_ms=443 derived audio+engine_ms=339; per-drawcall avg us_x10=2979) [direct-vesa: presents=100 total_ms=285 avg_ms_x10=28 failed=0] [ablation: NO_DC_TIMING=0 CACHE_WINSURF=0 DIRECT_VESA=1]
[11:54:12] [info] kbd/audio block 0: kbd_irq=0 kbd_drain=0 ring_chunks=16 pump_pass=3308 pic1_mask=0xb8 first_irq_ticks=0 install_ticks=0 vector_at_install=0x0083e390 pic1_mask_live=0x38 kbd_8042_stat=0x34 bios_kbd_head=0x0024 bios_kbd_tail=0x0024 bios_kbd_buf0=0x1265
[11:54:12] [info] dirty-rect block @flip=1500: total_calls=0 dirty_rects_avg=1 dirty_pct_x10=1000 forced_full=0 first_n_force=0 threshold_exceeded=0 dirty_path_taken=0 full_flush_taken=0
[11:54:12] [info] prev-frame-diff block @flip=1500: diff_calls=0 diff_rects_avg=0 diff_dirty_pct_x10=0 bbox_pct_x10=0 bbox_thresh_exceeded=0
[11:54:13] [info] flip-probe: flip #1510 ok=true present=3ms inter_flip_ms=39 drawcalls-since-flip=18 drawcalls-total=94061 fail-total=0 null-skips-total=0
[11:54:13] [info] flip-probe: flip #1520 ok=true present=3ms inter_flip_ms=41 drawcalls-since-flip=20 drawcalls-total=94255 fail-total=0 null-skips-total=0
[11:54:13] [info] backdrop cache: thrashing-detect engaged (streak=244, route=direct)
[11:54:13] [info] flip-probe: flip #1530 ok=true present=3ms inter_flip_ms=47 drawcalls-since-flip=20 drawcalls-total=94455 fail-total=0 null-skips-total=0
[11:54:14] [info] flip-probe: flip #1540 ok=true present=3ms inter_flip_ms=41 drawcalls-since-flip=20 drawcalls-total=94655 fail-total=0 null-skips-total=0
[11:54:14] [info] flip-probe: flip #1550 ok=true present=3ms inter_flip_ms=42 drawcalls-since-flip=16 drawcalls-total=94820 fail-total=0 null-skips-total=0
[11:54:15] [info] flip-probe: flip #1560 ok=true present=3ms inter_flip_ms=42 drawcalls-since-flip=16 drawcalls-total=94980 fail-total=0 null-skips-total=0
[11:54:15] [info] flip-probe: flip #1570 ok=true present=3ms inter_flip_ms=43 drawcalls-since-flip=17 drawcalls-total=95143 fail-total=0 null-skips-total=0
[11:54:16] [info] flip-probe: flip #1580 ok=true present=3ms inter_flip_ms=41 drawcalls-since-flip=17 drawcalls-total=95316 fail-total=0 null-skips-total=0
[11:54:16] [info] backdrop cache: thrashing-detect engaged (streak=304, route=direct)
[11:54:16] [info] flip-probe: flip #1590 ok=true present=3ms inter_flip_ms=48 drawcalls-since-flip=16 drawcalls-total=95477 fail-total=0 null-skips-total=0
[11:54:16] [info] flip-probe: flip #1600 ok=true present=3ms inter_flip_ms=41 drawcalls-since-flip=15 drawcalls-total=95628 fail-total=0 null-skips-total=0
[11:54:16] [info] alpha audit block 0: 1647 total drawcalls, 0 with alpha<255 (block pct_x10=0; global 0/86227 pct_x10=0); alpha-mod skipped: block=0 global=0
[11:54:16] [info] fastpath audit block 0: taken=1647 (idx8=1647) skipped=0 pct_x10=1000; global taken=86227 (idx8=86227) skipped=0 pct_x10=1000
[11:54:16] [info] primitive tally block 0: clear=200(hr=200) fill=0(hr=0) rect=0(hr=0) line=0(hr=0) tint=0 spotlight=0 (over 100 flips ending at flip 1600)
[11:54:16] [info] phase timing block 0: drawcalls=1847 dc_total_ms=544 flip_inner_total_ms=509 inter_flip_total_ms=4243 (per-flip avg x10: dc_ms=54 fi_ms=50 if_ms=424 derived audio+engine_ms=320; per-drawcall avg us_x10=2948) [direct-vesa: presents=100 total_ms=284 avg_ms_x10=28 failed=0] [ablation: NO_DC_TIMING=0 CACHE_WINSURF=0 DIRECT_VESA=1]
[11:54:16] [info] kbd/audio block 0: kbd_irq=0 kbd_drain=0 ring_chunks=16 pump_pass=3520 pic1_mask=0xb8 first_irq_ticks=0 install_ticks=0 vector_at_install=0x0083e390 pic1_mask_live=0x38 kbd_8042_stat=0x34 bios_kbd_head=0x0024 bios_kbd_tail=0x0024 bios_kbd_buf0=0x1265
[11:54:16] [info] dirty-rect block @flip=1600: total_calls=0 dirty_rects_avg=1 dirty_pct_x10=1000 forced_full=0 first_n_force=0 threshold_exceeded=0 dirty_path_taken=0 full_flush_taken=0
[11:54:16] [info] prev-frame-diff block @flip=1600: diff_calls=0 diff_rects_avg=0 diff_dirty_pct_x10=0 bbox_pct_x10=0 bbox_thresh_exceeded=0
[11:54:17] [info] flip-probe: flip #1610 ok=true present=3ms inter_flip_ms=42 drawcalls-since-flip=18 drawcalls-total=95794 fail-total=0 null-skips-total=0
[11:54:17] [info] flip-probe: flip #1620 ok=true present=3ms inter_flip_ms=42 drawcalls-since-flip=19 drawcalls-total=95981 fail-total=0 null-skips-total=0
[11:54:18] [info] flip-probe: flip #1630 ok=true present=3ms inter_flip_ms=41 drawcalls-since-flip=17 drawcalls-total=96163 fail-total=0 null-skips-total=0
[11:54:18] [info] run_tick_fixed #3600: heartbeat (loop alive)
[11:54:18] [info] flip-probe: flip #1640 ok=true present=3ms inter_flip_ms=81 drawcalls-since-flip=359 drawcalls-total=97626 fail-total=0 null-skips-total=0
[11:54:19] [info]  >> Entering stage 19: 'Assembly Hall'.
[11:54:19] [info] [skip-sheet-flush] cave=8
[11:54:19] [info] [load-stage] preloading entry music song=9 (cave=8)
[11:54:19] [info] gameloop: entered (curmap=19, running=1)
[11:54:19] [info] gameloop: iter 1 ticks=115867 mapno=-1
[11:54:19] [info] mds-clear-lut: rebuilt N=240 entries (k_skip=100% k_keep=0%; curmap=19 map_size=21x16; rebuild #6 since boot)
[11:54:20] [info] gameloop: iter 2 ticks=115965 mapno=-1
[11:54:20] [info] gameloop: iter 3 ticks=116054 mapno=-1
[11:54:20] [info] flip-probe: flip #1650 ok=true present=3ms inter_flip_ms=65 drawcalls-since-flip=319 drawcalls-total=101304 fail-total=0 null-skips-total=0
[11:54:20] [info] flip-probe: flip #1660 ok=true present=3ms inter_flip_ms=40 drawcalls-since-flip=121 drawcalls-total=102628 fail-total=0 null-skips-total=0
[11:54:21] [info] flip-probe: flip #1670 ok=true present=3ms inter_flip_ms=40 drawcalls-since-flip=121 drawcalls-total=103838 fail-total=0 null-skips-total=0
[11:54:21] [info] flip-probe: flip #1680 ok=true present=3ms inter_flip_ms=41 drawcalls-since-flip=121 drawcalls-total=105048 fail-total=0 null-skips-total=0
[11:54:22] [info] flip-probe: flip #1690 ok=true present=3ms inter_flip_ms=41 drawcalls-since-flip=123 drawcalls-total=106282 fail-total=0 null-skips-total=0
[11:54:22] [info] flip-probe: flip #1700 ok=true present=3ms inter_flip_ms=43 drawcalls-since-flip=123 drawcalls-total=107498 fail-total=0 null-skips-total=0
[11:54:22] [info] alpha audit block 0: 11098 total drawcalls, 0 with alpha<255 (block pct_x10=0; global 0/97325 pct_x10=0); alpha-mod skipped: block=0 global=0
[11:54:22] [info] fastpath audit block 0: taken=11098 (idx8=11098) skipped=0 pct_x10=1000; global taken=97325 (idx8=97325) skipped=0 pct_x10=1000
[11:54:22] [info] primitive tally block 0: clear=201(hr=201) fill=0(hr=0) rect=0(hr=0) line=0(hr=0) tint=0 spotlight=0 (over 100 flips ending at flip 1700)
[11:54:22] [info] color/alpha audit block 0: cmod_white=672 cmod_black=672 (idx=672) cmod_general=0 (idx=0) cmod_fb=0; alpha_taken=0 alpha_skipped=0 (global cmod=9498/7992/693/0 idx=7992/693 alpha=0/0)
[11:54:22] [info] phase timing block 0: drawcalls=12699 dc_total_ms=1326 flip_inner_total_ms=521 inter_flip_total_ms=5677 (per-flip avg x10: dc_ms=132 fi_ms=52 if_ms=567 derived audio+engine_ms=383; per-drawcall avg us_x10=1044) [direct-vesa: presents=100 total_ms=284 avg_ms_x10=28 failed=0] [ablation: NO_DC_TIMING=0 CACHE_WINSURF=0 DIRECT_VESA=1]
[11:54:22] [info] kbd/audio block 0: kbd_irq=0 kbd_drain=0 ring_chunks=16 pump_pass=3760 pic1_mask=0xb8 first_irq_ticks=0 install_ticks=0 vector_at_install=0x0083e390 pic1_mask_live=0x38 kbd_8042_stat=0x34 bios_kbd_head=0x0024 bios_kbd_tail=0x0024 bios_kbd_buf0=0x1265
[11:54:22] [info] dirty-rect block @flip=1700: total_calls=0 dirty_rects_avg=1 dirty_pct_x10=1000 forced_full=0 first_n_force=0 threshold_exceeded=0 dirty_path_taken=0 full_flush_taken=0
[11:54:22] [info] prev-frame-diff block @flip=1700: diff_calls=0 diff_rects_avg=0 diff_dirty_pct_x10=0 bbox_pct_x10=0 bbox_thresh_exceeded=0
[11:54:23] [info] flip-probe: flip #1710 ok=true present=3ms inter_flip_ms=41 drawcalls-since-flip=121 drawcalls-total=108716 fail-total=0 null-skips-total=0
[11:54:23] [info] flip-probe: flip #1720 ok=true present=3ms inter_flip_ms=42 drawcalls-since-flip=121 drawcalls-total=109926 fail-total=0 null-skips-total=0
[11:54:23] [info] flip-probe: flip #1730 ok=true present=3ms inter_flip_ms=41 drawcalls-since-flip=121 drawcalls-total=111136 fail-total=0 null-skips-total=0
[11:54:24] [info] flip-probe: flip #1740 ok=true present=3ms inter_flip_ms=41 drawcalls-since-flip=121 drawcalls-total=112346 fail-total=0 null-skips-total=0
[11:54:24] [info] flip-probe: flip #1750 ok=true present=2ms inter_flip_ms=77 drawcalls-since-flip=438 drawcalls-total=114397 fail-total=0 null-skips-total=0
[11:54:25] [info]  >> Entering stage 11: 'Mimiga Village'.
[11:54:25] [info] [skip-sheet-flush] cave=9
[11:54:26] [info] [load-stage] preloading entry music song=9 (cave=9)
[11:54:26] [info] gameloop: entered (curmap=11, running=1)
[11:54:26] [info] gameloop: iter 1 ticks=122162 mapno=-1
[11:54:26] [info] mds-clear-lut: rebuilt N=240 entries (k_skip=0% k_keep=100%; curmap=11 map_size=60x60; rebuild #7 since boot)
[11:54:26] [info] gameloop: iter 2 ticks=122262 mapno=-1
[11:54:26] [info] gameloop: iter 3 ticks=122354 mapno=-1
[11:54:26] [info] flip-probe: flip #1760 ok=true present=3ms inter_flip_ms=89 drawcalls-since-flip=324 drawcalls-total=118215 fail-total=0 null-skips-total=0
[11:54:26] [info] backdrop cache: thrashing-detect engaged (streak=4, route=direct)
[11:54:27] [info] flip-probe: flip #1770 ok=true present=3ms inter_flip_ms=47 drawcalls-since-flip=44 drawcalls-total=118785 fail-total=0 null-skips-total=0
[11:54:27] [info] flip-probe: flip #1780 ok=true present=3ms inter_flip_ms=51 drawcalls-since-flip=44 drawcalls-total=119233 fail-total=0 null-skips-total=0
[11:54:28] [info] flip-probe: flip #1790 ok=true present=3ms inter_flip_ms=43 drawcalls-since-flip=42 drawcalls-total=119650 fail-total=0 null-skips-total=0
[11:54:28] [info] flip-probe: flip #1800 ok=true present=3ms inter_flip_ms=45 drawcalls-since-flip=43 drawcalls-total=120074 fail-total=0 null-skips-total=0
[11:54:28] [info] alpha audit block 0: 11231 total drawcalls, 0 with alpha<255 (block pct_x10=0; global 0/108556 pct_x10=0); alpha-mod skipped: block=0 global=0
[11:54:28] [info] fastpath audit block 0: taken=11231 (idx8=11231) skipped=0 pct_x10=1000; global taken=108556 (idx8=108556) skipped=0 pct_x10=1000
[11:54:28] [info] primitive tally block 0: clear=201(hr=201) fill=0(hr=0) rect=0(hr=0) line=0(hr=0) tint=0 spotlight=0 (over 100 flips ending at flip 1800)
[11:54:28] [info] color/alpha audit block 0: cmod_white=1245 cmod_black=1245 (idx=1245) cmod_general=0 (idx=0) cmod_fb=0; alpha_taken=0 alpha_skipped=0 (global cmod=10743/9237/693/0 idx=9237/693 alpha=0/0)
[11:54:28] [info] phase timing block 0: drawcalls=13982 dc_total_ms=1429 flip_inner_total_ms=516 inter_flip_total_ms=6048 (per-flip avg x10: dc_ms=142 fi_ms=51 if_ms=604 derived audio+engine_ms=411; per-drawcall avg us_x10=1022) [direct-vesa: presents=100 total_ms=284 avg_ms_x10=28 failed=0] [ablation: NO_DC_TIMING=0 CACHE_WINSURF=0 DIRECT_VESA=1]
[11:54:28] [info] kbd/audio block 0: kbd_irq=0 kbd_drain=0 ring_chunks=16 pump_pass=4008 pic1_mask=0xb8 first_irq_ticks=0 install_ticks=0 vector_at_install=0x0083e390 pic1_mask_live=0x38 kbd_8042_stat=0x34 bios_kbd_head=0x0024 bios_kbd_tail=0x0024 bios_kbd_buf0=0x1265
[11:54:28] [info] dirty-rect block @flip=1800: total_calls=0 dirty_rects_avg=1 dirty_pct_x10=1000 forced_full=0 first_n_force=0 threshold_exceeded=0 dirty_path_taken=0 full_flush_taken=0
[11:54:28] [info] prev-frame-diff block @flip=1800: diff_calls=0 diff_rects_avg=0 diff_dirty_pct_x10=0 bbox_pct_x10=0 bbox_thresh_exceeded=0
[11:54:29] [info] flip-probe: flip #1810 ok=true present=3ms inter_flip_ms=48 drawcalls-since-flip=42 drawcalls-total=120505 fail-total=0 null-skips-total=0
[11:54:29] [info] flip-probe: flip #1820 ok=true present=3ms inter_flip_ms=46 drawcalls-since-flip=45 drawcalls-total=120928 fail-total=0 null-skips-total=0
[11:54:29] [info] backdrop cache: thrashing-detect engaged (streak=64, route=direct)
[11:54:30] [info] flip-probe: flip #1830 ok=true present=3ms inter_flip_ms=46 drawcalls-since-flip=44 drawcalls-total=121373 fail-total=0 null-skips-total=0
[11:54:30] [info] flip-probe: flip #1840 ok=true present=3ms inter_flip_ms=45 drawcalls-since-flip=43 drawcalls-total=121808 fail-total=0 null-skips-total=0
[11:54:30] [info] flip-probe: flip #1850 ok=true present=3ms inter_flip_ms=47 drawcalls-since-flip=43 drawcalls-total=122238 fail-total=0 null-skips-total=0
[11:54:31] [info] flip-probe: flip #1860 ok=true present=3ms inter_flip_ms=45 drawcalls-since-flip=42 drawcalls-total=122662 fail-total=0 null-skips-total=0
[11:54:31] [info] flip-probe: flip #1870 ok=true present=4ms inter_flip_ms=44 drawcalls-since-flip=42 drawcalls-total=123082 fail-total=0 null-skips-total=0
[11:54:32] [info] flip-probe: flip #1880 ok=true present=3ms inter_flip_ms=41 drawcalls-since-flip=17 drawcalls-total=123375 fail-total=0 null-skips-total=0
[11:54:32] [info] backdrop cache: thrashing-detect engaged (streak=124, route=direct)
[11:54:32] [info] flip-probe: flip #1890 ok=true present=3ms inter_flip_ms=41 drawcalls-since-flip=17 drawcalls-total=123545 fail-total=0 null-skips-total=0
[11:54:33] [info] flip-probe: flip #1900 ok=true present=3ms inter_flip_ms=41 drawcalls-since-flip=19 drawcalls-total=123724 fail-total=0 null-skips-total=0
[11:54:33] [info] alpha audit block 0: 2575 total drawcalls, 0 with alpha<255 (block pct_x10=0; global 0/111131 pct_x10=0); alpha-mod skipped: block=0 global=0
[11:54:33] [info] fastpath audit block 0: taken=2575 (idx8=2575) skipped=0 pct_x10=1000; global taken=111131 (idx8=111131) skipped=0 pct_x10=1000
[11:54:33] [info] primitive tally block 0: clear=200(hr=200) fill=0(hr=0) rect=0(hr=0) line=0(hr=0) tint=0 spotlight=0 (over 100 flips ending at flip 1900)
[11:54:33] [info] color/alpha audit block 0: cmod_white=975 cmod_black=975 (idx=975) cmod_general=0 (idx=0) cmod_fb=0; alpha_taken=0 alpha_skipped=0 (global cmod=11718/10212/693/0 idx=10212/693 alpha=0/0)
[11:54:33] [info] phase timing block 0: drawcalls=4725 dc_total_ms=730 flip_inner_total_ms=523 inter_flip_total_ms=4611 (per-flip avg x10: dc_ms=73 fi_ms=52 if_ms=461 derived audio+engine_ms=336; per-drawcall avg us_x10=1545) [direct-vesa: presents=100 total_ms=281 avg_ms_x10=28 failed=0] [ablation: NO_DC_TIMING=0 CACHE_WINSURF=0 DIRECT_VESA=1]
[11:54:33] [info] kbd/audio block 0: kbd_irq=0 kbd_drain=0 ring_chunks=16 pump_pass=4239 pic1_mask=0xb8 first_irq_ticks=0 install_ticks=0 vector_at_install=0x0083e390 pic1_mask_live=0x38 kbd_8042_stat=0x34 bios_kbd_head=0x0024 bios_kbd_tail=0x0024 bios_kbd_buf0=0x1265
[11:54:33] [info] dirty-rect block @flip=1900: total_calls=0 dirty_rects_avg=1 dirty_pct_x10=1000 forced_full=0 first_n_force=0 threshold_exceeded=0 dirty_path_taken=0 full_flush_taken=0
[11:54:33] [info] prev-frame-diff block @flip=1900: diff_calls=0 diff_rects_avg=0 diff_dirty_pct_x10=0 bbox_pct_x10=0 bbox_thresh_exceeded=0
[11:54:33] [info] flip-probe: flip #1910 ok=true present=3ms inter_flip_ms=39 drawcalls-since-flip=15 drawcalls-total=123888 fail-total=0 null-skips-total=0
[11:54:34] [info] flip-probe: flip #1920 ok=true present=4ms inter_flip_ms=40 drawcalls-since-flip=14 drawcalls-total=124028 fail-total=0 null-skips-total=0
[11:54:34] [info] flip-probe: flip #1930 ok=true present=3ms inter_flip_ms=81 drawcalls-since-flip=356 drawcalls-total=125396 fail-total=0 null-skips-total=0
[11:54:35] [info]  >> Entering stage 14: 'Shack'.
[11:54:35] [info] [skip-sheet-flush] cave=10
[11:54:35] [info] [load-stage] preloading entry music song=8 (cave=10)
[11:54:35] [info] [music-dispatch] tick=4328 song=8 (prev 9)
[11:54:35] [info] opl3 backend: on_song_stop
[11:54:35] [info] MidiScheduler::load: parsed 'data/orgmid2/vivi.mid' = 4558 events at 48 PPQ
[11:54:35] [info] opl3 backend: on_song_start
[11:54:35] [info] gameloop: entered (curmap=14, running=1)
[11:54:35] [info] gameloop: iter 1 ticks=131785 mapno=-1
[11:54:35] [info] gameloop: iter 2 ticks=131859 mapno=-1
[11:54:35] [info] gameloop: iter 3 ticks=131937 mapno=-1
[11:54:36] [info] flip-probe: flip #1940 ok=true present=3ms inter_flip_ms=68 drawcalls-since-flip=325 drawcalls-total=128614 fail-total=0 null-skips-total=0
[11:54:36] [info] flip-probe: flip #1950 ok=true present=3ms inter_flip_ms=33 drawcalls-since-flip=23 drawcalls-total=129182 fail-total=0 null-skips-total=0
[11:54:37] [info] flip-probe: flip #1960 ok=true present=3ms inter_flip_ms=33 drawcalls-since-flip=23 drawcalls-total=129412 fail-total=0 null-skips-total=0
[11:54:37] [info] flip-probe: flip #1970 ok=true present=3ms inter_flip_ms=34 drawcalls-since-flip=23 drawcalls-total=129642 fail-total=0 null-skips-total=0
[11:54:37] [info] flip-probe: flip #1980 ok=true present=3ms inter_flip_ms=35 drawcalls-since-flip=25 drawcalls-total=129882 fail-total=0 null-skips-total=0
[11:54:38] [info] flip-probe: flip #1990 ok=true present=3ms inter_flip_ms=34 drawcalls-since-flip=26 drawcalls-total=130144 fail-total=0 null-skips-total=0
[11:54:38] [info] flip-probe: flip #2000 ok=true present=3ms inter_flip_ms=37 drawcalls-since-flip=23 drawcalls-total=130384 fail-total=0 null-skips-total=0
[11:54:38] [info] alpha audit block 0: 6296 total drawcalls, 0 with alpha<255 (block pct_x10=0; global 0/117427 pct_x10=0); alpha-mod skipped: block=0 global=0
[11:54:38] [info] fastpath audit block 0: taken=6296 (idx8=6296) skipped=0 pct_x10=1000; global taken=117427 (idx8=117427) skipped=0 pct_x10=1000
[11:54:38] [info] primitive tally block 0: clear=201(hr=201) fill=0(hr=0) rect=0(hr=0) line=0(hr=0) tint=0 spotlight=0 (over 100 flips ending at flip 2000)
[11:54:38] [info] color/alpha audit block 0: cmod_white=330 cmod_black=330 (idx=330) cmod_general=0 (idx=0) cmod_fb=0; alpha_taken=0 alpha_skipped=0 (global cmod=12048/10542/693/0 idx=10542/693 alpha=0/0)
[11:54:38] [info] phase timing block 0: drawcalls=7157 dc_total_ms=941 flip_inner_total_ms=524 inter_flip_total_ms=5177 (per-flip avg x10: dc_ms=94 fi_ms=52 if_ms=517 derived audio+engine_ms=371; per-drawcall avg us_x10=1314) [direct-vesa: presents=100 total_ms=283 avg_ms_x10=28 failed=0] [ablation: NO_DC_TIMING=0 CACHE_WINSURF=0 DIRECT_VESA=1]
[11:54:38] [info] kbd/audio block 0: kbd_irq=0 kbd_drain=0 ring_chunks=16 pump_pass=4454 pic1_mask=0xb8 first_irq_ticks=0 install_ticks=0 vector_at_install=0x0083e390 pic1_mask_live=0x38 kbd_8042_stat=0x34 bios_kbd_head=0x0024 bios_kbd_tail=0x0024 bios_kbd_buf0=0x1265
[11:54:38] [info] dirty-rect block @flip=2000: total_calls=0 dirty_rects_avg=1 dirty_pct_x10=1000 forced_full=0 first_n_force=0 threshold_exceeded=0 dirty_path_taken=0 full_flush_taken=0
[11:54:38] [info] prev-frame-diff block @flip=2000: diff_calls=0 diff_rects_avg=0 diff_dirty_pct_x10=0 bbox_pct_x10=0 bbox_thresh_exceeded=0
[11:54:38] [info] flip-probe: flip #2010 ok=true present=3ms inter_flip_ms=34 drawcalls-since-flip=23 drawcalls-total=130614 fail-total=0 null-skips-total=0
[11:54:39] [info] flip-probe: flip #2020 ok=true present=3ms inter_flip_ms=33 drawcalls-since-flip=23 drawcalls-total=130844 fail-total=0 null-skips-total=0
[11:54:39] [info] flip-probe: flip #2030 ok=true present=3ms inter_flip_ms=33 drawcalls-since-flip=23 drawcalls-total=131074 fail-total=0 null-skips-total=0
[11:54:39] [info] flip-probe: flip #2040 ok=true present=3ms inter_flip_ms=33 drawcalls-since-flip=23 drawcalls-total=131304 fail-total=0 null-skips-total=0
[11:54:40] [info] flip-probe: flip #2050 ok=true present=3ms inter_flip_ms=31 drawcalls-since-flip=23 drawcalls-total=131534 fail-total=0 null-skips-total=0
[11:54:40] [info] flip-probe: flip #2060 ok=true present=3ms inter_flip_ms=32 drawcalls-since-flip=13 drawcalls-total=131704 fail-total=0 null-skips-total=0
[11:54:40] [info] flip-probe: flip #2070 ok=true present=3ms inter_flip_ms=32 drawcalls-since-flip=13 drawcalls-total=131834 fail-total=0 null-skips-total=0
[11:54:41] [info] flip-probe: flip #2080 ok=true present=2ms inter_flip_ms=70 drawcalls-since-flip=355 drawcalls-total=133884 fail-total=0 null-skips-total=0
[11:54:41] [info]  >> Entering stage 11: 'Mimiga Village'.
[11:54:41] [info] [skip-sheet-flush] cave=11
[11:54:42] [info] [load-stage] preloading entry music song=9 (cave=11)
[11:54:42] [info] [music-dispatch] tick=4611 song=9 (prev 8)
[11:54:42] [info] opl3 backend: on_song_stop
[11:54:42] [info] MidiScheduler::load: parsed 'data/orgmid2/mura.mid' = 2863 events at 48 PPQ
[11:54:42] [info] opl3 backend: on_song_start
[11:54:42] [info] gameloop: entered (curmap=11, running=1)
[11:54:42] [info] gameloop: iter 1 ticks=138390 mapno=-1
[11:54:42] [info] gameloop: iter 2 ticks=138479 mapno=-1
[11:54:42] [info] gameloop: iter 3 ticks=138579 mapno=-1
[11:54:42] [info] backdrop cache: thrashing-detect engaged (streak=4, route=direct)
[11:54:43] [info] flip-probe: flip #2090 ok=true present=2ms inter_flip_ms=54 drawcalls-since-flip=114 drawcalls-total=136819 fail-total=0 null-skips-total=0
[11:54:43] [info] flip-probe: flip #2100 ok=true present=3ms inter_flip_ms=44 drawcalls-since-flip=40 drawcalls-total=137207 fail-total=0 null-skips-total=0
[11:54:43] [info] alpha audit block 0: 6315 total drawcalls, 0 with alpha<255 (block pct_x10=0; global 0/123742 pct_x10=0); alpha-mod skipped: block=0 global=0
[11:54:43] [info] fastpath audit block 0: taken=6315 (idx8=6315) skipped=0 pct_x10=1000; global taken=123742 (idx8=123742) skipped=0 pct_x10=1000
[11:54:43] [info] primitive tally block 0: clear=201(hr=201) fill=0(hr=0) rect=0(hr=0) line=0(hr=0) tint=0 spotlight=0 (over 100 flips ending at flip 2100)
[11:54:43] [info] color/alpha audit block 0: cmod_white=491 cmod_black=491 (idx=491) cmod_general=0 (idx=0) cmod_fb=0; alpha_taken=0 alpha_skipped=0 (global cmod=12539/11033/693/0 idx=11033/693 alpha=0/0)
[11:54:43] [info] phase timing block 0: drawcalls=7501 dc_total_ms=972 flip_inner_total_ms=517 inter_flip_total_ms=5091 (per-flip avg x10: dc_ms=97 fi_ms=51 if_ms=509 derived audio+engine_ms=361; per-drawcall avg us_x10=1296) [direct-vesa: presents=100 total_ms=282 avg_ms_x10=28 failed=0] [ablation: NO_DC_TIMING=0 CACHE_WINSURF=0 DIRECT_VESA=1]
[11:54:43] [info] kbd/audio block 0: kbd_irq=0 kbd_drain=0 ring_chunks=16 pump_pass=4660 pic1_mask=0xb8 first_irq_ticks=0 install_ticks=0 vector_at_install=0x0083e390 pic1_mask_live=0x38 kbd_8042_stat=0x34 bios_kbd_head=0x0024 bios_kbd_tail=0x0024 bios_kbd_buf0=0x1265
[11:54:43] [info] dirty-rect block @flip=2100: total_calls=0 dirty_rects_avg=1 dirty_pct_x10=1000 forced_full=0 first_n_force=0 threshold_exceeded=0 dirty_path_taken=0 full_flush_taken=0
[11:54:43] [info] prev-frame-diff block @flip=2100: diff_calls=0 diff_rects_avg=0 diff_dirty_pct_x10=0 bbox_pct_x10=0 bbox_thresh_exceeded=0
[11:54:44] [info] flip-probe: flip #2110 ok=true present=3ms inter_flip_ms=45 drawcalls-since-flip=43 drawcalls-total=137627 fail-total=0 null-skips-total=0
[11:54:44] [info] flip-probe: flip #2120 ok=true present=3ms inter_flip_ms=44 drawcalls-since-flip=45 drawcalls-total=138061 fail-total=0 null-skips-total=0
[11:54:44] [info] flip-probe: flip #2130 ok=true present=4ms inter_flip_ms=43 drawcalls-since-flip=46 drawcalls-total=138523 fail-total=0 null-skips-total=0
[11:54:45] [info] flip-probe: flip #2140 ok=true present=3ms inter_flip_ms=44 drawcalls-since-flip=42 drawcalls-total=138948 fail-total=0 null-skips-total=0
[11:54:45] [info] backdrop cache: thrashing-detect engaged (streak=64, route=direct)
[11:54:45] [info] flip-probe: flip #2150 ok=true present=3ms inter_flip_ms=42 drawcalls-since-flip=42 drawcalls-total=139368 fail-total=0 null-skips-total=0
[11:54:46] [info] run_tick_fixed #4800: heartbeat (loop alive)
[11:54:46] [info] flip-probe: flip #2160 ok=true present=3ms inter_flip_ms=50 drawcalls-since-flip=44 drawcalls-total=139815 fail-total=0 null-skips-total=0
[11:54:46] [info] flip-probe: flip #2170 ok=true present=2ms inter_flip_ms=43 drawcalls-since-flip=44 drawcalls-total=140255 fail-total=0 null-skips-total=0
[11:54:47] [info] flip-probe: flip #2180 ok=true present=3ms inter_flip_ms=44 drawcalls-since-flip=44 drawcalls-total=140695 fail-total=0 null-skips-total=0
[11:54:47] [info] flip-probe: flip #2190 ok=true present=3ms inter_flip_ms=46 drawcalls-since-flip=46 drawcalls-total=141148 fail-total=0 null-skips-total=0
[11:54:48] [info] backdrop cache: thrashing-detect engaged (streak=4, route=direct)
[11:54:48] [info] flip-probe: flip #2200 ok=true present=4ms inter_flip_ms=46 drawcalls-since-flip=44 drawcalls-total=141595 fail-total=0 null-skips-total=0
[11:54:48] [info] alpha audit block 0: 2988 total drawcalls, 0 with alpha<255 (block pct_x10=0; global 0/126730 pct_x10=0); alpha-mod skipped: block=0 global=0
[11:54:48] [info] fastpath audit block 0: taken=2988 (idx8=2988) skipped=0 pct_x10=1000; global taken=126730 (idx8=126730) skipped=0 pct_x10=1000
[11:54:48] [info] primitive tally block 0: clear=200(hr=200) fill=0(hr=0) rect=0(hr=0) line=0(hr=0) tint=0 spotlight=0 (over 100 flips ending at flip 2200)
[11:54:48] [info] color/alpha audit block 0: cmod_white=1300 cmod_black=1300 (idx=1300) cmod_general=0 (idx=0) cmod_fb=0; alpha_taken=0 alpha_skipped=0 (global cmod=13839/12333/693/0 idx=12333/693 alpha=0/0)
[11:54:48] [info] phase timing block 0: drawcalls=5792 dc_total_ms=812 flip_inner_total_ms=531 inter_flip_total_ms=4690 (per-flip avg x10: dc_ms=81 fi_ms=53 if_ms=469 derived audio+engine_ms=335; per-drawcall avg us_x10=1402) [direct-vesa: presents=100 total_ms=289 avg_ms_x10=28 failed=0] [ablation: NO_DC_TIMING=0 CACHE_WINSURF=0 DIRECT_VESA=1]
[11:54:48] [info] kbd/audio block 0: kbd_irq=0 kbd_drain=0 ring_chunks=16 pump_pass=4895 pic1_mask=0xb8 first_irq_ticks=0 install_ticks=0 vector_at_install=0x0083e390 pic1_mask_live=0x38 kbd_8042_stat=0x34 bios_kbd_head=0x0024 bios_kbd_tail=0x0024 bios_kbd_buf0=0x1265
[11:54:48] [info] dirty-rect block @flip=2200: total_calls=0 dirty_rects_avg=1 dirty_pct_x10=1000 forced_full=0 first_n_force=0 threshold_exceeded=0 dirty_path_taken=0 full_flush_taken=0
[11:54:48] [info] prev-frame-diff block @flip=2200: diff_calls=0 diff_rects_avg=0 diff_dirty_pct_x10=0 bbox_pct_x10=0 bbox_thresh_exceeded=0
[11:54:48] [info] flip-probe: flip #2210 ok=true present=3ms inter_flip_ms=41 drawcalls-since-flip=17 drawcalls-total=141843 fail-total=0 null-skips-total=0
[11:54:49] [info] flip-probe: flip #2220 ok=true present=3ms inter_flip_ms=49 drawcalls-since-flip=18 drawcalls-total=142021 fail-total=0 null-skips-total=0
[11:54:49] [info] backdrop cache: thrashing-detect engaged (streak=4, route=direct)
[11:54:49] [info] flip-probe: flip #2230 ok=true present=3ms inter_flip_ms=39 drawcalls-since-flip=20 drawcalls-total=142211 fail-total=0 null-skips-total=0
[11:54:49] [info] flip-probe: flip #2240 ok=true present=3ms inter_flip_ms=41 drawcalls-since-flip=19 drawcalls-total=142408 fail-total=0 null-skips-total=0
[11:54:50] [info] flip-probe: flip #2250 ok=true present=3ms inter_flip_ms=41 drawcalls-since-flip=18 drawcalls-total=142593 fail-total=0 null-skips-total=0
[11:54:50] [info] flip-probe: flip #2260 ok=true present=3ms inter_flip_ms=42 drawcalls-since-flip=18 drawcalls-total=142773 fail-total=0 null-skips-total=0
[11:54:51] [info] flip-probe: flip #2270 ok=true present=2ms inter_flip_ms=41 drawcalls-since-flip=18 drawcalls-total=142953 fail-total=0 null-skips-total=0
[11:54:51] [info] flip-probe: flip #2280 ok=true present=3ms inter_flip_ms=41 drawcalls-since-flip=18 drawcalls-total=143133 fail-total=0 null-skips-total=0
[11:54:51] [info] backdrop cache: thrashing-detect engaged (streak=64, route=direct)
[11:54:52] [info] flip-probe: flip #2290 ok=true present=3ms inter_flip_ms=41 drawcalls-since-flip=18 drawcalls-total=143313 fail-total=0 null-skips-total=0
[11:54:52] [info] run_tick_fixed #5100: heartbeat (loop alive)
[11:54:52] [info] flip-probe: flip #2300 ok=true present=3ms inter_flip_ms=44 drawcalls-since-flip=59 drawcalls-total=143534 fail-total=0 null-skips-total=0
[11:54:52] [info] alpha audit block 0: 1800 total drawcalls, 0 with alpha<255 (block pct_x10=0; global 0/128530 pct_x10=0); alpha-mod skipped: block=0 global=0
[11:54:52] [info] fastpath audit block 0: taken=1800 (idx8=1800) skipped=0 pct_x10=1000; global taken=128530 (idx8=128530) skipped=0 pct_x10=1000
[11:54:52] [info] primitive tally block 0: clear=200(hr=200) fill=0(hr=0) rect=0(hr=0) line=0(hr=0) tint=1 spotlight=0 (over 100 flips ending at flip 2300)
[11:54:52] [info] color/alpha audit block 0: cmod_white=61 cmod_black=39 (idx=39) cmod_general=0 (idx=0) cmod_fb=0; alpha_taken=0 alpha_skipped=0 (global cmod=13900/12372/693/0 idx=12372/693 alpha=0/0)
[11:54:52] [info] phase timing block 0: drawcalls=2105 dc_total_ms=584 flip_inner_total_ms=512 inter_flip_total_ms=4287 (per-flip avg x10: dc_ms=58 fi_ms=51 if_ms=428 derived audio+engine_ms=319; per-drawcall avg us_x10=2777) [direct-vesa: presents=100 total_ms=284 avg_ms_x10=28 failed=0] [ablation: NO_DC_TIMING=0 CACHE_WINSURF=0 DIRECT_VESA=1]
[11:54:52] [info] kbd/audio block 0: kbd_irq=0 kbd_drain=0 ring_chunks=16 pump_pass=5107 pic1_mask=0xb8 first_irq_ticks=0 install_ticks=0 vector_at_install=0x0083e390 pic1_mask_live=0x38 kbd_8042_stat=0x34 bios_kbd_head=0x0024 bios_kbd_tail=0x0024 bios_kbd_buf0=0x1265
[11:54:52] [info] dirty-rect block @flip=2300: total_calls=0 dirty_rects_avg=1 dirty_pct_x10=1000 forced_full=0 first_n_force=0 threshold_exceeded=0 dirty_path_taken=0 full_flush_taken=0
[11:54:52] [info] prev-frame-diff block @flip=2300: diff_calls=0 diff_rects_avg=0 diff_dirty_pct_x10=0 bbox_pct_x10=0 bbox_thresh_exceeded=0
[11:54:53] [info] flip-probe: flip #2310 ok=true present=3ms inter_flip_ms=43 drawcalls-since-flip=59 drawcalls-total=144124 fail-total=0 null-skips-total=0
[11:54:53] [info] flip-probe: flip #2320 ok=true present=3ms inter_flip_ms=43 drawcalls-since-flip=59 drawcalls-total=144714 fail-total=0 null-skips-total=0
[11:54:54] [info] flip-probe: flip #2330 ok=true present=4ms inter_flip_ms=42 drawcalls-since-flip=59 drawcalls-total=145304 fail-total=0 null-skips-total=0
[11:54:54] [info] tas: end-of-replay auto-exit at tick 5140 (recording exhausted; set DOSKUTSU_TAS_REPLAY_HOLD=1 to disable + observe steady-state past recording end)
[11:54:54] [info] Script engine shutdown.
[11:54:54] [info] opl3 backend: on_song_stop
[11:54:54] [info] opl3 backend: cleared reg 0xBD chip-wide latch (wub-wub mitigation per flush-instr WAVE-46 H6)
[11:54:54] [info] opl3 backend shutdown (all 18 voices KEY-OFF unconditionally; OPL2 mode restored; chip state safe for next process)
[11:54:54] [info] Sound system shutdown
[11:54:54] [info] Renderer::Close()
[11:54:54] [info] tas: replay file closed
[11:54:54] [info] [fps-true] flips=2333 render_s=146 fps_mean=15.9 (clock-independent: flips / seconds since the FIRST flip; use THIS for the fps matrix, not inter_flip medians, which are invalid in any cell running the PIT/IRQ-0 music pump)
[RUNMANIFEST-BEGIN]
schema_version=2
environment=realhw
binary_sha12=UNKNOWN
binary_sha12_src=unknown
build_sha12=1f79ce20e4ee
organya_cache_key=1f79ce20e4ee
wave_tag=6P4
scene=
env_block_sha=91f501323157
started_rtc_local=2026-11-21T23:22:13
duration_s=161
exit_code=0
fps_true_flips=2333
fps_true_render_s=146
reel_ticks=5140
reel_game_seconds=102.8
per_loop_fps=22.6
overhead_s=44
music_pump_active=0
cpu_vendor=GenuineIntel
cpu_have_cpuid=1
cpu_family=4
cpu_model=3
cpu_stepping=5
cpu_mhz_est=64
cpu_has_fpu=1
cpu_class=486_mid
audio_backend=opl3
video_logical_wxh=320x240
video_logical_bpp=8
video_vram_kb=4096
video_lfb_or_banked=lfb
audio_is_sb16=0
audio_dsp_ver=2.01
audio_dma_path=8bit-low
audio_force_8bit=0
audio_dma_channel=3
fps_p50=23.8
fps_p95=14.4
fps_sample_n=233
fps_sample_interval=10
pump_clock_state=no-pump
audio_vital_status=NA
regime=NA
banner_required_hit=0
banner_required_total=0
banner_forbidden_hit=0
banner_optional_hit=0
critical_count=0
warn_count=0
perstage_count=12
perstage_00=stage:72 ticks:95 flips:95 fps:50.0
perstage_01=stage:1005 ticks:80 flips:80 fps:50.0
perstage_02=stage:20 ticks:122 flips:68 fps:27.8
perstage_03=stage:11 ticks:456 flips:192 fps:21.0
perstage_04=stage:17 ticks:769 flips:248 fps:16.1
perstage_05=stage:11 ticks:548 flips:242 fps:22.0
perstage_06=stage:15 ticks:666 flips:316 fps:23.7
perstage_07=stage:11 ticks:894 flips:402 fps:22.4
perstage_08=stage:19 ticks:261 flips:111 fps:21.2
perstage_09=stage:11 ticks:437 flips:179 fps:20.4
perstage_10=stage:14 ticks:283 flips:149 fps:26.3
perstage_11=stage:11 ticks:529 flips:250 fps:23.6
[RUNMANIFEST-END]
[11:54:54] [info] [runmanifest-emit] schema=v2 env=realhw binary_sha12=UNKNOWN(unknown) build_sha12=1f79ce20e4ee per_loop_fps=22.6 overhead_s=44 pump=0 dur=161s tag='6P4' scene='' (signals=0x4)
