Logger::init: wave-53 log level=INFO path='LOGS/6P4B.LOG'
[11:55:09] [info] config: loaded DOSKUTSU.CFG (3 keys)
[11:55:09] [info] [cpu-witness] vendor=GenuineIntel cpuid=1 family=4 model=3 stepping=5 mhz_est=64 fpu=1 class=486_mid (boot-time attestation of the running CPU; MHZ_486_LOOP_DIV=16400 mirrors SETUP)
[11:55:09] [info] tas: PRNG seed forced to 12345 via DOSKUTSU_TAS_PRNG_SEED
[11:55:09] [info] tas: auto-exit armed at tick 30000 via DOSKUTSU_TAS_AUTO_EXIT_TICK
[11:55:09] [info] tas: replay opened path='QA.TAS' header_seed=12345
[11:55:10] [info] data cache: DISABLED (default)
[11:55:10] [info] Joystick: skipped (default; set DOSKUTSU_USE_JOYSTICK=1 to enable -- skips SDL3-DOS gameport BIOS INT 15h polling, ~82 ms / flip on real HW)
[11:55:10] [info] Loading settings...
[11:55:10] [info] [input-bind] applied=0 invert_y=0 dos_axes=1
[11:55:10] [info] Renderer::initVideo: 8bpp mode requested via SDL_HINT_DOS_MAX_BPP=8 (wave 16); SDL3-DOS will pick the highest-bpp <= 8 mode at requested resolution
[11:55:10] [info] Renderer::initVideo: DOS resolution-label lock ENABLED (default)
[11:55:10] [info] center-oversized: not needed (surface matches the logical screen) surface=320x240 logical=320x240 offset=0,0
[11:55:11] [info] Renderer::initVideo: using: software renderer
[11:55:13] [info] Renderer::initVideo: dirty-rect tracking ENABLED (wave 15, default ON; set SDL_HINT_DOSKUTSU_DIRTY_RECTS=0 to disable)
[11:55:13] [info] Renderer::initVideo: ablation flags: NO_DC_TIMING=0 CACHE_WINSURF=0 NO_INPUT_POLL=0 DIRECT_VESA=1
[11:55:13] [info] Renderer::initVideo: direct-VESA hot path ENABLED (default since wave 20 patch 0088; bypasses SDL_RenderPresent / SDL_UpdateWindowSurface and writes via SDL/0034's PresentFull helper; R2 mitigation handled by SDL/0034 generation counter -- no per-N-flip heartbeat needed; set SDL_HINT_DOSKUTSU_DIRECT_VESA=0 to revert)
[11:55:13] [info] Renderer::initVideo: flip-phase instrumentation DISABLED (default; set SDL_HINT_DOSKUTSU_FLIP_INSTR=1 to opt in for wave-20 Lever A diagnostic)
[11:55:13] [info] Renderer::initVideo: asm opaque-span blit lever DISABLED (default; set SDL_HINT_DOSKUTSU_ASM_BLIT=1 to opt in -- wave-51 _blit_indexed colorkey-blit lever)
[11:55:13] [info] Renderer::initVideo: blit-decomp instrumentation DISABLED (default; set SDL_HINT_DOSKUTSU_BLIT_DECOMP=1 to opt in -- wave-51 _blit_indexed sub-decomp sizing)
[11:55:13] [info] Renderer::initVideo: mds-scroll-decomp instrumentation DISABLED (default; set SDL_HINT_DOSKUTSU_MDS_DECOMP=1 to opt in -- wave-52 mode_draw_scene scrolling-block decomp)
[11:55:13] [info] Renderer::initVideo: DOSVESA pump yield: skipped (default) (per-flip explicit SDL_Delay(0) yield is always on; set SDL_HINT_DOSKUTSU_FORCE_PUMP_YIELD=1 to restore old per-pump yield)
[11:55:13] [info] Renderer::initVideo: indexed-mode (8bpp) ENABLED -- master palette + 107 per-asset remap LUTs loaded (wave 16, default ON; set SDL_HINT_DOSKUTSU_PIXEL_FORMAT_8=0 to disable)
[11:55:13] [info] Renderer::initVideo: master palette attached to window surface (format=SDL_PIXELFORMAT_INDEX8, ncolors=256)
[11:55:13] [info] Renderer::initVideo: indexed-mode smoke: idx0=(0,0,0) OK idx255=(255,0,255) OK
[11:55:13] [info] Renderer::initVideo: indexed-mode smoke: paletteRemapFor('MyChar.pbm') = present
[11:55:14] [info] Surface::loadImage palmap-diag #1: 'data/Loading.pbm' fmt=SDL_PIXELFORMAT_ABGR8888 remap=HIT -> path=truecolor
[11:55:14] [info] Renderer: prev-frame diff DISABLED (default since wave 17.6; set SDL_HINT_DOSKUTSU_PREVFRAME_DIFF=1 to opt in)
[11:55:14] [info] flip-probe: renderer=software window_ptr=8826560 colorspace=301991328 window_size=320x240 framebuffer_pixels=320x240 logical_present=320x240 mode=2
[11:55:14] [info] flip-probe: first flip ok=true present=46ms inter_flip_ms=0 drawcalls-since-flip=1 drawcalls-total=1
[11:55:14] [info] Sound system init
[11:55:14] [info] Sound system: 4-state audio enable (#31) -- music=on sfx=on (MUSIC_OFF/AUDIO_BACKEND=none -> music-off; SFX_OFF/SFX_DEVICE=none -> sfx-off; both gates are dispatch-level, the device still opens; AUDIO_OFF=1 is the device-level both-off).
[11:55:14] [info] Sound system: Tier-2 audio config (default since wave 21 patch 0093; 11025 Hz, 1 channel, buffer pinned to 256 frames). Measured savings on g2k Pentium OverDrive 83 MHz (W21A): heavy-music scenes ~+11 fps vs Tier-1 baseline (measured -10 to -15 ms/flip post-0094 audio fix; W21A's pre-fix -26.6 ms figure was inflated by stereo-vs-mono playback bug, see patch 0094). Audio quality is reduced vs Tier-1 (mono, 11025 Hz, simple-average L+R downmix) but recognizable; user accepted the trade per direction 2026-05-05. Set SDL_HINT_DOSKUTSU_AUDIO_TIER2=0 to revert to Tier-1 22050 stereo (full Cave Story 2004 audio quality; trades fps for fidelity).
[11:55:14] [info] Sound system: SDL_HINT_AUDIO_DEVICE_SAMPLE_FRAMES=256
[11:55:14] [info] Pixtone IRQ rate-divider: handed master_rate=11025 int16/s (SAMPLE_RATE=11025 x AUDIO_CHANNELS=1) to SDL for auto-RATEDIV (SDL/0074 computes shift_div from the resolved device freq).
[11:55:14] [info] Sound system: device frame-rate: requesting 11025 Hz match to master (SDL_DOSAudioSetDeviceFrameRate; SB16 opens at the engine frame rate instead of SDL's 44100 floor -- 4x less PCM/s + no resampler on the Organya/Pixtone path; killswitch SDL_HINT_DOSKUTSU_DOS_AUDIO_DEVICE_RATE_DEFAULT=0).
[11:55:14] [info] audio backend: opl3 (Phase 10 Stage 4 -- concrete OPL3 FM synthesis backend via SDL/0037+ OPL3 helpers; MidiScheduler routes music dispatch through 18 x 2-op voice allocator + small inline patch bank). SoundManager::init will probe OPL3 via Adlib timer-1 sequence + fall back to organya gracefully if the chip is absent. Pixtone SFX still active on SB16 DAC.
[11:55:14] [info] wave-13.6.1: ring_chunks=16 FORCE_PUMP_YIELD=off (set SDL_HINT_DOSKUTSU_AUDIO_RING_CHUNKS=4|8|16 to override; default 16 matches wave 13.6 behaviour)
[11:55:14] [info] MidiScheduler: MIDI source = 'orgmid2' (native-GM org2mid set; resolves to data/orgmid2/<name>.mid).
[11:55:14] [info] opl3 backend probing for OPL3 chip (Adlib timer-1 sequence)...
[11:55:14] [info] opl3 backend: opl3bank.dat loaded 128 programs from 'data/opl3bank.dat' (v1; 1536 bytes payload). Per-program GM patches now use the runtime bank; programs >= 128 fall back to 8-patch family bucket. Drum channel (MIDI ch 9) unchanged (uses PATCH_DRUM regardless of bank loading).
[11:55:14] [info] opl3 backend ready (OPL3 detected via Adlib timer-1; InitChip applied 18 x 2-op layout; voice allocator armed). Patch bank state: runtime opl3bank.dat ACTIVE (loaded_count=128; programs >= loaded_count fall back to 8-patch placeholder covering GM family categories piano/mallet/organ/guitar/strings/brass/reed/pad). Phase 10.5 path: ship a fuller community bank as data/opl3bank.dat (DOPL3v1 format; 12-byte SBI records per GM program; loader at MidiBackendOpl3 ctor).
[11:55:14] [info] opl3 backend: PATCH_ORGAN + PATCH_MALLET RR=8 (medium release; wub-wub fix per patch 0171; was RR=0 in slot 0103 placeholder -- KEY-OFF couldn't silence; H6 reg 0xBD wave-47 falsified; H1+H5/RR=0 byte-level bug root per WAVE-46/47 analysis)
[11:55:14] [info] Sound system: MidiScheduler armed with MidiBackendOpl3 (patch 0103 Phase 10 Stage 4). Music dispatch routes via SMF parser + 18 x 2-op OPL3 voice allocator + small inline patch bank (community-sourced from Apogee Sound System / AdLib SBI public-domain refs). Pixtone SFX still active on SB16 DAC.
[11:55:14] [info] Sound system: idle-pause skipped (default OFF since patch 0119; backend=opl3 would qualify but operator did not opt-in via SDL_HINT_DOSKUTSU_IDLE_PAUSE=1). DSP stays in continuous-stream mode. Re-enable for an A/B iter once SDL/0037 ForcePause non-engagement is rooted out (task #17).
[11:55:15] [warn] Music dir Ogg/ doesn't exist
[11:55:15] [warn] Music dir Ogg11/ doesn't exist
[11:55:15] [warn] Music dir Ogg17/ doesn't exist
[11:55:15] [warn] Music dir Ogg_ridic/ doesn't exist
[11:55:15] [info] Loading Sound FX...
[11:55:15] [info] [pxt-cache] init(): HIT (loaded cache; render skipped)
[11:55:24] [info] Organya init...
[11:55:25] [info] Organya init done
[11:55:37] [info] gus SFX gain [nx0259]: 70% (SDL_HINT_DOSKUTSU_GUS_SFX_GAIN; scales the GF1 SFX voice volume to balance against velocity/CC-scaled GUS music; default 70, clamp 0..150).
[11:55:37] [info] pixtone IRQ-mix: ENABLED (default; SDL backend engaged; set SDL_HINT_DOSKUTSU_PIXTONE_IRQ_MIX=0 to disable)
[11:55:37] [info] Pixtone::setVolume: L3 active -- mid-play SFX volume updates are no-op in v1 (v2 candidate: SDL_DOSPixtoneSetGain API). gain_x256=256 stored for subsequent SDL_DOSPixtoneStart calls; currently-playing L3 channels unaffected.
[11:55:37] [info] midi ISR tick: engine registered tick_isr callback (L2b active; default ON; set SDL_HINT_DOSKUTSU_MIDI_ISR_TICK=0 to disable)
[11:55:37] [info] menu slide-in fixed-timestep: ENABLED (default; slide advances at 50 Hz logic rate)
[11:55:37] [info] Reading npc.tbl...
[11:55:37] [info] Loading tilekey.dat.
[11:55:38] [info] Script engine init.
[11:55:38] [info] Entering main loop...
[11:55:38] [info] audio mid-gap pump: DISABLED (default)
[11:55:38] [info] TAS fixed-timestep guard: ENABLED (default) (patch 0280; load_stage wall-clock kept out of the FT accumulator so TAS replay advances at a true 50 Hz; set SDL_HINT_DOSKUTSU_TAS_FT_GUARD=0 to disable)
[11:55:38] [info] load_stage ring+DMA silence flush: ENABLED (default) (set SDL_HINT_DOSKUTSU_LOADSTAGE_SILENCE=0 to disable)
[11:55:38] [info] load-band audio-underrun probe: DISABLED (default) (opt-in SDL_HINT_DOSKUTSU_LOADBAND_STAT=1)
[11:55:38] [info]  >> Entering stage 72: 'u'.
[11:55:38] [info] skip sheet flush: ENABLED (default) (SFXPAUSE-012 SHIPPED FIX; sprite sheets stay resident across caves so no per-cave re-decode -> no fire-frame pause; map_flush_graphics tilemap cache still flushes; set SDL_HINT_DOSKUTSU_SKIP_SHEET_FLUSH=0 to restore the old per-cave flush)
[11:55:38] [info] [skip-sheet-flush] cave=1
[11:55:38] [info] eager action sheets: ENABLED (default) (first-fire hitch fix: pre-loads the weapon bullet + hit/muzzle/trail caret sheets at stage load so the first fire/impact does not lazy-decode mid-gameplay; set SDL_HINT_DOSKUTSU_EAGER_ACTION_SHEETS=0 to restore lazy load)
[11:55:38] [info] Surface::loadImage palmap-diag #2: 'data/Bullet.pbm' fmt=SDL_PIXELFORMAT_ABGR8888 remap=HIT -> path=truecolor
[11:55:38] [info] Surface::loadImage palmap-diag #3: 'data/Arms.pbm' fmt=SDL_PIXELFORMAT_ABGR8888 remap=HIT -> path=truecolor
[11:55:39] [info] Surface::loadImage palmap-diag #4: 'data/Caret.pbm' fmt=SDL_PIXELFORMAT_ABGR8888 remap=HIT -> path=truecolor
[11:55:39] [info] Surface::loadImage palmap-diag #5: 'data/Npc/NpcSym.pbm' fmt=SDL_PIXELFORMAT_ABGR8888 remap=HIT -> path=truecolor
[11:55:39] [info] [eager-action-sheets] cave=1 sheets=4 wall_ms=1401
[11:55:40] [info] Surface::loadImage palmap-diag #6: 'data/Stage/PrtWhite.pbm' fmt=SDL_PIXELFORMAT_ABGR8888 remap=HIT -> path=truecolor
[11:55:40] [info] load_stage: entry-music preload ENABLED (default) (set SDL_HINT_DOSKUTSU_PRELOAD_STAGE_MUSIC=0 to disable)
[11:55:40] [info] Surface::loadImage palmap-diag #7: 'data/bk0.pbm' fmt=SDL_PIXELFORMAT_ABGR8888 remap=HIT -> path=truecolor
[11:55:40] [info] gameloop: entered (curmap=72, running=1)
[11:55:40] [info] gameloop: iter 1 ticks=31116 mapno=-1
[11:55:40] [info] fixed-timestep: ENABLED (default; logic 50 Hz, decoupled from render)
[11:55:40] [info] map: BG skip-when-unchanged DISABLED (default) (set SDL_HINT_DOSKUTSU_BG_SKIP_WHEN_UNCHANGED=1 to enable; default OFF since wave-61 -- abandoned, it shipped a backdrop-black flicker and its +0.87 fps was below the noise floor)
[11:55:40] [info] map: skip-redundant-clear lever ENABLED (default since wave-53 promotion)
[11:55:40] [info] perf-mode: level=0 (faithful (default))
[11:55:40] [info] Surface::loadImage palmap-diag #8: 'data/Npc/NpcKings.pbm' fmt=SDL_PIXELFORMAT_ABGR8888 remap=HIT -> path=truecolor
[11:55:41] [info] audio tick-boundary pump: DISABLED (default)
[11:55:41] [info] gameloop: iter 2 ticks=31508 mapno=-1
[11:55:41] [info] gameloop: iter 3 ticks=31564 mapno=-1
[11:55:41] [info] direct-vesa: snapshot @gen=2 use_dosmemput=0 banked_multibank=0 pitches_match=1 vram_w=320 vram_h=240 vram_pitch=320 bpp=1 fb_size=76800 vram_phys=0x78000000 vram_ptr=0x77c00000
[11:55:41] [info] flip-probe: flip #10 ok=true present=3ms inter_flip_ms=30 drawcalls-since-flip=6 drawcalls-total=43 fail-total=0 null-skips-total=0
[11:55:41] [info] flip-probe: flip #20 ok=true present=3ms inter_flip_ms=30 drawcalls-since-flip=4 drawcalls-total=92 fail-total=0 null-skips-total=0
[11:55:42] [info] flip-probe: flip #30 ok=true present=3ms inter_flip_ms=65 drawcalls-since-flip=326 drawcalls-total=2707 fail-total=0 null-skips-total=0
[11:55:43] [info] flip-probe: flip #40 ok=true present=3ms inter_flip_ms=59 drawcalls-since-flip=264 drawcalls-total=5837 fail-total=0 null-skips-total=0
[11:55:43] [info] flip-probe: flip #50 ok=true present=3ms inter_flip_ms=36 drawcalls-since-flip=67 drawcalls-total=7392 fail-total=0 null-skips-total=0
[11:55:43] [info] flip-probe: flip #60 ok=true present=3ms inter_flip_ms=28 drawcalls-since-flip=4 drawcalls-total=7502 fail-total=0 null-skips-total=0
[11:55:44] [info] flip-probe: flip #70 ok=true present=3ms inter_flip_ms=29 drawcalls-since-flip=6 drawcalls-total=7557 fail-total=0 null-skips-total=0
[11:55:44] [info] flip-probe: flip #80 ok=true present=3ms inter_flip_ms=22 drawcalls-since-flip=0 drawcalls-total=7586 fail-total=0 null-skips-total=0
[11:55:44] [info] flip-probe: flip #90 ok=true present=3ms inter_flip_ms=22 drawcalls-since-flip=0 drawcalls-total=7586 fail-total=0 null-skips-total=0
[11:55:44] [info] title: eager-title-IO phase tag ENABLED (default) (set SDL_HINT_DOSKUTSU_EAGER_TITLE_IO=0 to disable)
[11:55:45] [info] [music-dispatch] tick=95 song=24 (prev 0)
[11:55:45] [info] MidiScheduler::load: parsed 'data/orgmid2/curly.mid' = 11294 events at 48 PPQ
[11:55:45] [info] opl3 backend: on_song_start
[11:55:45] [info] gameloop: entered (curmap=1005, running=1)
[11:55:45] [info] gameloop: iter 1 ticks=36023 mapno=-1
[11:55:45] [info] map: backdrop cache ENABLED (default) (set SDL_HINT_DOSKUTSU_BACKDROP_CACHE=0 to disable)
[11:55:46] [info] gameloop: iter 2 ticks=36812 mapno=-1
[11:55:46] [info] gameloop: iter 3 ticks=36852 mapno=-1
[11:55:46] [info] backdrop cache: thrashing-detect engaged (streak=4, route=direct)
[11:55:46] [info] flip-probe: flip #100 ok=true present=3ms inter_flip_ms=33 drawcalls-since-flip=75 drawcalls-total=7886 fail-total=0 null-skips-total=0
[11:55:46] [info] alpha audit block 0: 7798 total drawcalls, 0 with alpha<255 (block pct_x10=0; global 0/7798 pct_x10=0); alpha-mod skipped: block=0 global=0
[11:55:46] [info] fastpath audit block 0: taken=7798 (idx8=7798) skipped=0 pct_x10=1000; global taken=7798 (idx8=7798) skipped=0 pct_x10=1000
[11:55:46] [info] primitive tally block 0: clear=220(hr=220) fill=0(hr=0) rect=0(hr=0) line=0(hr=0) tint=0 spotlight=0 (over 100 flips ending at flip 100)
[11:55:46] [info] color/alpha audit block 0: cmod_white=104 cmod_black=0 (idx=0) cmod_general=84 (idx=84) cmod_fb=0; alpha_taken=0 alpha_skipped=0 (global cmod=104/0/84/0 idx=0/84 alpha=0/0)
[11:55:46] [info] phase timing block 0: drawcalls=8209 dc_total_ms=1360 flip_inner_total_ms=843 inter_flip_total_ms=32255 (per-flip avg x10: dc_ms=136 fi_ms=84 if_ms=3225 derived audio+engine_ms=3005; per-drawcall avg us_x10=1657) [direct-vesa: presents=97 total_ms=282 avg_ms_x10=29 failed=0] [ablation: NO_DC_TIMING=0 CACHE_WINSURF=0 DIRECT_VESA=1]
[11:55:46] [info] kbd/audio block 0: kbd_irq=0 kbd_drain=0 ring_chunks=16 pump_pass=99 pic1_mask=0xb8 first_irq_ticks=0 install_ticks=0 vector_at_install=0x0083e390 pic1_mask_live=0x38 kbd_8042_stat=0x34 bios_kbd_head=0x0024 bios_kbd_tail=0x0024 bios_kbd_buf0=0x1265
[11:55:46] [info] audio/engine split block 0: audio_mixer_calls=0 audio_mixer_ms_x10=0 engine_tick_calls=99 engine_tick_ms_x10=471 audio_service_calls=0 audio_service_ms_x10=0 (per-flip avg; per-call us_x10: audio_mix=0 engine_tick=476101 audio_service=0; global ns: audio_mix=0 engine_tick=4713404517 audio_service=0)
[11:55:46] [info] pixtone multi-source probe: DISABLED (default)
[11:55:46] [info] dirty-rect block @flip=100: total_calls=0 dirty_rects_avg=0 dirty_pct_x10=990 forced_full=0 first_n_force=3 threshold_exceeded=2 dirty_path_taken=0 full_flush_taken=3
[11:55:46] [info] prev-frame-diff block @flip=100: diff_calls=0 diff_rects_avg=0 diff_dirty_pct_x10=0 bbox_pct_x10=0 bbox_thresh_exceeded=0
[11:55:46] [info] flip-probe: flip #110 ok=true present=3ms inter_flip_ms=28 drawcalls-since-flip=75 drawcalls-total=8636 fail-total=0 null-skips-total=0
[11:55:47] [info] flip-probe: flip #120 ok=true present=3ms inter_flip_ms=27 drawcalls-since-flip=75 drawcalls-total=9386 fail-total=0 null-skips-total=0
[11:55:47] [info] flip-probe: flip #130 ok=true present=4ms inter_flip_ms=19 drawcalls-since-flip=0 drawcalls-total=9986 fail-total=0 null-skips-total=0
[11:55:47] [info] Loading profile from profile.dat
[11:55:47] [error] profile_load: unable to open 'profile.dat'
[11:55:47] [info] Loading profile from profile2.dat
[11:55:47] [error] profile_load: unable to open 'profile2.dat'
[11:55:47] [info] Loading profile from profile3.dat
[11:55:47] [info] Loading profile from profile4.dat
[11:55:47] [error] profile_load: unable to open 'profile4.dat'
[11:55:47] [info] Loading profile from profile5.dat
[11:55:48] [info] flip-probe: flip #140 ok=true present=3ms inter_flip_ms=46 drawcalls-since-flip=210 drawcalls-total=10826 fail-total=0 null-skips-total=0
[11:55:48] [info] flip-probe: flip #150 ok=true present=3ms inter_flip_ms=46 drawcalls-since-flip=210 drawcalls-total=12926 fail-total=0 null-skips-total=0
[11:55:48] [info] Writing settings...
[11:55:48] [info] flip-probe: flip #160 ok=true present=3ms inter_flip_ms=20 drawcalls-since-flip=0 drawcalls-total=13774 fail-total=0 null-skips-total=0
[11:55:49] [info] flip-probe: flip #170 ok=true present=3ms inter_flip_ms=22 drawcalls-since-flip=0 drawcalls-total=13774 fail-total=0 null-skips-total=0
[11:55:49] [info] [music-dispatch] tick=175 song=0 (prev 24)
[11:55:49] [info] opl3 backend: on_song_stop
[11:55:49] [info] Loading profile from profile5.dat
[11:55:49] [info]  >> Entering stage 20: 'Save Point'.
[11:55:49] [info] [skip-sheet-flush] cave=2
[11:55:50] [info] [music-dispatch] tick=175 song=8 (prev 0)
[11:55:50] [info] MidiScheduler::load: parsed 'data/orgmid2/vivi.mid' = 4558 events at 48 PPQ
[11:55:50] [info] opl3 backend: on_song_start
[11:55:50] [info] gameloop: entered (curmap=20, running=1)
[11:55:50] [info] gameloop: iter 1 ticks=40524 mapno=-1
[11:55:50] [info] TAS stall discount: ENABLED (default) (patch 0286; a replay frame over 150 ms is a load, not slow rendering, so it contributes 1 tick instead of its wall-clock; set SDL_HINT_DOSKUTSU_TAS_STALL_DISCOUNT=0 to disable)
[11:55:50] [info] TAS accumulator clamp: DISABLED (default) (patch 0281; caps the FT accumulator delta at one tick during TAS so a stalled frame cannot race the replay index; set SDL_HINT_DOSKUTSU_TAS_FT_GUARD=0 to disable)
[11:55:50] [info] gameloop: iter 2 ticks=40568 mapno=-1
[11:55:50] [info] gameloop: iter 3 ticks=40606 mapno=-1
[11:55:50] [info] flip-probe: flip #180 ok=true present=3ms inter_flip_ms=29 drawcalls-since-flip=16 drawcalls-total=13896 fail-total=0 null-skips-total=0
[11:55:50] [info] flip-probe: flip #190 ok=true present=3ms inter_flip_ms=29 drawcalls-since-flip=16 drawcalls-total=14056 fail-total=0 null-skips-total=0
[11:55:50] [info] flip-probe: flip #200 ok=true present=3ms inter_flip_ms=31 drawcalls-since-flip=16 drawcalls-total=14216 fail-total=0 null-skips-total=0
[11:55:50] [info] alpha audit block 0: 5693 total drawcalls, 0 with alpha<255 (block pct_x10=0; global 0/13491 pct_x10=0); alpha-mod skipped: block=0 global=0
[11:55:50] [info] fastpath audit block 0: taken=5693 (idx8=5693) skipped=0 pct_x10=1000; global taken=13491 (idx8=13491) skipped=0 pct_x10=1000
[11:55:50] [info] primitive tally block 0: clear=201(hr=201) fill=0(hr=0) rect=0(hr=0) line=0(hr=0) tint=0 spotlight=0 (over 100 flips ending at flip 200)
[11:55:50] [info] color/alpha audit block 0: cmod_white=1402 cmod_black=0 (idx=0) cmod_general=609 (idx=609) cmod_fb=0; alpha_taken=0 alpha_skipped=0 (global cmod=1506/0/693/0 idx=0/693 alpha=0/0)
[11:55:50] [info] phase timing block 0: drawcalls=7905 dc_total_ms=1230 flip_inner_total_ms=532 inter_flip_total_ms=4361 (per-flip avg x10: dc_ms=123 fi_ms=53 if_ms=436 derived audio+engine_ms=260; per-drawcall avg us_x10=1556) [direct-vesa: presents=100 total_ms=286 avg_ms_x10=28 failed=0] [ablation: NO_DC_TIMING=0 CACHE_WINSURF=0 DIRECT_VESA=1]
[11:55:51] [info] kbd/audio block 0: kbd_irq=0 kbd_drain=0 ring_chunks=16 pump_pass=211 pic1_mask=0xb8 first_irq_ticks=0 install_ticks=0 vector_at_install=0x0083e390 pic1_mask_live=0x38 kbd_8042_stat=0x34 bios_kbd_head=0x0024 bios_kbd_tail=0x0024 bios_kbd_buf0=0x1265
[11:55:51] [info] audio/engine split block 0: audio_mixer_calls=0 audio_mixer_ms_x10=0 engine_tick_calls=76 engine_tick_ms_x10=179 audio_service_calls=0 audio_service_ms_x10=0 (per-flip avg; per-call us_x10: audio_mix=0 engine_tick=236187 audio_service=0; global ns: audio_mix=0 engine_tick=6508427058 audio_service=0)
[11:55:51] [info] dirty-rect block @flip=200: total_calls=0 dirty_rects_avg=1 dirty_pct_x10=1000 forced_full=0 first_n_force=0 threshold_exceeded=0 dirty_path_taken=0 full_flush_taken=0
[11:55:51] [info] prev-frame-diff block @flip=200: diff_calls=0 diff_rects_avg=0 diff_dirty_pct_x10=0 bbox_pct_x10=0 bbox_thresh_exceeded=0
[11:55:51] [info] flip-probe: flip #210 ok=true present=3ms inter_flip_ms=31 drawcalls-since-flip=16 drawcalls-total=14376 fail-total=0 null-skips-total=0
[11:55:51] [info] flip-probe: flip #220 ok=true present=3ms inter_flip_ms=31 drawcalls-since-flip=16 drawcalls-total=14536 fail-total=0 null-skips-total=0
[11:55:51] [info] flip-probe: flip #230 ok=true present=3ms inter_flip_ms=29 drawcalls-since-flip=16 drawcalls-total=14696 fail-total=0 null-skips-total=0
[11:55:52] [info] flip-probe: flip #240 ok=true present=3ms inter_flip_ms=68 drawcalls-since-flip=358 drawcalls-total=16552 fail-total=0 null-skips-total=0
[11:55:52] [info]  >> Entering stage 11: 'Mimiga Village'.
[11:55:52] [info] [skip-sheet-flush] cave=3
[11:55:53] [info] [load-stage] preloading entry music song=9 (cave=3)
[11:55:53] [info] [music-dispatch] tick=297 song=9 (prev 8)
[11:55:53] [info] opl3 backend: on_song_stop
[11:55:53] [info] MidiScheduler::load: parsed 'data/orgmid2/mura.mid' = 2863 events at 48 PPQ
[11:55:53] [info] opl3 backend: on_song_start
[11:55:53] [info] gameloop: entered (curmap=11, running=1)
[11:55:53] [info] gameloop: iter 1 ticks=43960 mapno=-1
[11:55:53] [info] map: mds_clear LUT ENABLED (default) (set SDL_HINT_DOSKUTSU_MDS_CLEAR_LUT=0 to disable; default ON; patch 0144 wave-49 bandwidth lever)
[11:55:53] [info] mds-clear-lut: rebuilt N=240 entries (k_skip=0% k_keep=100%; curmap=11 map_size=60x60; rebuild #1 since boot)
[11:55:53] [info] backdrop thrash full-cover ENABLED (default) (set SDL_HINT_DOSKUTSU_THRASH_FULLCOVER=0 to disable)
[11:55:53] [info] [bd-diag] backdrop render-path diag disabled (default) (set SDL_HINT_DOSKUTSU_BACKDROP_DIAG=1 to enable)
[11:55:53] [info] gameloop: iter 2 ticks=44081 mapno=-1
[11:55:53] [info] gameloop: iter 3 ticks=44174 mapno=-1
[11:55:54] [info] backdrop cache: thrashing-detect engaged (streak=4, route=direct)
[11:55:54] [info] flip-probe: flip #250 ok=true present=3ms inter_flip_ms=68 drawcalls-since-flip=145 drawcalls-total=19614 fail-total=0 null-skips-total=0
[11:55:54] [info] flip-probe: flip #260 ok=true present=3ms inter_flip_ms=43 drawcalls-since-flip=44 drawcalls-total=20054 fail-total=0 null-skips-total=0
[11:55:55] [info] flip-probe: flip #270 ok=true present=2ms inter_flip_ms=44 drawcalls-since-flip=46 drawcalls-total=20502 fail-total=0 null-skips-total=0
[11:55:55] [info] flip-probe: flip #280 ok=true present=3ms inter_flip_ms=44 drawcalls-since-flip=42 drawcalls-total=20943 fail-total=0 null-skips-total=0
[11:55:56] [info] flip-probe: flip #290 ok=true present=3ms inter_flip_ms=42 drawcalls-since-flip=42 drawcalls-total=21363 fail-total=0 null-skips-total=0
[11:55:56] [info] flip-probe: flip #300 ok=true present=3ms inter_flip_ms=44 drawcalls-since-flip=42 drawcalls-total=21783 fail-total=0 null-skips-total=0
[11:55:56] [info] alpha audit block 0: 6783 total drawcalls, 0 with alpha<255 (block pct_x10=0; global 0/20274 pct_x10=0); alpha-mod skipped: block=0 global=0
[11:55:56] [info] fastpath audit block 0: taken=6783 (idx8=6783) skipped=0 pct_x10=1000; global taken=20274 (idx8=20274) skipped=0 pct_x10=1000
[11:55:56] [info] primitive tally block 0: clear=201(hr=201) fill=0(hr=0) rect=0(hr=0) line=0(hr=0) tint=0 spotlight=0 (over 100 flips ending at flip 300)
[11:55:56] [info] color/alpha audit block 0: cmod_white=728 cmod_black=728 (idx=728) cmod_general=0 (idx=0) cmod_fb=0; alpha_taken=0 alpha_skipped=0 (global cmod=2234/728/693/0 idx=728/693 alpha=0/0)
[11:55:56] [info] phase timing block 0: drawcalls=8445 dc_total_ms=1067 flip_inner_total_ms=519 inter_flip_total_ms=5509 (per-flip avg x10: dc_ms=106 fi_ms=51 if_ms=550 derived audio+engine_ms=393; per-drawcall avg us_x10=1264) [direct-vesa: presents=100 total_ms=282 avg_ms_x10=28 failed=0] [ablation: NO_DC_TIMING=0 CACHE_WINSURF=0 DIRECT_VESA=1]
[11:55:56] [info] kbd/audio block 0: kbd_irq=0 kbd_drain=0 ring_chunks=16 pump_pass=437 pic1_mask=0xb8 first_irq_ticks=0 install_ticks=0 vector_at_install=0x0083e390 pic1_mask_live=0x38 kbd_8042_stat=0x34 bios_kbd_head=0x0024 bios_kbd_tail=0x0024 bios_kbd_buf0=0x1265
[11:55:56] [info] [tile-speedup-stat n=100 drawtile_us=98.26 raw_blit_us=70.74 ratio=1.39]
[11:55:56] [info] dirty-rect block @flip=300: total_calls=100 dirty_rects_avg=1 dirty_pct_x10=1000 forced_full=0 first_n_force=0 threshold_exceeded=0 dirty_path_taken=0 full_flush_taken=0
[11:55:56] [info] prev-frame-diff block @flip=300: diff_calls=0 diff_rects_avg=0 diff_dirty_pct_x10=0 bbox_pct_x10=0 bbox_thresh_exceeded=0
[11:55:56] [info] backdrop cache: thrashing-detect engaged (streak=64, route=direct)
[11:55:57] [info] flip-probe: flip #310 ok=true present=3ms inter_flip_ms=52 drawcalls-since-flip=42 drawcalls-total=22303 fail-total=0 null-skips-total=0
[11:55:57] [info] flip-probe: flip #320 ok=true present=3ms inter_flip_ms=42 drawcalls-since-flip=42 drawcalls-total=22723 fail-total=0 null-skips-total=0
[11:55:57] [info] flip-probe: flip #330 ok=true present=3ms inter_flip_ms=46 drawcalls-since-flip=43 drawcalls-total=23150 fail-total=0 null-skips-total=0
[11:55:58] [info] flip-probe: flip #340 ok=true present=3ms inter_flip_ms=44 drawcalls-since-flip=43 drawcalls-total=23580 fail-total=0 null-skips-total=0
[11:55:58] [info] flip-probe: flip #350 ok=true present=4ms inter_flip_ms=45 drawcalls-since-flip=44 drawcalls-total=24015 fail-total=0 null-skips-total=0
[11:55:59] [info] flip-probe: flip #360 ok=true present=2ms inter_flip_ms=45 drawcalls-since-flip=42 drawcalls-total=24450 fail-total=0 null-skips-total=0
[11:55:59] [info] backdrop cache: thrashing-detect engaged (streak=124, route=direct)
[11:55:59] [info] flip-probe: flip #370 ok=true present=3ms inter_flip_ms=48 drawcalls-since-flip=16 drawcalls-total=24712 fail-total=0 null-skips-total=0
[11:56:00] [info] flip-probe: flip #380 ok=true present=3ms inter_flip_ms=42 drawcalls-since-flip=15 drawcalls-total=24879 fail-total=0 null-skips-total=0
[11:56:00] [info] flip-probe: flip #390 ok=true present=3ms inter_flip_ms=41 drawcalls-since-flip=14 drawcalls-total=25021 fail-total=0 null-skips-total=0
[11:56:00] [info] flip-probe: flip #400 ok=true present=3ms inter_flip_ms=42 drawcalls-since-flip=18 drawcalls-total=25189 fail-total=0 null-skips-total=0
[11:56:01] [info] alpha audit block 0: 2474 total drawcalls, 0 with alpha<255 (block pct_x10=0; global 0/22748 pct_x10=0); alpha-mod skipped: block=0 global=0
[11:56:01] [info] fastpath audit block 0: taken=2474 (idx8=2474) skipped=0 pct_x10=1000; global taken=22748 (idx8=22748) skipped=0 pct_x10=1000
[11:56:01] [info] primitive tally block 0: clear=200(hr=200) fill=0(hr=0) rect=0(hr=0) line=0(hr=0) tint=0 spotlight=0 (over 100 flips ending at flip 400)
[11:56:01] [info] color/alpha audit block 0: cmod_white=832 cmod_black=832 (idx=832) cmod_general=0 (idx=0) cmod_fb=0; alpha_taken=0 alpha_skipped=0 (global cmod=3066/1560/693/0 idx=1560/693 alpha=0/0)
[11:56:01] [info] phase timing block 0: drawcalls=4338 dc_total_ms=715 flip_inner_total_ms=522 inter_flip_total_ms=4522 (per-flip avg x10: dc_ms=71 fi_ms=52 if_ms=452 derived audio+engine_ms=329; per-drawcall avg us_x10=1649) [direct-vesa: presents=100 total_ms=282 avg_ms_x10=28 failed=0] [ablation: NO_DC_TIMING=0 CACHE_WINSURF=0 DIRECT_VESA=1]
[11:56:01] [info] kbd/audio block 0: kbd_irq=0 kbd_drain=0 ring_chunks=16 pump_pass=663 pic1_mask=0xb8 first_irq_ticks=0 install_ticks=0 vector_at_install=0x0083e390 pic1_mask_live=0x38 kbd_8042_stat=0x34 bios_kbd_head=0x0024 bios_kbd_tail=0x0024 bios_kbd_buf0=0x1265
[11:56:01] [info] dirty-rect block @flip=400: total_calls=0 dirty_rects_avg=1 dirty_pct_x10=1000 forced_full=0 first_n_force=0 threshold_exceeded=0 dirty_path_taken=0 full_flush_taken=0
[11:56:01] [info] prev-frame-diff block @flip=400: diff_calls=0 diff_rects_avg=0 diff_dirty_pct_x10=0 bbox_pct_x10=0 bbox_thresh_exceeded=0
[11:56:01] [info] flip-probe: flip #410 ok=true present=3ms inter_flip_ms=42 drawcalls-since-flip=14 drawcalls-total=25341 fail-total=0 null-skips-total=0
[11:56:01] [info] flip-probe: flip #420 ok=true present=3ms inter_flip_ms=41 drawcalls-since-flip=14 drawcalls-total=25481 fail-total=0 null-skips-total=0
[11:56:02] [info] backdrop cache: thrashing-detect engaged (streak=184, route=direct)
[11:56:02] [info] flip-probe: flip #430 ok=true present=3ms inter_flip_ms=80 drawcalls-since-flip=304 drawcalls-total=26621 fail-total=0 null-skips-total=0
[11:56:02] [info]  >> Entering stage 17: 'Yamashita Farm'.
[11:56:02] [info] [skip-sheet-flush] cave=4
[11:56:03] [info] [load-stage] preloading entry music song=13 (cave=4)
[11:56:03] [info] [music-dispatch] tick=753 song=13 (prev 9)
[11:56:03] [info] opl3 backend: on_song_stop
[11:56:03] [info] MidiScheduler::load: parsed 'data/orgmid2/plant.mid' = 3000 events at 48 PPQ
[11:56:03] [info] opl3 backend: on_song_start
[11:56:03] [info] gameloop: entered (curmap=17, running=1)
[11:56:03] [info] gameloop: iter 1 ticks=53783 mapno=-1
[11:56:03] [info] mds-clear-lut: rebuilt N=240 entries (k_skip=33% k_keep=67%; curmap=17 map_size=40x16; rebuild #2 since boot)
[11:56:03] [info] gameloop: iter 2 ticks=54010 mapno=-1
[11:56:03] [info] tas: stall frame 227 ms -> contributing 1 tick (patch 0286)
[11:56:03] [info] gameloop: iter 3 ticks=54096 mapno=-1
[11:56:04] [info] flip-probe: flip #440 ok=true present=3ms inter_flip_ms=87 drawcalls-since-flip=412 drawcalls-total=29926 fail-total=0 null-skips-total=0
[11:56:04] [info] tas: stall frame 308 ms -> contributing 1 tick (patch 0286)
[11:56:04] [info] flip-probe: flip #450 ok=true present=3ms inter_flip_ms=55 drawcalls-since-flip=133 drawcalls-total=32076 fail-total=0 null-skips-total=0
[11:56:05] [info] flip-probe: flip #460 ok=true present=3ms inter_flip_ms=57 drawcalls-since-flip=133 drawcalls-total=33443 fail-total=0 null-skips-total=0
[11:56:06] [info] flip-probe: flip #470 ok=true present=3ms inter_flip_ms=65 drawcalls-since-flip=124 drawcalls-total=34806 fail-total=0 null-skips-total=0
[11:56:06] [info] backdrop cache: thrashing-detect engaged (streak=4, route=direct)
[11:56:06] [info] flip-probe: flip #480 ok=true present=3ms inter_flip_ms=64 drawcalls-since-flip=136 drawcalls-total=36139 fail-total=0 null-skips-total=0
[11:56:07] [info] flip-probe: flip #490 ok=true present=3ms inter_flip_ms=62 drawcalls-since-flip=136 drawcalls-total=37504 fail-total=0 null-skips-total=0
[11:56:08] [info] flip-probe: flip #500 ok=true present=3ms inter_flip_ms=76 drawcalls-since-flip=147 drawcalls-total=38921 fail-total=0 null-skips-total=0
[11:56:08] [info] alpha audit block 0: 12787 total drawcalls, 0 with alpha<255 (block pct_x10=0; global 0/35535 pct_x10=0); alpha-mod skipped: block=0 global=0
[11:56:08] [info] fastpath audit block 0: taken=12787 (idx8=12787) skipped=0 pct_x10=1000; global taken=35535 (idx8=35535) skipped=0 pct_x10=1000
[11:56:08] [info] primitive tally block 0: clear=201(hr=201) fill=0(hr=0) rect=0(hr=0) line=0(hr=0) tint=0 spotlight=0 (over 100 flips ending at flip 500)
[11:56:08] [info] color/alpha audit block 0: cmod_white=845 cmod_black=845 (idx=845) cmod_general=0 (idx=0) cmod_fb=0; alpha_taken=0 alpha_skipped=0 (global cmod=3911/2405/693/0 idx=2405/693 alpha=0/0)
[11:56:08] [info] phase timing block 0: drawcalls=14717 dc_total_ms=1448 flip_inner_total_ms=745 inter_flip_total_ms=7046 (per-flip avg x10: dc_ms=144 fi_ms=74 if_ms=704 derived audio+engine_ms=486; per-drawcall avg us_x10=984) [direct-vesa: presents=100 total_ms=286 avg_ms_x10=28 failed=0] [ablation: NO_DC_TIMING=0 CACHE_WINSURF=0 DIRECT_VESA=1]
[11:56:08] [info] kbd/audio block 0: kbd_irq=0 kbd_drain=0 ring_chunks=16 pump_pass=954 pic1_mask=0xb8 first_irq_ticks=0 install_ticks=0 vector_at_install=0x0083e390 pic1_mask_live=0x38 kbd_8042_stat=0x34 bios_kbd_head=0x0024 bios_kbd_tail=0x0024 bios_kbd_buf0=0x1265
[11:56:08] [info] dirty-rect block @flip=500: total_calls=0 dirty_rects_avg=1 dirty_pct_x10=1000 forced_full=0 first_n_force=0 threshold_exceeded=0 dirty_path_taken=0 full_flush_taken=0
[11:56:08] [info] prev-frame-diff block @flip=500: diff_calls=0 diff_rects_avg=0 diff_dirty_pct_x10=0 bbox_pct_x10=0 bbox_thresh_exceeded=0
[11:56:08] [info] tas: stall frame 153 ms -> contributing 1 tick (patch 0286)
[11:56:08] [info] backdrop cache: thrashing-detect engaged (streak=4, route=direct)
[11:56:08] [info] flip-probe: flip #510 ok=true present=3ms inter_flip_ms=63 drawcalls-since-flip=142 drawcalls-total=40338 fail-total=0 null-skips-total=0
[11:56:09] [info] flip-probe: flip #520 ok=true present=3ms inter_flip_ms=66 drawcalls-since-flip=129 drawcalls-total=41701 fail-total=0 null-skips-total=0
[11:56:10] [info] flip-probe: flip #530 ok=true present=3ms inter_flip_ms=58 drawcalls-since-flip=132 drawcalls-total=42972 fail-total=0 null-skips-total=0
[11:56:10] [info] flip-probe: flip #540 ok=true present=3ms inter_flip_ms=58 drawcalls-since-flip=125 drawcalls-total=44287 fail-total=0 null-skips-total=0
[11:56:11] [info] flip-probe: flip #550 ok=true present=3ms inter_flip_ms=60 drawcalls-since-flip=124 drawcalls-total=45527 fail-total=0 null-skips-total=0
[11:56:11] [info] backdrop cache: thrashing-detect engaged (streak=4, route=direct)
[11:56:11] [info] flip-probe: flip #560 ok=true present=4ms inter_flip_ms=58 drawcalls-since-flip=100 drawcalls-total=46645 fail-total=0 null-skips-total=0
[11:56:12] [info] flip-probe: flip #570 ok=true present=3ms inter_flip_ms=61 drawcalls-since-flip=118 drawcalls-total=47774 fail-total=0 null-skips-total=0
[11:56:13] [info] flip-probe: flip #580 ok=true present=3ms inter_flip_ms=60 drawcalls-since-flip=114 drawcalls-total=48932 fail-total=0 null-skips-total=0
[11:56:13] [info] run_tick_fixed #1200: heartbeat (loop alive)
[11:56:13] [info] flip-probe: flip #590 ok=true present=3ms inter_flip_ms=53 drawcalls-since-flip=110 drawcalls-total=50058 fail-total=0 null-skips-total=0
[11:56:14] [info] flip-probe: flip #600 ok=true present=3ms inter_flip_ms=59 drawcalls-since-flip=109 drawcalls-total=51158 fail-total=0 null-skips-total=0
[11:56:14] [info] alpha audit block 0: 11422 total drawcalls, 0 with alpha<255 (block pct_x10=0; global 0/46957 pct_x10=0); alpha-mod skipped: block=0 global=0
[11:56:14] [info] fastpath audit block 0: taken=11422 (idx8=11422) skipped=0 pct_x10=1000; global taken=46957 (idx8=46957) skipped=0 pct_x10=1000
[11:56:14] [info] primitive tally block 0: clear=200(hr=200) fill=0(hr=0) rect=0(hr=0) line=0(hr=0) tint=0 spotlight=0 (over 100 flips ending at flip 600)
[11:56:14] [info] color/alpha audit block 0: cmod_white=715 cmod_black=715 (idx=715) cmod_general=0 (idx=0) cmod_fb=0; alpha_taken=0 alpha_skipped=0 (global cmod=4626/3120/693/0 idx=3120/693 alpha=0/0)
[11:56:14] [info] phase timing block 0: drawcalls=13082 dc_total_ms=1110 flip_inner_total_ms=525 inter_flip_total_ms=6245 (per-flip avg x10: dc_ms=111 fi_ms=52 if_ms=624 derived audio+engine_ms=461; per-drawcall avg us_x10=848) [direct-vesa: presents=100 total_ms=284 avg_ms_x10=28 failed=0] [ablation: NO_DC_TIMING=0 CACHE_WINSURF=0 DIRECT_VESA=1]
[11:56:14] [info] kbd/audio block 0: kbd_irq=0 kbd_drain=0 ring_chunks=16 pump_pass=1260 pic1_mask=0xb8 first_irq_ticks=0 install_ticks=0 vector_at_install=0x0083e390 pic1_mask_live=0x38 kbd_8042_stat=0x34 bios_kbd_head=0x0024 bios_kbd_tail=0x0024 bios_kbd_buf0=0x1265
[11:56:14] [info] dirty-rect block @flip=600: total_calls=0 dirty_rects_avg=1 dirty_pct_x10=1000 forced_full=0 first_n_force=0 threshold_exceeded=0 dirty_path_taken=0 full_flush_taken=0
[11:56:14] [info] prev-frame-diff block @flip=600: diff_calls=0 diff_rects_avg=0 diff_dirty_pct_x10=0 bbox_pct_x10=0 bbox_thresh_exceeded=0
[11:56:14] [info] flip-probe: flip #610 ok=true present=3ms inter_flip_ms=57 drawcalls-since-flip=103 drawcalls-total=52196 fail-total=0 null-skips-total=0
[11:56:15] [info] backdrop cache: thrashing-detect engaged (streak=64, route=direct)
[11:56:15] [info] flip-probe: flip #620 ok=true present=3ms inter_flip_ms=57 drawcalls-since-flip=111 drawcalls-total=53258 fail-total=0 null-skips-total=0
[11:56:16] [info] flip-probe: flip #630 ok=true present=3ms inter_flip_ms=67 drawcalls-since-flip=110 drawcalls-total=54375 fail-total=0 null-skips-total=0
[11:56:16] [info] backdrop cache: thrashing-detect engaged (streak=4, route=direct)
[11:56:16] [info] flip-probe: flip #640 ok=true present=3ms inter_flip_ms=57 drawcalls-since-flip=113 drawcalls-total=55473 fail-total=0 null-skips-total=0
[11:56:17] [info] flip-probe: flip #650 ok=true present=3ms inter_flip_ms=58 drawcalls-since-flip=120 drawcalls-total=56637 fail-total=0 null-skips-total=0
[11:56:17] [info] flip-probe: flip #660 ok=true present=3ms inter_flip_ms=53 drawcalls-since-flip=114 drawcalls-total=57813 fail-total=0 null-skips-total=0
[11:56:18] [info] flip-probe: flip #670 ok=true present=2ms inter_flip_ms=56 drawcalls-since-flip=114 drawcalls-total=58953 fail-total=0 null-skips-total=0
[11:56:19] [info] flip-probe: flip #680 ok=true present=4ms inter_flip_ms=69 drawcalls-since-flip=272 drawcalls-total=60367 fail-total=0 null-skips-total=0
[11:56:19] [info] run_tick_fixed #1500: heartbeat (loop alive)
[11:56:19] [info]  >> Entering stage 11: 'Mimiga Village'.
[11:56:19] [info] [skip-sheet-flush] cave=5
[11:56:19] [info] [load-stage] preloading entry music song=9 (cave=5)
[11:56:19] [info] [music-dispatch] tick=1522 song=9 (prev 13)
[11:56:19] [info] opl3 backend: on_song_stop
[11:56:20] [info] MidiScheduler::load: parsed 'data/orgmid2/mura.mid' = 2863 events at 48 PPQ
[11:56:20] [info] opl3 backend: on_song_start
[11:56:20] [info] gameloop: entered (curmap=11, running=1)
[11:56:20] [info] gameloop: iter 1 ticks=70553 mapno=-1
[11:56:20] [info] mds-clear-lut: rebuilt N=240 entries (k_skip=0% k_keep=100%; curmap=11 map_size=60x60; rebuild #3 since boot)
[11:56:20] [info] gameloop: iter 2 ticks=70861 mapno=-1
[11:56:20] [info] tas: stall frame 309 ms -> contributing 1 tick (patch 0286)
[11:56:20] [info] gameloop: iter 3 ticks=70954 mapno=-1
[11:56:20] [info] flip-probe: flip #690 ok=true present=3ms inter_flip_ms=88 drawcalls-since-flip=345 drawcalls-total=63798 fail-total=0 null-skips-total=0
[11:56:21] [info] backdrop cache: thrashing-detect engaged (streak=4, route=direct)
[11:56:21] [info] flip-probe: flip #700 ok=true present=3ms inter_flip_ms=43 drawcalls-since-flip=40 drawcalls-total=65178 fail-total=0 null-skips-total=0
[11:56:21] [info] alpha audit block 0: 13738 total drawcalls, 0 with alpha<255 (block pct_x10=0; global 0/60695 pct_x10=0); alpha-mod skipped: block=0 global=0
[11:56:21] [info] fastpath audit block 0: taken=13738 (idx8=13738) skipped=0 pct_x10=1000; global taken=60695 (idx8=60695) skipped=0 pct_x10=1000
[11:56:21] [info] primitive tally block 0: clear=201(hr=201) fill=0(hr=0) rect=0(hr=0) line=0(hr=0) tint=0 spotlight=0 (over 100 flips ending at flip 700)
[11:56:21] [info] color/alpha audit block 0: cmod_white=182 cmod_black=182 (idx=182) cmod_general=0 (idx=0) cmod_fb=0; alpha_taken=0 alpha_skipped=0 (global cmod=4808/3302/693/0 idx=3302/693 alpha=0/0)
[11:56:21] [info] phase timing block 0: drawcalls=14313 dc_total_ms=1419 flip_inner_total_ms=514 inter_flip_total_ms=7116 (per-flip avg x10: dc_ms=141 fi_ms=51 if_ms=711 derived audio+engine_ms=519; per-drawcall avg us_x10=991) [direct-vesa: presents=100 total_ms=282 avg_ms_x10=28 failed=0] [ablation: NO_DC_TIMING=0 CACHE_WINSURF=0 DIRECT_VESA=1]
[11:56:21] [info] kbd/audio block 0: kbd_irq=0 kbd_drain=0 ring_chunks=16 pump_pass=1564 pic1_mask=0xb8 first_irq_ticks=0 install_ticks=0 vector_at_install=0x0083e390 pic1_mask_live=0x38 kbd_8042_stat=0x34 bios_kbd_head=0x0024 bios_kbd_tail=0x0024 bios_kbd_buf0=0x1265
[11:56:21] [info] dirty-rect block @flip=700: total_calls=0 dirty_rects_avg=1 dirty_pct_x10=1000 forced_full=0 first_n_force=0 threshold_exceeded=0 dirty_path_taken=0 full_flush_taken=0
[11:56:21] [info] prev-frame-diff block @flip=700: diff_calls=0 diff_rects_avg=0 diff_dirty_pct_x10=0 bbox_pct_x10=0 bbox_thresh_exceeded=0
[11:56:21] [info] flip-probe: flip #710 ok=true present=3ms inter_flip_ms=44 drawcalls-since-flip=40 drawcalls-total=65578 fail-total=0 null-skips-total=0
[11:56:22] [info] flip-probe: flip #720 ok=true present=3ms inter_flip_ms=48 drawcalls-since-flip=40 drawcalls-total=65978 fail-total=0 null-skips-total=0
[11:56:22] [info] flip-probe: flip #730 ok=true present=3ms inter_flip_ms=43 drawcalls-since-flip=40 drawcalls-total=66378 fail-total=0 null-skips-total=0
[11:56:23] [info] flip-probe: flip #740 ok=true present=3ms inter_flip_ms=44 drawcalls-since-flip=40 drawcalls-total=66784 fail-total=0 null-skips-total=0
[11:56:23] [info] flip-probe: flip #750 ok=true present=3ms inter_flip_ms=47 drawcalls-since-flip=40 drawcalls-total=67189 fail-total=0 null-skips-total=0
[11:56:23] [info] backdrop cache: thrashing-detect engaged (streak=64, route=direct)
[11:56:24] [info] flip-probe: flip #760 ok=true present=3ms inter_flip_ms=45 drawcalls-since-flip=41 drawcalls-total=67595 fail-total=0 null-skips-total=0
[11:56:24] [info] flip-probe: flip #770 ok=true present=3ms inter_flip_ms=46 drawcalls-since-flip=42 drawcalls-total=68008 fail-total=0 null-skips-total=0
[11:56:25] [info] flip-probe: flip #780 ok=true present=3ms inter_flip_ms=42 drawcalls-since-flip=41 drawcalls-total=68422 fail-total=0 null-skips-total=0
[11:56:25] [info] flip-probe: flip #790 ok=true present=3ms inter_flip_ms=43 drawcalls-since-flip=41 drawcalls-total=68832 fail-total=0 null-skips-total=0
[11:56:25] [info] flip-probe: flip #800 ok=true present=3ms inter_flip_ms=44 drawcalls-since-flip=44 drawcalls-total=69260 fail-total=0 null-skips-total=0
[11:56:25] [info] alpha audit block 0: 2682 total drawcalls, 0 with alpha<255 (block pct_x10=0; global 0/63377 pct_x10=0); alpha-mod skipped: block=0 global=0
[11:56:25] [info] fastpath audit block 0: taken=2682 (idx8=2682) skipped=0 pct_x10=1000; global taken=63377 (idx8=63377) skipped=0 pct_x10=1000
[11:56:25] [info] primitive tally block 0: clear=200(hr=200) fill=0(hr=0) rect=0(hr=0) line=0(hr=0) tint=0 spotlight=0 (over 100 flips ending at flip 800)
[11:56:25] [info] color/alpha audit block 0: cmod_white=1300 cmod_black=1300 (idx=1300) cmod_general=0 (idx=0) cmod_fb=0; alpha_taken=0 alpha_skipped=0 (global cmod=6108/4602/693/0 idx=4602/693 alpha=0/0)
[11:56:25] [info] phase timing block 0: drawcalls=5482 dc_total_ms=773 flip_inner_total_ms=529 inter_flip_total_ms=4520 (per-flip avg x10: dc_ms=77 fi_ms=52 if_ms=452 derived audio+engine_ms=323; per-drawcall avg us_x10=1410) [direct-vesa: presents=100 total_ms=286 avg_ms_x10=28 failed=0] [ablation: NO_DC_TIMING=0 CACHE_WINSURF=0 DIRECT_VESA=1]
[11:56:25] [info] kbd/audio block 0: kbd_irq=0 kbd_drain=0 ring_chunks=16 pump_pass=1790 pic1_mask=0xb8 first_irq_ticks=0 install_ticks=0 vector_at_install=0x0083e390 pic1_mask_live=0x38 kbd_8042_stat=0x34 bios_kbd_head=0x0024 bios_kbd_tail=0x0024 bios_kbd_buf0=0x1265
[11:56:25] [info] dirty-rect block @flip=800: total_calls=0 dirty_rects_avg=1 dirty_pct_x10=1000 forced_full=0 first_n_force=0 threshold_exceeded=0 dirty_path_taken=0 full_flush_taken=0
[11:56:25] [info] prev-frame-diff block @flip=800: diff_calls=0 diff_rects_avg=0 diff_dirty_pct_x10=0 bbox_pct_x10=0 bbox_thresh_exceeded=0
[11:56:26] [info] run_tick_fixed #1800: heartbeat (loop alive)
[11:56:26] [info] flip-probe: flip #810 ok=true present=3ms inter_flip_ms=41 drawcalls-since-flip=18 drawcalls-total=69596 fail-total=0 null-skips-total=0
[11:56:26] [info] backdrop cache: thrashing-detect engaged (streak=124, route=direct)
[11:56:26] [info] flip-probe: flip #820 ok=true present=3ms inter_flip_ms=42 drawcalls-since-flip=18 drawcalls-total=69776 fail-total=0 null-skips-total=0
[11:56:27] [info] flip-probe: flip #830 ok=true present=3ms inter_flip_ms=39 drawcalls-since-flip=17 drawcalls-total=69951 fail-total=0 null-skips-total=0
[11:56:27] [info] flip-probe: flip #840 ok=true present=2ms inter_flip_ms=42 drawcalls-since-flip=16 drawcalls-total=70116 fail-total=0 null-skips-total=0
[11:56:28] [info] flip-probe: flip #850 ok=true present=2ms inter_flip_ms=41 drawcalls-since-flip=16 drawcalls-total=70283 fail-total=0 null-skips-total=0
[11:56:28] [info] flip-probe: flip #860 ok=true present=3ms inter_flip_ms=39 drawcalls-since-flip=16 drawcalls-total=70443 fail-total=0 null-skips-total=0
[11:56:28] [info] flip-probe: flip #870 ok=true present=3ms inter_flip_ms=40 drawcalls-since-flip=16 drawcalls-total=70603 fail-total=0 null-skips-total=0
[11:56:28] [info] backdrop cache: thrashing-detect engaged (streak=184, route=direct)
[11:56:29] [info] flip-probe: flip #880 ok=true present=3ms inter_flip_ms=40 drawcalls-since-flip=16 drawcalls-total=70763 fail-total=0 null-skips-total=0
[11:56:29] [info] flip-probe: flip #890 ok=true present=3ms inter_flip_ms=43 drawcalls-since-flip=27 drawcalls-total=70978 fail-total=0 null-skips-total=0
[11:56:30] [info] flip-probe: flip #900 ok=true present=3ms inter_flip_ms=42 drawcalls-since-flip=24 drawcalls-total=71243 fail-total=0 null-skips-total=0
[11:56:30] [info] alpha audit block 0: 1805 total drawcalls, 0 with alpha<255 (block pct_x10=0; global 0/65182 pct_x10=0); alpha-mod skipped: block=0 global=0
[11:56:30] [info] fastpath audit block 0: taken=1805 (idx8=1805) skipped=0 pct_x10=1000; global taken=65182 (idx8=65182) skipped=0 pct_x10=1000
[11:56:30] [info] primitive tally block 0: clear=200(hr=200) fill=0(hr=0) rect=0(hr=0) line=0(hr=0) tint=0 spotlight=0 (over 100 flips ending at flip 900)
[11:56:30] [info] color/alpha audit block 0: cmod_white=78 cmod_black=78 (idx=78) cmod_general=0 (idx=0) cmod_fb=0; alpha_taken=0 alpha_skipped=0 (global cmod=6186/4680/693/0 idx=4680/693 alpha=0/0)
[11:56:30] [info] phase timing block 0: drawcalls=2161 dc_total_ms=572 flip_inner_total_ms=510 inter_flip_total_ms=4221 (per-flip avg x10: dc_ms=57 fi_ms=51 if_ms=422 derived audio+engine_ms=314; per-drawcall avg us_x10=2647) [direct-vesa: presents=100 total_ms=282 avg_ms_x10=28 failed=0] [ablation: NO_DC_TIMING=0 CACHE_WINSURF=0 DIRECT_VESA=1]
[11:56:30] [info] kbd/audio block 0: kbd_irq=0 kbd_drain=0 ring_chunks=16 pump_pass=2001 pic1_mask=0xb8 first_irq_ticks=0 install_ticks=0 vector_at_install=0x0083e390 pic1_mask_live=0x38 kbd_8042_stat=0x34 bios_kbd_head=0x0024 bios_kbd_tail=0x0024 bios_kbd_buf0=0x1265
[11:56:30] [info] dirty-rect block @flip=900: total_calls=0 dirty_rects_avg=1 dirty_pct_x10=1000 forced_full=0 first_n_force=0 threshold_exceeded=0 dirty_path_taken=0 full_flush_taken=0
[11:56:30] [info] prev-frame-diff block @flip=900: diff_calls=0 diff_rects_avg=0 diff_dirty_pct_x10=0 bbox_pct_x10=0 bbox_thresh_exceeded=0
[11:56:30] [info] flip-probe: flip #910 ok=true present=3ms inter_flip_ms=39 drawcalls-since-flip=17 drawcalls-total=71465 fail-total=0 null-skips-total=0
[11:56:31] [info] flip-probe: flip #920 ok=true present=3ms inter_flip_ms=64 drawcalls-since-flip=231 drawcalls-total=72248 fail-total=0 null-skips-total=0
[11:56:31] [info]  >> Entering stage 15: 'Reservoir'.
[11:56:31] [info] [skip-sheet-flush] cave=6
[11:56:32] [info] [load-stage] preloading entry music song=9 (cave=6)
[11:56:32] [info] gameloop: entered (curmap=15, running=1)
[11:56:32] [info] gameloop: iter 1 ticks=82651 mapno=-1
[11:56:32] [info] mds-clear-lut: rebuilt N=240 entries (k_skip=13% k_keep=87%; curmap=15 map_size=40x20; rebuild #4 since boot)
[11:56:32] [info] gameloop: iter 2 ticks=82742 mapno=-1
[11:56:32] [info] gameloop: iter 3 ticks=82824 mapno=-1
[11:56:32] [info] flip-probe: flip #930 ok=true present=3ms inter_flip_ms=81 drawcalls-since-flip=336 drawcalls-total=74768 fail-total=0 null-skips-total=0
[11:56:33] [info] flip-probe: flip #940 ok=true present=3ms inter_flip_ms=36 drawcalls-since-flip=31 drawcalls-total=76288 fail-total=0 null-skips-total=0
[11:56:33] [info] flip-probe: flip #950 ok=true present=3ms inter_flip_ms=39 drawcalls-since-flip=31 drawcalls-total=76598 fail-total=0 null-skips-total=0
[11:56:33] [info] flip-probe: flip #960 ok=true present=3ms inter_flip_ms=39 drawcalls-since-flip=31 drawcalls-total=76908 fail-total=0 null-skips-total=0
[11:56:34] [info] backdrop cache: thrashing-detect engaged (streak=4, route=direct)
[11:56:34] [info] flip-probe: flip #970 ok=true present=3ms inter_flip_ms=42 drawcalls-since-flip=33 drawcalls-total=77222 fail-total=0 null-skips-total=0
[11:56:34] [info] flip-probe: flip #980 ok=true present=3ms inter_flip_ms=41 drawcalls-since-flip=34 drawcalls-total=77558 fail-total=0 null-skips-total=0
[11:56:35] [info] flip-probe: flip #990 ok=true present=3ms inter_flip_ms=41 drawcalls-since-flip=31 drawcalls-total=77878 fail-total=0 null-skips-total=0
[11:56:35] [info] flip-probe: flip #1000 ok=true present=3ms inter_flip_ms=46 drawcalls-since-flip=31 drawcalls-total=78188 fail-total=0 null-skips-total=0
[11:56:35] [info] alpha audit block 0: 6188 total drawcalls, 0 with alpha<255 (block pct_x10=0; global 0/71370 pct_x10=0); alpha-mod skipped: block=0 global=0
[11:56:35] [info] fastpath audit block 0: taken=6188 (idx8=6188) skipped=0 pct_x10=1000; global taken=71370 (idx8=71370) skipped=0 pct_x10=1000
[11:56:35] [info] primitive tally block 0: clear=202(hr=202) fill=0(hr=0) rect=0(hr=0) line=0(hr=0) tint=0 spotlight=0 (over 100 flips ending at flip 1000)
[11:56:35] [info] color/alpha audit block 0: cmod_white=657 cmod_black=657 (idx=657) cmod_general=0 (idx=0) cmod_fb=0; alpha_taken=0 alpha_skipped=0 (global cmod=6843/5337/693/0 idx=5337/693 alpha=0/0)
[11:56:35] [info] phase timing block 0: drawcalls=7744 dc_total_ms=1166 flip_inner_total_ms=533 inter_flip_total_ms=5454 (per-flip avg x10: dc_ms=116 fi_ms=53 if_ms=545 derived audio+engine_ms=376; per-drawcall avg us_x10=1505) [direct-vesa: presents=100 total_ms=284 avg_ms_x10=28 failed=0] [ablation: NO_DC_TIMING=0 CACHE_WINSURF=0 DIRECT_VESA=1]
[11:56:35] [info] kbd/audio block 0: kbd_irq=0 kbd_drain=0 ring_chunks=16 pump_pass=2233 pic1_mask=0xb8 first_irq_ticks=0 install_ticks=0 vector_at_install=0x0083e390 pic1_mask_live=0x38 kbd_8042_stat=0x34 bios_kbd_head=0x0024 bios_kbd_tail=0x0024 bios_kbd_buf0=0x1265
[11:56:35] [info] dirty-rect block @flip=1000: total_calls=0 dirty_rects_avg=1 dirty_pct_x10=1000 forced_full=0 first_n_force=0 threshold_exceeded=0 dirty_path_taken=0 full_flush_taken=0
[11:56:35] [info] prev-frame-diff block @flip=1000: diff_calls=0 diff_rects_avg=0 diff_dirty_pct_x10=0 bbox_pct_x10=0 bbox_thresh_exceeded=0
[11:56:36] [info] flip-probe: flip #1010 ok=true present=3ms inter_flip_ms=41 drawcalls-since-flip=31 drawcalls-total=78498 fail-total=0 null-skips-total=0
[11:56:36] [info] tas: stall frame 212 ms -> contributing 1 tick (patch 0286)
[11:56:36] [info] flip-probe: flip #1020 ok=true present=3ms inter_flip_ms=41 drawcalls-since-flip=32 drawcalls-total=78815 fail-total=0 null-skips-total=0
[11:56:36] [info] backdrop cache: thrashing-detect engaged (streak=64, route=direct)
[11:56:37] [info] flip-probe: flip #1030 ok=true present=3ms inter_flip_ms=40 drawcalls-since-flip=35 drawcalls-total=79146 fail-total=0 null-skips-total=0
[11:56:37] [info] flip-probe: flip #1040 ok=true present=3ms inter_flip_ms=41 drawcalls-since-flip=37 drawcalls-total=79505 fail-total=0 null-skips-total=0
[11:56:37] [info] flip-probe: flip #1050 ok=true present=3ms inter_flip_ms=40 drawcalls-since-flip=19 drawcalls-total=79821 fail-total=0 null-skips-total=0
[11:56:38] [info] flip-probe: flip #1060 ok=true present=3ms inter_flip_ms=37 drawcalls-since-flip=16 drawcalls-total=79995 fail-total=0 null-skips-total=0
[11:56:38] [info] flip-probe: flip #1070 ok=true present=3ms inter_flip_ms=39 drawcalls-since-flip=15 drawcalls-total=80151 fail-total=0 null-skips-total=0
[11:56:39] [info] flip-probe: flip #1080 ok=true present=3ms inter_flip_ms=38 drawcalls-since-flip=15 drawcalls-total=80301 fail-total=0 null-skips-total=0
[11:56:39] [info] run_tick_fixed #2400: heartbeat (loop alive)
[11:56:39] [info] backdrop cache: thrashing-detect engaged (streak=124, route=direct)
[11:56:39] [info] flip-probe: flip #1090 ok=true present=3ms inter_flip_ms=39 drawcalls-since-flip=15 drawcalls-total=80444 fail-total=0 null-skips-total=0
[11:56:39] [info] flip-probe: flip #1100 ok=true present=3ms inter_flip_ms=36 drawcalls-since-flip=17 drawcalls-total=80611 fail-total=0 null-skips-total=0
[11:56:39] [info] alpha audit block 0: 1900 total drawcalls, 0 with alpha<255 (block pct_x10=0; global 0/73270 pct_x10=0); alpha-mod skipped: block=0 global=0
[11:56:39] [info] fastpath audit block 0: taken=1900 (idx8=1900) skipped=0 pct_x10=1000; global taken=73270 (idx8=73270) skipped=0 pct_x10=1000
[11:56:39] [info] primitive tally block 0: clear=200(hr=200) fill=0(hr=0) rect=0(hr=0) line=0(hr=0) tint=0 spotlight=0 (over 100 flips ending at flip 1100)
[11:56:39] [info] color/alpha audit block 0: cmod_white=423 cmod_black=423 (idx=423) cmod_general=0 (idx=0) cmod_fb=0; alpha_taken=0 alpha_skipped=0 (global cmod=7266/5760/693/0 idx=5760/693 alpha=0/0)
[11:56:39] [info] phase timing block 0: drawcalls=2946 dc_total_ms=579 flip_inner_total_ms=512 inter_flip_total_ms=4272 (per-flip avg x10: dc_ms=57 fi_ms=51 if_ms=427 derived audio+engine_ms=319; per-drawcall avg us_x10=1966) [direct-vesa: presents=100 total_ms=281 avg_ms_x10=28 failed=0] [ablation: NO_DC_TIMING=0 CACHE_WINSURF=0 DIRECT_VESA=1]
[11:56:39] [info] kbd/audio block 0: kbd_irq=0 kbd_drain=0 ring_chunks=16 pump_pass=2437 pic1_mask=0xb8 first_irq_ticks=0 install_ticks=0 vector_at_install=0x0083e390 pic1_mask_live=0x38 kbd_8042_stat=0x34 bios_kbd_head=0x0024 bios_kbd_tail=0x0024 bios_kbd_buf0=0x1265
[11:56:39] [info] dirty-rect block @flip=1100: total_calls=0 dirty_rects_avg=1 dirty_pct_x10=1000 forced_full=0 first_n_force=0 threshold_exceeded=0 dirty_path_taken=0 full_flush_taken=0
[11:56:39] [info] prev-frame-diff block @flip=1100: diff_calls=0 diff_rects_avg=0 diff_dirty_pct_x10=0 bbox_pct_x10=0 bbox_thresh_exceeded=0
[11:56:40] [info] flip-probe: flip #1110 ok=true present=3ms inter_flip_ms=37 drawcalls-since-flip=16 drawcalls-total=80777 fail-total=0 null-skips-total=0
[11:56:40] [info] flip-probe: flip #1120 ok=true present=4ms inter_flip_ms=37 drawcalls-since-flip=13 drawcalls-total=80922 fail-total=0 null-skips-total=0
[11:56:41] [info] flip-probe: flip #1130 ok=true present=3ms inter_flip_ms=38 drawcalls-since-flip=13 drawcalls-total=81052 fail-total=0 null-skips-total=0
[11:56:41] [info] flip-probe: flip #1140 ok=true present=3ms inter_flip_ms=46 drawcalls-since-flip=14 drawcalls-total=81190 fail-total=0 null-skips-total=0
[11:56:41] [info] backdrop cache: thrashing-detect engaged (streak=4, route=direct)
[11:56:41] [info] flip-probe: flip #1150 ok=true present=2ms inter_flip_ms=40 drawcalls-since-flip=16 drawcalls-total=81342 fail-total=0 null-skips-total=0
[11:56:42] [info] flip-probe: flip #1160 ok=true present=2ms inter_flip_ms=40 drawcalls-since-flip=13 drawcalls-total=81485 fail-total=0 null-skips-total=0
[11:56:42] [info] flip-probe: flip #1170 ok=true present=3ms inter_flip_ms=40 drawcalls-since-flip=13 drawcalls-total=81615 fail-total=0 null-skips-total=0
[11:56:43] [info] flip-probe: flip #1180 ok=true present=3ms inter_flip_ms=35 drawcalls-since-flip=13 drawcalls-total=81745 fail-total=0 null-skips-total=0
[11:56:43] [info] flip-probe: flip #1190 ok=true present=3ms inter_flip_ms=38 drawcalls-since-flip=13 drawcalls-total=81875 fail-total=0 null-skips-total=0
[11:56:43] [info] flip-probe: flip #1200 ok=true present=3ms inter_flip_ms=36 drawcalls-since-flip=13 drawcalls-total=82005 fail-total=0 null-skips-total=0
[11:56:43] [info] alpha audit block 0: 1294 total drawcalls, 0 with alpha<255 (block pct_x10=0; global 0/74564 pct_x10=0); alpha-mod skipped: block=0 global=0
[11:56:43] [info] fastpath audit block 0: taken=1294 (idx8=1294) skipped=0 pct_x10=1000; global taken=74564 (idx8=74564) skipped=0 pct_x10=1000
[11:56:43] [info] primitive tally block 0: clear=200(hr=200) fill=0(hr=0) rect=0(hr=0) line=0(hr=0) tint=0 spotlight=0 (over 100 flips ending at flip 1200)
[11:56:43] [info] phase timing block 0: drawcalls=1521 dc_total_ms=603 flip_inner_total_ms=517 inter_flip_total_ms=4006 (per-flip avg x10: dc_ms=60 fi_ms=51 if_ms=400 derived audio+engine_ms=289; per-drawcall avg us_x10=3967) [direct-vesa: presents=100 total_ms=284 avg_ms_x10=28 failed=0] [ablation: NO_DC_TIMING=0 CACHE_WINSURF=0 DIRECT_VESA=1]
[11:56:43] [info] kbd/audio block 0: kbd_irq=0 kbd_drain=0 ring_chunks=16 pump_pass=2638 pic1_mask=0xb8 first_irq_ticks=0 install_ticks=0 vector_at_install=0x0083e390 pic1_mask_live=0x38 kbd_8042_stat=0x34 bios_kbd_head=0x0024 bios_kbd_tail=0x0024 bios_kbd_buf0=0x1265
[11:56:43] [info] dirty-rect block @flip=1200: total_calls=0 dirty_rects_avg=1 dirty_pct_x10=1000 forced_full=0 first_n_force=0 threshold_exceeded=0 dirty_path_taken=0 full_flush_taken=0
[11:56:43] [info] prev-frame-diff block @flip=1200: diff_calls=0 diff_rects_avg=0 diff_dirty_pct_x10=0 bbox_pct_x10=0 bbox_thresh_exceeded=0
[11:56:43] [info] backdrop cache: thrashing-detect engaged (streak=64, route=direct)
[11:56:44] [info] flip-probe: flip #1210 ok=true present=3ms inter_flip_ms=37 drawcalls-since-flip=13 drawcalls-total=82135 fail-total=0 null-skips-total=0
[11:56:44] [info] flip-probe: flip #1220 ok=true present=3ms inter_flip_ms=38 drawcalls-since-flip=13 drawcalls-total=82265 fail-total=0 null-skips-total=0
[11:56:45] [info] flip-probe: flip #1230 ok=true present=3ms inter_flip_ms=37 drawcalls-since-flip=13 drawcalls-total=82395 fail-total=0 null-skips-total=0
[11:56:45] [info] tas: stall frame 258 ms -> contributing 1 tick (patch 0286)
[11:56:45] [info] flip-probe: flip #1240 ok=true present=3ms inter_flip_ms=70 drawcalls-since-flip=318 drawcalls-total=83710 fail-total=0 null-skips-total=0
[11:56:46] [info]  >> Entering stage 11: 'Mimiga Village'.
[11:56:46] [info] [skip-sheet-flush] cave=7
[11:56:46] [info] [load-stage] preloading entry music song=9 (cave=7)
[11:56:46] [info] gameloop: entered (curmap=11, running=1)
[11:56:46] [info] gameloop: iter 1 ticks=97002 mapno=-1
[11:56:46] [info] mds-clear-lut: rebuilt N=240 entries (k_skip=0% k_keep=100%; curmap=11 map_size=60x60; rebuild #5 since boot)
[11:56:46] [info] gameloop: iter 2 ticks=97097 mapno=-1
[11:56:46] [info] gameloop: iter 3 ticks=97184 mapno=-1
[11:56:47] [info] flip-probe: flip #1250 ok=true present=2ms inter_flip_ms=75 drawcalls-since-flip=287 drawcalls-total=86600 fail-total=0 null-skips-total=0
[11:56:47] [info] flip-probe: flip #1260 ok=true present=3ms inter_flip_ms=42 drawcalls-since-flip=42 drawcalls-total=87485 fail-total=0 null-skips-total=0
[11:56:48] [info] flip-probe: flip #1270 ok=true present=3ms inter_flip_ms=43 drawcalls-since-flip=42 drawcalls-total=87905 fail-total=0 null-skips-total=0
[11:56:48] [info] flip-probe: flip #1280 ok=true present=3ms inter_flip_ms=42 drawcalls-since-flip=42 drawcalls-total=88325 fail-total=0 null-skips-total=0
[11:56:48] [info] flip-probe: flip #1290 ok=true present=3ms inter_flip_ms=57 drawcalls-since-flip=50 drawcalls-total=88841 fail-total=0 null-skips-total=0
[11:56:49] [info] backdrop cache: thrashing-detect engaged (streak=4, route=direct)
[11:56:49] [info] flip-probe: flip #1300 ok=true present=3ms inter_flip_ms=45 drawcalls-since-flip=47 drawcalls-total=89317 fail-total=0 null-skips-total=0
[11:56:49] [info] alpha audit block 0: 6497 total drawcalls, 0 with alpha<255 (block pct_x10=0; global 0/81061 pct_x10=0); alpha-mod skipped: block=0 global=0
[11:56:49] [info] fastpath audit block 0: taken=6497 (idx8=6497) skipped=0 pct_x10=1000; global taken=81061 (idx8=81061) skipped=0 pct_x10=1000
[11:56:49] [info] primitive tally block 0: clear=201(hr=201) fill=0(hr=0) rect=0(hr=0) line=0(hr=0) tint=0 spotlight=0 (over 100 flips ending at flip 1300)
[11:56:49] [info] color/alpha audit block 0: cmod_white=715 cmod_black=715 (idx=715) cmod_general=0 (idx=0) cmod_fb=0; alpha_taken=0 alpha_skipped=0 (global cmod=7981/6475/693/0 idx=6475/693 alpha=0/0)
[11:56:49] [info] phase timing block 0: drawcalls=8175 dc_total_ms=1226 flip_inner_total_ms=727 inter_flip_total_ms=5581 (per-flip avg x10: dc_ms=122 fi_ms=72 if_ms=558 derived audio+engine_ms=364; per-drawcall avg us_x10=1500) [direct-vesa: presents=100 total_ms=285 avg_ms_x10=28 failed=0] [ablation: NO_DC_TIMING=0 CACHE_WINSURF=0 DIRECT_VESA=1]
[11:56:49] [info] kbd/audio block 0: kbd_irq=0 kbd_drain=0 ring_chunks=16 pump_pass=2873 pic1_mask=0xb8 first_irq_ticks=0 install_ticks=0 vector_at_install=0x0083e390 pic1_mask_live=0x38 kbd_8042_stat=0x34 bios_kbd_head=0x0024 bios_kbd_tail=0x0024 bios_kbd_buf0=0x1265
[11:56:49] [info] dirty-rect block @flip=1300: total_calls=0 dirty_rects_avg=1 dirty_pct_x10=1000 forced_full=0 first_n_force=0 threshold_exceeded=0 dirty_path_taken=0 full_flush_taken=0
[11:56:49] [info] prev-frame-diff block @flip=1300: diff_calls=0 diff_rects_avg=0 diff_dirty_pct_x10=0 bbox_pct_x10=0 bbox_thresh_exceeded=0
[11:56:49] [info] flip-probe: flip #1310 ok=true present=3ms inter_flip_ms=45 drawcalls-since-flip=46 drawcalls-total=89765 fail-total=0 null-skips-total=0
[11:56:50] [info] flip-probe: flip #1320 ok=true present=3ms inter_flip_ms=44 drawcalls-since-flip=43 drawcalls-total=90189 fail-total=0 null-skips-total=0
[11:56:50] [info] flip-probe: flip #1330 ok=true present=3ms inter_flip_ms=43 drawcalls-since-flip=42 drawcalls-total=90620 fail-total=0 null-skips-total=0
[11:56:51] [info] flip-probe: flip #1340 ok=true present=3ms inter_flip_ms=44 drawcalls-since-flip=44 drawcalls-total=91067 fail-total=0 null-skips-total=0
[11:56:51] [info] flip-probe: flip #1350 ok=true present=3ms inter_flip_ms=44 drawcalls-since-flip=44 drawcalls-total=91507 fail-total=0 null-skips-total=0
[11:56:51] [info] backdrop cache: thrashing-detect engaged (streak=64, route=direct)
[11:56:52] [info] flip-probe: flip #1360 ok=true present=3ms inter_flip_ms=44 drawcalls-since-flip=44 drawcalls-total=91947 fail-total=0 null-skips-total=0
[11:56:52] [info] flip-probe: flip #1370 ok=true present=3ms inter_flip_ms=38 drawcalls-since-flip=18 drawcalls-total=92257 fail-total=0 null-skips-total=0
[11:56:53] [info] flip-probe: flip #1380 ok=true present=3ms inter_flip_ms=42 drawcalls-since-flip=18 drawcalls-total=92437 fail-total=0 null-skips-total=0
[11:56:53] [info] flip-probe: flip #1390 ok=true present=3ms inter_flip_ms=40 drawcalls-since-flip=17 drawcalls-total=92609 fail-total=0 null-skips-total=0
[11:56:53] [info] flip-probe: flip #1400 ok=true present=3ms inter_flip_ms=41 drawcalls-since-flip=17 drawcalls-total=92779 fail-total=0 null-skips-total=0
[11:56:53] [info] alpha audit block 0: 2517 total drawcalls, 0 with alpha<255 (block pct_x10=0; global 0/83578 pct_x10=0); alpha-mod skipped: block=0 global=0
[11:56:53] [info] fastpath audit block 0: taken=2517 (idx8=2517) skipped=0 pct_x10=1000; global taken=83578 (idx8=83578) skipped=0 pct_x10=1000
[11:56:53] [info] primitive tally block 0: clear=200(hr=200) fill=0(hr=0) rect=0(hr=0) line=0(hr=0) tint=0 spotlight=0 (over 100 flips ending at flip 1400)
[11:56:53] [info] color/alpha audit block 0: cmod_white=845 cmod_black=845 (idx=845) cmod_general=0 (idx=0) cmod_fb=0; alpha_taken=0 alpha_skipped=0 (global cmod=8826/7320/693/0 idx=7320/693 alpha=0/0)
[11:56:53] [info] phase timing block 0: drawcalls=4407 dc_total_ms=704 flip_inner_total_ms=521 inter_flip_total_ms=4434 (per-flip avg x10: dc_ms=70 fi_ms=52 if_ms=443 derived audio+engine_ms=321; per-drawcall avg us_x10=1597) [direct-vesa: presents=100 total_ms=280 avg_ms_x10=28 failed=0] [ablation: NO_DC_TIMING=0 CACHE_WINSURF=0 DIRECT_VESA=1]
[11:56:53] [info] kbd/audio block 0: kbd_irq=0 kbd_drain=0 ring_chunks=16 pump_pass=3095 pic1_mask=0xb8 first_irq_ticks=0 install_ticks=0 vector_at_install=0x0083e390 pic1_mask_live=0x38 kbd_8042_stat=0x34 bios_kbd_head=0x0024 bios_kbd_tail=0x0024 bios_kbd_buf0=0x1265
[11:56:53] [info] dirty-rect block @flip=1400: total_calls=0 dirty_rects_avg=1 dirty_pct_x10=1000 forced_full=0 first_n_force=0 threshold_exceeded=0 dirty_path_taken=0 full_flush_taken=0
[11:56:53] [info] prev-frame-diff block @flip=1400: diff_calls=0 diff_rects_avg=0 diff_dirty_pct_x10=0 bbox_pct_x10=0 bbox_thresh_exceeded=0
[11:56:54] [info] flip-probe: flip #1410 ok=true present=3ms inter_flip_ms=39 drawcalls-since-flip=16 drawcalls-total=92940 fail-total=0 null-skips-total=0
[11:56:54] [info] backdrop cache: thrashing-detect engaged (streak=124, route=direct)
[11:56:54] [info] flip-probe: flip #1420 ok=true present=3ms inter_flip_ms=41 drawcalls-since-flip=17 drawcalls-total=93104 fail-total=0 null-skips-total=0
[11:56:55] [info] flip-probe: flip #1430 ok=true present=3ms inter_flip_ms=42 drawcalls-since-flip=18 drawcalls-total=93281 fail-total=0 null-skips-total=0
[11:56:55] [info] flip-probe: flip #1440 ok=true present=3ms inter_flip_ms=41 drawcalls-since-flip=18 drawcalls-total=93461 fail-total=0 null-skips-total=0
[11:56:56] [info] flip-probe: flip #1450 ok=true present=3ms inter_flip_ms=40 drawcalls-since-flip=18 drawcalls-total=93641 fail-total=0 null-skips-total=0
[11:56:56] [info] flip-probe: flip #1460 ok=true present=3ms inter_flip_ms=41 drawcalls-since-flip=17 drawcalls-total=93811 fail-total=0 null-skips-total=0
[11:56:56] [info] flip-probe: flip #1470 ok=true present=3ms inter_flip_ms=41 drawcalls-since-flip=17 drawcalls-total=93973 fail-total=0 null-skips-total=0
[11:56:56] [info] backdrop cache: thrashing-detect engaged (streak=184, route=direct)
[11:56:57] [info] flip-probe: flip #1480 ok=true present=3ms inter_flip_ms=41 drawcalls-since-flip=17 drawcalls-total=94143 fail-total=0 null-skips-total=0
[11:56:57] [info] flip-probe: flip #1490 ok=true present=3ms inter_flip_ms=41 drawcalls-since-flip=18 drawcalls-total=94320 fail-total=0 null-skips-total=0
[11:56:58] [info] flip-probe: flip #1500 ok=true present=3ms inter_flip_ms=40 drawcalls-since-flip=18 drawcalls-total=94500 fail-total=0 null-skips-total=0
[11:56:58] [info] alpha audit block 0: 1621 total drawcalls, 0 with alpha<255 (block pct_x10=0; global 0/85199 pct_x10=0); alpha-mod skipped: block=0 global=0
[11:56:58] [info] fastpath audit block 0: taken=1621 (idx8=1621) skipped=0 pct_x10=1000; global taken=85199 (idx8=85199) skipped=0 pct_x10=1000
[11:56:58] [info] primitive tally block 0: clear=200(hr=200) fill=0(hr=0) rect=0(hr=0) line=0(hr=0) tint=0 spotlight=0 (over 100 flips ending at flip 1500)
[11:56:58] [info] phase timing block 0: drawcalls=1821 dc_total_ms=543 flip_inner_total_ms=509 inter_flip_total_ms=4237 (per-flip avg x10: dc_ms=54 fi_ms=50 if_ms=423 derived audio+engine_ms=319; per-drawcall avg us_x10=2982) [direct-vesa: presents=100 total_ms=284 avg_ms_x10=28 failed=0] [ablation: NO_DC_TIMING=0 CACHE_WINSURF=0 DIRECT_VESA=1]
[11:56:58] [info] kbd/audio block 0: kbd_irq=0 kbd_drain=0 ring_chunks=16 pump_pass=3307 pic1_mask=0xb8 first_irq_ticks=0 install_ticks=0 vector_at_install=0x0083e390 pic1_mask_live=0x38 kbd_8042_stat=0x34 bios_kbd_head=0x0024 bios_kbd_tail=0x0024 bios_kbd_buf0=0x1265
[11:56:58] [info] dirty-rect block @flip=1500: total_calls=0 dirty_rects_avg=1 dirty_pct_x10=1000 forced_full=0 first_n_force=0 threshold_exceeded=0 dirty_path_taken=0 full_flush_taken=0
[11:56:58] [info] prev-frame-diff block @flip=1500: diff_calls=0 diff_rects_avg=0 diff_dirty_pct_x10=0 bbox_pct_x10=0 bbox_thresh_exceeded=0
[11:56:58] [info] tas: stall frame 308 ms -> contributing 1 tick (patch 0286)
[11:56:58] [info] flip-probe: flip #1510 ok=true present=3ms inter_flip_ms=41 drawcalls-since-flip=18 drawcalls-total=94680 fail-total=0 null-skips-total=0
[11:56:59] [info] flip-probe: flip #1520 ok=true present=3ms inter_flip_ms=42 drawcalls-since-flip=20 drawcalls-total=94870 fail-total=0 null-skips-total=0
[11:56:59] [info] flip-probe: flip #1530 ok=true present=3ms inter_flip_ms=40 drawcalls-since-flip=20 drawcalls-total=95070 fail-total=0 null-skips-total=0
[11:56:59] [info] backdrop cache: thrashing-detect engaged (streak=244, route=direct)
[11:57:00] [info] flip-probe: flip #1540 ok=true present=3ms inter_flip_ms=40 drawcalls-since-flip=20 drawcalls-total=95270 fail-total=0 null-skips-total=0
[11:57:00] [info] flip-probe: flip #1550 ok=true present=3ms inter_flip_ms=41 drawcalls-since-flip=16 drawcalls-total=95443 fail-total=0 null-skips-total=0
[11:57:00] [info] flip-probe: flip #1560 ok=true present=3ms inter_flip_ms=41 drawcalls-since-flip=16 drawcalls-total=95603 fail-total=0 null-skips-total=0
[11:57:01] [info] flip-probe: flip #1570 ok=true present=3ms inter_flip_ms=42 drawcalls-since-flip=17 drawcalls-total=95764 fail-total=0 null-skips-total=0
[11:57:01] [info] flip-probe: flip #1580 ok=true present=3ms inter_flip_ms=42 drawcalls-since-flip=17 drawcalls-total=95937 fail-total=0 null-skips-total=0
[11:57:02] [info] flip-probe: flip #1590 ok=true present=3ms inter_flip_ms=41 drawcalls-since-flip=16 drawcalls-total=96100 fail-total=0 null-skips-total=0
[11:57:02] [info] backdrop cache: thrashing-detect engaged (streak=304, route=direct)
[11:57:02] [info] flip-probe: flip #1600 ok=true present=3ms inter_flip_ms=41 drawcalls-since-flip=15 drawcalls-total=96253 fail-total=0 null-skips-total=0
[11:57:02] [info] alpha audit block 0: 1653 total drawcalls, 0 with alpha<255 (block pct_x10=0; global 0/86852 pct_x10=0); alpha-mod skipped: block=0 global=0
[11:57:02] [info] fastpath audit block 0: taken=1653 (idx8=1653) skipped=0 pct_x10=1000; global taken=86852 (idx8=86852) skipped=0 pct_x10=1000
[11:57:02] [info] primitive tally block 0: clear=200(hr=200) fill=0(hr=0) rect=0(hr=0) line=0(hr=0) tint=0 spotlight=0 (over 100 flips ending at flip 1600)
[11:57:02] [info] phase timing block 0: drawcalls=1853 dc_total_ms=548 flip_inner_total_ms=511 inter_flip_total_ms=4460 (per-flip avg x10: dc_ms=54 fi_ms=51 if_ms=446 derived audio+engine_ms=341; per-drawcall avg us_x10=2957) [direct-vesa: presents=100 total_ms=283 avg_ms_x10=28 failed=0] [ablation: NO_DC_TIMING=0 CACHE_WINSURF=0 DIRECT_VESA=1]
[11:57:02] [info] kbd/audio block 0: kbd_irq=0 kbd_drain=0 ring_chunks=16 pump_pass=3515 pic1_mask=0xb8 first_irq_ticks=0 install_ticks=0 vector_at_install=0x0083e390 pic1_mask_live=0x38 kbd_8042_stat=0x34 bios_kbd_head=0x0024 bios_kbd_tail=0x0024 bios_kbd_buf0=0x1265
[11:57:02] [info] dirty-rect block @flip=1600: total_calls=0 dirty_rects_avg=1 dirty_pct_x10=1000 forced_full=0 first_n_force=0 threshold_exceeded=0 dirty_path_taken=0 full_flush_taken=0
[11:57:02] [info] prev-frame-diff block @flip=1600: diff_calls=0 diff_rects_avg=0 diff_dirty_pct_x10=0 bbox_pct_x10=0 bbox_thresh_exceeded=0
[11:57:03] [info] flip-probe: flip #1610 ok=true present=3ms inter_flip_ms=43 drawcalls-since-flip=18 drawcalls-total=96414 fail-total=0 null-skips-total=0
[11:57:03] [info] flip-probe: flip #1620 ok=true present=3ms inter_flip_ms=43 drawcalls-since-flip=20 drawcalls-total=96598 fail-total=0 null-skips-total=0
[11:57:03] [info] flip-probe: flip #1630 ok=true present=3ms inter_flip_ms=42 drawcalls-since-flip=17 drawcalls-total=96786 fail-total=0 null-skips-total=0
[11:57:04] [info] flip-probe: flip #1640 ok=true present=4ms inter_flip_ms=71 drawcalls-since-flip=275 drawcalls-total=97485 fail-total=0 null-skips-total=0
[11:57:04] [info]  >> Entering stage 19: 'Assembly Hall'.
[11:57:04] [info] [skip-sheet-flush] cave=8
[11:57:05] [info] [load-stage] preloading entry music song=9 (cave=8)
[11:57:05] [info] gameloop: entered (curmap=19, running=1)
[11:57:05] [info] gameloop: iter 1 ticks=116009 mapno=-1
[11:57:05] [info] mds-clear-lut: rebuilt N=240 entries (k_skip=100% k_keep=0%; curmap=19 map_size=21x16; rebuild #6 since boot)
[11:57:05] [info] gameloop: iter 2 ticks=116108 mapno=-1
[11:57:05] [info] gameloop: iter 3 ticks=116195 mapno=-1
[11:57:06] [info] flip-probe: flip #1650 ok=true present=3ms inter_flip_ms=82 drawcalls-since-flip=463 drawcalls-total=101127 fail-total=0 null-skips-total=0
[11:57:06] [info] flip-probe: flip #1660 ok=true present=3ms inter_flip_ms=41 drawcalls-since-flip=121 drawcalls-total=102999 fail-total=0 null-skips-total=0
[11:57:06] [info] flip-probe: flip #1670 ok=true present=3ms inter_flip_ms=41 drawcalls-since-flip=121 drawcalls-total=104209 fail-total=0 null-skips-total=0
[11:57:07] [info] flip-probe: flip #1680 ok=true present=3ms inter_flip_ms=41 drawcalls-since-flip=121 drawcalls-total=105419 fail-total=0 null-skips-total=0
[11:57:07] [info] flip-probe: flip #1690 ok=true present=3ms inter_flip_ms=43 drawcalls-since-flip=124 drawcalls-total=106648 fail-total=0 null-skips-total=0
[11:57:08] [info] flip-probe: flip #1700 ok=true present=3ms inter_flip_ms=42 drawcalls-since-flip=121 drawcalls-total=107867 fail-total=0 null-skips-total=0
[11:57:08] [info] alpha audit block 0: 10866 total drawcalls, 0 with alpha<255 (block pct_x10=0; global 0/97718 pct_x10=0); alpha-mod skipped: block=0 global=0
[11:57:08] [info] fastpath audit block 0: taken=10866 (idx8=10866) skipped=0 pct_x10=1000; global taken=97718 (idx8=97718) skipped=0 pct_x10=1000
[11:57:08] [info] primitive tally block 0: clear=201(hr=201) fill=0(hr=0) rect=0(hr=0) line=0(hr=0) tint=0 spotlight=0 (over 100 flips ending at flip 1700)
[11:57:08] [info] color/alpha audit block 0: cmod_white=648 cmod_black=648 (idx=648) cmod_general=0 (idx=0) cmod_fb=0; alpha_taken=0 alpha_skipped=0 (global cmod=9474/7968/693/0 idx=7968/693 alpha=0/0)
[11:57:08] [info] phase timing block 0: drawcalls=12417 dc_total_ms=1320 flip_inner_total_ms=521 inter_flip_total_ms=5666 (per-flip avg x10: dc_ms=132 fi_ms=52 if_ms=566 derived audio+engine_ms=382; per-drawcall avg us_x10=1063) [direct-vesa: presents=100 total_ms=283 avg_ms_x10=28 failed=0] [ablation: NO_DC_TIMING=0 CACHE_WINSURF=0 DIRECT_VESA=1]
[11:57:08] [info] kbd/audio block 0: kbd_irq=0 kbd_drain=0 ring_chunks=16 pump_pass=3755 pic1_mask=0xb8 first_irq_ticks=0 install_ticks=0 vector_at_install=0x0083e390 pic1_mask_live=0x38 kbd_8042_stat=0x34 bios_kbd_head=0x0024 bios_kbd_tail=0x0024 bios_kbd_buf0=0x1265
[11:57:08] [info] dirty-rect block @flip=1700: total_calls=0 dirty_rects_avg=1 dirty_pct_x10=1000 forced_full=0 first_n_force=0 threshold_exceeded=0 dirty_path_taken=0 full_flush_taken=0
[11:57:08] [info] prev-frame-diff block @flip=1700: diff_calls=0 diff_rects_avg=0 diff_dirty_pct_x10=0 bbox_pct_x10=0 bbox_thresh_exceeded=0
[11:57:08] [info] flip-probe: flip #1710 ok=true present=3ms inter_flip_ms=41 drawcalls-since-flip=121 drawcalls-total=109089 fail-total=0 null-skips-total=0
[11:57:09] [info] flip-probe: flip #1720 ok=true present=3ms inter_flip_ms=44 drawcalls-since-flip=121 drawcalls-total=110299 fail-total=0 null-skips-total=0
[11:57:09] [info] flip-probe: flip #1730 ok=true present=3ms inter_flip_ms=42 drawcalls-since-flip=121 drawcalls-total=111509 fail-total=0 null-skips-total=0
[11:57:10] [info] flip-probe: flip #1740 ok=true present=3ms inter_flip_ms=42 drawcalls-since-flip=121 drawcalls-total=112719 fail-total=0 null-skips-total=0
[11:57:10] [info] flip-probe: flip #1750 ok=true present=3ms inter_flip_ms=64 drawcalls-since-flip=318 drawcalls-total=114276 fail-total=0 null-skips-total=0
[11:57:10] [info]  >> Entering stage 11: 'Mimiga Village'.
[11:57:10] [info] [skip-sheet-flush] cave=9
[11:57:11] [info] [load-stage] preloading entry music song=9 (cave=9)
[11:57:11] [info] gameloop: entered (curmap=11, running=1)
[11:57:11] [info] gameloop: iter 1 ticks=122153 mapno=-1
[11:57:11] [info] mds-clear-lut: rebuilt N=240 entries (k_skip=0% k_keep=100%; curmap=11 map_size=60x60; rebuild #7 since boot)
[11:57:11] [info] gameloop: iter 2 ticks=122253 mapno=-1
[11:57:12] [info] gameloop: iter 3 ticks=122347 mapno=-1
[11:57:12] [info] flip-probe: flip #1760 ok=true present=2ms inter_flip_ms=102 drawcalls-since-flip=384 drawcalls-total=118246 fail-total=0 null-skips-total=0
[11:57:12] [info] backdrop cache: thrashing-detect engaged (streak=4, route=direct)
[11:57:12] [info] flip-probe: flip #1770 ok=true present=3ms inter_flip_ms=47 drawcalls-since-flip=44 drawcalls-total=119434 fail-total=0 null-skips-total=0
[11:57:13] [info] flip-probe: flip #1780 ok=true present=3ms inter_flip_ms=47 drawcalls-since-flip=45 drawcalls-total=119882 fail-total=0 null-skips-total=0
[11:57:13] [info] flip-probe: flip #1790 ok=true present=4ms inter_flip_ms=43 drawcalls-since-flip=41 drawcalls-total=120300 fail-total=0 null-skips-total=0
[11:57:14] [info] flip-probe: flip #1800 ok=true present=3ms inter_flip_ms=45 drawcalls-since-flip=43 drawcalls-total=120722 fail-total=0 null-skips-total=0
[11:57:14] [info] alpha audit block 0: 11512 total drawcalls, 0 with alpha<255 (block pct_x10=0; global 0/109230 pct_x10=0); alpha-mod skipped: block=0 global=0
[11:57:14] [info] fastpath audit block 0: taken=11512 (idx8=11512) skipped=0 pct_x10=1000; global taken=109230 (idx8=109230) skipped=0 pct_x10=1000
[11:57:14] [info] primitive tally block 0: clear=201(hr=201) fill=0(hr=0) rect=0(hr=0) line=0(hr=0) tint=0 spotlight=0 (over 100 flips ending at flip 1800)
[11:57:14] [info] color/alpha audit block 0: cmod_white=1243 cmod_black=1243 (idx=1243) cmod_general=0 (idx=0) cmod_fb=0; alpha_taken=0 alpha_skipped=0 (global cmod=10717/9211/693/0 idx=9211/693 alpha=0/0)
[11:57:14] [info] phase timing block 0: drawcalls=14261 dc_total_ms=1461 flip_inner_total_ms=733 inter_flip_total_ms=5863 (per-flip avg x10: dc_ms=146 fi_ms=73 if_ms=586 derived audio+engine_ms=367; per-drawcall avg us_x10=1024) [direct-vesa: presents=100 total_ms=284 avg_ms_x10=28 failed=0] [ablation: NO_DC_TIMING=0 CACHE_WINSURF=0 DIRECT_VESA=1]
[11:57:14] [info] kbd/audio block 0: kbd_irq=0 kbd_drain=0 ring_chunks=16 pump_pass=4005 pic1_mask=0xb8 first_irq_ticks=0 install_ticks=0 vector_at_install=0x0083e390 pic1_mask_live=0x38 kbd_8042_stat=0x34 bios_kbd_head=0x0024 bios_kbd_tail=0x0024 bios_kbd_buf0=0x1265
[11:57:14] [info] dirty-rect block @flip=1800: total_calls=0 dirty_rects_avg=1 dirty_pct_x10=1000 forced_full=0 first_n_force=0 threshold_exceeded=0 dirty_path_taken=0 full_flush_taken=0
[11:57:14] [info] prev-frame-diff block @flip=1800: diff_calls=0 diff_rects_avg=0 diff_dirty_pct_x10=0 bbox_pct_x10=0 bbox_thresh_exceeded=0
[11:57:14] [info] tas: stall frame 318 ms -> contributing 1 tick (patch 0286)
[11:57:14] [info] flip-probe: flip #1810 ok=true present=3ms inter_flip_ms=43 drawcalls-since-flip=43 drawcalls-total=121155 fail-total=0 null-skips-total=0
[11:57:15] [info] flip-probe: flip #1820 ok=true present=3ms inter_flip_ms=45 drawcalls-since-flip=42 drawcalls-total=121577 fail-total=0 null-skips-total=0
[11:57:15] [info] backdrop cache: thrashing-detect engaged (streak=64, route=direct)
[11:57:15] [info] flip-probe: flip #1830 ok=true present=3ms inter_flip_ms=45 drawcalls-since-flip=44 drawcalls-total=122020 fail-total=0 null-skips-total=0
[11:57:16] [info] flip-probe: flip #1840 ok=true present=3ms inter_flip_ms=46 drawcalls-since-flip=44 drawcalls-total=122459 fail-total=0 null-skips-total=0
[11:57:16] [info] flip-probe: flip #1850 ok=true present=3ms inter_flip_ms=46 drawcalls-since-flip=43 drawcalls-total=122889 fail-total=0 null-skips-total=0
[11:57:17] [info] flip-probe: flip #1860 ok=true present=3ms inter_flip_ms=46 drawcalls-since-flip=42 drawcalls-total=123317 fail-total=0 null-skips-total=0
[11:57:17] [info] flip-probe: flip #1870 ok=true present=2ms inter_flip_ms=48 drawcalls-since-flip=42 drawcalls-total=123737 fail-total=0 null-skips-total=0
[11:57:18] [info] flip-probe: flip #1880 ok=true present=3ms inter_flip_ms=41 drawcalls-since-flip=16 drawcalls-total=124079 fail-total=0 null-skips-total=0
[11:57:18] [info] backdrop cache: thrashing-detect engaged (streak=124, route=direct)
[11:57:18] [info] run_tick_fixed #4200: heartbeat (loop alive)
[11:57:18] [info] flip-probe: flip #1890 ok=true present=3ms inter_flip_ms=41 drawcalls-since-flip=17 drawcalls-total=124249 fail-total=0 null-skips-total=0
[11:57:18] [info] flip-probe: flip #1900 ok=true present=3ms inter_flip_ms=41 drawcalls-since-flip=19 drawcalls-total=124425 fail-total=0 null-skips-total=0
[11:57:18] [info] alpha audit block 0: 2602 total drawcalls, 0 with alpha<255 (block pct_x10=0; global 0/111832 pct_x10=0); alpha-mod skipped: block=0 global=0
[11:57:18] [info] fastpath audit block 0: taken=2602 (idx8=2602) skipped=0 pct_x10=1000; global taken=111832 (idx8=111832) skipped=0 pct_x10=1000
[11:57:18] [info] primitive tally block 0: clear=200(hr=200) fill=0(hr=0) rect=0(hr=0) line=0(hr=0) tint=0 spotlight=0 (over 100 flips ending at flip 1900)
[11:57:18] [info] color/alpha audit block 0: cmod_white=1001 cmod_black=1001 (idx=1001) cmod_general=0 (idx=0) cmod_fb=0; alpha_taken=0 alpha_skipped=0 (global cmod=11718/10212/693/0 idx=10212/693 alpha=0/0)
[11:57:18] [info] phase timing block 0: drawcalls=4804 dc_total_ms=731 flip_inner_total_ms=531 inter_flip_total_ms=4829 (per-flip avg x10: dc_ms=73 fi_ms=53 if_ms=482 derived audio+engine_ms=356; per-drawcall avg us_x10=1523) [direct-vesa: presents=100 total_ms=286 avg_ms_x10=28 failed=0] [ablation: NO_DC_TIMING=0 CACHE_WINSURF=0 DIRECT_VESA=1]
[11:57:18] [info] kbd/audio block 0: kbd_irq=0 kbd_drain=0 ring_chunks=16 pump_pass=4232 pic1_mask=0xb8 first_irq_ticks=0 install_ticks=0 vector_at_install=0x0083e390 pic1_mask_live=0x38 kbd_8042_stat=0x34 bios_kbd_head=0x0024 bios_kbd_tail=0x0024 bios_kbd_buf0=0x1265
[11:57:19] [info] dirty-rect block @flip=1900: total_calls=0 dirty_rects_avg=1 dirty_pct_x10=1000 forced_full=0 first_n_force=0 threshold_exceeded=0 dirty_path_taken=0 full_flush_taken=0
[11:57:19] [info] prev-frame-diff block @flip=1900: diff_calls=0 diff_rects_avg=0 diff_dirty_pct_x10=0 bbox_pct_x10=0 bbox_thresh_exceeded=0
[11:57:19] [info] flip-probe: flip #1910 ok=true present=3ms inter_flip_ms=43 drawcalls-since-flip=16 drawcalls-total=124599 fail-total=0 null-skips-total=0
[11:57:19] [info] flip-probe: flip #1920 ok=true present=3ms inter_flip_ms=39 drawcalls-since-flip=14 drawcalls-total=124742 fail-total=0 null-skips-total=0
[11:57:20] [info] flip-probe: flip #1930 ok=true present=3ms inter_flip_ms=56 drawcalls-since-flip=148 drawcalls-total=125120 fail-total=0 null-skips-total=0
[11:57:20] [info]  >> Entering stage 14: 'Shack'.
[11:57:20] [info] [skip-sheet-flush] cave=10
[11:57:21] [info] [load-stage] preloading entry music song=8 (cave=10)
[11:57:21] [info] [music-dispatch] tick=4326 song=8 (prev 9)
[11:57:21] [info] opl3 backend: on_song_stop
[11:57:21] [info] MidiScheduler::load: parsed 'data/orgmid2/vivi.mid' = 4558 events at 48 PPQ
[11:57:21] [info] opl3 backend: on_song_start
[11:57:21] [info] gameloop: entered (curmap=14, running=1)
[11:57:21] [info] gameloop: iter 1 ticks=131997 mapno=-1
[11:57:21] [info] gameloop: iter 2 ticks=132071 mapno=-1
[11:57:21] [info] gameloop: iter 3 ticks=132150 mapno=-1
[11:57:21] [info] flip-probe: flip #1940 ok=true present=3ms inter_flip_ms=82 drawcalls-since-flip=365 drawcalls-total=128219 fail-total=0 null-skips-total=0
[11:57:22] [info] flip-probe: flip #1950 ok=true present=3ms inter_flip_ms=31 drawcalls-since-flip=13 drawcalls-total=129729 fail-total=0 null-skips-total=0
[11:57:22] [info] flip-probe: flip #1960 ok=true present=2ms inter_flip_ms=32 drawcalls-since-flip=23 drawcalls-total=129959 fail-total=0 null-skips-total=0
[11:57:23] [info] flip-probe: flip #1970 ok=true present=3ms inter_flip_ms=34 drawcalls-since-flip=23 drawcalls-total=130189 fail-total=0 null-skips-total=0
[11:57:23] [info] flip-probe: flip #1980 ok=true present=3ms inter_flip_ms=35 drawcalls-since-flip=25 drawcalls-total=130421 fail-total=0 null-skips-total=0
[11:57:23] [info] flip-probe: flip #1990 ok=true present=3ms inter_flip_ms=35 drawcalls-since-flip=26 drawcalls-total=130677 fail-total=0 null-skips-total=0
[11:57:24] [info] flip-probe: flip #2000 ok=true present=3ms inter_flip_ms=38 drawcalls-since-flip=24 drawcalls-total=130930 fail-total=0 null-skips-total=0
[11:57:24] [info] alpha audit block 0: 6153 total drawcalls, 0 with alpha<255 (block pct_x10=0; global 0/117985 pct_x10=0); alpha-mod skipped: block=0 global=0
[11:57:24] [info] fastpath audit block 0: taken=6153 (idx8=6153) skipped=0 pct_x10=1000; global taken=117985 (idx8=117985) skipped=0 pct_x10=1000
[11:57:24] [info] primitive tally block 0: clear=201(hr=201) fill=0(hr=0) rect=0(hr=0) line=0(hr=0) tint=0 spotlight=0 (over 100 flips ending at flip 2000)
[11:57:24] [info] color/alpha audit block 0: cmod_white=315 cmod_black=315 (idx=315) cmod_general=0 (idx=0) cmod_fb=0; alpha_taken=0 alpha_skipped=0 (global cmod=12033/10527/693/0 idx=10527/693 alpha=0/0)
[11:57:24] [info] phase timing block 0: drawcalls=6984 dc_total_ms=927 flip_inner_total_ms=525 inter_flip_total_ms=5163 (per-flip avg x10: dc_ms=92 fi_ms=52 if_ms=516 derived audio+engine_ms=372; per-drawcall avg us_x10=1327) [direct-vesa: presents=100 total_ms=284 avg_ms_x10=28 failed=0] [ablation: NO_DC_TIMING=0 CACHE_WINSURF=0 DIRECT_VESA=1]
[11:57:24] [info] kbd/audio block 0: kbd_irq=0 kbd_drain=0 ring_chunks=16 pump_pass=4447 pic1_mask=0xb8 first_irq_ticks=0 install_ticks=0 vector_at_install=0x0083e390 pic1_mask_live=0x38 kbd_8042_stat=0x34 bios_kbd_head=0x0024 bios_kbd_tail=0x0024 bios_kbd_buf0=0x1265
[11:57:24] [info] dirty-rect block @flip=2000: total_calls=0 dirty_rects_avg=1 dirty_pct_x10=1000 forced_full=0 first_n_force=0 threshold_exceeded=0 dirty_path_taken=0 full_flush_taken=0
[11:57:24] [info] prev-frame-diff block @flip=2000: diff_calls=0 diff_rects_avg=0 diff_dirty_pct_x10=0 bbox_pct_x10=0 bbox_thresh_exceeded=0
[11:57:24] [info] flip-probe: flip #2010 ok=true present=3ms inter_flip_ms=33 drawcalls-since-flip=23 drawcalls-total=131160 fail-total=0 null-skips-total=0
[11:57:24] [info] flip-probe: flip #2020 ok=true present=3ms inter_flip_ms=32 drawcalls-since-flip=23 drawcalls-total=131390 fail-total=0 null-skips-total=0
[11:57:25] [info] flip-probe: flip #2030 ok=true present=3ms inter_flip_ms=32 drawcalls-since-flip=23 drawcalls-total=131620 fail-total=0 null-skips-total=0
[11:57:25] [info] run_tick_fixed #4500: heartbeat (loop alive)
[11:57:25] [info] flip-probe: flip #2040 ok=true present=3ms inter_flip_ms=34 drawcalls-since-flip=23 drawcalls-total=131850 fail-total=0 null-skips-total=0
[11:57:25] [info] flip-probe: flip #2050 ok=true present=3ms inter_flip_ms=32 drawcalls-since-flip=23 drawcalls-total=132080 fail-total=0 null-skips-total=0
[11:57:26] [info] flip-probe: flip #2060 ok=true present=3ms inter_flip_ms=32 drawcalls-since-flip=13 drawcalls-total=132280 fail-total=0 null-skips-total=0
[11:57:26] [info] flip-probe: flip #2070 ok=true present=3ms inter_flip_ms=32 drawcalls-since-flip=13 drawcalls-total=132410 fail-total=0 null-skips-total=0
[11:57:26] [info] flip-probe: flip #2080 ok=true present=2ms inter_flip_ms=55 drawcalls-since-flip=211 drawcalls-total=132976 fail-total=0 null-skips-total=0
[11:57:27] [info]  >> Entering stage 11: 'Mimiga Village'.
[11:57:27] [info] [skip-sheet-flush] cave=11
[11:57:28] [info] [load-stage] preloading entry music song=9 (cave=11)
[11:57:28] [info] [music-dispatch] tick=4609 song=9 (prev 8)
[11:57:28] [info] opl3 backend: on_song_stop
[11:57:28] [info] MidiScheduler::load: parsed 'data/orgmid2/mura.mid' = 2863 events at 48 PPQ
[11:57:28] [info] opl3 backend: on_song_start
[11:57:28] [info] gameloop: entered (curmap=11, running=1)
[11:57:28] [info] gameloop: iter 1 ticks=138598 mapno=-1
[11:57:28] [info] gameloop: iter 2 ticks=138685 mapno=-1
[11:57:28] [info] gameloop: iter 3 ticks=138787 mapno=-1
[11:57:28] [info] flip-probe: flip #2090 ok=true present=2ms inter_flip_ms=101 drawcalls-since-flip=382 drawcalls-total=136191 fail-total=0 null-skips-total=0
[11:57:28] [info] backdrop cache: thrashing-detect engaged (streak=4, route=direct)
[11:57:29] [info] flip-probe: flip #2100 ok=true present=4ms inter_flip_ms=43 drawcalls-since-flip=40 drawcalls-total=137443 fail-total=0 null-skips-total=0
[11:57:29] [info] alpha audit block 0: 6046 total drawcalls, 0 with alpha<255 (block pct_x10=0; global 0/124031 pct_x10=0); alpha-mod skipped: block=0 global=0
[11:57:29] [info] fastpath audit block 0: taken=6046 (idx8=6046) skipped=0 pct_x10=1000; global taken=124031 (idx8=124031) skipped=0 pct_x10=1000
[11:57:29] [info] primitive tally block 0: clear=201(hr=201) fill=0(hr=0) rect=0(hr=0) line=0(hr=0) tint=0 spotlight=0 (over 100 flips ending at flip 2100)
[11:57:29] [info] color/alpha audit block 0: cmod_white=454 cmod_black=454 (idx=454) cmod_general=0 (idx=0) cmod_fb=0; alpha_taken=0 alpha_skipped=0 (global cmod=12487/10981/693/0 idx=10981/693 alpha=0/0)
[11:57:29] [info] phase timing block 0: drawcalls=7158 dc_total_ms=938 flip_inner_total_ms=516 inter_flip_total_ms=5020 (per-flip avg x10: dc_ms=93 fi_ms=51 if_ms=502 derived audio+engine_ms=358; per-drawcall avg us_x10=1311) [direct-vesa: presents=100 total_ms=282 avg_ms_x10=28 failed=0] [ablation: NO_DC_TIMING=0 CACHE_WINSURF=0 DIRECT_VESA=1]
[11:57:29] [info] kbd/audio block 0: kbd_irq=0 kbd_drain=0 ring_chunks=16 pump_pass=4649 pic1_mask=0xb8 first_irq_ticks=0 install_ticks=0 vector_at_install=0x0083e390 pic1_mask_live=0x38 kbd_8042_stat=0x34 bios_kbd_head=0x0024 bios_kbd_tail=0x0024 bios_kbd_buf0=0x1265
[11:57:29] [info] dirty-rect block @flip=2100: total_calls=0 dirty_rects_avg=1 dirty_pct_x10=1000 forced_full=0 first_n_force=0 threshold_exceeded=0 dirty_path_taken=0 full_flush_taken=0
[11:57:29] [info] prev-frame-diff block @flip=2100: diff_calls=0 diff_rects_avg=0 diff_dirty_pct_x10=0 bbox_pct_x10=0 bbox_thresh_exceeded=0
[11:57:29] [info] flip-probe: flip #2110 ok=true present=3ms inter_flip_ms=42 drawcalls-since-flip=42 drawcalls-total=137853 fail-total=0 null-skips-total=0
[11:57:30] [info] flip-probe: flip #2120 ok=true present=3ms inter_flip_ms=44 drawcalls-since-flip=43 drawcalls-total=138282 fail-total=0 null-skips-total=0
[11:57:30] [info] flip-probe: flip #2130 ok=true present=3ms inter_flip_ms=48 drawcalls-since-flip=46 drawcalls-total=138730 fail-total=0 null-skips-total=0
[11:57:31] [info] flip-probe: flip #2140 ok=true present=3ms inter_flip_ms=45 drawcalls-since-flip=42 drawcalls-total=139177 fail-total=0 null-skips-total=0
[11:57:31] [info] flip-probe: flip #2150 ok=true present=3ms inter_flip_ms=45 drawcalls-since-flip=42 drawcalls-total=139597 fail-total=0 null-skips-total=0
[11:57:31] [info] backdrop cache: thrashing-detect engaged (streak=64, route=direct)
[11:57:31] [info] flip-probe: flip #2160 ok=true present=3ms inter_flip_ms=46 drawcalls-since-flip=46 drawcalls-total=140035 fail-total=0 null-skips-total=0
[11:57:32] [info] flip-probe: flip #2170 ok=true present=3ms inter_flip_ms=43 drawcalls-since-flip=44 drawcalls-total=140478 fail-total=0 null-skips-total=0
[11:57:32] [info] flip-probe: flip #2180 ok=true present=3ms inter_flip_ms=44 drawcalls-since-flip=44 drawcalls-total=140918 fail-total=0 null-skips-total=0
[11:57:33] [info] flip-probe: flip #2190 ok=true present=3ms inter_flip_ms=47 drawcalls-since-flip=45 drawcalls-total=141363 fail-total=0 null-skips-total=0
[11:57:33] [info] flip-probe: flip #2200 ok=true present=3ms inter_flip_ms=51 drawcalls-since-flip=45 drawcalls-total=141818 fail-total=0 null-skips-total=0
[11:57:33] [info] alpha audit block 0: 2975 total drawcalls, 0 with alpha<255 (block pct_x10=0; global 0/127006 pct_x10=0); alpha-mod skipped: block=0 global=0
[11:57:33] [info] fastpath audit block 0: taken=2975 (idx8=2975) skipped=0 pct_x10=1000; global taken=127006 (idx8=127006) skipped=0 pct_x10=1000
[11:57:33] [info] primitive tally block 0: clear=200(hr=200) fill=0(hr=0) rect=0(hr=0) line=0(hr=0) tint=0 spotlight=0 (over 100 flips ending at flip 2200)
[11:57:33] [info] color/alpha audit block 0: cmod_white=1300 cmod_black=1300 (idx=1300) cmod_general=0 (idx=0) cmod_fb=0; alpha_taken=0 alpha_skipped=0 (global cmod=13787/12281/693/0 idx=12281/693 alpha=0/0)
[11:57:33] [info] phase timing block 0: drawcalls=5777 dc_total_ms=808 flip_inner_total_ms=523 inter_flip_total_ms=4666 (per-flip avg x10: dc_ms=80 fi_ms=52 if_ms=466 derived audio+engine_ms=334; per-drawcall avg us_x10=1400) [direct-vesa: presents=100 total_ms=283 avg_ms_x10=28 failed=0] [ablation: NO_DC_TIMING=0 CACHE_WINSURF=0 DIRECT_VESA=1]
[11:57:33] [info] kbd/audio block 0: kbd_irq=0 kbd_drain=0 ring_chunks=16 pump_pass=4882 pic1_mask=0xb8 first_irq_ticks=0 install_ticks=0 vector_at_install=0x0083e390 pic1_mask_live=0x38 kbd_8042_stat=0x34 bios_kbd_head=0x0024 bios_kbd_tail=0x0024 bios_kbd_buf0=0x1265
[11:57:33] [info] dirty-rect block @flip=2200: total_calls=0 dirty_rects_avg=1 dirty_pct_x10=1000 forced_full=0 first_n_force=0 threshold_exceeded=0 dirty_path_taken=0 full_flush_taken=0
[11:57:33] [info] prev-frame-diff block @flip=2200: diff_calls=0 diff_rects_avg=0 diff_dirty_pct_x10=0 bbox_pct_x10=0 bbox_thresh_exceeded=0
[11:57:33] [info] backdrop cache: thrashing-detect engaged (streak=4, route=direct)
[11:57:34] [info] flip-probe: flip #2210 ok=true present=3ms inter_flip_ms=42 drawcalls-since-flip=17 drawcalls-total=142173 fail-total=0 null-skips-total=0
[11:57:34] [info] flip-probe: flip #2220 ok=true present=3ms inter_flip_ms=40 drawcalls-since-flip=18 drawcalls-total=142344 fail-total=0 null-skips-total=0
[11:57:35] [info] backdrop cache: thrashing-detect engaged (streak=4, route=direct)
[11:57:35] [info] flip-probe: flip #2230 ok=true present=3ms inter_flip_ms=49 drawcalls-since-flip=19 drawcalls-total=142527 fail-total=0 null-skips-total=0
[11:57:35] [info] flip-probe: flip #2240 ok=true present=3ms inter_flip_ms=40 drawcalls-since-flip=20 drawcalls-total=142722 fail-total=0 null-skips-total=0
[11:57:36] [info] flip-probe: flip #2250 ok=true present=3ms inter_flip_ms=43 drawcalls-since-flip=19 drawcalls-total=142915 fail-total=0 null-skips-total=0
[11:57:36] [info] flip-probe: flip #2260 ok=true present=3ms inter_flip_ms=42 drawcalls-since-flip=18 drawcalls-total=143096 fail-total=0 null-skips-total=0
[11:57:36] [info] flip-probe: flip #2270 ok=true present=3ms inter_flip_ms=43 drawcalls-since-flip=18 drawcalls-total=143276 fail-total=0 null-skips-total=0
[11:57:37] [info] flip-probe: flip #2280 ok=true present=3ms inter_flip_ms=42 drawcalls-since-flip=18 drawcalls-total=143456 fail-total=0 null-skips-total=0
[11:57:37] [info] backdrop cache: thrashing-detect engaged (streak=64, route=direct)
[11:57:37] [info] flip-probe: flip #2290 ok=true present=3ms inter_flip_ms=49 drawcalls-since-flip=18 drawcalls-total=143636 fail-total=0 null-skips-total=0
[11:57:38] [info] flip-probe: flip #2300 ok=true present=3ms inter_flip_ms=41 drawcalls-since-flip=18 drawcalls-total=143816 fail-total=0 null-skips-total=0
[11:57:38] [info] alpha audit block 0: 1807 total drawcalls, 0 with alpha<255 (block pct_x10=0; global 0/128813 pct_x10=0); alpha-mod skipped: block=0 global=0
[11:57:38] [info] fastpath audit block 0: taken=1807 (idx8=1807) skipped=0 pct_x10=1000; global taken=128813 (idx8=128813) skipped=0 pct_x10=1000
[11:57:38] [info] primitive tally block 0: clear=200(hr=200) fill=0(hr=0) rect=0(hr=0) line=0(hr=0) tint=0 spotlight=0 (over 100 flips ending at flip 2300)
[11:57:38] [info] color/alpha audit block 0: cmod_white=91 cmod_black=91 (idx=91) cmod_general=0 (idx=0) cmod_fb=0; alpha_taken=0 alpha_skipped=0 (global cmod=13878/12372/693/0 idx=12372/693 alpha=0/0)
[11:57:38] [info] phase timing block 0: drawcalls=2199 dc_total_ms=612 flip_inner_total_ms=510 inter_flip_total_ms=4346 (per-flip avg x10: dc_ms=61 fi_ms=51 if_ms=434 derived audio+engine_ms=322; per-drawcall avg us_x10=2784) [direct-vesa: presents=100 total_ms=283 avg_ms_x10=28 failed=0] [ablation: NO_DC_TIMING=0 CACHE_WINSURF=0 DIRECT_VESA=1]
[11:57:38] [info] kbd/audio block 0: kbd_irq=0 kbd_drain=0 ring_chunks=16 pump_pass=5100 pic1_mask=0xb8 first_irq_ticks=0 install_ticks=0 vector_at_install=0x0083e390 pic1_mask_live=0x38 kbd_8042_stat=0x34 bios_kbd_head=0x0024 bios_kbd_tail=0x0024 bios_kbd_buf0=0x1265
[11:57:38] [info] dirty-rect block @flip=2300: total_calls=0 dirty_rects_avg=1 dirty_pct_x10=1000 forced_full=0 first_n_force=0 threshold_exceeded=0 dirty_path_taken=0 full_flush_taken=0
[11:57:38] [info] prev-frame-diff block @flip=2300: diff_calls=0 diff_rects_avg=0 diff_dirty_pct_x10=0 bbox_pct_x10=0 bbox_thresh_exceeded=0
[11:57:38] [info] run_tick_fixed #5100: heartbeat (loop alive)
[11:57:38] [info] tas: stall frame 331 ms -> contributing 1 tick (patch 0286)
[11:57:38] [info] flip-probe: flip #2310 ok=true present=3ms inter_flip_ms=43 drawcalls-since-flip=59 drawcalls-total=144242 fail-total=0 null-skips-total=0
[11:57:39] [info] flip-probe: flip #2320 ok=true present=3ms inter_flip_ms=43 drawcalls-since-flip=59 drawcalls-total=144832 fail-total=0 null-skips-total=0
[11:57:39] [info] flip-probe: flip #2330 ok=true present=3ms inter_flip_ms=43 drawcalls-since-flip=59 drawcalls-total=145422 fail-total=0 null-skips-total=0
[11:57:40] [info] tas: end-of-replay auto-exit at tick 5140 (recording exhausted; set DOSKUTSU_TAS_REPLAY_HOLD=1 to disable + observe steady-state past recording end)
[11:57:40] [info] Script engine shutdown.
[11:57:40] [info] opl3 backend: on_song_stop
[11:57:40] [info] opl3 backend: cleared reg 0xBD chip-wide latch (wub-wub mitigation per flush-instr WAVE-46 H6)
[11:57:40] [info] opl3 backend shutdown (all 18 voices KEY-OFF unconditionally; OPL2 mode restored; chip state safe for next process)
[11:57:40] [info] Sound system shutdown
[11:57:40] [info] Renderer::Close()
[11:57:40] [info] tas: replay file closed
[11:57:40] [info] [fps-true] flips=2338 render_s=146 fps_mean=16.0 (clock-independent: flips / seconds since the FIRST flip; use THIS for the fps matrix, not inter_flip medians, which are invalid in any cell running the PIT/IRQ-0 music pump)
[RUNMANIFEST-BEGIN]
schema_version=2
environment=realhw
binary_sha12=UNKNOWN
binary_sha12_src=unknown
build_sha12=1f79ce20e4ee
organya_cache_key=1f79ce20e4ee
wave_tag=6P4B
scene=
env_block_sha=961a44736f4f
started_rtc_local=2026-11-21T09:45:54
duration_s=162
exit_code=0
fps_true_flips=2338
fps_true_render_s=146
reel_ticks=5140
reel_game_seconds=102.8
per_loop_fps=22.7
overhead_s=44
music_pump_active=0
cpu_vendor=GenuineIntel
cpu_have_cpuid=1
cpu_family=4
cpu_model=3
cpu_stepping=5
cpu_mhz_est=64
cpu_has_fpu=1
cpu_class=486_mid
audio_backend=opl3
video_logical_wxh=320x240
video_logical_bpp=8
video_vram_kb=4096
video_lfb_or_banked=lfb
audio_is_sb16=0
audio_dsp_ver=2.01
audio_dma_path=8bit-low
audio_force_8bit=0
audio_dma_channel=3
fps_p50=23.8
fps_p95=14.4
fps_sample_n=233
fps_sample_interval=10
pump_clock_state=no-pump
audio_vital_status=NA
regime=NA
banner_required_hit=0
banner_required_total=0
banner_forbidden_hit=0
banner_optional_hit=0
critical_count=0
warn_count=0
perstage_count=12
perstage_00=stage:72 ticks:95 flips:95 fps:50.0
perstage_01=stage:1005 ticks:80 flips:80 fps:50.0
perstage_02=stage:20 ticks:122 flips:68 fps:27.8
perstage_03=stage:11 ticks:456 flips:191 fps:20.9
perstage_04=stage:17 ticks:769 flips:251 fps:16.3
perstage_05=stage:11 ticks:549 flips:241 fps:21.9
perstage_06=stage:15 ticks:665 flips:318 fps:23.9
perstage_07=stage:11 ticks:893 flips:401 fps:22.4
perstage_08=stage:19 ticks:264 flips:111 fps:21.0
perstage_09=stage:11 ticks:433 flips:180 fps:20.7
perstage_10=stage:14 ticks:283 flips:150 fps:26.5
perstage_11=stage:11 ticks:531 flips:251 fps:23.6
[RUNMANIFEST-END]
[11:57:40] [info] [runmanifest-emit] schema=v2 env=realhw binary_sha12=UNKNOWN(unknown) build_sha12=1f79ce20e4ee per_loop_fps=22.7 overhead_s=44 pump=0 dur=162s tag='6P4B' scene='' (signals=0x4)
