Logger::init: wave-53 log level=INFO path='LOGS/6P5K.LOG'
[12:05:31] [info] config: loaded DOSKUTSU.CFG (2 keys)
[12:05:31] [info] [cpu-witness] vendor=GenuineIntel cpuid=1 family=4 model=3 stepping=5 mhz_est=64 fpu=1 class=486_mid (boot-time attestation of the running CPU; MHZ_486_LOOP_DIV=16400 mirrors SETUP)
[12:05:31] [info] tas: PRNG seed forced to 12345 via DOSKUTSU_TAS_PRNG_SEED
[12:05:31] [info] tas: auto-exit armed at tick 30000 via DOSKUTSU_TAS_AUTO_EXIT_TICK
[12:05:31] [info] tas: replay opened path='QA.TAS' header_seed=12345
[12:05:31] [info] AUDIO_BACKEND=adlib -- omitting SDL_INIT_AUDIO (no Sound Blaster on a native-AdLib config; the OPL chip is driven by direct port I/O + the PIT/IRQ-0 music pump). SoundManager::init() STILL RUNS (unlike AUDIO_OFF) to bring up the OPL2 backend. MUSIC ONLY -- no PCM SFX on a DAC-less AdLib card.
[12:05:32] [info] data cache: DISABLED (default)
[12:05:32] [info] Joystick: skipped (default; set DOSKUTSU_USE_JOYSTICK=1 to enable -- skips SDL3-DOS gameport BIOS INT 15h polling, ~82 ms / flip on real HW)
[12:05:32] [info] Loading settings...
[12:05:32] [info] [input-bind] applied=0 invert_y=0 dos_axes=1
[12:05:32] [info] Renderer::initVideo: 8bpp mode requested via SDL_HINT_DOS_MAX_BPP=8 (wave 16); SDL3-DOS will pick the highest-bpp <= 8 mode at requested resolution
[12:05:32] [info] Renderer::initVideo: DOS resolution-label lock ENABLED (default)
[12:05:33] [info] center-oversized: not needed (surface matches the logical screen) surface=320x240 logical=320x240 offset=0,0
[12:05:33] [info] Renderer::initVideo: using: software renderer
[12:05:35] [info] Renderer::initVideo: dirty-rect tracking ENABLED (wave 15, default ON; set SDL_HINT_DOSKUTSU_DIRTY_RECTS=0 to disable)
[12:05:35] [info] Renderer::initVideo: ablation flags: NO_DC_TIMING=0 CACHE_WINSURF=0 NO_INPUT_POLL=0 DIRECT_VESA=1
[12:05:35] [info] Renderer::initVideo: direct-VESA hot path ENABLED (default since wave 20 patch 0088; bypasses SDL_RenderPresent / SDL_UpdateWindowSurface and writes via SDL/0034's PresentFull helper; R2 mitigation handled by SDL/0034 generation counter -- no per-N-flip heartbeat needed; set SDL_HINT_DOSKUTSU_DIRECT_VESA=0 to revert)
[12:05:35] [info] Renderer::initVideo: flip-phase instrumentation DISABLED (default; set SDL_HINT_DOSKUTSU_FLIP_INSTR=1 to opt in for wave-20 Lever A diagnostic)
[12:05:35] [info] Renderer::initVideo: asm opaque-span blit lever DISABLED (default; set SDL_HINT_DOSKUTSU_ASM_BLIT=1 to opt in -- wave-51 _blit_indexed colorkey-blit lever)
[12:05:35] [info] Renderer::initVideo: blit-decomp instrumentation DISABLED (default; set SDL_HINT_DOSKUTSU_BLIT_DECOMP=1 to opt in -- wave-51 _blit_indexed sub-decomp sizing)
[12:05:35] [info] Renderer::initVideo: mds-scroll-decomp instrumentation DISABLED (default; set SDL_HINT_DOSKUTSU_MDS_DECOMP=1 to opt in -- wave-52 mode_draw_scene scrolling-block decomp)
[12:05:35] [info] Renderer::initVideo: DOSVESA pump yield: skipped (default) (per-flip explicit SDL_Delay(0) yield is always on; set SDL_HINT_DOSKUTSU_FORCE_PUMP_YIELD=1 to restore old per-pump yield)
[12:05:35] [info] Renderer::initVideo: indexed-mode (8bpp) ENABLED -- master palette + 107 per-asset remap LUTs loaded (wave 16, default ON; set SDL_HINT_DOSKUTSU_PIXEL_FORMAT_8=0 to disable)
[12:05:35] [info] Renderer::initVideo: master palette attached to window surface (format=SDL_PIXELFORMAT_INDEX8, ncolors=256)
[12:05:35] [info] Renderer::initVideo: indexed-mode smoke: idx0=(0,0,0) OK idx255=(255,0,255) OK
[12:05:35] [info] Renderer::initVideo: indexed-mode smoke: paletteRemapFor('MyChar.pbm') = present
[12:05:36] [info] Surface::loadImage palmap-diag #1: 'data/Loading.pbm' fmt=SDL_PIXELFORMAT_ABGR8888 remap=HIT -> path=truecolor
[12:05:36] [info] Renderer: prev-frame diff DISABLED (default since wave 17.6; set SDL_HINT_DOSKUTSU_PREVFRAME_DIFF=1 to opt in)
[12:05:36] [info] flip-probe: renderer=software window_ptr=8825608 colorspace=301991328 window_size=320x240 framebuffer_pixels=320x240 logical_present=320x240 mode=2
[12:05:36] [info] flip-probe: first flip ok=true present=47ms inter_flip_ms=0 drawcalls-since-flip=1 drawcalls-total=1
[12:05:36] [info] Sound system init
[12:05:36] [info] Sound system: AdLib (OPL2) path -- AUDIO_BACKEND=adlib. Skipping SB16 + SDL_mixer bring-up (no SDL_INIT_AUDIO); music via native OPL2 FM on the PIT/IRQ-0 pump. MUSIC ONLY: a DAC-less AdLib card has no PCM SFX. See docs/internal/ADLIB-NATIVE-DESIGN.md.
[12:05:36] [info] Sound system: AdLib PC-speaker SFX beeps -- engine SFX->beep mapping WIRED (patch 0264; SDL owns default-ON killswitch SDL_HINT_DOSKUTSU_PCSPK_SFX=0 to disable). See docs/internal/ADLIB-PCSPK-SFX-DESIGN.md.
[12:05:36] [info] Sound system: 4-state audio enable (#31) -- music=on sfx=on (MUSIC_OFF/AUDIO_BACKEND=none -> music-off; SFX_OFF/SFX_DEVICE=none -> sfx-off; both gates are dispatch-level, the device still opens; AUDIO_OFF=1 is the device-level both-off).
[12:05:36] [info] Sound system: Tier-2 audio config (default since wave 21 patch 0093; 11025 Hz, 1 channel, buffer pinned to 256 frames). Measured savings on g2k Pentium OverDrive 83 MHz (W21A): heavy-music scenes ~+11 fps vs Tier-1 baseline (measured -10 to -15 ms/flip post-0094 audio fix; W21A's pre-fix -26.6 ms figure was inflated by stereo-vs-mono playback bug, see patch 0094). Audio quality is reduced vs Tier-1 (mono, 11025 Hz, simple-average L+R downmix) but recognizable; user accepted the trade per direction 2026-05-05. Set SDL_HINT_DOSKUTSU_AUDIO_TIER2=0 to revert to Tier-1 22050 stereo (full Cave Story 2004 audio quality; trades fps for fidelity).
[12:05:36] [info] Sound system: SDL_HINT_AUDIO_DEVICE_SAMPLE_FRAMES=256
[12:05:36] [info] Pixtone IRQ rate-divider: handed master_rate=11025 int16/s (SAMPLE_RATE=11025 x AUDIO_CHANNELS=1) to SDL for auto-RATEDIV (SDL/0074 computes shift_div from the resolved device freq).
[12:05:36] [info] Sound system: device frame-rate: requesting 11025 Hz match to master (SDL_DOSAudioSetDeviceFrameRate; SB16 opens at the engine frame rate instead of SDL's 44100 floor -- 4x less PCM/s + no resampler on the Organya/Pixtone path; killswitch SDL_HINT_DOSKUTSU_DOS_AUDIO_DEVICE_RATE_DEFAULT=0).
[12:05:36] [info] audio backend: adlib (Campaign 2 -- native OPL2 FM synthesis on a no-Sound-Blaster card; 9-voice single-bank allocator; music clock = PIT/IRQ-0 OPL pump, NOT SB IRQ-5). MUSIC ONLY -- no PCM SFX on a DAC-less AdLib card. SoundManager::init probes OPL2 at 0x388 via the Adlib timer-1 sequence; if absent, music is silent (the game still runs). Reuses data/opl3bank.dat (DMXOPL GM bank).
[12:05:36] [info] Sound system: AdLib path -- no SB16 mixer (music via the PIT pump; SFX disabled on this no-SB out-of-band path).
[12:05:36] [info] wave-13.6.1: ring_chunks=16 FORCE_PUMP_YIELD=off (set SDL_HINT_DOSKUTSU_AUDIO_RING_CHUNKS=4|8|16 to override; default 16 matches wave 13.6 behaviour)
[12:05:37] [info] MidiScheduler: MIDI source = 'orgmid2' (native-GM org2mid set; resolves to data/orgmid2/<name>.mid).
[12:05:37] [info] opl2 backend probing for OPL chip (Adlib timer-1 sequence on 0x388)...
[12:05:37] [info] opl2 backend: opl3bank.dat loaded 128 programs from 'data/opl3bank.dat' (1536 bytes). OPL2 ignores the SBI panning nibble; programs >= 128 fall back to the 8-patch family bucket; drum channel uses PATCH_DRUM.
[12:05:37] [info] opl2 backend ready (OPL2 detected; 9-voice single-bank allocator armed; bank=runtime opl3bank.dat ACTIVE; clock = PIT/IRQ-0 OPL music pump, NOT SB IRQ-5; MUSIC ONLY -- no PCM SFX on a DAC-less AdLib card).
[12:05:37] [info] Sound system: MidiScheduler armed with MidiBackendOpl2 (Campaign 2 AdLib -- native OPL2 FM, 9-voice single bank). Music dispatch routes via SMF parser + OPL2 voice allocator; the clock is the PIT/IRQ-0 OPL pump (SDL/0110), NOT the SB IRQ-5. MUSIC ONLY -- no Pixtone PCM SFX on a DAC-less card.
[12:05:37] [info] Sound system: idle-pause skipped (backend=adlib does not qualify; only opl3 supports idle-pause per patch 0115; default OFF since patch 0119 regardless of backend).
[12:05:37] [warn] Music dir Ogg/ doesn't exist
[12:05:37] [warn] Music dir Ogg11/ doesn't exist
[12:05:37] [warn] Music dir Ogg17/ doesn't exist
[12:05:37] [warn] Music dir Ogg_ridic/ doesn't exist
[12:05:37] [info] Sound system: AdLib path -- skipping Pixtone/SFX/Organya/mixer init (no SDL audio device; MUSIC ONLY -- a DAC-less AdLib card has no PCM SFX). No MIX_CreateTrack / SFX-render attempts; runtime SFX calls no-op.
[12:05:37] [info] adlib: music pump STARTED at 120 Hz (PIT ch0 / IRQ-0 drives MidiScheduler::tick_isr; BIOS 18.2 Hz tick chained; restored on exit). This is the music clock on a no-SB card.
[12:05:37] [info] menu slide-in fixed-timestep: ENABLED (default; slide advances at 50 Hz logic rate)
[12:05:37] [info] Reading npc.tbl...
[12:05:37] [info] Loading tilekey.dat.
[12:05:37] [info] Script engine init.
[12:05:37] [info] Entering main loop...
[12:05:37] [info] audio mid-gap pump: DISABLED (default)
[12:05:37] [info] TAS fixed-timestep guard: ENABLED (default) (patch 0280; load_stage wall-clock kept out of the FT accumulator so TAS replay advances at a true 50 Hz; set SDL_HINT_DOSKUTSU_TAS_FT_GUARD=0 to disable)
[12:05:37] [info] load_stage ring+DMA silence flush: ENABLED (default) (set SDL_HINT_DOSKUTSU_LOADSTAGE_SILENCE=0 to disable)
[12:05:37] [info] load-band audio-underrun probe: DISABLED (default) (opt-in SDL_HINT_DOSKUTSU_LOADBAND_STAT=1)
[12:05:38] [info]  >> Entering stage 72: 'u'.
[12:05:38] [info] skip sheet flush: ENABLED (default) (SFXPAUSE-012 SHIPPED FIX; sprite sheets stay resident across caves so no per-cave re-decode -> no fire-frame pause; map_flush_graphics tilemap cache still flushes; set SDL_HINT_DOSKUTSU_SKIP_SHEET_FLUSH=0 to restore the old per-cave flush)
[12:05:38] [info] [skip-sheet-flush] cave=1
[12:05:38] [info] eager action sheets: ENABLED (default) (first-fire hitch fix: pre-loads the weapon bullet + hit/muzzle/trail caret sheets at stage load so the first fire/impact does not lazy-decode mid-gameplay; set SDL_HINT_DOSKUTSU_EAGER_ACTION_SHEETS=0 to restore lazy load)
[12:05:38] [info] Surface::loadImage palmap-diag #2: 'data/Bullet.pbm' fmt=SDL_PIXELFORMAT_ABGR8888 remap=HIT -> path=truecolor
[12:05:38] [info] Surface::loadImage palmap-diag #3: 'data/Arms.pbm' fmt=SDL_PIXELFORMAT_ABGR8888 remap=HIT -> path=truecolor
[12:05:38] [info] Surface::loadImage palmap-diag #4: 'data/Caret.pbm' fmt=SDL_PIXELFORMAT_ABGR8888 remap=HIT -> path=truecolor
[12:05:38] [info] Surface::loadImage palmap-diag #5: 'data/Npc/NpcSym.pbm' fmt=SDL_PIXELFORMAT_ABGR8888 remap=HIT -> path=truecolor
[12:05:39] [info] [eager-action-sheets] cave=1 sheets=4 wall_ms=1095
[12:05:39] [info] Surface::loadImage palmap-diag #6: 'data/Stage/PrtWhite.pbm' fmt=SDL_PIXELFORMAT_ABGR8888 remap=HIT -> path=truecolor
[12:05:39] [info] load_stage: entry-music preload ENABLED (default) (set SDL_HINT_DOSKUTSU_PRELOAD_STAGE_MUSIC=0 to disable)
[12:05:39] [info] Surface::loadImage palmap-diag #7: 'data/bk0.pbm' fmt=SDL_PIXELFORMAT_ABGR8888 remap=HIT -> path=truecolor
[12:05:39] [info] gameloop: entered (curmap=72, running=1)
[12:05:39] [info] gameloop: iter 1 ticks=8024 mapno=-1
[12:05:39] [info] fixed-timestep: ENABLED (default; logic 50 Hz, decoupled from render)
[12:05:39] [info] map: BG skip-when-unchanged DISABLED (default) (set SDL_HINT_DOSKUTSU_BG_SKIP_WHEN_UNCHANGED=1 to enable; default OFF since wave-61 -- abandoned, it shipped a backdrop-black flicker and its +0.87 fps was below the noise floor)
[12:05:39] [info] map: skip-redundant-clear lever ENABLED (default since wave-53 promotion)
[12:05:39] [info] perf-mode: level=0 (faithful (default))
[12:05:40] [info] Surface::loadImage palmap-diag #8: 'data/Npc/NpcKings.pbm' fmt=SDL_PIXELFORMAT_ABGR8888 remap=HIT -> path=truecolor
[12:05:40] [info] audio tick-boundary pump: DISABLED (default)
[12:05:40] [info] gameloop: iter 2 ticks=8407 mapno=-1
[12:05:40] [info] gameloop: iter 3 ticks=8467 mapno=-1
[12:05:40] [info] direct-vesa: snapshot @gen=2 use_dosmemput=0 banked_multibank=0 pitches_match=1 vram_w=320 vram_h=240 vram_pitch=320 bpp=1 fb_size=76800 vram_phys=0x78000000 vram_ptr=0x77c00000
[12:05:40] [info] flip-probe: flip #10 ok=true present=-2ms inter_flip_ms=55 drawcalls-since-flip=6 drawcalls-total=43 fail-total=0 null-skips-total=0
[12:05:41] [info] flip-probe: flip #20 ok=true present=-2ms inter_flip_ms=55 drawcalls-since-flip=4 drawcalls-total=92 fail-total=0 null-skips-total=0
[12:05:42] [info] flip-probe: flip #30 ok=true present=-3ms inter_flip_ms=52 drawcalls-since-flip=326 drawcalls-total=2707 fail-total=0 null-skips-total=0
[12:05:42] [info] flip-probe: flip #40 ok=true present=6ms inter_flip_ms=49 drawcalls-since-flip=264 drawcalls-total=5837 fail-total=0 null-skips-total=0
[12:05:43] [info] flip-probe: flip #50 ok=true present=-2ms inter_flip_ms=60 drawcalls-since-flip=67 drawcalls-total=7392 fail-total=0 null-skips-total=0
[12:05:43] [info] flip-probe: flip #60 ok=true present=6ms inter_flip_ms=56 drawcalls-since-flip=4 drawcalls-total=7502 fail-total=0 null-skips-total=0
[12:05:44] [info] flip-probe: flip #70 ok=true present=5ms inter_flip_ms=55 drawcalls-since-flip=6 drawcalls-total=7557 fail-total=0 null-skips-total=0
[12:05:44] [info] flip-probe: flip #80 ok=true present=-2ms inter_flip_ms=53 drawcalls-since-flip=0 drawcalls-total=7586 fail-total=0 null-skips-total=0
[12:05:45] [info] flip-probe: flip #90 ok=true present=6ms inter_flip_ms=51 drawcalls-since-flip=0 drawcalls-total=7586 fail-total=0 null-skips-total=0
[12:05:45] [info] title: eager-title-IO phase tag ENABLED (default) (set SDL_HINT_DOSKUTSU_EAGER_TITLE_IO=0 to disable)
[12:05:45] [info] [music-dispatch] tick=95 song=24 (prev 0)
[12:05:46] [info] MidiScheduler::load: parsed 'data/orgmid2/curly.mid' = 11294 events at 48 PPQ
[12:05:46] [info] opl2 backend: on_song_start
[12:05:46] [info] gameloop: entered (curmap=1005, running=1)
[12:05:46] [info] gameloop: iter 1 ticks=14504 mapno=-1
[12:05:46] [info] map: backdrop cache ENABLED (default) (set SDL_HINT_DOSKUTSU_BACKDROP_CACHE=0 to disable)
[12:05:47] [info] gameloop: iter 2 ticks=15277 mapno=-1
[12:05:47] [info] gameloop: iter 3 ticks=15333 mapno=-1
[12:05:47] [info] backdrop cache: thrashing-detect engaged (streak=4, route=direct)
[12:05:47] [info] flip-probe: flip #100 ok=true present=-3ms inter_flip_ms=57 drawcalls-since-flip=75 drawcalls-total=7886 fail-total=0 null-skips-total=0
[12:05:47] [info] alpha audit block 0: 7798 total drawcalls, 0 with alpha<255 (block pct_x10=0; global 0/7798 pct_x10=0); alpha-mod skipped: block=0 global=0
[12:05:47] [info] fastpath audit block 0: taken=7798 (idx8=7798) skipped=0 pct_x10=1000; global taken=7798 (idx8=7798) skipped=0 pct_x10=1000
[12:05:47] [info] primitive tally block 0: clear=220(hr=220) fill=0(hr=0) rect=0(hr=0) line=0(hr=0) tint=0 spotlight=0 (over 100 flips ending at flip 100)
[12:05:47] [info] color/alpha audit block 0: cmod_white=104 cmod_black=0 (idx=0) cmod_general=84 (idx=84) cmod_fb=0; alpha_taken=0 alpha_skipped=0 (global cmod=104/0/84/0 idx=0/84 alpha=0/0)
[12:05:47] [info] phase timing block 0: drawcalls=8209 dc_total_ms=1009 flip_inner_total_ms=671 inter_flip_total_ms=10743 (per-flip avg x10: dc_ms=100 fi_ms=67 if_ms=1074 derived audio+engine_ms=907; per-drawcall avg us_x10=1230) [direct-vesa: presents=97 total_ms=164 avg_ms_x10=16 failed=0] [ablation: NO_DC_TIMING=0 CACHE_WINSURF=0 DIRECT_VESA=1]
[12:05:47] [info] kbd/audio block 0: kbd_irq=0 kbd_drain=0 ring_chunks=16 pump_pass=99 pic1_mask=0xb8 first_irq_ticks=0 install_ticks=0 vector_at_install=0x0084e408 pic1_mask_live=0xb8 kbd_8042_stat=0x34 bios_kbd_head=0x0024 bios_kbd_tail=0x0024 bios_kbd_buf0=0x1265
[12:05:47] [info] audio/engine split block 0: audio_mixer_calls=0 audio_mixer_ms_x10=0 engine_tick_calls=99 engine_tick_ms_x10=315 audio_service_calls=0 audio_service_ms_x10=0 (per-flip avg; per-call us_x10: audio_mix=0 engine_tick=318264 audio_service=0; global ns: audio_mix=0 engine_tick=3150817138 audio_service=0)
[12:05:47] [info] pixtone multi-source probe: DISABLED (default)
[12:05:47] [info] dirty-rect block @flip=100: total_calls=0 dirty_rects_avg=0 dirty_pct_x10=990 forced_full=0 first_n_force=3 threshold_exceeded=2 dirty_path_taken=0 full_flush_taken=3
[12:05:47] [info] prev-frame-diff block @flip=100: diff_calls=0 diff_rects_avg=0 diff_dirty_pct_x10=0 bbox_pct_x10=0 bbox_thresh_exceeded=0
[12:05:47] [info] flip-probe: flip #110 ok=true present=-2ms inter_flip_ms=56 drawcalls-since-flip=75 drawcalls-total=8636 fail-total=0 null-skips-total=0
[12:05:48] [info] flip-probe: flip #120 ok=true present=-3ms inter_flip_ms=55 drawcalls-since-flip=75 drawcalls-total=9386 fail-total=0 null-skips-total=0
[12:05:48] [info] flip-probe: flip #130 ok=true present=-2ms inter_flip_ms=56 drawcalls-since-flip=0 drawcalls-total=9986 fail-total=0 null-skips-total=0
[12:05:49] [info] Loading profile from profile.dat
[12:05:49] [error] profile_load: unable to open 'profile.dat'
[12:05:49] [info] Loading profile from profile2.dat
[12:05:49] [error] profile_load: unable to open 'profile2.dat'
[12:05:49] [info] Loading profile from profile3.dat
[12:05:49] [info] Loading profile from profile4.dat
[12:05:49] [error] profile_load: unable to open 'profile4.dat'
[12:05:49] [info] Loading profile from profile5.dat
[12:05:49] [info] flip-probe: flip #140 ok=true present=6ms inter_flip_ms=55 drawcalls-since-flip=210 drawcalls-total=10826 fail-total=0 null-skips-total=0
[12:05:50] [info] flip-probe: flip #150 ok=true present=-2ms inter_flip_ms=60 drawcalls-since-flip=210 drawcalls-total=12926 fail-total=0 null-skips-total=0
[12:05:50] [info] Writing settings...
[12:05:50] [info] flip-probe: flip #160 ok=true present=-3ms inter_flip_ms=57 drawcalls-since-flip=0 drawcalls-total=13774 fail-total=0 null-skips-total=0
[12:05:51] [info] flip-probe: flip #170 ok=true present=6ms inter_flip_ms=55 drawcalls-since-flip=0 drawcalls-total=13774 fail-total=0 null-skips-total=0
[12:05:51] [info] [music-dispatch] tick=175 song=0 (prev 24)
[12:05:51] [info] opl2 backend: on_song_stop
[12:05:51] [info] Loading profile from profile5.dat
[12:05:51] [info]  >> Entering stage 20: 'Save Point'.
[12:05:51] [info] [skip-sheet-flush] cave=2
[12:05:52] [info] [music-dispatch] tick=175 song=8 (prev 0)
[12:05:52] [info] MidiScheduler::load: parsed 'data/orgmid2/vivi.mid' = 4558 events at 48 PPQ
[12:05:52] [info] opl2 backend: on_song_start
[12:05:52] [info] gameloop: entered (curmap=20, running=1)
[12:05:52] [info] gameloop: iter 1 ticks=20876 mapno=-1
[12:05:52] [info] TAS stall discount: ENABLED (default) (patch 0286; a replay frame over 150 ms is a load, not slow rendering, so it contributes 1 tick instead of its wall-clock; set SDL_HINT_DOSKUTSU_TAS_STALL_DISCOUNT=0 to disable)
[12:05:52] [info] TAS accumulator clamp: DISABLED (default) (patch 0281; caps the FT accumulator delta at one tick during TAS so a stalled frame cannot race the replay index; set SDL_HINT_DOSKUTSU_TAS_FT_GUARD=0 to disable)
[12:05:52] [info] gameloop: iter 2 ticks=20934 mapno=-1
[12:05:52] [info] gameloop: iter 3 ticks=20983 mapno=-1
[12:05:52] [info] flip-probe: flip #180 ok=true present=-3ms inter_flip_ms=56 drawcalls-since-flip=16 drawcalls-total=13896 fail-total=0 null-skips-total=0
[12:05:53] [info] flip-probe: flip #190 ok=true present=-2ms inter_flip_ms=-2 drawcalls-since-flip=16 drawcalls-total=14056 fail-total=0 null-skips-total=0
[12:05:53] [info] flip-probe: flip #200 ok=true present=-3ms inter_flip_ms=2 drawcalls-since-flip=16 drawcalls-total=14216 fail-total=0 null-skips-total=0
[12:05:53] [info] alpha audit block 0: 5693 total drawcalls, 0 with alpha<255 (block pct_x10=0; global 0/13491 pct_x10=0); alpha-mod skipped: block=0 global=0
[12:05:53] [info] fastpath audit block 0: taken=5693 (idx8=5693) skipped=0 pct_x10=1000; global taken=13491 (idx8=13491) skipped=0 pct_x10=1000
[12:05:53] [info] primitive tally block 0: clear=201(hr=201) fill=0(hr=0) rect=0(hr=0) line=0(hr=0) tint=0 spotlight=0 (over 100 flips ending at flip 200)
[12:05:53] [info] color/alpha audit block 0: cmod_white=1402 cmod_black=0 (idx=0) cmod_general=609 (idx=609) cmod_fb=0; alpha_taken=0 alpha_skipped=0 (global cmod=1506/0/693/0 idx=0/693 alpha=0/0)
[12:05:53] [info] phase timing block 0: drawcalls=7905 dc_total_ms=116 flip_inner_total_ms=175 inter_flip_total_ms=6207 (per-flip avg x10: dc_ms=11 fi_ms=17 if_ms=620 derived audio+engine_ms=592; per-drawcall avg us_x10=146) [direct-vesa: presents=100 total_ms=72 avg_ms_x10=7 failed=0] [ablation: NO_DC_TIMING=0 CACHE_WINSURF=0 DIRECT_VESA=1]
[12:05:53] [info] kbd/audio block 0: kbd_irq=0 kbd_drain=0 ring_chunks=16 pump_pass=211 pic1_mask=0xb8 first_irq_ticks=0 install_ticks=0 vector_at_install=0x0084e408 pic1_mask_live=0xb8 kbd_8042_stat=0x34 bios_kbd_head=0x0024 bios_kbd_tail=0x0024 bios_kbd_buf0=0x1265
[12:05:53] [info] audio/engine split block 0: audio_mixer_calls=0 audio_mixer_ms_x10=0 engine_tick_calls=76 engine_tick_ms_x10=51 audio_service_calls=0 audio_service_ms_x10=0 (per-flip avg; per-call us_x10: audio_mix=0 engine_tick=67855 audio_service=0; global ns: audio_mix=0 engine_tick=3666521396 audio_service=0)
[12:05:53] [info] dirty-rect block @flip=200: total_calls=0 dirty_rects_avg=1 dirty_pct_x10=1000 forced_full=0 first_n_force=0 threshold_exceeded=0 dirty_path_taken=0 full_flush_taken=0
[12:05:53] [info] prev-frame-diff block @flip=200: diff_calls=0 diff_rects_avg=0 diff_dirty_pct_x10=0 bbox_pct_x10=0 bbox_thresh_exceeded=0
[12:05:53] [info] flip-probe: flip #210 ok=true present=-3ms inter_flip_ms=56 drawcalls-since-flip=16 drawcalls-total=14376 fail-total=0 null-skips-total=0
[12:05:54] [info] flip-probe: flip #220 ok=true present=-3ms inter_flip_ms=57 drawcalls-since-flip=16 drawcalls-total=14536 fail-total=0 null-skips-total=0
[12:05:54] [info] flip-probe: flip #230 ok=true present=-3ms inter_flip_ms=1 drawcalls-since-flip=16 drawcalls-total=14696 fail-total=0 null-skips-total=0
[12:05:54] [info] flip-probe: flip #240 ok=true present=-3ms inter_flip_ms=54 drawcalls-since-flip=318 drawcalls-total=15702 fail-total=0 null-skips-total=0
[12:05:55] [info]  >> Entering stage 11: 'Mimiga Village'.
[12:05:55] [info] [skip-sheet-flush] cave=3
[12:05:55] [info] [load-stage] preloading entry music song=9 (cave=3)
[12:05:55] [info] [music-dispatch] tick=297 song=9 (prev 8)
[12:05:55] [info] opl2 backend: on_song_stop
[12:05:55] [info] MidiScheduler::load: parsed 'data/orgmid2/mura.mid' = 2863 events at 48 PPQ
[12:05:55] [info] opl2 backend: on_song_start
[12:05:55] [info] gameloop: entered (curmap=11, running=1)
[12:05:55] [info] gameloop: iter 1 ticks=24061 mapno=-1
[12:05:55] [info] map: mds_clear LUT ENABLED (default) (set SDL_HINT_DOSKUTSU_MDS_CLEAR_LUT=0 to disable; default ON; patch 0144 wave-49 bandwidth lever)
[12:05:55] [info] mds-clear-lut: rebuilt N=240 entries (k_skip=0% k_keep=100%; curmap=11 map_size=60x60; rebuild #1 since boot)
[12:05:55] [info] backdrop thrash full-cover ENABLED (default) (set SDL_HINT_DOSKUTSU_THRASH_FULLCOVER=0 to disable)
[12:05:55] [info] [bd-diag] backdrop render-path diag disabled (default) (set SDL_HINT_DOSKUTSU_BACKDROP_DIAG=1 to enable)
[12:05:56] [info] run_tick_fixed #300: heartbeat (loop alive)
[12:05:56] [info] gameloop: iter 2 ticks=24173 mapno=-1
[12:05:56] [info] gameloop: iter 3 ticks=24226 mapno=-1
[12:05:56] [info] flip-probe: flip #250 ok=true present=-3ms inter_flip_ms=115 drawcalls-since-flip=385 drawcalls-total=19007 fail-total=0 null-skips-total=0
[12:05:56] [info] backdrop cache: thrashing-detect engaged (streak=4, route=direct)
[12:05:56] [info] flip-probe: flip #260 ok=true present=-3ms inter_flip_ms=62 drawcalls-since-flip=44 drawcalls-total=20203 fail-total=0 null-skips-total=0
[12:05:57] [info] flip-probe: flip #270 ok=true present=-3ms inter_flip_ms=4 drawcalls-since-flip=45 drawcalls-total=20643 fail-total=0 null-skips-total=0
[12:05:57] [info] flip-probe: flip #280 ok=true present=5ms inter_flip_ms=53 drawcalls-since-flip=45 drawcalls-total=21103 fail-total=0 null-skips-total=0
[12:05:58] [info] flip-probe: flip #290 ok=true present=-3ms inter_flip_ms=52 drawcalls-since-flip=42 drawcalls-total=21527 fail-total=0 null-skips-total=0
[12:05:58] [info] flip-probe: flip #300 ok=true present=5ms inter_flip_ms=51 drawcalls-since-flip=42 drawcalls-total=21947 fail-total=0 null-skips-total=0
[12:05:58] [info] alpha audit block 0: 6989 total drawcalls, 0 with alpha<255 (block pct_x10=0; global 0/20480 pct_x10=0); alpha-mod skipped: block=0 global=0
[12:05:58] [info] fastpath audit block 0: taken=6989 (idx8=6989) skipped=0 pct_x10=1000; global taken=20480 (idx8=20480) skipped=0 pct_x10=1000
[12:05:58] [info] primitive tally block 0: clear=201(hr=201) fill=0(hr=0) rect=0(hr=0) line=0(hr=0) tint=0 spotlight=0 (over 100 flips ending at flip 300)
[12:05:58] [info] color/alpha audit block 0: cmod_white=689 cmod_black=689 (idx=689) cmod_general=0 (idx=0) cmod_fb=0; alpha_taken=0 alpha_skipped=0 (global cmod=2195/689/693/0 idx=689/693 alpha=0/0)
[12:05:58] [info] phase timing block 0: drawcalls=8573 dc_total_ms=1050 flip_inner_total_ms=335 inter_flip_total_ms=4940 (per-flip avg x10: dc_ms=105 fi_ms=33 if_ms=494 derived audio+engine_ms=356; per-drawcall avg us_x10=1225) [direct-vesa: presents=100 total_ms=244 avg_ms_x10=24 failed=0] [ablation: NO_DC_TIMING=0 CACHE_WINSURF=0 DIRECT_VESA=1]
[12:05:58] [info] kbd/audio block 0: kbd_irq=0 kbd_drain=0 ring_chunks=16 pump_pass=424 pic1_mask=0xb8 first_irq_ticks=0 install_ticks=0 vector_at_install=0x0084e408 pic1_mask_live=0xb8 kbd_8042_stat=0x34 bios_kbd_head=0x0024 bios_kbd_tail=0x0024 bios_kbd_buf0=0x1265
[12:05:58] [info] [tile-speedup-stat n=100 drawtile_us=8.57 raw_blit_us=529.09 ratio=0.02]
[12:05:58] [info] dirty-rect block @flip=300: total_calls=100 dirty_rects_avg=1 dirty_pct_x10=1000 forced_full=0 first_n_force=0 threshold_exceeded=0 dirty_path_taken=0 full_flush_taken=0
[12:05:58] [info] prev-frame-diff block @flip=300: diff_calls=0 diff_rects_avg=0 diff_dirty_pct_x10=0 bbox_pct_x10=0 bbox_thresh_exceeded=0
[12:05:58] [info] flip-probe: flip #310 ok=true present=-2ms inter_flip_ms=55 drawcalls-since-flip=42 drawcalls-total=22467 fail-total=0 null-skips-total=0
[12:05:59] [info] backdrop cache: thrashing-detect engaged (streak=64, route=direct)
[12:05:59] [info] flip-probe: flip #320 ok=true present=-3ms inter_flip_ms=58 drawcalls-since-flip=42 drawcalls-total=22887 fail-total=0 null-skips-total=0
[12:05:59] [info] flip-probe: flip #330 ok=true present=6ms inter_flip_ms=54 drawcalls-since-flip=42 drawcalls-total=23307 fail-total=0 null-skips-total=0
[12:06:00] [info] flip-probe: flip #340 ok=true present=-2ms inter_flip_ms=58 drawcalls-since-flip=43 drawcalls-total=23736 fail-total=0 null-skips-total=0
[12:06:00] [info] flip-probe: flip #350 ok=true present=-2ms inter_flip_ms=52 drawcalls-since-flip=43 drawcalls-total=24166 fail-total=0 null-skips-total=0
[12:06:01] [info] flip-probe: flip #360 ok=true present=-2ms inter_flip_ms=62 drawcalls-since-flip=44 drawcalls-total=24601 fail-total=0 null-skips-total=0
[12:06:01] [info] flip-probe: flip #370 ok=true present=-2ms inter_flip_ms=-2 drawcalls-since-flip=16 drawcalls-total=24960 fail-total=0 null-skips-total=0
[12:06:01] [info] backdrop cache: thrashing-detect engaged (streak=124, route=direct)
[12:06:01] [info] flip-probe: flip #380 ok=true present=6ms inter_flip_ms=1 drawcalls-since-flip=15 drawcalls-total=25118 fail-total=0 null-skips-total=0
[12:06:02] [info] flip-probe: flip #390 ok=true present=52ms inter_flip_ms=2 drawcalls-since-flip=17 drawcalls-total=25292 fail-total=0 null-skips-total=0
[12:06:02] [info] flip-probe: flip #400 ok=true present=6ms inter_flip_ms=52 drawcalls-since-flip=14 drawcalls-total=25440 fail-total=0 null-skips-total=0
[12:06:02] [info] alpha audit block 0: 2522 total drawcalls, 0 with alpha<255 (block pct_x10=0; global 0/23002 pct_x10=0); alpha-mod skipped: block=0 global=0
[12:06:02] [info] fastpath audit block 0: taken=2522 (idx8=2522) skipped=0 pct_x10=1000; global taken=23002 (idx8=23002) skipped=0 pct_x10=1000
[12:06:02] [info] primitive tally block 0: clear=200(hr=200) fill=0(hr=0) rect=0(hr=0) line=0(hr=0) tint=0 spotlight=0 (over 100 flips ending at flip 400)
[12:06:02] [info] color/alpha audit block 0: cmod_white=871 cmod_black=871 (idx=871) cmod_general=0 (idx=0) cmod_fb=0; alpha_taken=0 alpha_skipped=0 (global cmod=3066/1560/693/0 idx=1560/693 alpha=0/0)
[12:06:02] [info] phase timing block 0: drawcalls=4464 dc_total_ms=894 flip_inner_total_ms=355 inter_flip_total_ms=4230 (per-flip avg x10: dc_ms=89 fi_ms=35 if_ms=423 derived audio+engine_ms=299; per-drawcall avg us_x10=2004) [direct-vesa: presents=100 total_ms=294 avg_ms_x10=29 failed=0] [ablation: NO_DC_TIMING=0 CACHE_WINSURF=0 DIRECT_VESA=1]
[12:06:02] [info] kbd/audio block 0: kbd_irq=0 kbd_drain=0 ring_chunks=16 pump_pass=634 pic1_mask=0xb8 first_irq_ticks=0 install_ticks=0 vector_at_install=0x0084e408 pic1_mask_live=0xb8 kbd_8042_stat=0x34 bios_kbd_head=0x0024 bios_kbd_tail=0x0024 bios_kbd_buf0=0x1265
[12:06:02] [info] dirty-rect block @flip=400: total_calls=0 dirty_rects_avg=1 dirty_pct_x10=1000 forced_full=0 first_n_force=0 threshold_exceeded=0 dirty_path_taken=0 full_flush_taken=0
[12:06:02] [info] prev-frame-diff block @flip=400: diff_calls=0 diff_rects_avg=0 diff_dirty_pct_x10=0 bbox_pct_x10=0 bbox_thresh_exceeded=0
[12:06:03] [info] flip-probe: flip #410 ok=true present=6ms inter_flip_ms=52 drawcalls-since-flip=17 drawcalls-total=25597 fail-total=0 null-skips-total=0
[12:06:03] [info] flip-probe: flip #420 ok=true present=6ms inter_flip_ms=50 drawcalls-since-flip=15 drawcalls-total=25763 fail-total=0 null-skips-total=0
[12:06:03] [info] flip-probe: flip #430 ok=true present=-3ms inter_flip_ms=58 drawcalls-since-flip=14 drawcalls-total=25906 fail-total=0 null-skips-total=0
[12:06:03] [info] backdrop cache: thrashing-detect engaged (streak=184, route=direct)
[12:06:04] [info] flip-probe: flip #440 ok=true present=5ms inter_flip_ms=53 drawcalls-since-flip=14 drawcalls-total=26046 fail-total=0 null-skips-total=0
[12:06:04] [info] flip-probe: flip #450 ok=true present=-3ms inter_flip_ms=114 drawcalls-since-flip=319 drawcalls-total=27841 fail-total=0 null-skips-total=0
[12:06:05] [info]  >> Entering stage 17: 'Yamashita Farm'.
[12:06:05] [info] [skip-sheet-flush] cave=4
[12:06:05] [info] [load-stage] preloading entry music song=13 (cave=4)
[12:06:05] [info] [music-dispatch] tick=752 song=13 (prev 9)
[12:06:05] [info] opl2 backend: on_song_stop
[12:06:05] [info] MidiScheduler::load: parsed 'data/orgmid2/plant.mid' = 3000 events at 48 PPQ
[12:06:05] [info] opl2 backend: on_song_start
[12:06:05] [info] gameloop: entered (curmap=17, running=1)
[12:06:05] [info] gameloop: iter 1 ticks=33788 mapno=-1
[12:06:05] [info] mds-clear-lut: rebuilt N=240 entries (k_skip=33% k_keep=67%; curmap=17 map_size=40x16; rebuild #2 since boot)
[12:06:05] [info] gameloop: iter 2 ticks=34007 mapno=-1
[12:06:05] [info] tas: stall frame 220 ms -> contributing 1 tick (patch 0286)
[12:06:06] [info] gameloop: iter 3 ticks=34116 mapno=-1
[12:06:06] [info] tas: stall frame 274 ms -> contributing 1 tick (patch 0286)
[12:06:06] [info] flip-probe: flip #460 ok=true present=-2ms inter_flip_ms=54 drawcalls-since-flip=413 drawcalls-total=30915 fail-total=0 null-skips-total=0
[12:06:07] [info] flip-probe: flip #470 ok=true present=-3ms inter_flip_ms=61 drawcalls-since-flip=134 drawcalls-total=32832 fail-total=0 null-skips-total=0
[12:06:07] [info] flip-probe: flip #480 ok=true present=-2ms inter_flip_ms=54 drawcalls-since-flip=136 drawcalls-total=34182 fail-total=0 null-skips-total=0
[12:06:08] [info] flip-probe: flip #490 ok=true present=-2ms inter_flip_ms=52 drawcalls-since-flip=141 drawcalls-total=35580 fail-total=0 null-skips-total=0
[12:06:08] [info] backdrop cache: thrashing-detect engaged (streak=4, route=direct)
[12:06:08] [info] flip-probe: flip #500 ok=true present=6ms inter_flip_ms=50 drawcalls-since-flip=129 drawcalls-total=36862 fail-total=0 null-skips-total=0
[12:06:08] [info] alpha audit block 0: 10724 total drawcalls, 0 with alpha<255 (block pct_x10=0; global 0/33726 pct_x10=0); alpha-mod skipped: block=0 global=0
[12:06:08] [info] fastpath audit block 0: taken=10724 (idx8=10724) skipped=0 pct_x10=1000; global taken=33726 (idx8=33726) skipped=0 pct_x10=1000
[12:06:08] [info] primitive tally block 0: clear=202(hr=202) fill=0(hr=0) rect=0(hr=0) line=0(hr=0) tint=0 spotlight=0 (over 100 flips ending at flip 500)
[12:06:08] [info] color/alpha audit block 0: cmod_white=598 cmod_black=598 (idx=598) cmod_general=0 (idx=0) cmod_fb=0; alpha_taken=0 alpha_skipped=0 (global cmod=3664/2158/693/0 idx=2158/693 alpha=0/0)
[12:06:08] [info] phase timing block 0: drawcalls=12158 dc_total_ms=872 flip_inner_total_ms=169 inter_flip_total_ms=6152 (per-flip avg x10: dc_ms=87 fi_ms=16 if_ms=615 derived audio+engine_ms=512; per-drawcall avg us_x10=717) [direct-vesa: presents=100 total_ms=127 avg_ms_x10=12 failed=0] [ablation: NO_DC_TIMING=0 CACHE_WINSURF=0 DIRECT_VESA=1]
[12:06:08] [info] kbd/audio block 0: kbd_irq=0 kbd_drain=0 ring_chunks=16 pump_pass=883 pic1_mask=0xb8 first_irq_ticks=0 install_ticks=0 vector_at_install=0x0084e408 pic1_mask_live=0xb8 kbd_8042_stat=0x34 bios_kbd_head=0x0024 bios_kbd_tail=0x0024 bios_kbd_buf0=0x1265
[12:06:08] [info] dirty-rect block @flip=500: total_calls=0 dirty_rects_avg=1 dirty_pct_x10=1000 forced_full=0 first_n_force=0 threshold_exceeded=0 dirty_path_taken=0 full_flush_taken=0
[12:06:08] [info] prev-frame-diff block @flip=500: diff_calls=0 diff_rects_avg=0 diff_dirty_pct_x10=0 bbox_pct_x10=0 bbox_thresh_exceeded=0
[12:06:09] [info] run_tick_fixed #900: heartbeat (loop alive)
[12:06:09] [info] flip-probe: flip #510 ok=true present=-3ms inter_flip_ms=56 drawcalls-since-flip=137 drawcalls-total=38195 fail-total=0 null-skips-total=0
[12:06:10] [info] flip-probe: flip #520 ok=true present=-3ms inter_flip_ms=57 drawcalls-since-flip=151 drawcalls-total=39634 fail-total=0 null-skips-total=0
[12:06:10] [info] flip-probe: flip #530 ok=true present=-3ms inter_flip_ms=55 drawcalls-since-flip=141 drawcalls-total=41091 fail-total=0 null-skips-total=0
[12:06:11] [info] flip-probe: flip #540 ok=true present=-2ms inter_flip_ms=56 drawcalls-since-flip=136 drawcalls-total=42449 fail-total=0 null-skips-total=0
[12:06:11] [info] backdrop cache: thrashing-detect engaged (streak=4, route=direct)
[12:06:11] [info] flip-probe: flip #550 ok=true present=-3ms inter_flip_ms=52 drawcalls-since-flip=123 drawcalls-total=43743 fail-total=0 null-skips-total=0
[12:06:12] [info] flip-probe: flip #560 ok=true present=-3ms inter_flip_ms=57 drawcalls-since-flip=130 drawcalls-total=45053 fail-total=0 null-skips-total=0
[12:06:13] [info] flip-probe: flip #570 ok=true present=5ms inter_flip_ms=55 drawcalls-since-flip=129 drawcalls-total=46379 fail-total=0 null-skips-total=0
[12:06:13] [info] flip-probe: flip #580 ok=true present=6ms inter_flip_ms=51 drawcalls-since-flip=105 drawcalls-total=47514 fail-total=0 null-skips-total=0
[12:06:14] [info] backdrop cache: thrashing-detect engaged (streak=4, route=direct)
[12:06:14] [info] flip-probe: flip #590 ok=true present=5ms inter_flip_ms=53 drawcalls-since-flip=103 drawcalls-total=48493 fail-total=0 null-skips-total=0
[12:06:14] [info] flip-probe: flip #600 ok=true present=6ms inter_flip_ms=55 drawcalls-since-flip=108 drawcalls-total=49556 fail-total=0 null-skips-total=0
[12:06:14] [info] alpha audit block 0: 11632 total drawcalls, 0 with alpha<255 (block pct_x10=0; global 0/45358 pct_x10=0); alpha-mod skipped: block=0 global=0
[12:06:14] [info] fastpath audit block 0: taken=11632 (idx8=11632) skipped=0 pct_x10=1000; global taken=45358 (idx8=45358) skipped=0 pct_x10=1000
[12:06:14] [info] primitive tally block 0: clear=200(hr=200) fill=0(hr=0) rect=0(hr=0) line=0(hr=0) tint=0 spotlight=0 (over 100 flips ending at flip 600)
[12:06:14] [info] color/alpha audit block 0: cmod_white=962 cmod_black=962 (idx=962) cmod_general=0 (idx=0) cmod_fb=0; alpha_taken=0 alpha_skipped=0 (global cmod=4626/3120/693/0 idx=3120/693 alpha=0/0)
[12:06:14] [info] phase timing block 0: drawcalls=13764 dc_total_ms=722 flip_inner_total_ms=357 inter_flip_total_ms=5821 (per-flip avg x10: dc_ms=72 fi_ms=35 if_ms=582 derived audio+engine_ms=475; per-drawcall avg us_x10=525) [direct-vesa: presents=100 total_ms=263 avg_ms_x10=26 failed=0] [ablation: NO_DC_TIMING=0 CACHE_WINSURF=0 DIRECT_VESA=1]
[12:06:14] [info] kbd/audio block 0: kbd_irq=0 kbd_drain=0 ring_chunks=16 pump_pass=1174 pic1_mask=0xb8 first_irq_ticks=0 install_ticks=0 vector_at_install=0x0084e408 pic1_mask_live=0xb8 kbd_8042_stat=0x34 bios_kbd_head=0x0024 bios_kbd_tail=0x0024 bios_kbd_buf0=0x1265
[12:06:14] [info] dirty-rect block @flip=600: total_calls=0 dirty_rects_avg=1 dirty_pct_x10=1000 forced_full=0 first_n_force=0 threshold_exceeded=0 dirty_path_taken=0 full_flush_taken=0
[12:06:14] [info] prev-frame-diff block @flip=600: diff_calls=0 diff_rects_avg=0 diff_dirty_pct_x10=0 bbox_pct_x10=0 bbox_thresh_exceeded=0
[12:06:15] [info] flip-probe: flip #610 ok=true present=-3ms inter_flip_ms=56 drawcalls-since-flip=111 drawcalls-total=50661 fail-total=0 null-skips-total=0
[12:06:15] [info] flip-probe: flip #620 ok=true present=-3ms inter_flip_ms=56 drawcalls-since-flip=106 drawcalls-total=51760 fail-total=0 null-skips-total=0
[12:06:16] [info] flip-probe: flip #630 ok=true present=-3ms inter_flip_ms=60 drawcalls-since-flip=103 drawcalls-total=52783 fail-total=0 null-skips-total=0
[12:06:16] [info] flip-probe: flip #640 ok=true present=6ms inter_flip_ms=53 drawcalls-since-flip=113 drawcalls-total=53858 fail-total=0 null-skips-total=0
[12:06:17] [info] backdrop cache: thrashing-detect engaged (streak=64, route=direct)
[12:06:17] [info] flip-probe: flip #650 ok=true present=5ms inter_flip_ms=49 drawcalls-since-flip=116 drawcalls-total=55004 fail-total=0 null-skips-total=0
[12:06:17] [info] flip-probe: flip #660 ok=true present=6ms inter_flip_ms=50 drawcalls-since-flip=107 drawcalls-total=56086 fail-total=0 null-skips-total=0
[12:06:18] [info] flip-probe: flip #670 ok=true present=5ms inter_flip_ms=55 drawcalls-since-flip=100 drawcalls-total=57138 fail-total=0 null-skips-total=0
[12:06:19] [info] flip-probe: flip #680 ok=true present=5ms inter_flip_ms=54 drawcalls-since-flip=112 drawcalls-total=58223 fail-total=0 null-skips-total=0
[12:06:19] [info] flip-probe: flip #690 ok=true present=-3ms inter_flip_ms=59 drawcalls-since-flip=115 drawcalls-total=59348 fail-total=0 null-skips-total=0
[12:06:20] [info] flip-probe: flip #700 ok=true present=-3ms inter_flip_ms=53 drawcalls-since-flip=115 drawcalls-total=60483 fail-total=0 null-skips-total=0
[12:06:20] [info] alpha audit block 0: 10827 total drawcalls, 0 with alpha<255 (block pct_x10=0; global 0/56185 pct_x10=0); alpha-mod skipped: block=0 global=0
[12:06:20] [info] fastpath audit block 0: taken=10827 (idx8=10827) skipped=0 pct_x10=1000; global taken=56185 (idx8=56185) skipped=0 pct_x10=1000
[12:06:20] [info] primitive tally block 0: clear=200(hr=200) fill=0(hr=0) rect=0(hr=0) line=0(hr=0) tint=0 spotlight=0 (over 100 flips ending at flip 700)
[12:06:20] [info] phase timing block 0: drawcalls=11054 dc_total_ms=1181 flip_inner_total_ms=162 inter_flip_total_ms=5388 (per-flip avg x10: dc_ms=118 fi_ms=16 if_ms=538 derived audio+engine_ms=404; per-drawcall avg us_x10=1069) [direct-vesa: presents=100 total_ms=121 avg_ms_x10=12 failed=0] [ablation: NO_DC_TIMING=0 CACHE_WINSURF=0 DIRECT_VESA=1]
[12:06:20] [info] kbd/audio block 0: kbd_irq=0 kbd_drain=0 ring_chunks=16 pump_pass=1446 pic1_mask=0xb8 first_irq_ticks=0 install_ticks=0 vector_at_install=0x0084e408 pic1_mask_live=0xb8 kbd_8042_stat=0x34 bios_kbd_head=0x0024 bios_kbd_tail=0x0024 bios_kbd_buf0=0x1265
[12:06:20] [info] dirty-rect block @flip=700: total_calls=0 dirty_rects_avg=1 dirty_pct_x10=1000 forced_full=0 first_n_force=0 threshold_exceeded=0 dirty_path_taken=0 full_flush_taken=0
[12:06:20] [info] prev-frame-diff block @flip=700: diff_calls=0 diff_rects_avg=0 diff_dirty_pct_x10=0 bbox_pct_x10=0 bbox_thresh_exceeded=0
[12:06:20] [info] flip-probe: flip #710 ok=true present=-3ms inter_flip_ms=57 drawcalls-since-flip=122 drawcalls-total=61674 fail-total=0 null-skips-total=0
[12:06:21] [info] flip-probe: flip #720 ok=true present=-2ms inter_flip_ms=56 drawcalls-since-flip=380 drawcalls-total=63586 fail-total=0 null-skips-total=0
[12:06:21] [info]  >> Entering stage 11: 'Mimiga Village'.
[12:06:21] [info] [skip-sheet-flush] cave=5
[12:06:22] [info] [load-stage] preloading entry music song=9 (cave=5)
[12:06:22] [info] [music-dispatch] tick=1523 song=9 (prev 13)
[12:06:22] [info] opl2 backend: on_song_stop
[12:06:22] [info] MidiScheduler::load: parsed 'data/orgmid2/mura.mid' = 2863 events at 48 PPQ
[12:06:22] [info] opl2 backend: on_song_start
[12:06:22] [info] gameloop: entered (curmap=11, running=1)
[12:06:22] [info] gameloop: iter 1 ticks=50424 mapno=-1
[12:06:22] [info] mds-clear-lut: rebuilt N=240 entries (k_skip=0% k_keep=100%; curmap=11 map_size=60x60; rebuild #3 since boot)
[12:06:22] [info] gameloop: iter 2 ticks=50539 mapno=-1
[12:06:22] [info] gameloop: iter 3 ticks=50595 mapno=-1
[12:06:22] [info] flip-probe: flip #730 ok=true present=-3ms inter_flip_ms=107 drawcalls-since-flip=315 drawcalls-total=67028 fail-total=0 null-skips-total=0
[12:06:22] [info] backdrop cache: thrashing-detect engaged (streak=4, route=direct)
[12:06:23] [info] flip-probe: flip #740 ok=true present=-3ms inter_flip_ms=58 drawcalls-since-flip=40 drawcalls-total=68013 fail-total=0 null-skips-total=0
[12:06:23] [info] flip-probe: flip #750 ok=true present=-2ms inter_flip_ms=60 drawcalls-since-flip=40 drawcalls-total=68413 fail-total=0 null-skips-total=0
[12:06:24] [info] flip-probe: flip #760 ok=true present=-3ms inter_flip_ms=58 drawcalls-since-flip=40 drawcalls-total=68813 fail-total=0 null-skips-total=0
[12:06:24] [info] flip-probe: flip #770 ok=true present=6ms inter_flip_ms=-2 drawcalls-since-flip=40 drawcalls-total=69213 fail-total=0 null-skips-total=0
[12:06:24] [info] flip-probe: flip #780 ok=true present=5ms inter_flip_ms=50 drawcalls-since-flip=42 drawcalls-total=69615 fail-total=0 null-skips-total=0
[12:06:25] [info] flip-probe: flip #790 ok=true present=6ms inter_flip_ms=52 drawcalls-since-flip=41 drawcalls-total=70025 fail-total=0 null-skips-total=0
[12:06:25] [info] backdrop cache: thrashing-detect engaged (streak=64, route=direct)
[12:06:25] [info] flip-probe: flip #800 ok=true present=6ms inter_flip_ms=52 drawcalls-since-flip=41 drawcalls-total=70428 fail-total=0 null-skips-total=0
[12:06:25] [info] alpha audit block 0: 8870 total drawcalls, 0 with alpha<255 (block pct_x10=0; global 0/65055 pct_x10=0); alpha-mod skipped: block=0 global=0
[12:06:25] [info] fastpath audit block 0: taken=8870 (idx8=8870) skipped=0 pct_x10=1000; global taken=65055 (idx8=65055) skipped=0 pct_x10=1000
[12:06:25] [info] primitive tally block 0: clear=201(hr=201) fill=0(hr=0) rect=0(hr=0) line=0(hr=0) tint=0 spotlight=0 (over 100 flips ending at flip 800)
[12:06:25] [info] color/alpha audit block 0: cmod_white=975 cmod_black=975 (idx=975) cmod_general=0 (idx=0) cmod_fb=0; alpha_taken=0 alpha_skipped=0 (global cmod=5601/4095/693/0 idx=4095/693 alpha=0/0)
[12:06:25] [info] phase timing block 0: drawcalls=11052 dc_total_ms=1172 flip_inner_total_ms=369 inter_flip_total_ms=5707 (per-flip avg x10: dc_ms=117 fi_ms=36 if_ms=570 derived audio+engine_ms=417; per-drawcall avg us_x10=1061) [direct-vesa: presents=100 total_ms=299 avg_ms_x10=29 failed=0] [ablation: NO_DC_TIMING=0 CACHE_WINSURF=0 DIRECT_VESA=1]
[12:06:25] [info] kbd/audio block 0: kbd_irq=0 kbd_drain=0 ring_chunks=16 pump_pass=1691 pic1_mask=0xb8 first_irq_ticks=0 install_ticks=0 vector_at_install=0x0084e408 pic1_mask_live=0xb8 kbd_8042_stat=0x34 bios_kbd_head=0x0024 bios_kbd_tail=0x0024 bios_kbd_buf0=0x1265
[12:06:25] [info] dirty-rect block @flip=800: total_calls=0 dirty_rects_avg=1 dirty_pct_x10=1000 forced_full=0 first_n_force=0 threshold_exceeded=0 dirty_path_taken=0 full_flush_taken=0
[12:06:25] [info] prev-frame-diff block @flip=800: diff_calls=0 diff_rects_avg=0 diff_dirty_pct_x10=0 bbox_pct_x10=0 bbox_thresh_exceeded=0
[12:06:26] [info] flip-probe: flip #810 ok=true present=6ms inter_flip_ms=49 drawcalls-since-flip=41 drawcalls-total=70838 fail-total=0 null-skips-total=0
[12:06:26] [info] flip-probe: flip #820 ok=true present=-3ms inter_flip_ms=3 drawcalls-since-flip=41 drawcalls-total=71256 fail-total=0 null-skips-total=0
[12:06:27] [info] flip-probe: flip #830 ok=true present=-2ms inter_flip_ms=57 drawcalls-since-flip=41 drawcalls-total=71666 fail-total=0 null-skips-total=0
[12:06:27] [info] flip-probe: flip #840 ok=true present=-3ms inter_flip_ms=-2 drawcalls-since-flip=44 drawcalls-total=72082 fail-total=0 null-skips-total=0
[12:06:27] [info] flip-probe: flip #850 ok=true present=-3ms inter_flip_ms=61 drawcalls-since-flip=18 drawcalls-total=72392 fail-total=0 null-skips-total=0
[12:06:27] [info] run_tick_fixed #1800: heartbeat (loop alive)
[12:06:27] [info] backdrop cache: thrashing-detect engaged (streak=124, route=direct)
[12:06:28] [info] flip-probe: flip #860 ok=true present=-2ms inter_flip_ms=54 drawcalls-since-flip=18 drawcalls-total=72572 fail-total=0 null-skips-total=0
[12:06:28] [info] flip-probe: flip #870 ok=true present=-2ms inter_flip_ms=54 drawcalls-since-flip=18 drawcalls-total=72752 fail-total=0 null-skips-total=0
[12:06:29] [info] flip-probe: flip #880 ok=true present=-3ms inter_flip_ms=57 drawcalls-since-flip=17 drawcalls-total=72928 fail-total=0 null-skips-total=0
[12:06:29] [info] flip-probe: flip #890 ok=true present=-2ms inter_flip_ms=53 drawcalls-since-flip=16 drawcalls-total=73094 fail-total=0 null-skips-total=0
[12:06:29] [info] flip-probe: flip #900 ok=true present=-3ms inter_flip_ms=58 drawcalls-since-flip=16 drawcalls-total=73263 fail-total=0 null-skips-total=0
[12:06:29] [info] alpha audit block 0: 2150 total drawcalls, 0 with alpha<255 (block pct_x10=0; global 0/67205 pct_x10=0); alpha-mod skipped: block=0 global=0
[12:06:29] [info] fastpath audit block 0: taken=2150 (idx8=2150) skipped=0 pct_x10=1000; global taken=67205 (idx8=67205) skipped=0 pct_x10=1000
[12:06:29] [info] primitive tally block 0: clear=200(hr=200) fill=0(hr=0) rect=0(hr=0) line=0(hr=0) tint=0 spotlight=0 (over 100 flips ending at flip 900)
[12:06:29] [info] color/alpha audit block 0: cmod_white=585 cmod_black=585 (idx=585) cmod_general=0 (idx=0) cmod_fb=0; alpha_taken=0 alpha_skipped=0 (global cmod=6186/4680/693/0 idx=4680/693 alpha=0/0)
[12:06:29] [info] phase timing block 0: drawcalls=3520 dc_total_ms=651 flip_inner_total_ms=316 inter_flip_total_ms=4071 (per-flip avg x10: dc_ms=65 fi_ms=31 if_ms=407 derived audio+engine_ms=311; per-drawcall avg us_x10=1852) [direct-vesa: presents=100 total_ms=315 avg_ms_x10=31 failed=0] [ablation: NO_DC_TIMING=0 CACHE_WINSURF=0 DIRECT_VESA=1]
[12:06:29] [info] kbd/audio block 0: kbd_irq=0 kbd_drain=0 ring_chunks=16 pump_pass=1896 pic1_mask=0xb8 first_irq_ticks=0 install_ticks=0 vector_at_install=0x0084e408 pic1_mask_live=0xb8 kbd_8042_stat=0x34 bios_kbd_head=0x0024 bios_kbd_tail=0x0024 bios_kbd_buf0=0x1265
[12:06:29] [info] dirty-rect block @flip=900: total_calls=0 dirty_rects_avg=1 dirty_pct_x10=1000 forced_full=0 first_n_force=0 threshold_exceeded=0 dirty_path_taken=0 full_flush_taken=0
[12:06:29] [info] prev-frame-diff block @flip=900: diff_calls=0 diff_rects_avg=0 diff_dirty_pct_x10=0 bbox_pct_x10=0 bbox_thresh_exceeded=0
[12:06:30] [info] flip-probe: flip #910 ok=true present=-2ms inter_flip_ms=58 drawcalls-since-flip=16 drawcalls-total=73423 fail-total=0 null-skips-total=0
[12:06:30] [info] backdrop cache: thrashing-detect engaged (streak=184, route=direct)
[12:06:30] [info] flip-probe: flip #920 ok=true present=6ms inter_flip_ms=-4 drawcalls-since-flip=16 drawcalls-total=73583 fail-total=0 null-skips-total=0
[12:06:30] [info] flip-probe: flip #930 ok=true present=6ms inter_flip_ms=53 drawcalls-since-flip=16 drawcalls-total=73743 fail-total=0 null-skips-total=0
[12:06:31] [info] flip-probe: flip #940 ok=true present=-2ms inter_flip_ms=54 drawcalls-since-flip=27 drawcalls-total=73936 fail-total=0 null-skips-total=0
[12:06:31] [info] flip-probe: flip #950 ok=true present=5ms inter_flip_ms=54 drawcalls-since-flip=20 drawcalls-total=74166 fail-total=0 null-skips-total=0
[12:06:32] [info] flip-probe: flip #960 ok=true present=-3ms inter_flip_ms=52 drawcalls-since-flip=17 drawcalls-total=74346 fail-total=0 null-skips-total=0
[12:06:32] [info] flip-probe: flip #970 ok=true present=-3ms inter_flip_ms=59 drawcalls-since-flip=20 drawcalls-total=74546 fail-total=0 null-skips-total=0
[12:06:32] [info] backdrop cache: thrashing-detect engaged (streak=244, route=direct)
[12:06:32] [info] flip-probe: flip #980 ok=true present=-2ms inter_flip_ms=61 drawcalls-since-flip=306 drawcalls-total=76235 fail-total=0 null-skips-total=0
[12:06:33] [info]  >> Entering stage 15: 'Reservoir'.
[12:06:33] [info] [skip-sheet-flush] cave=6
[12:06:33] [info] [load-stage] preloading entry music song=9 (cave=6)
[12:06:33] [info] gameloop: entered (curmap=15, running=1)
[12:06:33] [info] gameloop: iter 1 ticks=61907 mapno=-1
[12:06:33] [info] mds-clear-lut: rebuilt N=240 entries (k_skip=13% k_keep=87%; curmap=15 map_size=40x20; rebuild #4 since boot)
[12:06:33] [info] gameloop: iter 2 ticks=62016 mapno=-1
[12:06:33] [info] gameloop: iter 3 ticks=62067 mapno=-1
[12:06:34] [info] flip-probe: flip #990 ok=true present=-3ms inter_flip_ms=63 drawcalls-since-flip=276 drawcalls-total=79100 fail-total=0 null-skips-total=0
[12:06:34] [info] flip-probe: flip #1000 ok=true present=-2ms inter_flip_ms=54 drawcalls-since-flip=31 drawcalls-total=80015 fail-total=0 null-skips-total=0
[12:06:34] [info] alpha audit block 0: 6508 total drawcalls, 0 with alpha<255 (block pct_x10=0; global 0/73713 pct_x10=0); alpha-mod skipped: block=0 global=0
[12:06:34] [info] fastpath audit block 0: taken=6508 (idx8=6508) skipped=0 pct_x10=1000; global taken=73713 (idx8=73713) skipped=0 pct_x10=1000
[12:06:34] [info] primitive tally block 0: clear=201(hr=201) fill=0(hr=0) rect=0(hr=0) line=0(hr=0) tint=0 spotlight=0 (over 100 flips ending at flip 1000)
[12:06:34] [info] color/alpha audit block 0: cmod_white=144 cmod_black=144 (idx=144) cmod_general=0 (idx=0) cmod_fb=0; alpha_taken=0 alpha_skipped=0 (global cmod=6330/4824/693/0 idx=4824/693 alpha=0/0)
[12:06:34] [info] phase timing block 0: drawcalls=7013 dc_total_ms=915 flip_inner_total_ms=394 inter_flip_total_ms=4885 (per-flip avg x10: dc_ms=91 fi_ms=39 if_ms=488 derived audio+engine_ms=358; per-drawcall avg us_x10=1305) [direct-vesa: presents=100 total_ms=203 avg_ms_x10=20 failed=0] [ablation: NO_DC_TIMING=0 CACHE_WINSURF=0 DIRECT_VESA=1]
[12:06:34] [info] kbd/audio block 0: kbd_irq=0 kbd_drain=0 ring_chunks=16 pump_pass=2112 pic1_mask=0xb8 first_irq_ticks=0 install_ticks=0 vector_at_install=0x0084e408 pic1_mask_live=0xb8 kbd_8042_stat=0x34 bios_kbd_head=0x0024 bios_kbd_tail=0x0024 bios_kbd_buf0=0x1265
[12:06:34] [info] dirty-rect block @flip=1000: total_calls=0 dirty_rects_avg=1 dirty_pct_x10=1000 forced_full=0 first_n_force=0 threshold_exceeded=0 dirty_path_taken=0 full_flush_taken=0
[12:06:34] [info] prev-frame-diff block @flip=1000: diff_calls=0 diff_rects_avg=0 diff_dirty_pct_x10=0 bbox_pct_x10=0 bbox_thresh_exceeded=0
[12:06:35] [info] flip-probe: flip #1010 ok=true present=-2ms inter_flip_ms=54 drawcalls-since-flip=31 drawcalls-total=80325 fail-total=0 null-skips-total=0
[12:06:35] [info] flip-probe: flip #1020 ok=true present=6ms inter_flip_ms=-4 drawcalls-since-flip=31 drawcalls-total=80635 fail-total=0 null-skips-total=0
[12:06:35] [info] backdrop cache: thrashing-detect engaged (streak=4, route=direct)
[12:06:35] [info] flip-probe: flip #1030 ok=true present=6ms inter_flip_ms=0 drawcalls-since-flip=33 drawcalls-total=80953 fail-total=0 null-skips-total=0
[12:06:36] [info] flip-probe: flip #1040 ok=true present=-2ms inter_flip_ms=2 drawcalls-since-flip=34 drawcalls-total=81292 fail-total=0 null-skips-total=0
[12:06:36] [info] flip-probe: flip #1050 ok=true present=-2ms inter_flip_ms=0 drawcalls-since-flip=31 drawcalls-total=81609 fail-total=0 null-skips-total=0
[12:06:37] [info] flip-probe: flip #1060 ok=true present=-2ms inter_flip_ms=-1 drawcalls-since-flip=31 drawcalls-total=81919 fail-total=0 null-skips-total=0
[12:06:37] [info] flip-probe: flip #1070 ok=true present=-2ms inter_flip_ms=1 drawcalls-since-flip=33 drawcalls-total=82241 fail-total=0 null-skips-total=0
[12:06:37] [info] tas: stall frame 221 ms -> contributing 1 tick (patch 0286)
[12:06:37] [info] flip-probe: flip #1080 ok=true present=-2ms inter_flip_ms=2 drawcalls-since-flip=35 drawcalls-total=82584 fail-total=0 null-skips-total=0
[12:06:38] [info] backdrop cache: thrashing-detect engaged (streak=64, route=direct)
[12:06:38] [info] flip-probe: flip #1090 ok=true present=-3ms inter_flip_ms=53 drawcalls-since-flip=36 drawcalls-total=82944 fail-total=0 null-skips-total=0
[12:06:38] [info] flip-probe: flip #1100 ok=true present=-3ms inter_flip_ms=55 drawcalls-since-flip=35 drawcalls-total=83294 fail-total=0 null-skips-total=0
[12:06:38] [info] alpha audit block 0: 2279 total drawcalls, 0 with alpha<255 (block pct_x10=0; global 0/75992 pct_x10=0); alpha-mod skipped: block=0 global=0
[12:06:38] [info] fastpath audit block 0: taken=2279 (idx8=2279) skipped=0 pct_x10=1000; global taken=75992 (idx8=75992) skipped=0 pct_x10=1000
[12:06:38] [info] primitive tally block 0: clear=200(hr=200) fill=0(hr=0) rect=0(hr=0) line=0(hr=0) tint=0 spotlight=0 (over 100 flips ending at flip 1100)
[12:06:38] [info] color/alpha audit block 0: cmod_white=900 cmod_black=900 (idx=900) cmod_general=0 (idx=0) cmod_fb=0; alpha_taken=0 alpha_skipped=0 (global cmod=7230/5724/693/0 idx=5724/693 alpha=0/0)
[12:06:38] [info] phase timing block 0: drawcalls=4308 dc_total_ms=1032 flip_inner_total_ms=581 inter_flip_total_ms=4121 (per-flip avg x10: dc_ms=103 fi_ms=58 if_ms=412 derived audio+engine_ms=251; per-drawcall avg us_x10=2396) [direct-vesa: presents=100 total_ms=287 avg_ms_x10=28 failed=0] [ablation: NO_DC_TIMING=0 CACHE_WINSURF=0 DIRECT_VESA=1]
[12:06:38] [info] kbd/audio block 0: kbd_irq=0 kbd_drain=0 ring_chunks=16 pump_pass=2309 pic1_mask=0xb8 first_irq_ticks=0 install_ticks=0 vector_at_install=0x0084e408 pic1_mask_live=0xb8 kbd_8042_stat=0x34 bios_kbd_head=0x0024 bios_kbd_tail=0x0024 bios_kbd_buf0=0x1265
[12:06:38] [info] dirty-rect block @flip=1100: total_calls=0 dirty_rects_avg=1 dirty_pct_x10=1000 forced_full=0 first_n_force=0 threshold_exceeded=0 dirty_path_taken=0 full_flush_taken=0
[12:06:38] [info] prev-frame-diff block @flip=1100: diff_calls=0 diff_rects_avg=0 diff_dirty_pct_x10=0 bbox_pct_x10=0 bbox_thresh_exceeded=0
[12:06:39] [info] flip-probe: flip #1110 ok=true present=-3ms inter_flip_ms=58 drawcalls-since-flip=17 drawcalls-total=83539 fail-total=0 null-skips-total=0
[12:06:39] [info] flip-probe: flip #1120 ok=true present=-3ms inter_flip_ms=1 drawcalls-since-flip=17 drawcalls-total=83709 fail-total=0 null-skips-total=0
[12:06:39] [info] flip-probe: flip #1130 ok=true present=-2ms inter_flip_ms=53 drawcalls-since-flip=17 drawcalls-total=83879 fail-total=0 null-skips-total=0
[12:06:40] [info] flip-probe: flip #1140 ok=true present=5ms inter_flip_ms=56 drawcalls-since-flip=16 drawcalls-total=84035 fail-total=0 null-skips-total=0
[12:06:40] [info] backdrop cache: thrashing-detect engaged (streak=124, route=direct)
[12:06:40] [info] flip-probe: flip #1150 ok=true present=-3ms inter_flip_ms=55 drawcalls-since-flip=15 drawcalls-total=84193 fail-total=0 null-skips-total=0
[12:06:41] [info] flip-probe: flip #1160 ok=true present=-2ms inter_flip_ms=52 drawcalls-since-flip=15 drawcalls-total=84343 fail-total=0 null-skips-total=0
[12:06:41] [info] flip-probe: flip #1170 ok=true present=-3ms inter_flip_ms=1 drawcalls-since-flip=15 drawcalls-total=84498 fail-total=0 null-skips-total=0
[12:06:41] [info] flip-probe: flip #1180 ok=true present=-3ms inter_flip_ms=61 drawcalls-since-flip=14 drawcalls-total=84643 fail-total=0 null-skips-total=0
[12:06:42] [info] flip-probe: flip #1190 ok=true present=52ms inter_flip_ms=0 drawcalls-since-flip=14 drawcalls-total=84792 fail-total=0 null-skips-total=0
[12:06:42] [info] flip-probe: flip #1200 ok=true present=-2ms inter_flip_ms=61 drawcalls-since-flip=14 drawcalls-total=84932 fail-total=0 null-skips-total=0
[12:06:42] [info] alpha audit block 0: 1502 total drawcalls, 0 with alpha<255 (block pct_x10=0; global 0/77494 pct_x10=0); alpha-mod skipped: block=0 global=0
[12:06:42] [info] fastpath audit block 0: taken=1502 (idx8=1502) skipped=0 pct_x10=1000; global taken=77494 (idx8=77494) skipped=0 pct_x10=1000
[12:06:42] [info] primitive tally block 0: clear=200(hr=200) fill=0(hr=0) rect=0(hr=0) line=0(hr=0) tint=0 spotlight=0 (over 100 flips ending at flip 1200)
[12:06:42] [info] color/alpha audit block 0: cmod_white=36 cmod_black=36 (idx=36) cmod_general=0 (idx=0) cmod_fb=0; alpha_taken=0 alpha_skipped=0 (global cmod=7266/5760/693/0 idx=5760/693 alpha=0/0)
[12:06:42] [info] phase timing block 0: drawcalls=1774 dc_total_ms=604 flip_inner_total_ms=704 inter_flip_total_ms=3681 (per-flip avg x10: dc_ms=60 fi_ms=70 if_ms=368 derived audio+engine_ms=238; per-drawcall avg us_x10=3405) [direct-vesa: presents=100 total_ms=379 avg_ms_x10=37 failed=0] [ablation: NO_DC_TIMING=0 CACHE_WINSURF=0 DIRECT_VESA=1]
[12:06:42] [info] kbd/audio block 0: kbd_irq=0 kbd_drain=0 ring_chunks=16 pump_pass=2495 pic1_mask=0xb8 first_irq_ticks=0 install_ticks=0 vector_at_install=0x0084e408 pic1_mask_live=0xb8 kbd_8042_stat=0x34 bios_kbd_head=0x0024 bios_kbd_tail=0x0024 bios_kbd_buf0=0x1265
[12:06:42] [info] dirty-rect block @flip=1200: total_calls=0 dirty_rects_avg=1 dirty_pct_x10=1000 forced_full=0 first_n_force=0 threshold_exceeded=0 dirty_path_taken=0 full_flush_taken=0
[12:06:42] [info] prev-frame-diff block @flip=1200: diff_calls=0 diff_rects_avg=0 diff_dirty_pct_x10=0 bbox_pct_x10=0 bbox_thresh_exceeded=0
[12:06:42] [info] tas: stall frame 324 ms -> contributing 1 tick (patch 0286)
[12:06:43] [info] backdrop cache: thrashing-detect engaged (streak=184, route=direct)
[12:06:43] [info] flip-probe: flip #1210 ok=true present=-2ms inter_flip_ms=50 drawcalls-since-flip=13 drawcalls-total=85071 fail-total=0 null-skips-total=0
[12:06:43] [info] flip-probe: flip #1220 ok=true present=6ms inter_flip_ms=55 drawcalls-since-flip=13 drawcalls-total=85201 fail-total=0 null-skips-total=0
[12:06:43] [info] flip-probe: flip #1230 ok=true present=6ms inter_flip_ms=52 drawcalls-since-flip=13 drawcalls-total=85331 fail-total=0 null-skips-total=0
[12:06:44] [info] flip-probe: flip #1240 ok=true present=-2ms inter_flip_ms=55 drawcalls-since-flip=13 drawcalls-total=85461 fail-total=0 null-skips-total=0
[12:06:44] [info] flip-probe: flip #1250 ok=true present=-3ms inter_flip_ms=59 drawcalls-since-flip=13 drawcalls-total=85591 fail-total=0 null-skips-total=0
[12:06:44] [info] flip-probe: flip #1260 ok=true present=5ms inter_flip_ms=51 drawcalls-since-flip=13 drawcalls-total=85721 fail-total=0 null-skips-total=0
[12:06:45] [info] backdrop cache: thrashing-detect engaged (streak=244, route=direct)
[12:06:45] [info] flip-probe: flip #1270 ok=true present=52ms inter_flip_ms=1 drawcalls-since-flip=13 drawcalls-total=85851 fail-total=0 null-skips-total=0
[12:06:45] [info] flip-probe: flip #1280 ok=true present=-3ms inter_flip_ms=58 drawcalls-since-flip=13 drawcalls-total=85981 fail-total=0 null-skips-total=0
[12:06:45] [info] flip-probe: flip #1290 ok=true present=-3ms inter_flip_ms=57 drawcalls-since-flip=13 drawcalls-total=86111 fail-total=0 null-skips-total=0
[12:06:46] [info] flip-probe: flip #1300 ok=true present=5ms inter_flip_ms=-1 drawcalls-since-flip=13 drawcalls-total=86241 fail-total=0 null-skips-total=0
[12:06:46] [info] alpha audit block 0: 1209 total drawcalls, 0 with alpha<255 (block pct_x10=0; global 0/78703 pct_x10=0); alpha-mod skipped: block=0 global=0
[12:06:46] [info] fastpath audit block 0: taken=1209 (idx8=1209) skipped=0 pct_x10=1000; global taken=78703 (idx8=78703) skipped=0 pct_x10=1000
[12:06:46] [info] primitive tally block 0: clear=200(hr=200) fill=0(hr=0) rect=0(hr=0) line=0(hr=0) tint=0 spotlight=0 (over 100 flips ending at flip 1300)
[12:06:46] [info] phase timing block 0: drawcalls=1409 dc_total_ms=693 flip_inner_total_ms=442 inter_flip_total_ms=3785 (per-flip avg x10: dc_ms=69 fi_ms=44 if_ms=378 derived audio+engine_ms=265; per-drawcall avg us_x10=4922) [direct-vesa: presents=100 total_ms=395 avg_ms_x10=39 failed=0] [ablation: NO_DC_TIMING=0 CACHE_WINSURF=0 DIRECT_VESA=1]
[12:06:46] [info] kbd/audio block 0: kbd_irq=0 kbd_drain=0 ring_chunks=16 pump_pass=2674 pic1_mask=0xb8 first_irq_ticks=0 install_ticks=0 vector_at_install=0x0084e408 pic1_mask_live=0xb8 kbd_8042_stat=0x34 bios_kbd_head=0x0024 bios_kbd_tail=0x0024 bios_kbd_buf0=0x1265
[12:06:46] [info] dirty-rect block @flip=1300: total_calls=0 dirty_rects_avg=1 dirty_pct_x10=1000 forced_full=0 first_n_force=0 threshold_exceeded=0 dirty_path_taken=0 full_flush_taken=0
[12:06:46] [info] prev-frame-diff block @flip=1300: diff_calls=0 diff_rects_avg=0 diff_dirty_pct_x10=0 bbox_pct_x10=0 bbox_thresh_exceeded=0
[12:06:46] [info] flip-probe: flip #1310 ok=true present=5ms inter_flip_ms=-7 drawcalls-since-flip=13 drawcalls-total=86371 fail-total=0 null-skips-total=0
[12:06:47] [info] flip-probe: flip #1320 ok=true present=-3ms inter_flip_ms=53 drawcalls-since-flip=243 drawcalls-total=87276 fail-total=0 null-skips-total=0
[12:06:47] [info]  >> Entering stage 11: 'Mimiga Village'.
[12:06:47] [info] [skip-sheet-flush] cave=7
[12:06:47] [info] [load-stage] preloading entry music song=9 (cave=7)
[12:06:48] [info] gameloop: entered (curmap=11, running=1)
[12:06:48] [info] gameloop: iter 1 ticks=76239 mapno=-1
[12:06:48] [info] mds-clear-lut: rebuilt N=240 entries (k_skip=0% k_keep=100%; curmap=11 map_size=60x60; rebuild #5 since boot)
[12:06:48] [info] gameloop: iter 2 ticks=76298 mapno=-1
[12:06:48] [info] gameloop: iter 3 ticks=76408 mapno=-1
[12:06:48] [info] flip-probe: flip #1330 ok=true present=-2ms inter_flip_ms=113 drawcalls-since-flip=332 drawcalls-total=90138 fail-total=0 null-skips-total=0
[12:06:48] [info] flip-probe: flip #1340 ok=true present=-2ms inter_flip_ms=55 drawcalls-since-flip=42 drawcalls-total=91668 fail-total=0 null-skips-total=0
[12:06:49] [info] flip-probe: flip #1350 ok=true present=-3ms inter_flip_ms=59 drawcalls-since-flip=42 drawcalls-total=92088 fail-total=0 null-skips-total=0
[12:06:49] [info] flip-probe: flip #1360 ok=true present=5ms inter_flip_ms=1 drawcalls-since-flip=42 drawcalls-total=92508 fail-total=0 null-skips-total=0
[12:06:50] [info] flip-probe: flip #1370 ok=true present=6ms inter_flip_ms=50 drawcalls-since-flip=53 drawcalls-total=92972 fail-total=0 null-skips-total=0
[12:06:50] [info] backdrop cache: thrashing-detect engaged (streak=4, route=direct)
[12:06:50] [info] flip-probe: flip #1380 ok=true present=-2ms inter_flip_ms=54 drawcalls-since-flip=48 drawcalls-total=93487 fail-total=0 null-skips-total=0
[12:06:51] [info] flip-probe: flip #1390 ok=true present=5ms inter_flip_ms=55 drawcalls-since-flip=47 drawcalls-total=93973 fail-total=0 null-skips-total=0
[12:06:51] [info] flip-probe: flip #1400 ok=true present=-3ms inter_flip_ms=-2 drawcalls-since-flip=44 drawcalls-total=94435 fail-total=0 null-skips-total=0
[12:06:51] [info] alpha audit block 0: 7145 total drawcalls, 0 with alpha<255 (block pct_x10=0; global 0/85848 pct_x10=0); alpha-mod skipped: block=0 global=0
[12:06:51] [info] fastpath audit block 0: taken=7145 (idx8=7145) skipped=0 pct_x10=1000; global taken=85848 (idx8=85848) skipped=0 pct_x10=1000
[12:06:51] [info] primitive tally block 0: clear=201(hr=201) fill=0(hr=0) rect=0(hr=0) line=0(hr=0) tint=0 spotlight=0 (over 100 flips ending at flip 1400)
[12:06:51] [info] color/alpha audit block 0: cmod_white=949 cmod_black=949 (idx=949) cmod_general=0 (idx=0) cmod_fb=0; alpha_taken=0 alpha_skipped=0 (global cmod=8215/6709/693/0 idx=6709/693 alpha=0/0)
[12:06:51] [info] phase timing block 0: drawcalls=9295 dc_total_ms=1076 flip_inner_total_ms=271 inter_flip_total_ms=5165 (per-flip avg x10: dc_ms=107 fi_ms=27 if_ms=516 derived audio+engine_ms=382; per-drawcall avg us_x10=1158) [direct-vesa: presents=100 total_ms=239 avg_ms_x10=23 failed=0] [ablation: NO_DC_TIMING=0 CACHE_WINSURF=0 DIRECT_VESA=1]
[12:06:51] [info] kbd/audio block 0: kbd_irq=0 kbd_drain=0 ring_chunks=16 pump_pass=2903 pic1_mask=0xb8 first_irq_ticks=0 install_ticks=0 vector_at_install=0x0084e408 pic1_mask_live=0xb8 kbd_8042_stat=0x34 bios_kbd_head=0x0024 bios_kbd_tail=0x0024 bios_kbd_buf0=0x1265
[12:06:51] [info] dirty-rect block @flip=1400: total_calls=0 dirty_rects_avg=1 dirty_pct_x10=1000 forced_full=0 first_n_force=0 threshold_exceeded=0 dirty_path_taken=0 full_flush_taken=0
[12:06:51] [info] prev-frame-diff block @flip=1400: diff_calls=0 diff_rects_avg=0 diff_dirty_pct_x10=0 bbox_pct_x10=0 bbox_thresh_exceeded=0
[12:06:51] [info] flip-probe: flip #1410 ok=true present=-2ms inter_flip_ms=56 drawcalls-since-flip=45 drawcalls-total=94883 fail-total=0 null-skips-total=0
[12:06:52] [info] flip-probe: flip #1420 ok=true present=-3ms inter_flip_ms=52 drawcalls-since-flip=43 drawcalls-total=95317 fail-total=0 null-skips-total=0
[12:06:52] [info] flip-probe: flip #1430 ok=true present=-2ms inter_flip_ms=59 drawcalls-since-flip=44 drawcalls-total=95764 fail-total=0 null-skips-total=0
[12:06:53] [info] backdrop cache: thrashing-detect engaged (streak=64, route=direct)
[12:06:53] [info] flip-probe: flip #1440 ok=true present=-3ms inter_flip_ms=4 drawcalls-since-flip=44 drawcalls-total=96204 fail-total=0 null-skips-total=0
[12:06:53] [info] run_tick_fixed #3000: heartbeat (loop alive)
[12:06:53] [info] flip-probe: flip #1450 ok=true present=-2ms inter_flip_ms=55 drawcalls-since-flip=18 drawcalls-total=96566 fail-total=0 null-skips-total=0
[12:06:54] [info] flip-probe: flip #1460 ok=true present=-3ms inter_flip_ms=55 drawcalls-since-flip=18 drawcalls-total=96746 fail-total=0 null-skips-total=0
[12:06:54] [info] flip-probe: flip #1470 ok=true present=5ms inter_flip_ms=48 drawcalls-since-flip=18 drawcalls-total=96926 fail-total=0 null-skips-total=0
[12:06:54] [info] flip-probe: flip #1480 ok=true present=6ms inter_flip_ms=54 drawcalls-since-flip=17 drawcalls-total=97100 fail-total=0 null-skips-total=0
[12:06:55] [info] flip-probe: flip #1490 ok=true present=-2ms inter_flip_ms=56 drawcalls-since-flip=17 drawcalls-total=97270 fail-total=0 null-skips-total=0
[12:06:55] [info] backdrop cache: thrashing-detect engaged (streak=124, route=direct)
[12:06:55] [info] flip-probe: flip #1500 ok=true present=6ms inter_flip_ms=55 drawcalls-since-flip=16 drawcalls-total=97436 fail-total=0 null-skips-total=0
[12:06:55] [info] alpha audit block 0: 2290 total drawcalls, 0 with alpha<255 (block pct_x10=0; global 0/88138 pct_x10=0); alpha-mod skipped: block=0 global=0
[12:06:55] [info] fastpath audit block 0: taken=2290 (idx8=2290) skipped=0 pct_x10=1000; global taken=88138 (idx8=88138) skipped=0 pct_x10=1000
[12:06:55] [info] primitive tally block 0: clear=200(hr=200) fill=0(hr=0) rect=0(hr=0) line=0(hr=0) tint=0 spotlight=0 (over 100 flips ending at flip 1500)
[12:06:55] [info] color/alpha audit block 0: cmod_white=611 cmod_black=611 (idx=611) cmod_general=0 (idx=0) cmod_fb=0; alpha_taken=0 alpha_skipped=0 (global cmod=8826/7320/693/0 idx=7320/693 alpha=0/0)
[12:06:55] [info] phase timing block 0: drawcalls=3712 dc_total_ms=987 flip_inner_total_ms=583 inter_flip_total_ms=4116 (per-flip avg x10: dc_ms=98 fi_ms=58 if_ms=411 derived audio+engine_ms=255; per-drawcall avg us_x10=2659) [direct-vesa: presents=100 total_ms=417 avg_ms_x10=41 failed=0] [ablation: NO_DC_TIMING=0 CACHE_WINSURF=0 DIRECT_VESA=1]
[12:06:55] [info] kbd/audio block 0: kbd_irq=0 kbd_drain=0 ring_chunks=16 pump_pass=3108 pic1_mask=0xb8 first_irq_ticks=0 install_ticks=0 vector_at_install=0x0084e408 pic1_mask_live=0xb8 kbd_8042_stat=0x34 bios_kbd_head=0x0024 bios_kbd_tail=0x0024 bios_kbd_buf0=0x1265
[12:06:55] [info] dirty-rect block @flip=1500: total_calls=0 dirty_rects_avg=1 dirty_pct_x10=1000 forced_full=0 first_n_force=0 threshold_exceeded=0 dirty_path_taken=0 full_flush_taken=0
[12:06:55] [info] prev-frame-diff block @flip=1500: diff_calls=0 diff_rects_avg=0 diff_dirty_pct_x10=0 bbox_pct_x10=0 bbox_thresh_exceeded=0
[12:06:56] [info] flip-probe: flip #1510 ok=true present=-2ms inter_flip_ms=1 drawcalls-since-flip=16 drawcalls-total=97596 fail-total=0 null-skips-total=0
[12:06:56] [info] flip-probe: flip #1520 ok=true present=6ms inter_flip_ms=48 drawcalls-since-flip=18 drawcalls-total=97767 fail-total=0 null-skips-total=0
[12:06:56] [info] flip-probe: flip #1530 ok=true present=-3ms inter_flip_ms=52 drawcalls-since-flip=18 drawcalls-total=97947 fail-total=0 null-skips-total=0
[12:06:57] [info] flip-probe: flip #1540 ok=true present=-3ms inter_flip_ms=57 drawcalls-since-flip=18 drawcalls-total=98127 fail-total=0 null-skips-total=0
[12:06:57] [info] flip-probe: flip #1550 ok=true present=6ms inter_flip_ms=-3 drawcalls-since-flip=17 drawcalls-total=98304 fail-total=0 null-skips-total=0
[12:06:57] [info] backdrop cache: thrashing-detect engaged (streak=184, route=direct)
[12:06:57] [info] flip-probe: flip #1560 ok=true present=-3ms inter_flip_ms=-3 drawcalls-since-flip=16 drawcalls-total=98473 fail-total=0 null-skips-total=0
[12:06:58] [info] flip-probe: flip #1570 ok=true present=-3ms inter_flip_ms=-1 drawcalls-since-flip=17 drawcalls-total=98635 fail-total=0 null-skips-total=0
[12:06:58] [info] flip-probe: flip #1580 ok=true present=5ms inter_flip_ms=-5 drawcalls-since-flip=17 drawcalls-total=98805 fail-total=0 null-skips-total=0
[12:06:59] [info] flip-probe: flip #1590 ok=true present=-3ms inter_flip_ms=2 drawcalls-since-flip=18 drawcalls-total=98982 fail-total=0 null-skips-total=0
[12:06:59] [info] flip-probe: flip #1600 ok=true present=6ms inter_flip_ms=-2 drawcalls-since-flip=18 drawcalls-total=99162 fail-total=0 null-skips-total=0
[12:06:59] [info] alpha audit block 0: 1626 total drawcalls, 0 with alpha<255 (block pct_x10=0; global 0/89764 pct_x10=0); alpha-mod skipped: block=0 global=0
[12:06:59] [info] fastpath audit block 0: taken=1626 (idx8=1626) skipped=0 pct_x10=1000; global taken=89764 (idx8=89764) skipped=0 pct_x10=1000
[12:06:59] [info] primitive tally block 0: clear=200(hr=200) fill=0(hr=0) rect=0(hr=0) line=0(hr=0) tint=0 spotlight=0 (over 100 flips ending at flip 1600)
[12:06:59] [info] phase timing block 0: drawcalls=1826 dc_total_ms=566 flip_inner_total_ms=314 inter_flip_total_ms=3901 (per-flip avg x10: dc_ms=56 fi_ms=31 if_ms=390 derived audio+engine_ms=303; per-drawcall avg us_x10=3103) [direct-vesa: presents=100 total_ms=12 avg_ms_x10=1 failed=0] [ablation: NO_DC_TIMING=0 CACHE_WINSURF=0 DIRECT_VESA=1]
[12:06:59] [info] kbd/audio block 0: kbd_irq=0 kbd_drain=0 ring_chunks=16 pump_pass=3306 pic1_mask=0xb8 first_irq_ticks=0 install_ticks=0 vector_at_install=0x0084e408 pic1_mask_live=0xb8 kbd_8042_stat=0x34 bios_kbd_head=0x0024 bios_kbd_tail=0x0024 bios_kbd_buf0=0x1265
[12:06:59] [info] dirty-rect block @flip=1600: total_calls=0 dirty_rects_avg=1 dirty_pct_x10=1000 forced_full=0 first_n_force=0 threshold_exceeded=0 dirty_path_taken=0 full_flush_taken=0
[12:06:59] [info] prev-frame-diff block @flip=1600: diff_calls=0 diff_rects_avg=0 diff_dirty_pct_x10=0 bbox_pct_x10=0 bbox_thresh_exceeded=0
[12:06:59] [info] flip-probe: flip #1610 ok=true present=-3ms inter_flip_ms=7 drawcalls-since-flip=18 drawcalls-total=99342 fail-total=0 null-skips-total=0
[12:07:00] [info] backdrop cache: thrashing-detect engaged (streak=244, route=direct)
[12:07:00] [info] flip-probe: flip #1620 ok=true present=-2ms inter_flip_ms=53 drawcalls-since-flip=20 drawcalls-total=99532 fail-total=0 null-skips-total=0
[12:07:00] [info] flip-probe: flip #1630 ok=true present=6ms inter_flip_ms=49 drawcalls-since-flip=20 drawcalls-total=99732 fail-total=0 null-skips-total=0
[12:07:01] [info] flip-probe: flip #1640 ok=true present=5ms inter_flip_ms=55 drawcalls-since-flip=20 drawcalls-total=99932 fail-total=0 null-skips-total=0
[12:07:01] [info] flip-probe: flip #1650 ok=true present=-2ms inter_flip_ms=55 drawcalls-since-flip=16 drawcalls-total=100109 fail-total=0 null-skips-total=0
[12:07:01] [info] flip-probe: flip #1660 ok=true present=-3ms inter_flip_ms=52 drawcalls-since-flip=16 drawcalls-total=100269 fail-total=0 null-skips-total=0
[12:07:02] [info] flip-probe: flip #1670 ok=true present=6ms inter_flip_ms=50 drawcalls-since-flip=16 drawcalls-total=100429 fail-total=0 null-skips-total=0
[12:07:02] [info] backdrop cache: thrashing-detect engaged (streak=304, route=direct)
[12:07:02] [info] flip-probe: flip #1680 ok=true present=6ms inter_flip_ms=-1 drawcalls-since-flip=17 drawcalls-total=100599 fail-total=0 null-skips-total=0
[12:07:03] [info] flip-probe: flip #1690 ok=true present=-2ms inter_flip_ms=-5 drawcalls-since-flip=16 drawcalls-total=100767 fail-total=0 null-skips-total=0
[12:07:03] [info] flip-probe: flip #1700 ok=true present=6ms inter_flip_ms=-6 drawcalls-since-flip=15 drawcalls-total=100925 fail-total=0 null-skips-total=0
[12:07:03] [info] alpha audit block 0: 1663 total drawcalls, 0 with alpha<255 (block pct_x10=0; global 0/91427 pct_x10=0); alpha-mod skipped: block=0 global=0
[12:07:03] [info] fastpath audit block 0: taken=1663 (idx8=1663) skipped=0 pct_x10=1000; global taken=91427 (idx8=91427) skipped=0 pct_x10=1000
[12:07:03] [info] primitive tally block 0: clear=200(hr=200) fill=0(hr=0) rect=0(hr=0) line=0(hr=0) tint=0 spotlight=0 (over 100 flips ending at flip 1700)
[12:07:03] [info] phase timing block 0: drawcalls=1863 dc_total_ms=275 flip_inner_total_ms=518 inter_flip_total_ms=3955 (per-flip avg x10: dc_ms=27 fi_ms=51 if_ms=395 derived audio+engine_ms=317; per-drawcall avg us_x10=1480) [direct-vesa: presents=100 total_ms=349 avg_ms_x10=34 failed=0] [ablation: NO_DC_TIMING=0 CACHE_WINSURF=0 DIRECT_VESA=1]
[12:07:03] [info] kbd/audio block 0: kbd_irq=0 kbd_drain=0 ring_chunks=16 pump_pass=3506 pic1_mask=0xb8 first_irq_ticks=0 install_ticks=0 vector_at_install=0x0084e408 pic1_mask_live=0xb8 kbd_8042_stat=0x34 bios_kbd_head=0x0024 bios_kbd_tail=0x0024 bios_kbd_buf0=0x1265
[12:07:03] [info] dirty-rect block @flip=1700: total_calls=0 dirty_rects_avg=1 dirty_pct_x10=1000 forced_full=0 first_n_force=0 threshold_exceeded=0 dirty_path_taken=0 full_flush_taken=0
[12:07:03] [info] prev-frame-diff block @flip=1700: diff_calls=0 diff_rects_avg=0 diff_dirty_pct_x10=0 bbox_pct_x10=0 bbox_thresh_exceeded=0
[12:07:03] [info] flip-probe: flip #1710 ok=true present=-3ms inter_flip_ms=-2 drawcalls-since-flip=16 drawcalls-total=101079 fail-total=0 null-skips-total=0
[12:07:04] [info] flip-probe: flip #1720 ok=true present=-3ms inter_flip_ms=-1 drawcalls-since-flip=18 drawcalls-total=101249 fail-total=0 null-skips-total=0
[12:07:04] [info] flip-probe: flip #1730 ok=true present=-2ms inter_flip_ms=56 drawcalls-since-flip=21 drawcalls-total=101438 fail-total=0 null-skips-total=0
[12:07:05] [info] backdrop cache: thrashing-detect engaged (streak=364, route=direct)
[12:07:05] [info] flip-probe: flip #1740 ok=true present=-2ms inter_flip_ms=54 drawcalls-since-flip=17 drawcalls-total=101619 fail-total=0 null-skips-total=0
[12:07:05] [info] run_tick_fixed #3600: heartbeat (loop alive)
[12:07:05] [info] flip-probe: flip #1750 ok=true present=6ms inter_flip_ms=103 drawcalls-since-flip=355 drawcalls-total=102757 fail-total=0 null-skips-total=0
[12:07:05] [info]  >> Entering stage 19: 'Assembly Hall'.
[12:07:05] [info] [skip-sheet-flush] cave=8
[12:07:06] [info] [load-stage] preloading entry music song=9 (cave=8)
[12:07:06] [info] gameloop: entered (curmap=19, running=1)
[12:07:06] [info] gameloop: iter 1 ticks=94861 mapno=-1
[12:07:06] [info] mds-clear-lut: rebuilt N=240 entries (k_skip=100% k_keep=0%; curmap=19 map_size=21x16; rebuild #6 since boot)
[12:07:06] [info] gameloop: iter 2 ticks=94972 mapno=-1
[12:07:06] [info] gameloop: iter 3 ticks=95028 mapno=-1
[12:07:07] [info] flip-probe: flip #1760 ok=true present=-3ms inter_flip_ms=59 drawcalls-since-flip=463 drawcalls-total=106059 fail-total=0 null-skips-total=0
[12:07:07] [info] flip-probe: flip #1770 ok=true present=-2ms inter_flip_ms=54 drawcalls-since-flip=121 drawcalls-total=108079 fail-total=0 null-skips-total=0
[12:07:07] [info] flip-probe: flip #1780 ok=true present=-3ms inter_flip_ms=61 drawcalls-since-flip=121 drawcalls-total=109289 fail-total=0 null-skips-total=0
[12:07:08] [info] flip-probe: flip #1790 ok=true present=-3ms inter_flip_ms=-2 drawcalls-since-flip=121 drawcalls-total=110499 fail-total=0 null-skips-total=0
[12:07:08] [info] flip-probe: flip #1800 ok=true present=6ms inter_flip_ms=55 drawcalls-since-flip=124 drawcalls-total=111720 fail-total=0 null-skips-total=0
[12:07:08] [info] alpha audit block 0: 10167 total drawcalls, 0 with alpha<255 (block pct_x10=0; global 0/101594 pct_x10=0); alpha-mod skipped: block=0 global=0
[12:07:08] [info] fastpath audit block 0: taken=10167 (idx8=10167) skipped=0 pct_x10=1000; global taken=101594 (idx8=101594) skipped=0 pct_x10=1000
[12:07:08] [info] primitive tally block 0: clear=202(hr=202) fill=0(hr=0) rect=0(hr=0) line=0(hr=0) tint=0 spotlight=0 (over 100 flips ending at flip 1800)
[12:07:08] [info] color/alpha audit block 0: cmod_white=528 cmod_black=528 (idx=528) cmod_general=0 (idx=0) cmod_fb=0; alpha_taken=0 alpha_skipped=0 (global cmod=9354/7848/693/0 idx=7848/693 alpha=0/0)
[12:07:08] [info] phase timing block 0: drawcalls=11469 dc_total_ms=1250 flip_inner_total_ms=665 inter_flip_total_ms=5382 (per-flip avg x10: dc_ms=125 fi_ms=66 if_ms=538 derived audio+engine_ms=347; per-drawcall avg us_x10=1090) [direct-vesa: presents=100 total_ms=488 avg_ms_x10=48 failed=0] [ablation: NO_DC_TIMING=0 CACHE_WINSURF=0 DIRECT_VESA=1]
[12:07:08] [info] kbd/audio block 0: kbd_irq=0 kbd_drain=0 ring_chunks=16 pump_pass=3730 pic1_mask=0xb8 first_irq_ticks=0 install_ticks=0 vector_at_install=0x0084e408 pic1_mask_live=0xb8 kbd_8042_stat=0x34 bios_kbd_head=0x0024 bios_kbd_tail=0x0024 bios_kbd_buf0=0x1265
[12:07:08] [info] dirty-rect block @flip=1800: total_calls=0 dirty_rects_avg=1 dirty_pct_x10=1000 forced_full=0 first_n_force=0 threshold_exceeded=0 dirty_path_taken=0 full_flush_taken=0
[12:07:08] [info] prev-frame-diff block @flip=1800: diff_calls=0 diff_rects_avg=0 diff_dirty_pct_x10=0 bbox_pct_x10=0 bbox_thresh_exceeded=0
[12:07:09] [info] flip-probe: flip #1810 ok=true present=6ms inter_flip_ms=50 drawcalls-since-flip=121 drawcalls-total=112941 fail-total=0 null-skips-total=0
[12:07:09] [info] flip-probe: flip #1820 ok=true present=-2ms inter_flip_ms=6 drawcalls-since-flip=122 drawcalls-total=114165 fail-total=0 null-skips-total=0
[12:07:10] [info] flip-probe: flip #1830 ok=true present=-3ms inter_flip_ms=53 drawcalls-since-flip=121 drawcalls-total=115377 fail-total=0 null-skips-total=0
[12:07:10] [info] flip-probe: flip #1840 ok=true present=-2ms inter_flip_ms=52 drawcalls-since-flip=121 drawcalls-total=116587 fail-total=0 null-skips-total=0
[12:07:10] [info] flip-probe: flip #1850 ok=true present=-3ms inter_flip_ms=-3 drawcalls-since-flip=121 drawcalls-total=117797 fail-total=0 null-skips-total=0
[12:07:11] [info] flip-probe: flip #1860 ok=true present=6ms inter_flip_ms=50 drawcalls-since-flip=121 drawcalls-total=119007 fail-total=0 null-skips-total=0
[12:07:11] [info] flip-probe: flip #1870 ok=true present=-3ms inter_flip_ms=53 drawcalls-since-flip=462 drawcalls-total=122134 fail-total=0 null-skips-total=0
[12:07:11] [info]  >> Entering stage 11: 'Mimiga Village'.
[12:07:11] [info] [skip-sheet-flush] cave=9
[12:07:12] [info] [load-stage] preloading entry music song=9 (cave=9)
[12:07:12] [info] gameloop: entered (curmap=11, running=1)
[12:07:12] [info] gameloop: iter 1 ticks=100904 mapno=-1
[12:07:12] [info] mds-clear-lut: rebuilt N=240 entries (k_skip=0% k_keep=100%; curmap=11 map_size=60x60; rebuild #7 since boot)
[12:07:12] [info] gameloop: iter 2 ticks=101016 mapno=-1
[12:07:12] [info] gameloop: iter 3 ticks=101072 mapno=-1
[12:07:13] [info] backdrop cache: thrashing-detect engaged (streak=4, route=direct)
[12:07:13] [info] flip-probe: flip #1880 ok=true present=52ms inter_flip_ms=275 drawcalls-since-flip=116 drawcalls-total=125100 fail-total=0 null-skips-total=0
[12:07:13] [info] tas: stall frame 280 ms -> contributing 1 tick (patch 0286)
[12:07:14] [info] flip-probe: flip #1890 ok=true present=5ms inter_flip_ms=56 drawcalls-since-flip=44 drawcalls-total=125562 fail-total=0 null-skips-total=0
[12:07:14] [info] flip-probe: flip #1900 ok=true present=-3ms inter_flip_ms=56 drawcalls-since-flip=45 drawcalls-total=126012 fail-total=0 null-skips-total=0
[12:07:14] [info] alpha audit block 0: 12965 total drawcalls, 0 with alpha<255 (block pct_x10=0; global 0/114559 pct_x10=0); alpha-mod skipped: block=0 global=0
[12:07:14] [info] fastpath audit block 0: taken=12965 (idx8=12965) skipped=0 pct_x10=1000; global taken=114559 (idx8=114559) skipped=0 pct_x10=1000
[12:07:14] [info] primitive tally block 0: clear=202(hr=202) fill=0(hr=0) rect=0(hr=0) line=0(hr=0) tint=0 spotlight=0 (over 100 flips ending at flip 1900)
[12:07:14] [info] color/alpha audit block 0: cmod_white=1227 cmod_black=1227 (idx=1227) cmod_general=0 (idx=0) cmod_fb=0; alpha_taken=0 alpha_skipped=0 (global cmod=10581/9075/693/0 idx=9075/693 alpha=0/0)
[12:07:14] [info] phase timing block 0: drawcalls=15700 dc_total_ms=1457 flip_inner_total_ms=521 inter_flip_total_ms=5716 (per-flip avg x10: dc_ms=145 fi_ms=52 if_ms=571 derived audio+engine_ms=374; per-drawcall avg us_x10=928) [direct-vesa: presents=100 total_ms=297 avg_ms_x10=29 failed=0] [ablation: NO_DC_TIMING=0 CACHE_WINSURF=0 DIRECT_VESA=1]
[12:07:14] [info] kbd/audio block 0: kbd_irq=0 kbd_drain=0 ring_chunks=16 pump_pass=3962 pic1_mask=0xb8 first_irq_ticks=0 install_ticks=0 vector_at_install=0x0084e408 pic1_mask_live=0xb8 kbd_8042_stat=0x34 bios_kbd_head=0x0024 bios_kbd_tail=0x0024 bios_kbd_buf0=0x1265
[12:07:14] [info] dirty-rect block @flip=1900: total_calls=0 dirty_rects_avg=1 dirty_pct_x10=1000 forced_full=0 first_n_force=0 threshold_exceeded=0 dirty_path_taken=0 full_flush_taken=0
[12:07:14] [info] prev-frame-diff block @flip=1900: diff_calls=0 diff_rects_avg=0 diff_dirty_pct_x10=0 bbox_pct_x10=0 bbox_thresh_exceeded=0
[12:07:15] [info] flip-probe: flip #1910 ok=true present=6ms inter_flip_ms=52 drawcalls-since-flip=42 drawcalls-total=126427 fail-total=0 null-skips-total=0
[12:07:15] [info] flip-probe: flip #1920 ok=true present=-3ms inter_flip_ms=56 drawcalls-since-flip=43 drawcalls-total=126851 fail-total=0 null-skips-total=0
[12:07:15] [info] flip-probe: flip #1930 ok=true present=-3ms inter_flip_ms=59 drawcalls-since-flip=43 drawcalls-total=127285 fail-total=0 null-skips-total=0
[12:07:16] [info] backdrop cache: thrashing-detect engaged (streak=64, route=direct)
[12:07:16] [info] flip-probe: flip #1940 ok=true present=6ms inter_flip_ms=51 drawcalls-since-flip=42 drawcalls-total=127705 fail-total=0 null-skips-total=0
[12:07:16] [info] flip-probe: flip #1950 ok=true present=6ms inter_flip_ms=53 drawcalls-since-flip=44 drawcalls-total=128149 fail-total=0 null-skips-total=0
[12:07:17] [info] flip-probe: flip #1960 ok=true present=-2ms inter_flip_ms=56 drawcalls-since-flip=44 drawcalls-total=128588 fail-total=0 null-skips-total=0
[12:07:17] [info] flip-probe: flip #1970 ok=true present=-2ms inter_flip_ms=55 drawcalls-since-flip=43 drawcalls-total=129018 fail-total=0 null-skips-total=0
[12:07:18] [info] flip-probe: flip #1980 ok=true present=-2ms inter_flip_ms=54 drawcalls-since-flip=42 drawcalls-total=129447 fail-total=0 null-skips-total=0
[12:07:18] [info] flip-probe: flip #1990 ok=true present=-2ms inter_flip_ms=55 drawcalls-since-flip=42 drawcalls-total=129867 fail-total=0 null-skips-total=0
[12:07:18] [info] backdrop cache: thrashing-detect engaged (streak=124, route=direct)
[12:07:18] [info] flip-probe: flip #2000 ok=true present=-3ms inter_flip_ms=56 drawcalls-since-flip=16 drawcalls-total=130105 fail-total=0 null-skips-total=0
[12:07:18] [info] alpha audit block 0: 2784 total drawcalls, 0 with alpha<255 (block pct_x10=0; global 0/117343 pct_x10=0); alpha-mod skipped: block=0 global=0
[12:07:18] [info] fastpath audit block 0: taken=2784 (idx8=2784) skipped=0 pct_x10=1000; global taken=117343 (idx8=117343) skipped=0 pct_x10=1000
[12:07:18] [info] primitive tally block 0: clear=200(hr=200) fill=0(hr=0) rect=0(hr=0) line=0(hr=0) tint=0 spotlight=0 (over 100 flips ending at flip 2000)
[12:07:18] [info] color/alpha audit block 0: cmod_white=1209 cmod_black=1209 (idx=1209) cmod_general=0 (idx=0) cmod_fb=0; alpha_taken=0 alpha_skipped=0 (global cmod=11790/10284/693/0 idx=10284/693 alpha=0/0)
[12:07:18] [info] phase timing block 0: drawcalls=5402 dc_total_ms=950 flip_inner_total_ms=224 inter_flip_total_ms=4447 (per-flip avg x10: dc_ms=95 fi_ms=22 if_ms=444 derived audio+engine_ms=327; per-drawcall avg us_x10=1760) [direct-vesa: presents=100 total_ms=226 avg_ms_x10=22 failed=0] [ablation: NO_DC_TIMING=0 CACHE_WINSURF=0 DIRECT_VESA=1]
[12:07:18] [info] kbd/audio block 0: kbd_irq=0 kbd_drain=0 ring_chunks=16 pump_pass=4185 pic1_mask=0xb8 first_irq_ticks=0 install_ticks=0 vector_at_install=0x0084e408 pic1_mask_live=0xb8 kbd_8042_stat=0x34 bios_kbd_head=0x0024 bios_kbd_tail=0x0024 bios_kbd_buf0=0x1265
[12:07:19] [info] dirty-rect block @flip=2000: total_calls=0 dirty_rects_avg=1 dirty_pct_x10=1000 forced_full=0 first_n_force=0 threshold_exceeded=0 dirty_path_taken=0 full_flush_taken=0
[12:07:19] [info] prev-frame-diff block @flip=2000: diff_calls=0 diff_rects_avg=0 diff_dirty_pct_x10=0 bbox_pct_x10=0 bbox_thresh_exceeded=0
[12:07:19] [info] flip-probe: flip #2010 ok=true present=5ms inter_flip_ms=49 drawcalls-since-flip=17 drawcalls-total=130275 fail-total=0 null-skips-total=0
[12:07:19] [info] flip-probe: flip #2020 ok=true present=6ms inter_flip_ms=2 drawcalls-since-flip=19 drawcalls-total=130449 fail-total=0 null-skips-total=0
[12:07:20] [info] flip-probe: flip #2030 ok=true present=-2ms inter_flip_ms=57 drawcalls-since-flip=17 drawcalls-total=130630 fail-total=0 null-skips-total=0
[12:07:20] [info] flip-probe: flip #2040 ok=true present=6ms inter_flip_ms=49 drawcalls-since-flip=14 drawcalls-total=130783 fail-total=0 null-skips-total=0
[12:07:20] [info] flip-probe: flip #2050 ok=true present=-2ms inter_flip_ms=53 drawcalls-since-flip=14 drawcalls-total=130923 fail-total=0 null-skips-total=0
[12:07:21] [info] backdrop cache: thrashing-detect engaged (streak=184, route=direct)
[12:07:21] [info] flip-probe: flip #2060 ok=true present=-3ms inter_flip_ms=114 drawcalls-since-flip=356 drawcalls-total=132875 fail-total=0 null-skips-total=0
[12:07:21] [info]  >> Entering stage 14: 'Shack'.
[12:07:21] [info] [skip-sheet-flush] cave=10
[12:07:22] [info] [load-stage] preloading entry music song=8 (cave=10)
[12:07:22] [info] [music-dispatch] tick=4329 song=8 (prev 9)
[12:07:22] [info] opl2 backend: on_song_stop
[12:07:22] [info] MidiScheduler::load: parsed 'data/orgmid2/vivi.mid' = 4558 events at 48 PPQ
[12:07:22] [info] opl2 backend: on_song_start
[12:07:22] [info] gameloop: entered (curmap=14, running=1)
[12:07:22] [info] gameloop: iter 1 ticks=110731 mapno=-1
[12:07:22] [info] gameloop: iter 2 ticks=110792 mapno=-1
[12:07:22] [info] gameloop: iter 3 ticks=110847 mapno=-1
[12:07:23] [info] flip-probe: flip #2070 ok=true present=-2ms inter_flip_ms=59 drawcalls-since-flip=305 drawcalls-total=136074 fail-total=0 null-skips-total=0
[12:07:23] [info] flip-probe: flip #2080 ok=true present=6ms inter_flip_ms=54 drawcalls-since-flip=23 drawcalls-total=136576 fail-total=0 null-skips-total=0
[12:07:23] [info] flip-probe: flip #2090 ok=true present=6ms inter_flip_ms=-4 drawcalls-since-flip=23 drawcalls-total=136806 fail-total=0 null-skips-total=0
[12:07:24] [info] flip-probe: flip #2100 ok=true present=6ms inter_flip_ms=-1 drawcalls-since-flip=23 drawcalls-total=137036 fail-total=0 null-skips-total=0
[12:07:24] [info] alpha audit block 0: 6683 total drawcalls, 0 with alpha<255 (block pct_x10=0; global 0/124026 pct_x10=0); alpha-mod skipped: block=0 global=0
[12:07:24] [info] fastpath audit block 0: taken=6683 (idx8=6683) skipped=0 pct_x10=1000; global taken=124026 (idx8=124026) skipped=0 pct_x10=1000
[12:07:24] [info] primitive tally block 0: clear=201(hr=201) fill=0(hr=0) rect=0(hr=0) line=0(hr=0) tint=0 spotlight=0 (over 100 flips ending at flip 2100)
[12:07:24] [info] color/alpha audit block 0: cmod_white=185 cmod_black=185 (idx=185) cmod_general=0 (idx=0) cmod_fb=0; alpha_taken=0 alpha_skipped=0 (global cmod=11975/10469/693/0 idx=10469/693 alpha=0/0)
[12:07:24] [info] phase timing block 0: drawcalls=7254 dc_total_ms=836 flip_inner_total_ms=508 inter_flip_total_ms=5107 (per-flip avg x10: dc_ms=83 fi_ms=50 if_ms=510 derived audio+engine_ms=377; per-drawcall avg us_x10=1153) [direct-vesa: presents=100 total_ms=308 avg_ms_x10=30 failed=0] [ablation: NO_DC_TIMING=0 CACHE_WINSURF=0 DIRECT_VESA=1]
[12:07:24] [info] kbd/audio block 0: kbd_irq=0 kbd_drain=0 ring_chunks=16 pump_pass=4401 pic1_mask=0xb8 first_irq_ticks=0 install_ticks=0 vector_at_install=0x0084e408 pic1_mask_live=0xb8 kbd_8042_stat=0x34 bios_kbd_head=0x0024 bios_kbd_tail=0x0024 bios_kbd_buf0=0x1265
[12:07:24] [info] dirty-rect block @flip=2100: total_calls=0 dirty_rects_avg=1 dirty_pct_x10=1000 forced_full=0 first_n_force=0 threshold_exceeded=0 dirty_path_taken=0 full_flush_taken=0
[12:07:24] [info] prev-frame-diff block @flip=2100: diff_calls=0 diff_rects_avg=0 diff_dirty_pct_x10=0 bbox_pct_x10=0 bbox_thresh_exceeded=0
[12:07:24] [info] flip-probe: flip #2110 ok=true present=-2ms inter_flip_ms=3 drawcalls-since-flip=25 drawcalls-total=137278 fail-total=0 null-skips-total=0
[12:07:24] [info] flip-probe: flip #2120 ok=true present=5ms inter_flip_ms=-1 drawcalls-since-flip=26 drawcalls-total=137539 fail-total=0 null-skips-total=0
[12:07:25] [info] flip-probe: flip #2130 ok=true present=-3ms inter_flip_ms=57 drawcalls-since-flip=23 drawcalls-total=137777 fail-total=0 null-skips-total=0
[12:07:25] [info] flip-probe: flip #2140 ok=true present=6ms inter_flip_ms=53 drawcalls-since-flip=23 drawcalls-total=138007 fail-total=0 null-skips-total=0
[12:07:25] [info] flip-probe: flip #2150 ok=true present=6ms inter_flip_ms=48 drawcalls-since-flip=23 drawcalls-total=138237 fail-total=0 null-skips-total=0
[12:07:26] [info] flip-probe: flip #2160 ok=true present=6ms inter_flip_ms=-2 drawcalls-since-flip=23 drawcalls-total=138467 fail-total=0 null-skips-total=0
[12:07:26] [info] flip-probe: flip #2170 ok=true present=-3ms inter_flip_ms=-4 drawcalls-since-flip=23 drawcalls-total=138697 fail-total=0 null-skips-total=0
[12:07:26] [info] flip-probe: flip #2180 ok=true present=6ms inter_flip_ms=53 drawcalls-since-flip=23 drawcalls-total=138927 fail-total=0 null-skips-total=0
[12:07:27] [info] flip-probe: flip #2190 ok=true present=6ms inter_flip_ms=52 drawcalls-since-flip=13 drawcalls-total=139087 fail-total=0 null-skips-total=0
[12:07:27] [info] flip-probe: flip #2200 ok=true present=6ms inter_flip_ms=-1 drawcalls-since-flip=13 drawcalls-total=139217 fail-total=0 null-skips-total=0
[12:07:27] [info] alpha audit block 0: 1766 total drawcalls, 0 with alpha<255 (block pct_x10=0; global 0/125792 pct_x10=0); alpha-mod skipped: block=0 global=0
[12:07:27] [info] fastpath audit block 0: taken=1766 (idx8=1766) skipped=0 pct_x10=1000; global taken=125792 (idx8=125792) skipped=0 pct_x10=1000
[12:07:27] [info] primitive tally block 0: clear=200(hr=200) fill=0(hr=0) rect=0(hr=0) line=0(hr=0) tint=0 spotlight=0 (over 100 flips ending at flip 2200)
[12:07:27] [info] color/alpha audit block 0: cmod_white=415 cmod_black=415 (idx=415) cmod_general=0 (idx=0) cmod_fb=0; alpha_taken=0 alpha_skipped=0 (global cmod=12390/10884/693/0 idx=10884/693 alpha=0/0)
[12:07:27] [info] phase timing block 0: drawcalls=2796 dc_total_ms=815 flip_inner_total_ms=375 inter_flip_total_ms=3239 (per-flip avg x10: dc_ms=81 fi_ms=37 if_ms=323 derived audio+engine_ms=205; per-drawcall avg us_x10=2917) [direct-vesa: presents=100 total_ms=264 avg_ms_x10=26 failed=0] [ablation: NO_DC_TIMING=0 CACHE_WINSURF=0 DIRECT_VESA=1]
[12:07:27] [info] kbd/audio block 0: kbd_irq=0 kbd_drain=0 ring_chunks=16 pump_pass=4566 pic1_mask=0xb8 first_irq_ticks=0 install_ticks=0 vector_at_install=0x0084e408 pic1_mask_live=0xb8 kbd_8042_stat=0x34 bios_kbd_head=0x0024 bios_kbd_tail=0x0024 bios_kbd_buf0=0x1265
[12:07:27] [info] dirty-rect block @flip=2200: total_calls=0 dirty_rects_avg=1 dirty_pct_x10=1000 forced_full=0 first_n_force=0 threshold_exceeded=0 dirty_path_taken=0 full_flush_taken=0
[12:07:27] [info] prev-frame-diff block @flip=2200: diff_calls=0 diff_rects_avg=0 diff_dirty_pct_x10=0 bbox_pct_x10=0 bbox_thresh_exceeded=0
[12:07:27] [info] flip-probe: flip #2210 ok=true present=5ms inter_flip_ms=52 drawcalls-since-flip=243 drawcalls-total=139891 fail-total=0 null-skips-total=0
[12:07:28] [info]  >> Entering stage 11: 'Mimiga Village'.
[12:07:28] [info] [skip-sheet-flush] cave=11
[12:07:28] [info] [load-stage] preloading entry music song=9 (cave=11)
[12:07:28] [info] [music-dispatch] tick=4610 song=9 (prev 8)
[12:07:28] [info] opl2 backend: on_song_stop
[12:07:28] [info] MidiScheduler::load: parsed 'data/orgmid2/mura.mid' = 2863 events at 48 PPQ
[12:07:28] [info] opl2 backend: on_song_start
[12:07:28] [info] gameloop: entered (curmap=11, running=1)
[12:07:28] [info] gameloop: iter 1 ticks=117049 mapno=-1
[12:07:29] [info] gameloop: iter 2 ticks=117109 mapno=-1
[12:07:29] [info] flip-probe: flip #2220 ok=true present=-3ms inter_flip_ms=109 drawcalls-since-flip=382 drawcalls-total=143099 fail-total=0 null-skips-total=0
[12:07:29] [info] gameloop: iter 3 ticks=117213 mapno=-1
[12:07:29] [info] backdrop cache: thrashing-detect engaged (streak=4, route=direct)
[12:07:29] [info] flip-probe: flip #2230 ok=true present=-2ms inter_flip_ms=60 drawcalls-since-flip=40 drawcalls-total=144681 fail-total=0 null-skips-total=0
[12:07:30] [info] flip-probe: flip #2240 ok=true present=-3ms inter_flip_ms=2 drawcalls-since-flip=41 drawcalls-total=145086 fail-total=0 null-skips-total=0
[12:07:30] [info] flip-probe: flip #2250 ok=true present=-3ms inter_flip_ms=51 drawcalls-since-flip=43 drawcalls-total=145512 fail-total=0 null-skips-total=0
[12:07:30] [info] flip-probe: flip #2260 ok=true present=5ms inter_flip_ms=57 drawcalls-since-flip=45 drawcalls-total=145950 fail-total=0 null-skips-total=0
[12:07:31] [info] flip-probe: flip #2270 ok=true present=-3ms inter_flip_ms=4 drawcalls-since-flip=44 drawcalls-total=146409 fail-total=0 null-skips-total=0
[12:07:31] [info] flip-probe: flip #2280 ok=true present=-1ms inter_flip_ms=55 drawcalls-since-flip=42 drawcalls-total=146831 fail-total=0 null-skips-total=0
[12:07:32] [info] backdrop cache: thrashing-detect engaged (streak=64, route=direct)
[12:07:32] [info] flip-probe: flip #2290 ok=true present=-2ms inter_flip_ms=59 drawcalls-since-flip=42 drawcalls-total=147251 fail-total=0 null-skips-total=0
[12:07:32] [info] flip-probe: flip #2300 ok=true present=-2ms inter_flip_ms=60 drawcalls-since-flip=44 drawcalls-total=147701 fail-total=0 null-skips-total=0
[12:07:32] [info] alpha audit block 0: 7336 total drawcalls, 0 with alpha<255 (block pct_x10=0; global 0/133128 pct_x10=0); alpha-mod skipped: block=0 global=0
[12:07:32] [info] fastpath audit block 0: taken=7336 (idx8=7336) skipped=0 pct_x10=1000; global taken=133128 (idx8=133128) skipped=0 pct_x10=1000
[12:07:32] [info] primitive tally block 0: clear=201(hr=201) fill=0(hr=0) rect=0(hr=0) line=0(hr=0) tint=0 spotlight=0 (over 100 flips ending at flip 2300)
[12:07:32] [info] color/alpha audit block 0: cmod_white=1066 cmod_black=1066 (idx=1066) cmod_general=0 (idx=0) cmod_fb=0; alpha_taken=0 alpha_skipped=0 (global cmod=13456/11950/693/0 idx=11950/693 alpha=0/0)
[12:07:32] [info] phase timing block 0: drawcalls=9677 dc_total_ms=1201 flip_inner_total_ms=454 inter_flip_total_ms=5444 (per-flip avg x10: dc_ms=120 fi_ms=45 if_ms=544 derived audio+engine_ms=379; per-drawcall avg us_x10=1241) [direct-vesa: presents=100 total_ms=274 avg_ms_x10=27 failed=0] [ablation: NO_DC_TIMING=0 CACHE_WINSURF=0 DIRECT_VESA=1]
[12:07:32] [info] kbd/audio block 0: kbd_irq=0 kbd_drain=0 ring_chunks=16 pump_pass=4801 pic1_mask=0xb8 first_irq_ticks=0 install_ticks=0 vector_at_install=0x0084e408 pic1_mask_live=0xb8 kbd_8042_stat=0x34 bios_kbd_head=0x0024 bios_kbd_tail=0x0024 bios_kbd_buf0=0x1265
[12:07:32] [info] dirty-rect block @flip=2300: total_calls=0 dirty_rects_avg=1 dirty_pct_x10=1000 forced_full=0 first_n_force=0 threshold_exceeded=0 dirty_path_taken=0 full_flush_taken=0
[12:07:32] [info] prev-frame-diff block @flip=2300: diff_calls=0 diff_rects_avg=0 diff_dirty_pct_x10=0 bbox_pct_x10=0 bbox_thresh_exceeded=0
[12:07:32] [info] backdrop cache: thrashing-detect engaged (streak=4, route=direct)
[12:07:33] [info] flip-probe: flip #2310 ok=true present=-3ms inter_flip_ms=-2 drawcalls-since-flip=44 drawcalls-total=148141 fail-total=0 null-skips-total=0
[12:07:33] [info] flip-probe: flip #2320 ok=true present=-3ms inter_flip_ms=52 drawcalls-since-flip=44 drawcalls-total=148581 fail-total=0 null-skips-total=0
[12:07:34] [info] flip-probe: flip #2330 ok=true present=-2ms inter_flip_ms=56 drawcalls-since-flip=46 drawcalls-total=149034 fail-total=0 null-skips-total=0
[12:07:34] [info] flip-probe: flip #2340 ok=true present=-2ms inter_flip_ms=58 drawcalls-since-flip=18 drawcalls-total=149429 fail-total=0 null-skips-total=0
[12:07:34] [info] flip-probe: flip #2350 ok=true present=-2ms inter_flip_ms=61 drawcalls-since-flip=17 drawcalls-total=149600 fail-total=0 null-skips-total=0
[12:07:35] [info] flip-probe: flip #2360 ok=true present=-2ms inter_flip_ms=51 drawcalls-since-flip=18 drawcalls-total=149773 fail-total=0 null-skips-total=0
[12:07:35] [info] backdrop cache: thrashing-detect engaged (streak=4, route=direct)
[12:07:35] [info] flip-probe: flip #2370 ok=true present=-2ms inter_flip_ms=57 drawcalls-since-flip=19 drawcalls-total=149957 fail-total=0 null-skips-total=0
[12:07:36] [info] flip-probe: flip #2380 ok=true present=-3ms inter_flip_ms=55 drawcalls-since-flip=20 drawcalls-total=150153 fail-total=0 null-skips-total=0
[12:07:36] [info] flip-probe: flip #2390 ok=true present=6ms inter_flip_ms=-1 drawcalls-since-flip=19 drawcalls-total=150345 fail-total=0 null-skips-total=0
[12:07:36] [info] flip-probe: flip #2400 ok=true present=6ms inter_flip_ms=57 drawcalls-since-flip=18 drawcalls-total=150525 fail-total=0 null-skips-total=0
[12:07:36] [info] alpha audit block 0: 2230 total drawcalls, 0 with alpha<255 (block pct_x10=0; global 0/135358 pct_x10=0); alpha-mod skipped: block=0 global=0
[12:07:36] [info] fastpath audit block 0: taken=2230 (idx8=2230) skipped=0 pct_x10=1000; global taken=135358 (idx8=135358) skipped=0 pct_x10=1000
[12:07:36] [info] primitive tally block 0: clear=200(hr=200) fill=0(hr=0) rect=0(hr=0) line=0(hr=0) tint=0 spotlight=0 (over 100 flips ending at flip 2400)
[12:07:36] [info] color/alpha audit block 0: cmod_white=494 cmod_black=494 (idx=494) cmod_general=0 (idx=0) cmod_fb=0; alpha_taken=0 alpha_skipped=0 (global cmod=13950/12444/693/0 idx=12444/693 alpha=0/0)
[12:07:36] [info] phase timing block 0: drawcalls=3424 dc_total_ms=559 flip_inner_total_ms=737 inter_flip_total_ms=4225 (per-flip avg x10: dc_ms=55 fi_ms=73 if_ms=422 derived audio+engine_ms=294; per-drawcall avg us_x10=1634) [direct-vesa: presents=100 total_ms=569 avg_ms_x10=56 failed=0] [ablation: NO_DC_TIMING=0 CACHE_WINSURF=0 DIRECT_VESA=1]
[12:07:36] [info] kbd/audio block 0: kbd_irq=0 kbd_drain=0 ring_chunks=16 pump_pass=5014 pic1_mask=0xb8 first_irq_ticks=0 install_ticks=0 vector_at_install=0x0084e408 pic1_mask_live=0xb8 kbd_8042_stat=0x34 bios_kbd_head=0x0024 bios_kbd_tail=0x0024 bios_kbd_buf0=0x1265
[12:07:37] [info] dirty-rect block @flip=2400: total_calls=0 dirty_rects_avg=1 dirty_pct_x10=1000 forced_full=0 first_n_force=0 threshold_exceeded=0 dirty_path_taken=0 full_flush_taken=0
[12:07:37] [info] prev-frame-diff block @flip=2400: diff_calls=0 diff_rects_avg=0 diff_dirty_pct_x10=0 bbox_pct_x10=0 bbox_thresh_exceeded=0
[12:07:37] [info] flip-probe: flip #2410 ok=true present=6ms inter_flip_ms=49 drawcalls-since-flip=18 drawcalls-total=150705 fail-total=0 null-skips-total=0
[12:07:37] [info] flip-probe: flip #2420 ok=true present=5ms inter_flip_ms=0 drawcalls-since-flip=18 drawcalls-total=150885 fail-total=0 null-skips-total=0
[12:07:37] [info] backdrop cache: thrashing-detect engaged (streak=64, route=direct)
[12:07:38] [info] flip-probe: flip #2430 ok=true present=-3ms inter_flip_ms=56 drawcalls-since-flip=18 drawcalls-total=151065 fail-total=0 null-skips-total=0
[12:07:38] [info] flip-probe: flip #2440 ok=true present=-2ms inter_flip_ms=59 drawcalls-since-flip=18 drawcalls-total=151245 fail-total=0 null-skips-total=0
[12:07:39] [info] flip-probe: flip #2450 ok=true present=6ms inter_flip_ms=54 drawcalls-since-flip=59 drawcalls-total=151630 fail-total=0 null-skips-total=0
[12:07:39] [info] flip-probe: flip #2460 ok=true present=-2ms inter_flip_ms=54 drawcalls-since-flip=59 drawcalls-total=152220 fail-total=0 null-skips-total=0
[12:07:40] [info] flip-probe: flip #2470 ok=true present=-3ms inter_flip_ms=54 drawcalls-since-flip=59 drawcalls-total=152810 fail-total=0 null-skips-total=0
[12:07:40] [info] tas: end-of-replay auto-exit at tick 5140 (recording exhausted; set DOSKUTSU_TAS_REPLAY_HOLD=1 to disable + observe steady-state past recording end)
[12:07:40] [info] Script engine shutdown.
[12:07:40] [info] opl2 backend: on_song_stop
[12:07:40] [info] opl2 backend shutdown (all 9 voices KEY-OFF; 0xBD cleared; chip state safe for next process)
[12:07:40] [info] Organya init...
[12:07:41] [info] Organya init done
[12:07:41] [info] Sound system shutdown
[12:07:41] [info] Renderer::Close()
[12:07:41] [info] tas: replay file closed
[12:07:41] [info] [fps-true] flips=2479 render_s=125 fps_mean=19.8 (clock-independent: flips / seconds since the FIRST flip; use THIS for the fps matrix, not inter_flip medians, which are invalid in any cell running the PIT/IRQ-0 music pump)
[RUNMANIFEST-BEGIN]
schema_version=2
environment=realhw
binary_sha12=UNKNOWN
binary_sha12_src=unknown
build_sha12=1f79ce20e4ee
organya_cache_key=1f79ce20e4ee
wave_tag=6P5K
scene=
env_block_sha=2c7c52e050f7
started_rtc_local=2026-11-21T23:35:21
duration_s=140
exit_code=0
fps_true_flips=2479
fps_true_render_s=125
reel_ticks=5140
reel_game_seconds=102.8
per_loop_fps=24.1
overhead_s=23
music_pump_active=1
cpu_vendor=GenuineIntel
cpu_have_cpuid=1
cpu_family=4
cpu_model=3
cpu_stepping=5
cpu_mhz_est=64
cpu_has_fpu=1
cpu_class=486_mid
audio_backend=adlib
video_logical_wxh=320x240
video_logical_bpp=8
video_vram_kb=4096
video_lfb_or_banked=lfb
audio_is_sb16=0
audio_dsp_ver=NA
audio_dma_path=8bit-low
audio_force_8bit=0
audio_dma_channel=-1
fps_p50=INVALID_PUMP
fps_p95=INVALID_PUMP
fps_sample_n=243
fps_sample_interval=10
pump_clock_state=pump-uncorrected
audio_vital_status=NA
regime=NA
banner_required_hit=0
banner_required_total=0
banner_forbidden_hit=0
banner_optional_hit=0
critical_count=0
warn_count=0
perstage_count=12
perstage_00=stage:72 ticks:95 flips:95 fps:50.0
perstage_01=stage:1005 ticks:80 flips:80 fps:50.0
perstage_02=stage:20 ticks:122 flips:71 fps:29.0
perstage_03=stage:11 ticks:455 flips:207 fps:22.7
perstage_04=stage:17 ticks:771 flips:271 fps:17.5
perstage_05=stage:11 ticks:548 flips:259 fps:23.6
perstage_06=stage:15 ticks:664 flips:343 fps:25.8
perstage_07=stage:11 ticks:895 flips:429 fps:23.9
perstage_08=stage:19 ticks:263 flips:117 fps:22.2
perstage_09=stage:11 ticks:436 flips:190 fps:21.7
perstage_10=stage:14 ticks:281 flips:155 fps:27.5
perstage_11=stage:11 ticks:530 flips:261 fps:24.6
[RUNMANIFEST-END]
[12:07:42] [info] [runmanifest-emit] schema=v2 env=realhw binary_sha12=UNKNOWN(unknown) build_sha12=1f79ce20e4ee per_loop_fps=24.1 overhead_s=23 pump=1 dur=140s tag='6P5K' scene='' (signals=0x4)
