Logger::init: wave-53 log level=INFO path='LOGS/6X0.LOG'
[13:41:00] [info] config: loaded DOSKUTSU.CFG (3 keys)
[13:41:01] [info] [cpu-witness] vendor=GenuineIntel cpuid=1 family=4 model=3 stepping=5 mhz_est=64 fpu=1 class=486_mid (boot-time attestation of the running CPU; MHZ_486_LOOP_DIV=16400 mirrors SETUP)
[13:41:01] [info] tas: PRNG seed forced to 12345 via DOSKUTSU_TAS_PRNG_SEED
[13:41:01] [info] tas: auto-exit armed at tick 30000 via DOSKUTSU_TAS_AUTO_EXIT_TICK
[13:41:01] [info] tas: replay opened path='QA.TAS' header_seed=12345
[13:41:01] [info] SDL_HINT_DOSKUTSU_AUDIO_OFF=1 -- skipping SDL_INIT_AUDIO (W20A2 audio-off ablation; SB16 IRQ never hooked, audio subsystem not initialized; SoundManager::init() will also be skipped below)
[13:41:02] [info] data cache: DISABLED (default)
[13:41:02] [info] Joystick: skipped (default; set DOSKUTSU_USE_JOYSTICK=1 to enable -- skips SDL3-DOS gameport BIOS INT 15h polling, ~82 ms / flip on real HW)
[13:41:02] [info] Loading settings...
[13:41:02] [info] [input-bind] applied=0 invert_y=0 dos_axes=1
[13:41:02] [info] Renderer::initVideo: 8bpp mode requested via SDL_HINT_DOS_MAX_BPP=8 (wave 16); SDL3-DOS will pick the highest-bpp <= 8 mode at requested resolution
[13:41:02] [info] Renderer::initVideo: DOS resolution-label lock ENABLED (default)
[13:41:02] [info] center-oversized: not needed (surface matches the logical screen) surface=320x240 logical=320x240 offset=0,0
[13:41:02] [info] Renderer::initVideo: using: software renderer
[13:41:05] [info] Renderer::initVideo: dirty-rect tracking ENABLED (wave 15, default ON; set SDL_HINT_DOSKUTSU_DIRTY_RECTS=0 to disable)
[13:41:05] [info] Renderer::initVideo: ablation flags: NO_DC_TIMING=0 CACHE_WINSURF=0 NO_INPUT_POLL=0 DIRECT_VESA=1
[13:41:05] [info] Renderer::initVideo: direct-VESA hot path ENABLED (default since wave 20 patch 0088; bypasses SDL_RenderPresent / SDL_UpdateWindowSurface and writes via SDL/0034's PresentFull helper; R2 mitigation handled by SDL/0034 generation counter -- no per-N-flip heartbeat needed; set SDL_HINT_DOSKUTSU_DIRECT_VESA=0 to revert)
[13:41:05] [info] Renderer::initVideo: flip-phase instrumentation DISABLED (default; set SDL_HINT_DOSKUTSU_FLIP_INSTR=1 to opt in for wave-20 Lever A diagnostic)
[13:41:05] [info] Renderer::initVideo: asm opaque-span blit lever DISABLED (default; set SDL_HINT_DOSKUTSU_ASM_BLIT=1 to opt in -- wave-51 _blit_indexed colorkey-blit lever)
[13:41:05] [info] Renderer::initVideo: blit-decomp instrumentation DISABLED (default; set SDL_HINT_DOSKUTSU_BLIT_DECOMP=1 to opt in -- wave-51 _blit_indexed sub-decomp sizing)
[13:41:05] [info] Renderer::initVideo: mds-scroll-decomp instrumentation DISABLED (default; set SDL_HINT_DOSKUTSU_MDS_DECOMP=1 to opt in -- wave-52 mode_draw_scene scrolling-block decomp)
[13:41:05] [info] Renderer::initVideo: DOSVESA pump yield: skipped (default) (per-flip explicit SDL_Delay(0) yield is always on; set SDL_HINT_DOSKUTSU_FORCE_PUMP_YIELD=1 to restore old per-pump yield)
[13:41:05] [info] Renderer::initVideo: indexed-mode (8bpp) ENABLED -- master palette + 107 per-asset remap LUTs loaded (wave 16, default ON; set SDL_HINT_DOSKUTSU_PIXEL_FORMAT_8=0 to disable)
[13:41:05] [info] Renderer::initVideo: master palette attached to window surface (format=SDL_PIXELFORMAT_INDEX8, ncolors=256)
[13:41:05] [info] Renderer::initVideo: indexed-mode smoke: idx0=(0,0,0) OK idx255=(255,0,255) OK
[13:41:05] [info] Renderer::initVideo: indexed-mode smoke: paletteRemapFor('MyChar.pbm') = present
[13:41:06] [info] Surface::loadImage palmap-diag #1: 'data/Loading.pbm' fmt=SDL_PIXELFORMAT_ABGR8888 remap=HIT -> path=truecolor
[13:41:06] [info] Renderer: prev-frame diff DISABLED (default since wave 17.6; set SDL_HINT_DOSKUTSU_PREVFRAME_DIFF=1 to opt in)
[13:41:06] [info] flip-probe: renderer=software window_ptr=8644704 colorspace=301991328 window_size=320x240 framebuffer_pixels=320x240 logical_present=320x240 mode=2
[13:41:06] [info] flip-probe: first flip ok=true present=58ms inter_flip_ms=0 drawcalls-since-flip=1 drawcalls-total=1
[13:41:06] [info] SDL_HINT_DOSKUTSU_AUDIO_OFF=1 -- bypassing SoundManager::init() (deeper than DOSKUTSU_NO_AUDIO; SDL_INIT_AUDIO already omitted)
[13:41:06] [info] menu slide-in fixed-timestep: ENABLED (default; slide advances at 50 Hz logic rate)
[13:41:06] [info] Reading npc.tbl...
[13:41:06] [info] Loading tilekey.dat.
[13:41:06] [info] Script engine init.
[13:41:06] [info] Entering main loop...
[13:41:06] [info] audio mid-gap pump: DISABLED (default)
[13:41:06] [info] TAS fixed-timestep guard: ENABLED (default) (patch 0280; load_stage wall-clock kept out of the FT accumulator so TAS replay advances at a true 50 Hz; set SDL_HINT_DOSKUTSU_TAS_FT_GUARD=0 to disable)
[13:41:07] [info] load_stage ring+DMA silence flush: ENABLED (default) (set SDL_HINT_DOSKUTSU_LOADSTAGE_SILENCE=0 to disable)
[13:41:07] [info] load-band audio-underrun probe: DISABLED (default) (opt-in SDL_HINT_DOSKUTSU_LOADBAND_STAT=1)
[13:41:07] [info]  >> Entering stage 72: 'u'.
[13:41:07] [info] skip sheet flush: ENABLED (default) (SFXPAUSE-012 SHIPPED FIX; sprite sheets stay resident across caves so no per-cave re-decode -> no fire-frame pause; map_flush_graphics tilemap cache still flushes; set SDL_HINT_DOSKUTSU_SKIP_SHEET_FLUSH=0 to restore the old per-cave flush)
[13:41:07] [info] [skip-sheet-flush] cave=1
[13:41:07] [info] eager action sheets: ENABLED (default) (first-fire hitch fix: pre-loads the weapon bullet + hit/muzzle/trail caret sheets at stage load so the first fire/impact does not lazy-decode mid-gameplay; set SDL_HINT_DOSKUTSU_EAGER_ACTION_SHEETS=0 to restore lazy load)
[13:41:07] [info] Surface::loadImage palmap-diag #2: 'data/Bullet.pbm' fmt=SDL_PIXELFORMAT_ABGR8888 remap=HIT -> path=truecolor
[13:41:07] [info] Surface::loadImage palmap-diag #3: 'data/Arms.pbm' fmt=SDL_PIXELFORMAT_ABGR8888 remap=HIT -> path=truecolor
[13:41:07] [info] Surface::loadImage palmap-diag #4: 'data/Caret.pbm' fmt=SDL_PIXELFORMAT_ABGR8888 remap=HIT -> path=truecolor
[13:41:08] [info] Surface::loadImage palmap-diag #5: 'data/Npc/NpcSym.pbm' fmt=SDL_PIXELFORMAT_ABGR8888 remap=HIT -> path=truecolor
[13:41:08] [info] [eager-action-sheets] cave=1 sheets=4 wall_ms=1069
[13:41:08] [info] Surface::loadImage palmap-diag #6: 'data/Stage/PrtWhite.pbm' fmt=SDL_PIXELFORMAT_ABGR8888 remap=HIT -> path=truecolor
[13:41:08] [info] load_stage: entry-music preload ENABLED (default) (set SDL_HINT_DOSKUTSU_PRELOAD_STAGE_MUSIC=0 to disable)
[13:41:08] [info] Surface::loadImage palmap-diag #7: 'data/bk0.pbm' fmt=SDL_PIXELFORMAT_ABGR8888 remap=HIT -> path=truecolor
[13:41:08] [info] gameloop: entered (curmap=72, running=1)
[13:41:08] [info] gameloop: iter 1 ticks=7745 mapno=-1
[13:41:08] [info] fixed-timestep: ENABLED (default; logic 50 Hz, decoupled from render)
[13:41:08] [info] map: BG skip-when-unchanged DISABLED (default) (set SDL_HINT_DOSKUTSU_BG_SKIP_WHEN_UNCHANGED=1 to enable; default OFF since wave-61 -- abandoned, it shipped a backdrop-black flicker and its +0.87 fps was below the noise floor)
[13:41:08] [info] map: skip-redundant-clear lever ENABLED (default since wave-53 promotion)
[13:41:08] [info] perf-mode: level=0 (faithful (default))
[13:41:09] [info] Surface::loadImage palmap-diag #8: 'data/Npc/NpcKings.pbm' fmt=SDL_PIXELFORMAT_ABGR8888 remap=HIT -> path=truecolor
[13:41:09] [info] audio tick-boundary pump: DISABLED (default)
[13:41:09] [info] Organya init...
[13:41:10] [info] Organya init done
[13:41:10] [info] gameloop: iter 2 ticks=9360 mapno=-1
[13:41:10] [info] gameloop: iter 3 ticks=9418 mapno=-1
[13:41:10] [info] direct-vesa: snapshot @gen=2 use_dosmemput=0 banked_multibank=0 pitches_match=1 vram_w=320 vram_h=240 vram_pitch=320 bpp=1 fb_size=76800 vram_phys=0x78000000 vram_ptr=0x77c00000
[13:41:10] [info] flip-probe: flip #10 ok=true present=3ms inter_flip_ms=28 drawcalls-since-flip=6 drawcalls-total=43 fail-total=0 null-skips-total=0
[13:41:11] [info] flip-probe: flip #20 ok=true present=2ms inter_flip_ms=29 drawcalls-since-flip=4 drawcalls-total=92 fail-total=0 null-skips-total=0
[13:41:11] [info] flip-probe: flip #30 ok=true present=3ms inter_flip_ms=62 drawcalls-since-flip=326 drawcalls-total=2707 fail-total=0 null-skips-total=0
[13:41:12] [info] flip-probe: flip #40 ok=true present=3ms inter_flip_ms=56 drawcalls-since-flip=264 drawcalls-total=5837 fail-total=0 null-skips-total=0
[13:41:12] [info] flip-probe: flip #50 ok=true present=3ms inter_flip_ms=34 drawcalls-since-flip=67 drawcalls-total=7392 fail-total=0 null-skips-total=0
[13:41:13] [info] flip-probe: flip #60 ok=true present=3ms inter_flip_ms=26 drawcalls-since-flip=4 drawcalls-total=7502 fail-total=0 null-skips-total=0
[13:41:13] [info] flip-probe: flip #70 ok=true present=3ms inter_flip_ms=27 drawcalls-since-flip=6 drawcalls-total=7557 fail-total=0 null-skips-total=0
[13:41:13] [info] flip-probe: flip #80 ok=true present=3ms inter_flip_ms=20 drawcalls-since-flip=0 drawcalls-total=7586 fail-total=0 null-skips-total=0
[13:41:13] [info] flip-probe: flip #90 ok=true present=3ms inter_flip_ms=20 drawcalls-since-flip=0 drawcalls-total=7586 fail-total=0 null-skips-total=0
[13:41:13] [info] gameloop: iter 600 ticks=12677 mapno=-1
[13:41:13] [info] title: eager-title-IO phase tag ENABLED (default) (set SDL_HINT_DOSKUTSU_EAGER_TITLE_IO=0 to disable)
[13:41:13] [info] [music-dispatch] tick=95 song=24 (prev 0)
[13:41:14] [info] gameloop: entered (curmap=1005, running=1)
[13:41:14] [info] gameloop: iter 1 ticks=13181 mapno=-1
[13:41:14] [info] map: backdrop cache ENABLED (default) (set SDL_HINT_DOSKUTSU_BACKDROP_CACHE=0 to disable)
[13:41:15] [info] gameloop: iter 2 ticks=13939 mapno=-1
[13:41:15] [info] gameloop: iter 3 ticks=13978 mapno=-1
[13:41:15] [info] backdrop cache: thrashing-detect engaged (streak=4, route=direct)
[13:41:15] [info] flip-probe: flip #100 ok=true present=2ms inter_flip_ms=34 drawcalls-since-flip=75 drawcalls-total=7886 fail-total=0 null-skips-total=0
[13:41:15] [info] alpha audit block 0: 7798 total drawcalls, 0 with alpha<255 (block pct_x10=0; global 0/7798 pct_x10=0); alpha-mod skipped: block=0 global=0
[13:41:15] [info] fastpath audit block 0: taken=7798 (idx8=7798) skipped=0 pct_x10=1000; global taken=7798 (idx8=7798) skipped=0 pct_x10=1000
[13:41:15] [info] primitive tally block 0: clear=220(hr=220) fill=0(hr=0) rect=0(hr=0) line=0(hr=0) tint=0 spotlight=0 (over 100 flips ending at flip 100)
[13:41:15] [info] color/alpha audit block 0: cmod_white=104 cmod_black=0 (idx=0) cmod_general=84 (idx=84) cmod_fb=0; alpha_taken=0 alpha_skipped=0 (global cmod=104/0/84/0 idx=0/84 alpha=0/0)
[13:41:15] [info] phase timing block 0: drawcalls=8209 dc_total_ms=1321 flip_inner_total_ms=542 inter_flip_total_ms=9073 (per-flip avg x10: dc_ms=132 fi_ms=54 if_ms=907 derived audio+engine_ms=721; per-drawcall avg us_x10=1609) [direct-vesa: presents=97 total_ms=274 avg_ms_x10=28 failed=0] [ablation: NO_DC_TIMING=0 CACHE_WINSURF=0 DIRECT_VESA=1]
[13:41:15] [info] kbd/audio block 0: kbd_irq=0 kbd_drain=0 ring_chunks=16 pump_pass=99 pic1_mask=0xb8 first_irq_ticks=0 install_ticks=0 vector_at_install=0x0083e450 pic1_mask_live=0xb8 kbd_8042_stat=0x34 bios_kbd_head=0x0038 bios_kbd_tail=0x0038 bios_kbd_buf0=0x0e08
[13:41:15] [info] audio/engine split block 0: audio_mixer_calls=0 audio_mixer_ms_x10=0 engine_tick_calls=99 engine_tick_ms_x10=427 audio_service_calls=0 audio_service_ms_x10=0 (per-flip avg; per-call us_x10: audio_mix=0 engine_tick=431894 audio_service=0; global ns: audio_mix=0 engine_tick=4275753871 audio_service=0)
[13:41:15] [info] pixtone multi-source probe: DISABLED (default)
[13:41:15] [info] dirty-rect block @flip=100: total_calls=0 dirty_rects_avg=0 dirty_pct_x10=990 forced_full=0 first_n_force=3 threshold_exceeded=2 dirty_path_taken=0 full_flush_taken=3
[13:41:15] [info] prev-frame-diff block @flip=100: diff_calls=0 diff_rects_avg=0 diff_dirty_pct_x10=0 bbox_pct_x10=0 bbox_thresh_exceeded=0
[13:41:15] [info] flip-probe: flip #110 ok=true present=3ms inter_flip_ms=26 drawcalls-since-flip=75 drawcalls-total=8636 fail-total=0 null-skips-total=0
[13:41:15] [info] flip-probe: flip #120 ok=true present=3ms inter_flip_ms=26 drawcalls-since-flip=75 drawcalls-total=9386 fail-total=0 null-skips-total=0
[13:41:16] [info] pixtone IRQ-mix: DISABLED (L3 requested but SDL backend refused; likely Organya audio backend selected -- falling back to SDL3_mixer for SFX. To engage L3 set SDL_HINT_DOSKUTSU_AUDIO_BACKEND to opl3 / wb / midi-stub.)
[13:41:16] [error] Pixtone::play: sound slot 18 not rendered
[13:41:16] [info] flip-probe: flip #130 ok=true present=3ms inter_flip_ms=20 drawcalls-since-flip=0 drawcalls-total=9986 fail-total=0 null-skips-total=0
[13:41:16] [info] Loading profile from profile.dat
[13:41:16] [error] profile_load: unable to open 'profile.dat'
[13:41:16] [info] Loading profile from profile2.dat
[13:41:16] [error] profile_load: unable to open 'profile2.dat'
[13:41:16] [info] Loading profile from profile3.dat
[13:41:16] [info] Loading profile from profile4.dat
[13:41:16] [error] profile_load: unable to open 'profile4.dat'
[13:41:16] [info] Loading profile from profile5.dat
[13:41:16] [info] flip-probe: flip #140 ok=true present=3ms inter_flip_ms=45 drawcalls-since-flip=210 drawcalls-total=10826 fail-total=0 null-skips-total=0
[13:41:17] [info] flip-probe: flip #150 ok=true present=3ms inter_flip_ms=45 drawcalls-since-flip=210 drawcalls-total=12926 fail-total=0 null-skips-total=0
[13:41:17] [info] Writing settings...
[13:41:17] [error] Pixtone::play: sound slot 18 not rendered
[13:41:17] [info] flip-probe: flip #160 ok=true present=3ms inter_flip_ms=20 drawcalls-since-flip=0 drawcalls-total=13774 fail-total=0 null-skips-total=0
[13:41:17] [info] gameloop: iter 600 ticks=16860 mapno=-1
[13:41:18] [info] flip-probe: flip #170 ok=true present=2ms inter_flip_ms=28 drawcalls-since-flip=0 drawcalls-total=13774 fail-total=0 null-skips-total=0
[13:41:18] [info] [music-dispatch] tick=175 song=0 (prev 24)
[13:41:18] [info] Loading profile from profile5.dat
[13:41:18] [info]  >> Entering stage 20: 'Save Point'.
[13:41:18] [info] [skip-sheet-flush] cave=2
[13:41:18] [info] [music-dispatch] tick=175 song=8 (prev 0)
[13:41:18] [info] gameloop: entered (curmap=20, running=1)
[13:41:18] [info] gameloop: iter 1 ticks=17775 mapno=-1
[13:41:18] [info] TAS stall discount: ENABLED (default) (patch 0286; a replay frame over 150 ms is a load, not slow rendering, so it contributes 1 tick instead of its wall-clock; set SDL_HINT_DOSKUTSU_TAS_STALL_DISCOUNT=0 to disable)
[13:41:18] [info] TAS accumulator clamp: DISABLED (default) (patch 0281; caps the FT accumulator delta at one tick during TAS so a stalled frame cannot race the replay index; set SDL_HINT_DOSKUTSU_TAS_FT_GUARD=0 to disable)
[13:41:18] [info] gameloop: iter 2 ticks=17815 mapno=-1
[13:41:19] [info] gameloop: iter 3 ticks=17853 mapno=-1
[13:41:19] [info] flip-probe: flip #180 ok=true present=3ms inter_flip_ms=29 drawcalls-since-flip=16 drawcalls-total=13896 fail-total=0 null-skips-total=0
[13:41:19] [info] flip-probe: flip #190 ok=true present=3ms inter_flip_ms=28 drawcalls-since-flip=16 drawcalls-total=14056 fail-total=0 null-skips-total=0
[13:41:19] [info] flip-probe: flip #200 ok=true present=2ms inter_flip_ms=29 drawcalls-since-flip=16 drawcalls-total=14216 fail-total=0 null-skips-total=0
[13:41:19] [info] alpha audit block 0: 5693 total drawcalls, 0 with alpha<255 (block pct_x10=0; global 0/13491 pct_x10=0); alpha-mod skipped: block=0 global=0
[13:41:19] [info] fastpath audit block 0: taken=5693 (idx8=5693) skipped=0 pct_x10=1000; global taken=13491 (idx8=13491) skipped=0 pct_x10=1000
[13:41:19] [info] primitive tally block 0: clear=201(hr=201) fill=0(hr=0) rect=0(hr=0) line=0(hr=0) tint=0 spotlight=0 (over 100 flips ending at flip 200)
[13:41:19] [info] color/alpha audit block 0: cmod_white=1402 cmod_black=0 (idx=0) cmod_general=609 (idx=609) cmod_fb=0; alpha_taken=0 alpha_skipped=0 (global cmod=1506/0/693/0 idx=0/693 alpha=0/0)
[13:41:19] [info] phase timing block 0: drawcalls=7905 dc_total_ms=1199 flip_inner_total_ms=396 inter_flip_total_ms=4445 (per-flip avg x10: dc_ms=119 fi_ms=39 if_ms=444 derived audio+engine_ms=286; per-drawcall avg us_x10=1517) [direct-vesa: presents=100 total_ms=272 avg_ms_x10=27 failed=0] [ablation: NO_DC_TIMING=0 CACHE_WINSURF=0 DIRECT_VESA=1]
[13:41:19] [info] kbd/audio block 0: kbd_irq=0 kbd_drain=0 ring_chunks=16 pump_pass=209 pic1_mask=0xb8 first_irq_ticks=0 install_ticks=0 vector_at_install=0x0083e450 pic1_mask_live=0xb8 kbd_8042_stat=0x34 bios_kbd_head=0x0038 bios_kbd_tail=0x0038 bios_kbd_buf0=0x0e08
[13:41:19] [info] audio/engine split block 0: audio_mixer_calls=0 audio_mixer_ms_x10=0 engine_tick_calls=76 engine_tick_ms_x10=220 audio_service_calls=0 audio_service_ms_x10=0 (per-flip avg; per-call us_x10: audio_mix=0 engine_tick=290299 audio_service=0; global ns: audio_mix=0 engine_tick=6482032057 audio_service=0)
[13:41:19] [info] dirty-rect block @flip=200: total_calls=0 dirty_rects_avg=1 dirty_pct_x10=1000 forced_full=0 first_n_force=0 threshold_exceeded=0 dirty_path_taken=0 full_flush_taken=0
[13:41:19] [info] prev-frame-diff block @flip=200: diff_calls=0 diff_rects_avg=0 diff_dirty_pct_x10=0 bbox_pct_x10=0 bbox_thresh_exceeded=0
[13:41:19] [error] Pixtone::play: sound slot 24 not rendered
[13:41:19] [error] Pixtone::play: sound slot 24 not rendered
[13:41:20] [info] flip-probe: flip #210 ok=true present=3ms inter_flip_ms=29 drawcalls-since-flip=16 drawcalls-total=14376 fail-total=0 null-skips-total=0
[13:41:20] [error] Pixtone::play: sound slot 24 not rendered
[13:41:20] [info] flip-probe: flip #220 ok=true present=3ms inter_flip_ms=29 drawcalls-since-flip=16 drawcalls-total=14536 fail-total=0 null-skips-total=0
[13:41:20] [error] Pixtone::play: sound slot 24 not rendered
[13:41:20] [info] flip-probe: flip #230 ok=true present=3ms inter_flip_ms=29 drawcalls-since-flip=16 drawcalls-total=14696 fail-total=0 null-skips-total=0
[13:41:21] [info] flip-probe: flip #240 ok=true present=3ms inter_flip_ms=65 drawcalls-since-flip=354 drawcalls-total=16074 fail-total=0 null-skips-total=0
[13:41:21] [info]  >> Entering stage 11: 'Mimiga Village'.
[13:41:21] [info] [skip-sheet-flush] cave=3
[13:41:21] [info] [load-stage] preloading entry music song=9 (cave=3)
[13:41:21] [info] [music-dispatch] tick=296 song=9 (prev 8)
[13:41:21] [info] gameloop: entered (curmap=11, running=1)
[13:41:22] [info] gameloop: iter 1 ticks=20820 mapno=-1
[13:41:22] [info] map: mds_clear LUT ENABLED (default) (set SDL_HINT_DOSKUTSU_MDS_CLEAR_LUT=0 to disable; default ON; patch 0144 wave-49 bandwidth lever)
[13:41:22] [info] mds-clear-lut: rebuilt N=240 entries (k_skip=0% k_keep=100%; curmap=11 map_size=60x60; rebuild #1 since boot)
[13:41:22] [info] backdrop thrash full-cover ENABLED (default) (set SDL_HINT_DOSKUTSU_THRASH_FULLCOVER=0 to disable)
[13:41:22] [info] [bd-diag] backdrop render-path diag disabled (default) (set SDL_HINT_DOSKUTSU_BACKDROP_DIAG=1 to enable)
[13:41:22] [info] gameloop: iter 2 ticks=20946 mapno=-1
[13:41:22] [info] gameloop: iter 3 ticks=21036 mapno=-1
[13:41:22] [info] flip-probe: flip #250 ok=true present=3ms inter_flip_ms=90 drawcalls-since-flip=381 drawcalls-total=19054 fail-total=0 null-skips-total=0
[13:41:22] [info] backdrop cache: thrashing-detect engaged (streak=4, route=direct)
[13:41:22] [info] flip-probe: flip #260 ok=true present=3ms inter_flip_ms=41 drawcalls-since-flip=44 drawcalls-total=19891 fail-total=0 null-skips-total=0
[13:41:22] [error] Pixtone::play: sound slot 24 not rendered
[13:41:23] [error] Pixtone::play: sound slot 24 not rendered
[13:41:23] [error] Pixtone::play: sound slot 32 not rendered
[13:41:23] [info] flip-probe: flip #270 ok=true present=3ms inter_flip_ms=42 drawcalls-since-flip=45 drawcalls-total=20332 fail-total=0 null-skips-total=0
[13:41:23] [error] Pixtone::play: sound slot 24 not rendered
[13:41:23] [error] Pixtone::play: sound slot 32 not rendered
[13:41:23] [error] Pixtone::play: sound slot 32 not rendered
[13:41:23] [error] Pixtone::play: sound slot 24 not rendered
[13:41:23] [error] Pixtone::play: sound slot 24 not rendered
[13:41:23] [info] flip-probe: flip #280 ok=true present=3ms inter_flip_ms=41 drawcalls-since-flip=43 drawcalls-total=20782 fail-total=0 null-skips-total=0
[13:41:23] [error] Pixtone::play: sound slot 24 not rendered
[13:41:24] [error] Pixtone::play: sound slot 24 not rendered
[13:41:24] [error] Pixtone::play: sound slot 15 not rendered
[13:41:24] [info] flip-probe: flip #290 ok=true present=3ms inter_flip_ms=39 drawcalls-since-flip=42 drawcalls-total=21204 fail-total=0 null-skips-total=0
[13:41:24] [info] flip-probe: flip #300 ok=true present=3ms inter_flip_ms=41 drawcalls-since-flip=42 drawcalls-total=21624 fail-total=0 null-skips-total=0
[13:41:24] [info] alpha audit block 0: 6652 total drawcalls, 0 with alpha<255 (block pct_x10=0; global 0/20143 pct_x10=0); alpha-mod skipped: block=0 global=0
[13:41:24] [info] fastpath audit block 0: taken=6652 (idx8=6652) skipped=0 pct_x10=1000; global taken=20143 (idx8=20143) skipped=0 pct_x10=1000
[13:41:24] [info] primitive tally block 0: clear=202(hr=202) fill=0(hr=0) rect=0(hr=0) line=0(hr=0) tint=0 spotlight=0 (over 100 flips ending at flip 300)
[13:41:24] [info] color/alpha audit block 0: cmod_white=702 cmod_black=702 (idx=702) cmod_general=0 (idx=0) cmod_fb=0; alpha_taken=0 alpha_skipped=0 (global cmod=2208/702/693/0 idx=702/693 alpha=0/0)
[13:41:24] [info] phase timing block 0: drawcalls=8263 dc_total_ms=1022 flip_inner_total_ms=400 inter_flip_total_ms=4997 (per-flip avg x10: dc_ms=102 fi_ms=40 if_ms=499 derived audio+engine_ms=357; per-drawcall avg us_x10=1237) [direct-vesa: presents=100 total_ms=272 avg_ms_x10=27 failed=0] [ablation: NO_DC_TIMING=0 CACHE_WINSURF=0 DIRECT_VESA=1]
[13:41:24] [info] kbd/audio block 0: kbd_irq=0 kbd_drain=0 ring_chunks=16 pump_pass=428 pic1_mask=0xb8 first_irq_ticks=0 install_ticks=0 vector_at_install=0x0083e450 pic1_mask_live=0xb8 kbd_8042_stat=0x34 bios_kbd_head=0x0038 bios_kbd_tail=0x0038 bios_kbd_buf0=0x0e08
[13:41:24] [info] [tile-speedup-stat n=100 drawtile_us=93.28 raw_blit_us=68.34 ratio=1.36]
[13:41:24] [info] dirty-rect block @flip=300: total_calls=100 dirty_rects_avg=1 dirty_pct_x10=1000 forced_full=0 first_n_force=0 threshold_exceeded=0 dirty_path_taken=0 full_flush_taken=0
[13:41:24] [info] prev-frame-diff block @flip=300: diff_calls=0 diff_rects_avg=0 diff_dirty_pct_x10=0 bbox_pct_x10=0 bbox_thresh_exceeded=0
[13:41:25] [info] flip-probe: flip #310 ok=true present=3ms inter_flip_ms=41 drawcalls-since-flip=42 drawcalls-total=22144 fail-total=0 null-skips-total=0
[13:41:25] [info] tas: stall frame 262 ms -> contributing 1 tick (patch 0286)
[13:41:25] [error] Pixtone::play: sound slot 24 not rendered
[13:41:25] [info] backdrop cache: thrashing-detect engaged (streak=64, route=direct)
[13:41:25] [error] Pixtone::play: sound slot 15 not rendered
[13:41:25] [info] flip-probe: flip #320 ok=true present=3ms inter_flip_ms=41 drawcalls-since-flip=42 drawcalls-total=22564 fail-total=0 null-skips-total=0
[13:41:26] [info] flip-probe: flip #330 ok=true present=3ms inter_flip_ms=41 drawcalls-since-flip=43 drawcalls-total=22985 fail-total=0 null-skips-total=0
[13:41:26] [error] Pixtone::play: sound slot 15 not rendered
[13:41:26] [info] flip-probe: flip #340 ok=true present=3ms inter_flip_ms=42 drawcalls-since-flip=43 drawcalls-total=23415 fail-total=0 null-skips-total=0
[13:41:27] [info] flip-probe: flip #350 ok=true present=3ms inter_flip_ms=44 drawcalls-since-flip=43 drawcalls-total=23845 fail-total=0 null-skips-total=0
[13:41:27] [error] Pixtone::play: sound slot 32 not rendered
[13:41:27] [error] Pixtone::play: sound slot 28 not rendered
[13:41:27] [error] Pixtone::play: sound slot 32 not rendered
[13:41:27] [info] flip-probe: flip #360 ok=true present=3ms inter_flip_ms=42 drawcalls-since-flip=45 drawcalls-total=24283 fail-total=0 null-skips-total=0
[13:41:27] [error] Pixtone::play: sound slot 28 not rendered
[13:41:27] [error] Pixtone::play: sound slot 24 not rendered
[13:41:27] [error] Pixtone::play: sound slot 15 not rendered
[13:41:27] [info] flip-probe: flip #370 ok=true present=3ms inter_flip_ms=39 drawcalls-since-flip=16 drawcalls-total=24605 fail-total=0 null-skips-total=0
[13:41:28] [info] backdrop cache: thrashing-detect engaged (streak=124, route=direct)
[13:41:28] [error] Pixtone::play: sound slot 32 not rendered
[13:41:28] [info] flip-probe: flip #380 ok=true present=3ms inter_flip_ms=38 drawcalls-since-flip=17 drawcalls-total=24765 fail-total=0 null-skips-total=0
[13:41:28] [error] Pixtone::play: sound slot 28 not rendered
[13:41:28] [error] Pixtone::play: sound slot 32 not rendered
[13:41:28] [error] Pixtone::play: sound slot 28 not rendered
[13:41:28] [error] Pixtone::play: sound slot 24 not rendered
[13:41:28] [info] flip-probe: flip #390 ok=true present=3ms inter_flip_ms=38 drawcalls-since-flip=15 drawcalls-total=24929 fail-total=0 null-skips-total=0
[13:41:28] [error] Pixtone::play: sound slot 15 not rendered
[13:41:29] [error] Pixtone::play: sound slot 32 not rendered
[13:41:29] [info] flip-probe: flip #400 ok=true present=2ms inter_flip_ms=261 drawcalls-since-flip=16 drawcalls-total=25072 fail-total=0 null-skips-total=0
[13:41:29] [info] alpha audit block 0: 2490 total drawcalls, 0 with alpha<255 (block pct_x10=0; global 0/22633 pct_x10=0); alpha-mod skipped: block=0 global=0
[13:41:29] [info] fastpath audit block 0: taken=2490 (idx8=2490) skipped=0 pct_x10=1000; global taken=22633 (idx8=22633) skipped=0 pct_x10=1000
[13:41:29] [info] primitive tally block 0: clear=200(hr=200) fill=0(hr=0) rect=0(hr=0) line=0(hr=0) tint=0 spotlight=0 (over 100 flips ending at flip 400)
[13:41:29] [info] color/alpha audit block 0: cmod_white=858 cmod_black=858 (idx=858) cmod_general=0 (idx=0) cmod_fb=0; alpha_taken=0 alpha_skipped=0 (global cmod=3066/1560/693/0 idx=1560/693 alpha=0/0)
[13:41:29] [info] phase timing block 0: drawcalls=4406 dc_total_ms=692 flip_inner_total_ms=621 inter_flip_total_ms=4779 (per-flip avg x10: dc_ms=69 fi_ms=62 if_ms=477 derived audio+engine_ms=346; per-drawcall avg us_x10=1572) [direct-vesa: presents=100 total_ms=272 avg_ms_x10=27 failed=0] [ablation: NO_DC_TIMING=0 CACHE_WINSURF=0 DIRECT_VESA=1]
[13:41:29] [info] kbd/audio block 0: kbd_irq=0 kbd_drain=0 ring_chunks=16 pump_pass=644 pic1_mask=0xb8 first_irq_ticks=0 install_ticks=0 vector_at_install=0x0083e450 pic1_mask_live=0xb8 kbd_8042_stat=0x34 bios_kbd_head=0x0038 bios_kbd_tail=0x0038 bios_kbd_buf0=0x0e08
[13:41:29] [info] dirty-rect block @flip=400: total_calls=0 dirty_rects_avg=1 dirty_pct_x10=1000 forced_full=0 first_n_force=0 threshold_exceeded=0 dirty_path_taken=0 full_flush_taken=0
[13:41:29] [info] prev-frame-diff block @flip=400: diff_calls=0 diff_rects_avg=0 diff_dirty_pct_x10=0 bbox_pct_x10=0 bbox_thresh_exceeded=0
[13:41:29] [info] tas: stall frame 335 ms -> contributing 1 tick (patch 0286)
[13:41:29] [error] Pixtone::play: sound slot 32 not rendered
[13:41:29] [error] Pixtone::play: sound slot 32 not rendered
[13:41:29] [info] flip-probe: flip #410 ok=true present=3ms inter_flip_ms=45 drawcalls-since-flip=18 drawcalls-total=25240 fail-total=0 null-skips-total=0
[13:41:30] [info] flip-probe: flip #420 ok=true present=2ms inter_flip_ms=38 drawcalls-since-flip=14 drawcalls-total=25398 fail-total=0 null-skips-total=0
[13:41:30] [error] Pixtone::play: sound slot 23 not rendered
[13:41:30] [error] Pixtone::play: sound slot 24 not rendered
[13:41:30] [error] Pixtone::play: sound slot 24 not rendered
[13:41:30] [info] flip-probe: flip #430 ok=true present=3ms inter_flip_ms=37 drawcalls-since-flip=14 drawcalls-total=25538 fail-total=0 null-skips-total=0
[13:41:30] [info] backdrop cache: thrashing-detect engaged (streak=184, route=direct)
[13:41:30] [error] Pixtone::play: sound slot 24 not rendered
[13:41:31] [error] Pixtone::play: sound slot 24 not rendered
[13:41:31] [info] flip-probe: flip #440 ok=true present=2ms inter_flip_ms=52 drawcalls-since-flip=154 drawcalls-total=25928 fail-total=0 null-skips-total=0
[13:41:31] [info]  >> Entering stage 17: 'Yamashita Farm'.
[13:41:31] [info] [skip-sheet-flush] cave=4
[13:41:32] [info] [load-stage] preloading entry music song=13 (cave=4)
[13:41:32] [info] [music-dispatch] tick=752 song=13 (prev 9)
[13:41:32] [info] gameloop: entered (curmap=17, running=1)
[13:41:32] [info] gameloop: iter 1 ticks=31046 mapno=-1
[13:41:32] [info] mds-clear-lut: rebuilt N=240 entries (k_skip=33% k_keep=67%; curmap=17 map_size=40x16; rebuild #2 since boot)
[13:41:32] [info] flip-probe: flip #450 ok=true present=3ms inter_flip_ms=739 drawcalls-since-flip=400 drawcalls-total=28389 fail-total=0 null-skips-total=0
[13:41:32] [info] gameloop: iter 2 ticks=31281 mapno=-1
[13:41:32] [info] tas: stall frame 234 ms -> contributing 1 tick (patch 0286)
[13:41:32] [info] gameloop: iter 3 ticks=31367 mapno=-1
[13:41:33] [info] flip-probe: flip #460 ok=true present=3ms inter_flip_ms=50 drawcalls-since-flip=122 drawcalls-total=31447 fail-total=0 null-skips-total=0
[13:41:33] [error] Pixtone::play: sound slot 24 not rendered
[13:41:33] [error] Pixtone::play: sound slot 24 not rendered
[13:41:33] [info] flip-probe: flip #470 ok=true present=3ms inter_flip_ms=54 drawcalls-since-flip=139 drawcalls-total=32795 fail-total=0 null-skips-total=0
[13:41:33] [error] Pixtone::play: sound slot 24 not rendered
[13:41:33] [error] Pixtone::play: sound slot 15 not rendered
[13:41:34] [info] flip-probe: flip #480 ok=true present=3ms inter_flip_ms=55 drawcalls-since-flip=140 drawcalls-total=34157 fail-total=0 null-skips-total=0
[13:41:34] [error] Pixtone::play: sound slot 32 not rendered
[13:41:34] [error] Pixtone::play: sound slot 32 not rendered
[13:41:34] [info] backdrop cache: thrashing-detect engaged (streak=4, route=direct)
[13:41:34] [error] Pixtone::play: sound slot 32 not rendered
[13:41:34] [info] flip-probe: flip #490 ok=true present=3ms inter_flip_ms=57 drawcalls-since-flip=135 drawcalls-total=35499 fail-total=0 null-skips-total=0
[13:41:35] [error] Pixtone::play: sound slot 23 not rendered
[13:41:35] [error] Pixtone::play: sound slot 24 not rendered
[13:41:35] [error] Pixtone::play: sound slot 24 not rendered
[13:41:35] [error] Pixtone::play: sound slot 24 not rendered
[13:41:35] [info] flip-probe: flip #500 ok=true present=3ms inter_flip_ms=67 drawcalls-since-flip=136 drawcalls-total=36855 fail-total=0 null-skips-total=0
[13:41:35] [info] alpha audit block 0: 11020 total drawcalls, 0 with alpha<255 (block pct_x10=0; global 0/33653 pct_x10=0); alpha-mod skipped: block=0 global=0
[13:41:35] [info] fastpath audit block 0: taken=11020 (idx8=11020) skipped=0 pct_x10=1000; global taken=33653 (idx8=33653) skipped=0 pct_x10=1000
[13:41:35] [info] primitive tally block 0: clear=202(hr=202) fill=0(hr=0) rect=0(hr=0) line=0(hr=0) tint=0 spotlight=0 (over 100 flips ending at flip 500)
[13:41:35] [info] color/alpha audit block 0: cmod_white=663 cmod_black=663 (idx=663) cmod_general=0 (idx=0) cmod_fb=0; alpha_taken=0 alpha_skipped=0 (global cmod=3729/2223/693/0 idx=2223/693 alpha=0/0)
[13:41:35] [info] phase timing block 0: drawcalls=12583 dc_total_ms=1291 flip_inner_total_ms=406 inter_flip_total_ms=6081 (per-flip avg x10: dc_ms=129 fi_ms=40 if_ms=608 derived audio+engine_ms=439; per-drawcall avg us_x10=1026) [direct-vesa: presents=100 total_ms=272 avg_ms_x10=27 failed=0] [ablation: NO_DC_TIMING=0 CACHE_WINSURF=0 DIRECT_VESA=1]
[13:41:35] [info] kbd/audio block 0: kbd_irq=0 kbd_drain=0 ring_chunks=16 pump_pass=904 pic1_mask=0xb8 first_irq_ticks=0 install_ticks=0 vector_at_install=0x0083e450 pic1_mask_live=0xb8 kbd_8042_stat=0x34 bios_kbd_head=0x0038 bios_kbd_tail=0x0038 bios_kbd_buf0=0x0e08
[13:41:35] [info] dirty-rect block @flip=500: total_calls=0 dirty_rects_avg=1 dirty_pct_x10=1000 forced_full=0 first_n_force=0 threshold_exceeded=0 dirty_path_taken=0 full_flush_taken=0
[13:41:35] [info] prev-frame-diff block @flip=500: diff_calls=0 diff_rects_avg=0 diff_dirty_pct_x10=0 bbox_pct_x10=0 bbox_thresh_exceeded=0
[13:41:35] [error] Pixtone::play: sound slot 15 not rendered
[13:41:36] [error] Pixtone::play: sound slot 32 not rendered
[13:41:36] [info] flip-probe: flip #510 ok=true present=3ms inter_flip_ms=58 drawcalls-since-flip=141 drawcalls-total=38244 fail-total=0 null-skips-total=0
[13:41:36] [error] Pixtone::play: sound slot 32 not rendered
[13:41:36] [error] Pixtone::play: sound slot 32 not rendered
[13:41:36] [info] backdrop cache: thrashing-detect engaged (streak=4, route=direct)
[13:41:36] [error] Pixtone::play: sound slot 23 not rendered
[13:41:36] [error] Pixtone::play: sound slot 24 not rendered
[13:41:36] [error] Pixtone::play: sound slot 15 not rendered
[13:41:36] [info] flip-probe: flip #520 ok=true present=3ms inter_flip_ms=68 drawcalls-since-flip=142 drawcalls-total=39672 fail-total=0 null-skips-total=0
[13:41:37] [info] flip-probe: flip #530 ok=true present=3ms inter_flip_ms=57 drawcalls-since-flip=137 drawcalls-total=41059 fail-total=0 null-skips-total=0
[13:41:37] [error] Pixtone::play: sound slot 32 not rendered
[13:41:37] [error] Pixtone::play: sound slot 23 not rendered
[13:41:37] [error] Pixtone::play: sound slot 24 not rendered
[13:41:38] [info] flip-probe: flip #540 ok=true present=3ms inter_flip_ms=57 drawcalls-since-flip=125 drawcalls-total=42373 fail-total=0 null-skips-total=0
[13:41:38] [error] Pixtone::play: sound slot 24 not rendered
[13:41:38] [error] Pixtone::play: sound slot 24 not rendered
[13:41:38] [error] Pixtone::play: sound slot 24 not rendered
[13:41:38] [info] flip-probe: flip #550 ok=true present=3ms inter_flip_ms=55 drawcalls-since-flip=133 drawcalls-total=43659 fail-total=0 null-skips-total=0
[13:41:38] [error] Pixtone::play: sound slot 24 not rendered
[13:41:39] [info] flip-probe: flip #560 ok=true present=3ms inter_flip_ms=53 drawcalls-since-flip=123 drawcalls-total=44934 fail-total=0 null-skips-total=0
[13:41:39] [error] Pixtone::play: sound slot 24 not rendered
[13:41:39] [error] Pixtone::play: sound slot 24 not rendered
[13:41:39] [error] Pixtone::play: sound slot 24 not rendered
[13:41:39] [info] flip-probe: flip #570 ok=true present=3ms inter_flip_ms=54 drawcalls-since-flip=101 drawcalls-total=46157 fail-total=0 null-skips-total=0
[13:41:39] [error] Pixtone::play: sound slot 24 not rendered
[13:41:40] [error] Pixtone::play: sound slot 24 not rendered
[13:41:40] [error] Pixtone::play: sound slot 24 not rendered
[13:41:40] [info] backdrop cache: thrashing-detect engaged (streak=4, route=direct)
[13:41:40] [info] flip-probe: flip #580 ok=true present=2ms inter_flip_ms=64 drawcalls-since-flip=112 drawcalls-total=47157 fail-total=0 null-skips-total=0
[13:41:40] [error] Pixtone::play: sound slot 24 not rendered
[13:41:40] [error] Pixtone::play: sound slot 24 not rendered
[13:41:40] [error] Pixtone::play: sound slot 24 not rendered
[13:41:41] [info] flip-probe: flip #590 ok=true present=2ms inter_flip_ms=57 drawcalls-since-flip=115 drawcalls-total=48322 fail-total=0 null-skips-total=0
[13:41:41] [error] Pixtone::play: sound slot 24 not rendered
[13:41:41] [error] Pixtone::play: sound slot 24 not rendered
[13:41:41] [error] Pixtone::play: sound slot 24 not rendered
[13:41:41] [info] tas: stall frame 283 ms -> contributing 1 tick (patch 0286)
[13:41:41] [info] flip-probe: flip #600 ok=true present=3ms inter_flip_ms=55 drawcalls-since-flip=115 drawcalls-total=49471 fail-total=0 null-skips-total=0
[13:41:41] [info] alpha audit block 0: 11619 total drawcalls, 0 with alpha<255 (block pct_x10=0; global 0/45272 pct_x10=0); alpha-mod skipped: block=0 global=0
[13:41:41] [info] fastpath audit block 0: taken=11619 (idx8=11619) skipped=0 pct_x10=1000; global taken=45272 (idx8=45272) skipped=0 pct_x10=1000
[13:41:41] [info] primitive tally block 0: clear=200(hr=200) fill=0(hr=0) rect=0(hr=0) line=0(hr=0) tint=0 spotlight=0 (over 100 flips ending at flip 600)
[13:41:41] [info] color/alpha audit block 0: cmod_white=897 cmod_black=897 (idx=897) cmod_general=0 (idx=0) cmod_fb=0; alpha_taken=0 alpha_skipped=0 (global cmod=4626/3120/693/0 idx=3120/693 alpha=0/0)
[13:41:41] [info] phase timing block 0: drawcalls=13621 dc_total_ms=1006 flip_inner_total_ms=399 inter_flip_total_ms=6311 (per-flip avg x10: dc_ms=100 fi_ms=39 if_ms=631 derived audio+engine_ms=492; per-drawcall avg us_x10=738) [direct-vesa: presents=100 total_ms=272 avg_ms_x10=27 failed=0] [ablation: NO_DC_TIMING=0 CACHE_WINSURF=0 DIRECT_VESA=1]
[13:41:41] [info] kbd/audio block 0: kbd_irq=0 kbd_drain=0 ring_chunks=16 pump_pass=1207 pic1_mask=0xb8 first_irq_ticks=0 install_ticks=0 vector_at_install=0x0083e450 pic1_mask_live=0xb8 kbd_8042_stat=0x34 bios_kbd_head=0x0038 bios_kbd_tail=0x0038 bios_kbd_buf0=0x0e08
[13:41:41] [info] dirty-rect block @flip=600: total_calls=0 dirty_rects_avg=1 dirty_pct_x10=1000 forced_full=0 first_n_force=0 threshold_exceeded=0 dirty_path_taken=0 full_flush_taken=0
[13:41:41] [info] prev-frame-diff block @flip=600: diff_calls=0 diff_rects_avg=0 diff_dirty_pct_x10=0 bbox_pct_x10=0 bbox_thresh_exceeded=0
[13:41:42] [info] flip-probe: flip #610 ok=true present=2ms inter_flip_ms=54 drawcalls-since-flip=111 drawcalls-total=50584 fail-total=0 null-skips-total=0
[13:41:42] [info] flip-probe: flip #620 ok=true present=3ms inter_flip_ms=54 drawcalls-since-flip=106 drawcalls-total=51672 fail-total=0 null-skips-total=0
[13:41:43] [info] flip-probe: flip #630 ok=true present=3ms inter_flip_ms=49 drawcalls-since-flip=104 drawcalls-total=52713 fail-total=0 null-skips-total=0
[13:41:43] [info] backdrop cache: thrashing-detect engaged (streak=64, route=direct)
[13:41:44] [info] flip-probe: flip #640 ok=true present=3ms inter_flip_ms=55 drawcalls-since-flip=110 drawcalls-total=53774 fail-total=0 null-skips-total=0
[13:41:44] [error] Pixtone::play: sound slot 24 not rendered
[13:41:44] [error] Pixtone::play: sound slot 24 not rendered
[13:41:44] [error] Pixtone::play: sound slot 24 not rendered
[13:41:44] [info] flip-probe: flip #650 ok=true present=2ms inter_flip_ms=62 drawcalls-since-flip=111 drawcalls-total=54894 fail-total=0 null-skips-total=0
[13:41:44] [error] Pixtone::play: sound slot 24 not rendered
[13:41:44] [error] Pixtone::play: sound slot 24 not rendered
[13:41:45] [error] Pixtone::play: sound slot 24 not rendered
[13:41:45] [info] flip-probe: flip #660 ok=true present=3ms inter_flip_ms=71 drawcalls-since-flip=120 drawcalls-total=55980 fail-total=0 null-skips-total=0
[13:41:45] [error] Pixtone::play: sound slot 24 not rendered
[13:41:45] [error] Pixtone::play: sound slot 24 not rendered
[13:41:45] [error] Pixtone::play: sound slot 15 not rendered
[13:41:45] [info] flip-probe: flip #670 ok=true present=2ms inter_flip_ms=55 drawcalls-since-flip=118 drawcalls-total=57132 fail-total=0 null-skips-total=0
[13:41:46] [info] flip-probe: flip #680 ok=true present=3ms inter_flip_ms=55 drawcalls-since-flip=117 drawcalls-total=58324 fail-total=0 null-skips-total=0
[13:41:46] [error] Pixtone::play: sound slot 23 not rendered
[13:41:46] [error] Pixtone::play: sound slot 24 not rendered
[13:41:46] [error] Pixtone::play: sound slot 24 not rendered
[13:41:46] [error] Pixtone::play: sound slot 24 not rendered
[13:41:46] [info] flip-probe: flip #690 ok=true present=3ms inter_flip_ms=56 drawcalls-since-flip=114 drawcalls-total=59458 fail-total=0 null-skips-total=0
[13:41:47] [info] tas: stall frame 278 ms -> contributing 1 tick (patch 0286)
[13:41:47] [error] Pixtone::play: sound slot 24 not rendered
[13:41:47] [error] Pixtone::play: sound slot 24 not rendered
[13:41:47] [info] flip-probe: flip #700 ok=true present=3ms inter_flip_ms=52 drawcalls-since-flip=113 drawcalls-total=60601 fail-total=0 null-skips-total=0
[13:41:47] [info] alpha audit block 0: 11030 total drawcalls, 0 with alpha<255 (block pct_x10=0; global 0/56302 pct_x10=0); alpha-mod skipped: block=0 global=0
[13:41:47] [info] fastpath audit block 0: taken=11030 (idx8=11030) skipped=0 pct_x10=1000; global taken=56302 (idx8=56302) skipped=0 pct_x10=1000
[13:41:47] [info] primitive tally block 0: clear=200(hr=200) fill=0(hr=0) rect=0(hr=0) line=0(hr=0) tint=0 spotlight=0 (over 100 flips ending at flip 700)
[13:41:47] [info] phase timing block 0: drawcalls=11272 dc_total_ms=1007 flip_inner_total_ms=606 inter_flip_total_ms=5807 (per-flip avg x10: dc_ms=100 fi_ms=60 if_ms=580 derived audio+engine_ms=420; per-drawcall avg us_x10=893) [direct-vesa: presents=100 total_ms=272 avg_ms_x10=27 failed=0] [ablation: NO_DC_TIMING=0 CACHE_WINSURF=0 DIRECT_VESA=1]
[13:41:47] [info] kbd/audio block 0: kbd_irq=0 kbd_drain=0 ring_chunks=16 pump_pass=1485 pic1_mask=0xb8 first_irq_ticks=0 install_ticks=0 vector_at_install=0x0083e450 pic1_mask_live=0xb8 kbd_8042_stat=0x34 bios_kbd_head=0x0038 bios_kbd_tail=0x0038 bios_kbd_buf0=0x0e08
[13:41:47] [info] dirty-rect block @flip=700: total_calls=0 dirty_rects_avg=1 dirty_pct_x10=1000 forced_full=0 first_n_force=0 threshold_exceeded=0 dirty_path_taken=0 full_flush_taken=0
[13:41:47] [info] prev-frame-diff block @flip=700: diff_calls=0 diff_rects_avg=0 diff_dirty_pct_x10=0 bbox_pct_x10=0 bbox_thresh_exceeded=0
[13:41:47] [error] Pixtone::play: sound slot 24 not rendered
[13:41:48] [info] flip-probe: flip #710 ok=true present=2ms inter_flip_ms=55 drawcalls-since-flip=107 drawcalls-total=63443 fail-total=0 null-skips-total=0
[13:41:48] [info]  >> Entering stage 11: 'Mimiga Village'.
[13:41:48] [info] [skip-sheet-flush] cave=5
[13:41:48] [info] [load-stage] preloading entry music song=9 (cave=5)
[13:41:48] [info] [music-dispatch] tick=1524 song=9 (prev 13)
[13:41:48] [info] gameloop: entered (curmap=11, running=1)
[13:41:48] [info] gameloop: iter 1 ticks=47828 mapno=-1
[13:41:49] [info] mds-clear-lut: rebuilt N=240 entries (k_skip=0% k_keep=100%; curmap=11 map_size=60x60; rebuild #3 since boot)
[13:41:49] [info] gameloop: iter 2 ticks=47926 mapno=-1
[13:41:49] [info] gameloop: iter 3 ticks=48008 mapno=-1
[13:41:49] [info] backdrop cache: thrashing-detect engaged (streak=4, route=direct)
[13:41:49] [info] flip-probe: flip #720 ok=true present=3ms inter_flip_ms=45 drawcalls-since-flip=60 drawcalls-total=65843 fail-total=0 null-skips-total=0
[13:41:49] [error] Pixtone::play: sound slot 24 not rendered
[13:41:50] [info] flip-probe: flip #730 ok=true present=3ms inter_flip_ms=40 drawcalls-since-flip=40 drawcalls-total=66233 fail-total=0 null-skips-total=0
[13:41:50] [error] Pixtone::play: sound slot 24 not rendered
[13:41:50] [error] Pixtone::play: sound slot 24 not rendered
[13:41:50] [error] Pixtone::play: sound slot 24 not rendered
[13:41:50] [info] flip-probe: flip #740 ok=true present=3ms inter_flip_ms=47 drawcalls-since-flip=40 drawcalls-total=66633 fail-total=0 null-skips-total=0
[13:41:50] [error] Pixtone::play: sound slot 24 not rendered
[13:41:50] [error] Pixtone::play: sound slot 24 not rendered
[13:41:51] [info] flip-probe: flip #750 ok=true present=2ms inter_flip_ms=49 drawcalls-since-flip=40 drawcalls-total=67033 fail-total=0 null-skips-total=0
[13:41:51] [error] Pixtone::play: sound slot 15 not rendered
[13:41:51] [error] Pixtone::play: sound slot 3 not rendered
[13:41:51] [info] flip-probe: flip #760 ok=true present=3ms inter_flip_ms=49 drawcalls-since-flip=40 drawcalls-total=67433 fail-total=0 null-skips-total=0
[13:41:51] [info] flip-probe: flip #770 ok=true present=3ms inter_flip_ms=39 drawcalls-since-flip=40 drawcalls-total=67841 fail-total=0 null-skips-total=0
[13:41:51] [error] Pixtone::play: sound slot 23 not rendered
[13:41:51] [error] Pixtone::play: sound slot 24 not rendered
[13:41:52] [info] backdrop cache: thrashing-detect engaged (streak=64, route=direct)
[13:41:52] [error] Pixtone::play: sound slot 24 not rendered
[13:41:52] [info] flip-probe: flip #780 ok=true present=3ms inter_flip_ms=41 drawcalls-since-flip=40 drawcalls-total=68244 fail-total=0 null-skips-total=0
[13:41:52] [error] Pixtone::play: sound slot 23 not rendered
[13:41:52] [error] Pixtone::play: sound slot 24 not rendered
[13:41:52] [info] flip-probe: flip #790 ok=true present=3ms inter_flip_ms=41 drawcalls-since-flip=41 drawcalls-total=68653 fail-total=0 null-skips-total=0
[13:41:52] [error] Pixtone::play: sound slot 24 not rendered
[13:41:52] [error] Pixtone::play: sound slot 15 not rendered
[13:41:53] [info] flip-probe: flip #800 ok=true present=3ms inter_flip_ms=41 drawcalls-since-flip=42 drawcalls-total=69068 fail-total=0 null-skips-total=0
[13:41:53] [info] alpha audit block 0: 7197 total drawcalls, 0 with alpha<255 (block pct_x10=0; global 0/63499 pct_x10=0); alpha-mod skipped: block=0 global=0
[13:41:53] [info] fastpath audit block 0: taken=7197 (idx8=7197) skipped=0 pct_x10=1000; global taken=63499 (idx8=63499) skipped=0 pct_x10=1000
[13:41:53] [info] primitive tally block 0: clear=202(hr=202) fill=0(hr=0) rect=0(hr=0) line=0(hr=0) tint=0 spotlight=0 (over 100 flips ending at flip 800)
[13:41:53] [info] color/alpha audit block 0: cmod_white=1170 cmod_black=1170 (idx=1170) cmod_general=0 (idx=0) cmod_fb=0; alpha_taken=0 alpha_skipped=0 (global cmod=5796/4290/693/0 idx=4290/693 alpha=0/0)
[13:41:53] [info] phase timing block 0: drawcalls=9754 dc_total_ms=1124 flip_inner_total_ms=400 inter_flip_total_ms=5510 (per-flip avg x10: dc_ms=112 fi_ms=40 if_ms=551 derived audio+engine_ms=399; per-drawcall avg us_x10=1152) [direct-vesa: presents=100 total_ms=273 avg_ms_x10=27 failed=0] [ablation: NO_DC_TIMING=0 CACHE_WINSURF=0 DIRECT_VESA=1]
[13:41:53] [info] kbd/audio block 0: kbd_irq=0 kbd_drain=0 ring_chunks=16 pump_pass=1730 pic1_mask=0xb8 first_irq_ticks=0 install_ticks=0 vector_at_install=0x0083e450 pic1_mask_live=0xb8 kbd_8042_stat=0x34 bios_kbd_head=0x0038 bios_kbd_tail=0x0038 bios_kbd_buf0=0x0e08
[13:41:53] [info] dirty-rect block @flip=800: total_calls=0 dirty_rects_avg=1 dirty_pct_x10=1000 forced_full=0 first_n_force=0 threshold_exceeded=0 dirty_path_taken=0 full_flush_taken=0
[13:41:53] [info] prev-frame-diff block @flip=800: diff_calls=0 diff_rects_avg=0 diff_dirty_pct_x10=0 bbox_pct_x10=0 bbox_thresh_exceeded=0
[13:41:53] [info] flip-probe: flip #810 ok=true present=3ms inter_flip_ms=41 drawcalls-since-flip=41 drawcalls-total=69478 fail-total=0 null-skips-total=0
[13:41:54] [info] flip-probe: flip #820 ok=true present=3ms inter_flip_ms=41 drawcalls-since-flip=41 drawcalls-total=69888 fail-total=0 null-skips-total=0
[13:41:54] [error] Pixtone::play: sound slot 23 not rendered
[13:41:54] [info] flip-probe: flip #830 ok=true present=3ms inter_flip_ms=48 drawcalls-since-flip=44 drawcalls-total=70325 fail-total=0 null-skips-total=0
[13:41:54] [error] Pixtone::play: sound slot 24 not rendered
[13:41:54] [info] run_tick_fixed #1800: heartbeat (loop alive)
[13:41:54] [info] tas: stall frame 268 ms -> contributing 1 tick (patch 0286)
[13:41:54] [info] backdrop cache: thrashing-detect engaged (streak=124, route=direct)
[13:41:54] [error] Pixtone::play: sound slot 24 not rendered
[13:41:55] [info] tas: stall frame 254 ms -> contributing 1 tick (patch 0286)
[13:41:55] [error] Pixtone::play: sound slot 15 not rendered
[13:41:55] [info] flip-probe: flip #840 ok=true present=2ms inter_flip_ms=39 drawcalls-since-flip=18 drawcalls-total=70505 fail-total=0 null-skips-total=0
[13:41:55] [info] flip-probe: flip #850 ok=true present=3ms inter_flip_ms=37 drawcalls-since-flip=18 drawcalls-total=70685 fail-total=0 null-skips-total=0
[13:41:56] [info] flip-probe: flip #860 ok=true present=2ms inter_flip_ms=37 drawcalls-since-flip=17 drawcalls-total=70863 fail-total=0 null-skips-total=0
[13:41:56] [info] flip-probe: flip #870 ok=true present=3ms inter_flip_ms=38 drawcalls-since-flip=16 drawcalls-total=71031 fail-total=0 null-skips-total=0
[13:41:56] [info] flip-probe: flip #880 ok=true present=3ms inter_flip_ms=39 drawcalls-since-flip=17 drawcalls-total=71198 fail-total=0 null-skips-total=0
[13:41:57] [error] Pixtone::play: sound slot 15 not rendered
[13:41:57] [info] flip-probe: flip #890 ok=true present=3ms inter_flip_ms=34 drawcalls-since-flip=16 drawcalls-total=71359 fail-total=0 null-skips-total=0
[13:41:57] [info] backdrop cache: thrashing-detect engaged (streak=184, route=direct)
[13:41:57] [info] flip-probe: flip #900 ok=true present=2ms inter_flip_ms=34 drawcalls-since-flip=16 drawcalls-total=71519 fail-total=0 null-skips-total=0
[13:41:57] [info] alpha audit block 0: 1961 total drawcalls, 0 with alpha<255 (block pct_x10=0; global 0/65460 pct_x10=0); alpha-mod skipped: block=0 global=0
[13:41:57] [info] fastpath audit block 0: taken=1961 (idx8=1961) skipped=0 pct_x10=1000; global taken=65460 (idx8=65460) skipped=0 pct_x10=1000
[13:41:57] [info] primitive tally block 0: clear=200(hr=200) fill=0(hr=0) rect=0(hr=0) line=0(hr=0) tint=0 spotlight=0 (over 100 flips ending at flip 900)
[13:41:57] [info] color/alpha audit block 0: cmod_white=390 cmod_black=390 (idx=390) cmod_general=0 (idx=0) cmod_fb=0; alpha_taken=0 alpha_skipped=0 (global cmod=6186/4680/693/0 idx=4680/693 alpha=0/0)
[13:41:57] [info] phase timing block 0: drawcalls=2941 dc_total_ms=595 flip_inner_total_ms=403 inter_flip_total_ms=4487 (per-flip avg x10: dc_ms=59 fi_ms=40 if_ms=448 derived audio+engine_ms=349; per-drawcall avg us_x10=2023) [direct-vesa: presents=100 total_ms=273 avg_ms_x10=27 failed=0] [ablation: NO_DC_TIMING=0 CACHE_WINSURF=0 DIRECT_VESA=1]
[13:41:57] [info] kbd/audio block 0: kbd_irq=0 kbd_drain=0 ring_chunks=16 pump_pass=1930 pic1_mask=0xb8 first_irq_ticks=0 install_ticks=0 vector_at_install=0x0083e450 pic1_mask_live=0xb8 kbd_8042_stat=0x34 bios_kbd_head=0x0038 bios_kbd_tail=0x0038 bios_kbd_buf0=0x0e08
[13:41:57] [info] dirty-rect block @flip=900: total_calls=0 dirty_rects_avg=1 dirty_pct_x10=1000 forced_full=0 first_n_force=0 threshold_exceeded=0 dirty_path_taken=0 full_flush_taken=0
[13:41:57] [info] prev-frame-diff block @flip=900: diff_calls=0 diff_rects_avg=0 diff_dirty_pct_x10=0 bbox_pct_x10=0 bbox_thresh_exceeded=0
[13:41:58] [info] flip-probe: flip #910 ok=true present=3ms inter_flip_ms=37 drawcalls-since-flip=16 drawcalls-total=71679 fail-total=0 null-skips-total=0
[13:41:58] [error] Pixtone::play: sound slot 56 not rendered
[13:41:58] [info] flip-probe: flip #920 ok=true present=3ms inter_flip_ms=39 drawcalls-since-flip=27 drawcalls-total=71861 fail-total=0 null-skips-total=0
[13:41:58] [error] Pixtone::play: sound slot 24 not rendered
[13:41:58] [error] Pixtone::play: sound slot 24 not rendered
[13:41:58] [info] flip-probe: flip #930 ok=true present=3ms inter_flip_ms=35 drawcalls-since-flip=19 drawcalls-total=72092 fail-total=0 null-skips-total=0
[13:41:58] [error] Pixtone::play: sound slot 24 not rendered
[13:41:58] [error] Pixtone::play: sound slot 15 not rendered
[13:41:59] [info] flip-probe: flip #940 ok=true present=3ms inter_flip_ms=37 drawcalls-since-flip=20 drawcalls-total=72282 fail-total=0 null-skips-total=0
[13:41:59] [error] Pixtone::play: sound slot 24 not rendered
[13:41:59] [info] flip-probe: flip #950 ok=true present=3ms inter_flip_ms=34 drawcalls-since-flip=20 drawcalls-total=72473 fail-total=0 null-skips-total=0
[13:41:59] [error] Pixtone::play: sound slot 24 not rendered
[13:41:59] [error] Pixtone::play: sound slot 24 not rendered
[13:41:59] [info] backdrop cache: thrashing-detect engaged (streak=244, route=direct)
[13:42:00] [info] flip-probe: flip #960 ok=true present=3ms inter_flip_ms=70 drawcalls-since-flip=306 drawcalls-total=74087 fail-total=0 null-skips-total=0
[13:42:00] [info]  >> Entering stage 15: 'Reservoir'.
[13:42:00] [info] [skip-sheet-flush] cave=6
[13:42:00] [info] [load-stage] preloading entry music song=9 (cave=6)
[13:42:01] [info] gameloop: entered (curmap=15, running=1)
[13:42:01] [info] gameloop: iter 1 ticks=59832 mapno=-1
[13:42:01] [info] mds-clear-lut: rebuilt N=240 entries (k_skip=13% k_keep=87%; curmap=15 map_size=40x20; rebuild #4 since boot)
[13:42:01] [info] gameloop: iter 2 ticks=59922 mapno=-1
[13:42:01] [info] gameloop: iter 3 ticks=60001 mapno=-1
[13:42:01] [info] flip-probe: flip #970 ok=true present=3ms inter_flip_ms=63 drawcalls-since-flip=261 drawcalls-total=76937 fail-total=0 null-skips-total=0
[13:42:01] [info] flip-probe: flip #980 ok=true present=3ms inter_flip_ms=36 drawcalls-since-flip=31 drawcalls-total=77772 fail-total=0 null-skips-total=0
[13:42:01] [error] Pixtone::play: sound slot 24 not rendered
[13:42:02] [error] Pixtone::play: sound slot 24 not rendered
[13:42:02] [info] flip-probe: flip #990 ok=true present=3ms inter_flip_ms=35 drawcalls-since-flip=31 drawcalls-total=78082 fail-total=0 null-skips-total=0
[13:42:02] [error] Pixtone::play: sound slot 24 not rendered
[13:42:02] [error] Pixtone::play: sound slot 24 not rendered
[13:42:02] [info] flip-probe: flip #1000 ok=true present=3ms inter_flip_ms=41 drawcalls-since-flip=31 drawcalls-total=78392 fail-total=0 null-skips-total=0
[13:42:02] [info] alpha audit block 0: 6449 total drawcalls, 0 with alpha<255 (block pct_x10=0; global 0/71909 pct_x10=0); alpha-mod skipped: block=0 global=0
[13:42:02] [info] fastpath audit block 0: taken=6449 (idx8=6449) skipped=0 pct_x10=1000; global taken=71909 (idx8=71909) skipped=0 pct_x10=1000
[13:42:02] [info] primitive tally block 0: clear=201(hr=201) fill=0(hr=0) rect=0(hr=0) line=0(hr=0) tint=0 spotlight=0 (over 100 flips ending at flip 1000)
[13:42:02] [info] color/alpha audit block 0: cmod_white=324 cmod_black=324 (idx=324) cmod_general=0 (idx=0) cmod_fb=0; alpha_taken=0 alpha_skipped=0 (global cmod=6510/5004/693/0 idx=5004/693 alpha=0/0)
[13:42:02] [info] phase timing block 0: drawcalls=7334 dc_total_ms=1103 flip_inner_total_ms=410 inter_flip_total_ms=4996 (per-flip avg x10: dc_ms=110 fi_ms=41 if_ms=499 derived audio+engine_ms=348; per-drawcall avg us_x10=1505) [direct-vesa: presents=100 total_ms=273 avg_ms_x10=27 failed=0] [ablation: NO_DC_TIMING=0 CACHE_WINSURF=0 DIRECT_VESA=1]
[13:42:02] [info] kbd/audio block 0: kbd_irq=0 kbd_drain=0 ring_chunks=16 pump_pass=2152 pic1_mask=0xb8 first_irq_ticks=0 install_ticks=0 vector_at_install=0x0083e450 pic1_mask_live=0xb8 kbd_8042_stat=0x34 bios_kbd_head=0x0038 bios_kbd_tail=0x0038 bios_kbd_buf0=0x0e08
[13:42:02] [info] dirty-rect block @flip=1000: total_calls=0 dirty_rects_avg=1 dirty_pct_x10=1000 forced_full=0 first_n_force=0 threshold_exceeded=0 dirty_path_taken=0 full_flush_taken=0
[13:42:02] [info] prev-frame-diff block @flip=1000: diff_calls=0 diff_rects_avg=0 diff_dirty_pct_x10=0 bbox_pct_x10=0 bbox_thresh_exceeded=0
[13:42:02] [error] Pixtone::play: sound slot 15 not rendered
[13:42:02] [info] backdrop cache: thrashing-detect engaged (streak=4, route=direct)
[13:42:02] [error] Pixtone::play: sound slot 32 not rendered
[13:42:03] [error] Pixtone::play: sound slot 28 not rendered
[13:42:03] [info] flip-probe: flip #1010 ok=true present=2ms inter_flip_ms=38 drawcalls-since-flip=33 drawcalls-total=78714 fail-total=0 null-skips-total=0
[13:42:03] [error] Pixtone::play: sound slot 32 not rendered
[13:42:03] [error] Pixtone::play: sound slot 32 not rendered
[13:42:03] [info] flip-probe: flip #1020 ok=true present=3ms inter_flip_ms=36 drawcalls-since-flip=32 drawcalls-total=79053 fail-total=0 null-skips-total=0
[13:42:03] [error] Pixtone::play: sound slot 24 not rendered
[13:42:03] [error] Pixtone::play: sound slot 24 not rendered
[13:42:04] [info] tas: stall frame 257 ms -> contributing 1 tick (patch 0286)
[13:42:04] [info] flip-probe: flip #1030 ok=true present=2ms inter_flip_ms=42 drawcalls-since-flip=31 drawcalls-total=79366 fail-total=0 null-skips-total=0
[13:42:04] [error] Pixtone::play: sound slot 24 not rendered
[13:42:04] [error] Pixtone::play: sound slot 24 not rendered
[13:42:04] [info] flip-probe: flip #1040 ok=true present=3ms inter_flip_ms=44 drawcalls-since-flip=31 drawcalls-total=79676 fail-total=0 null-skips-total=0
[13:42:04] [error] Pixtone::play: sound slot 15 not rendered
[13:42:04] [info] flip-probe: flip #1050 ok=true present=3ms inter_flip_ms=37 drawcalls-since-flip=31 drawcalls-total=79986 fail-total=0 null-skips-total=0
[13:42:05] [info] tas: stall frame 200 ms -> contributing 1 tick (patch 0286)
[13:42:05] [info] flip-probe: flip #1060 ok=true present=3ms inter_flip_ms=36 drawcalls-since-flip=32 drawcalls-total=80302 fail-total=0 null-skips-total=0
[13:42:05] [info] backdrop cache: thrashing-detect engaged (streak=64, route=direct)
[13:42:05] [info] flip-probe: flip #1070 ok=true present=3ms inter_flip_ms=38 drawcalls-since-flip=32 drawcalls-total=80622 fail-total=0 null-skips-total=0
[13:42:06] [error] Pixtone::play: sound slot 23 not rendered
[13:42:06] [error] Pixtone::play: sound slot 24 not rendered
[13:42:06] [info] flip-probe: flip #1080 ok=true present=2ms inter_flip_ms=39 drawcalls-since-flip=34 drawcalls-total=80954 fail-total=0 null-skips-total=0
[13:42:06] [error] Pixtone::play: sound slot 24 not rendered
[13:42:06] [error] Pixtone::play: sound slot 24 not rendered
[13:42:06] [info] flip-probe: flip #1090 ok=true present=3ms inter_flip_ms=35 drawcalls-since-flip=17 drawcalls-total=81195 fail-total=0 null-skips-total=0
[13:42:06] [error] Pixtone::play: sound slot 24 not rendered
[13:42:06] [error] Pixtone::play: sound slot 24 not rendered
[13:42:07] [info] flip-probe: flip #1100 ok=true present=3ms inter_flip_ms=45 drawcalls-since-flip=17 drawcalls-total=81365 fail-total=0 null-skips-total=0
[13:42:07] [info] alpha audit block 0: 2117 total drawcalls, 0 with alpha<255 (block pct_x10=0; global 0/74026 pct_x10=0); alpha-mod skipped: block=0 global=0
[13:42:07] [info] fastpath audit block 0: taken=2117 (idx8=2117) skipped=0 pct_x10=1000; global taken=74026 (idx8=74026) skipped=0 pct_x10=1000
[13:42:07] [info] primitive tally block 0: clear=200(hr=200) fill=0(hr=0) rect=0(hr=0) line=0(hr=0) tint=0 spotlight=0 (over 100 flips ending at flip 1100)
[13:42:07] [info] color/alpha audit block 0: cmod_white=756 cmod_black=756 (idx=756) cmod_general=0 (idx=0) cmod_fb=0; alpha_taken=0 alpha_skipped=0 (global cmod=7266/5760/693/0 idx=5760/693 alpha=0/0)
[13:42:07] [info] phase timing block 0: drawcalls=3832 dc_total_ms=634 flip_inner_total_ms=618 inter_flip_total_ms=4404 (per-flip avg x10: dc_ms=63 fi_ms=61 if_ms=440 derived audio+engine_ms=316; per-drawcall avg us_x10=1655) [direct-vesa: presents=100 total_ms=272 avg_ms_x10=27 failed=0] [ablation: NO_DC_TIMING=0 CACHE_WINSURF=0 DIRECT_VESA=1]
[13:42:07] [info] kbd/audio block 0: kbd_irq=0 kbd_drain=0 ring_chunks=16 pump_pass=2351 pic1_mask=0xb8 first_irq_ticks=0 install_ticks=0 vector_at_install=0x0083e450 pic1_mask_live=0xb8 kbd_8042_stat=0x34 bios_kbd_head=0x0038 bios_kbd_tail=0x0038 bios_kbd_buf0=0x0e08
[13:42:07] [info] dirty-rect block @flip=1100: total_calls=0 dirty_rects_avg=1 dirty_pct_x10=1000 forced_full=0 first_n_force=0 threshold_exceeded=0 dirty_path_taken=0 full_flush_taken=0
[13:42:07] [info] prev-frame-diff block @flip=1100: diff_calls=0 diff_rects_avg=0 diff_dirty_pct_x10=0 bbox_pct_x10=0 bbox_thresh_exceeded=0
[13:42:07] [info] tas: stall frame 337 ms -> contributing 1 tick (patch 0286)
[13:42:07] [info] flip-probe: flip #1110 ok=true present=3ms inter_flip_ms=36 drawcalls-since-flip=17 drawcalls-total=81533 fail-total=0 null-skips-total=0
[13:42:08] [info] flip-probe: flip #1120 ok=true present=3ms inter_flip_ms=32 drawcalls-since-flip=16 drawcalls-total=81694 fail-total=0 null-skips-total=0
[13:42:08] [info] backdrop cache: thrashing-detect engaged (streak=124, route=direct)
[13:42:08] [info] flip-probe: flip #1130 ok=true present=3ms inter_flip_ms=36 drawcalls-since-flip=15 drawcalls-total=81852 fail-total=0 null-skips-total=0
[13:42:08] [info] flip-probe: flip #1140 ok=true present=3ms inter_flip_ms=35 drawcalls-since-flip=15 drawcalls-total=82004 fail-total=0 null-skips-total=0
[13:42:09] [info] flip-probe: flip #1150 ok=true present=2ms inter_flip_ms=36 drawcalls-since-flip=15 drawcalls-total=82154 fail-total=0 null-skips-total=0
[13:42:09] [info] flip-probe: flip #1160 ok=true present=3ms inter_flip_ms=32 drawcalls-since-flip=14 drawcalls-total=82299 fail-total=0 null-skips-total=0
[13:42:09] [info] flip-probe: flip #1170 ok=true present=3ms inter_flip_ms=34 drawcalls-since-flip=13 drawcalls-total=82430 fail-total=0 null-skips-total=0
[13:42:10] [info] flip-probe: flip #1180 ok=true present=3ms inter_flip_ms=32 drawcalls-since-flip=15 drawcalls-total=82571 fail-total=0 null-skips-total=0
[13:42:10] [error] Pixtone::play: sound slot 24 not rendered
[13:42:10] [error] Pixtone::play: sound slot 15 not rendered
[13:42:10] [info] flip-probe: flip #1190 ok=true present=3ms inter_flip_ms=43 drawcalls-since-flip=16 drawcalls-total=82728 fail-total=0 null-skips-total=0
[13:42:10] [info] backdrop cache: thrashing-detect engaged (streak=4, route=direct)
[13:42:11] [info] flip-probe: flip #1200 ok=true present=3ms inter_flip_ms=37 drawcalls-since-flip=14 drawcalls-total=82880 fail-total=0 null-skips-total=0
[13:42:11] [info] alpha audit block 0: 1415 total drawcalls, 0 with alpha<255 (block pct_x10=0; global 0/75441 pct_x10=0); alpha-mod skipped: block=0 global=0
[13:42:11] [info] fastpath audit block 0: taken=1415 (idx8=1415) skipped=0 pct_x10=1000; global taken=75441 (idx8=75441) skipped=0 pct_x10=1000
[13:42:11] [info] primitive tally block 0: clear=200(hr=200) fill=0(hr=0) rect=0(hr=0) line=0(hr=0) tint=0 spotlight=0 (over 100 flips ending at flip 1200)
[13:42:11] [info] phase timing block 0: drawcalls=1641 dc_total_ms=594 flip_inner_total_ms=393 inter_flip_total_ms=3951 (per-flip avg x10: dc_ms=59 fi_ms=39 if_ms=395 derived audio+engine_ms=297; per-drawcall avg us_x10=3620) [direct-vesa: presents=100 total_ms=272 avg_ms_x10=27 failed=0] [ablation: NO_DC_TIMING=0 CACHE_WINSURF=0 DIRECT_VESA=1]
[13:42:11] [info] kbd/audio block 0: kbd_irq=0 kbd_drain=0 ring_chunks=16 pump_pass=2533 pic1_mask=0xb8 first_irq_ticks=0 install_ticks=0 vector_at_install=0x0083e450 pic1_mask_live=0xb8 kbd_8042_stat=0x34 bios_kbd_head=0x0038 bios_kbd_tail=0x0038 bios_kbd_buf0=0x0e08
[13:42:11] [info] dirty-rect block @flip=1200: total_calls=0 dirty_rects_avg=1 dirty_pct_x10=1000 forced_full=0 first_n_force=0 threshold_exceeded=0 dirty_path_taken=0 full_flush_taken=0
[13:42:11] [info] prev-frame-diff block @flip=1200: diff_calls=0 diff_rects_avg=0 diff_dirty_pct_x10=0 bbox_pct_x10=0 bbox_thresh_exceeded=0
[13:42:11] [info] flip-probe: flip #1210 ok=true present=3ms inter_flip_ms=34 drawcalls-since-flip=13 drawcalls-total=83017 fail-total=0 null-skips-total=0
[13:42:11] [info] flip-probe: flip #1220 ok=true present=3ms inter_flip_ms=35 drawcalls-since-flip=13 drawcalls-total=83147 fail-total=0 null-skips-total=0
[13:42:11] [error] Pixtone::play: sound slot 23 not rendered
[13:42:11] [error] Pixtone::play: sound slot 24 not rendered
[13:42:12] [error] Pixtone::play: sound slot 24 not rendered
[13:42:12] [info] flip-probe: flip #1230 ok=true present=3ms inter_flip_ms=42 drawcalls-since-flip=13 drawcalls-total=83277 fail-total=0 null-skips-total=0
[13:42:12] [error] Pixtone::play: sound slot 15 not rendered
[13:42:12] [info] flip-probe: flip #1240 ok=true present=3ms inter_flip_ms=32 drawcalls-since-flip=13 drawcalls-total=83407 fail-total=0 null-skips-total=0
[13:42:12] [info] flip-probe: flip #1250 ok=true present=3ms inter_flip_ms=34 drawcalls-since-flip=13 drawcalls-total=83537 fail-total=0 null-skips-total=0
[13:42:12] [info] backdrop cache: thrashing-detect engaged (streak=64, route=direct)
[13:42:12] [error] Pixtone::play: sound slot 23 not rendered
[13:42:13] [error] Pixtone::play: sound slot 24 not rendered
[13:42:13] [info] flip-probe: flip #1260 ok=true present=3ms inter_flip_ms=34 drawcalls-since-flip=13 drawcalls-total=83667 fail-total=0 null-skips-total=0
[13:42:13] [info] tas: stall frame 258 ms -> contributing 1 tick (patch 0286)
[13:42:13] [error] Pixtone::play: sound slot 23 not rendered
[13:42:13] [error] Pixtone::play: sound slot 24 not rendered
[13:42:13] [info] flip-probe: flip #1270 ok=true present=2ms inter_flip_ms=42 drawcalls-since-flip=13 drawcalls-total=83797 fail-total=0 null-skips-total=0
[13:42:13] [error] Pixtone::play: sound slot 24 not rendered
[13:42:14] [info] flip-probe: flip #1280 ok=true present=3ms inter_flip_ms=32 drawcalls-since-flip=13 drawcalls-total=83927 fail-total=0 null-skips-total=0
[13:42:14] [error] Pixtone::play: sound slot 24 not rendered
[13:42:14] [error] Pixtone::play: sound slot 24 not rendered
[13:42:14] [info] flip-probe: flip #1290 ok=true present=2ms inter_flip_ms=34 drawcalls-since-flip=13 drawcalls-total=84057 fail-total=0 null-skips-total=0
[13:42:14] [error] Pixtone::play: sound slot 24 not rendered
[13:42:15] [info] flip-probe: flip #1300 ok=true present=3ms inter_flip_ms=65 drawcalls-since-flip=318 drawcalls-total=85692 fail-total=0 null-skips-total=0
[13:42:15] [info] alpha audit block 0: 2712 total drawcalls, 0 with alpha<255 (block pct_x10=0; global 0/78153 pct_x10=0); alpha-mod skipped: block=0 global=0
[13:42:15] [info] fastpath audit block 0: taken=2712 (idx8=2712) skipped=0 pct_x10=1000; global taken=78153 (idx8=78153) skipped=0 pct_x10=1000
[13:42:15] [info] primitive tally block 0: clear=200(hr=200) fill=0(hr=0) rect=0(hr=0) line=0(hr=0) tint=0 spotlight=0 (over 100 flips ending at flip 1300)
[13:42:15] [info] phase timing block 0: drawcalls=2912 dc_total_ms=576 flip_inner_total_ms=614 inter_flip_total_ms=4023 (per-flip avg x10: dc_ms=57 fi_ms=61 if_ms=402 derived audio+engine_ms=284; per-drawcall avg us_x10=1979) [direct-vesa: presents=100 total_ms=273 avg_ms_x10=27 failed=0] [ablation: NO_DC_TIMING=0 CACHE_WINSURF=0 DIRECT_VESA=1]
[13:42:15] [info] kbd/audio block 0: kbd_irq=0 kbd_drain=0 ring_chunks=16 pump_pass=2721 pic1_mask=0xb8 first_irq_ticks=0 install_ticks=0 vector_at_install=0x0083e450 pic1_mask_live=0xb8 kbd_8042_stat=0x34 bios_kbd_head=0x0038 bios_kbd_tail=0x0038 bios_kbd_buf0=0x0e08
[13:42:15] [info] dirty-rect block @flip=1300: total_calls=0 dirty_rects_avg=1 dirty_pct_x10=1000 forced_full=0 first_n_force=0 threshold_exceeded=0 dirty_path_taken=0 full_flush_taken=0
[13:42:15] [info] prev-frame-diff block @flip=1300: diff_calls=0 diff_rects_avg=0 diff_dirty_pct_x10=0 bbox_pct_x10=0 bbox_thresh_exceeded=0
[13:42:15] [info]  >> Entering stage 11: 'Mimiga Village'.
[13:42:15] [info] [skip-sheet-flush] cave=7
[13:42:15] [info] [load-stage] preloading entry music song=9 (cave=7)
[13:42:15] [info] gameloop: entered (curmap=11, running=1)
[13:42:15] [info] gameloop: iter 1 ticks=74651 mapno=-1
[13:42:15] [info] mds-clear-lut: rebuilt N=240 entries (k_skip=0% k_keep=100%; curmap=11 map_size=60x60; rebuild #5 since boot)
[13:42:15] [info] gameloop: iter 2 ticks=74745 mapno=-1
[13:42:16] [info] gameloop: iter 3 ticks=74827 mapno=-1
[13:42:16] [info] flip-probe: flip #1310 ok=true present=2ms inter_flip_ms=59 drawcalls-since-flip=197 drawcalls-total=88400 fail-total=0 null-skips-total=0
[13:42:16] [info] flip-probe: flip #1320 ok=true present=3ms inter_flip_ms=40 drawcalls-since-flip=42 drawcalls-total=89005 fail-total=0 null-skips-total=0
[13:42:16] [error] Pixtone::play: sound slot 24 not rendered
[13:42:17] [error] Pixtone::play: sound slot 24 not rendered
[13:42:17] [info] flip-probe: flip #1330 ok=true present=3ms inter_flip_ms=40 drawcalls-since-flip=42 drawcalls-total=89425 fail-total=0 null-skips-total=0
[13:42:17] [error] Pixtone::play: sound slot 24 not rendered
[13:42:17] [error] Pixtone::play: sound slot 24 not rendered
[13:42:17] [info] flip-probe: flip #1340 ok=true present=3ms inter_flip_ms=40 drawcalls-since-flip=42 drawcalls-total=89845 fail-total=0 null-skips-total=0
[13:42:17] [error] Pixtone::play: sound slot 56 not rendered
[13:42:17] [error] Pixtone::play: sound slot 15 not rendered
[13:42:18] [info] flip-probe: flip #1350 ok=true present=3ms inter_flip_ms=50 drawcalls-since-flip=51 drawcalls-total=90362 fail-total=0 null-skips-total=0
[13:42:18] [info] backdrop cache: thrashing-detect engaged (streak=4, route=direct)
[13:42:18] [error] Pixtone::play: sound slot 24 not rendered
[13:42:18] [info] flip-probe: flip #1360 ok=true present=2ms inter_flip_ms=43 drawcalls-since-flip=48 drawcalls-total=90874 fail-total=0 null-skips-total=0
[13:42:18] [error] Pixtone::play: sound slot 24 not rendered
[13:42:18] [error] Pixtone::play: sound slot 24 not rendered
[13:42:18] [error] Pixtone::play: sound slot 24 not rendered
[13:42:19] [info] flip-probe: flip #1370 ok=true present=3ms inter_flip_ms=43 drawcalls-since-flip=47 drawcalls-total=91361 fail-total=0 null-skips-total=0
[13:42:19] [info] flip-probe: flip #1380 ok=true present=3ms inter_flip_ms=43 drawcalls-since-flip=47 drawcalls-total=91828 fail-total=0 null-skips-total=0
[13:42:19] [info] flip-probe: flip #1390 ok=true present=3ms inter_flip_ms=42 drawcalls-since-flip=46 drawcalls-total=92295 fail-total=0 null-skips-total=0
[13:42:20] [error] Pixtone::play: sound slot 24 not rendered
[13:42:20] [info] flip-probe: flip #1400 ok=true present=3ms inter_flip_ms=40 drawcalls-since-flip=46 drawcalls-total=92752 fail-total=0 null-skips-total=0
[13:42:20] [info] alpha audit block 0: 5699 total drawcalls, 0 with alpha<255 (block pct_x10=0; global 0/83852 pct_x10=0); alpha-mod skipped: block=0 global=0
[13:42:20] [info] fastpath audit block 0: taken=5699 (idx8=5699) skipped=0 pct_x10=1000; global taken=83852 (idx8=83852) skipped=0 pct_x10=1000
[13:42:20] [info] primitive tally block 0: clear=201(hr=201) fill=0(hr=0) rect=0(hr=0) line=0(hr=0) tint=0 spotlight=0 (over 100 flips ending at flip 1400)
[13:42:20] [info] color/alpha audit block 0: cmod_white=1261 cmod_black=1261 (idx=1261) cmod_general=0 (idx=0) cmod_fb=0; alpha_taken=0 alpha_skipped=0 (global cmod=8527/7021/693/0 idx=7021/693 alpha=0/0)
[13:42:20] [info] phase timing block 0: drawcalls=8471 dc_total_ms=1217 flip_inner_total_ms=404 inter_flip_total_ms=5348 (per-flip avg x10: dc_ms=121 fi_ms=40 if_ms=534 derived audio+engine_ms=373; per-drawcall avg us_x10=1437) [direct-vesa: presents=100 total_ms=273 avg_ms_x10=27 failed=0] [ablation: NO_DC_TIMING=0 CACHE_WINSURF=0 DIRECT_VESA=1]
[13:42:20] [info] kbd/audio block 0: kbd_irq=0 kbd_drain=0 ring_chunks=16 pump_pass=2960 pic1_mask=0xb8 first_irq_ticks=0 install_ticks=0 vector_at_install=0x0083e450 pic1_mask_live=0xb8 kbd_8042_stat=0x34 bios_kbd_head=0x0038 bios_kbd_tail=0x0038 bios_kbd_buf0=0x0e08
[13:42:20] [info] dirty-rect block @flip=1400: total_calls=0 dirty_rects_avg=1 dirty_pct_x10=1000 forced_full=0 first_n_force=0 threshold_exceeded=0 dirty_path_taken=0 full_flush_taken=0
[13:42:20] [info] prev-frame-diff block @flip=1400: diff_calls=0 diff_rects_avg=0 diff_dirty_pct_x10=0 bbox_pct_x10=0 bbox_thresh_exceeded=0
[13:42:20] [info] tas: stall frame 324 ms -> contributing 1 tick (patch 0286)
[13:42:21] [info] flip-probe: flip #1410 ok=true present=2ms inter_flip_ms=42 drawcalls-since-flip=44 drawcalls-total=93196 fail-total=0 null-skips-total=0
[13:42:21] [info] backdrop cache: thrashing-detect engaged (streak=64, route=direct)
[13:42:21] [info] run_tick_fixed #3000: heartbeat (loop alive)
[13:42:21] [info] flip-probe: flip #1420 ok=true present=3ms inter_flip_ms=48 drawcalls-since-flip=44 drawcalls-total=93636 fail-total=0 null-skips-total=0
[13:42:21] [error] Pixtone::play: sound slot 24 not rendered
[13:42:21] [info] flip-probe: flip #1430 ok=true present=3ms inter_flip_ms=38 drawcalls-since-flip=18 drawcalls-total=93894 fail-total=0 null-skips-total=0
[13:42:21] [error] Pixtone::play: sound slot 24 not rendered
[13:42:22] [info] tas: stall frame 261 ms -> contributing 1 tick (patch 0286)
[13:42:22] [error] Pixtone::play: sound slot 24 not rendered
[13:42:22] [info] flip-probe: flip #1440 ok=true present=3ms inter_flip_ms=38 drawcalls-since-flip=18 drawcalls-total=94074 fail-total=0 null-skips-total=0
[13:42:22] [error] Pixtone::play: sound slot 15 not rendered
[13:42:22] [info] flip-probe: flip #1450 ok=true present=3ms inter_flip_ms=36 drawcalls-since-flip=17 drawcalls-total=94253 fail-total=0 null-skips-total=0
[13:42:23] [info] flip-probe: flip #1460 ok=true present=3ms inter_flip_ms=37 drawcalls-since-flip=17 drawcalls-total=94423 fail-total=0 null-skips-total=0
[13:42:23] [info] flip-probe: flip #1470 ok=true present=3ms inter_flip_ms=38 drawcalls-since-flip=17 drawcalls-total=94593 fail-total=0 null-skips-total=0
[13:42:23] [error] Pixtone::play: sound slot 24 not rendered
[13:42:23] [info] backdrop cache: thrashing-detect engaged (streak=124, route=direct)
[13:42:23] [error] Pixtone::play: sound slot 15 not rendered
[13:42:24] [info] flip-probe: flip #1480 ok=true present=3ms inter_flip_ms=36 drawcalls-since-flip=16 drawcalls-total=94754 fail-total=0 null-skips-total=0
[13:42:24] [info] flip-probe: flip #1490 ok=true present=2ms inter_flip_ms=39 drawcalls-since-flip=17 drawcalls-total=94917 fail-total=0 null-skips-total=0
[13:42:24] [info] flip-probe: flip #1500 ok=true present=2ms inter_flip_ms=39 drawcalls-since-flip=18 drawcalls-total=95092 fail-total=0 null-skips-total=0
[13:42:24] [info] alpha audit block 0: 1941 total drawcalls, 0 with alpha<255 (block pct_x10=0; global 0/85793 pct_x10=0); alpha-mod skipped: block=0 global=0
[13:42:24] [info] fastpath audit block 0: taken=1941 (idx8=1941) skipped=0 pct_x10=1000; global taken=85793 (idx8=85793) skipped=0 pct_x10=1000
[13:42:24] [info] primitive tally block 0: clear=200(hr=200) fill=0(hr=0) rect=0(hr=0) line=0(hr=0) tint=0 spotlight=0 (over 100 flips ending at flip 1500)
[13:42:24] [info] color/alpha audit block 0: cmod_white=299 cmod_black=299 (idx=299) cmod_general=0 (idx=0) cmod_fb=0; alpha_taken=0 alpha_skipped=0 (global cmod=8826/7320/693/0 idx=7320/693 alpha=0/0)
[13:42:24] [info] phase timing block 0: drawcalls=2739 dc_total_ms=577 flip_inner_total_ms=399 inter_flip_total_ms=4472 (per-flip avg x10: dc_ms=57 fi_ms=39 if_ms=447 derived audio+engine_ms=351; per-drawcall avg us_x10=2109) [direct-vesa: presents=100 total_ms=272 avg_ms_x10=27 failed=0] [ablation: NO_DC_TIMING=0 CACHE_WINSURF=0 DIRECT_VESA=1]
[13:42:24] [info] kbd/audio block 0: kbd_irq=0 kbd_drain=0 ring_chunks=16 pump_pass=3157 pic1_mask=0xb8 first_irq_ticks=0 install_ticks=0 vector_at_install=0x0083e450 pic1_mask_live=0xb8 kbd_8042_stat=0x34 bios_kbd_head=0x0038 bios_kbd_tail=0x0038 bios_kbd_buf0=0x0e08
[13:42:24] [info] dirty-rect block @flip=1500: total_calls=0 dirty_rects_avg=1 dirty_pct_x10=1000 forced_full=0 first_n_force=0 threshold_exceeded=0 dirty_path_taken=0 full_flush_taken=0
[13:42:24] [info] prev-frame-diff block @flip=1500: diff_calls=0 diff_rects_avg=0 diff_dirty_pct_x10=0 bbox_pct_x10=0 bbox_thresh_exceeded=0
[13:42:24] [error] Pixtone::play: sound slot 15 not rendered
[13:42:25] [info] flip-probe: flip #1510 ok=true present=2ms inter_flip_ms=37 drawcalls-since-flip=18 drawcalls-total=95272 fail-total=0 null-skips-total=0
[13:42:25] [info] flip-probe: flip #1520 ok=true present=3ms inter_flip_ms=38 drawcalls-since-flip=18 drawcalls-total=95452 fail-total=0 null-skips-total=0
[13:42:25] [error] Pixtone::play: sound slot 15 not rendered
[13:42:26] [info] flip-probe: flip #1530 ok=true present=3ms inter_flip_ms=38 drawcalls-since-flip=17 drawcalls-total=95623 fail-total=0 null-skips-total=0
[13:42:26] [info] backdrop cache: thrashing-detect engaged (streak=184, route=direct)
[13:42:26] [info] flip-probe: flip #1540 ok=true present=2ms inter_flip_ms=39 drawcalls-since-flip=16 drawcalls-total=95786 fail-total=0 null-skips-total=0
[13:42:26] [error] Pixtone::play: sound slot 15 not rendered
[13:42:26] [info] flip-probe: flip #1550 ok=true present=3ms inter_flip_ms=43 drawcalls-since-flip=17 drawcalls-total=95955 fail-total=0 null-skips-total=0
[13:42:27] [info] flip-probe: flip #1560 ok=true present=3ms inter_flip_ms=39 drawcalls-since-flip=18 drawcalls-total=96128 fail-total=0 null-skips-total=0
[13:42:27] [info] flip-probe: flip #1570 ok=true present=3ms inter_flip_ms=38 drawcalls-since-flip=18 drawcalls-total=96308 fail-total=0 null-skips-total=0
[13:42:27] [info] run_tick_fixed #3300: heartbeat (loop alive)
[13:42:27] [error] Pixtone::play: sound slot 15 not rendered
[13:42:28] [info] flip-probe: flip #1580 ok=true present=3ms inter_flip_ms=38 drawcalls-since-flip=18 drawcalls-total=96488 fail-total=0 null-skips-total=0
[13:42:28] [info] flip-probe: flip #1590 ok=true present=3ms inter_flip_ms=38 drawcalls-since-flip=19 drawcalls-total=96671 fail-total=0 null-skips-total=0
[13:42:28] [info] backdrop cache: thrashing-detect engaged (streak=244, route=direct)
[13:42:28] [info] flip-probe: flip #1600 ok=true present=3ms inter_flip_ms=36 drawcalls-since-flip=20 drawcalls-total=96868 fail-total=0 null-skips-total=0
[13:42:28] [info] alpha audit block 0: 1676 total drawcalls, 0 with alpha<255 (block pct_x10=0; global 0/87469 pct_x10=0); alpha-mod skipped: block=0 global=0
[13:42:28] [info] fastpath audit block 0: taken=1676 (idx8=1676) skipped=0 pct_x10=1000; global taken=87469 (idx8=87469) skipped=0 pct_x10=1000
[13:42:28] [info] primitive tally block 0: clear=200(hr=200) fill=0(hr=0) rect=0(hr=0) line=0(hr=0) tint=0 spotlight=0 (over 100 flips ending at flip 1600)
[13:42:28] [info] phase timing block 0: drawcalls=1876 dc_total_ms=522 flip_inner_total_ms=394 inter_flip_total_ms=4012 (per-flip avg x10: dc_ms=52 fi_ms=39 if_ms=401 derived audio+engine_ms=310; per-drawcall avg us_x10=2787) [direct-vesa: presents=100 total_ms=272 avg_ms_x10=27 failed=0] [ablation: NO_DC_TIMING=0 CACHE_WINSURF=0 DIRECT_VESA=1]
[13:42:28] [info] kbd/audio block 0: kbd_irq=0 kbd_drain=0 ring_chunks=16 pump_pass=3357 pic1_mask=0xb8 first_irq_ticks=0 install_ticks=0 vector_at_install=0x0083e450 pic1_mask_live=0xb8 kbd_8042_stat=0x34 bios_kbd_head=0x0038 bios_kbd_tail=0x0038 bios_kbd_buf0=0x0e08
[13:42:28] [info] dirty-rect block @flip=1600: total_calls=0 dirty_rects_avg=1 dirty_pct_x10=1000 forced_full=0 first_n_force=0 threshold_exceeded=0 dirty_path_taken=0 full_flush_taken=0
[13:42:28] [info] prev-frame-diff block @flip=1600: diff_calls=0 diff_rects_avg=0 diff_dirty_pct_x10=0 bbox_pct_x10=0 bbox_thresh_exceeded=0
[13:42:29] [error] Pixtone::play: sound slot 15 not rendered
[13:42:29] [info] flip-probe: flip #1610 ok=true present=3ms inter_flip_ms=38 drawcalls-since-flip=20 drawcalls-total=97068 fail-total=0 null-skips-total=0
[13:42:29] [info] flip-probe: flip #1620 ok=true present=2ms inter_flip_ms=39 drawcalls-since-flip=16 drawcalls-total=97261 fail-total=0 null-skips-total=0
[13:42:29] [error] Pixtone::play: sound slot 24 not rendered
[13:42:30] [info] flip-probe: flip #1630 ok=true present=3ms inter_flip_ms=36 drawcalls-since-flip=16 drawcalls-total=97421 fail-total=0 null-skips-total=0
[13:42:30] [error] Pixtone::play: sound slot 24 not rendered
[13:42:30] [error] Pixtone::play: sound slot 24 not rendered
[13:42:30] [info] flip-probe: flip #1640 ok=true present=2ms inter_flip_ms=39 drawcalls-since-flip=16 drawcalls-total=97581 fail-total=0 null-skips-total=0
[13:42:30] [error] Pixtone::play: sound slot 24 not rendered
[13:42:30] [error] Pixtone::play: sound slot 24 not rendered
[13:42:30] [info] flip-probe: flip #1650 ok=true present=3ms inter_flip_ms=39 drawcalls-since-flip=17 drawcalls-total=97746 fail-total=0 null-skips-total=0
[13:42:30] [error] Pixtone::play: sound slot 24 not rendered
[13:42:30] [info] backdrop cache: thrashing-detect engaged (streak=304, route=direct)
[13:42:31] [error] Pixtone::play: sound slot 15 not rendered
[13:42:31] [info] flip-probe: flip #1660 ok=true present=3ms inter_flip_ms=38 drawcalls-since-flip=17 drawcalls-total=97918 fail-total=0 null-skips-total=0
[13:42:31] [info] flip-probe: flip #1670 ok=true present=3ms inter_flip_ms=38 drawcalls-since-flip=16 drawcalls-total=98078 fail-total=0 null-skips-total=0
[13:42:32] [info] flip-probe: flip #1680 ok=true present=3ms inter_flip_ms=38 drawcalls-since-flip=15 drawcalls-total=98228 fail-total=0 null-skips-total=0
[13:42:32] [error] Pixtone::play: sound slot 23 not rendered
[13:42:32] [error] Pixtone::play: sound slot 24 not rendered
[13:42:32] [error] Pixtone::play: sound slot 32 not rendered
[13:42:32] [info] flip-probe: flip #1690 ok=true present=3ms inter_flip_ms=48 drawcalls-since-flip=18 drawcalls-total=98390 fail-total=0 null-skips-total=0
[13:42:32] [info] tas: stall frame 266 ms -> contributing 1 tick (patch 0286)
[13:42:32] [error] Pixtone::play: sound slot 24 not rendered
[13:42:32] [error] Pixtone::play: sound slot 32 not rendered
[13:42:33] [error] Pixtone::play: sound slot 24 not rendered
[13:42:33] [info] flip-probe: flip #1700 ok=true present=3ms inter_flip_ms=37 drawcalls-since-flip=18 drawcalls-total=98572 fail-total=0 null-skips-total=0
[13:42:33] [info] alpha audit block 0: 1604 total drawcalls, 0 with alpha<255 (block pct_x10=0; global 0/89073 pct_x10=0); alpha-mod skipped: block=0 global=0
[13:42:33] [info] fastpath audit block 0: taken=1604 (idx8=1604) skipped=0 pct_x10=1000; global taken=89073 (idx8=89073) skipped=0 pct_x10=1000
[13:42:33] [info] primitive tally block 0: clear=200(hr=200) fill=0(hr=0) rect=0(hr=0) line=0(hr=0) tint=0 spotlight=0 (over 100 flips ending at flip 1700)
[13:42:33] [info] phase timing block 0: drawcalls=1804 dc_total_ms=519 flip_inner_total_ms=597 inter_flip_total_ms=4267 (per-flip avg x10: dc_ms=51 fi_ms=59 if_ms=426 derived audio+engine_ms=316; per-drawcall avg us_x10=2882) [direct-vesa: presents=100 total_ms=272 avg_ms_x10=27 failed=0] [ablation: NO_DC_TIMING=0 CACHE_WINSURF=0 DIRECT_VESA=1]
[13:42:33] [info] kbd/audio block 0: kbd_irq=0 kbd_drain=0 ring_chunks=16 pump_pass=3558 pic1_mask=0xb8 first_irq_ticks=0 install_ticks=0 vector_at_install=0x0083e450 pic1_mask_live=0xb8 kbd_8042_stat=0x34 bios_kbd_head=0x0038 bios_kbd_tail=0x0038 bios_kbd_buf0=0x0e08
[13:42:33] [info] dirty-rect block @flip=1700: total_calls=0 dirty_rects_avg=1 dirty_pct_x10=1000 forced_full=0 first_n_force=0 threshold_exceeded=0 dirty_path_taken=0 full_flush_taken=0
[13:42:33] [info] prev-frame-diff block @flip=1700: diff_calls=0 diff_rects_avg=0 diff_dirty_pct_x10=0 bbox_pct_x10=0 bbox_thresh_exceeded=0
[13:42:33] [error] Pixtone::play: sound slot 32 not rendered
[13:42:33] [error] Pixtone::play: sound slot 32 not rendered
[13:42:33] [error] Pixtone::play: sound slot 24 not rendered
[13:42:33] [error] Pixtone::play: sound slot 24 not rendered
[13:42:33] [info] flip-probe: flip #1710 ok=true present=3ms inter_flip_ms=37 drawcalls-since-flip=18 drawcalls-total=98757 fail-total=0 null-skips-total=0
[13:42:33] [error] Pixtone::play: sound slot 24 not rendered
[13:42:33] [info] backdrop cache: thrashing-detect engaged (streak=364, route=direct)
[13:42:33] [error] Pixtone::play: sound slot 24 not rendered
[13:42:34] [info] tas: stall frame 259 ms -> contributing 1 tick (patch 0286)
[13:42:34] [error] Pixtone::play: sound slot 11 not rendered
[13:42:34] [info] run_tick_fixed #3600: heartbeat (loop alive)
[13:42:34] [info] flip-probe: flip #1720 ok=true present=3ms inter_flip_ms=69 drawcalls-since-flip=299 drawcalls-total=99560 fail-total=0 null-skips-total=0
[13:42:34] [info]  >> Entering stage 19: 'Assembly Hall'.
[13:42:34] [info] [skip-sheet-flush] cave=8
[13:42:35] [info] [load-stage] preloading entry music song=9 (cave=8)
[13:42:35] [info] gameloop: entered (curmap=19, running=1)
[13:42:35] [info] gameloop: iter 1 ticks=94367 mapno=-1
[13:42:35] [info] mds-clear-lut: rebuilt N=240 entries (k_skip=100% k_keep=0%; curmap=19 map_size=21x16; rebuild #6 since boot)
[13:42:35] [info] gameloop: iter 2 ticks=94467 mapno=-1
[13:42:35] [info] gameloop: iter 3 ticks=94551 mapno=-1
[13:42:35] [info] flip-probe: flip #1730 ok=true present=3ms inter_flip_ms=77 drawcalls-since-flip=463 drawcalls-total=103210 fail-total=0 null-skips-total=0
[13:42:36] [info] flip-probe: flip #1740 ok=true present=3ms inter_flip_ms=39 drawcalls-since-flip=121 drawcalls-total=105140 fail-total=0 null-skips-total=0
[13:42:36] [error] Pixtone::play: sound slot 24 not rendered
[13:42:36] [info] flip-probe: flip #1750 ok=true present=2ms inter_flip_ms=40 drawcalls-since-flip=121 drawcalls-total=106350 fail-total=0 null-skips-total=0
[13:42:36] [error] Pixtone::play: sound slot 15 not rendered
[13:42:37] [info] flip-probe: flip #1760 ok=true present=3ms inter_flip_ms=39 drawcalls-since-flip=121 drawcalls-total=107560 fail-total=0 null-skips-total=0
[13:42:37] [error] Pixtone::play: sound slot 32 not rendered
[13:42:37] [error] Pixtone::play: sound slot 32 not rendered
[13:42:37] [info] flip-probe: flip #1770 ok=true present=3ms inter_flip_ms=40 drawcalls-since-flip=124 drawcalls-total=108785 fail-total=0 null-skips-total=0
[13:42:38] [info] flip-probe: flip #1780 ok=true present=3ms inter_flip_ms=39 drawcalls-since-flip=121 drawcalls-total=110010 fail-total=0 null-skips-total=0
[13:42:38] [error] Pixtone::play: sound slot 23 not rendered
[13:42:38] [error] Pixtone::play: sound slot 32 not rendered
[13:42:38] [error] Pixtone::play: sound slot 24 not rendered
[13:42:38] [error] Pixtone::play: sound slot 24 not rendered
[13:42:38] [info] flip-probe: flip #1790 ok=true present=2ms inter_flip_ms=46 drawcalls-since-flip=122 drawcalls-total=111232 fail-total=0 null-skips-total=0
[13:42:38] [error] Pixtone::play: sound slot 24 not rendered
[13:42:38] [error] Pixtone::play: sound slot 24 not rendered
[13:42:38] [info] flip-probe: flip #1800 ok=true present=3ms inter_flip_ms=39 drawcalls-since-flip=121 drawcalls-total=112444 fail-total=0 null-skips-total=0
[13:42:38] [info] alpha audit block 0: 12884 total drawcalls, 0 with alpha<255 (block pct_x10=0; global 0/101957 pct_x10=0); alpha-mod skipped: block=0 global=0
[13:42:38] [info] fastpath audit block 0: taken=12884 (idx8=12884) skipped=0 pct_x10=1000; global taken=101957 (idx8=101957) skipped=0 pct_x10=1000
[13:42:38] [info] primitive tally block 0: clear=201(hr=201) fill=0(hr=0) rect=0(hr=0) line=0(hr=0) tint=0 spotlight=0 (over 100 flips ending at flip 1800)
[13:42:38] [info] color/alpha audit block 0: cmod_white=888 cmod_black=888 (idx=888) cmod_general=0 (idx=0) cmod_fb=0; alpha_taken=0 alpha_skipped=0 (global cmod=9714/8208/693/0 idx=8208/693 alpha=0/0)
[13:42:38] [info] phase timing block 0: drawcalls=14935 dc_total_ms=1436 flip_inner_total_ms=405 inter_flip_total_ms=5759 (per-flip avg x10: dc_ms=143 fi_ms=40 if_ms=575 derived audio+engine_ms=392; per-drawcall avg us_x10=961) [direct-vesa: presents=100 total_ms=273 avg_ms_x10=27 failed=0] [ablation: NO_DC_TIMING=0 CACHE_WINSURF=0 DIRECT_VESA=1]
[13:42:38] [info] kbd/audio block 0: kbd_irq=0 kbd_drain=0 ring_chunks=16 pump_pass=3794 pic1_mask=0xb8 first_irq_ticks=0 install_ticks=0 vector_at_install=0x0083e450 pic1_mask_live=0xb8 kbd_8042_stat=0x34 bios_kbd_head=0x0038 bios_kbd_tail=0x0038 bios_kbd_buf0=0x0e08
[13:42:38] [info] dirty-rect block @flip=1800: total_calls=0 dirty_rects_avg=1 dirty_pct_x10=1000 forced_full=0 first_n_force=0 threshold_exceeded=0 dirty_path_taken=0 full_flush_taken=0
[13:42:38] [info] prev-frame-diff block @flip=1800: diff_calls=0 diff_rects_avg=0 diff_dirty_pct_x10=0 bbox_pct_x10=0 bbox_thresh_exceeded=0
[13:42:38] [error] Pixtone::play: sound slot 24 not rendered
[13:42:39] [error] Pixtone::play: sound slot 24 not rendered
[13:42:39] [info] flip-probe: flip #1810 ok=true present=3ms inter_flip_ms=39 drawcalls-since-flip=121 drawcalls-total=113654 fail-total=0 null-skips-total=0
[13:42:39] [error] Pixtone::play: sound slot 24 not rendered
[13:42:39] [info] flip-probe: flip #1820 ok=true present=3ms inter_flip_ms=39 drawcalls-since-flip=121 drawcalls-total=114864 fail-total=0 null-skips-total=0
[13:42:39] [error] Pixtone::play: sound slot 24 not rendered
[13:42:40] [error] Pixtone::play: sound slot 24 not rendered
[13:42:40] [info] tas: stall frame 260 ms -> contributing 1 tick (patch 0286)
[13:42:40] [info] flip-probe: flip #1830 ok=true present=3ms inter_flip_ms=39 drawcalls-since-flip=121 drawcalls-total=116074 fail-total=0 null-skips-total=0
[13:42:40] [error] Pixtone::play: sound slot 11 not rendered
[13:42:41] [info] flip-probe: flip #1840 ok=true present=3ms inter_flip_ms=40 drawcalls-since-flip=110 drawcalls-total=119518 fail-total=0 null-skips-total=0
[13:42:41] [info]  >> Entering stage 11: 'Mimiga Village'.
[13:42:41] [info] [skip-sheet-flush] cave=9
[13:42:41] [info] [load-stage] preloading entry music song=9 (cave=9)
[13:42:41] [info] gameloop: entered (curmap=11, running=1)
[13:42:41] [info] gameloop: iter 1 ticks=100682 mapno=-1
[13:42:41] [info] mds-clear-lut: rebuilt N=240 entries (k_skip=0% k_keep=100%; curmap=11 map_size=60x60; rebuild #7 since boot)
[13:42:41] [info] gameloop: iter 2 ticks=100781 mapno=-1
[13:42:42] [info] gameloop: iter 3 ticks=100870 mapno=-1
[13:42:42] [info] backdrop cache: thrashing-detect engaged (streak=4, route=direct)
[13:42:42] [info] flip-probe: flip #1850 ok=true present=3ms inter_flip_ms=40 drawcalls-since-flip=36 drawcalls-total=121956 fail-total=0 null-skips-total=0
[13:42:42] [error] Pixtone::play: sound slot 32 not rendered
[13:42:42] [error] Pixtone::play: sound slot 24 not rendered
[13:42:42] [error] Pixtone::play: sound slot 32 not rendered
[13:42:42] [info] flip-probe: flip #1860 ok=true present=2ms inter_flip_ms=51 drawcalls-since-flip=45 drawcalls-total=122369 fail-total=0 null-skips-total=0
[13:42:42] [error] Pixtone::play: sound slot 24 not rendered
[13:42:43] [error] Pixtone::play: sound slot 32 not rendered
[13:42:43] [error] Pixtone::play: sound slot 24 not rendered
[13:42:43] [error] Pixtone::play: sound slot 24 not rendered
[13:42:43] [info] flip-probe: flip #1870 ok=true present=3ms inter_flip_ms=51 drawcalls-since-flip=42 drawcalls-total=122811 fail-total=0 null-skips-total=0
[13:42:43] [error] Pixtone::play: sound slot 24 not rendered
[13:42:43] [error] Pixtone::play: sound slot 15 not rendered
[13:42:43] [info] flip-probe: flip #1880 ok=true present=3ms inter_flip_ms=41 drawcalls-since-flip=42 drawcalls-total=123226 fail-total=0 null-skips-total=0
[13:42:44] [info] flip-probe: flip #1890 ok=true present=3ms inter_flip_ms=39 drawcalls-since-flip=43 drawcalls-total=123651 fail-total=0 null-skips-total=0
[13:42:44] [info] flip-probe: flip #1900 ok=true present=3ms inter_flip_ms=39 drawcalls-since-flip=43 drawcalls-total=124084 fail-total=0 null-skips-total=0
[13:42:44] [info] alpha audit block 0: 10281 total drawcalls, 0 with alpha<255 (block pct_x10=0; global 0/112238 pct_x10=0); alpha-mod skipped: block=0 global=0
[13:42:44] [info] fastpath audit block 0: taken=10281 (idx8=10281) skipped=0 pct_x10=1000; global taken=112238 (idx8=112238) skipped=0 pct_x10=1000
[13:42:44] [info] primitive tally block 0: clear=202(hr=202) fill=0(hr=0) rect=0(hr=0) line=0(hr=0) tint=0 spotlight=0 (over 100 flips ending at flip 1900)
[13:42:44] [info] color/alpha audit block 0: cmod_white=1259 cmod_black=1259 (idx=1259) cmod_general=0 (idx=0) cmod_fb=0; alpha_taken=0 alpha_skipped=0 (global cmod=10973/9467/693/0 idx=9467/693 alpha=0/0)
[13:42:44] [info] phase timing block 0: drawcalls=13047 dc_total_ms=1333 flip_inner_total_ms=398 inter_flip_total_ms=5816 (per-flip avg x10: dc_ms=133 fi_ms=39 if_ms=581 derived audio+engine_ms=409; per-drawcall avg us_x10=1022) [direct-vesa: presents=100 total_ms=272 avg_ms_x10=27 failed=0] [ablation: NO_DC_TIMING=0 CACHE_WINSURF=0 DIRECT_VESA=1]
[13:42:44] [info] kbd/audio block 0: kbd_irq=0 kbd_drain=0 ring_chunks=16 pump_pass=4033 pic1_mask=0xb8 first_irq_ticks=0 install_ticks=0 vector_at_install=0x0083e450 pic1_mask_live=0xb8 kbd_8042_stat=0x34 bios_kbd_head=0x0038 bios_kbd_tail=0x0038 bios_kbd_buf0=0x0e08
[13:42:44] [info] dirty-rect block @flip=1900: total_calls=0 dirty_rects_avg=1 dirty_pct_x10=1000 forced_full=0 first_n_force=0 threshold_exceeded=0 dirty_path_taken=0 full_flush_taken=0
[13:42:44] [info] prev-frame-diff block @flip=1900: diff_calls=0 diff_rects_avg=0 diff_dirty_pct_x10=0 bbox_pct_x10=0 bbox_thresh_exceeded=0
[13:42:45] [info] backdrop cache: thrashing-detect engaged (streak=64, route=direct)
[13:42:45] [info] flip-probe: flip #1910 ok=true present=3ms inter_flip_ms=41 drawcalls-since-flip=45 drawcalls-total=124507 fail-total=0 null-skips-total=0
[13:42:45] [info] flip-probe: flip #1920 ok=true present=3ms inter_flip_ms=41 drawcalls-since-flip=44 drawcalls-total=124953 fail-total=0 null-skips-total=0
[13:42:46] [info] flip-probe: flip #1930 ok=true present=3ms inter_flip_ms=39 drawcalls-since-flip=43 drawcalls-total=125391 fail-total=0 null-skips-total=0
[13:42:46] [error] Pixtone::play: sound slot 23 not rendered
[13:42:46] [error] Pixtone::play: sound slot 24 not rendered
[13:42:46] [error] Pixtone::play: sound slot 24 not rendered
[13:42:46] [info] flip-probe: flip #1940 ok=true present=3ms inter_flip_ms=39 drawcalls-since-flip=43 drawcalls-total=125821 fail-total=0 null-skips-total=0
[13:42:46] [info] flip-probe: flip #1950 ok=true present=3ms inter_flip_ms=41 drawcalls-since-flip=42 drawcalls-total=126249 fail-total=0 null-skips-total=0
[13:42:47] [info] flip-probe: flip #1960 ok=true present=3ms inter_flip_ms=40 drawcalls-since-flip=42 drawcalls-total=126669 fail-total=0 null-skips-total=0
[13:42:47] [error] Pixtone::play: sound slot 23 not rendered
[13:42:47] [error] Pixtone::play: sound slot 24 not rendered
[13:42:47] [info] backdrop cache: thrashing-detect engaged (streak=124, route=direct)
[13:42:47] [info] flip-probe: flip #1970 ok=true present=3ms inter_flip_ms=36 drawcalls-since-flip=16 drawcalls-total=126855 fail-total=0 null-skips-total=0
[13:42:47] [info] tas: stall frame 254 ms -> contributing 1 tick (patch 0286)
[13:42:47] [error] Pixtone::play: sound slot 24 not rendered
[13:42:48] [error] Pixtone::play: sound slot 24 not rendered
[13:42:48] [error] Pixtone::play: sound slot 15 not rendered
[13:42:48] [info] run_tick_fixed #4200: heartbeat (loop alive)
[13:42:48] [info] flip-probe: flip #1980 ok=true present=3ms inter_flip_ms=38 drawcalls-since-flip=17 drawcalls-total=127023 fail-total=0 null-skips-total=0
[13:42:48] [info] flip-probe: flip #1990 ok=true present=3ms inter_flip_ms=35 drawcalls-since-flip=17 drawcalls-total=127193 fail-total=0 null-skips-total=0
[13:42:48] [error] Pixtone::play: sound slot 32 not rendered
[13:42:49] [error] Pixtone::play: sound slot 32 not rendered
[13:42:49] [info] flip-probe: flip #2000 ok=true present=3ms inter_flip_ms=47 drawcalls-since-flip=18 drawcalls-total=127375 fail-total=0 null-skips-total=0
[13:42:49] [info] alpha audit block 0: 2398 total drawcalls, 0 with alpha<255 (block pct_x10=0; global 0/114636 pct_x10=0); alpha-mod skipped: block=0 global=0
[13:42:49] [info] fastpath audit block 0: taken=2398 (idx8=2398) skipped=0 pct_x10=1000; global taken=114636 (idx8=114636) skipped=0 pct_x10=1000
[13:42:49] [info] primitive tally block 0: clear=200(hr=200) fill=0(hr=0) rect=0(hr=0) line=0(hr=0) tint=0 spotlight=0 (over 100 flips ending at flip 2000)
[13:42:49] [info] color/alpha audit block 0: cmod_white=793 cmod_black=793 (idx=793) cmod_general=0 (idx=0) cmod_fb=0; alpha_taken=0 alpha_skipped=0 (global cmod=11766/10260/693/0 idx=10260/693 alpha=0/0)
[13:42:49] [info] phase timing block 0: drawcalls=4184 dc_total_ms=671 flip_inner_total_ms=616 inter_flip_total_ms=4447 (per-flip avg x10: dc_ms=67 fi_ms=61 if_ms=444 derived audio+engine_ms=316; per-drawcall avg us_x10=1605) [direct-vesa: presents=100 total_ms=272 avg_ms_x10=27 failed=0] [ablation: NO_DC_TIMING=0 CACHE_WINSURF=0 DIRECT_VESA=1]
[13:42:49] [info] kbd/audio block 0: kbd_irq=0 kbd_drain=0 ring_chunks=16 pump_pass=4244 pic1_mask=0xb8 first_irq_ticks=0 install_ticks=0 vector_at_install=0x0083e450 pic1_mask_live=0xb8 kbd_8042_stat=0x34 bios_kbd_head=0x0038 bios_kbd_tail=0x0038 bios_kbd_buf0=0x0e08
[13:42:49] [info] dirty-rect block @flip=2000: total_calls=0 dirty_rects_avg=1 dirty_pct_x10=1000 forced_full=0 first_n_force=0 threshold_exceeded=0 dirty_path_taken=0 full_flush_taken=0
[13:42:49] [info] prev-frame-diff block @flip=2000: diff_calls=0 diff_rects_avg=0 diff_dirty_pct_x10=0 bbox_pct_x10=0 bbox_thresh_exceeded=0
[13:42:49] [info] tas: stall frame 541 ms -> contributing 1 tick (patch 0286)
[13:42:49] [error] Pixtone::play: sound slot 32 not rendered
[13:42:49] [error] Pixtone::play: sound slot 23 not rendered
[13:42:49] [error] Pixtone::play: sound slot 24 not rendered
[13:42:49] [info] flip-probe: flip #2010 ok=true present=3ms inter_flip_ms=37 drawcalls-since-flip=15 drawcalls-total=127539 fail-total=0 null-skips-total=0
[13:42:50] [error] Pixtone::play: sound slot 24 not rendered
[13:42:50] [error] Pixtone::play: sound slot 24 not rendered
[13:42:50] [info] flip-probe: flip #2020 ok=true present=3ms inter_flip_ms=37 drawcalls-since-flip=14 drawcalls-total=127680 fail-total=0 null-skips-total=0
[13:42:50] [error] Pixtone::play: sound slot 24 not rendered
[13:42:50] [error] Pixtone::play: sound slot 11 not rendered
[13:42:50] [info] backdrop cache: thrashing-detect engaged (streak=184, route=direct)
[13:42:50] [info] flip-probe: flip #2030 ok=true present=2ms inter_flip_ms=72 drawcalls-since-flip=316 drawcalls-total=128536 fail-total=0 null-skips-total=0
[13:42:51] [info]  >> Entering stage 14: 'Shack'.
[13:42:51] [info] [skip-sheet-flush] cave=10
[13:42:51] [info] [load-stage] preloading entry music song=8 (cave=10)
[13:42:51] [info] [music-dispatch] tick=4328 song=8 (prev 9)
[13:42:51] [info] gameloop: entered (curmap=14, running=1)
[13:42:51] [info] gameloop: iter 1 ticks=110833 mapno=-1
[13:42:52] [info] gameloop: iter 2 ticks=110906 mapno=-1
[13:42:52] [info] gameloop: iter 3 ticks=110982 mapno=-1
[13:42:52] [info] flip-probe: flip #2040 ok=true present=3ms inter_flip_ms=69 drawcalls-since-flip=365 drawcalls-total=131780 fail-total=0 null-skips-total=0
[13:42:52] [info] flip-probe: flip #2050 ok=true present=3ms inter_flip_ms=28 drawcalls-since-flip=13 drawcalls-total=133094 fail-total=0 null-skips-total=0
[13:42:53] [info] flip-probe: flip #2060 ok=true present=3ms inter_flip_ms=29 drawcalls-since-flip=23 drawcalls-total=133324 fail-total=0 null-skips-total=0
[13:42:53] [error] Pixtone::play: sound slot 24 not rendered
[13:42:53] [error] Pixtone::play: sound slot 15 not rendered
[13:42:53] [info] flip-probe: flip #2070 ok=true present=3ms inter_flip_ms=30 drawcalls-since-flip=23 drawcalls-total=133554 fail-total=0 null-skips-total=0
[13:42:53] [info] flip-probe: flip #2080 ok=true present=3ms inter_flip_ms=31 drawcalls-since-flip=23 drawcalls-total=133784 fail-total=0 null-skips-total=0
[13:42:53] [error] Pixtone::play: sound slot 32 not rendered
[13:42:53] [error] Pixtone::play: sound slot 32 not rendered
[13:42:54] [info] flip-probe: flip #2090 ok=true present=3ms inter_flip_ms=32 drawcalls-since-flip=26 drawcalls-total=134039 fail-total=0 null-skips-total=0
[13:42:54] [error] Pixtone::play: sound slot 32 not rendered
[13:42:54] [info] flip-probe: flip #2100 ok=true present=3ms inter_flip_ms=30 drawcalls-since-flip=24 drawcalls-total=134298 fail-total=0 null-skips-total=0
[13:42:54] [info] alpha audit block 0: 6567 total drawcalls, 0 with alpha<255 (block pct_x10=0; global 0/121203 pct_x10=0); alpha-mod skipped: block=0 global=0
[13:42:54] [info] fastpath audit block 0: taken=6567 (idx8=6567) skipped=0 pct_x10=1000; global taken=121203 (idx8=121203) skipped=0 pct_x10=1000
[13:42:54] [info] primitive tally block 0: clear=201(hr=201) fill=0(hr=0) rect=0(hr=0) line=0(hr=0) tint=0 spotlight=0 (over 100 flips ending at flip 2100)
[13:42:54] [info] color/alpha audit block 0: cmod_white=320 cmod_black=320 (idx=320) cmod_general=0 (idx=0) cmod_fb=0; alpha_taken=0 alpha_skipped=0 (global cmod=12086/10580/693/0 idx=10580/693 alpha=0/0)
[13:42:54] [info] phase timing block 0: drawcalls=7408 dc_total_ms=926 flip_inner_total_ms=411 inter_flip_total_ms=5181 (per-flip avg x10: dc_ms=92 fi_ms=41 if_ms=518 derived audio+engine_ms=385; per-drawcall avg us_x10=1250) [direct-vesa: presents=100 total_ms=272 avg_ms_x10=27 failed=0] [ablation: NO_DC_TIMING=0 CACHE_WINSURF=0 DIRECT_VESA=1]
[13:42:54] [info] kbd/audio block 0: kbd_irq=0 kbd_drain=0 ring_chunks=16 pump_pass=4443 pic1_mask=0xb8 first_irq_ticks=0 install_ticks=0 vector_at_install=0x0083e450 pic1_mask_live=0xb8 kbd_8042_stat=0x34 bios_kbd_head=0x0038 bios_kbd_tail=0x0038 bios_kbd_buf0=0x0e08
[13:42:54] [info] dirty-rect block @flip=2100: total_calls=0 dirty_rects_avg=1 dirty_pct_x10=1000 forced_full=0 first_n_force=0 threshold_exceeded=0 dirty_path_taken=0 full_flush_taken=0
[13:42:54] [info] prev-frame-diff block @flip=2100: diff_calls=0 diff_rects_avg=0 diff_dirty_pct_x10=0 bbox_pct_x10=0 bbox_thresh_exceeded=0
[13:42:54] [error] Pixtone::play: sound slot 23 not rendered
[13:42:54] [error] Pixtone::play: sound slot 24 not rendered
[13:42:54] [info] flip-probe: flip #2110 ok=true present=3ms inter_flip_ms=29 drawcalls-since-flip=23 drawcalls-total=134529 fail-total=0 null-skips-total=0
[13:42:54] [error] Pixtone::play: sound slot 24 not rendered
[13:42:54] [info] flip-probe: flip #2120 ok=true present=2ms inter_flip_ms=29 drawcalls-since-flip=23 drawcalls-total=134759 fail-total=0 null-skips-total=0
[13:42:55] [error] Pixtone::play: sound slot 24 not rendered
[13:42:55] [error] Pixtone::play: sound slot 24 not rendered
[13:42:55] [info] flip-probe: flip #2130 ok=true present=3ms inter_flip_ms=29 drawcalls-since-flip=23 drawcalls-total=134989 fail-total=0 null-skips-total=0
[13:42:55] [info] run_tick_fixed #4500: heartbeat (loop alive)
[13:42:55] [error] Pixtone::play: sound slot 24 not rendered
[13:42:55] [info] flip-probe: flip #2140 ok=true present=3ms inter_flip_ms=29 drawcalls-since-flip=23 drawcalls-total=135219 fail-total=0 null-skips-total=0
[13:42:55] [error] Pixtone::play: sound slot 24 not rendered
[13:42:55] [error] Pixtone::play: sound slot 24 not rendered
[13:42:55] [info] flip-probe: flip #2150 ok=true present=3ms inter_flip_ms=29 drawcalls-since-flip=23 drawcalls-total=135449 fail-total=0 null-skips-total=0
[13:42:56] [info] flip-probe: flip #2160 ok=true present=3ms inter_flip_ms=27 drawcalls-since-flip=13 drawcalls-total=135639 fail-total=0 null-skips-total=0
[13:42:56] [error] Pixtone::play: sound slot 24 not rendered
[13:42:56] [info] flip-probe: flip #2170 ok=true present=2ms inter_flip_ms=28 drawcalls-since-flip=13 drawcalls-total=135769 fail-total=0 null-skips-total=0
[13:42:56] [error] Pixtone::play: sound slot 24 not rendered
[13:42:56] [error] Pixtone::play: sound slot 24 not rendered
[13:42:56] [info] flip-probe: flip #2180 ok=true present=3ms inter_flip_ms=27 drawcalls-since-flip=13 drawcalls-total=135899 fail-total=0 null-skips-total=0
[13:42:56] [error] Pixtone::play: sound slot 11 not rendered
[13:42:57] [info] flip-probe: flip #2190 ok=true present=3ms inter_flip_ms=66 drawcalls-since-flip=355 drawcalls-total=137319 fail-total=0 null-skips-total=0
[13:42:57] [info]  >> Entering stage 11: 'Mimiga Village'.
[13:42:57] [info] [skip-sheet-flush] cave=11
[13:42:58] [info] [load-stage] preloading entry music song=9 (cave=11)
[13:42:58] [info] [music-dispatch] tick=4609 song=9 (prev 8)
[13:42:58] [info] gameloop: entered (curmap=11, running=1)
[13:42:58] [info] gameloop: iter 1 ticks=117034 mapno=-1
[13:42:58] [info] gameloop: iter 2 ticks=117128 mapno=-1
[13:42:58] [info] gameloop: iter 3 ticks=117215 mapno=-1
[13:42:58] [info] flip-probe: flip #2200 ok=true present=3ms inter_flip_ms=82 drawcalls-since-flip=358 drawcalls-total=140628 fail-total=0 null-skips-total=0
[13:42:58] [info] alpha audit block 0: 5980 total drawcalls, 0 with alpha<255 (block pct_x10=0; global 0/127183 pct_x10=0); alpha-mod skipped: block=0 global=0
[13:42:58] [info] fastpath audit block 0: taken=5980 (idx8=5980) skipped=0 pct_x10=1000; global taken=127183 (idx8=127183) skipped=0 pct_x10=1000
[13:42:58] [info] primitive tally block 0: clear=201(hr=201) fill=0(hr=0) rect=0(hr=0) line=0(hr=0) tint=0 spotlight=0 (over 100 flips ending at flip 2200)
[13:42:58] [info] color/alpha audit block 0: cmod_white=345 cmod_black=345 (idx=345) cmod_general=0 (idx=0) cmod_fb=0; alpha_taken=0 alpha_skipped=0 (global cmod=12431/10925/693/0 idx=10925/693 alpha=0/0)
[13:42:58] [info] phase timing block 0: drawcalls=6876 dc_total_ms=898 flip_inner_total_ms=612 inter_flip_total_ms=4335 (per-flip avg x10: dc_ms=89 fi_ms=61 if_ms=433 derived audio+engine_ms=283; per-drawcall avg us_x10=1306) [direct-vesa: presents=100 total_ms=272 avg_ms_x10=27 failed=0] [ablation: NO_DC_TIMING=0 CACHE_WINSURF=0 DIRECT_VESA=1]
[13:42:59] [info] kbd/audio block 0: kbd_irq=0 kbd_drain=0 ring_chunks=16 pump_pass=4627 pic1_mask=0xb8 first_irq_ticks=0 install_ticks=0 vector_at_install=0x0083e450 pic1_mask_live=0xb8 kbd_8042_stat=0x34 bios_kbd_head=0x0038 bios_kbd_tail=0x0038 bios_kbd_buf0=0x0e08
[13:42:59] [info] dirty-rect block @flip=2200: total_calls=0 dirty_rects_avg=1 dirty_pct_x10=1000 forced_full=0 first_n_force=0 threshold_exceeded=0 dirty_path_taken=0 full_flush_taken=0
[13:42:59] [info] prev-frame-diff block @flip=2200: diff_calls=0 diff_rects_avg=0 diff_dirty_pct_x10=0 bbox_pct_x10=0 bbox_thresh_exceeded=0
[13:42:59] [info] tas: stall frame 575 ms -> contributing 1 tick (patch 0286)
[13:42:59] [info] backdrop cache: thrashing-detect engaged (streak=4, route=direct)
[13:42:59] [info] flip-probe: flip #2210 ok=true present=3ms inter_flip_ms=40 drawcalls-since-flip=40 drawcalls-total=141600 fail-total=0 null-skips-total=0
[13:42:59] [error] Pixtone::play: sound slot 24 not rendered
[13:42:59] [error] Pixtone::play: sound slot 24 not rendered
[13:42:59] [error] Pixtone::play: sound slot 15 not rendered
[13:43:00] [info] flip-probe: flip #2220 ok=true present=3ms inter_flip_ms=43 drawcalls-since-flip=42 drawcalls-total=142007 fail-total=0 null-skips-total=0
[13:43:00] [info] flip-probe: flip #2230 ok=true present=3ms inter_flip_ms=40 drawcalls-since-flip=43 drawcalls-total=142435 fail-total=0 null-skips-total=0
[13:43:00] [error] Pixtone::play: sound slot 32 not rendered
[13:43:00] [info] flip-probe: flip #2240 ok=true present=2ms inter_flip_ms=42 drawcalls-since-flip=45 drawcalls-total=142873 fail-total=0 null-skips-total=0
[13:43:00] [error] Pixtone::play: sound slot 32 not rendered
[13:43:01] [error] Pixtone::play: sound slot 32 not rendered
[13:43:01] [info] flip-probe: flip #2250 ok=true present=3ms inter_flip_ms=39 drawcalls-since-flip=44 drawcalls-total=143334 fail-total=0 null-skips-total=0
[13:43:01] [error] Pixtone::play: sound slot 15 not rendered
[13:43:01] [info] flip-probe: flip #2260 ok=true present=3ms inter_flip_ms=40 drawcalls-since-flip=42 drawcalls-total=143756 fail-total=0 null-skips-total=0
[13:43:01] [info] backdrop cache: thrashing-detect engaged (streak=64, route=direct)
[13:43:02] [info] flip-probe: flip #2270 ok=true present=3ms inter_flip_ms=41 drawcalls-since-flip=43 drawcalls-total=144177 fail-total=0 null-skips-total=0
[13:43:02] [error] Pixtone::play: sound slot 32 not rendered
[13:43:02] [error] Pixtone::play: sound slot 28 not rendered
[13:43:02] [info] flip-probe: flip #2280 ok=true present=2ms inter_flip_ms=41 drawcalls-since-flip=44 drawcalls-total=144627 fail-total=0 null-skips-total=0
[13:43:02] [info] run_tick_fixed #4800: heartbeat (loop alive)
[13:43:02] [error] Pixtone::play: sound slot 23 not rendered
[13:43:02] [error] Pixtone::play: sound slot 24 not rendered
[13:43:02] [error] Pixtone::play: sound slot 24 not rendered
[13:43:03] [info] flip-probe: flip #2290 ok=true present=3ms inter_flip_ms=39 drawcalls-since-flip=44 drawcalls-total=145067 fail-total=0 null-skips-total=0
[13:43:03] [error] Pixtone::play: sound slot 24 not rendered
[13:43:03] [error] Pixtone::play: sound slot 24 not rendered
[13:43:03] [error] Pixtone::play: sound slot 24 not rendered
[13:43:03] [info] flip-probe: flip #2300 ok=true present=3ms inter_flip_ms=49 drawcalls-since-flip=44 drawcalls-total=145507 fail-total=0 null-skips-total=0
[13:43:03] [info] alpha audit block 0: 3479 total drawcalls, 0 with alpha<255 (block pct_x10=0; global 0/130662 pct_x10=0); alpha-mod skipped: block=0 global=0
[13:43:03] [info] fastpath audit block 0: taken=3479 (idx8=3479) skipped=0 pct_x10=1000; global taken=130662 (idx8=130662) skipped=0 pct_x10=1000
[13:43:03] [info] primitive tally block 0: clear=200(hr=200) fill=0(hr=0) rect=0(hr=0) line=0(hr=0) tint=0 spotlight=0 (over 100 flips ending at flip 2300)
[13:43:03] [info] color/alpha audit block 0: cmod_white=1300 cmod_black=1300 (idx=1300) cmod_general=0 (idx=0) cmod_fb=0; alpha_taken=0 alpha_skipped=0 (global cmod=13731/12225/693/0 idx=12225/693 alpha=0/0)
[13:43:03] [info] phase timing block 0: drawcalls=6283 dc_total_ms=834 flip_inner_total_ms=400 inter_flip_total_ms=4862 (per-flip avg x10: dc_ms=83 fi_ms=40 if_ms=486 derived audio+engine_ms=363; per-drawcall avg us_x10=1328) [direct-vesa: presents=100 total_ms=272 avg_ms_x10=27 failed=0] [ablation: NO_DC_TIMING=0 CACHE_WINSURF=0 DIRECT_VESA=1]
[13:43:03] [info] kbd/audio block 0: kbd_irq=0 kbd_drain=0 ring_chunks=16 pump_pass=4844 pic1_mask=0xb8 first_irq_ticks=0 install_ticks=0 vector_at_install=0x0083e450 pic1_mask_live=0xb8 kbd_8042_stat=0x34 bios_kbd_head=0x0038 bios_kbd_tail=0x0038 bios_kbd_buf0=0x0e08
[13:43:03] [info] dirty-rect block @flip=2300: total_calls=0 dirty_rects_avg=1 dirty_pct_x10=1000 forced_full=0 first_n_force=0 threshold_exceeded=0 dirty_path_taken=0 full_flush_taken=0
[13:43:03] [info] prev-frame-diff block @flip=2300: diff_calls=0 diff_rects_avg=0 diff_dirty_pct_x10=0 bbox_pct_x10=0 bbox_thresh_exceeded=0
[13:43:03] [error] Pixtone::play: sound slot 24 not rendered
[13:43:03] [error] Pixtone::play: sound slot 24 not rendered
[13:43:04] [info] flip-probe: flip #2310 ok=true present=3ms inter_flip_ms=41 drawcalls-since-flip=46 drawcalls-total=145961 fail-total=0 null-skips-total=0
[13:43:04] [error] Pixtone::play: sound slot 24 not rendered
[13:43:04] [error] Pixtone::play: sound slot 24 not rendered
[13:43:04] [error] Pixtone::play: sound slot 24 not rendered
[13:43:04] [info] flip-probe: flip #2320 ok=true present=3ms inter_flip_ms=42 drawcalls-since-flip=18 drawcalls-total=146277 fail-total=0 null-skips-total=0
[13:43:04] [info] backdrop cache: thrashing-detect engaged (streak=4, route=direct)
[13:43:04] [error] Pixtone::play: sound slot 24 not rendered
[13:43:04] [info] flip-probe: flip #2330 ok=true present=2ms inter_flip_ms=38 drawcalls-since-flip=17 drawcalls-total=146448 fail-total=0 null-skips-total=0
[13:43:05] [info] flip-probe: flip #2340 ok=true present=2ms inter_flip_ms=37 drawcalls-since-flip=18 drawcalls-total=146620 fail-total=0 null-skips-total=0
[13:43:05] [info] backdrop cache: thrashing-detect engaged (streak=4, route=direct)
[13:43:05] [info] flip-probe: flip #2350 ok=true present=3ms inter_flip_ms=38 drawcalls-since-flip=19 drawcalls-total=146803 fail-total=0 null-skips-total=0
[13:43:06] [info] flip-probe: flip #2360 ok=true present=3ms inter_flip_ms=37 drawcalls-since-flip=20 drawcalls-total=146997 fail-total=0 null-skips-total=0
[13:43:06] [info] flip-probe: flip #2370 ok=true present=3ms inter_flip_ms=36 drawcalls-since-flip=19 drawcalls-total=147192 fail-total=0 null-skips-total=0
[13:43:06] [info] flip-probe: flip #2380 ok=true present=3ms inter_flip_ms=38 drawcalls-since-flip=18 drawcalls-total=147375 fail-total=0 null-skips-total=0
[13:43:07] [info] flip-probe: flip #2390 ok=true present=3ms inter_flip_ms=38 drawcalls-since-flip=18 drawcalls-total=147555 fail-total=0 null-skips-total=0
[13:43:07] [info] flip-probe: flip #2400 ok=true present=2ms inter_flip_ms=34 drawcalls-since-flip=18 drawcalls-total=147735 fail-total=0 null-skips-total=0
[13:43:07] [info] alpha audit block 0: 1933 total drawcalls, 0 with alpha<255 (block pct_x10=0; global 0/132595 pct_x10=0); alpha-mod skipped: block=0 global=0
[13:43:07] [info] fastpath audit block 0: taken=1933 (idx8=1933) skipped=0 pct_x10=1000; global taken=132595 (idx8=132595) skipped=0 pct_x10=1000
[13:43:07] [info] primitive tally block 0: clear=200(hr=200) fill=0(hr=0) rect=0(hr=0) line=0(hr=0) tint=0 spotlight=0 (over 100 flips ending at flip 2400)
[13:43:07] [info] color/alpha audit block 0: cmod_white=195 cmod_black=195 (idx=195) cmod_general=0 (idx=0) cmod_fb=0; alpha_taken=0 alpha_skipped=0 (global cmod=13926/12420/693/0 idx=12420/693 alpha=0/0)
[13:43:07] [info] phase timing block 0: drawcalls=2534 dc_total_ms=618 flip_inner_total_ms=400 inter_flip_total_ms=4029 (per-flip avg x10: dc_ms=61 fi_ms=40 if_ms=402 derived audio+engine_ms=301; per-drawcall avg us_x10=2441) [direct-vesa: presents=100 total_ms=272 avg_ms_x10=27 failed=0] [ablation: NO_DC_TIMING=0 CACHE_WINSURF=0 DIRECT_VESA=1]
[13:43:07] [info] kbd/audio block 0: kbd_irq=0 kbd_drain=0 ring_chunks=16 pump_pass=5046 pic1_mask=0xb8 first_irq_ticks=0 install_ticks=0 vector_at_install=0x0083e450 pic1_mask_live=0xb8 kbd_8042_stat=0x34 bios_kbd_head=0x0038 bios_kbd_tail=0x0038 bios_kbd_buf0=0x0e08
[13:43:07] [info] dirty-rect block @flip=2400: total_calls=0 dirty_rects_avg=1 dirty_pct_x10=1000 forced_full=0 first_n_force=0 threshold_exceeded=0 dirty_path_taken=0 full_flush_taken=0
[13:43:07] [info] prev-frame-diff block @flip=2400: diff_calls=0 diff_rects_avg=0 diff_dirty_pct_x10=0 bbox_pct_x10=0 bbox_thresh_exceeded=0
[13:43:07] [info] tas: stall frame 324 ms -> contributing 1 tick (patch 0286)
[13:43:07] [info] backdrop cache: thrashing-detect engaged (streak=64, route=direct)
[13:43:08] [info] flip-probe: flip #2410 ok=true present=3ms inter_flip_ms=37 drawcalls-since-flip=18 drawcalls-total=147915 fail-total=0 null-skips-total=0
[13:43:08] [info] flip-probe: flip #2420 ok=true present=3ms inter_flip_ms=38 drawcalls-since-flip=18 drawcalls-total=148095 fail-total=0 null-skips-total=0
[13:43:08] [info] run_tick_fixed #5100: heartbeat (loop alive)
[13:43:09] [info] flip-probe: flip #2430 ok=true present=2ms inter_flip_ms=38 drawcalls-since-flip=18 drawcalls-total=148275 fail-total=0 null-skips-total=0
[13:43:09] [info] flip-probe: flip #2440 ok=true present=3ms inter_flip_ms=40 drawcalls-since-flip=59 drawcalls-total=148824 fail-total=0 null-skips-total=0
[13:43:09] [error] Pixtone::play: sound slot 1 not rendered
[13:43:09] [info] flip-probe: flip #2450 ok=true present=3ms inter_flip_ms=40 drawcalls-since-flip=59 drawcalls-total=149414 fail-total=0 null-skips-total=0
[13:43:10] [info] flip-probe: flip #2460 ok=true present=3ms inter_flip_ms=40 drawcalls-since-flip=59 drawcalls-total=150004 fail-total=0 null-skips-total=0
[13:43:10] [info] backdrop cache: thrashing-detect engaged (streak=124, route=direct)
[13:43:10] [info] tas: end-of-replay auto-exit at tick 5140 (recording exhausted; set DOSKUTSU_TAS_REPLAY_HOLD=1 to disable + observe steady-state past recording end)
[13:43:10] [info] Script engine shutdown.
[13:43:10] [info] Sound system shutdown
[13:43:10] [info] Renderer::Close()
[13:43:10] [info] tas: replay file closed
[13:43:10] [info] [fps-true] flips=2465 render_s=124 fps_mean=19.8 (clock-independent: flips / seconds since the FIRST flip; use THIS for the fps matrix, not inter_flip medians, which are invalid in any cell running the PIT/IRQ-0 music pump)
[RUNMANIFEST-BEGIN]
schema_version=2
environment=realhw
binary_sha12=UNKNOWN
binary_sha12_src=unknown
build_sha12=1f79ce20e4ee
organya_cache_key=1f79ce20e4ee
wave_tag=6X0
scene=
env_block_sha=b6ef098ad6ee
started_rtc_local=2026-11-21T11:33:54
duration_s=140
exit_code=0
fps_true_flips=2465
fps_true_render_s=124
reel_ticks=5140
reel_game_seconds=102.8
per_loop_fps=23.9
overhead_s=22
music_pump_active=0
cpu_vendor=GenuineIntel
cpu_have_cpuid=1
cpu_family=4
cpu_model=3
cpu_stepping=5
cpu_mhz_est=64
cpu_has_fpu=1
cpu_class=486_mid
audio_backend=none
video_logical_wxh=320x240
video_logical_bpp=8
video_vram_kb=4096
video_lfb_or_banked=lfb
audio_is_sb16=0
audio_dsp_ver=NA
audio_dma_path=8bit-low
audio_force_8bit=0
audio_dma_channel=-1
fps_p50=25.6
fps_p95=15.3
fps_sample_n=246
fps_sample_interval=10
pump_clock_state=no-pump
audio_vital_status=NA
regime=NA
banner_required_hit=0
banner_required_total=0
banner_forbidden_hit=0
banner_optional_hit=0
critical_count=0
warn_count=0
perstage_count=12
perstage_00=stage:72 ticks:95 flips:95 fps:50.0
perstage_01=stage:1005 ticks:80 flips:80 fps:50.0
perstage_02=stage:20 ticks:121 flips:70 fps:28.9
perstage_03=stage:11 ticks:456 flips:203 fps:22.2
perstage_04=stage:17 ticks:772 flips:261 fps:16.9
perstage_05=stage:11 ticks:548 flips:254 fps:23.1
perstage_06=stage:15 ticks:663 flips:339 fps:25.5
perstage_07=stage:11 ticks:894 flips:423 fps:23.6
perstage_08=stage:19 ticks:264 flips:115 fps:21.7
perstage_09=stage:11 ticks:435 flips:195 fps:22.4
perstage_10=stage:14 ticks:281 flips:159 fps:28.2
perstage_11=stage:11 ticks:531 flips:270 fps:25.4
[RUNMANIFEST-END]
[13:43:10] [info] [runmanifest-emit] schema=v2 env=realhw binary_sha12=UNKNOWN(unknown) build_sha12=1f79ce20e4ee per_loop_fps=23.9 overhead_s=22 pump=0 dur=140s tag='6X0' scene='' (signals=0x4)
