Logger::init: wave-53 log level=INFO path='LOGS/G51C.LOG'
[08:47:00] [info] config: loaded DOSKUTSU.CFG (1 keys)
[08:47:00] [info] tas: PRNG seed forced to 12345 via DOSKUTSU_TAS_PRNG_SEED
[08:47:00] [info] tas: auto-exit armed at tick 30000 via DOSKUTSU_TAS_AUTO_EXIT_TICK
[08:47:00] [info] tas: replay opened path='QA.TAS' header_seed=12345
[08:47:01] [info] data cache: DISABLED (default)
[08:47:01] [info] Joystick: skipped (default; set DOSKUTSU_USE_JOYSTICK=1 to enable -- skips SDL3-DOS gameport BIOS INT 15h polling, ~82 ms / flip on real HW)
[08:47:01] [info] Loading settings...
[08:47:01] [info] [input-bind] applied=0 invert_y=0 dos_axes=1
[08:47:01] [info] Renderer::initVideo: 8bpp mode requested via SDL_HINT_DOS_MAX_BPP=8 (wave 16); SDL3-DOS will pick the highest-bpp <= 8 mode at requested resolution
[08:47:01] [info] Renderer::initVideo: DOS resolution-label lock ENABLED (default)
[08:47:01] [info] Renderer::initVideo: using: software renderer
[08:47:03] [info] Renderer::initVideo: dirty-rect tracking ENABLED (wave 15, default ON; set SDL_HINT_DOSKUTSU_DIRTY_RECTS=0 to disable)
[08:47:03] [info] Renderer::initVideo: ablation flags: NO_DC_TIMING=0 CACHE_WINSURF=0 NO_INPUT_POLL=0 DIRECT_VESA=1
[08:47:03] [info] Renderer::initVideo: direct-VESA hot path ENABLED (default since wave 20 patch 0088; bypasses SDL_RenderPresent / SDL_UpdateWindowSurface and writes via SDL/0034's PresentFull helper; R2 mitigation handled by SDL/0034 generation counter -- no per-N-flip heartbeat needed; set SDL_HINT_DOSKUTSU_DIRECT_VESA=0 to revert)
[08:47:03] [info] Renderer::initVideo: flip-phase instrumentation DISABLED (default; set SDL_HINT_DOSKUTSU_FLIP_INSTR=1 to opt in for wave-20 Lever A diagnostic)
[08:47:03] [info] Renderer::initVideo: asm opaque-span blit lever DISABLED (default; set SDL_HINT_DOSKUTSU_ASM_BLIT=1 to opt in -- wave-51 _blit_indexed colorkey-blit lever)
[08:47:03] [info] Renderer::initVideo: blit-decomp instrumentation DISABLED (default; set SDL_HINT_DOSKUTSU_BLIT_DECOMP=1 to opt in -- wave-51 _blit_indexed sub-decomp sizing)
[08:47:03] [info] Renderer::initVideo: mds-scroll-decomp instrumentation DISABLED (default; set SDL_HINT_DOSKUTSU_MDS_DECOMP=1 to opt in -- wave-52 mode_draw_scene scrolling-block decomp)
[08:47:03] [info] Renderer::initVideo: DOSVESA pump yield: skipped (default) (per-flip explicit SDL_Delay(0) yield is always on; set SDL_HINT_DOSKUTSU_FORCE_PUMP_YIELD=1 to restore old per-pump yield)
[08:47:03] [info] Renderer::initVideo: indexed-mode (8bpp) ENABLED -- master palette + 107 per-asset remap LUTs loaded (wave 16, default ON; set SDL_HINT_DOSKUTSU_PIXEL_FORMAT_8=0 to disable)
[08:47:03] [info] Renderer::initVideo: master palette attached to window surface (format=SDL_PIXELFORMAT_INDEX8, ncolors=256)
[08:47:03] [info] Renderer::initVideo: indexed-mode smoke: idx0=(0,0,0) OK idx255=(255,0,255) OK
[08:47:03] [info] Renderer::initVideo: indexed-mode smoke: paletteRemapFor('MyChar.pbm') = present
[08:47:03] [info] Surface::loadImage palmap-diag #1: 'data/Loading.pbm' fmt=SDL_PIXELFORMAT_ABGR8888 remap=HIT -> path=truecolor
[08:47:03] [info] Renderer: prev-frame diff DISABLED (default since wave 17.6; set SDL_HINT_DOSKUTSU_PREVFRAME_DIFF=1 to opt in)
[08:47:04] [info] flip-probe: renderer=software window_ptr=8808936 colorspace=301991328 window_size=320x240 framebuffer_pixels=320x240 logical_present=320x240 mode=2
[08:47:04] [info] flip-probe: first flip ok=true present=58ms inter_flip_ms=0 drawcalls-since-flip=1 drawcalls-total=1
[08:47:04] [info] Sound system init
[08:47:04] [info] Sound system: 4-state audio enable (#31) -- music=on sfx=on (MUSIC_OFF/AUDIO_BACKEND=none -> music-off; SFX_OFF/SFX_DEVICE=none -> sfx-off; both gates are dispatch-level, the device still opens; AUDIO_OFF=1 is the device-level both-off).
[08:47:04] [info] Sound system: Tier-2 audio config (default since wave 21 patch 0093; 11025 Hz, 1 channel, buffer pinned to 256 frames). Measured savings on g2k Pentium OverDrive 83 MHz (W21A): heavy-music scenes ~+11 fps vs Tier-1 baseline (measured -10 to -15 ms/flip post-0094 audio fix; W21A's pre-fix -26.6 ms figure was inflated by stereo-vs-mono playback bug, see patch 0094). Audio quality is reduced vs Tier-1 (mono, 11025 Hz, simple-average L+R downmix) but recognizable; user accepted the trade per direction 2026-05-05. Set SDL_HINT_DOSKUTSU_AUDIO_TIER2=0 to revert to Tier-1 22050 stereo (full Cave Story 2004 audio quality; trades fps for fidelity).
[08:47:04] [info] Sound system: SDL_HINT_AUDIO_DEVICE_SAMPLE_FRAMES=256
[08:47:04] [info] Pixtone IRQ rate-divider: handed master_rate=11025 int16/s (SAMPLE_RATE=11025 x AUDIO_CHANNELS=1) to SDL for auto-RATEDIV (SDL/0074 computes shift_div from the resolved device freq).
[08:47:04] [info] Sound system: device frame-rate: requesting 11025 Hz match to master (SDL_DOSAudioSetDeviceFrameRate; SB16 opens at the engine frame rate instead of SDL's 44100 floor -- 4x less PCM/s + no resampler on the Organya/Pixtone path; killswitch SDL_HINT_DOSKUTSU_DOS_AUDIO_DEVICE_RATE_DEFAULT=0).
[08:47:04] [info] audio backend: opl3 (default since wave 46 patch 0139; +8.77 fps vs organya at Mimiga BK_PARALLAX per WAVE-44-OPL3-LOG-ANALYSIS; operator perceptual preference). Probes OPL3 via Adlib timer-1 sequence at SoundManager::init; on probe failure falls back gracefully to organya. Override via SDL_HINT_DOSKUTSU_AUDIO_BACKEND=organya for Cave Story 2004 original synth. Pixtone SFX continues on SB16 DAC unchanged.
[08:47:04] [info] wave-13.6.1: ring_chunks=16 FORCE_PUMP_YIELD=off (set SDL_HINT_DOSKUTSU_AUDIO_RING_CHUNKS=4|8|16 to override; default 16 matches wave 13.6 behaviour)
[08:47:04] [info] MidiScheduler: MIDI source = 'orgmid2' (native-GM org2mid set; resolves to data/orgmid2/<name>.mid).
[08:47:04] [info] opl3 backend probing for OPL3 chip (Adlib timer-1 sequence)...
[08:47:04] [info] opl3 backend: opl3bank.dat loaded 128 programs from 'data/opl3bank.dat' (v1; 1536 bytes payload). Per-program GM patches now use the runtime bank; programs >= 128 fall back to 8-patch family bucket. Drum channel (MIDI ch 9) unchanged (uses PATCH_DRUM regardless of bank loading).
[08:47:04] [info] opl3 backend ready (OPL3 detected via Adlib timer-1; InitChip applied 18 x 2-op layout; voice allocator armed). Patch bank state: runtime opl3bank.dat ACTIVE (loaded_count=128; programs >= loaded_count fall back to 8-patch placeholder covering GM family categories piano/mallet/organ/guitar/strings/brass/reed/pad). Phase 10.5 path: ship a fuller community bank as data/opl3bank.dat (DOPL3v1 format; 12-byte SBI records per GM program; loader at MidiBackendOpl3 ctor).
[08:47:04] [info] opl3 backend: PATCH_ORGAN + PATCH_MALLET RR=8 (medium release; wub-wub fix per patch 0171; was RR=0 in slot 0103 placeholder -- KEY-OFF couldn't silence; H6 reg 0xBD wave-47 falsified; H1+H5/RR=0 byte-level bug root per WAVE-46/47 analysis)
[08:47:04] [info] Sound system: MidiScheduler armed with MidiBackendOpl3 (patch 0103 Phase 10 Stage 4). Music dispatch routes via SMF parser + 18 x 2-op OPL3 voice allocator + small inline patch bank (community-sourced from Apogee Sound System / AdLib SBI public-domain refs). Pixtone SFX still active on SB16 DAC.
[08:47:04] [info] Sound system: idle-pause skipped (default OFF since patch 0119; backend=opl3 would qualify but operator did not opt-in via SDL_HINT_DOSKUTSU_IDLE_PAUSE=1). DSP stays in continuous-stream mode. Re-enable for an A/B iter once SDL/0037 ForcePause non-engagement is rooted out (task #17).
[08:47:04] [warn] Music dir Ogg/ doesn't exist
[08:47:04] [warn] Music dir Ogg11/ doesn't exist
[08:47:04] [warn] Music dir Ogg17/ doesn't exist
[08:47:04] [warn] Music dir Ogg_ridic/ doesn't exist
[08:47:04] [info] Loading Sound FX...
[08:47:05] [info] [pxt-cache] init(): HIT (loaded cache; render skipped)
[08:47:08] [info] Organya init...
[08:47:08] [info] Organya init done
[08:47:11] [info] gus SFX gain [nx0259]: 70% (SDL_HINT_DOSKUTSU_GUS_SFX_GAIN; scales the GF1 SFX voice volume to balance against velocity/CC-scaled GUS music; default 70, clamp 0..150).
[08:47:11] [info] pixtone IRQ-mix: ENABLED (default; SDL backend engaged; set SDL_HINT_DOSKUTSU_PIXTONE_IRQ_MIX=0 to disable)
[08:47:11] [info] Pixtone::setVolume: L3 active -- mid-play SFX volume updates are no-op in v1 (v2 candidate: SDL_DOSPixtoneSetGain API). gain_x256=256 stored for subsequent SDL_DOSPixtoneStart calls; currently-playing L3 channels unaffected.
[08:47:11] [info] midi ISR tick: engine registered tick_isr callback (L2b active; default ON; set SDL_HINT_DOSKUTSU_MIDI_ISR_TICK=0 to disable)
[08:47:11] [info] menu slide-in fixed-timestep: ENABLED (default; slide advances at 50 Hz logic rate)
[08:47:11] [info] Reading npc.tbl...
[08:47:11] [info] Loading tilekey.dat.
[08:47:12] [info] Script engine init.
[08:47:12] [info] Entering main loop...
[08:47:12] [info] audio mid-gap pump: DISABLED (default)
[08:47:12] [info] TAS fixed-timestep guard: ENABLED (default) (patch 0280; load_stage wall-clock kept out of the FT accumulator so TAS replay advances at a true 50 Hz; set SDL_HINT_DOSKUTSU_TAS_FT_GUARD=0 to disable)
[08:47:12] [info] load_stage ring+DMA silence flush: ENABLED (default) (set SDL_HINT_DOSKUTSU_LOADSTAGE_SILENCE=0 to disable)
[08:47:12] [info] load-band audio-underrun probe: DISABLED (default) (opt-in SDL_HINT_DOSKUTSU_LOADBAND_STAT=1)
[08:47:12] [info]  >> Entering stage 72: 'u'.
[08:47:12] [info] skip sheet flush: ENABLED (default) (SFXPAUSE-012 SHIPPED FIX; sprite sheets stay resident across caves so no per-cave re-decode -> no fire-frame pause; map_flush_graphics tilemap cache still flushes; set SDL_HINT_DOSKUTSU_SKIP_SHEET_FLUSH=0 to restore the old per-cave flush)
[08:47:12] [info] [skip-sheet-flush] cave=1
[08:47:12] [info] eager action sheets: ENABLED (default) (first-fire hitch fix: pre-loads the weapon bullet + hit/muzzle/trail caret sheets at stage load so the first fire/impact does not lazy-decode mid-gameplay; set SDL_HINT_DOSKUTSU_EAGER_ACTION_SHEETS=0 to restore lazy load)
[08:47:12] [info] Surface::loadImage palmap-diag #2: 'data/Bullet.pbm' fmt=SDL_PIXELFORMAT_ABGR8888 remap=HIT -> path=truecolor
[08:47:12] [info] Surface::loadImage palmap-diag #3: 'data/Arms.pbm' fmt=SDL_PIXELFORMAT_ABGR8888 remap=HIT -> path=truecolor
[08:47:12] [info] Surface::loadImage palmap-diag #4: 'data/Caret.pbm' fmt=SDL_PIXELFORMAT_ABGR8888 remap=HIT -> path=truecolor
[08:47:13] [info] Surface::loadImage palmap-diag #5: 'data/Npc/NpcSym.pbm' fmt=SDL_PIXELFORMAT_ABGR8888 remap=HIT -> path=truecolor
[08:47:13] [info] [eager-action-sheets] cave=1 sheets=4 wall_ms=1043
[08:47:13] [info] Surface::loadImage palmap-diag #6: 'data/Stage/PrtWhite.pbm' fmt=SDL_PIXELFORMAT_ABGR8888 remap=HIT -> path=truecolor
[08:47:13] [info] load_stage: entry-music preload ENABLED (default) (set SDL_HINT_DOSKUTSU_PRELOAD_STAGE_MUSIC=0 to disable)
[08:47:13] [info] Surface::loadImage palmap-diag #7: 'data/bk0.pbm' fmt=SDL_PIXELFORMAT_ABGR8888 remap=HIT -> path=truecolor
[08:47:13] [info] gameloop: entered (curmap=72, running=1)
[08:47:13] [info] gameloop: iter 1 ticks=13068 mapno=-1
[08:47:13] [info] fixed-timestep: ENABLED (default; logic 50 Hz, decoupled from render)
[08:47:13] [info] map: BG skip-when-unchanged DISABLED (default) (set SDL_HINT_DOSKUTSU_BG_SKIP_WHEN_UNCHANGED=1 to enable; default OFF since wave-61 -- abandoned, it shipped a backdrop-black flicker and its +0.87 fps was below the noise floor)
[08:47:14] [info] map: skip-redundant-clear lever ENABLED (default since wave-53 promotion)
[08:47:14] [info] perf-mode: level=0 (faithful (default))
[08:47:14] [info] Surface::loadImage palmap-diag #8: 'data/Npc/NpcKings.pbm' fmt=SDL_PIXELFORMAT_ABGR8888 remap=HIT -> path=truecolor
[08:47:14] [info] audio tick-boundary pump: DISABLED (default)
[08:47:14] [info] gameloop: iter 2 ticks=13374 mapno=-1
[08:47:14] [info] gameloop: iter 3 ticks=13418 mapno=-1
[08:47:14] [info] direct-vesa: snapshot @gen=2 use_dosmemput=1 banked_multibank=1 pitches_match=1 vram_w=320 vram_h=240 vram_pitch=320 bpp=1 fb_size=76800 vram_phys=0x000a0000 vram_ptr=0x00000000
[08:47:14] [info] flip-probe: flip #10 ok=true present=4ms inter_flip_ms=23 drawcalls-since-flip=6 drawcalls-total=43 fail-total=0 null-skips-total=0
[08:47:14] [info] flip-probe: flip #20 ok=true present=4ms inter_flip_ms=23 drawcalls-since-flip=4 drawcalls-total=92 fail-total=0 null-skips-total=0
[08:47:15] [info] flip-probe: flip #30 ok=true present=4ms inter_flip_ms=41 drawcalls-since-flip=326 drawcalls-total=2707 fail-total=0 null-skips-total=0
[08:47:15] [info] flip-probe: flip #40 ok=true present=4ms inter_flip_ms=35 drawcalls-since-flip=264 drawcalls-total=5837 fail-total=0 null-skips-total=0
[08:47:15] [info] flip-probe: flip #50 ok=true present=4ms inter_flip_ms=24 drawcalls-since-flip=67 drawcalls-total=7392 fail-total=0 null-skips-total=0
[08:47:16] [info] flip-probe: flip #60 ok=true present=4ms inter_flip_ms=20 drawcalls-since-flip=4 drawcalls-total=7502 fail-total=0 null-skips-total=0
[08:47:16] [info] flip-probe: flip #70 ok=true present=5ms inter_flip_ms=20 drawcalls-since-flip=6 drawcalls-total=7557 fail-total=0 null-skips-total=0
[08:47:16] [info] flip-probe: flip #80 ok=true present=4ms inter_flip_ms=20 drawcalls-since-flip=0 drawcalls-total=7586 fail-total=0 null-skips-total=0
[08:47:16] [info] flip-probe: flip #90 ok=true present=4ms inter_flip_ms=20 drawcalls-since-flip=0 drawcalls-total=7586 fail-total=0 null-skips-total=0
[08:47:16] [info] title: eager-title-IO phase tag ENABLED (default) (set SDL_HINT_DOSKUTSU_EAGER_TITLE_IO=0 to disable)
[08:47:17] [warn] MidiScheduler::_refresh_isr_buffer: track has 27749 events; ISR buffer is 16384 (truncated; events after 16384 will not dispatch under L2b ON -- the engine-thread tick() path still uses _events directly under L2b OFF)
[08:47:17] [info] MidiScheduler::load: parsed 'data/orgmid2/curly.mid' = 27749 events at 48 PPQ
[08:47:17] [info] opl3 backend: on_song_start
[08:47:17] [info] gameloop: entered (curmap=1005, running=1)
[08:47:17] [info] gameloop: iter 1 ticks=16812 mapno=-1
[08:47:17] [info] map: backdrop cache ENABLED (default) (set SDL_HINT_DOSKUTSU_BACKDROP_CACHE=0 to disable)
[08:47:18] [info] gameloop: iter 2 ticks=17341 mapno=-1
[08:47:18] [info] gameloop: iter 3 ticks=17378 mapno=-1
[08:47:18] [info] backdrop cache: thrashing-detect engaged (streak=4, route=direct)
[08:47:18] [info] flip-probe: flip #100 ok=true present=4ms inter_flip_ms=28 drawcalls-since-flip=75 drawcalls-total=7886 fail-total=0 null-skips-total=0
[08:47:18] [info] alpha audit block 0: 7798 total drawcalls, 0 with alpha<255 (block pct_x10=0; global 0/7798 pct_x10=0); alpha-mod skipped: block=0 global=0
[08:47:18] [info] fastpath audit block 0: taken=7798 (idx8=7798) skipped=0 pct_x10=1000; global taken=7798 (idx8=7798) skipped=0 pct_x10=1000
[08:47:18] [info] primitive tally block 0: clear=220(hr=220) fill=0(hr=0) rect=0(hr=0) line=0(hr=0) tint=0 spotlight=0 (over 100 flips ending at flip 100)
[08:47:18] [info] color/alpha audit block 0: cmod_white=104 cmod_black=0 (idx=0) cmod_general=84 (idx=84) cmod_fb=0; alpha_taken=0 alpha_skipped=0 (global cmod=104/0/84/0 idx=0/84 alpha=0/0)
[08:47:18] [info] phase timing block 0: drawcalls=8209 dc_total_ms=913 flip_inner_total_ms=657 inter_flip_total_ms=14354 (per-flip avg x10: dc_ms=91 fi_ms=65 if_ms=1435 derived audio+engine_ms=1279; per-drawcall avg us_x10=1112) [direct-vesa: presents=97 total_ms=396 avg_ms_x10=40 failed=0] [ablation: NO_DC_TIMING=0 CACHE_WINSURF=0 DIRECT_VESA=1]
[08:47:18] [info] kbd/audio block 0: kbd_irq=0 kbd_drain=0 ring_chunks=16 pump_pass=99 pic1_mask=0xb8 first_irq_ticks=0 install_ticks=0 vector_at_install=0x00849f38 pic1_mask_live=0x38 kbd_8042_stat=0x34 bios_kbd_head=0x002e bios_kbd_tail=0x002e bios_kbd_buf0=0x2e63
[08:47:18] [info] audio/engine split block 0: audio_mixer_calls=0 audio_mixer_ms_x10=0 engine_tick_calls=99 engine_tick_ms_x10=348 audio_service_calls=0 audio_service_ms_x10=0 (per-flip avg; per-call us_x10: audio_mix=0 engine_tick=351862 audio_service=0; global ns: audio_mix=0 engine_tick=3483438366 audio_service=0)
[08:47:18] [info] pixtone multi-source probe: DISABLED (default)
[08:47:18] [info] dirty-rect block @flip=100: total_calls=0 dirty_rects_avg=0 dirty_pct_x10=990 forced_full=0 first_n_force=3 threshold_exceeded=2 dirty_path_taken=0 full_flush_taken=3
[08:47:18] [info] prev-frame-diff block @flip=100: diff_calls=0 diff_rects_avg=0 diff_dirty_pct_x10=0 bbox_pct_x10=0 bbox_thresh_exceeded=0
[08:47:18] [info] flip-probe: flip #110 ok=true present=4ms inter_flip_ms=23 drawcalls-since-flip=75 drawcalls-total=8636 fail-total=0 null-skips-total=0
[08:47:18] [info] flip-probe: flip #120 ok=true present=4ms inter_flip_ms=23 drawcalls-since-flip=75 drawcalls-total=9386 fail-total=0 null-skips-total=0
[08:47:19] [info] flip-probe: flip #130 ok=true present=4ms inter_flip_ms=19 drawcalls-since-flip=0 drawcalls-total=9986 fail-total=0 null-skips-total=0
[08:47:19] [info] Loading profile from profile.dat
[08:47:19] [error] profile_load: unable to open 'profile.dat'
[08:47:19] [info] Loading profile from profile2.dat
[08:47:19] [error] profile_load: unable to open 'profile2.dat'
[08:47:19] [info] Loading profile from profile3.dat
[08:47:19] [info] Loading profile from profile4.dat
[08:47:19] [error] profile_load: unable to open 'profile4.dat'
[08:47:19] [info] Loading profile from profile5.dat
[08:47:19] [info] flip-probe: flip #140 ok=true present=4ms inter_flip_ms=32 drawcalls-since-flip=214 drawcalls-total=10842 fail-total=0 null-skips-total=0
[08:47:19] [info] flip-probe: flip #150 ok=true present=4ms inter_flip_ms=32 drawcalls-since-flip=214 drawcalls-total=12982 fail-total=0 null-skips-total=0
[08:47:19] [info] Writing settings...
[08:47:20] [info] flip-probe: flip #160 ok=true present=4ms inter_flip_ms=20 drawcalls-since-flip=0 drawcalls-total=13846 fail-total=0 null-skips-total=0
[08:47:20] [info] gameloop: iter 600 ticks=19407 mapno=-1
[08:47:20] [info] flip-probe: flip #170 ok=true present=4ms inter_flip_ms=25 drawcalls-since-flip=0 drawcalls-total=13846 fail-total=0 null-skips-total=0
[08:47:20] [info] opl3 backend: on_song_stop
[08:47:20] [info] Loading profile from profile5.dat
[08:47:20] [info]  >> Entering stage 20: 'Save Point'.
[08:47:20] [info] [skip-sheet-flush] cave=2
[08:47:21] [info] MidiScheduler::load: parsed 'data/orgmid2/mura.mid' = 7123 events at 48 PPQ
[08:47:21] [info] opl3 backend: on_song_start
[08:47:21] [info] gameloop: entered (curmap=20, running=1)
[08:47:21] [info] gameloop: iter 1 ticks=20266 mapno=-1
[08:47:21] [info] TAS stall discount: ENABLED (default) (patch 0286; a replay frame over 150 ms is a load, not slow rendering, so it contributes 1 tick instead of its wall-clock; set SDL_HINT_DOSKUTSU_TAS_STALL_DISCOUNT=0 to disable)
[08:47:21] [info] TAS accumulator clamp: DISABLED (default) (patch 0281; caps the FT accumulator delta at one tick during TAS so a stalled frame cannot race the replay index; set SDL_HINT_DOSKUTSU_TAS_FT_GUARD=0 to disable)
[08:47:21] [info] gameloop: iter 2 ticks=20304 mapno=-1
[08:47:21] [info] gameloop: iter 3 ticks=20330 mapno=-1
[08:47:21] [info] flip-probe: flip #180 ok=true present=4ms inter_flip_ms=21 drawcalls-since-flip=17 drawcalls-total=13971 fail-total=0 null-skips-total=0
[08:47:21] [info] flip-probe: flip #190 ok=true present=5ms inter_flip_ms=22 drawcalls-since-flip=17 drawcalls-total=14141 fail-total=0 null-skips-total=0
[08:47:21] [info] flip-probe: flip #200 ok=true present=4ms inter_flip_ms=21 drawcalls-since-flip=17 drawcalls-total=14311 fail-total=0 null-skips-total=0
[08:47:21] [info] alpha audit block 0: 5788 total drawcalls, 0 with alpha<255 (block pct_x10=0; global 0/13586 pct_x10=0); alpha-mod skipped: block=0 global=0
[08:47:21] [info] fastpath audit block 0: taken=5788 (idx8=5788) skipped=0 pct_x10=1000; global taken=13586 (idx8=13586) skipped=0 pct_x10=1000
[08:47:21] [info] primitive tally block 0: clear=201(hr=201) fill=0(hr=0) rect=0(hr=0) line=0(hr=0) tint=0 spotlight=0 (over 100 flips ending at flip 200)
[08:47:21] [info] color/alpha audit block 0: cmod_white=1438 cmod_black=0 (idx=0) cmod_general=609 (idx=609) cmod_fb=0; alpha_taken=0 alpha_skipped=0 (global cmod=1542/0/693/0 idx=0/693 alpha=0/0)
[08:47:21] [info] phase timing block 0: drawcalls=8036 dc_total_ms=880 flip_inner_total_ms=554 inter_flip_total_ms=3379 (per-flip avg x10: dc_ms=88 fi_ms=55 if_ms=337 derived audio+engine_ms=194; per-drawcall avg us_x10=1095) [direct-vesa: presents=100 total_ms=404 avg_ms_x10=40 failed=0] [ablation: NO_DC_TIMING=0 CACHE_WINSURF=0 DIRECT_VESA=1]
[08:47:21] [info] kbd/audio block 0: kbd_irq=0 kbd_drain=0 ring_chunks=16 pump_pass=201 pic1_mask=0xb8 first_irq_ticks=0 install_ticks=0 vector_at_install=0x00849f38 pic1_mask_live=0x38 kbd_8042_stat=0x34 bios_kbd_head=0x002e bios_kbd_tail=0x002e bios_kbd_buf0=0x2e63
[08:47:21] [info] audio/engine split block 0: audio_mixer_calls=0 audio_mixer_ms_x10=0 engine_tick_calls=76 engine_tick_ms_x10=130 audio_service_calls=0 audio_service_ms_x10=0 (per-flip avg; per-call us_x10: audio_mix=0 engine_tick=171402 audio_service=0; global ns: audio_mix=0 engine_tick=4786100161 audio_service=0)
[08:47:21] [info] dirty-rect block @flip=200: total_calls=0 dirty_rects_avg=1 dirty_pct_x10=1000 forced_full=0 first_n_force=0 threshold_exceeded=0 dirty_path_taken=0 full_flush_taken=0
[08:47:21] [info] prev-frame-diff block @flip=200: diff_calls=0 diff_rects_avg=0 diff_dirty_pct_x10=0 bbox_pct_x10=0 bbox_thresh_exceeded=0
[08:47:21] [info] flip-probe: flip #210 ok=true present=4ms inter_flip_ms=21 drawcalls-since-flip=17 drawcalls-total=14481 fail-total=0 null-skips-total=0
[08:47:22] [info] flip-probe: flip #220 ok=true present=4ms inter_flip_ms=22 drawcalls-since-flip=17 drawcalls-total=14651 fail-total=0 null-skips-total=0
[08:47:22] [info] flip-probe: flip #230 ok=true present=4ms inter_flip_ms=22 drawcalls-since-flip=17 drawcalls-total=14821 fail-total=0 null-skips-total=0
[08:47:22] [info] flip-probe: flip #240 ok=true present=4ms inter_flip_ms=21 drawcalls-since-flip=17 drawcalls-total=14991 fail-total=0 null-skips-total=0
[08:47:22] [info] flip-probe: flip #250 ok=true present=4ms inter_flip_ms=22 drawcalls-since-flip=17 drawcalls-total=15161 fail-total=0 null-skips-total=0
[08:47:23] [info] flip-probe: flip #260 ok=true present=4ms inter_flip_ms=29 drawcalls-since-flip=182 drawcalls-total=15808 fail-total=0 null-skips-total=0
[08:47:23] [info] flip-probe: flip #270 ok=true present=4ms inter_flip_ms=43 drawcalls-since-flip=358 drawcalls-total=19188 fail-total=0 null-skips-total=0
[08:47:23] [info]  >> Entering stage 11: 'Mimiga Village'.
[08:47:23] [info] [skip-sheet-flush] cave=3
[08:47:23] [info] [load-stage] preloading entry music song=9 (cave=3)
[08:47:24] [info] gameloop: entered (curmap=11, running=1)
[08:47:24] [info] gameloop: iter 1 ticks=23128 mapno=-1
[08:47:24] [info] map: mds_clear LUT ENABLED (default) (set SDL_HINT_DOSKUTSU_MDS_CLEAR_LUT=0 to disable; default ON; patch 0144 wave-49 bandwidth lever)
[08:47:24] [info] mds-clear-lut: rebuilt N=240 entries (k_skip=0% k_keep=100%; curmap=11 map_size=60x60; rebuild #1 since boot)
[08:47:24] [info] backdrop thrash full-cover ENABLED (default) (set SDL_HINT_DOSKUTSU_THRASH_FULLCOVER=0 to disable)
[08:47:24] [info] [bd-diag] backdrop render-path diag disabled (default) (set SDL_HINT_DOSKUTSU_BACKDROP_DIAG=1 to enable)
[08:47:24] [info] gameloop: iter 2 ticks=23349 mapno=-1
[08:47:24] [info] tas: stall frame 219 ms -> contributing 1 tick (patch 0286)
[08:47:24] [info] gameloop: iter 3 ticks=23422 mapno=-1
[08:47:24] [info] flip-probe: flip #280 ok=true present=4ms inter_flip_ms=58 drawcalls-since-flip=372 drawcalls-total=22235 fail-total=0 null-skips-total=0
[08:47:24] [info] backdrop cache: thrashing-detect engaged (streak=4, route=direct)
[08:47:24] [info] flip-probe: flip #290 ok=true present=4ms inter_flip_ms=31 drawcalls-since-flip=43 drawcalls-total=23350 fail-total=0 null-skips-total=0
[08:47:25] [info] flip-probe: flip #300 ok=true present=4ms inter_flip_ms=34 drawcalls-since-flip=43 drawcalls-total=23780 fail-total=0 null-skips-total=0
[08:47:25] [info] alpha audit block 0: 9091 total drawcalls, 0 with alpha<255 (block pct_x10=0; global 0/22677 pct_x10=0); alpha-mod skipped: block=0 global=0
[08:47:25] [info] fastpath audit block 0: taken=9091 (idx8=9091) skipped=0 pct_x10=1000; global taken=22677 (idx8=22677) skipped=0 pct_x10=1000
[08:47:25] [info] primitive tally block 0: clear=202(hr=202) fill=0(hr=0) rect=0(hr=0) line=0(hr=0) tint=0 spotlight=0 (over 100 flips ending at flip 300)
[08:47:25] [info] color/alpha audit block 0: cmod_white=351 cmod_black=351 (idx=351) cmod_general=0 (idx=0) cmod_fb=0; alpha_taken=0 alpha_skipped=0 (global cmod=1893/351/693/0 idx=351/693 alpha=0/0)
[08:47:25] [info] phase timing block 0: drawcalls=10002 dc_total_ms=854 flip_inner_total_ms=550 inter_flip_total_ms=3618 (per-flip avg x10: dc_ms=85 fi_ms=55 if_ms=361 derived audio+engine_ms=221; per-drawcall avg us_x10=854) [direct-vesa: presents=100 total_ms=402 avg_ms_x10=40 failed=0] [ablation: NO_DC_TIMING=0 CACHE_WINSURF=0 DIRECT_VESA=1]
[08:47:25] [info] kbd/audio block 0: kbd_irq=0 kbd_drain=0 ring_chunks=16 pump_pass=350 pic1_mask=0xb8 first_irq_ticks=0 install_ticks=0 vector_at_install=0x00849f38 pic1_mask_live=0x38 kbd_8042_stat=0x34 bios_kbd_head=0x002e bios_kbd_tail=0x002e bios_kbd_buf0=0x2e63
[08:47:25] [info] [tile-speedup-stat n=100 drawtile_us=52.23 raw_blit_us=48.30 ratio=1.08]
[08:47:25] [info] dirty-rect block @flip=300: total_calls=100 dirty_rects_avg=1 dirty_pct_x10=1000 forced_full=0 first_n_force=0 threshold_exceeded=0 dirty_path_taken=0 full_flush_taken=0
[08:47:25] [info] prev-frame-diff block @flip=300: diff_calls=0 diff_rects_avg=0 diff_dirty_pct_x10=0 bbox_pct_x10=0 bbox_thresh_exceeded=0
[08:47:25] [info] backdrop cache: thrashing-detect engaged (streak=4, route=direct)
[08:47:25] [info] flip-probe: flip #310 ok=true present=5ms inter_flip_ms=35 drawcalls-since-flip=47 drawcalls-total=24338 fail-total=0 null-skips-total=0
[08:47:26] [info] flip-probe: flip #320 ok=true present=4ms inter_flip_ms=33 drawcalls-since-flip=44 drawcalls-total=24787 fail-total=0 null-skips-total=0
[08:47:26] [info] flip-probe: flip #330 ok=true present=4ms inter_flip_ms=32 drawcalls-since-flip=43 drawcalls-total=25217 fail-total=0 null-skips-total=0
[08:47:26] [info] flip-probe: flip #340 ok=true present=4ms inter_flip_ms=36 drawcalls-since-flip=43 drawcalls-total=25647 fail-total=0 null-skips-total=0
[08:47:27] [info] flip-probe: flip #350 ok=true present=4ms inter_flip_ms=33 drawcalls-since-flip=43 drawcalls-total=26077 fail-total=0 null-skips-total=0
[08:47:27] [info] flip-probe: flip #360 ok=true present=4ms inter_flip_ms=34 drawcalls-since-flip=43 drawcalls-total=26507 fail-total=0 null-skips-total=0
[08:47:27] [info] backdrop cache: thrashing-detect engaged (streak=64, route=direct)
[08:47:27] [info] flip-probe: flip #370 ok=true present=4ms inter_flip_ms=34 drawcalls-since-flip=43 drawcalls-total=26937 fail-total=0 null-skips-total=0
[08:47:28] [info] flip-probe: flip #380 ok=true present=4ms inter_flip_ms=29 drawcalls-since-flip=43 drawcalls-total=27367 fail-total=0 null-skips-total=0
[08:47:28] [info] flip-probe: flip #390 ok=true present=5ms inter_flip_ms=31 drawcalls-since-flip=43 drawcalls-total=27797 fail-total=0 null-skips-total=0
[08:47:28] [info] flip-probe: flip #400 ok=true present=4ms inter_flip_ms=30 drawcalls-since-flip=17 drawcalls-total=28045 fail-total=0 null-skips-total=0
[08:47:28] [info] alpha audit block 0: 2956 total drawcalls, 0 with alpha<255 (block pct_x10=0; global 0/25633 pct_x10=0); alpha-mod skipped: block=0 global=0
[08:47:28] [info] fastpath audit block 0: taken=2956 (idx8=2956) skipped=0 pct_x10=1000; global taken=25633 (idx8=25633) skipped=0 pct_x10=1000
[08:47:28] [info] primitive tally block 0: clear=200(hr=200) fill=0(hr=0) rect=0(hr=0) line=0(hr=0) tint=0 spotlight=0 (over 100 flips ending at flip 400)
[08:47:28] [info] color/alpha audit block 0: cmod_white=1209 cmod_black=1209 (idx=1209) cmod_general=0 (idx=0) cmod_fb=0; alpha_taken=0 alpha_skipped=0 (global cmod=3102/1560/693/0 idx=1560/693 alpha=0/0)
[08:47:28] [info] phase timing block 0: drawcalls=5578 dc_total_ms=630 flip_inner_total_ms=556 inter_flip_total_ms=3468 (per-flip avg x10: dc_ms=63 fi_ms=55 if_ms=346 derived audio+engine_ms=228; per-drawcall avg us_x10=1130) [direct-vesa: presents=100 total_ms=404 avg_ms_x10=40 failed=0] [ablation: NO_DC_TIMING=0 CACHE_WINSURF=0 DIRECT_VESA=1]
[08:47:28] [info] kbd/audio block 0: kbd_irq=0 kbd_drain=0 ring_chunks=16 pump_pass=523 pic1_mask=0xb8 first_irq_ticks=0 install_ticks=0 vector_at_install=0x00849f38 pic1_mask_live=0x38 kbd_8042_stat=0x34 bios_kbd_head=0x002e bios_kbd_tail=0x002e bios_kbd_buf0=0x2e63
[08:47:28] [info] dirty-rect block @flip=400: total_calls=0 dirty_rects_avg=1 dirty_pct_x10=1000 forced_full=0 first_n_force=0 threshold_exceeded=0 dirty_path_taken=0 full_flush_taken=0
[08:47:28] [info] prev-frame-diff block @flip=400: diff_calls=0 diff_rects_avg=0 diff_dirty_pct_x10=0 bbox_pct_x10=0 bbox_thresh_exceeded=0
[08:47:29] [info] flip-probe: flip #410 ok=true present=4ms inter_flip_ms=30 drawcalls-since-flip=17 drawcalls-total=28215 fail-total=0 null-skips-total=0
[08:47:29] [info] flip-probe: flip #420 ok=true present=4ms inter_flip_ms=33 drawcalls-since-flip=20 drawcalls-total=28402 fail-total=0 null-skips-total=0
[08:47:29] [info] backdrop cache: thrashing-detect engaged (streak=124, route=direct)
[08:47:29] [info] flip-probe: flip #430 ok=true present=4ms inter_flip_ms=28 drawcalls-since-flip=18 drawcalls-total=28592 fail-total=0 null-skips-total=0
[08:47:30] [info] flip-probe: flip #440 ok=true present=4ms inter_flip_ms=30 drawcalls-since-flip=17 drawcalls-total=28762 fail-total=0 null-skips-total=0
[08:47:30] [info] run_tick_fixed #600: heartbeat (loop alive)
[08:47:30] [info] flip-probe: flip #450 ok=true present=6ms inter_flip_ms=30 drawcalls-since-flip=18 drawcalls-total=28936 fail-total=0 null-skips-total=0
[08:47:30] [info] flip-probe: flip #460 ok=true present=4ms inter_flip_ms=33 drawcalls-since-flip=16 drawcalls-total=29116 fail-total=0 null-skips-total=0
[08:47:31] [info] flip-probe: flip #470 ok=true present=4ms inter_flip_ms=34 drawcalls-since-flip=15 drawcalls-total=29270 fail-total=0 null-skips-total=0
[08:47:31] [info] flip-probe: flip #480 ok=true present=4ms inter_flip_ms=33 drawcalls-since-flip=17 drawcalls-total=29432 fail-total=0 null-skips-total=0
[08:47:31] [info] backdrop cache: thrashing-detect engaged (streak=184, route=direct)
[08:47:31] [info] flip-probe: flip #490 ok=true present=4ms inter_flip_ms=33 drawcalls-since-flip=18 drawcalls-total=29614 fail-total=0 null-skips-total=0
[08:47:32] [info] flip-probe: flip #500 ok=true present=5ms inter_flip_ms=32 drawcalls-since-flip=15 drawcalls-total=29773 fail-total=0 null-skips-total=0
[08:47:32] [info] alpha audit block 0: 1628 total drawcalls, 0 with alpha<255 (block pct_x10=0; global 0/27261 pct_x10=0); alpha-mod skipped: block=0 global=0
[08:47:32] [info] fastpath audit block 0: taken=1628 (idx8=1628) skipped=0 pct_x10=1000; global taken=27261 (idx8=27261) skipped=0 pct_x10=1000
[08:47:32] [info] primitive tally block 0: clear=200(hr=200) fill=0(hr=0) rect=0(hr=0) line=0(hr=0) tint=0 spotlight=0 (over 100 flips ending at flip 500)
[08:47:32] [info] phase timing block 0: drawcalls=1828 dc_total_ms=488 flip_inner_total_ms=547 inter_flip_total_ms=3261 (per-flip avg x10: dc_ms=48 fi_ms=54 if_ms=326 derived audio+engine_ms=224; per-drawcall avg us_x10=2674) [direct-vesa: presents=100 total_ms=406 avg_ms_x10=40 failed=0] [ablation: NO_DC_TIMING=0 CACHE_WINSURF=0 DIRECT_VESA=1]
[08:47:32] [info] kbd/audio block 0: kbd_irq=0 kbd_drain=0 ring_chunks=16 pump_pass=686 pic1_mask=0xb8 first_irq_ticks=0 install_ticks=0 vector_at_install=0x00849f38 pic1_mask_live=0x38 kbd_8042_stat=0x34 bios_kbd_head=0x002e bios_kbd_tail=0x002e bios_kbd_buf0=0x2e63
[08:47:32] [info] dirty-rect block @flip=500: total_calls=0 dirty_rects_avg=1 dirty_pct_x10=1000 forced_full=0 first_n_force=0 threshold_exceeded=0 dirty_path_taken=0 full_flush_taken=0
[08:47:32] [info] prev-frame-diff block @flip=500: diff_calls=0 diff_rects_avg=0 diff_dirty_pct_x10=0 bbox_pct_x10=0 bbox_thresh_exceeded=0
[08:47:32] [info] flip-probe: flip #510 ok=true present=4ms inter_flip_ms=34 drawcalls-since-flip=15 drawcalls-total=29923 fail-total=0 null-skips-total=0
[08:47:32] [info] flip-probe: flip #520 ok=true present=4ms inter_flip_ms=40 drawcalls-since-flip=154 drawcalls-total=30321 fail-total=0 null-skips-total=0
[08:47:33] [info] flip-probe: flip #530 ok=true present=4ms inter_flip_ms=54 drawcalls-since-flip=319 drawcalls-total=33211 fail-total=0 null-skips-total=0
[08:47:33] [info]  >> Entering stage 17: 'Yamashita Farm'.
[08:47:33] [info] [skip-sheet-flush] cave=4
[08:47:33] [info] [load-stage] preloading entry music song=13 (cave=4)
[08:47:33] [info] opl3 backend: on_song_stop
[08:47:33] [info] MidiScheduler::load: parsed 'data/orgmid2/plant.mid' = 6246 events at 48 PPQ
[08:47:33] [info] opl3 backend: on_song_start
[08:47:33] [info] gameloop: entered (curmap=17, running=1)
[08:47:33] [info] gameloop: iter 1 ticks=32980 mapno=-1
[08:47:33] [info] mds-clear-lut: rebuilt N=240 entries (k_skip=33% k_keep=67%; curmap=17 map_size=40x16; rebuild #2 since boot)
[08:47:34] [info] gameloop: iter 2 ticks=33146 mapno=-1
[08:47:34] [info] tas: stall frame 167 ms -> contributing 1 tick (patch 0286)
[08:47:34] [info] gameloop: iter 3 ticks=33212 mapno=-1
[08:47:34] [info] flip-probe: flip #540 ok=true present=4ms inter_flip_ms=49 drawcalls-since-flip=326 drawcalls-total=36727 fail-total=0 null-skips-total=0
[08:47:34] [info] flip-probe: flip #550 ok=true present=5ms inter_flip_ms=39 drawcalls-since-flip=137 drawcalls-total=38468 fail-total=0 null-skips-total=0
[08:47:35] [info] flip-probe: flip #560 ok=true present=4ms inter_flip_ms=41 drawcalls-since-flip=142 drawcalls-total=39864 fail-total=0 null-skips-total=0
[08:47:35] [info] flip-probe: flip #570 ok=true present=4ms inter_flip_ms=42 drawcalls-since-flip=143 drawcalls-total=41295 fail-total=0 null-skips-total=0
[08:47:36] [info] backdrop cache: thrashing-detect engaged (streak=4, route=direct)
[08:47:36] [info] flip-probe: flip #580 ok=true present=4ms inter_flip_ms=47 drawcalls-since-flip=128 drawcalls-total=42708 fail-total=0 null-skips-total=0
[08:47:36] [info] flip-probe: flip #590 ok=true present=5ms inter_flip_ms=42 drawcalls-since-flip=134 drawcalls-total=44022 fail-total=0 null-skips-total=0
[08:47:37] [info] flip-probe: flip #600 ok=true present=5ms inter_flip_ms=40 drawcalls-since-flip=138 drawcalls-total=45385 fail-total=0 null-skips-total=0
[08:47:37] [info] alpha audit block 0: 14615 total drawcalls, 0 with alpha<255 (block pct_x10=0; global 0/41876 pct_x10=0); alpha-mod skipped: block=0 global=0
[08:47:37] [info] fastpath audit block 0: taken=14615 (idx8=14615) skipped=0 pct_x10=1000; global taken=41876 (idx8=41876) skipped=0 pct_x10=1000
[08:47:37] [info] primitive tally block 0: clear=201(hr=201) fill=0(hr=0) rect=0(hr=0) line=0(hr=0) tint=0 spotlight=0 (over 100 flips ending at flip 600)
[08:47:37] [info] color/alpha audit block 0: cmod_white=897 cmod_black=897 (idx=897) cmod_general=0 (idx=0) cmod_fb=0; alpha_taken=0 alpha_skipped=0 (global cmod=3999/2457/693/0 idx=2457/693 alpha=0/0)
[08:47:37] [info] phase timing block 0: drawcalls=16658 dc_total_ms=1160 flip_inner_total_ms=566 inter_flip_total_ms=5003 (per-flip avg x10: dc_ms=116 fi_ms=56 if_ms=500 derived audio+engine_ms=328; per-drawcall avg us_x10=696) [direct-vesa: presents=100 total_ms=403 avg_ms_x10=40 failed=0] [ablation: NO_DC_TIMING=0 CACHE_WINSURF=0 DIRECT_VESA=1]
[08:47:37] [info] kbd/audio block 0: kbd_irq=0 kbd_drain=0 ring_chunks=16 pump_pass=901 pic1_mask=0xb8 first_irq_ticks=0 install_ticks=0 vector_at_install=0x00849f38 pic1_mask_live=0x38 kbd_8042_stat=0x34 bios_kbd_head=0x002e bios_kbd_tail=0x002e bios_kbd_buf0=0x2e63
[08:47:37] [info] dirty-rect block @flip=600: total_calls=0 dirty_rects_avg=1 dirty_pct_x10=1000 forced_full=0 first_n_force=0 threshold_exceeded=0 dirty_path_taken=0 full_flush_taken=0
[08:47:37] [info] prev-frame-diff block @flip=600: diff_calls=0 diff_rects_avg=0 diff_dirty_pct_x10=0 bbox_pct_x10=0 bbox_thresh_exceeded=0
[08:47:37] [info] flip-probe: flip #610 ok=true present=4ms inter_flip_ms=44 drawcalls-since-flip=147 drawcalls-total=46827 fail-total=0 null-skips-total=0
[08:47:38] [info] flip-probe: flip #620 ok=true present=4ms inter_flip_ms=56 drawcalls-since-flip=145 drawcalls-total=48296 fail-total=0 null-skips-total=0
[08:47:38] [info] backdrop cache: thrashing-detect engaged (streak=4, route=direct)
[08:47:38] [info] flip-probe: flip #630 ok=true present=4ms inter_flip_ms=43 drawcalls-since-flip=142 drawcalls-total=49748 fail-total=0 null-skips-total=0
[08:47:38] [info] flip-probe: flip #640 ok=true present=4ms inter_flip_ms=40 drawcalls-since-flip=135 drawcalls-total=51140 fail-total=0 null-skips-total=0
[08:47:39] [info] flip-probe: flip #650 ok=true present=4ms inter_flip_ms=42 drawcalls-since-flip=133 drawcalls-total=52480 fail-total=0 null-skips-total=0
[08:47:39] [info] flip-probe: flip #660 ok=true present=4ms inter_flip_ms=47 drawcalls-since-flip=96 drawcalls-total=53511 fail-total=0 null-skips-total=0
[08:47:39] [info] backdrop cache: thrashing-detect engaged (streak=4, route=direct)
[08:47:40] [info] flip-probe: flip #670 ok=true present=4ms inter_flip_ms=38 drawcalls-since-flip=105 drawcalls-total=54544 fail-total=0 null-skips-total=0
[08:47:40] [info] flip-probe: flip #680 ok=true present=4ms inter_flip_ms=39 drawcalls-since-flip=108 drawcalls-total=55609 fail-total=0 null-skips-total=0
[08:47:40] [info] flip-probe: flip #690 ok=true present=4ms inter_flip_ms=39 drawcalls-since-flip=108 drawcalls-total=56684 fail-total=0 null-skips-total=0
[08:47:41] [info] flip-probe: flip #700 ok=true present=4ms inter_flip_ms=38 drawcalls-since-flip=105 drawcalls-total=57745 fail-total=0 null-skips-total=0
[08:47:41] [info] alpha audit block 0: 11597 total drawcalls, 0 with alpha<255 (block pct_x10=0; global 0/53473 pct_x10=0); alpha-mod skipped: block=0 global=0
[08:47:41] [info] fastpath audit block 0: taken=11597 (idx8=11597) skipped=0 pct_x10=1000; global taken=53473 (idx8=53473) skipped=0 pct_x10=1000
[08:47:41] [info] primitive tally block 0: clear=200(hr=200) fill=0(hr=0) rect=0(hr=0) line=0(hr=0) tint=0 spotlight=0 (over 100 flips ending at flip 700)
[08:47:41] [info] color/alpha audit block 0: cmod_white=663 cmod_black=663 (idx=663) cmod_general=0 (idx=0) cmod_fb=0; alpha_taken=0 alpha_skipped=0 (global cmod=4662/3120/693/0 idx=3120/693 alpha=0/0)
[08:47:41] [info] phase timing block 0: drawcalls=13131 dc_total_ms=731 flip_inner_total_ms=554 inter_flip_total_ms=4255 (per-flip avg x10: dc_ms=73 fi_ms=55 if_ms=425 derived audio+engine_ms=297; per-drawcall avg us_x10=556) [direct-vesa: presents=100 total_ms=406 avg_ms_x10=40 failed=0] [ablation: NO_DC_TIMING=0 CACHE_WINSURF=0 DIRECT_VESA=1]
[08:47:41] [info] kbd/audio block 0: kbd_irq=0 kbd_drain=0 ring_chunks=16 pump_pass=1114 pic1_mask=0xb8 first_irq_ticks=0 install_ticks=0 vector_at_install=0x00849f38 pic1_mask_live=0x38 kbd_8042_stat=0x34 bios_kbd_head=0x002e bios_kbd_tail=0x002e bios_kbd_buf0=0x2e63
[08:47:41] [info] dirty-rect block @flip=700: total_calls=0 dirty_rects_avg=1 dirty_pct_x10=1000 forced_full=0 first_n_force=0 threshold_exceeded=0 dirty_path_taken=0 full_flush_taken=0
[08:47:41] [info] prev-frame-diff block @flip=700: diff_calls=0 diff_rects_avg=0 diff_dirty_pct_x10=0 bbox_pct_x10=0 bbox_thresh_exceeded=0
[08:47:41] [info] backdrop cache: thrashing-detect engaged (streak=4, route=direct)
[08:47:41] [info] flip-probe: flip #710 ok=true present=4ms inter_flip_ms=50 drawcalls-since-flip=100 drawcalls-total=58759 fail-total=0 null-skips-total=0
[08:47:42] [info] flip-probe: flip #720 ok=true present=4ms inter_flip_ms=41 drawcalls-since-flip=107 drawcalls-total=59819 fail-total=0 null-skips-total=0
[08:47:42] [info] flip-probe: flip #730 ok=true present=4ms inter_flip_ms=39 drawcalls-since-flip=116 drawcalls-total=60950 fail-total=0 null-skips-total=0
[08:47:43] [info] flip-probe: flip #740 ok=true present=5ms inter_flip_ms=41 drawcalls-since-flip=114 drawcalls-total=62095 fail-total=0 null-skips-total=0
[08:47:43] [info] run_tick_fixed #1200: heartbeat (loop alive)
[08:47:43] [info] flip-probe: flip #750 ok=true present=4ms inter_flip_ms=40 drawcalls-since-flip=112 drawcalls-total=63196 fail-total=0 null-skips-total=0
[08:47:43] [info] flip-probe: flip #760 ok=true present=4ms inter_flip_ms=43 drawcalls-since-flip=114 drawcalls-total=64308 fail-total=0 null-skips-total=0
[08:47:44] [info] backdrop cache: thrashing-detect engaged (streak=64, route=direct)
[08:47:44] [info] flip-probe: flip #770 ok=true present=4ms inter_flip_ms=48 drawcalls-since-flip=115 drawcalls-total=65474 fail-total=0 null-skips-total=0
[08:47:44] [info] flip-probe: flip #780 ok=true present=4ms inter_flip_ms=41 drawcalls-since-flip=112 drawcalls-total=66622 fail-total=0 null-skips-total=0
[08:47:45] [info] flip-probe: flip #790 ok=true present=5ms inter_flip_ms=40 drawcalls-since-flip=112 drawcalls-total=67740 fail-total=0 null-skips-total=0
[08:47:45] [info] flip-probe: flip #800 ok=true present=4ms inter_flip_ms=43 drawcalls-since-flip=113 drawcalls-total=68868 fail-total=0 null-skips-total=0
[08:47:45] [info] alpha audit block 0: 11023 total drawcalls, 0 with alpha<255 (block pct_x10=0; global 0/64496 pct_x10=0); alpha-mod skipped: block=0 global=0
[08:47:45] [info] fastpath audit block 0: taken=11023 (idx8=11023) skipped=0 pct_x10=1000; global taken=64496 (idx8=64496) skipped=0 pct_x10=1000
[08:47:45] [info] primitive tally block 0: clear=200(hr=200) fill=0(hr=0) rect=0(hr=0) line=0(hr=0) tint=0 spotlight=0 (over 100 flips ending at flip 800)
[08:47:45] [info] phase timing block 0: drawcalls=11227 dc_total_ms=653 flip_inner_total_ms=579 inter_flip_total_ms=4228 (per-flip avg x10: dc_ms=65 fi_ms=57 if_ms=422 derived audio+engine_ms=300; per-drawcall avg us_x10=582) [direct-vesa: presents=100 total_ms=404 avg_ms_x10=40 failed=0] [ablation: NO_DC_TIMING=0 CACHE_WINSURF=0 DIRECT_VESA=1]
[08:47:45] [info] kbd/audio block 0: kbd_irq=0 kbd_drain=0 ring_chunks=16 pump_pass=1325 pic1_mask=0xb8 first_irq_ticks=0 install_ticks=0 vector_at_install=0x00849f38 pic1_mask_live=0x38 kbd_8042_stat=0x34 bios_kbd_head=0x002e bios_kbd_tail=0x002e bios_kbd_buf0=0x2e63
[08:47:45] [info] dirty-rect block @flip=800: total_calls=0 dirty_rects_avg=1 dirty_pct_x10=1000 forced_full=0 first_n_force=0 threshold_exceeded=0 dirty_path_taken=0 full_flush_taken=0
[08:47:45] [info] prev-frame-diff block @flip=800: diff_calls=0 diff_rects_avg=0 diff_dirty_pct_x10=0 bbox_pct_x10=0 bbox_thresh_exceeded=0
[08:47:46] [info] flip-probe: flip #810 ok=true present=5ms inter_flip_ms=38 drawcalls-since-flip=112 drawcalls-total=69974 fail-total=0 null-skips-total=0
[08:47:46] [info] flip-probe: flip #820 ok=true present=4ms inter_flip_ms=48 drawcalls-since-flip=108 drawcalls-total=71070 fail-total=0 null-skips-total=0
[08:47:46] [info] backdrop cache: thrashing-detect engaged (streak=4, route=direct)
[08:47:46] [info] flip-probe: flip #830 ok=true present=4ms inter_flip_ms=40 drawcalls-since-flip=123 drawcalls-total=72281 fail-total=0 null-skips-total=0
[08:47:47] [info] flip-probe: flip #840 ok=true present=5ms inter_flip_ms=39 drawcalls-since-flip=116 drawcalls-total=73471 fail-total=0 null-skips-total=0
[08:47:47] [info] flip-probe: flip #850 ok=true present=4ms inter_flip_ms=41 drawcalls-since-flip=117 drawcalls-total=74631 fail-total=0 null-skips-total=0
[08:47:48] [info] flip-probe: flip #860 ok=true present=4ms inter_flip_ms=36 drawcalls-since-flip=117 drawcalls-total=75799 fail-total=0 null-skips-total=0
[08:47:48] [info] flip-probe: flip #870 ok=true present=5ms inter_flip_ms=38 drawcalls-since-flip=115 drawcalls-total=76977 fail-total=0 null-skips-total=0
[08:47:48] [info] flip-probe: flip #880 ok=true present=4ms inter_flip_ms=42 drawcalls-since-flip=191 drawcalls-total=78199 fail-total=0 null-skips-total=0
[08:47:48] [info] backdrop cache: thrashing-detect engaged (streak=64, route=direct)
[08:47:49] [info] run_tick_fixed #1500: heartbeat (loop alive)
[08:47:49] [info] flip-probe: flip #890 ok=true present=4ms inter_flip_ms=56 drawcalls-since-flip=401 drawcalls-total=81669 fail-total=0 null-skips-total=0
[08:47:49] [info]  >> Entering stage 11: 'Mimiga Village'.
[08:47:49] [info] [skip-sheet-flush] cave=5
[08:47:49] [info] [load-stage] preloading entry music song=9 (cave=5)
[08:47:49] [info] opl3 backend: on_song_stop
[08:47:49] [info] MidiScheduler::load: parsed 'data/orgmid2/mura.mid' = 7123 events at 48 PPQ
[08:47:49] [info] opl3 backend: on_song_start
[08:47:49] [info] gameloop: entered (curmap=11, running=1)
[08:47:49] [info] gameloop: iter 1 ticks=49116 mapno=-1
[08:47:50] [info] mds-clear-lut: rebuilt N=240 entries (k_skip=0% k_keep=100%; curmap=11 map_size=60x60; rebuild #3 since boot)
[08:47:50] [info] gameloop: iter 2 ticks=49185 mapno=-1
[08:47:50] [info] gameloop: iter 3 ticks=49255 mapno=-1
[08:47:50] [info] flip-probe: flip #900 ok=true present=4ms inter_flip_ms=55 drawcalls-since-flip=240 drawcalls-total=84751 fail-total=0 null-skips-total=0
[08:47:50] [info] alpha audit block 0: 15679 total drawcalls, 0 with alpha<255 (block pct_x10=0; global 0/80175 pct_x10=0); alpha-mod skipped: block=0 global=0
[08:47:50] [info] fastpath audit block 0: taken=15679 (idx8=15679) skipped=0 pct_x10=1000; global taken=80175 (idx8=80175) skipped=0 pct_x10=1000
[08:47:50] [info] primitive tally block 0: clear=201(hr=201) fill=0(hr=0) rect=0(hr=0) line=0(hr=0) tint=0 spotlight=0 (over 100 flips ending at flip 900)
[08:47:50] [info] color/alpha audit block 0: cmod_white=104 cmod_black=104 (idx=104) cmod_general=0 (idx=0) cmod_fb=0; alpha_taken=0 alpha_skipped=0 (global cmod=4766/3224/693/0 idx=3224/693 alpha=0/0)
[08:47:50] [info] phase timing block 0: drawcalls=16100 dc_total_ms=930 flip_inner_total_ms=550 inter_flip_total_ms=4955 (per-flip avg x10: dc_ms=93 fi_ms=55 if_ms=495 derived audio+engine_ms=347; per-drawcall avg us_x10=577) [direct-vesa: presents=100 total_ms=402 avg_ms_x10=40 failed=0] [ablation: NO_DC_TIMING=0 CACHE_WINSURF=0 DIRECT_VESA=1]
[08:47:50] [info] kbd/audio block 0: kbd_irq=0 kbd_drain=0 ring_chunks=16 pump_pass=1544 pic1_mask=0xb8 first_irq_ticks=0 install_ticks=0 vector_at_install=0x00849f38 pic1_mask_live=0x38 kbd_8042_stat=0x34 bios_kbd_head=0x002e bios_kbd_tail=0x002e bios_kbd_buf0=0x2e63
[08:47:50] [info] dirty-rect block @flip=900: total_calls=0 dirty_rects_avg=1 dirty_pct_x10=1000 forced_full=0 first_n_force=0 threshold_exceeded=0 dirty_path_taken=0 full_flush_taken=0
[08:47:50] [info] prev-frame-diff block @flip=900: diff_calls=0 diff_rects_avg=0 diff_dirty_pct_x10=0 bbox_pct_x10=0 bbox_thresh_exceeded=0
[08:47:50] [info] backdrop cache: thrashing-detect engaged (streak=4, route=direct)
[08:47:50] [info] flip-probe: flip #910 ok=true present=4ms inter_flip_ms=36 drawcalls-since-flip=41 drawcalls-total=85436 fail-total=0 null-skips-total=0
[08:47:51] [info] flip-probe: flip #920 ok=true present=4ms inter_flip_ms=36 drawcalls-since-flip=41 drawcalls-total=85846 fail-total=0 null-skips-total=0
[08:47:51] [info] flip-probe: flip #930 ok=true present=4ms inter_flip_ms=35 drawcalls-since-flip=41 drawcalls-total=86256 fail-total=0 null-skips-total=0
[08:47:51] [info] flip-probe: flip #940 ok=true present=4ms inter_flip_ms=34 drawcalls-since-flip=41 drawcalls-total=86666 fail-total=0 null-skips-total=0
[08:47:52] [info] flip-probe: flip #950 ok=true present=4ms inter_flip_ms=33 drawcalls-since-flip=41 drawcalls-total=87076 fail-total=0 null-skips-total=0
[08:47:52] [info] flip-probe: flip #960 ok=true present=4ms inter_flip_ms=33 drawcalls-since-flip=43 drawcalls-total=87492 fail-total=0 null-skips-total=0
[08:47:52] [info] backdrop cache: thrashing-detect engaged (streak=64, route=direct)
[08:47:53] [info] flip-probe: flip #970 ok=true present=4ms inter_flip_ms=35 drawcalls-since-flip=42 drawcalls-total=87910 fail-total=0 null-skips-total=0
[08:47:53] [info] flip-probe: flip #980 ok=true present=4ms inter_flip_ms=32 drawcalls-since-flip=41 drawcalls-total=88322 fail-total=0 null-skips-total=0
[08:47:53] [info] flip-probe: flip #990 ok=true present=4ms inter_flip_ms=31 drawcalls-since-flip=42 drawcalls-total=88741 fail-total=0 null-skips-total=0
[08:47:53] [info] flip-probe: flip #1000 ok=true present=4ms inter_flip_ms=35 drawcalls-since-flip=43 drawcalls-total=89162 fail-total=0 null-skips-total=0
[08:47:53] [info] alpha audit block 0: 3011 total drawcalls, 0 with alpha<255 (block pct_x10=0; global 0/83186 pct_x10=0); alpha-mod skipped: block=0 global=0
[08:47:53] [info] fastpath audit block 0: taken=3011 (idx8=3011) skipped=0 pct_x10=1000; global taken=83186 (idx8=83186) skipped=0 pct_x10=1000
[08:47:53] [info] primitive tally block 0: clear=200(hr=200) fill=0(hr=0) rect=0(hr=0) line=0(hr=0) tint=0 spotlight=0 (over 100 flips ending at flip 1000)
[08:47:53] [info] color/alpha audit block 0: cmod_white=1300 cmod_black=1300 (idx=1300) cmod_general=0 (idx=0) cmod_fb=0; alpha_taken=0 alpha_skipped=0 (global cmod=6066/4524/693/0 idx=4524/693 alpha=0/0)
[08:47:53] [info] phase timing block 0: drawcalls=5811 dc_total_ms=603 flip_inner_total_ms=566 inter_flip_total_ms=3472 (per-flip avg x10: dc_ms=60 fi_ms=56 if_ms=347 derived audio+engine_ms=231; per-drawcall avg us_x10=1038) [direct-vesa: presents=100 total_ms=404 avg_ms_x10=40 failed=0] [ablation: NO_DC_TIMING=0 CACHE_WINSURF=0 DIRECT_VESA=1]
[08:47:53] [info] kbd/audio block 0: kbd_irq=0 kbd_drain=0 ring_chunks=16 pump_pass=1719 pic1_mask=0xb8 first_irq_ticks=0 install_ticks=0 vector_at_install=0x00849f38 pic1_mask_live=0x38 kbd_8042_stat=0x34 bios_kbd_head=0x002e bios_kbd_tail=0x002e bios_kbd_buf0=0x2e63
[08:47:53] [info] dirty-rect block @flip=1000: total_calls=0 dirty_rects_avg=1 dirty_pct_x10=1000 forced_full=0 first_n_force=0 threshold_exceeded=0 dirty_path_taken=0 full_flush_taken=0
[08:47:54] [info] prev-frame-diff block @flip=1000: diff_calls=0 diff_rects_avg=0 diff_dirty_pct_x10=0 bbox_pct_x10=0 bbox_thresh_exceeded=0
[08:47:54] [info] flip-probe: flip #1010 ok=true present=4ms inter_flip_ms=30 drawcalls-since-flip=42 drawcalls-total=89589 fail-total=0 null-skips-total=0
[08:47:54] [info] flip-probe: flip #1020 ok=true present=4ms inter_flip_ms=29 drawcalls-since-flip=16 drawcalls-total=89801 fail-total=0 null-skips-total=0
[08:47:54] [info] backdrop cache: thrashing-detect engaged (streak=124, route=direct)
[08:47:54] [info] flip-probe: flip #1030 ok=true present=4ms inter_flip_ms=29 drawcalls-since-flip=16 drawcalls-total=89961 fail-total=0 null-skips-total=0
[08:47:55] [info] flip-probe: flip #1040 ok=true present=4ms inter_flip_ms=29 drawcalls-since-flip=17 drawcalls-total=90125 fail-total=0 null-skips-total=0
[08:47:55] [info] flip-probe: flip #1050 ok=true present=4ms inter_flip_ms=30 drawcalls-since-flip=18 drawcalls-total=90296 fail-total=0 null-skips-total=0
[08:47:55] [info] flip-probe: flip #1060 ok=true present=4ms inter_flip_ms=32 drawcalls-since-flip=18 drawcalls-total=90476 fail-total=0 null-skips-total=0
[08:47:56] [info] flip-probe: flip #1070 ok=true present=4ms inter_flip_ms=32 drawcalls-since-flip=18 drawcalls-total=90656 fail-total=0 null-skips-total=0
[08:47:56] [info] flip-probe: flip #1080 ok=true present=4ms inter_flip_ms=28 drawcalls-since-flip=18 drawcalls-total=90836 fail-total=0 null-skips-total=0
[08:47:56] [info] backdrop cache: thrashing-detect engaged (streak=184, route=direct)
[08:47:56] [info] flip-probe: flip #1090 ok=true present=4ms inter_flip_ms=27 drawcalls-since-flip=17 drawcalls-total=91009 fail-total=0 null-skips-total=0
[08:47:57] [info] flip-probe: flip #1100 ok=true present=4ms inter_flip_ms=27 drawcalls-since-flip=16 drawcalls-total=91175 fail-total=0 null-skips-total=0
[08:47:57] [info] alpha audit block 0: 1757 total drawcalls, 0 with alpha<255 (block pct_x10=0; global 0/84943 pct_x10=0); alpha-mod skipped: block=0 global=0
[08:47:57] [info] fastpath audit block 0: taken=1757 (idx8=1757) skipped=0 pct_x10=1000; global taken=84943 (idx8=84943) skipped=0 pct_x10=1000
[08:47:57] [info] primitive tally block 0: clear=200(hr=200) fill=0(hr=0) rect=0(hr=0) line=0(hr=0) tint=0 spotlight=0 (over 100 flips ending at flip 1100)
[08:47:57] [info] color/alpha audit block 0: cmod_white=156 cmod_black=156 (idx=156) cmod_general=0 (idx=0) cmod_fb=0; alpha_taken=0 alpha_skipped=0 (global cmod=6222/4680/693/0 idx=4680/693 alpha=0/0)
[08:47:57] [info] phase timing block 0: drawcalls=2269 dc_total_ms=502 flip_inner_total_ms=555 inter_flip_total_ms=3085 (per-flip avg x10: dc_ms=50 fi_ms=55 if_ms=308 derived audio+engine_ms=203; per-drawcall avg us_x10=2213) [direct-vesa: presents=100 total_ms=404 avg_ms_x10=40 failed=0] [ablation: NO_DC_TIMING=0 CACHE_WINSURF=0 DIRECT_VESA=1]
[08:47:57] [info] kbd/audio block 0: kbd_irq=0 kbd_drain=0 ring_chunks=16 pump_pass=1873 pic1_mask=0xb8 first_irq_ticks=0 install_ticks=0 vector_at_install=0x00849f38 pic1_mask_live=0x38 kbd_8042_stat=0x34 bios_kbd_head=0x002e bios_kbd_tail=0x002e bios_kbd_buf0=0x2e63
[08:47:57] [info] dirty-rect block @flip=1100: total_calls=0 dirty_rects_avg=1 dirty_pct_x10=1000 forced_full=0 first_n_force=0 threshold_exceeded=0 dirty_path_taken=0 full_flush_taken=0
[08:47:57] [info] prev-frame-diff block @flip=1100: diff_calls=0 diff_rects_avg=0 diff_dirty_pct_x10=0 bbox_pct_x10=0 bbox_thresh_exceeded=0
[08:47:57] [info] flip-probe: flip #1110 ok=true present=4ms inter_flip_ms=31 drawcalls-since-flip=17 drawcalls-total=91344 fail-total=0 null-skips-total=0
[08:47:57] [info] flip-probe: flip #1120 ok=true present=4ms inter_flip_ms=28 drawcalls-since-flip=16 drawcalls-total=91505 fail-total=0 null-skips-total=0
[08:47:58] [info] flip-probe: flip #1130 ok=true present=4ms inter_flip_ms=30 drawcalls-since-flip=16 drawcalls-total=91665 fail-total=0 null-skips-total=0
[08:47:58] [info] flip-probe: flip #1140 ok=true present=4ms inter_flip_ms=28 drawcalls-since-flip=16 drawcalls-total=91825 fail-total=0 null-skips-total=0
[08:47:58] [info] backdrop cache: thrashing-detect engaged (streak=244, route=direct)
[08:47:58] [info] flip-probe: flip #1150 ok=true present=4ms inter_flip_ms=28 drawcalls-since-flip=16 drawcalls-total=91985 fail-total=0 null-skips-total=0
[08:47:58] [info] flip-probe: flip #1160 ok=true present=4ms inter_flip_ms=30 drawcalls-since-flip=16 drawcalls-total=92145 fail-total=0 null-skips-total=0
[08:47:59] [info] flip-probe: flip #1170 ok=true present=4ms inter_flip_ms=32 drawcalls-since-flip=27 drawcalls-total=92393 fail-total=0 null-skips-total=0
[08:47:59] [info] flip-probe: flip #1180 ok=true present=4ms inter_flip_ms=33 drawcalls-since-flip=27 drawcalls-total=92663 fail-total=0 null-skips-total=0
[08:47:59] [info] flip-probe: flip #1190 ok=true present=4ms inter_flip_ms=29 drawcalls-since-flip=23 drawcalls-total=92920 fail-total=0 null-skips-total=0
[08:48:00] [info] flip-probe: flip #1200 ok=true present=5ms inter_flip_ms=31 drawcalls-since-flip=20 drawcalls-total=93119 fail-total=0 null-skips-total=0
[08:48:00] [info] alpha audit block 0: 1844 total drawcalls, 0 with alpha<255 (block pct_x10=0; global 0/86787 pct_x10=0); alpha-mod skipped: block=0 global=0
[08:48:00] [info] fastpath audit block 0: taken=1844 (idx8=1844) skipped=0 pct_x10=1000; global taken=86787 (idx8=86787) skipped=0 pct_x10=1000
[08:48:00] [info] primitive tally block 0: clear=200(hr=200) fill=0(hr=0) rect=0(hr=0) line=0(hr=0) tint=0 spotlight=0 (over 100 flips ending at flip 1200)
[08:48:00] [info] phase timing block 0: drawcalls=2044 dc_total_ms=489 flip_inner_total_ms=545 inter_flip_total_ms=3092 (per-flip avg x10: dc_ms=48 fi_ms=54 if_ms=309 derived audio+engine_ms=207; per-drawcall avg us_x10=2392) [direct-vesa: presents=100 total_ms=403 avg_ms_x10=40 failed=0] [ablation: NO_DC_TIMING=0 CACHE_WINSURF=0 DIRECT_VESA=1]
[08:48:00] [info] kbd/audio block 0: kbd_irq=0 kbd_drain=0 ring_chunks=16 pump_pass=2028 pic1_mask=0xb8 first_irq_ticks=0 install_ticks=0 vector_at_install=0x00849f38 pic1_mask_live=0x38 kbd_8042_stat=0x34 bios_kbd_head=0x002e bios_kbd_tail=0x002e bios_kbd_buf0=0x2e63
[08:48:00] [info] dirty-rect block @flip=1200: total_calls=0 dirty_rects_avg=1 dirty_pct_x10=1000 forced_full=0 first_n_force=0 threshold_exceeded=0 dirty_path_taken=0 full_flush_taken=0
[08:48:00] [info] prev-frame-diff block @flip=1200: diff_calls=0 diff_rects_avg=0 diff_dirty_pct_x10=0 bbox_pct_x10=0 bbox_thresh_exceeded=0
[08:48:00] [info] backdrop cache: thrashing-detect engaged (streak=304, route=direct)
[08:48:00] [info] flip-probe: flip #1210 ok=true present=4ms inter_flip_ms=40 drawcalls-since-flip=215 drawcalls-total=93985 fail-total=0 null-skips-total=0
[08:48:01] [info] flip-probe: flip #1220 ok=true present=5ms inter_flip_ms=30 drawcalls-since-flip=5 drawcalls-total=96645 fail-total=0 null-skips-total=0
[08:48:01] [info]  >> Entering stage 15: 'Reservoir'.
[08:48:01] [info] [skip-sheet-flush] cave=6
[08:48:01] [info] [load-stage] preloading entry music song=9 (cave=6)
[08:48:01] [info] gameloop: entered (curmap=15, running=1)
[08:48:01] [info] gameloop: iter 1 ticks=60512 mapno=-1
[08:48:01] [info] mds-clear-lut: rebuilt N=240 entries (k_skip=13% k_keep=87%; curmap=15 map_size=40x20; rebuild #4 since boot)
[08:48:01] [info] gameloop: iter 2 ticks=60583 mapno=-1
[08:48:01] [info] gameloop: iter 3 ticks=60640 mapno=-1
[08:48:01] [info] flip-probe: flip #1230 ok=true present=4ms inter_flip_ms=41 drawcalls-since-flip=201 drawcalls-total=99660 fail-total=0 null-skips-total=0
[08:48:02] [info] run_tick_fixed #2100: heartbeat (loop alive)
[08:48:02] [info] flip-probe: flip #1240 ok=true present=4ms inter_flip_ms=32 drawcalls-since-flip=32 drawcalls-total=100379 fail-total=0 null-skips-total=0
[08:48:02] [info] flip-probe: flip #1250 ok=true present=4ms inter_flip_ms=31 drawcalls-since-flip=32 drawcalls-total=100699 fail-total=0 null-skips-total=0
[08:48:02] [info] flip-probe: flip #1260 ok=true present=4ms inter_flip_ms=30 drawcalls-since-flip=32 drawcalls-total=101019 fail-total=0 null-skips-total=0
[08:48:03] [info] flip-probe: flip #1270 ok=true present=4ms inter_flip_ms=40 drawcalls-since-flip=32 drawcalls-total=101339 fail-total=0 null-skips-total=0
[08:48:03] [info] backdrop cache: thrashing-detect engaged (streak=4, route=direct)
[08:48:03] [info] flip-probe: flip #1280 ok=true present=4ms inter_flip_ms=30 drawcalls-since-flip=34 drawcalls-total=101673 fail-total=0 null-skips-total=0
[08:48:03] [info] flip-probe: flip #1290 ok=true present=5ms inter_flip_ms=32 drawcalls-since-flip=35 drawcalls-total=102023 fail-total=0 null-skips-total=0
[08:48:04] [info] flip-probe: flip #1300 ok=true present=4ms inter_flip_ms=32 drawcalls-since-flip=32 drawcalls-total=102351 fail-total=0 null-skips-total=0
[08:48:04] [info] alpha audit block 0: 8412 total drawcalls, 0 with alpha<255 (block pct_x10=0; global 0/95199 pct_x10=0); alpha-mod skipped: block=0 global=0
[08:48:04] [info] fastpath audit block 0: taken=8412 (idx8=8412) skipped=0 pct_x10=1000; global taken=95199 (idx8=95199) skipped=0 pct_x10=1000
[08:48:04] [info] primitive tally block 0: clear=201(hr=201) fill=0(hr=0) rect=0(hr=0) line=0(hr=0) tint=0 spotlight=0 (over 100 flips ending at flip 1300)
[08:48:04] [info] color/alpha audit block 0: cmod_white=720 cmod_black=720 (idx=720) cmod_general=0 (idx=0) cmod_fb=0; alpha_taken=0 alpha_skipped=0 (global cmod=6942/5400/693/0 idx=5400/693 alpha=0/0)
[08:48:04] [info] phase timing block 0: drawcalls=10104 dc_total_ms=1042 flip_inner_total_ms=562 inter_flip_total_ms=4088 (per-flip avg x10: dc_ms=104 fi_ms=56 if_ms=408 derived audio+engine_ms=248; per-drawcall avg us_x10=1031) [direct-vesa: presents=100 total_ms=405 avg_ms_x10=40 failed=0] [ablation: NO_DC_TIMING=0 CACHE_WINSURF=0 DIRECT_VESA=1]
[08:48:04] [info] kbd/audio block 0: kbd_irq=0 kbd_drain=0 ring_chunks=16 pump_pass=2210 pic1_mask=0xb8 first_irq_ticks=0 install_ticks=0 vector_at_install=0x00849f38 pic1_mask_live=0x38 kbd_8042_stat=0x34 bios_kbd_head=0x002e bios_kbd_tail=0x002e bios_kbd_buf0=0x2e63
[08:48:04] [info] dirty-rect block @flip=1300: total_calls=0 dirty_rects_avg=1 dirty_pct_x10=1000 forced_full=0 first_n_force=0 threshold_exceeded=0 dirty_path_taken=0 full_flush_taken=0
[08:48:04] [info] prev-frame-diff block @flip=1300: diff_calls=0 diff_rects_avg=0 diff_dirty_pct_x10=0 bbox_pct_x10=0 bbox_thresh_exceeded=0
[08:48:04] [info] flip-probe: flip #1310 ok=true present=4ms inter_flip_ms=30 drawcalls-since-flip=33 drawcalls-total=102681 fail-total=0 null-skips-total=0
[08:48:04] [info] flip-probe: flip #1320 ok=true present=4ms inter_flip_ms=31 drawcalls-since-flip=35 drawcalls-total=103027 fail-total=0 null-skips-total=0
[08:48:05] [info] flip-probe: flip #1330 ok=true present=4ms inter_flip_ms=31 drawcalls-since-flip=33 drawcalls-total=103368 fail-total=0 null-skips-total=0
[08:48:05] [info] backdrop cache: thrashing-detect engaged (streak=64, route=direct)
[08:48:05] [info] flip-probe: flip #1340 ok=true present=4ms inter_flip_ms=31 drawcalls-since-flip=33 drawcalls-total=103701 fail-total=0 null-skips-total=0
[08:48:05] [info] flip-probe: flip #1350 ok=true present=4ms inter_flip_ms=30 drawcalls-since-flip=15 drawcalls-total=103851 fail-total=0 null-skips-total=0
[08:48:06] [info] flip-probe: flip #1360 ok=true present=4ms inter_flip_ms=28 drawcalls-since-flip=16 drawcalls-total=104011 fail-total=0 null-skips-total=0
[08:48:06] [info] flip-probe: flip #1370 ok=true present=5ms inter_flip_ms=29 drawcalls-since-flip=17 drawcalls-total=104178 fail-total=0 null-skips-total=0
[08:48:06] [info] flip-probe: flip #1380 ok=true present=4ms inter_flip_ms=31 drawcalls-since-flip=20 drawcalls-total=104368 fail-total=0 null-skips-total=0
[08:48:07] [info] flip-probe: flip #1390 ok=true present=4ms inter_flip_ms=31 drawcalls-since-flip=20 drawcalls-total=104568 fail-total=0 null-skips-total=0
[08:48:07] [info] backdrop cache: thrashing-detect engaged (streak=124, route=direct)
[08:48:07] [info] flip-probe: flip #1400 ok=true present=4ms inter_flip_ms=31 drawcalls-since-flip=20 drawcalls-total=104768 fail-total=0 null-skips-total=0
[08:48:07] [info] alpha audit block 0: 1957 total drawcalls, 0 with alpha<255 (block pct_x10=0; global 0/97156 pct_x10=0); alpha-mod skipped: block=0 global=0
[08:48:07] [info] fastpath audit block 0: taken=1957 (idx8=1957) skipped=0 pct_x10=1000; global taken=97156 (idx8=97156) skipped=0 pct_x10=1000
[08:48:07] [info] primitive tally block 0: clear=200(hr=200) fill=0(hr=0) rect=0(hr=0) line=0(hr=0) tint=0 spotlight=0 (over 100 flips ending at flip 1400)
[08:48:07] [info] color/alpha audit block 0: cmod_white=360 cmod_black=360 (idx=360) cmod_general=0 (idx=0) cmod_fb=0; alpha_taken=0 alpha_skipped=0 (global cmod=7302/5760/693/0 idx=5760/693 alpha=0/0)
[08:48:07] [info] phase timing block 0: drawcalls=2877 dc_total_ms=487 flip_inner_total_ms=556 inter_flip_total_ms=3182 (per-flip avg x10: dc_ms=48 fi_ms=55 if_ms=318 derived audio+engine_ms=215; per-drawcall avg us_x10=1693) [direct-vesa: presents=100 total_ms=404 avg_ms_x10=40 failed=0] [ablation: NO_DC_TIMING=0 CACHE_WINSURF=0 DIRECT_VESA=1]
[08:48:07] [info] kbd/audio block 0: kbd_irq=0 kbd_drain=0 ring_chunks=16 pump_pass=2370 pic1_mask=0xb8 first_irq_ticks=0 install_ticks=0 vector_at_install=0x00849f38 pic1_mask_live=0x38 kbd_8042_stat=0x34 bios_kbd_head=0x002e bios_kbd_tail=0x002e bios_kbd_buf0=0x2e63
[08:48:07] [info] dirty-rect block @flip=1400: total_calls=0 dirty_rects_avg=1 dirty_pct_x10=1000 forced_full=0 first_n_force=0 threshold_exceeded=0 dirty_path_taken=0 full_flush_taken=0
[08:48:07] [info] prev-frame-diff block @flip=1400: diff_calls=0 diff_rects_avg=0 diff_dirty_pct_x10=0 bbox_pct_x10=0 bbox_thresh_exceeded=0
[08:48:07] [info] flip-probe: flip #1410 ok=true present=5ms inter_flip_ms=29 drawcalls-since-flip=16 drawcalls-total=104941 fail-total=0 null-skips-total=0
[08:48:08] [info] run_tick_fixed #2400: heartbeat (loop alive)
[08:48:08] [info] flip-probe: flip #1420 ok=true present=5ms inter_flip_ms=32 drawcalls-since-flip=16 drawcalls-total=105101 fail-total=0 null-skips-total=0
[08:48:08] [info] flip-probe: flip #1430 ok=true present=4ms inter_flip_ms=33 drawcalls-since-flip=16 drawcalls-total=105254 fail-total=0 null-skips-total=0
[08:48:08] [info] flip-probe: flip #1440 ok=true present=4ms inter_flip_ms=32 drawcalls-since-flip=16 drawcalls-total=105414 fail-total=0 null-skips-total=0
[08:48:08] [info] flip-probe: flip #1450 ok=true present=4ms inter_flip_ms=30 drawcalls-since-flip=18 drawcalls-total=105580 fail-total=0 null-skips-total=0
[08:48:09] [info] backdrop cache: thrashing-detect engaged (streak=184, route=direct)
[08:48:09] [info] flip-probe: flip #1460 ok=true present=4ms inter_flip_ms=30 drawcalls-since-flip=16 drawcalls-total=105750 fail-total=0 null-skips-total=0
[08:48:09] [info] flip-probe: flip #1470 ok=true present=4ms inter_flip_ms=29 drawcalls-since-flip=17 drawcalls-total=105912 fail-total=0 null-skips-total=0
[08:48:09] [info] flip-probe: flip #1480 ok=true present=4ms inter_flip_ms=29 drawcalls-since-flip=16 drawcalls-total=106077 fail-total=0 null-skips-total=0
[08:48:10] [info] flip-probe: flip #1490 ok=true present=4ms inter_flip_ms=31 drawcalls-since-flip=15 drawcalls-total=106227 fail-total=0 null-skips-total=0
[08:48:10] [info] backdrop cache: thrashing-detect engaged (streak=4, route=direct)
[08:48:10] [info] flip-probe: flip #1500 ok=true present=4ms inter_flip_ms=30 drawcalls-since-flip=14 drawcalls-total=106375 fail-total=0 null-skips-total=0
[08:48:10] [info] alpha audit block 0: 1507 total drawcalls, 0 with alpha<255 (block pct_x10=0; global 0/98663 pct_x10=0); alpha-mod skipped: block=0 global=0
[08:48:10] [info] fastpath audit block 0: taken=1507 (idx8=1507) skipped=0 pct_x10=1000; global taken=98663 (idx8=98663) skipped=0 pct_x10=1000
[08:48:10] [info] primitive tally block 0: clear=200(hr=200) fill=0(hr=0) rect=0(hr=0) line=0(hr=0) tint=0 spotlight=0 (over 100 flips ending at flip 1500)
[08:48:10] [info] phase timing block 0: drawcalls=1736 dc_total_ms=582 flip_inner_total_ms=559 inter_flip_total_ms=3172 (per-flip avg x10: dc_ms=58 fi_ms=55 if_ms=317 derived audio+engine_ms=204; per-drawcall avg us_x10=3354) [direct-vesa: presents=100 total_ms=405 avg_ms_x10=40 failed=0] [ablation: NO_DC_TIMING=0 CACHE_WINSURF=0 DIRECT_VESA=1]
[08:48:10] [info] kbd/audio block 0: kbd_irq=0 kbd_drain=0 ring_chunks=16 pump_pass=2528 pic1_mask=0xb8 first_irq_ticks=0 install_ticks=0 vector_at_install=0x00849f38 pic1_mask_live=0x38 kbd_8042_stat=0x34 bios_kbd_head=0x002e bios_kbd_tail=0x002e bios_kbd_buf0=0x2e63
[08:48:10] [info] dirty-rect block @flip=1500: total_calls=0 dirty_rects_avg=1 dirty_pct_x10=1000 forced_full=0 first_n_force=0 threshold_exceeded=0 dirty_path_taken=0 full_flush_taken=0
[08:48:10] [info] prev-frame-diff block @flip=1500: diff_calls=0 diff_rects_avg=0 diff_dirty_pct_x10=0 bbox_pct_x10=0 bbox_thresh_exceeded=0
[08:48:10] [info] flip-probe: flip #1510 ok=true present=4ms inter_flip_ms=30 drawcalls-since-flip=14 drawcalls-total=106515 fail-total=0 null-skips-total=0
[08:48:11] [info] flip-probe: flip #1520 ok=true present=4ms inter_flip_ms=32 drawcalls-since-flip=14 drawcalls-total=106655 fail-total=0 null-skips-total=0
[08:48:11] [info] flip-probe: flip #1530 ok=true present=4ms inter_flip_ms=31 drawcalls-since-flip=14 drawcalls-total=106795 fail-total=0 null-skips-total=0
[08:48:11] [info] flip-probe: flip #1540 ok=true present=4ms inter_flip_ms=34 drawcalls-since-flip=26 drawcalls-total=107042 fail-total=0 null-skips-total=0
[08:48:12] [info] flip-probe: flip #1550 ok=true present=4ms inter_flip_ms=32 drawcalls-since-flip=21 drawcalls-total=107279 fail-total=0 null-skips-total=0
[08:48:12] [info] backdrop cache: thrashing-detect engaged (streak=64, route=direct)
[08:48:12] [info] flip-probe: flip #1560 ok=true present=5ms inter_flip_ms=29 drawcalls-since-flip=22 drawcalls-total=107504 fail-total=0 null-skips-total=0
[08:48:12] [info] flip-probe: flip #1570 ok=true present=4ms inter_flip_ms=32 drawcalls-since-flip=16 drawcalls-total=107692 fail-total=0 null-skips-total=0
[08:48:13] [info] flip-probe: flip #1580 ok=true present=4ms inter_flip_ms=31 drawcalls-since-flip=16 drawcalls-total=107852 fail-total=0 null-skips-total=0
[08:48:13] [info] flip-probe: flip #1590 ok=true present=4ms inter_flip_ms=30 drawcalls-since-flip=14 drawcalls-total=107998 fail-total=0 null-skips-total=0
[08:48:13] [info] flip-probe: flip #1600 ok=true present=4ms inter_flip_ms=31 drawcalls-since-flip=14 drawcalls-total=108138 fail-total=0 null-skips-total=0
[08:48:13] [info] alpha audit block 0: 1663 total drawcalls, 0 with alpha<255 (block pct_x10=0; global 0/100326 pct_x10=0); alpha-mod skipped: block=0 global=0
[08:48:13] [info] fastpath audit block 0: taken=1663 (idx8=1663) skipped=0 pct_x10=1000; global taken=100326 (idx8=100326) skipped=0 pct_x10=1000
[08:48:13] [info] primitive tally block 0: clear=200(hr=200) fill=0(hr=0) rect=0(hr=0) line=0(hr=0) tint=0 spotlight=0 (over 100 flips ending at flip 1600)
[08:48:13] [info] phase timing block 0: drawcalls=1863 dc_total_ms=451 flip_inner_total_ms=552 inter_flip_total_ms=3169 (per-flip avg x10: dc_ms=45 fi_ms=55 if_ms=316 derived audio+engine_ms=216; per-drawcall avg us_x10=2421) [direct-vesa: presents=100 total_ms=404 avg_ms_x10=40 failed=0] [ablation: NO_DC_TIMING=0 CACHE_WINSURF=0 DIRECT_VESA=1]
[08:48:13] [info] kbd/audio block 0: kbd_irq=0 kbd_drain=0 ring_chunks=16 pump_pass=2687 pic1_mask=0xb8 first_irq_ticks=0 install_ticks=0 vector_at_install=0x00849f38 pic1_mask_live=0x38 kbd_8042_stat=0x34 bios_kbd_head=0x002e bios_kbd_tail=0x002e bios_kbd_buf0=0x2e63
[08:48:13] [info] dirty-rect block @flip=1600: total_calls=0 dirty_rects_avg=1 dirty_pct_x10=1000 forced_full=0 first_n_force=0 threshold_exceeded=0 dirty_path_taken=0 full_flush_taken=0
[08:48:13] [info] prev-frame-diff block @flip=1600: diff_calls=0 diff_rects_avg=0 diff_dirty_pct_x10=0 bbox_pct_x10=0 bbox_thresh_exceeded=0
[08:48:14] [info] flip-probe: flip #1610 ok=true present=5ms inter_flip_ms=35 drawcalls-since-flip=108 drawcalls-total=108372 fail-total=0 null-skips-total=0
[08:48:14] [info] backdrop cache: thrashing-detect engaged (streak=124, route=direct)
[08:48:14] [info] flip-probe: flip #1620 ok=true present=4ms inter_flip_ms=50 drawcalls-since-flip=318 drawcalls-total=110847 fail-total=0 null-skips-total=0
[08:48:14] [info]  >> Entering stage 11: 'Mimiga Village'.
[08:48:14] [info] [skip-sheet-flush] cave=7
[08:48:14] [info] [load-stage] preloading entry music song=9 (cave=7)
[08:48:15] [info] gameloop: entered (curmap=11, running=1)
[08:48:15] [info] gameloop: iter 1 ticks=74209 mapno=-1
[08:48:15] [info] mds-clear-lut: rebuilt N=240 entries (k_skip=0% k_keep=100%; curmap=11 map_size=60x60; rebuild #5 since boot)
[08:48:15] [info] gameloop: iter 2 ticks=74276 mapno=-1
[08:48:15] [info] gameloop: iter 3 ticks=74335 mapno=-1
[08:48:15] [info] flip-probe: flip #1630 ok=true present=4ms inter_flip_ms=50 drawcalls-since-flip=331 drawcalls-total=113790 fail-total=0 null-skips-total=0
[08:48:15] [info] flip-probe: flip #1640 ok=true present=4ms inter_flip_ms=32 drawcalls-since-flip=31 drawcalls-total=115345 fail-total=0 null-skips-total=0
[08:48:16] [info] flip-probe: flip #1650 ok=true present=4ms inter_flip_ms=34 drawcalls-since-flip=42 drawcalls-total=115765 fail-total=0 null-skips-total=0
[08:48:16] [info] flip-probe: flip #1660 ok=true present=4ms inter_flip_ms=32 drawcalls-since-flip=42 drawcalls-total=116185 fail-total=0 null-skips-total=0
[08:48:16] [info] flip-probe: flip #1670 ok=true present=4ms inter_flip_ms=30 drawcalls-since-flip=42 drawcalls-total=116605 fail-total=0 null-skips-total=0
[08:48:17] [info] flip-probe: flip #1680 ok=true present=4ms inter_flip_ms=35 drawcalls-since-flip=53 drawcalls-total=117080 fail-total=0 null-skips-total=0
[08:48:17] [info] backdrop cache: thrashing-detect engaged (streak=4, route=direct)
[08:48:17] [info] flip-probe: flip #1690 ok=true present=5ms inter_flip_ms=35 drawcalls-since-flip=52 drawcalls-total=117606 fail-total=0 null-skips-total=0
[08:48:17] [info] flip-probe: flip #1700 ok=true present=4ms inter_flip_ms=35 drawcalls-since-flip=46 drawcalls-total=118095 fail-total=0 null-skips-total=0
[08:48:17] [info] alpha audit block 0: 8869 total drawcalls, 0 with alpha<255 (block pct_x10=0; global 0/109195 pct_x10=0); alpha-mod skipped: block=0 global=0
[08:48:17] [info] fastpath audit block 0: taken=8869 (idx8=8869) skipped=0 pct_x10=1000; global taken=109195 (idx8=109195) skipped=0 pct_x10=1000
[08:48:17] [info] primitive tally block 0: clear=201(hr=201) fill=0(hr=0) rect=0(hr=0) line=0(hr=0) tint=0 spotlight=0 (over 100 flips ending at flip 1700)
[08:48:17] [info] color/alpha audit block 0: cmod_white=988 cmod_black=988 (idx=988) cmod_general=0 (idx=0) cmod_fb=0; alpha_taken=0 alpha_skipped=0 (global cmod=8290/6748/693/0 idx=6748/693 alpha=0/0)
[08:48:17] [info] phase timing block 0: drawcalls=11110 dc_total_ms=1149 flip_inner_total_ms=556 inter_flip_total_ms=4115 (per-flip avg x10: dc_ms=114 fi_ms=55 if_ms=411 derived audio+engine_ms=242; per-drawcall avg us_x10=1034) [direct-vesa: presents=100 total_ms=405 avg_ms_x10=40 failed=0] [ablation: NO_DC_TIMING=0 CACHE_WINSURF=0 DIRECT_VESA=1]
[08:48:17] [info] kbd/audio block 0: kbd_irq=0 kbd_drain=0 ring_chunks=16 pump_pass=2872 pic1_mask=0xb8 first_irq_ticks=0 install_ticks=0 vector_at_install=0x00849f38 pic1_mask_live=0x38 kbd_8042_stat=0x34 bios_kbd_head=0x002e bios_kbd_tail=0x002e bios_kbd_buf0=0x2e63
[08:48:17] [info] dirty-rect block @flip=1700: total_calls=0 dirty_rects_avg=1 dirty_pct_x10=1000 forced_full=0 first_n_force=0 threshold_exceeded=0 dirty_path_taken=0 full_flush_taken=0
[08:48:17] [info] prev-frame-diff block @flip=1700: diff_calls=0 diff_rects_avg=0 diff_dirty_pct_x10=0 bbox_pct_x10=0 bbox_thresh_exceeded=0
[08:48:18] [info] flip-probe: flip #1710 ok=true present=5ms inter_flip_ms=32 drawcalls-since-flip=48 drawcalls-total=118561 fail-total=0 null-skips-total=0
[08:48:18] [info] flip-probe: flip #1720 ok=true present=4ms inter_flip_ms=35 drawcalls-since-flip=44 drawcalls-total=119014 fail-total=0 null-skips-total=0
[08:48:18] [info] flip-probe: flip #1730 ok=true present=4ms inter_flip_ms=35 drawcalls-since-flip=44 drawcalls-total=119455 fail-total=0 null-skips-total=0
[08:48:19] [info] flip-probe: flip #1740 ok=true present=4ms inter_flip_ms=33 drawcalls-since-flip=42 drawcalls-total=119892 fail-total=0 null-skips-total=0
[08:48:19] [info] backdrop cache: thrashing-detect engaged (streak=64, route=direct)
[08:48:19] [info] flip-probe: flip #1750 ok=true present=4ms inter_flip_ms=33 drawcalls-since-flip=20 drawcalls-total=120190 fail-total=0 null-skips-total=0
[08:48:19] [info] flip-probe: flip #1760 ok=true present=4ms inter_flip_ms=33 drawcalls-since-flip=19 drawcalls-total=120381 fail-total=0 null-skips-total=0
[08:48:20] [info] flip-probe: flip #1770 ok=true present=4ms inter_flip_ms=34 drawcalls-since-flip=19 drawcalls-total=120571 fail-total=0 null-skips-total=0
[08:48:20] [info] run_tick_fixed #3000: heartbeat (loop alive)
[08:48:20] [info] flip-probe: flip #1780 ok=true present=4ms inter_flip_ms=32 drawcalls-since-flip=19 drawcalls-total=120761 fail-total=0 null-skips-total=0
[08:48:20] [info] flip-probe: flip #1790 ok=true present=4ms inter_flip_ms=31 drawcalls-since-flip=19 drawcalls-total=120951 fail-total=0 null-skips-total=0
[08:48:21] [info] flip-probe: flip #1800 ok=true present=5ms inter_flip_ms=30 drawcalls-since-flip=19 drawcalls-total=121141 fail-total=0 null-skips-total=0
[08:48:21] [info] alpha audit block 0: 2374 total drawcalls, 0 with alpha<255 (block pct_x10=0; global 0/111569 pct_x10=0); alpha-mod skipped: block=0 global=0
[08:48:21] [info] fastpath audit block 0: taken=2374 (idx8=2374) skipped=0 pct_x10=1000; global taken=111569 (idx8=111569) skipped=0 pct_x10=1000
[08:48:21] [info] primitive tally block 0: clear=200(hr=200) fill=0(hr=0) rect=0(hr=0) line=0(hr=0) tint=0 spotlight=0 (over 100 flips ending at flip 1800)
[08:48:21] [info] color/alpha audit block 0: cmod_white=572 cmod_black=572 (idx=572) cmod_general=0 (idx=0) cmod_fb=0; alpha_taken=0 alpha_skipped=0 (global cmod=8862/7320/693/0 idx=7320/693 alpha=0/0)
[08:48:21] [info] phase timing block 0: drawcalls=3718 dc_total_ms=545 flip_inner_total_ms=603 inter_flip_total_ms=3408 (per-flip avg x10: dc_ms=54 fi_ms=60 if_ms=340 derived audio+engine_ms=226; per-drawcall avg us_x10=1466) [direct-vesa: presents=100 total_ms=406 avg_ms_x10=40 failed=0] [ablation: NO_DC_TIMING=0 CACHE_WINSURF=0 DIRECT_VESA=1]
[08:48:21] [info] kbd/audio block 0: kbd_irq=0 kbd_drain=0 ring_chunks=16 pump_pass=3042 pic1_mask=0xb8 first_irq_ticks=0 install_ticks=0 vector_at_install=0x00849f38 pic1_mask_live=0x38 kbd_8042_stat=0x34 bios_kbd_head=0x002e bios_kbd_tail=0x002e bios_kbd_buf0=0x2e63
[08:48:21] [info] dirty-rect block @flip=1800: total_calls=0 dirty_rects_avg=1 dirty_pct_x10=1000 forced_full=0 first_n_force=0 threshold_exceeded=0 dirty_path_taken=0 full_flush_taken=0
[08:48:21] [info] prev-frame-diff block @flip=1800: diff_calls=0 diff_rects_avg=0 diff_dirty_pct_x10=0 bbox_pct_x10=0 bbox_thresh_exceeded=0
[08:48:21] [info] backdrop cache: thrashing-detect engaged (streak=124, route=direct)
[08:48:21] [info] flip-probe: flip #1810 ok=true present=4ms inter_flip_ms=30 drawcalls-since-flip=18 drawcalls-total=121329 fail-total=0 null-skips-total=0
[08:48:22] [info] flip-probe: flip #1820 ok=true present=4ms inter_flip_ms=30 drawcalls-since-flip=18 drawcalls-total=121509 fail-total=0 null-skips-total=0
[08:48:22] [info] flip-probe: flip #1830 ok=true present=5ms inter_flip_ms=32 drawcalls-since-flip=18 drawcalls-total=121689 fail-total=0 null-skips-total=0
[08:48:22] [info] flip-probe: flip #1840 ok=true present=4ms inter_flip_ms=34 drawcalls-since-flip=17 drawcalls-total=121864 fail-total=0 null-skips-total=0
[08:48:22] [info] flip-probe: flip #1850 ok=true present=4ms inter_flip_ms=32 drawcalls-since-flip=17 drawcalls-total=122034 fail-total=0 null-skips-total=0
[08:48:23] [info] flip-probe: flip #1860 ok=true present=4ms inter_flip_ms=32 drawcalls-since-flip=18 drawcalls-total=122209 fail-total=0 null-skips-total=0
[08:48:23] [info] backdrop cache: thrashing-detect engaged (streak=184, route=direct)
[08:48:23] [info] flip-probe: flip #1870 ok=true present=4ms inter_flip_ms=32 drawcalls-since-flip=19 drawcalls-total=122395 fail-total=0 null-skips-total=0
[08:48:23] [info] flip-probe: flip #1880 ok=true present=4ms inter_flip_ms=33 drawcalls-since-flip=19 drawcalls-total=122585 fail-total=0 null-skips-total=0
[08:48:24] [info] flip-probe: flip #1890 ok=true present=4ms inter_flip_ms=30 drawcalls-since-flip=19 drawcalls-total=122775 fail-total=0 null-skips-total=0
[08:48:24] [info] flip-probe: flip #1900 ok=true present=4ms inter_flip_ms=32 drawcalls-since-flip=18 drawcalls-total=122964 fail-total=0 null-skips-total=0
[08:48:24] [info] alpha audit block 0: 1723 total drawcalls, 0 with alpha<255 (block pct_x10=0; global 0/113292 pct_x10=0); alpha-mod skipped: block=0 global=0
[08:48:24] [info] fastpath audit block 0: taken=1723 (idx8=1723) skipped=0 pct_x10=1000; global taken=113292 (idx8=113292) skipped=0 pct_x10=1000
[08:48:24] [info] primitive tally block 0: clear=200(hr=200) fill=0(hr=0) rect=0(hr=0) line=0(hr=0) tint=0 spotlight=0 (over 100 flips ending at flip 1900)
[08:48:24] [info] phase timing block 0: drawcalls=1923 dc_total_ms=490 flip_inner_total_ms=546 inter_flip_total_ms=3230 (per-flip avg x10: dc_ms=49 fi_ms=54 if_ms=323 derived audio+engine_ms=220; per-drawcall avg us_x10=2549) [direct-vesa: presents=100 total_ms=408 avg_ms_x10=40 failed=0] [ablation: NO_DC_TIMING=0 CACHE_WINSURF=0 DIRECT_VESA=1]
[08:48:24] [info] kbd/audio block 0: kbd_irq=0 kbd_drain=0 ring_chunks=16 pump_pass=3204 pic1_mask=0xb8 first_irq_ticks=0 install_ticks=0 vector_at_install=0x00849f38 pic1_mask_live=0x38 kbd_8042_stat=0x34 bios_kbd_head=0x002e bios_kbd_tail=0x002e bios_kbd_buf0=0x2e63
[08:48:24] [info] dirty-rect block @flip=1900: total_calls=0 dirty_rects_avg=1 dirty_pct_x10=1000 forced_full=0 first_n_force=0 threshold_exceeded=0 dirty_path_taken=0 full_flush_taken=0
[08:48:24] [info] prev-frame-diff block @flip=1900: diff_calls=0 diff_rects_avg=0 diff_dirty_pct_x10=0 bbox_pct_x10=0 bbox_thresh_exceeded=0
[08:48:24] [info] flip-probe: flip #1910 ok=true present=4ms inter_flip_ms=31 drawcalls-since-flip=18 drawcalls-total=123144 fail-total=0 null-skips-total=0
[08:48:25] [info] flip-probe: flip #1920 ok=true present=4ms inter_flip_ms=33 drawcalls-since-flip=17 drawcalls-total=123316 fail-total=0 null-skips-total=0
[08:48:25] [info] backdrop cache: thrashing-detect engaged (streak=244, route=direct)
[08:48:25] [info] flip-probe: flip #1930 ok=true present=5ms inter_flip_ms=30 drawcalls-since-flip=18 drawcalls-total=123493 fail-total=0 null-skips-total=0
[08:48:25] [info] flip-probe: flip #1940 ok=true present=5ms inter_flip_ms=29 drawcalls-since-flip=18 drawcalls-total=123673 fail-total=0 null-skips-total=0
[08:48:26] [info] flip-probe: flip #1950 ok=true present=5ms inter_flip_ms=33 drawcalls-since-flip=19 drawcalls-total=123859 fail-total=0 null-skips-total=0
[08:48:26] [info] flip-probe: flip #1960 ok=true present=4ms inter_flip_ms=31 drawcalls-since-flip=19 drawcalls-total=124049 fail-total=0 null-skips-total=0
[08:48:26] [info] flip-probe: flip #1970 ok=true present=4ms inter_flip_ms=31 drawcalls-since-flip=19 drawcalls-total=124239 fail-total=0 null-skips-total=0
[08:48:27] [info] flip-probe: flip #1980 ok=true present=4ms inter_flip_ms=33 drawcalls-since-flip=20 drawcalls-total=124431 fail-total=0 null-skips-total=0
[08:48:27] [info] backdrop cache: thrashing-detect engaged (streak=304, route=direct)
[08:48:27] [info] flip-probe: flip #1990 ok=true present=4ms inter_flip_ms=33 drawcalls-since-flip=20 drawcalls-total=124631 fail-total=0 null-skips-total=0
[08:48:27] [info] flip-probe: flip #2000 ok=true present=4ms inter_flip_ms=37 drawcalls-since-flip=20 drawcalls-total=124831 fail-total=0 null-skips-total=0
[08:48:27] [info] alpha audit block 0: 1767 total drawcalls, 0 with alpha<255 (block pct_x10=0; global 0/115059 pct_x10=0); alpha-mod skipped: block=0 global=0
[08:48:27] [info] fastpath audit block 0: taken=1767 (idx8=1767) skipped=0 pct_x10=1000; global taken=115059 (idx8=115059) skipped=0 pct_x10=1000
[08:48:27] [info] primitive tally block 0: clear=200(hr=200) fill=0(hr=0) rect=0(hr=0) line=0(hr=0) tint=0 spotlight=0 (over 100 flips ending at flip 2000)
[08:48:27] [info] phase timing block 0: drawcalls=1967 dc_total_ms=489 flip_inner_total_ms=564 inter_flip_total_ms=3268 (per-flip avg x10: dc_ms=48 fi_ms=56 if_ms=326 derived audio+engine_ms=222; per-drawcall avg us_x10=2488) [direct-vesa: presents=100 total_ms=405 avg_ms_x10=40 failed=0] [ablation: NO_DC_TIMING=0 CACHE_WINSURF=0 DIRECT_VESA=1]
[08:48:27] [info] kbd/audio block 0: kbd_irq=0 kbd_drain=0 ring_chunks=16 pump_pass=3367 pic1_mask=0xb8 first_irq_ticks=0 install_ticks=0 vector_at_install=0x00849f38 pic1_mask_live=0x38 kbd_8042_stat=0x34 bios_kbd_head=0x002e bios_kbd_tail=0x002e bios_kbd_buf0=0x2e63
[08:48:27] [info] dirty-rect block @flip=2000: total_calls=0 dirty_rects_avg=1 dirty_pct_x10=1000 forced_full=0 first_n_force=0 threshold_exceeded=0 dirty_path_taken=0 full_flush_taken=0
[08:48:27] [info] prev-frame-diff block @flip=2000: diff_calls=0 diff_rects_avg=0 diff_dirty_pct_x10=0 bbox_pct_x10=0 bbox_thresh_exceeded=0
[08:48:28] [info] flip-probe: flip #2010 ok=true present=4ms inter_flip_ms=33 drawcalls-since-flip=20 drawcalls-total=125031 fail-total=0 null-skips-total=0
[08:48:28] [info] flip-probe: flip #2020 ok=true present=4ms inter_flip_ms=34 drawcalls-since-flip=17 drawcalls-total=125219 fail-total=0 null-skips-total=0
[08:48:28] [info] flip-probe: flip #2030 ok=true present=4ms inter_flip_ms=34 drawcalls-since-flip=17 drawcalls-total=125389 fail-total=0 null-skips-total=0
[08:48:29] [info] flip-probe: flip #2040 ok=true present=4ms inter_flip_ms=31 drawcalls-since-flip=17 drawcalls-total=125559 fail-total=0 null-skips-total=0
[08:48:29] [info] backdrop cache: thrashing-detect engaged (streak=364, route=direct)
[08:48:29] [info] flip-probe: flip #2050 ok=true present=4ms inter_flip_ms=32 drawcalls-since-flip=17 drawcalls-total=125729 fail-total=0 null-skips-total=0
[08:48:29] [info] flip-probe: flip #2060 ok=true present=4ms inter_flip_ms=33 drawcalls-since-flip=18 drawcalls-total=125912 fail-total=0 null-skips-total=0
[08:48:30] [info] flip-probe: flip #2070 ok=true present=4ms inter_flip_ms=30 drawcalls-since-flip=17 drawcalls-total=126090 fail-total=0 null-skips-total=0
[08:48:30] [info] flip-probe: flip #2080 ok=true present=4ms inter_flip_ms=31 drawcalls-since-flip=17 drawcalls-total=126260 fail-total=0 null-skips-total=0
[08:48:30] [info] flip-probe: flip #2090 ok=true present=4ms inter_flip_ms=31 drawcalls-since-flip=16 drawcalls-total=126421 fail-total=0 null-skips-total=0
[08:48:31] [info] flip-probe: flip #2100 ok=true present=4ms inter_flip_ms=30 drawcalls-since-flip=17 drawcalls-total=126588 fail-total=0 null-skips-total=0
[08:48:31] [info] alpha audit block 0: 1657 total drawcalls, 0 with alpha<255 (block pct_x10=0; global 0/116716 pct_x10=0); alpha-mod skipped: block=0 global=0
[08:48:31] [info] fastpath audit block 0: taken=1657 (idx8=1657) skipped=0 pct_x10=1000; global taken=116716 (idx8=116716) skipped=0 pct_x10=1000
[08:48:31] [info] primitive tally block 0: clear=200(hr=200) fill=0(hr=0) rect=0(hr=0) line=0(hr=0) tint=0 spotlight=0 (over 100 flips ending at flip 2100)
[08:48:31] [info] phase timing block 0: drawcalls=1857 dc_total_ms=488 flip_inner_total_ms=547 inter_flip_total_ms=3280 (per-flip avg x10: dc_ms=48 fi_ms=54 if_ms=328 derived audio+engine_ms=226; per-drawcall avg us_x10=2632) [direct-vesa: presents=100 total_ms=406 avg_ms_x10=40 failed=0] [ablation: NO_DC_TIMING=0 CACHE_WINSURF=0 DIRECT_VESA=1]
[08:48:31] [info] kbd/audio block 0: kbd_irq=0 kbd_drain=0 ring_chunks=16 pump_pass=3531 pic1_mask=0xb8 first_irq_ticks=0 install_ticks=0 vector_at_install=0x00849f38 pic1_mask_live=0x38 kbd_8042_stat=0x34 bios_kbd_head=0x002e bios_kbd_tail=0x002e bios_kbd_buf0=0x2e63
[08:48:31] [info] dirty-rect block @flip=2100: total_calls=0 dirty_rects_avg=1 dirty_pct_x10=1000 forced_full=0 first_n_force=0 threshold_exceeded=0 dirty_path_taken=0 full_flush_taken=0
[08:48:31] [info] prev-frame-diff block @flip=2100: diff_calls=0 diff_rects_avg=0 diff_dirty_pct_x10=0 bbox_pct_x10=0 bbox_thresh_exceeded=0
[08:48:31] [info] backdrop cache: thrashing-detect engaged (streak=424, route=direct)
[08:48:31] [info] flip-probe: flip #2110 ok=true present=4ms inter_flip_ms=34 drawcalls-since-flip=18 drawcalls-total=126773 fail-total=0 null-skips-total=0
[08:48:31] [info] flip-probe: flip #2120 ok=true present=4ms inter_flip_ms=35 drawcalls-since-flip=22 drawcalls-total=126976 fail-total=0 null-skips-total=0
[08:48:32] [info] flip-probe: flip #2130 ok=true present=4ms inter_flip_ms=32 drawcalls-since-flip=18 drawcalls-total=127169 fail-total=0 null-skips-total=0
[08:48:32] [info] flip-probe: flip #2140 ok=true present=4ms inter_flip_ms=37 drawcalls-since-flip=119 drawcalls-total=127501 fail-total=0 null-skips-total=0
[08:48:32] [info] run_tick_fixed #3600: heartbeat (loop alive)
[08:48:32] [info] flip-probe: flip #2150 ok=true present=4ms inter_flip_ms=56 drawcalls-since-flip=359 drawcalls-total=130731 fail-total=0 null-skips-total=0
[08:48:32] [info]  >> Entering stage 19: 'Assembly Hall'.
[08:48:32] [info] [skip-sheet-flush] cave=8
[08:48:33] [info] [load-stage] preloading entry music song=9 (cave=8)
[08:48:33] [info] gameloop: entered (curmap=19, running=1)
[08:48:33] [info] gameloop: iter 1 ticks=92646 mapno=-1
[08:48:33] [info] mds-clear-lut: rebuilt N=240 entries (k_skip=100% k_keep=0%; curmap=19 map_size=21x16; rebuild #6 since boot)
[08:48:33] [info] gameloop: iter 2 ticks=92717 mapno=-1
[08:48:33] [info] gameloop: iter 3 ticks=92780 mapno=-1
[08:48:34] [info] flip-probe: flip #2160 ok=true present=4ms inter_flip_ms=44 drawcalls-since-flip=319 drawcalls-total=134649 fail-total=0 null-skips-total=0
[08:48:34] [info] flip-probe: flip #2170 ok=true present=4ms inter_flip_ms=34 drawcalls-since-flip=122 drawcalls-total=136016 fail-total=0 null-skips-total=0
[08:48:34] [info] flip-probe: flip #2180 ok=true present=4ms inter_flip_ms=34 drawcalls-since-flip=122 drawcalls-total=137236 fail-total=0 null-skips-total=0
[08:48:35] [info] flip-probe: flip #2190 ok=true present=4ms inter_flip_ms=33 drawcalls-since-flip=122 drawcalls-total=138456 fail-total=0 null-skips-total=0
[08:48:35] [info] flip-probe: flip #2200 ok=true present=4ms inter_flip_ms=34 drawcalls-since-flip=124 drawcalls-total=139680 fail-total=0 null-skips-total=0
[08:48:35] [info] alpha audit block 0: 12404 total drawcalls, 0 with alpha<255 (block pct_x10=0; global 0/129120 pct_x10=0); alpha-mod skipped: block=0 global=0
[08:48:35] [info] fastpath audit block 0: taken=12404 (idx8=12404) skipped=0 pct_x10=1000; global taken=129120 (idx8=129120) skipped=0 pct_x10=1000
[08:48:35] [info] primitive tally block 0: clear=201(hr=201) fill=0(hr=0) rect=0(hr=0) line=0(hr=0) tint=0 spotlight=0 (over 100 flips ending at flip 2200)
[08:48:35] [info] color/alpha audit block 0: cmod_white=588 cmod_black=588 (idx=588) cmod_general=0 (idx=0) cmod_fb=0; alpha_taken=0 alpha_skipped=0 (global cmod=9450/7908/693/0 idx=7908/693 alpha=0/0)
[08:48:35] [info] phase timing block 0: drawcalls=13830 dc_total_ms=1041 flip_inner_total_ms=560 inter_flip_total_ms=4356 (per-flip avg x10: dc_ms=104 fi_ms=56 if_ms=435 derived audio+engine_ms=275; per-drawcall avg us_x10=753) [direct-vesa: presents=100 total_ms=405 avg_ms_x10=40 failed=0] [ablation: NO_DC_TIMING=0 CACHE_WINSURF=0 DIRECT_VESA=1]
[08:48:35] [info] kbd/audio block 0: kbd_irq=0 kbd_drain=0 ring_chunks=16 pump_pass=3720 pic1_mask=0xb8 first_irq_ticks=0 install_ticks=0 vector_at_install=0x00849f38 pic1_mask_live=0x38 kbd_8042_stat=0x34 bios_kbd_head=0x002e bios_kbd_tail=0x002e bios_kbd_buf0=0x2e63
[08:48:35] [info] dirty-rect block @flip=2200: total_calls=0 dirty_rects_avg=1 dirty_pct_x10=1000 forced_full=0 first_n_force=0 threshold_exceeded=0 dirty_path_taken=0 full_flush_taken=0
[08:48:35] [info] prev-frame-diff block @flip=2200: diff_calls=0 diff_rects_avg=0 diff_dirty_pct_x10=0 bbox_pct_x10=0 bbox_thresh_exceeded=0
[08:48:35] [info] flip-probe: flip #2210 ok=true present=4ms inter_flip_ms=35 drawcalls-since-flip=123 drawcalls-total=140926 fail-total=0 null-skips-total=0
[08:48:36] [info] flip-probe: flip #2220 ok=true present=4ms inter_flip_ms=35 drawcalls-since-flip=122 drawcalls-total=142149 fail-total=0 null-skips-total=0
[08:48:36] [info] flip-probe: flip #2230 ok=true present=4ms inter_flip_ms=34 drawcalls-since-flip=123 drawcalls-total=143385 fail-total=0 null-skips-total=0
[08:48:36] [info] flip-probe: flip #2240 ok=true present=4ms inter_flip_ms=36 drawcalls-since-flip=122 drawcalls-total=144605 fail-total=0 null-skips-total=0
[08:48:37] [info] flip-probe: flip #2250 ok=true present=5ms inter_flip_ms=34 drawcalls-since-flip=122 drawcalls-total=145825 fail-total=0 null-skips-total=0
[08:48:37] [info] flip-probe: flip #2260 ok=true present=4ms inter_flip_ms=34 drawcalls-since-flip=122 drawcalls-total=147045 fail-total=0 null-skips-total=0
[08:48:37] [info] flip-probe: flip #2270 ok=true present=4ms inter_flip_ms=34 drawcalls-since-flip=122 drawcalls-total=148265 fail-total=0 null-skips-total=0
[08:48:38] [info] flip-probe: flip #2280 ok=true present=4ms inter_flip_ms=35 drawcalls-since-flip=146 drawcalls-total=149317 fail-total=0 null-skips-total=0
[08:48:38] [info] flip-probe: flip #2290 ok=true present=4ms inter_flip_ms=54 drawcalls-since-flip=438 drawcalls-total=153049 fail-total=0 null-skips-total=0
[08:48:38] [info]  >> Entering stage 11: 'Mimiga Village'.
[08:48:38] [info] [skip-sheet-flush] cave=9
[08:48:39] [info] [load-stage] preloading entry music song=9 (cave=9)
[08:48:39] [info] gameloop: entered (curmap=11, running=1)
[08:48:39] [info] gameloop: iter 1 ticks=98553 mapno=-1
[08:48:39] [info] mds-clear-lut: rebuilt N=240 entries (k_skip=0% k_keep=100%; curmap=11 map_size=60x60; rebuild #7 since boot)
[08:48:39] [info] gameloop: iter 2 ticks=98632 mapno=-1
[08:48:39] [info] gameloop: iter 3 ticks=98696 mapno=-1
[08:48:39] [info] flip-probe: flip #2300 ok=true present=4ms inter_flip_ms=55 drawcalls-since-flip=272 drawcalls-total=156543 fail-total=0 null-skips-total=0
[08:48:39] [info] alpha audit block 0: 15820 total drawcalls, 0 with alpha<255 (block pct_x10=0; global 0/144940 pct_x10=0); alpha-mod skipped: block=0 global=0
[08:48:39] [info] fastpath audit block 0: taken=15820 (idx8=15820) skipped=0 pct_x10=1000; global taken=144940 (idx8=144940) skipped=0 pct_x10=1000
[08:48:39] [info] primitive tally block 0: clear=201(hr=201) fill=0(hr=0) rect=0(hr=0) line=0(hr=0) tint=0 spotlight=0 (over 100 flips ending at flip 2300)
[08:48:39] [info] color/alpha audit block 0: cmod_white=943 cmod_black=943 (idx=943) cmod_general=0 (idx=0) cmod_fb=0; alpha_taken=0 alpha_skipped=0 (global cmod=10393/8851/693/0 idx=8851/693 alpha=0/0)
[08:48:39] [info] phase timing block 0: drawcalls=18007 dc_total_ms=1290 flip_inner_total_ms=552 inter_flip_total_ms=4468 (per-flip avg x10: dc_ms=129 fi_ms=55 if_ms=446 derived audio+engine_ms=262; per-drawcall avg us_x10=716) [direct-vesa: presents=100 total_ms=402 avg_ms_x10=40 failed=0] [ablation: NO_DC_TIMING=0 CACHE_WINSURF=0 DIRECT_VESA=1]
[08:48:39] [info] kbd/audio block 0: kbd_irq=0 kbd_drain=0 ring_chunks=16 pump_pass=3914 pic1_mask=0xb8 first_irq_ticks=0 install_ticks=0 vector_at_install=0x00849f38 pic1_mask_live=0x38 kbd_8042_stat=0x34 bios_kbd_head=0x002e bios_kbd_tail=0x002e bios_kbd_buf0=0x2e63
[08:48:39] [info] dirty-rect block @flip=2300: total_calls=0 dirty_rects_avg=1 dirty_pct_x10=1000 forced_full=0 first_n_force=0 threshold_exceeded=0 dirty_path_taken=0 full_flush_taken=0
[08:48:39] [info] prev-frame-diff block @flip=2300: diff_calls=0 diff_rects_avg=0 diff_dirty_pct_x10=0 bbox_pct_x10=0 bbox_thresh_exceeded=0
[08:48:39] [info] backdrop cache: thrashing-detect engaged (streak=4, route=direct)
[08:48:40] [info] flip-probe: flip #2310 ok=true present=4ms inter_flip_ms=34 drawcalls-since-flip=45 drawcalls-total=157045 fail-total=0 null-skips-total=0
[08:48:40] [info] flip-probe: flip #2320 ok=true present=4ms inter_flip_ms=36 drawcalls-since-flip=46 drawcalls-total=157500 fail-total=0 null-skips-total=0
[08:48:40] [info] flip-probe: flip #2330 ok=true present=4ms inter_flip_ms=35 drawcalls-since-flip=43 drawcalls-total=157948 fail-total=0 null-skips-total=0
[08:48:41] [info] flip-probe: flip #2340 ok=true present=4ms inter_flip_ms=32 drawcalls-since-flip=43 drawcalls-total=158372 fail-total=0 null-skips-total=0
[08:48:41] [info] flip-probe: flip #2350 ok=true present=4ms inter_flip_ms=32 drawcalls-since-flip=44 drawcalls-total=158803 fail-total=0 null-skips-total=0
[08:48:41] [info] flip-probe: flip #2360 ok=true present=4ms inter_flip_ms=35 drawcalls-since-flip=45 drawcalls-total=159245 fail-total=0 null-skips-total=0
[08:48:41] [info] backdrop cache: thrashing-detect engaged (streak=64, route=direct)
[08:48:42] [info] flip-probe: flip #2370 ok=true present=4ms inter_flip_ms=32 drawcalls-since-flip=43 drawcalls-total=159683 fail-total=0 null-skips-total=0
[08:48:42] [info] flip-probe: flip #2380 ok=true present=4ms inter_flip_ms=32 drawcalls-since-flip=43 drawcalls-total=160113 fail-total=0 null-skips-total=0
[08:48:42] [info] flip-probe: flip #2390 ok=true present=6ms inter_flip_ms=32 drawcalls-since-flip=46 drawcalls-total=160570 fail-total=0 null-skips-total=0
[08:48:43] [info] flip-probe: flip #2400 ok=true present=4ms inter_flip_ms=33 drawcalls-since-flip=45 drawcalls-total=161021 fail-total=0 null-skips-total=0
[08:48:43] [info] alpha audit block 0: 3078 total drawcalls, 0 with alpha<255 (block pct_x10=0; global 0/148018 pct_x10=0); alpha-mod skipped: block=0 global=0
[08:48:43] [info] fastpath audit block 0: taken=3078 (idx8=3078) skipped=0 pct_x10=1000; global taken=148018 (idx8=148018) skipped=0 pct_x10=1000
[08:48:43] [info] primitive tally block 0: clear=200(hr=200) fill=0(hr=0) rect=0(hr=0) line=0(hr=0) tint=0 spotlight=0 (over 100 flips ending at flip 2400)
[08:48:43] [info] color/alpha audit block 0: cmod_white=1300 cmod_black=1300 (idx=1300) cmod_general=0 (idx=0) cmod_fb=0; alpha_taken=0 alpha_skipped=0 (global cmod=11693/10151/693/0 idx=10151/693 alpha=0/0)
[08:48:43] [info] phase timing block 0: drawcalls=5878 dc_total_ms=612 flip_inner_total_ms=561 inter_flip_total_ms=3453 (per-flip avg x10: dc_ms=61 fi_ms=56 if_ms=345 derived audio+engine_ms=228; per-drawcall avg us_x10=1041) [direct-vesa: presents=100 total_ms=406 avg_ms_x10=40 failed=0] [ablation: NO_DC_TIMING=0 CACHE_WINSURF=0 DIRECT_VESA=1]
[08:48:43] [info] kbd/audio block 0: kbd_irq=0 kbd_drain=0 ring_chunks=16 pump_pass=4087 pic1_mask=0xb8 first_irq_ticks=0 install_ticks=0 vector_at_install=0x00849f38 pic1_mask_live=0x38 kbd_8042_stat=0x34 bios_kbd_head=0x002e bios_kbd_tail=0x002e bios_kbd_buf0=0x2e63
[08:48:43] [info] dirty-rect block @flip=2400: total_calls=0 dirty_rects_avg=1 dirty_pct_x10=1000 forced_full=0 first_n_force=0 threshold_exceeded=0 dirty_path_taken=0 full_flush_taken=0
[08:48:43] [info] prev-frame-diff block @flip=2400: diff_calls=0 diff_rects_avg=0 diff_dirty_pct_x10=0 bbox_pct_x10=0 bbox_thresh_exceeded=0
[08:48:43] [info] flip-probe: flip #2410 ok=true present=4ms inter_flip_ms=32 drawcalls-since-flip=44 drawcalls-total=161466 fail-total=0 null-skips-total=0
[08:48:44] [info] flip-probe: flip #2420 ok=true present=4ms inter_flip_ms=30 drawcalls-since-flip=18 drawcalls-total=161724 fail-total=0 null-skips-total=0
[08:48:44] [info] backdrop cache: thrashing-detect engaged (streak=124, route=direct)
[08:48:44] [info] flip-probe: flip #2430 ok=true present=4ms inter_flip_ms=30 drawcalls-since-flip=17 drawcalls-total=161903 fail-total=0 null-skips-total=0
[08:48:44] [info] flip-probe: flip #2440 ok=true present=4ms inter_flip_ms=31 drawcalls-since-flip=17 drawcalls-total=162073 fail-total=0 null-skips-total=0
[08:48:44] [info] flip-probe: flip #2450 ok=true present=4ms inter_flip_ms=33 drawcalls-since-flip=17 drawcalls-total=162243 fail-total=0 null-skips-total=0
[08:48:45] [info] flip-probe: flip #2460 ok=true present=4ms inter_flip_ms=33 drawcalls-since-flip=17 drawcalls-total=162413 fail-total=0 null-skips-total=0
[08:48:45] [info] run_tick_fixed #4200: heartbeat (loop alive)
[08:48:45] [info] flip-probe: flip #2470 ok=true present=4ms inter_flip_ms=39 drawcalls-since-flip=18 drawcalls-total=162591 fail-total=0 null-skips-total=0
[08:48:45] [info] flip-probe: flip #2480 ok=true present=4ms inter_flip_ms=33 drawcalls-since-flip=18 drawcalls-total=162771 fail-total=0 null-skips-total=0
[08:48:45] [info] backdrop cache: thrashing-detect engaged (streak=184, route=direct)
[08:48:46] [info] flip-probe: flip #2490 ok=true present=5ms inter_flip_ms=31 drawcalls-since-flip=19 drawcalls-total=162959 fail-total=0 null-skips-total=0
[08:48:46] [info] flip-probe: flip #2500 ok=true present=5ms inter_flip_ms=31 drawcalls-since-flip=18 drawcalls-total=163148 fail-total=0 null-skips-total=0
[08:48:46] [info] alpha audit block 0: 1858 total drawcalls, 0 with alpha<255 (block pct_x10=0; global 0/149876 pct_x10=0); alpha-mod skipped: block=0 global=0
[08:48:46] [info] fastpath audit block 0: taken=1858 (idx8=1858) skipped=0 pct_x10=1000; global taken=149876 (idx8=149876) skipped=0 pct_x10=1000
[08:48:46] [info] primitive tally block 0: clear=200(hr=200) fill=0(hr=0) rect=0(hr=0) line=0(hr=0) tint=0 spotlight=0 (over 100 flips ending at flip 2500)
[08:48:46] [info] color/alpha audit block 0: cmod_white=169 cmod_black=169 (idx=169) cmod_general=0 (idx=0) cmod_fb=0; alpha_taken=0 alpha_skipped=0 (global cmod=11862/10320/693/0 idx=10320/693 alpha=0/0)
[08:48:46] [info] phase timing block 0: drawcalls=2396 dc_total_ms=503 flip_inner_total_ms=557 inter_flip_total_ms=3254 (per-flip avg x10: dc_ms=50 fi_ms=55 if_ms=325 derived audio+engine_ms=220; per-drawcall avg us_x10=2100) [direct-vesa: presents=100 total_ms=404 avg_ms_x10=40 failed=0] [ablation: NO_DC_TIMING=0 CACHE_WINSURF=0 DIRECT_VESA=1]
[08:48:46] [info] kbd/audio block 0: kbd_irq=0 kbd_drain=0 ring_chunks=16 pump_pass=4250 pic1_mask=0xb8 first_irq_ticks=0 install_ticks=0 vector_at_install=0x00849f38 pic1_mask_live=0x38 kbd_8042_stat=0x34 bios_kbd_head=0x002e bios_kbd_tail=0x002e bios_kbd_buf0=0x2e63
[08:48:46] [info] dirty-rect block @flip=2500: total_calls=0 dirty_rects_avg=1 dirty_pct_x10=1000 forced_full=0 first_n_force=0 threshold_exceeded=0 dirty_path_taken=0 full_flush_taken=0
[08:48:46] [info] prev-frame-diff block @flip=2500: diff_calls=0 diff_rects_avg=0 diff_dirty_pct_x10=0 bbox_pct_x10=0 bbox_thresh_exceeded=0
[08:48:46] [info] flip-probe: flip #2510 ok=true present=4ms inter_flip_ms=31 drawcalls-since-flip=15 drawcalls-total=163308 fail-total=0 null-skips-total=0
[08:48:47] [info] flip-probe: flip #2520 ok=true present=4ms inter_flip_ms=31 drawcalls-since-flip=15 drawcalls-total=163458 fail-total=0 null-skips-total=0
[08:48:47] [info] flip-probe: flip #2530 ok=true present=4ms inter_flip_ms=46 drawcalls-since-flip=272 drawcalls-total=164297 fail-total=0 null-skips-total=0
[08:48:48] [info]  >> Entering stage 14: 'Shack'.
[08:48:48] [info] [skip-sheet-flush] cave=10
[08:48:48] [info] [load-stage] preloading entry music song=8 (cave=10)
[08:48:48] [info] opl3 backend: on_song_stop
[08:48:48] [info] MidiScheduler::load: parsed 'data/orgmid2/vivi.mid' = 11188 events at 48 PPQ
[08:48:48] [info] opl3 backend: on_song_start
[08:48:48] [info] gameloop: entered (curmap=14, running=1)
[08:48:48] [info] gameloop: iter 1 ticks=107907 mapno=-1
[08:48:48] [info] flip-probe: flip #2540 ok=true present=4ms inter_flip_ms=721 drawcalls-since-flip=365 drawcalls-total=167470 fail-total=0 null-skips-total=0
[08:48:48] [info] gameloop: iter 2 ticks=107963 mapno=-1
[08:48:48] [info] gameloop: iter 3 ticks=108016 mapno=-1
[08:48:49] [info] flip-probe: flip #2550 ok=true present=4ms inter_flip_ms=34 drawcalls-since-flip=221 drawcalls-total=170792 fail-total=0 null-skips-total=0
[08:48:49] [info] flip-probe: flip #2560 ok=true present=4ms inter_flip_ms=24 drawcalls-since-flip=24 drawcalls-total=171241 fail-total=0 null-skips-total=0
[08:48:49] [info] flip-probe: flip #2570 ok=true present=4ms inter_flip_ms=25 drawcalls-since-flip=24 drawcalls-total=171481 fail-total=0 null-skips-total=0
[08:48:50] [info] flip-probe: flip #2580 ok=true present=4ms inter_flip_ms=24 drawcalls-since-flip=24 drawcalls-total=171721 fail-total=0 null-skips-total=0
[08:48:50] [info] flip-probe: flip #2590 ok=true present=4ms inter_flip_ms=26 drawcalls-since-flip=24 drawcalls-total=171961 fail-total=0 null-skips-total=0
[08:48:50] [info] flip-probe: flip #2600 ok=true present=4ms inter_flip_ms=25 drawcalls-since-flip=26 drawcalls-total=172207 fail-total=0 null-skips-total=0
[08:48:50] [info] alpha audit block 0: 8715 total drawcalls, 0 with alpha<255 (block pct_x10=0; global 0/158591 pct_x10=0); alpha-mod skipped: block=0 global=0
[08:48:50] [info] fastpath audit block 0: taken=8715 (idx8=8715) skipped=0 pct_x10=1000; global taken=158591 (idx8=158591) skipped=0 pct_x10=1000
[08:48:50] [info] primitive tally block 0: clear=201(hr=201) fill=0(hr=0) rect=0(hr=0) line=0(hr=0) tint=0 spotlight=0 (over 100 flips ending at flip 2600)
[08:48:50] [info] color/alpha audit block 0: cmod_white=305 cmod_black=305 (idx=305) cmod_general=0 (idx=0) cmod_fb=0; alpha_taken=0 alpha_skipped=0 (global cmod=12167/10625/693/0 idx=10625/693 alpha=0/0)
[08:48:50] [info] phase timing block 0: drawcalls=9526 dc_total_ms=798 flip_inner_total_ms=554 inter_flip_total_ms=3972 (per-flip avg x10: dc_ms=79 fi_ms=55 if_ms=397 derived audio+engine_ms=263; per-drawcall avg us_x10=837) [direct-vesa: presents=100 total_ms=402 avg_ms_x10=40 failed=0] [ablation: NO_DC_TIMING=0 CACHE_WINSURF=0 DIRECT_VESA=1]
[08:48:50] [info] kbd/audio block 0: kbd_irq=0 kbd_drain=0 ring_chunks=16 pump_pass=4414 pic1_mask=0xb8 first_irq_ticks=0 install_ticks=0 vector_at_install=0x00849f38 pic1_mask_live=0x38 kbd_8042_stat=0x34 bios_kbd_head=0x002e bios_kbd_tail=0x002e bios_kbd_buf0=0x2e63
[08:48:50] [info] dirty-rect block @flip=2600: total_calls=0 dirty_rects_avg=1 dirty_pct_x10=1000 forced_full=0 first_n_force=0 threshold_exceeded=0 dirty_path_taken=0 full_flush_taken=0
[08:48:50] [info] prev-frame-diff block @flip=2600: diff_calls=0 diff_rects_avg=0 diff_dirty_pct_x10=0 bbox_pct_x10=0 bbox_thresh_exceeded=0
[08:48:50] [info] flip-probe: flip #2610 ok=true present=4ms inter_flip_ms=27 drawcalls-since-flip=29 drawcalls-total=172477 fail-total=0 null-skips-total=0
[08:48:51] [info] flip-probe: flip #2620 ok=true present=4ms inter_flip_ms=25 drawcalls-since-flip=25 drawcalls-total=172745 fail-total=0 null-skips-total=0
[08:48:51] [info] flip-probe: flip #2630 ok=true present=4ms inter_flip_ms=24 drawcalls-since-flip=24 drawcalls-total=172989 fail-total=0 null-skips-total=0
[08:48:51] [info] flip-probe: flip #2640 ok=true present=4ms inter_flip_ms=26 drawcalls-since-flip=24 drawcalls-total=173229 fail-total=0 null-skips-total=0
[08:48:51] [info] flip-probe: flip #2650 ok=true present=4ms inter_flip_ms=25 drawcalls-since-flip=24 drawcalls-total=173469 fail-total=0 null-skips-total=0
[08:48:52] [info] flip-probe: flip #2660 ok=true present=4ms inter_flip_ms=26 drawcalls-since-flip=14 drawcalls-total=173699 fail-total=0 null-skips-total=0
[08:48:52] [info] run_tick_fixed #4500: heartbeat (loop alive)
[08:48:52] [info] flip-probe: flip #2670 ok=true present=4ms inter_flip_ms=24 drawcalls-since-flip=14 drawcalls-total=173839 fail-total=0 null-skips-total=0
[08:48:52] [info] flip-probe: flip #2680 ok=true present=5ms inter_flip_ms=23 drawcalls-since-flip=14 drawcalls-total=173979 fail-total=0 null-skips-total=0
[08:48:52] [info] flip-probe: flip #2690 ok=true present=4ms inter_flip_ms=26 drawcalls-since-flip=14 drawcalls-total=174119 fail-total=0 null-skips-total=0
[08:48:53] [info] flip-probe: flip #2700 ok=true present=4ms inter_flip_ms=25 drawcalls-since-flip=14 drawcalls-total=174259 fail-total=0 null-skips-total=0
[08:48:53] [info] alpha audit block 0: 1757 total drawcalls, 0 with alpha<255 (block pct_x10=0; global 0/160348 pct_x10=0); alpha-mod skipped: block=0 global=0
[08:48:53] [info] fastpath audit block 0: taken=1757 (idx8=1757) skipped=0 pct_x10=1000; global taken=160348 (idx8=160348) skipped=0 pct_x10=1000
[08:48:53] [info] primitive tally block 0: clear=200(hr=200) fill=0(hr=0) rect=0(hr=0) line=0(hr=0) tint=0 spotlight=0 (over 100 flips ending at flip 2700)
[08:48:53] [info] color/alpha audit block 0: cmod_white=295 cmod_black=295 (idx=295) cmod_general=0 (idx=0) cmod_fb=0; alpha_taken=0 alpha_skipped=0 (global cmod=12462/10920/693/0 idx=10920/693 alpha=0/0)
[08:48:53] [info] phase timing block 0: drawcalls=2547 dc_total_ms=496 flip_inner_total_ms=555 inter_flip_total_ms=2552 (per-flip avg x10: dc_ms=49 fi_ms=55 if_ms=255 derived audio+engine_ms=151; per-drawcall avg us_x10=1949) [direct-vesa: presents=100 total_ms=402 avg_ms_x10=40 failed=0] [ablation: NO_DC_TIMING=0 CACHE_WINSURF=0 DIRECT_VESA=1]
[08:48:53] [info] kbd/audio block 0: kbd_irq=0 kbd_drain=0 ring_chunks=16 pump_pass=4542 pic1_mask=0xb8 first_irq_ticks=0 install_ticks=0 vector_at_install=0x00849f38 pic1_mask_live=0x38 kbd_8042_stat=0x34 bios_kbd_head=0x002e bios_kbd_tail=0x002e bios_kbd_buf0=0x2e63
[08:48:53] [info] dirty-rect block @flip=2700: total_calls=0 dirty_rects_avg=1 dirty_pct_x10=1000 forced_full=0 first_n_force=0 threshold_exceeded=0 dirty_path_taken=0 full_flush_taken=0
[08:48:53] [info] prev-frame-diff block @flip=2700: diff_calls=0 diff_rects_avg=0 diff_dirty_pct_x10=0 bbox_pct_x10=0 bbox_thresh_exceeded=0
[08:48:53] [info] flip-probe: flip #2710 ok=true present=4ms inter_flip_ms=24 drawcalls-since-flip=14 drawcalls-total=174399 fail-total=0 null-skips-total=0
[08:48:53] [info] flip-probe: flip #2720 ok=true present=4ms inter_flip_ms=25 drawcalls-since-flip=14 drawcalls-total=174539 fail-total=0 null-skips-total=0
[08:48:53] [info] flip-probe: flip #2730 ok=true present=5ms inter_flip_ms=28 drawcalls-since-flip=115 drawcalls-total=174882 fail-total=0 null-skips-total=0
[08:48:54] [info] flip-probe: flip #2740 ok=true present=4ms inter_flip_ms=45 drawcalls-since-flip=355 drawcalls-total=178008 fail-total=0 null-skips-total=0
[08:48:54] [info]  >> Entering stage 11: 'Mimiga Village'.
[08:48:54] [info] [skip-sheet-flush] cave=11
[08:48:54] [info] [load-stage] preloading entry music song=9 (cave=11)
[08:48:54] [info] opl3 backend: on_song_stop
[08:48:54] [info] MidiScheduler::load: parsed 'data/orgmid2/mura.mid' = 7123 events at 48 PPQ
[08:48:54] [info] opl3 backend: on_song_start
[08:48:55] [info] gameloop: entered (curmap=11, running=1)
[08:48:55] [info] gameloop: iter 1 ticks=114102 mapno=-1
[08:48:55] [info] gameloop: iter 2 ticks=114165 mapno=-1
[08:48:55] [info] gameloop: iter 3 ticks=114236 mapno=-1
[08:48:55] [info] flip-probe: flip #2750 ok=true present=4ms inter_flip_ms=57 drawcalls-since-flip=342 drawcalls-total=181351 fail-total=0 null-skips-total=0
[08:48:55] [info] backdrop cache: thrashing-detect engaged (streak=4, route=direct)
[08:48:55] [info] flip-probe: flip #2760 ok=true present=4ms inter_flip_ms=35 drawcalls-since-flip=41 drawcalls-total=182060 fail-total=0 null-skips-total=0
[08:48:56] [info] flip-probe: flip #2770 ok=true present=4ms inter_flip_ms=34 drawcalls-since-flip=42 drawcalls-total=182474 fail-total=0 null-skips-total=0
[08:48:56] [info] flip-probe: flip #2780 ok=true present=4ms inter_flip_ms=30 drawcalls-since-flip=44 drawcalls-total=182906 fail-total=0 null-skips-total=0
[08:48:56] [info] flip-probe: flip #2790 ok=true present=4ms inter_flip_ms=34 drawcalls-since-flip=44 drawcalls-total=183346 fail-total=0 null-skips-total=0
[08:48:57] [info] flip-probe: flip #2800 ok=true present=5ms inter_flip_ms=33 drawcalls-since-flip=46 drawcalls-total=183800 fail-total=0 null-skips-total=0
[08:48:57] [info] alpha audit block 0: 8743 total drawcalls, 0 with alpha<255 (block pct_x10=0; global 0/169091 pct_x10=0); alpha-mod skipped: block=0 global=0
[08:48:57] [info] fastpath audit block 0: taken=8743 (idx8=8743) skipped=0 pct_x10=1000; global taken=169091 (idx8=169091) skipped=0 pct_x10=1000
[08:48:57] [info] primitive tally block 0: clear=201(hr=201) fill=0(hr=0) rect=0(hr=0) line=0(hr=0) tint=0 spotlight=0 (over 100 flips ending at flip 2800)
[08:48:57] [info] color/alpha audit block 0: cmod_white=741 cmod_black=741 (idx=741) cmod_general=0 (idx=0) cmod_fb=0; alpha_taken=0 alpha_skipped=0 (global cmod=13203/11661/693/0 idx=11661/693 alpha=0/0)
[08:48:57] [info] phase timing block 0: drawcalls=10434 dc_total_ms=858 flip_inner_total_ms=607 inter_flip_total_ms=4065 (per-flip avg x10: dc_ms=85 fi_ms=60 if_ms=406 derived audio+engine_ms=261; per-drawcall avg us_x10=823) [direct-vesa: presents=100 total_ms=405 avg_ms_x10=40 failed=0] [ablation: NO_DC_TIMING=0 CACHE_WINSURF=0 DIRECT_VESA=1]
[08:48:57] [info] kbd/audio block 0: kbd_irq=0 kbd_drain=0 ring_chunks=16 pump_pass=4716 pic1_mask=0xb8 first_irq_ticks=0 install_ticks=0 vector_at_install=0x00849f38 pic1_mask_live=0x38 kbd_8042_stat=0x34 bios_kbd_head=0x002e bios_kbd_tail=0x002e bios_kbd_buf0=0x2e63
[08:48:57] [info] dirty-rect block @flip=2800: total_calls=0 dirty_rects_avg=1 dirty_pct_x10=1000 forced_full=0 first_n_force=0 threshold_exceeded=0 dirty_path_taken=0 full_flush_taken=0
[08:48:57] [info] prev-frame-diff block @flip=2800: diff_calls=0 diff_rects_avg=0 diff_dirty_pct_x10=0 bbox_pct_x10=0 bbox_thresh_exceeded=0
[08:48:57] [info] flip-probe: flip #2810 ok=true present=4ms inter_flip_ms=32 drawcalls-since-flip=45 drawcalls-total=184270 fail-total=0 null-skips-total=0
[08:48:57] [info] backdrop cache: thrashing-detect engaged (streak=64, route=direct)
[08:48:57] [info] flip-probe: flip #2820 ok=true present=4ms inter_flip_ms=32 drawcalls-since-flip=43 drawcalls-total=184703 fail-total=0 null-skips-total=0
[08:48:58] [info] flip-probe: flip #2830 ok=true present=4ms inter_flip_ms=35 drawcalls-since-flip=43 drawcalls-total=185133 fail-total=0 null-skips-total=0
[08:48:58] [info] flip-probe: flip #2840 ok=true present=4ms inter_flip_ms=36 drawcalls-since-flip=46 drawcalls-total=185575 fail-total=0 null-skips-total=0
[08:48:58] [info] run_tick_fixed #4800: heartbeat (loop alive)
[08:48:58] [info] flip-probe: flip #2850 ok=true present=4ms inter_flip_ms=42 drawcalls-since-flip=45 drawcalls-total=186035 fail-total=0 null-skips-total=0
[08:48:58] [info] backdrop cache: thrashing-detect engaged (streak=4, route=direct)
[08:48:59] [info] flip-probe: flip #2860 ok=true present=4ms inter_flip_ms=35 drawcalls-since-flip=45 drawcalls-total=186485 fail-total=0 null-skips-total=0
[08:48:59] [info] flip-probe: flip #2870 ok=true present=4ms inter_flip_ms=32 drawcalls-since-flip=19 drawcalls-total=186753 fail-total=0 null-skips-total=0
[08:48:59] [info] flip-probe: flip #2880 ok=true present=4ms inter_flip_ms=32 drawcalls-since-flip=20 drawcalls-total=186946 fail-total=0 null-skips-total=0
[08:49:00] [info] flip-probe: flip #2890 ok=true present=4ms inter_flip_ms=35 drawcalls-since-flip=21 drawcalls-total=187152 fail-total=0 null-skips-total=0
[08:49:00] [info] flip-probe: flip #2900 ok=true present=4ms inter_flip_ms=33 drawcalls-since-flip=19 drawcalls-total=187349 fail-total=0 null-skips-total=0
[08:49:00] [info] alpha audit block 0: 2630 total drawcalls, 0 with alpha<255 (block pct_x10=0; global 0/171721 pct_x10=0); alpha-mod skipped: block=0 global=0
[08:49:00] [info] fastpath audit block 0: taken=2630 (idx8=2630) skipped=0 pct_x10=1000; global taken=171721 (idx8=171721) skipped=0 pct_x10=1000
[08:49:00] [info] primitive tally block 0: clear=200(hr=200) fill=0(hr=0) rect=0(hr=0) line=0(hr=0) tint=0 spotlight=0 (over 100 flips ending at flip 2900)
[08:49:00] [info] color/alpha audit block 0: cmod_white=819 cmod_black=819 (idx=819) cmod_general=0 (idx=0) cmod_fb=0; alpha_taken=0 alpha_skipped=0 (global cmod=14022/12480/693/0 idx=12480/693 alpha=0/0)
[08:49:00] [info] phase timing block 0: drawcalls=4472 dc_total_ms=592 flip_inner_total_ms=556 inter_flip_total_ms=3420 (per-flip avg x10: dc_ms=59 fi_ms=55 if_ms=342 derived audio+engine_ms=228; per-drawcall avg us_x10=1325) [direct-vesa: presents=100 total_ms=403 avg_ms_x10=40 failed=0] [ablation: NO_DC_TIMING=0 CACHE_WINSURF=0 DIRECT_VESA=1]
[08:49:00] [info] kbd/audio block 0: kbd_irq=0 kbd_drain=0 ring_chunks=16 pump_pass=4887 pic1_mask=0xb8 first_irq_ticks=0 install_ticks=0 vector_at_install=0x00849f38 pic1_mask_live=0x38 kbd_8042_stat=0x34 bios_kbd_head=0x002e bios_kbd_tail=0x002e bios_kbd_buf0=0x2e63
[08:49:00] [info] dirty-rect block @flip=2900: total_calls=0 dirty_rects_avg=1 dirty_pct_x10=1000 forced_full=0 first_n_force=0 threshold_exceeded=0 dirty_path_taken=0 full_flush_taken=0
[08:49:00] [info] prev-frame-diff block @flip=2900: diff_calls=0 diff_rects_avg=0 diff_dirty_pct_x10=0 bbox_pct_x10=0 bbox_thresh_exceeded=0
[08:49:01] [info] flip-probe: flip #2910 ok=true present=4ms inter_flip_ms=35 drawcalls-since-flip=18 drawcalls-total=187531 fail-total=0 null-skips-total=0
[08:49:01] [info] backdrop cache: thrashing-detect engaged (streak=64, route=direct)
[08:49:01] [info] flip-probe: flip #2920 ok=true present=4ms inter_flip_ms=34 drawcalls-since-flip=18 drawcalls-total=187711 fail-total=0 null-skips-total=0
[08:49:01] [info] flip-probe: flip #2930 ok=true present=4ms inter_flip_ms=41 drawcalls-since-flip=19 drawcalls-total=187899 fail-total=0 null-skips-total=0
[08:49:01] [info] backdrop cache: thrashing-detect engaged (streak=4, route=direct)
[08:49:02] [info] flip-probe: flip #2940 ok=true present=4ms inter_flip_ms=31 drawcalls-since-flip=20 drawcalls-total=188096 fail-total=0 null-skips-total=0
[08:49:02] [info] flip-probe: flip #2950 ok=true present=4ms inter_flip_ms=34 drawcalls-since-flip=21 drawcalls-total=188303 fail-total=0 null-skips-total=0
[08:49:02] [info] flip-probe: flip #2960 ok=true present=4ms inter_flip_ms=32 drawcalls-since-flip=20 drawcalls-total=188506 fail-total=0 null-skips-total=0
[08:49:03] [info] flip-probe: flip #2970 ok=true present=4ms inter_flip_ms=31 drawcalls-since-flip=19 drawcalls-total=188699 fail-total=0 null-skips-total=0
[08:49:03] [info] flip-probe: flip #2980 ok=true present=4ms inter_flip_ms=35 drawcalls-since-flip=19 drawcalls-total=188889 fail-total=0 null-skips-total=0
[08:49:03] [info] flip-probe: flip #2990 ok=true present=4ms inter_flip_ms=33 drawcalls-since-flip=19 drawcalls-total=189079 fail-total=0 null-skips-total=0
[08:49:03] [info] backdrop cache: thrashing-detect engaged (streak=64, route=direct)
[08:49:04] [info] flip-probe: flip #3000 ok=true present=4ms inter_flip_ms=39 drawcalls-since-flip=19 drawcalls-total=189269 fail-total=0 null-skips-total=0
[08:49:04] [info] alpha audit block 0: 1820 total drawcalls, 0 with alpha<255 (block pct_x10=0; global 0/173541 pct_x10=0); alpha-mod skipped: block=0 global=0
[08:49:04] [info] fastpath audit block 0: taken=1820 (idx8=1820) skipped=0 pct_x10=1000; global taken=173541 (idx8=173541) skipped=0 pct_x10=1000
[08:49:04] [info] primitive tally block 0: clear=200(hr=200) fill=0(hr=0) rect=0(hr=0) line=0(hr=0) tint=0 spotlight=0 (over 100 flips ending at flip 3000)
[08:49:04] [info] phase timing block 0: drawcalls=2029 dc_total_ms=537 flip_inner_total_ms=563 inter_flip_total_ms=3397 (per-flip avg x10: dc_ms=53 fi_ms=56 if_ms=339 derived audio+engine_ms=230; per-drawcall avg us_x10=2651) [direct-vesa: presents=100 total_ms=408 avg_ms_x10=40 failed=0] [ablation: NO_DC_TIMING=0 CACHE_WINSURF=0 DIRECT_VESA=1]
[08:49:04] [info] kbd/audio block 0: kbd_irq=0 kbd_drain=0 ring_chunks=16 pump_pass=5057 pic1_mask=0xb8 first_irq_ticks=0 install_ticks=0 vector_at_install=0x00849f38 pic1_mask_live=0x38 kbd_8042_stat=0x34 bios_kbd_head=0x002e bios_kbd_tail=0x002e bios_kbd_buf0=0x2e63
[08:49:04] [info] dirty-rect block @flip=3000: total_calls=0 dirty_rects_avg=1 dirty_pct_x10=1000 forced_full=0 first_n_force=0 threshold_exceeded=0 dirty_path_taken=0 full_flush_taken=0
[08:49:04] [info] prev-frame-diff block @flip=3000: diff_calls=0 diff_rects_avg=0 diff_dirty_pct_x10=0 bbox_pct_x10=0 bbox_thresh_exceeded=0
[08:49:04] [info] flip-probe: flip #3010 ok=true present=4ms inter_flip_ms=33 drawcalls-since-flip=19 drawcalls-total=189459 fail-total=0 null-skips-total=0
[08:49:04] [info] flip-probe: flip #3020 ok=true present=5ms inter_flip_ms=31 drawcalls-since-flip=19 drawcalls-total=189649 fail-total=0 null-skips-total=0
[08:49:05] [info] flip-probe: flip #3030 ok=true present=4ms inter_flip_ms=34 drawcalls-since-flip=60 drawcalls-total=189880 fail-total=0 null-skips-total=0
[08:49:05] [info] flip-probe: flip #3040 ok=true present=4ms inter_flip_ms=34 drawcalls-since-flip=60 drawcalls-total=190480 fail-total=0 null-skips-total=0
[08:49:05] [info] flip-probe: flip #3050 ok=true present=4ms inter_flip_ms=34 drawcalls-since-flip=60 drawcalls-total=191080 fail-total=0 null-skips-total=0
[08:49:05] [info] backdrop cache: thrashing-detect engaged (streak=124, route=direct)
[08:49:06] [info] flip-probe: flip #3060 ok=true present=4ms inter_flip_ms=34 drawcalls-since-flip=60 drawcalls-total=191680 fail-total=0 null-skips-total=0
[08:49:06] [info] tas: end-of-replay auto-exit at tick 5140 (recording exhausted; set DOSKUTSU_TAS_REPLAY_HOLD=1 to disable + observe steady-state past recording end)
[08:49:06] [info] Script engine shutdown.
[08:49:06] [info] opl3 backend: on_song_stop
[08:49:06] [info] opl3 backend: cleared reg 0xBD chip-wide latch (wub-wub mitigation per flush-instr WAVE-46 H6)
[08:49:06] [info] opl3 backend shutdown (all 18 voices KEY-OFF unconditionally; OPL2 mode restored; chip state safe for next process)
[08:49:06] [info] Sound system shutdown
[08:49:06] [info] Renderer::Close()
[08:49:06] [info] tas: replay file closed
[08:49:06] [info] [fps-true] flips=3063 render_s=123 fps_mean=24.9 (clock-independent: flips / seconds since the FIRST flip; use THIS for the fps matrix, not inter_flip medians, which are invalid in any cell running the PIT/IRQ-0 music pump)
[RUNMANIFEST-BEGIN]
schema_version=1
environment=realhw
binary_sha12=f8d446b4b0e0
wave_tag=G51C
scene=
env_block_sha=40cca18d4bc0
started_utc=2026-11-19T01:50:10Z
duration_s=136
exit_code=0
fps_p50=NA
fps_p95=NA
audio_vital_status=NA
regime=NA
banner_required_hit=0
banner_required_total=0
banner_forbidden_hit=0
banner_optional_hit=0
critical_count=0
warn_count=0
[RUNMANIFEST-END]
[08:49:06] [info] [runmanifest-emit] schema=v1 env=realhw sha12=f8d446b4b0e0 dur=136s tag='G51C' scene='' env_sha=40cca18d4bc0 (signals=0x4)
