Logger::init: wave-53 log level=INFO path='LOGS/GC4C.LOG'
[08:44:38] [info] config: loaded DOSKUTSU.CFG (3 keys)
[08:44:38] [info] tas: PRNG seed forced to 12345 via DOSKUTSU_TAS_PRNG_SEED
[08:44:38] [info] tas: auto-exit armed at tick 30000 via DOSKUTSU_TAS_AUTO_EXIT_TICK
[08:44:38] [info] tas: replay opened path='QA.TAS' header_seed=12345
[08:44:39] [info] data cache: DISABLED (default)
[08:44:39] [info] Joystick: skipped (default; set DOSKUTSU_USE_JOYSTICK=1 to enable -- skips SDL3-DOS gameport BIOS INT 15h polling, ~82 ms / flip on real HW)
[08:44:39] [info] Loading settings...
[08:44:39] [info] [input-bind] applied=0 invert_y=0 dos_axes=1
[08:44:39] [info] Renderer::initVideo: 8bpp mode requested via SDL_HINT_DOS_MAX_BPP=8 (wave 16); SDL3-DOS will pick the highest-bpp <= 8 mode at requested resolution
[08:44:39] [info] Renderer::initVideo: DOS resolution-label lock ENABLED (default)
[08:44:39] [info] Renderer::initVideo: using: software renderer
[08:44:41] [info] Renderer::initVideo: dirty-rect tracking ENABLED (wave 15, default ON; set SDL_HINT_DOSKUTSU_DIRTY_RECTS=0 to disable)
[08:44:41] [info] Renderer::initVideo: ablation flags: NO_DC_TIMING=0 CACHE_WINSURF=0 NO_INPUT_POLL=0 DIRECT_VESA=1
[08:44:41] [info] Renderer::initVideo: direct-VESA hot path ENABLED (default since wave 20 patch 0088; bypasses SDL_RenderPresent / SDL_UpdateWindowSurface and writes via SDL/0034's PresentFull helper; R2 mitigation handled by SDL/0034 generation counter -- no per-N-flip heartbeat needed; set SDL_HINT_DOSKUTSU_DIRECT_VESA=0 to revert)
[08:44:41] [info] Renderer::initVideo: flip-phase instrumentation DISABLED (default; set SDL_HINT_DOSKUTSU_FLIP_INSTR=1 to opt in for wave-20 Lever A diagnostic)
[08:44:41] [info] Renderer::initVideo: asm opaque-span blit lever DISABLED (default; set SDL_HINT_DOSKUTSU_ASM_BLIT=1 to opt in -- wave-51 _blit_indexed colorkey-blit lever)
[08:44:41] [info] Renderer::initVideo: blit-decomp instrumentation DISABLED (default; set SDL_HINT_DOSKUTSU_BLIT_DECOMP=1 to opt in -- wave-51 _blit_indexed sub-decomp sizing)
[08:44:41] [info] Renderer::initVideo: mds-scroll-decomp instrumentation DISABLED (default; set SDL_HINT_DOSKUTSU_MDS_DECOMP=1 to opt in -- wave-52 mode_draw_scene scrolling-block decomp)
[08:44:41] [info] Renderer::initVideo: DOSVESA pump yield: skipped (default) (per-flip explicit SDL_Delay(0) yield is always on; set SDL_HINT_DOSKUTSU_FORCE_PUMP_YIELD=1 to restore old per-pump yield)
[08:44:41] [info] Renderer::initVideo: indexed-mode (8bpp) ENABLED -- master palette + 107 per-asset remap LUTs loaded (wave 16, default ON; set SDL_HINT_DOSKUTSU_PIXEL_FORMAT_8=0 to disable)
[08:44:41] [info] Renderer::initVideo: master palette attached to window surface (format=SDL_PIXELFORMAT_INDEX8, ncolors=256)
[08:44:41] [info] Renderer::initVideo: indexed-mode smoke: idx0=(0,0,0) OK idx255=(255,0,255) OK
[08:44:41] [info] Renderer::initVideo: indexed-mode smoke: paletteRemapFor('MyChar.pbm') = present
[08:44:42] [info] Surface::loadImage palmap-diag #1: 'data/Loading.pbm' fmt=SDL_PIXELFORMAT_ABGR8888 remap=HIT -> path=truecolor
[08:44:42] [info] Renderer: prev-frame diff DISABLED (default since wave 17.6; set SDL_HINT_DOSKUTSU_PREVFRAME_DIFF=1 to opt in)
[08:44:42] [info] flip-probe: renderer=software window_ptr=8809184 colorspace=301991328 window_size=320x240 framebuffer_pixels=320x240 logical_present=320x240 mode=2
[08:44:42] [info] flip-probe: first flip ok=true present=54ms inter_flip_ms=0 drawcalls-since-flip=1 drawcalls-total=1
[08:44:42] [info] Sound system init
[08:44:42] [info] Sound system: 4-state audio enable (#31) -- music=on sfx=on (MUSIC_OFF/AUDIO_BACKEND=none -> music-off; SFX_OFF/SFX_DEVICE=none -> sfx-off; both gates are dispatch-level, the device still opens; AUDIO_OFF=1 is the device-level both-off).
[08:44:42] [info] Sound system: Tier-2 audio config (default since wave 21 patch 0093; 11025 Hz, 1 channel, buffer pinned to 256 frames). Measured savings on g2k Pentium OverDrive 83 MHz (W21A): heavy-music scenes ~+11 fps vs Tier-1 baseline (measured -10 to -15 ms/flip post-0094 audio fix; W21A's pre-fix -26.6 ms figure was inflated by stereo-vs-mono playback bug, see patch 0094). Audio quality is reduced vs Tier-1 (mono, 11025 Hz, simple-average L+R downmix) but recognizable; user accepted the trade per direction 2026-05-05. Set SDL_HINT_DOSKUTSU_AUDIO_TIER2=0 to revert to Tier-1 22050 stereo (full Cave Story 2004 audio quality; trades fps for fidelity).
[08:44:42] [info] Sound system: SDL_HINT_AUDIO_DEVICE_SAMPLE_FRAMES=256
[08:44:42] [info] Pixtone IRQ rate-divider: handed master_rate=11025 int16/s (SAMPLE_RATE=11025 x AUDIO_CHANNELS=1) to SDL for auto-RATEDIV (SDL/0074 computes shift_div from the resolved device freq).
[08:44:42] [info] Sound system: device frame-rate: requesting 11025 Hz match to master (SDL_DOSAudioSetDeviceFrameRate; SB16 opens at the engine frame rate instead of SDL's 44100 floor -- 4x less PCM/s + no resampler on the Organya/Pixtone path; killswitch SDL_HINT_DOSKUTSU_DOS_AUDIO_DEVICE_RATE_DEFAULT=0).
[08:44:42] [info] audio backend: opl3 (Phase 10 Stage 4 -- concrete OPL3 FM synthesis backend via SDL/0037+ OPL3 helpers; MidiScheduler routes music dispatch through 18 x 2-op voice allocator + small inline patch bank). SoundManager::init will probe OPL3 via Adlib timer-1 sequence + fall back to organya gracefully if the chip is absent. Pixtone SFX still active on SB16 DAC.
[08:44:42] [info] wave-13.6.1: ring_chunks=16 FORCE_PUMP_YIELD=off (set SDL_HINT_DOSKUTSU_AUDIO_RING_CHUNKS=4|8|16 to override; default 16 matches wave 13.6 behaviour)
[08:44:42] [info] MidiScheduler: MIDI source = 'orgmid2' (native-GM org2mid set; resolves to data/orgmid2/<name>.mid).
[08:44:42] [info] opl3 backend probing for OPL3 chip (Adlib timer-1 sequence)...
[08:44:42] [info] opl3 backend: opl3bank.dat loaded 128 programs from 'data/opl3bank.dat' (v1; 1536 bytes payload). Per-program GM patches now use the runtime bank; programs >= 128 fall back to 8-patch family bucket. Drum channel (MIDI ch 9) unchanged (uses PATCH_DRUM regardless of bank loading).
[08:44:42] [info] opl3 backend ready (OPL3 detected via Adlib timer-1; InitChip applied 18 x 2-op layout; voice allocator armed). Patch bank state: runtime opl3bank.dat ACTIVE (loaded_count=128; programs >= loaded_count fall back to 8-patch placeholder covering GM family categories piano/mallet/organ/guitar/strings/brass/reed/pad). Phase 10.5 path: ship a fuller community bank as data/opl3bank.dat (DOPL3v1 format; 12-byte SBI records per GM program; loader at MidiBackendOpl3 ctor).
[08:44:42] [info] opl3 backend: PATCH_ORGAN + PATCH_MALLET RR=8 (medium release; wub-wub fix per patch 0171; was RR=0 in slot 0103 placeholder -- KEY-OFF couldn't silence; H6 reg 0xBD wave-47 falsified; H1+H5/RR=0 byte-level bug root per WAVE-46/47 analysis)
[08:44:42] [info] Sound system: MidiScheduler armed with MidiBackendOpl3 (patch 0103 Phase 10 Stage 4). Music dispatch routes via SMF parser + 18 x 2-op OPL3 voice allocator + small inline patch bank (community-sourced from Apogee Sound System / AdLib SBI public-domain refs). Pixtone SFX still active on SB16 DAC.
[08:44:42] [info] Sound system: idle-pause skipped (default OFF since patch 0119; backend=opl3 would qualify but operator did not opt-in via SDL_HINT_DOSKUTSU_IDLE_PAUSE=1). DSP stays in continuous-stream mode. Re-enable for an A/B iter once SDL/0037 ForcePause non-engagement is rooted out (task #17).
[08:44:42] [warn] Music dir Ogg/ doesn't exist
[08:44:42] [warn] Music dir Ogg11/ doesn't exist
[08:44:42] [warn] Music dir Ogg17/ doesn't exist
[08:44:42] [warn] Music dir Ogg_ridic/ doesn't exist
[08:44:42] [info] Loading Sound FX...
[08:44:43] [info] [pxt-cache] init(): HIT (loaded cache; render skipped)
[08:44:46] [info] Organya init...
[08:44:46] [info] Organya init done
[08:44:49] [info] gus SFX gain [nx0259]: 70% (SDL_HINT_DOSKUTSU_GUS_SFX_GAIN; scales the GF1 SFX voice volume to balance against velocity/CC-scaled GUS music; default 70, clamp 0..150).
[08:44:49] [info] pixtone IRQ-mix: ENABLED (default; SDL backend engaged; set SDL_HINT_DOSKUTSU_PIXTONE_IRQ_MIX=0 to disable)
[08:44:49] [info] Pixtone::setVolume: L3 active -- mid-play SFX volume updates are no-op in v1 (v2 candidate: SDL_DOSPixtoneSetGain API). gain_x256=256 stored for subsequent SDL_DOSPixtoneStart calls; currently-playing L3 channels unaffected.
[08:44:49] [info] midi ISR tick: engine registered tick_isr callback (L2b active; default ON; set SDL_HINT_DOSKUTSU_MIDI_ISR_TICK=0 to disable)
[08:44:49] [info] menu slide-in fixed-timestep: ENABLED (default; slide advances at 50 Hz logic rate)
[08:44:49] [info] Reading npc.tbl...
[08:44:49] [info] Loading tilekey.dat.
[08:44:50] [info] Script engine init.
[08:44:50] [info] Entering main loop...
[08:44:50] [info] audio mid-gap pump: DISABLED (default)
[08:44:50] [info] TAS fixed-timestep guard: ENABLED (default) (patch 0280; load_stage wall-clock kept out of the FT accumulator so TAS replay advances at a true 50 Hz; set SDL_HINT_DOSKUTSU_TAS_FT_GUARD=0 to disable)
[08:44:50] [info] load_stage ring+DMA silence flush: ENABLED (default) (set SDL_HINT_DOSKUTSU_LOADSTAGE_SILENCE=0 to disable)
[08:44:50] [info] load-band audio-underrun probe: DISABLED (default) (opt-in SDL_HINT_DOSKUTSU_LOADBAND_STAT=1)
[08:44:50] [info]  >> Entering stage 72: 'u'.
[08:44:50] [info] skip sheet flush: ENABLED (default) (SFXPAUSE-012 SHIPPED FIX; sprite sheets stay resident across caves so no per-cave re-decode -> no fire-frame pause; map_flush_graphics tilemap cache still flushes; set SDL_HINT_DOSKUTSU_SKIP_SHEET_FLUSH=0 to restore the old per-cave flush)
[08:44:50] [info] [skip-sheet-flush] cave=1
[08:44:50] [info] eager action sheets: ENABLED (default) (first-fire hitch fix: pre-loads the weapon bullet + hit/muzzle/trail caret sheets at stage load so the first fire/impact does not lazy-decode mid-gameplay; set SDL_HINT_DOSKUTSU_EAGER_ACTION_SHEETS=0 to restore lazy load)
[08:44:50] [info] Surface::loadImage palmap-diag #2: 'data/Bullet.pbm' fmt=SDL_PIXELFORMAT_ABGR8888 remap=HIT -> path=truecolor
[08:44:50] [info] Surface::loadImage palmap-diag #3: 'data/Arms.pbm' fmt=SDL_PIXELFORMAT_ABGR8888 remap=HIT -> path=truecolor
[08:44:51] [info] Surface::loadImage palmap-diag #4: 'data/Caret.pbm' fmt=SDL_PIXELFORMAT_ABGR8888 remap=HIT -> path=truecolor
[08:44:51] [info] Surface::loadImage palmap-diag #5: 'data/Npc/NpcSym.pbm' fmt=SDL_PIXELFORMAT_ABGR8888 remap=HIT -> path=truecolor
[08:44:51] [info] [eager-action-sheets] cave=1 sheets=4 wall_ms=1033
[08:44:51] [info] Surface::loadImage palmap-diag #6: 'data/Stage/PrtWhite.pbm' fmt=SDL_PIXELFORMAT_ABGR8888 remap=HIT -> path=truecolor
[08:44:52] [info] load_stage: entry-music preload ENABLED (default) (set SDL_HINT_DOSKUTSU_PRELOAD_STAGE_MUSIC=0 to disable)
[08:44:52] [info] Surface::loadImage palmap-diag #7: 'data/bk0.pbm' fmt=SDL_PIXELFORMAT_ABGR8888 remap=HIT -> path=truecolor
[08:44:52] [info] gameloop: entered (curmap=72, running=1)
[08:44:52] [info] gameloop: iter 1 ticks=13315 mapno=-1
[08:44:52] [info] fixed-timestep: ENABLED (default; logic 50 Hz, decoupled from render)
[08:44:52] [info] map: BG skip-when-unchanged DISABLED (default) (set SDL_HINT_DOSKUTSU_BG_SKIP_WHEN_UNCHANGED=1 to enable; default OFF since wave-61 -- abandoned, it shipped a backdrop-black flicker and its +0.87 fps was below the noise floor)
[08:44:52] [info] map: skip-redundant-clear lever ENABLED (default since wave-53 promotion)
[08:44:52] [info] perf-mode: level=0 (faithful (default))
[08:44:52] [info] Surface::loadImage palmap-diag #8: 'data/Npc/NpcKings.pbm' fmt=SDL_PIXELFORMAT_ABGR8888 remap=HIT -> path=truecolor
[08:44:52] [info] audio tick-boundary pump: DISABLED (default)
[08:44:52] [info] gameloop: iter 2 ticks=13620 mapno=-1
[08:44:52] [info] gameloop: iter 3 ticks=13665 mapno=-1
[08:44:52] [info] direct-vesa: snapshot @gen=2 use_dosmemput=1 banked_multibank=1 pitches_match=1 vram_w=320 vram_h=240 vram_pitch=320 bpp=1 fb_size=76800 vram_phys=0x000a0000 vram_ptr=0x00000000
[08:44:52] [info] flip-probe: flip #10 ok=true present=4ms inter_flip_ms=23 drawcalls-since-flip=6 drawcalls-total=43 fail-total=0 null-skips-total=0
[08:44:53] [info] flip-probe: flip #20 ok=true present=5ms inter_flip_ms=22 drawcalls-since-flip=4 drawcalls-total=92 fail-total=0 null-skips-total=0
[08:44:53] [info] flip-probe: flip #30 ok=true present=4ms inter_flip_ms=41 drawcalls-since-flip=326 drawcalls-total=2707 fail-total=0 null-skips-total=0
[08:44:53] [info] flip-probe: flip #40 ok=true present=4ms inter_flip_ms=35 drawcalls-since-flip=264 drawcalls-total=5837 fail-total=0 null-skips-total=0
[08:44:54] [info] flip-probe: flip #50 ok=true present=4ms inter_flip_ms=24 drawcalls-since-flip=67 drawcalls-total=7392 fail-total=0 null-skips-total=0
[08:44:54] [info] flip-probe: flip #60 ok=true present=5ms inter_flip_ms=20 drawcalls-since-flip=4 drawcalls-total=7502 fail-total=0 null-skips-total=0
[08:44:54] [info] flip-probe: flip #70 ok=true present=4ms inter_flip_ms=21 drawcalls-since-flip=6 drawcalls-total=7557 fail-total=0 null-skips-total=0
[08:44:54] [info] flip-probe: flip #80 ok=true present=4ms inter_flip_ms=20 drawcalls-since-flip=0 drawcalls-total=7586 fail-total=0 null-skips-total=0
[08:44:54] [info] flip-probe: flip #90 ok=true present=4ms inter_flip_ms=20 drawcalls-since-flip=0 drawcalls-total=7586 fail-total=0 null-skips-total=0
[08:44:54] [info] gameloop: iter 600 ticks=16025 mapno=-1
[08:44:55] [info] title: eager-title-IO phase tag ENABLED (default) (set SDL_HINT_DOSKUTSU_EAGER_TITLE_IO=0 to disable)
[08:44:55] [warn] MidiScheduler::_refresh_isr_buffer: track has 27749 events; ISR buffer is 16384 (truncated; events after 16384 will not dispatch under L2b ON -- the engine-thread tick() path still uses _events directly under L2b OFF)
[08:44:55] [info] MidiScheduler::load: parsed 'data/orgmid2/curly.mid' = 27749 events at 48 PPQ
[08:44:55] [info] opl3 backend: on_song_start
[08:44:56] [info] gameloop: entered (curmap=1005, running=1)
[08:44:56] [info] gameloop: iter 1 ticks=17067 mapno=-1
[08:44:56] [info] map: backdrop cache ENABLED (default) (set SDL_HINT_DOSKUTSU_BACKDROP_CACHE=0 to disable)
[08:44:56] [info] gameloop: iter 2 ticks=17598 mapno=-1
[08:44:56] [info] gameloop: iter 3 ticks=17633 mapno=-1
[08:44:56] [info] backdrop cache: thrashing-detect engaged (streak=4, route=direct)
[08:44:56] [info] flip-probe: flip #100 ok=true present=4ms inter_flip_ms=29 drawcalls-since-flip=75 drawcalls-total=7886 fail-total=0 null-skips-total=0
[08:44:56] [info] alpha audit block 0: 7798 total drawcalls, 0 with alpha<255 (block pct_x10=0; global 0/7798 pct_x10=0); alpha-mod skipped: block=0 global=0
[08:44:56] [info] fastpath audit block 0: taken=7798 (idx8=7798) skipped=0 pct_x10=1000; global taken=7798 (idx8=7798) skipped=0 pct_x10=1000
[08:44:56] [info] primitive tally block 0: clear=220(hr=220) fill=0(hr=0) rect=0(hr=0) line=0(hr=0) tint=0 spotlight=0 (over 100 flips ending at flip 100)
[08:44:56] [info] color/alpha audit block 0: cmod_white=104 cmod_black=0 (idx=0) cmod_general=84 (idx=84) cmod_fb=0; alpha_taken=0 alpha_skipped=0 (global cmod=104/0/84/0 idx=0/84 alpha=0/0)
[08:44:56] [info] phase timing block 0: drawcalls=8209 dc_total_ms=915 flip_inner_total_ms=650 inter_flip_total_ms=14542 (per-flip avg x10: dc_ms=91 fi_ms=65 if_ms=1454 derived audio+engine_ms=1298; per-drawcall avg us_x10=1115) [direct-vesa: presents=97 total_ms=394 avg_ms_x10=40 failed=0] [ablation: NO_DC_TIMING=0 CACHE_WINSURF=0 DIRECT_VESA=1]
[08:44:56] [info] kbd/audio block 0: kbd_irq=0 kbd_drain=0 ring_chunks=16 pump_pass=99 pic1_mask=0xb8 first_irq_ticks=0 install_ticks=0 vector_at_install=0x00839fa0 pic1_mask_live=0x38 kbd_8042_stat=0x34 bios_kbd_head=0x002e bios_kbd_tail=0x002e bios_kbd_buf0=0x2e63
[08:44:56] [info] audio/engine split block 0: audio_mixer_calls=0 audio_mixer_ms_x10=0 engine_tick_calls=99 engine_tick_ms_x10=348 audio_service_calls=0 audio_service_ms_x10=0 (per-flip avg; per-call us_x10: audio_mix=0 engine_tick=352513 audio_service=0; global ns: audio_mix=0 engine_tick=3489887519 audio_service=0)
[08:44:56] [info] pixtone multi-source probe: DISABLED (default)
[08:44:56] [info] dirty-rect block @flip=100: total_calls=0 dirty_rects_avg=0 dirty_pct_x10=990 forced_full=0 first_n_force=3 threshold_exceeded=2 dirty_path_taken=0 full_flush_taken=3
[08:44:56] [info] prev-frame-diff block @flip=100: diff_calls=0 diff_rects_avg=0 diff_dirty_pct_x10=0 bbox_pct_x10=0 bbox_thresh_exceeded=0
[08:44:56] [info] flip-probe: flip #110 ok=true present=4ms inter_flip_ms=24 drawcalls-since-flip=75 drawcalls-total=8636 fail-total=0 null-skips-total=0
[08:44:57] [info] flip-probe: flip #120 ok=true present=4ms inter_flip_ms=23 drawcalls-since-flip=75 drawcalls-total=9386 fail-total=0 null-skips-total=0
[08:44:57] [info] flip-probe: flip #130 ok=true present=4ms inter_flip_ms=19 drawcalls-since-flip=0 drawcalls-total=9986 fail-total=0 null-skips-total=0
[08:44:57] [info] Loading profile from profile.dat
[08:44:57] [error] profile_load: unable to open 'profile.dat'
[08:44:57] [info] Loading profile from profile2.dat
[08:44:57] [error] profile_load: unable to open 'profile2.dat'
[08:44:57] [info] Loading profile from profile3.dat
[08:44:57] [info] Loading profile from profile4.dat
[08:44:57] [error] profile_load: unable to open 'profile4.dat'
[08:44:57] [info] Loading profile from profile5.dat
[08:44:57] [info] flip-probe: flip #140 ok=true present=4ms inter_flip_ms=33 drawcalls-since-flip=214 drawcalls-total=10842 fail-total=0 null-skips-total=0
[08:44:58] [info] flip-probe: flip #150 ok=true present=4ms inter_flip_ms=32 drawcalls-since-flip=214 drawcalls-total=12982 fail-total=0 null-skips-total=0
[08:44:58] [info] Writing settings...
[08:44:58] [info] flip-probe: flip #160 ok=true present=4ms inter_flip_ms=20 drawcalls-since-flip=0 drawcalls-total=13846 fail-total=0 null-skips-total=0
[08:44:58] [info] gameloop: iter 600 ticks=19813 mapno=-1
[08:44:58] [info] flip-probe: flip #170 ok=true present=4ms inter_flip_ms=20 drawcalls-since-flip=0 drawcalls-total=13846 fail-total=0 null-skips-total=0
[08:44:58] [info] opl3 backend: on_song_stop
[08:44:58] [info] Loading profile from profile5.dat
[08:44:59] [info]  >> Entering stage 20: 'Save Point'.
[08:44:59] [info] [skip-sheet-flush] cave=2
[08:44:59] [info] MidiScheduler::load: parsed 'data/orgmid2/mura.mid' = 7123 events at 48 PPQ
[08:44:59] [info] opl3 backend: on_song_start
[08:44:59] [info] gameloop: entered (curmap=20, running=1)
[08:44:59] [info] gameloop: iter 1 ticks=20730 mapno=-1
[08:44:59] [info] TAS stall discount: ENABLED (default) (patch 0286; a replay frame over 150 ms is a load, not slow rendering, so it contributes 1 tick instead of its wall-clock; set SDL_HINT_DOSKUTSU_TAS_STALL_DISCOUNT=0 to disable)
[08:44:59] [info] TAS accumulator clamp: DISABLED (default) (patch 0281; caps the FT accumulator delta at one tick during TAS so a stalled frame cannot race the replay index; set SDL_HINT_DOSKUTSU_TAS_FT_GUARD=0 to disable)
[08:44:59] [info] gameloop: iter 2 ticks=20767 mapno=-1
[08:44:59] [info] gameloop: iter 3 ticks=20793 mapno=-1
[08:44:59] [info] flip-probe: flip #180 ok=true present=4ms inter_flip_ms=21 drawcalls-since-flip=17 drawcalls-total=13971 fail-total=0 null-skips-total=0
[08:45:00] [info] flip-probe: flip #190 ok=true present=4ms inter_flip_ms=21 drawcalls-since-flip=17 drawcalls-total=14141 fail-total=0 null-skips-total=0
[08:45:00] [info] flip-probe: flip #200 ok=true present=4ms inter_flip_ms=21 drawcalls-since-flip=17 drawcalls-total=14311 fail-total=0 null-skips-total=0
[08:45:00] [info] alpha audit block 0: 5788 total drawcalls, 0 with alpha<255 (block pct_x10=0; global 0/13586 pct_x10=0); alpha-mod skipped: block=0 global=0
[08:45:00] [info] fastpath audit block 0: taken=5788 (idx8=5788) skipped=0 pct_x10=1000; global taken=13586 (idx8=13586) skipped=0 pct_x10=1000
[08:45:00] [info] primitive tally block 0: clear=201(hr=201) fill=0(hr=0) rect=0(hr=0) line=0(hr=0) tint=0 spotlight=0 (over 100 flips ending at flip 200)
[08:45:00] [info] color/alpha audit block 0: cmod_white=1438 cmod_black=0 (idx=0) cmod_general=609 (idx=609) cmod_fb=0; alpha_taken=0 alpha_skipped=0 (global cmod=1542/0/693/0 idx=0/693 alpha=0/0)
[08:45:00] [info] phase timing block 0: drawcalls=8036 dc_total_ms=885 flip_inner_total_ms=551 inter_flip_total_ms=3586 (per-flip avg x10: dc_ms=88 fi_ms=55 if_ms=358 derived audio+engine_ms=215; per-drawcall avg us_x10=1102) [direct-vesa: presents=100 total_ms=405 avg_ms_x10=40 failed=0] [ablation: NO_DC_TIMING=0 CACHE_WINSURF=0 DIRECT_VESA=1]
[08:45:00] [info] kbd/audio block 0: kbd_irq=0 kbd_drain=0 ring_chunks=16 pump_pass=201 pic1_mask=0xb8 first_irq_ticks=0 install_ticks=0 vector_at_install=0x00839fa0 pic1_mask_live=0x38 kbd_8042_stat=0x34 bios_kbd_head=0x002e bios_kbd_tail=0x002e bios_kbd_buf0=0x2e63
[08:45:00] [info] audio/engine split block 0: audio_mixer_calls=0 audio_mixer_ms_x10=0 engine_tick_calls=76 engine_tick_ms_x10=151 audio_service_calls=0 audio_service_ms_x10=0 (per-flip avg; per-call us_x10: audio_mix=0 engine_tick=199289 audio_service=0; global ns: audio_mix=0 engine_tick=5004491348 audio_service=0)
[08:45:00] [info] dirty-rect block @flip=200: total_calls=0 dirty_rects_avg=1 dirty_pct_x10=1000 forced_full=0 first_n_force=0 threshold_exceeded=0 dirty_path_taken=0 full_flush_taken=0
[08:45:00] [info] prev-frame-diff block @flip=200: diff_calls=0 diff_rects_avg=0 diff_dirty_pct_x10=0 bbox_pct_x10=0 bbox_thresh_exceeded=0
[08:45:00] [info] flip-probe: flip #210 ok=true present=4ms inter_flip_ms=22 drawcalls-since-flip=17 drawcalls-total=14481 fail-total=0 null-skips-total=0
[08:45:00] [info] flip-probe: flip #220 ok=true present=4ms inter_flip_ms=22 drawcalls-since-flip=17 drawcalls-total=14651 fail-total=0 null-skips-total=0
[08:45:00] [info] flip-probe: flip #230 ok=true present=4ms inter_flip_ms=22 drawcalls-since-flip=17 drawcalls-total=14821 fail-total=0 null-skips-total=0
[08:45:01] [info] flip-probe: flip #240 ok=true present=4ms inter_flip_ms=21 drawcalls-since-flip=17 drawcalls-total=14991 fail-total=0 null-skips-total=0
[08:45:01] [info] flip-probe: flip #250 ok=true present=4ms inter_flip_ms=22 drawcalls-since-flip=17 drawcalls-total=15161 fail-total=0 null-skips-total=0
[08:45:01] [info] flip-probe: flip #260 ok=true present=4ms inter_flip_ms=30 drawcalls-since-flip=182 drawcalls-total=15748 fail-total=0 null-skips-total=0
[08:45:02] [info] flip-probe: flip #270 ok=true present=4ms inter_flip_ms=43 drawcalls-since-flip=358 drawcalls-total=19048 fail-total=0 null-skips-total=0
[08:45:02] [info]  >> Entering stage 11: 'Mimiga Village'.
[08:45:02] [info] [skip-sheet-flush] cave=3
[08:45:02] [info] [load-stage] preloading entry music song=9 (cave=3)
[08:45:02] [info] gameloop: entered (curmap=11, running=1)
[08:45:02] [info] gameloop: iter 1 ticks=23580 mapno=-1
[08:45:02] [info] map: mds_clear LUT ENABLED (default) (set SDL_HINT_DOSKUTSU_MDS_CLEAR_LUT=0 to disable; default ON; patch 0144 wave-49 bandwidth lever)
[08:45:02] [info] mds-clear-lut: rebuilt N=240 entries (k_skip=0% k_keep=100%; curmap=11 map_size=60x60; rebuild #1 since boot)
[08:45:02] [info] backdrop thrash full-cover ENABLED (default) (set SDL_HINT_DOSKUTSU_THRASH_FULLCOVER=0 to disable)
[08:45:02] [info] [bd-diag] backdrop render-path diag disabled (default) (set SDL_HINT_DOSKUTSU_BACKDROP_DIAG=1 to enable)
[08:45:02] [info] gameloop: iter 2 ticks=23800 mapno=-1
[08:45:02] [info] tas: stall frame 219 ms -> contributing 1 tick (patch 0286)
[08:45:02] [info] gameloop: iter 3 ticks=23872 mapno=-1
[08:45:03] [info] flip-probe: flip #280 ok=true present=4ms inter_flip_ms=59 drawcalls-since-flip=372 drawcalls-total=22447 fail-total=0 null-skips-total=0
[08:45:03] [info] backdrop cache: thrashing-detect engaged (streak=4, route=direct)
[08:45:03] [info] flip-probe: flip #290 ok=true present=4ms inter_flip_ms=32 drawcalls-since-flip=43 drawcalls-total=23574 fail-total=0 null-skips-total=0
[08:45:03] [info] flip-probe: flip #300 ok=true present=5ms inter_flip_ms=31 drawcalls-since-flip=43 drawcalls-total=24004 fail-total=0 null-skips-total=0
[08:45:03] [info] alpha audit block 0: 9315 total drawcalls, 0 with alpha<255 (block pct_x10=0; global 0/22901 pct_x10=0); alpha-mod skipped: block=0 global=0
[08:45:03] [info] fastpath audit block 0: taken=9315 (idx8=9315) skipped=0 pct_x10=1000; global taken=22901 (idx8=22901) skipped=0 pct_x10=1000
[08:45:03] [info] primitive tally block 0: clear=201(hr=201) fill=0(hr=0) rect=0(hr=0) line=0(hr=0) tint=0 spotlight=0 (over 100 flips ending at flip 300)
[08:45:03] [info] color/alpha audit block 0: cmod_white=351 cmod_black=351 (idx=351) cmod_general=0 (idx=0) cmod_fb=0; alpha_taken=0 alpha_skipped=0 (global cmod=1893/351/693/0 idx=351/693 alpha=0/0)
[08:45:03] [info] phase timing block 0: drawcalls=10225 dc_total_ms=866 flip_inner_total_ms=553 inter_flip_total_ms=3597 (per-flip avg x10: dc_ms=86 fi_ms=55 if_ms=359 derived audio+engine_ms=218; per-drawcall avg us_x10=847) [direct-vesa: presents=100 total_ms=404 avg_ms_x10=40 failed=0] [ablation: NO_DC_TIMING=0 CACHE_WINSURF=0 DIRECT_VESA=1]
[08:45:03] [info] kbd/audio block 0: kbd_irq=0 kbd_drain=0 ring_chunks=16 pump_pass=349 pic1_mask=0xb8 first_irq_ticks=0 install_ticks=0 vector_at_install=0x00839fa0 pic1_mask_live=0x38 kbd_8042_stat=0x34 bios_kbd_head=0x002e bios_kbd_tail=0x002e bios_kbd_buf0=0x2e63
[08:45:03] [info] [tile-speedup-stat n=100 drawtile_us=61.35 raw_blit_us=48.27 ratio=1.27]
[08:45:03] [info] dirty-rect block @flip=300: total_calls=100 dirty_rects_avg=1 dirty_pct_x10=1000 forced_full=0 first_n_force=0 threshold_exceeded=0 dirty_path_taken=0 full_flush_taken=0
[08:45:03] [info] prev-frame-diff block @flip=300: diff_calls=0 diff_rects_avg=0 diff_dirty_pct_x10=0 bbox_pct_x10=0 bbox_thresh_exceeded=0
[08:45:04] [info] backdrop cache: thrashing-detect engaged (streak=4, route=direct)
[08:45:04] [info] flip-probe: flip #310 ok=true present=4ms inter_flip_ms=34 drawcalls-since-flip=48 drawcalls-total=24562 fail-total=0 null-skips-total=0
[08:45:04] [info] flip-probe: flip #320 ok=true present=4ms inter_flip_ms=34 drawcalls-since-flip=44 drawcalls-total=25013 fail-total=0 null-skips-total=0
[08:45:04] [info] flip-probe: flip #330 ok=true present=4ms inter_flip_ms=34 drawcalls-since-flip=43 drawcalls-total=25443 fail-total=0 null-skips-total=0
[08:45:05] [info] flip-probe: flip #340 ok=true present=6ms inter_flip_ms=32 drawcalls-since-flip=43 drawcalls-total=25873 fail-total=0 null-skips-total=0
[08:45:05] [info] flip-probe: flip #350 ok=true present=4ms inter_flip_ms=32 drawcalls-since-flip=43 drawcalls-total=26303 fail-total=0 null-skips-total=0
[08:45:05] [info] flip-probe: flip #360 ok=true present=4ms inter_flip_ms=35 drawcalls-since-flip=43 drawcalls-total=26733 fail-total=0 null-skips-total=0
[08:45:06] [info] backdrop cache: thrashing-detect engaged (streak=64, route=direct)
[08:45:06] [info] flip-probe: flip #370 ok=true present=5ms inter_flip_ms=33 drawcalls-since-flip=43 drawcalls-total=27163 fail-total=0 null-skips-total=0
[08:45:06] [info] flip-probe: flip #380 ok=true present=4ms inter_flip_ms=32 drawcalls-since-flip=43 drawcalls-total=27593 fail-total=0 null-skips-total=0
[08:45:06] [info] flip-probe: flip #390 ok=true present=4ms inter_flip_ms=34 drawcalls-since-flip=43 drawcalls-total=28023 fail-total=0 null-skips-total=0
[08:45:07] [info] flip-probe: flip #400 ok=true present=4ms inter_flip_ms=30 drawcalls-since-flip=17 drawcalls-total=28271 fail-total=0 null-skips-total=0
[08:45:07] [info] alpha audit block 0: 2958 total drawcalls, 0 with alpha<255 (block pct_x10=0; global 0/25859 pct_x10=0); alpha-mod skipped: block=0 global=0
[08:45:07] [info] fastpath audit block 0: taken=2958 (idx8=2958) skipped=0 pct_x10=1000; global taken=25859 (idx8=25859) skipped=0 pct_x10=1000
[08:45:07] [info] primitive tally block 0: clear=200(hr=200) fill=0(hr=0) rect=0(hr=0) line=0(hr=0) tint=0 spotlight=0 (over 100 flips ending at flip 400)
[08:45:07] [info] color/alpha audit block 0: cmod_white=1209 cmod_black=1209 (idx=1209) cmod_general=0 (idx=0) cmod_fb=0; alpha_taken=0 alpha_skipped=0 (global cmod=3102/1560/693/0 idx=1560/693 alpha=0/0)
[08:45:07] [info] phase timing block 0: drawcalls=5580 dc_total_ms=630 flip_inner_total_ms=773 inter_flip_total_ms=3437 (per-flip avg x10: dc_ms=63 fi_ms=77 if_ms=343 derived audio+engine_ms=203; per-drawcall avg us_x10=1130) [direct-vesa: presents=100 total_ms=404 avg_ms_x10=40 failed=0] [ablation: NO_DC_TIMING=0 CACHE_WINSURF=0 DIRECT_VESA=1]
[08:45:07] [info] kbd/audio block 0: kbd_irq=0 kbd_drain=0 ring_chunks=16 pump_pass=521 pic1_mask=0xb8 first_irq_ticks=0 install_ticks=0 vector_at_install=0x00839fa0 pic1_mask_live=0x38 kbd_8042_stat=0x34 bios_kbd_head=0x002e bios_kbd_tail=0x002e bios_kbd_buf0=0x2e63
[08:45:07] [info] dirty-rect block @flip=400: total_calls=0 dirty_rects_avg=1 dirty_pct_x10=1000 forced_full=0 first_n_force=0 threshold_exceeded=0 dirty_path_taken=0 full_flush_taken=0
[08:45:07] [info] prev-frame-diff block @flip=400: diff_calls=0 diff_rects_avg=0 diff_dirty_pct_x10=0 bbox_pct_x10=0 bbox_thresh_exceeded=0
[08:45:07] [info] tas: stall frame 299 ms -> contributing 1 tick (patch 0286)
[08:45:07] [info] flip-probe: flip #410 ok=true present=4ms inter_flip_ms=30 drawcalls-since-flip=17 drawcalls-total=28441 fail-total=0 null-skips-total=0
[08:45:08] [info] flip-probe: flip #420 ok=true present=4ms inter_flip_ms=30 drawcalls-since-flip=19 drawcalls-total=28619 fail-total=0 null-skips-total=0
[08:45:08] [info] backdrop cache: thrashing-detect engaged (streak=124, route=direct)
[08:45:08] [info] flip-probe: flip #430 ok=true present=4ms inter_flip_ms=30 drawcalls-since-flip=19 drawcalls-total=28813 fail-total=0 null-skips-total=0
[08:45:08] [info] flip-probe: flip #440 ok=true present=4ms inter_flip_ms=28 drawcalls-since-flip=17 drawcalls-total=28986 fail-total=0 null-skips-total=0
[08:45:09] [info] flip-probe: flip #450 ok=true present=4ms inter_flip_ms=30 drawcalls-since-flip=16 drawcalls-total=29153 fail-total=0 null-skips-total=0
[08:45:09] [info] flip-probe: flip #460 ok=true present=4ms inter_flip_ms=32 drawcalls-since-flip=18 drawcalls-total=29333 fail-total=0 null-skips-total=0
[08:45:09] [info] flip-probe: flip #470 ok=true present=4ms inter_flip_ms=29 drawcalls-since-flip=15 drawcalls-total=29496 fail-total=0 null-skips-total=0
[08:45:10] [info] flip-probe: flip #480 ok=true present=4ms inter_flip_ms=33 drawcalls-since-flip=17 drawcalls-total=29650 fail-total=0 null-skips-total=0
[08:45:10] [info] backdrop cache: thrashing-detect engaged (streak=184, route=direct)
[08:45:10] [info] flip-probe: flip #490 ok=true present=4ms inter_flip_ms=32 drawcalls-since-flip=18 drawcalls-total=29827 fail-total=0 null-skips-total=0
[08:45:10] [info] flip-probe: flip #500 ok=true present=4ms inter_flip_ms=32 drawcalls-since-flip=16 drawcalls-total=29998 fail-total=0 null-skips-total=0
[08:45:10] [info] alpha audit block 0: 1627 total drawcalls, 0 with alpha<255 (block pct_x10=0; global 0/27486 pct_x10=0); alpha-mod skipped: block=0 global=0
[08:45:10] [info] fastpath audit block 0: taken=1627 (idx8=1627) skipped=0 pct_x10=1000; global taken=27486 (idx8=27486) skipped=0 pct_x10=1000
[08:45:10] [info] primitive tally block 0: clear=200(hr=200) fill=0(hr=0) rect=0(hr=0) line=0(hr=0) tint=0 spotlight=0 (over 100 flips ending at flip 500)
[08:45:10] [info] phase timing block 0: drawcalls=1827 dc_total_ms=486 flip_inner_total_ms=545 inter_flip_total_ms=3440 (per-flip avg x10: dc_ms=48 fi_ms=54 if_ms=344 derived audio+engine_ms=242; per-drawcall avg us_x10=2664) [direct-vesa: presents=100 total_ms=406 avg_ms_x10=40 failed=0] [ablation: NO_DC_TIMING=0 CACHE_WINSURF=0 DIRECT_VESA=1]
[08:45:10] [info] kbd/audio block 0: kbd_irq=0 kbd_drain=0 ring_chunks=16 pump_pass=679 pic1_mask=0xb8 first_irq_ticks=0 install_ticks=0 vector_at_install=0x00839fa0 pic1_mask_live=0x38 kbd_8042_stat=0x34 bios_kbd_head=0x002e bios_kbd_tail=0x002e bios_kbd_buf0=0x2e63
[08:45:10] [info] dirty-rect block @flip=500: total_calls=0 dirty_rects_avg=1 dirty_pct_x10=1000 forced_full=0 first_n_force=0 threshold_exceeded=0 dirty_path_taken=0 full_flush_taken=0
[08:45:10] [info] prev-frame-diff block @flip=500: diff_calls=0 diff_rects_avg=0 diff_dirty_pct_x10=0 bbox_pct_x10=0 bbox_thresh_exceeded=0
[08:45:11] [info] flip-probe: flip #510 ok=true present=4ms inter_flip_ms=32 drawcalls-since-flip=15 drawcalls-total=30148 fail-total=0 null-skips-total=0
[08:45:11] [info] flip-probe: flip #520 ok=true present=4ms inter_flip_ms=32 drawcalls-since-flip=15 drawcalls-total=30298 fail-total=0 null-skips-total=0
[08:45:11] [info] flip-probe: flip #530 ok=true present=4ms inter_flip_ms=52 drawcalls-since-flip=319 drawcalls-total=32175 fail-total=0 null-skips-total=0
[08:45:12] [info]  >> Entering stage 17: 'Yamashita Farm'.
[08:45:12] [info] [skip-sheet-flush] cave=4
[08:45:12] [info] [load-stage] preloading entry music song=13 (cave=4)
[08:45:12] [info] opl3 backend: on_song_stop
[08:45:12] [info] MidiScheduler::load: parsed 'data/orgmid2/plant.mid' = 6246 events at 48 PPQ
[08:45:12] [info] opl3 backend: on_song_start
[08:45:12] [info] gameloop: entered (curmap=17, running=1)
[08:45:12] [info] gameloop: iter 1 ticks=33727 mapno=-1
[08:45:12] [info] mds-clear-lut: rebuilt N=240 entries (k_skip=33% k_keep=67%; curmap=17 map_size=40x16; rebuild #2 since boot)
[08:45:12] [info] gameloop: iter 2 ticks=33894 mapno=-1
[08:45:12] [info] tas: stall frame 167 ms -> contributing 1 tick (patch 0286)
[08:45:12] [info] gameloop: iter 3 ticks=33959 mapno=-1
[08:45:13] [info] flip-probe: flip #540 ok=true present=4ms inter_flip_ms=56 drawcalls-since-flip=406 drawcalls-total=35067 fail-total=0 null-skips-total=0
[08:45:13] [info] flip-probe: flip #550 ok=true present=4ms inter_flip_ms=39 drawcalls-since-flip=162 drawcalls-total=38076 fail-total=0 null-skips-total=0
[08:45:13] [info] flip-probe: flip #560 ok=true present=4ms inter_flip_ms=40 drawcalls-since-flip=138 drawcalls-total=39401 fail-total=0 null-skips-total=0
[08:45:14] [info] flip-probe: flip #570 ok=true present=4ms inter_flip_ms=41 drawcalls-since-flip=138 drawcalls-total=40790 fail-total=0 null-skips-total=0
[08:45:14] [info] flip-probe: flip #580 ok=true present=4ms inter_flip_ms=42 drawcalls-since-flip=143 drawcalls-total=42202 fail-total=0 null-skips-total=0
[08:45:14] [info] backdrop cache: thrashing-detect engaged (streak=4, route=direct)
[08:45:15] [info] flip-probe: flip #590 ok=true present=4ms inter_flip_ms=41 drawcalls-since-flip=135 drawcalls-total=43581 fail-total=0 null-skips-total=0
[08:45:15] [info] flip-probe: flip #600 ok=true present=4ms inter_flip_ms=40 drawcalls-since-flip=128 drawcalls-total=44879 fail-total=0 null-skips-total=0
[08:45:15] [info] alpha audit block 0: 13949 total drawcalls, 0 with alpha<255 (block pct_x10=0; global 0/41435 pct_x10=0); alpha-mod skipped: block=0 global=0
[08:45:15] [info] fastpath audit block 0: taken=13949 (idx8=13949) skipped=0 pct_x10=1000; global taken=41435 (idx8=41435) skipped=0 pct_x10=1000
[08:45:15] [info] primitive tally block 0: clear=202(hr=202) fill=0(hr=0) rect=0(hr=0) line=0(hr=0) tint=0 spotlight=0 (over 100 flips ending at flip 600)
[08:45:15] [info] color/alpha audit block 0: cmod_white=832 cmod_black=832 (idx=832) cmod_general=0 (idx=0) cmod_fb=0; alpha_taken=0 alpha_skipped=0 (global cmod=3934/2392/693/0 idx=2392/693 alpha=0/0)
[08:45:15] [info] phase timing block 0: drawcalls=15862 dc_total_ms=1149 flip_inner_total_ms=571 inter_flip_total_ms=4915 (per-flip avg x10: dc_ms=114 fi_ms=57 if_ms=491 derived audio+engine_ms=320; per-drawcall avg us_x10=724) [direct-vesa: presents=100 total_ms=404 avg_ms_x10=40 failed=0] [ablation: NO_DC_TIMING=0 CACHE_WINSURF=0 DIRECT_VESA=1]
[08:45:15] [info] kbd/audio block 0: kbd_irq=0 kbd_drain=0 ring_chunks=16 pump_pass=890 pic1_mask=0xb8 first_irq_ticks=0 install_ticks=0 vector_at_install=0x00839fa0 pic1_mask_live=0x38 kbd_8042_stat=0x34 bios_kbd_head=0x002e bios_kbd_tail=0x002e bios_kbd_buf0=0x2e63
[08:45:15] [info] dirty-rect block @flip=600: total_calls=0 dirty_rects_avg=1 dirty_pct_x10=1000 forced_full=0 first_n_force=0 threshold_exceeded=0 dirty_path_taken=0 full_flush_taken=0
[08:45:15] [info] prev-frame-diff block @flip=600: diff_calls=0 diff_rects_avg=0 diff_dirty_pct_x10=0 bbox_pct_x10=0 bbox_thresh_exceeded=0
[08:45:16] [info] flip-probe: flip #610 ok=true present=4ms inter_flip_ms=39 drawcalls-since-flip=131 drawcalls-total=46179 fail-total=0 null-skips-total=0
[08:45:16] [info] flip-probe: flip #620 ok=true present=4ms inter_flip_ms=42 drawcalls-since-flip=141 drawcalls-total=47546 fail-total=0 null-skips-total=0
[08:45:16] [info] flip-probe: flip #630 ok=true present=4ms inter_flip_ms=43 drawcalls-since-flip=142 drawcalls-total=48960 fail-total=0 null-skips-total=0
[08:45:17] [info] flip-probe: flip #640 ok=true present=4ms inter_flip_ms=44 drawcalls-since-flip=140 drawcalls-total=50369 fail-total=0 null-skips-total=0
[08:45:17] [info] backdrop cache: thrashing-detect engaged (streak=64, route=direct)
[08:45:17] [info] flip-probe: flip #650 ok=true present=4ms inter_flip_ms=43 drawcalls-since-flip=136 drawcalls-total=51743 fail-total=0 null-skips-total=0
[08:45:18] [info] flip-probe: flip #660 ok=true present=4ms inter_flip_ms=40 drawcalls-since-flip=102 drawcalls-total=52955 fail-total=0 null-skips-total=0
[08:45:18] [info] backdrop cache: thrashing-detect engaged (streak=4, route=direct)
[08:45:18] [info] flip-probe: flip #670 ok=true present=4ms inter_flip_ms=38 drawcalls-since-flip=97 drawcalls-total=53949 fail-total=0 null-skips-total=0
[08:45:19] [info] flip-probe: flip #680 ok=true present=4ms inter_flip_ms=38 drawcalls-since-flip=104 drawcalls-total=54991 fail-total=0 null-skips-total=0
[08:45:19] [info] flip-probe: flip #690 ok=true present=4ms inter_flip_ms=37 drawcalls-since-flip=103 drawcalls-total=56034 fail-total=0 null-skips-total=0
[08:45:19] [info] flip-probe: flip #700 ok=true present=4ms inter_flip_ms=38 drawcalls-since-flip=100 drawcalls-total=57050 fail-total=0 null-skips-total=0
[08:45:19] [info] alpha audit block 0: 11343 total drawcalls, 0 with alpha<255 (block pct_x10=0; global 0/52778 pct_x10=0); alpha-mod skipped: block=0 global=0
[08:45:19] [info] fastpath audit block 0: taken=11343 (idx8=11343) skipped=0 pct_x10=1000; global taken=52778 (idx8=52778) skipped=0 pct_x10=1000
[08:45:19] [info] primitive tally block 0: clear=200(hr=200) fill=0(hr=0) rect=0(hr=0) line=0(hr=0) tint=0 spotlight=0 (over 100 flips ending at flip 700)
[08:45:19] [info] color/alpha audit block 0: cmod_white=728 cmod_black=728 (idx=728) cmod_general=0 (idx=0) cmod_fb=0; alpha_taken=0 alpha_skipped=0 (global cmod=4662/3120/693/0 idx=3120/693 alpha=0/0)
[08:45:19] [info] phase timing block 0: drawcalls=13003 dc_total_ms=711 flip_inner_total_ms=550 inter_flip_total_ms=4146 (per-flip avg x10: dc_ms=71 fi_ms=55 if_ms=414 derived audio+engine_ms=288; per-drawcall avg us_x10=547) [direct-vesa: presents=100 total_ms=406 avg_ms_x10=40 failed=0] [ablation: NO_DC_TIMING=0 CACHE_WINSURF=0 DIRECT_VESA=1]
[08:45:19] [info] kbd/audio block 0: kbd_irq=0 kbd_drain=0 ring_chunks=16 pump_pass=1097 pic1_mask=0xb8 first_irq_ticks=0 install_ticks=0 vector_at_install=0x00839fa0 pic1_mask_live=0x38 kbd_8042_stat=0x34 bios_kbd_head=0x002e bios_kbd_tail=0x002e bios_kbd_buf0=0x2e63
[08:45:19] [info] dirty-rect block @flip=700: total_calls=0 dirty_rects_avg=1 dirty_pct_x10=1000 forced_full=0 first_n_force=0 threshold_exceeded=0 dirty_path_taken=0 full_flush_taken=0
[08:45:19] [info] prev-frame-diff block @flip=700: diff_calls=0 diff_rects_avg=0 diff_dirty_pct_x10=0 bbox_pct_x10=0 bbox_thresh_exceeded=0
[08:45:20] [info] flip-probe: flip #710 ok=true present=4ms inter_flip_ms=40 drawcalls-since-flip=100 drawcalls-total=58060 fail-total=0 null-skips-total=0
[08:45:20] [info] flip-probe: flip #720 ok=true present=4ms inter_flip_ms=39 drawcalls-since-flip=101 drawcalls-total=59019 fail-total=0 null-skips-total=0
[08:45:20] [info] backdrop cache: thrashing-detect engaged (streak=64, route=direct)
[08:45:21] [info] flip-probe: flip #730 ok=true present=4ms inter_flip_ms=43 drawcalls-since-flip=117 drawcalls-total=60118 fail-total=0 null-skips-total=0
[08:45:21] [info] flip-probe: flip #740 ok=true present=4ms inter_flip_ms=41 drawcalls-since-flip=118 drawcalls-total=61283 fail-total=0 null-skips-total=0
[08:45:21] [info] backdrop cache: thrashing-detect engaged (streak=4, route=direct)
[08:45:21] [info] flip-probe: flip #750 ok=true present=4ms inter_flip_ms=40 drawcalls-since-flip=113 drawcalls-total=62426 fail-total=0 null-skips-total=0
[08:45:22] [info] flip-probe: flip #760 ok=true present=5ms inter_flip_ms=39 drawcalls-since-flip=111 drawcalls-total=63539 fail-total=0 null-skips-total=0
[08:45:22] [info] flip-probe: flip #770 ok=true present=4ms inter_flip_ms=40 drawcalls-since-flip=112 drawcalls-total=64666 fail-total=0 null-skips-total=0
[08:45:23] [info] flip-probe: flip #780 ok=true present=4ms inter_flip_ms=39 drawcalls-since-flip=107 drawcalls-total=65760 fail-total=0 null-skips-total=0
[08:45:23] [info] flip-probe: flip #790 ok=true present=4ms inter_flip_ms=39 drawcalls-since-flip=108 drawcalls-total=66841 fail-total=0 null-skips-total=0
[08:45:23] [info] flip-probe: flip #800 ok=true present=5ms inter_flip_ms=40 drawcalls-since-flip=114 drawcalls-total=67955 fail-total=0 null-skips-total=0
[08:45:23] [info] alpha audit block 0: 10805 total drawcalls, 0 with alpha<255 (block pct_x10=0; global 0/63583 pct_x10=0); alpha-mod skipped: block=0 global=0
[08:45:23] [info] fastpath audit block 0: taken=10805 (idx8=10805) skipped=0 pct_x10=1000; global taken=63583 (idx8=63583) skipped=0 pct_x10=1000
[08:45:23] [info] primitive tally block 0: clear=200(hr=200) fill=0(hr=0) rect=0(hr=0) line=0(hr=0) tint=0 spotlight=0 (over 100 flips ending at flip 800)
[08:45:23] [info] phase timing block 0: drawcalls=11009 dc_total_ms=648 flip_inner_total_ms=560 inter_flip_total_ms=4139 (per-flip avg x10: dc_ms=64 fi_ms=56 if_ms=413 derived audio+engine_ms=293; per-drawcall avg us_x10=589) [direct-vesa: presents=100 total_ms=406 avg_ms_x10=40 failed=0] [ablation: NO_DC_TIMING=0 CACHE_WINSURF=0 DIRECT_VESA=1]
[08:45:23] [info] kbd/audio block 0: kbd_irq=0 kbd_drain=0 ring_chunks=16 pump_pass=1304 pic1_mask=0xb8 first_irq_ticks=0 install_ticks=0 vector_at_install=0x00839fa0 pic1_mask_live=0x38 kbd_8042_stat=0x34 bios_kbd_head=0x002e bios_kbd_tail=0x002e bios_kbd_buf0=0x2e63
[08:45:23] [info] dirty-rect block @flip=800: total_calls=0 dirty_rects_avg=1 dirty_pct_x10=1000 forced_full=0 first_n_force=0 threshold_exceeded=0 dirty_path_taken=0 full_flush_taken=0
[08:45:23] [info] prev-frame-diff block @flip=800: diff_calls=0 diff_rects_avg=0 diff_dirty_pct_x10=0 bbox_pct_x10=0 bbox_thresh_exceeded=0
[08:45:24] [info] backdrop cache: thrashing-detect engaged (streak=64, route=direct)
[08:45:24] [info] flip-probe: flip #810 ok=true present=4ms inter_flip_ms=40 drawcalls-since-flip=114 drawcalls-total=69079 fail-total=0 null-skips-total=0
[08:45:24] [info] flip-probe: flip #820 ok=true present=5ms inter_flip_ms=41 drawcalls-since-flip=115 drawcalls-total=70202 fail-total=0 null-skips-total=0
[08:45:25] [info] flip-probe: flip #830 ok=true present=4ms inter_flip_ms=42 drawcalls-since-flip=107 drawcalls-total=71307 fail-total=0 null-skips-total=0
[08:45:25] [info] flip-probe: flip #840 ok=true present=4ms inter_flip_ms=41 drawcalls-since-flip=117 drawcalls-total=72459 fail-total=0 null-skips-total=0
[08:45:26] [info] flip-probe: flip #850 ok=true present=5ms inter_flip_ms=39 drawcalls-since-flip=118 drawcalls-total=73632 fail-total=0 null-skips-total=0
[08:45:26] [info] flip-probe: flip #860 ok=true present=4ms inter_flip_ms=39 drawcalls-since-flip=114 drawcalls-total=74794 fail-total=0 null-skips-total=0
[08:45:26] [info] flip-probe: flip #870 ok=true present=4ms inter_flip_ms=39 drawcalls-since-flip=115 drawcalls-total=75942 fail-total=0 null-skips-total=0
[08:45:27] [info] flip-probe: flip #880 ok=true present=4ms inter_flip_ms=40 drawcalls-since-flip=119 drawcalls-total=77113 fail-total=0 null-skips-total=0
[08:45:27] [info] flip-probe: flip #890 ok=true present=4ms inter_flip_ms=40 drawcalls-since-flip=116 drawcalls-total=78295 fail-total=0 null-skips-total=0
[08:45:27] [info] run_tick_fixed #1500: heartbeat (loop alive)
[08:45:28] [info] flip-probe: flip #900 ok=true present=4ms inter_flip_ms=54 drawcalls-since-flip=405 drawcalls-total=81352 fail-total=0 null-skips-total=0
[08:45:28] [info] alpha audit block 0: 13297 total drawcalls, 0 with alpha<255 (block pct_x10=0; global 0/76880 pct_x10=0); alpha-mod skipped: block=0 global=0
[08:45:28] [info] fastpath audit block 0: taken=13297 (idx8=13297) skipped=0 pct_x10=1000; global taken=76880 (idx8=76880) skipped=0 pct_x10=1000
[08:45:28] [info] primitive tally block 0: clear=200(hr=200) fill=0(hr=0) rect=0(hr=0) line=0(hr=0) tint=0 spotlight=0 (over 100 flips ending at flip 900)
[08:45:28] [info] phase timing block 0: drawcalls=13563 dc_total_ms=1048 flip_inner_total_ms=540 inter_flip_total_ms=4161 (per-flip avg x10: dc_ms=104 fi_ms=54 if_ms=416 derived audio+engine_ms=258; per-drawcall avg us_x10=772) [direct-vesa: presents=100 total_ms=404 avg_ms_x10=40 failed=0] [ablation: NO_DC_TIMING=0 CACHE_WINSURF=0 DIRECT_VESA=1]
[08:45:28] [info] kbd/audio block 0: kbd_irq=0 kbd_drain=0 ring_chunks=16 pump_pass=1511 pic1_mask=0xb8 first_irq_ticks=0 install_ticks=0 vector_at_install=0x00839fa0 pic1_mask_live=0x38 kbd_8042_stat=0x34 bios_kbd_head=0x002e bios_kbd_tail=0x002e bios_kbd_buf0=0x2e63
[08:45:28] [info] dirty-rect block @flip=900: total_calls=0 dirty_rects_avg=1 dirty_pct_x10=1000 forced_full=0 first_n_force=0 threshold_exceeded=0 dirty_path_taken=0 full_flush_taken=0
[08:45:28] [info] prev-frame-diff block @flip=900: diff_calls=0 diff_rects_avg=0 diff_dirty_pct_x10=0 bbox_pct_x10=0 bbox_thresh_exceeded=0
[08:45:28] [info]  >> Entering stage 11: 'Mimiga Village'.
[08:45:28] [info] [skip-sheet-flush] cave=5
[08:45:28] [info] [load-stage] preloading entry music song=9 (cave=5)
[08:45:28] [info] opl3 backend: on_song_stop
[08:45:28] [info] MidiScheduler::load: parsed 'data/orgmid2/mura.mid' = 7123 events at 48 PPQ
[08:45:28] [info] opl3 backend: on_song_start
[08:45:28] [info] gameloop: entered (curmap=11, running=1)
[08:45:28] [info] gameloop: iter 1 ticks=49862 mapno=-1
[08:45:28] [info] mds-clear-lut: rebuilt N=240 entries (k_skip=0% k_keep=100%; curmap=11 map_size=60x60; rebuild #3 since boot)
[08:45:28] [info] gameloop: iter 2 ticks=49933 mapno=-1
[08:45:28] [info] gameloop: iter 3 ticks=49994 mapno=-1
[08:45:29] [info] flip-probe: flip #910 ok=true present=4ms inter_flip_ms=56 drawcalls-since-flip=285 drawcalls-total=84608 fail-total=0 null-skips-total=0
[08:45:29] [info] backdrop cache: thrashing-detect engaged (streak=4, route=direct)
[08:45:29] [info] flip-probe: flip #920 ok=true present=4ms inter_flip_ms=35 drawcalls-since-flip=41 drawcalls-total=85691 fail-total=0 null-skips-total=0
[08:45:29] [info] flip-probe: flip #930 ok=true present=4ms inter_flip_ms=34 drawcalls-since-flip=41 drawcalls-total=86101 fail-total=0 null-skips-total=0
[08:45:30] [info] flip-probe: flip #940 ok=true present=4ms inter_flip_ms=31 drawcalls-since-flip=41 drawcalls-total=86511 fail-total=0 null-skips-total=0
[08:45:30] [info] flip-probe: flip #950 ok=true present=4ms inter_flip_ms=35 drawcalls-since-flip=41 drawcalls-total=86921 fail-total=0 null-skips-total=0
[08:45:31] [info] flip-probe: flip #960 ok=true present=4ms inter_flip_ms=34 drawcalls-since-flip=41 drawcalls-total=87331 fail-total=0 null-skips-total=0
[08:45:31] [info] flip-probe: flip #970 ok=true present=4ms inter_flip_ms=33 drawcalls-since-flip=41 drawcalls-total=87745 fail-total=0 null-skips-total=0
[08:45:31] [info] backdrop cache: thrashing-detect engaged (streak=64, route=direct)
[08:45:31] [info] flip-probe: flip #980 ok=true present=4ms inter_flip_ms=34 drawcalls-since-flip=41 drawcalls-total=88161 fail-total=0 null-skips-total=0
[08:45:32] [info] flip-probe: flip #990 ok=true present=4ms inter_flip_ms=33 drawcalls-since-flip=41 drawcalls-total=88574 fail-total=0 null-skips-total=0
[08:45:32] [info] flip-probe: flip #1000 ok=true present=4ms inter_flip_ms=36 drawcalls-since-flip=42 drawcalls-total=88990 fail-total=0 null-skips-total=0
[08:45:32] [info] alpha audit block 0: 6277 total drawcalls, 0 with alpha<255 (block pct_x10=0; global 0/83157 pct_x10=0); alpha-mod skipped: block=0 global=0
[08:45:32] [info] fastpath audit block 0: taken=6277 (idx8=6277) skipped=0 pct_x10=1000; global taken=83157 (idx8=83157) skipped=0 pct_x10=1000
[08:45:32] [info] primitive tally block 0: clear=201(hr=201) fill=0(hr=0) rect=0(hr=0) line=0(hr=0) tint=0 spotlight=0 (over 100 flips ending at flip 1000)
[08:45:32] [info] color/alpha audit block 0: cmod_white=1261 cmod_black=1261 (idx=1261) cmod_general=0 (idx=0) cmod_fb=0; alpha_taken=0 alpha_skipped=0 (global cmod=5923/4381/693/0 idx=4381/693 alpha=0/0)
[08:45:32] [info] phase timing block 0: drawcalls=9011 dc_total_ms=804 flip_inner_total_ms=565 inter_flip_total_ms=4289 (per-flip avg x10: dc_ms=80 fi_ms=56 if_ms=428 derived audio+engine_ms=292; per-drawcall avg us_x10=892) [direct-vesa: presents=100 total_ms=403 avg_ms_x10=40 failed=0] [ablation: NO_DC_TIMING=0 CACHE_WINSURF=0 DIRECT_VESA=1]
[08:45:32] [info] kbd/audio block 0: kbd_irq=0 kbd_drain=0 ring_chunks=16 pump_pass=1698 pic1_mask=0xb8 first_irq_ticks=0 install_ticks=0 vector_at_install=0x00839fa0 pic1_mask_live=0x38 kbd_8042_stat=0x34 bios_kbd_head=0x002e bios_kbd_tail=0x002e bios_kbd_buf0=0x2e63
[08:45:32] [info] dirty-rect block @flip=1000: total_calls=0 dirty_rects_avg=1 dirty_pct_x10=1000 forced_full=0 first_n_force=0 threshold_exceeded=0 dirty_path_taken=0 full_flush_taken=0
[08:45:32] [info] prev-frame-diff block @flip=1000: diff_calls=0 diff_rects_avg=0 diff_dirty_pct_x10=0 bbox_pct_x10=0 bbox_thresh_exceeded=0
[08:45:32] [info] flip-probe: flip #1010 ok=true present=4ms inter_flip_ms=31 drawcalls-since-flip=42 drawcalls-total=89410 fail-total=0 null-skips-total=0
[08:45:33] [info] flip-probe: flip #1020 ok=true present=4ms inter_flip_ms=33 drawcalls-since-flip=43 drawcalls-total=89840 fail-total=0 null-skips-total=0
[08:45:33] [info] flip-probe: flip #1030 ok=true present=5ms inter_flip_ms=28 drawcalls-since-flip=16 drawcalls-total=90078 fail-total=0 null-skips-total=0
[08:45:33] [info] backdrop cache: thrashing-detect engaged (streak=124, route=direct)
[08:45:33] [info] flip-probe: flip #1040 ok=true present=4ms inter_flip_ms=31 drawcalls-since-flip=16 drawcalls-total=90238 fail-total=0 null-skips-total=0
[08:45:33] [info] flip-probe: flip #1050 ok=true present=5ms inter_flip_ms=30 drawcalls-since-flip=17 drawcalls-total=90399 fail-total=0 null-skips-total=0
[08:45:34] [info] flip-probe: flip #1060 ok=true present=4ms inter_flip_ms=31 drawcalls-since-flip=17 drawcalls-total=90569 fail-total=0 null-skips-total=0
[08:45:34] [info] run_tick_fixed #1800: heartbeat (loop alive)
[08:45:34] [info] flip-probe: flip #1070 ok=true present=4ms inter_flip_ms=32 drawcalls-since-flip=18 drawcalls-total=90747 fail-total=0 null-skips-total=0
[08:45:34] [info] flip-probe: flip #1080 ok=true present=4ms inter_flip_ms=29 drawcalls-since-flip=18 drawcalls-total=90927 fail-total=0 null-skips-total=0
[08:45:35] [info] flip-probe: flip #1090 ok=true present=4ms inter_flip_ms=28 drawcalls-since-flip=18 drawcalls-total=91107 fail-total=0 null-skips-total=0
[08:45:35] [info] backdrop cache: thrashing-detect engaged (streak=184, route=direct)
[08:45:35] [info] flip-probe: flip #1100 ok=true present=4ms inter_flip_ms=28 drawcalls-since-flip=17 drawcalls-total=91283 fail-total=0 null-skips-total=0
[08:45:35] [info] alpha audit block 0: 1894 total drawcalls, 0 with alpha<255 (block pct_x10=0; global 0/85051 pct_x10=0); alpha-mod skipped: block=0 global=0
[08:45:35] [info] fastpath audit block 0: taken=1894 (idx8=1894) skipped=0 pct_x10=1000; global taken=85051 (idx8=85051) skipped=0 pct_x10=1000
[08:45:35] [info] primitive tally block 0: clear=200(hr=200) fill=0(hr=0) rect=0(hr=0) line=0(hr=0) tint=0 spotlight=0 (over 100 flips ending at flip 1100)
[08:45:35] [info] color/alpha audit block 0: cmod_white=299 cmod_black=299 (idx=299) cmod_general=0 (idx=0) cmod_fb=0; alpha_taken=0 alpha_skipped=0 (global cmod=6222/4680/693/0 idx=4680/693 alpha=0/0)
[08:45:35] [info] phase timing block 0: drawcalls=2692 dc_total_ms=513 flip_inner_total_ms=772 inter_flip_total_ms=3100 (per-flip avg x10: dc_ms=51 fi_ms=77 if_ms=310 derived audio+engine_ms=182; per-drawcall avg us_x10=1908) [direct-vesa: presents=100 total_ms=405 avg_ms_x10=40 failed=0] [ablation: NO_DC_TIMING=0 CACHE_WINSURF=0 DIRECT_VESA=1]
[08:45:35] [info] kbd/audio block 0: kbd_irq=0 kbd_drain=0 ring_chunks=16 pump_pass=1853 pic1_mask=0xb8 first_irq_ticks=0 install_ticks=0 vector_at_install=0x00839fa0 pic1_mask_live=0x38 kbd_8042_stat=0x34 bios_kbd_head=0x002e bios_kbd_tail=0x002e bios_kbd_buf0=0x2e63
[08:45:35] [info] dirty-rect block @flip=1100: total_calls=0 dirty_rects_avg=1 dirty_pct_x10=1000 forced_full=0 first_n_force=0 threshold_exceeded=0 dirty_path_taken=0 full_flush_taken=0
[08:45:35] [info] prev-frame-diff block @flip=1100: diff_calls=0 diff_rects_avg=0 diff_dirty_pct_x10=0 bbox_pct_x10=0 bbox_thresh_exceeded=0
[08:45:35] [info] tas: stall frame 295 ms -> contributing 1 tick (patch 0286)
[08:45:36] [info] flip-probe: flip #1110 ok=true present=4ms inter_flip_ms=29 drawcalls-since-flip=17 drawcalls-total=91453 fail-total=0 null-skips-total=0
[08:45:36] [info] flip-probe: flip #1120 ok=true present=4ms inter_flip_ms=29 drawcalls-since-flip=17 drawcalls-total=91617 fail-total=0 null-skips-total=0
[08:45:36] [info] flip-probe: flip #1130 ok=true present=4ms inter_flip_ms=30 drawcalls-since-flip=16 drawcalls-total=91784 fail-total=0 null-skips-total=0
[08:45:36] [info] flip-probe: flip #1140 ok=true present=4ms inter_flip_ms=27 drawcalls-since-flip=16 drawcalls-total=91944 fail-total=0 null-skips-total=0
[08:45:37] [info] flip-probe: flip #1150 ok=true present=4ms inter_flip_ms=28 drawcalls-since-flip=16 drawcalls-total=92104 fail-total=0 null-skips-total=0
[08:45:37] [info] backdrop cache: thrashing-detect engaged (streak=244, route=direct)
[08:45:37] [info] flip-probe: flip #1160 ok=true present=4ms inter_flip_ms=30 drawcalls-since-flip=16 drawcalls-total=92264 fail-total=0 null-skips-total=0
[08:45:37] [info] flip-probe: flip #1170 ok=true present=5ms inter_flip_ms=30 drawcalls-since-flip=16 drawcalls-total=92424 fail-total=0 null-skips-total=0
[08:45:38] [info] flip-probe: flip #1180 ok=true present=4ms inter_flip_ms=30 drawcalls-since-flip=27 drawcalls-total=92606 fail-total=0 null-skips-total=0
[08:45:38] [info] flip-probe: flip #1190 ok=true present=4ms inter_flip_ms=33 drawcalls-since-flip=27 drawcalls-total=92876 fail-total=0 null-skips-total=0
[08:45:38] [info] flip-probe: flip #1200 ok=true present=4ms inter_flip_ms=32 drawcalls-since-flip=27 drawcalls-total=93144 fail-total=0 null-skips-total=0
[08:45:38] [info] alpha audit block 0: 1761 total drawcalls, 0 with alpha<255 (block pct_x10=0; global 0/86812 pct_x10=0); alpha-mod skipped: block=0 global=0
[08:45:38] [info] fastpath audit block 0: taken=1761 (idx8=1761) skipped=0 pct_x10=1000; global taken=86812 (idx8=86812) skipped=0 pct_x10=1000
[08:45:38] [info] primitive tally block 0: clear=200(hr=200) fill=0(hr=0) rect=0(hr=0) line=0(hr=0) tint=0 spotlight=0 (over 100 flips ending at flip 1200)
[08:45:38] [info] phase timing block 0: drawcalls=1961 dc_total_ms=486 flip_inner_total_ms=547 inter_flip_total_ms=3265 (per-flip avg x10: dc_ms=48 fi_ms=54 if_ms=326 derived audio+engine_ms=224; per-drawcall avg us_x10=2480) [direct-vesa: presents=100 total_ms=403 avg_ms_x10=40 failed=0] [ablation: NO_DC_TIMING=0 CACHE_WINSURF=0 DIRECT_VESA=1]
[08:45:38] [info] kbd/audio block 0: kbd_irq=0 kbd_drain=0 ring_chunks=16 pump_pass=2003 pic1_mask=0xb8 first_irq_ticks=0 install_ticks=0 vector_at_install=0x00839fa0 pic1_mask_live=0x38 kbd_8042_stat=0x34 bios_kbd_head=0x002e bios_kbd_tail=0x002e bios_kbd_buf0=0x2e63
[08:45:38] [info] dirty-rect block @flip=1200: total_calls=0 dirty_rects_avg=1 dirty_pct_x10=1000 forced_full=0 first_n_force=0 threshold_exceeded=0 dirty_path_taken=0 full_flush_taken=0
[08:45:38] [info] prev-frame-diff block @flip=1200: diff_calls=0 diff_rects_avg=0 diff_dirty_pct_x10=0 bbox_pct_x10=0 bbox_thresh_exceeded=0
[08:45:39] [info] flip-probe: flip #1210 ok=true present=4ms inter_flip_ms=29 drawcalls-since-flip=20 drawcalls-total=93367 fail-total=0 null-skips-total=0
[08:45:39] [info] backdrop cache: thrashing-detect engaged (streak=304, route=direct)
[08:45:39] [info] flip-probe: flip #1220 ok=true present=4ms inter_flip_ms=31 drawcalls-since-flip=21 drawcalls-total=93579 fail-total=0 null-skips-total=0
[08:45:39] [info] flip-probe: flip #1230 ok=true present=4ms inter_flip_ms=47 drawcalls-since-flip=306 drawcalls-total=95436 fail-total=0 null-skips-total=0
[08:45:40] [info]  >> Entering stage 15: 'Reservoir'.
[08:45:40] [info] [skip-sheet-flush] cave=6
[08:45:40] [info] [load-stage] preloading entry music song=9 (cave=6)
[08:45:40] [info] gameloop: entered (curmap=15, running=1)
[08:45:40] [info] gameloop: iter 1 ticks=61501 mapno=-1
[08:45:40] [info] mds-clear-lut: rebuilt N=240 entries (k_skip=13% k_keep=87%; curmap=15 map_size=40x20; rebuild #4 since boot)
[08:45:40] [info] gameloop: iter 2 ticks=61570 mapno=-1
[08:45:40] [info] gameloop: iter 3 ticks=61630 mapno=-1
[08:45:40] [info] flip-probe: flip #1240 ok=true present=5ms inter_flip_ms=57 drawcalls-since-flip=336 drawcalls-total=97986 fail-total=0 null-skips-total=0
[08:45:41] [info] flip-probe: flip #1250 ok=true present=4ms inter_flip_ms=35 drawcalls-since-flip=111 drawcalls-total=100431 fail-total=0 null-skips-total=0
[08:45:41] [info] flip-probe: flip #1260 ok=true present=5ms inter_flip_ms=32 drawcalls-since-flip=32 drawcalls-total=100838 fail-total=0 null-skips-total=0
[08:45:41] [info] flip-probe: flip #1270 ok=true present=4ms inter_flip_ms=31 drawcalls-since-flip=32 drawcalls-total=101158 fail-total=0 null-skips-total=0
[08:45:42] [info] flip-probe: flip #1280 ok=true present=4ms inter_flip_ms=30 drawcalls-since-flip=32 drawcalls-total=101478 fail-total=0 null-skips-total=0
[08:45:42] [info] flip-probe: flip #1290 ok=true present=4ms inter_flip_ms=38 drawcalls-since-flip=32 drawcalls-total=101798 fail-total=0 null-skips-total=0
[08:45:42] [info] backdrop cache: thrashing-detect engaged (streak=4, route=direct)
[08:45:42] [info] flip-probe: flip #1300 ok=true present=4ms inter_flip_ms=33 drawcalls-since-flip=34 drawcalls-total=102141 fail-total=0 null-skips-total=0
[08:45:42] [info] alpha audit block 0: 8330 total drawcalls, 0 with alpha<255 (block pct_x10=0; global 0/95142 pct_x10=0); alpha-mod skipped: block=0 global=0
[08:45:42] [info] fastpath audit block 0: taken=8330 (idx8=8330) skipped=0 pct_x10=1000; global taken=95142 (idx8=95142) skipped=0 pct_x10=1000
[08:45:42] [info] primitive tally block 0: clear=202(hr=202) fill=0(hr=0) rect=0(hr=0) line=0(hr=0) tint=0 spotlight=0 (over 100 flips ending at flip 1300)
[08:45:42] [info] color/alpha audit block 0: cmod_white=567 cmod_black=567 (idx=567) cmod_general=0 (idx=0) cmod_fb=0; alpha_taken=0 alpha_skipped=0 (global cmod=6789/5247/693/0 idx=5247/693 alpha=0/0)
[08:45:42] [info] phase timing block 0: drawcalls=9719 dc_total_ms=1047 flip_inner_total_ms=559 inter_flip_total_ms=3997 (per-flip avg x10: dc_ms=104 fi_ms=55 if_ms=399 derived audio+engine_ms=240; per-drawcall avg us_x10=1077) [direct-vesa: presents=100 total_ms=404 avg_ms_x10=40 failed=0] [ablation: NO_DC_TIMING=0 CACHE_WINSURF=0 DIRECT_VESA=1]
[08:45:42] [info] kbd/audio block 0: kbd_irq=0 kbd_drain=0 ring_chunks=16 pump_pass=2183 pic1_mask=0xb8 first_irq_ticks=0 install_ticks=0 vector_at_install=0x00839fa0 pic1_mask_live=0x38 kbd_8042_stat=0x34 bios_kbd_head=0x002e bios_kbd_tail=0x002e bios_kbd_buf0=0x2e63
[08:45:42] [info] dirty-rect block @flip=1300: total_calls=0 dirty_rects_avg=1 dirty_pct_x10=1000 forced_full=0 first_n_force=0 threshold_exceeded=0 dirty_path_taken=0 full_flush_taken=0
[08:45:42] [info] prev-frame-diff block @flip=1300: diff_calls=0 diff_rects_avg=0 diff_dirty_pct_x10=0 bbox_pct_x10=0 bbox_thresh_exceeded=0
[08:45:43] [info] flip-probe: flip #1310 ok=true present=4ms inter_flip_ms=34 drawcalls-since-flip=33 drawcalls-total=102484 fail-total=0 null-skips-total=0
[08:45:43] [info] flip-probe: flip #1320 ok=true present=4ms inter_flip_ms=33 drawcalls-since-flip=32 drawcalls-total=102805 fail-total=0 null-skips-total=0
[08:45:43] [info] flip-probe: flip #1330 ok=true present=5ms inter_flip_ms=30 drawcalls-since-flip=32 drawcalls-total=103125 fail-total=0 null-skips-total=0
[08:45:44] [info] flip-probe: flip #1340 ok=true present=4ms inter_flip_ms=30 drawcalls-since-flip=34 drawcalls-total=103458 fail-total=0 null-skips-total=0
[08:45:44] [info] flip-probe: flip #1350 ok=true present=4ms inter_flip_ms=32 drawcalls-since-flip=36 drawcalls-total=103803 fail-total=0 null-skips-total=0
[08:45:44] [info] backdrop cache: thrashing-detect engaged (streak=64, route=direct)
[08:45:44] [info] flip-probe: flip #1360 ok=true present=4ms inter_flip_ms=32 drawcalls-since-flip=18 drawcalls-total=104109 fail-total=0 null-skips-total=0
[08:45:45] [info] flip-probe: flip #1370 ok=true present=4ms inter_flip_ms=32 drawcalls-since-flip=18 drawcalls-total=104279 fail-total=0 null-skips-total=0
[08:45:45] [info] flip-probe: flip #1380 ok=true present=4ms inter_flip_ms=30 drawcalls-since-flip=18 drawcalls-total=104459 fail-total=0 null-skips-total=0
[08:45:45] [info] flip-probe: flip #1390 ok=true present=4ms inter_flip_ms=29 drawcalls-since-flip=18 drawcalls-total=104639 fail-total=0 null-skips-total=0
[08:45:45] [info] flip-probe: flip #1400 ok=true present=4ms inter_flip_ms=29 drawcalls-since-flip=19 drawcalls-total=104828 fail-total=0 null-skips-total=0
[08:45:45] [info] alpha audit block 0: 2074 total drawcalls, 0 with alpha<255 (block pct_x10=0; global 0/97216 pct_x10=0); alpha-mod skipped: block=0 global=0
[08:45:45] [info] fastpath audit block 0: taken=2074 (idx8=2074) skipped=0 pct_x10=1000; global taken=97216 (idx8=97216) skipped=0 pct_x10=1000
[08:45:45] [info] primitive tally block 0: clear=200(hr=200) fill=0(hr=0) rect=0(hr=0) line=0(hr=0) tint=0 spotlight=0 (over 100 flips ending at flip 1400)
[08:45:45] [info] color/alpha audit block 0: cmod_white=513 cmod_black=513 (idx=513) cmod_general=0 (idx=0) cmod_fb=0; alpha_taken=0 alpha_skipped=0 (global cmod=7302/5760/693/0 idx=5760/693 alpha=0/0)
[08:45:45] [info] phase timing block 0: drawcalls=3300 dc_total_ms=499 flip_inner_total_ms=559 inter_flip_total_ms=3191 (per-flip avg x10: dc_ms=49 fi_ms=55 if_ms=319 derived audio+engine_ms=215; per-drawcall avg us_x10=1513) [direct-vesa: presents=100 total_ms=405 avg_ms_x10=40 failed=0] [ablation: NO_DC_TIMING=0 CACHE_WINSURF=0 DIRECT_VESA=1]
[08:45:45] [info] kbd/audio block 0: kbd_irq=0 kbd_drain=0 ring_chunks=16 pump_pass=2342 pic1_mask=0xb8 first_irq_ticks=0 install_ticks=0 vector_at_install=0x00839fa0 pic1_mask_live=0x38 kbd_8042_stat=0x34 bios_kbd_head=0x002e bios_kbd_tail=0x002e bios_kbd_buf0=0x2e63
[08:45:45] [info] dirty-rect block @flip=1400: total_calls=0 dirty_rects_avg=1 dirty_pct_x10=1000 forced_full=0 first_n_force=0 threshold_exceeded=0 dirty_path_taken=0 full_flush_taken=0
[08:45:45] [info] prev-frame-diff block @flip=1400: diff_calls=0 diff_rects_avg=0 diff_dirty_pct_x10=0 bbox_pct_x10=0 bbox_thresh_exceeded=0
[08:45:46] [info] flip-probe: flip #1410 ok=true present=4ms inter_flip_ms=31 drawcalls-since-flip=18 drawcalls-total=105009 fail-total=0 null-skips-total=0
[08:45:46] [info] backdrop cache: thrashing-detect engaged (streak=124, route=direct)
[08:45:46] [info] flip-probe: flip #1420 ok=true present=4ms inter_flip_ms=31 drawcalls-since-flip=18 drawcalls-total=105192 fail-total=0 null-skips-total=0
[08:45:46] [info] flip-probe: flip #1430 ok=true present=4ms inter_flip_ms=29 drawcalls-since-flip=17 drawcalls-total=105366 fail-total=0 null-skips-total=0
[08:45:47] [info] flip-probe: flip #1440 ok=true present=4ms inter_flip_ms=28 drawcalls-since-flip=17 drawcalls-total=105539 fail-total=0 null-skips-total=0
[08:45:47] [info] flip-probe: flip #1450 ok=true present=4ms inter_flip_ms=28 drawcalls-since-flip=17 drawcalls-total=105709 fail-total=0 null-skips-total=0
[08:45:47] [info] flip-probe: flip #1460 ok=true present=5ms inter_flip_ms=30 drawcalls-since-flip=16 drawcalls-total=105869 fail-total=0 null-skips-total=0
[08:45:48] [info] flip-probe: flip #1470 ok=true present=4ms inter_flip_ms=29 drawcalls-since-flip=15 drawcalls-total=106026 fail-total=0 null-skips-total=0
[08:45:48] [info] backdrop cache: thrashing-detect engaged (streak=184, route=direct)
[08:45:48] [info] flip-probe: flip #1480 ok=true present=4ms inter_flip_ms=29 drawcalls-since-flip=14 drawcalls-total=106167 fail-total=0 null-skips-total=0
[08:45:48] [info] flip-probe: flip #1490 ok=true present=4ms inter_flip_ms=30 drawcalls-since-flip=14 drawcalls-total=106307 fail-total=0 null-skips-total=0
[08:45:48] [info] flip-probe: flip #1500 ok=true present=4ms inter_flip_ms=36 drawcalls-since-flip=14 drawcalls-total=106447 fail-total=0 null-skips-total=0
[08:45:49] [info] alpha audit block 0: 1519 total drawcalls, 0 with alpha<255 (block pct_x10=0; global 0/98735 pct_x10=0); alpha-mod skipped: block=0 global=0
[08:45:49] [info] fastpath audit block 0: taken=1519 (idx8=1519) skipped=0 pct_x10=1000; global taken=98735 (idx8=98735) skipped=0 pct_x10=1000
[08:45:49] [info] primitive tally block 0: clear=200(hr=200) fill=0(hr=0) rect=0(hr=0) line=0(hr=0) tint=0 spotlight=0 (over 100 flips ending at flip 1500)
[08:45:49] [info] phase timing block 0: drawcalls=1739 dc_total_ms=541 flip_inner_total_ms=556 inter_flip_total_ms=3092 (per-flip avg x10: dc_ms=54 fi_ms=55 if_ms=309 derived audio+engine_ms=200; per-drawcall avg us_x10=3114) [direct-vesa: presents=100 total_ms=402 avg_ms_x10=40 failed=0] [ablation: NO_DC_TIMING=0 CACHE_WINSURF=0 DIRECT_VESA=1]
[08:45:49] [info] kbd/audio block 0: kbd_irq=0 kbd_drain=0 ring_chunks=16 pump_pass=2497 pic1_mask=0xb8 first_irq_ticks=0 install_ticks=0 vector_at_install=0x00839fa0 pic1_mask_live=0x38 kbd_8042_stat=0x34 bios_kbd_head=0x002e bios_kbd_tail=0x002e bios_kbd_buf0=0x2e63
[08:45:49] [info] dirty-rect block @flip=1500: total_calls=0 dirty_rects_avg=1 dirty_pct_x10=1000 forced_full=0 first_n_force=0 threshold_exceeded=0 dirty_path_taken=0 full_flush_taken=0
[08:45:49] [info] prev-frame-diff block @flip=1500: diff_calls=0 diff_rects_avg=0 diff_dirty_pct_x10=0 bbox_pct_x10=0 bbox_thresh_exceeded=0
[08:45:49] [info] flip-probe: flip #1510 ok=true present=4ms inter_flip_ms=38 drawcalls-since-flip=14 drawcalls-total=106587 fail-total=0 null-skips-total=0
[08:45:49] [info] backdrop cache: thrashing-detect engaged (streak=4, route=direct)
[08:45:49] [info] flip-probe: flip #1520 ok=true present=4ms inter_flip_ms=29 drawcalls-since-flip=14 drawcalls-total=106727 fail-total=0 null-skips-total=0
[08:45:50] [info] flip-probe: flip #1530 ok=true present=4ms inter_flip_ms=31 drawcalls-since-flip=14 drawcalls-total=106867 fail-total=0 null-skips-total=0
[08:45:50] [info] flip-probe: flip #1540 ok=true present=4ms inter_flip_ms=30 drawcalls-since-flip=14 drawcalls-total=107007 fail-total=0 null-skips-total=0
[08:45:50] [info] flip-probe: flip #1550 ok=true present=4ms inter_flip_ms=30 drawcalls-since-flip=14 drawcalls-total=107147 fail-total=0 null-skips-total=0
[08:45:50] [info] flip-probe: flip #1560 ok=true present=4ms inter_flip_ms=30 drawcalls-since-flip=14 drawcalls-total=107287 fail-total=0 null-skips-total=0
[08:45:51] [info] flip-probe: flip #1570 ok=true present=4ms inter_flip_ms=29 drawcalls-since-flip=14 drawcalls-total=107427 fail-total=0 null-skips-total=0
[08:45:51] [info] backdrop cache: thrashing-detect engaged (streak=64, route=direct)
[08:45:51] [info] flip-probe: flip #1580 ok=true present=4ms inter_flip_ms=30 drawcalls-since-flip=14 drawcalls-total=107567 fail-total=0 null-skips-total=0
[08:45:51] [info] flip-probe: flip #1590 ok=true present=4ms inter_flip_ms=31 drawcalls-since-flip=14 drawcalls-total=107707 fail-total=0 null-skips-total=0
[08:45:52] [info] flip-probe: flip #1600 ok=true present=4ms inter_flip_ms=28 drawcalls-since-flip=14 drawcalls-total=107847 fail-total=0 null-skips-total=0
[08:45:52] [info] alpha audit block 0: 1300 total drawcalls, 0 with alpha<255 (block pct_x10=0; global 0/100035 pct_x10=0); alpha-mod skipped: block=0 global=0
[08:45:52] [info] fastpath audit block 0: taken=1300 (idx8=1300) skipped=0 pct_x10=1000; global taken=100035 (idx8=100035) skipped=0 pct_x10=1000
[08:45:52] [info] primitive tally block 0: clear=200(hr=200) fill=0(hr=0) rect=0(hr=0) line=0(hr=0) tint=0 spotlight=0 (over 100 flips ending at flip 1600)
[08:45:52] [info] phase timing block 0: drawcalls=1512 dc_total_ms=498 flip_inner_total_ms=547 inter_flip_total_ms=3130 (per-flip avg x10: dc_ms=49 fi_ms=54 if_ms=313 derived audio+engine_ms=210; per-drawcall avg us_x10=3297) [direct-vesa: presents=100 total_ms=402 avg_ms_x10=40 failed=0] [ablation: NO_DC_TIMING=0 CACHE_WINSURF=0 DIRECT_VESA=1]
[08:45:52] [info] kbd/audio block 0: kbd_irq=0 kbd_drain=0 ring_chunks=16 pump_pass=2653 pic1_mask=0xb8 first_irq_ticks=0 install_ticks=0 vector_at_install=0x00839fa0 pic1_mask_live=0x38 kbd_8042_stat=0x34 bios_kbd_head=0x002e bios_kbd_tail=0x002e bios_kbd_buf0=0x2e63
[08:45:52] [info] dirty-rect block @flip=1600: total_calls=0 dirty_rects_avg=1 dirty_pct_x10=1000 forced_full=0 first_n_force=0 threshold_exceeded=0 dirty_path_taken=0 full_flush_taken=0
[08:45:52] [info] prev-frame-diff block @flip=1600: diff_calls=0 diff_rects_avg=0 diff_dirty_pct_x10=0 bbox_pct_x10=0 bbox_thresh_exceeded=0
[08:45:52] [info] flip-probe: flip #1610 ok=true present=4ms inter_flip_ms=31 drawcalls-since-flip=14 drawcalls-total=107987 fail-total=0 null-skips-total=0
[08:45:52] [info] flip-probe: flip #1620 ok=true present=5ms inter_flip_ms=29 drawcalls-since-flip=14 drawcalls-total=108127 fail-total=0 null-skips-total=0
[08:45:53] [info] flip-probe: flip #1630 ok=true present=4ms inter_flip_ms=28 drawcalls-since-flip=14 drawcalls-total=108267 fail-total=0 null-skips-total=0
[08:45:53] [info] run_tick_fixed #2700: heartbeat (loop alive)
[08:45:53] [info] backdrop cache: thrashing-detect engaged (streak=124, route=direct)
[08:45:53] [info] flip-probe: flip #1640 ok=true present=4ms inter_flip_ms=46 drawcalls-since-flip=318 drawcalls-total=110198 fail-total=0 null-skips-total=0
[08:45:53] [info]  >> Entering stage 11: 'Mimiga Village'.
[08:45:53] [info] [skip-sheet-flush] cave=7
[08:45:54] [info] [load-stage] preloading entry music song=9 (cave=7)
[08:45:54] [info] gameloop: entered (curmap=11, running=1)
[08:45:54] [info] gameloop: iter 1 ticks=75204 mapno=-1
[08:45:54] [info] mds-clear-lut: rebuilt N=240 entries (k_skip=0% k_keep=100%; curmap=11 map_size=60x60; rebuild #5 since boot)
[08:45:54] [info] gameloop: iter 2 ticks=75271 mapno=-1
[08:45:54] [info] gameloop: iter 3 ticks=75330 mapno=-1
[08:45:54] [info] flip-probe: flip #1650 ok=true present=5ms inter_flip_ms=57 drawcalls-since-flip=331 drawcalls-total=112787 fail-total=0 null-skips-total=0
[08:45:54] [info] flip-probe: flip #1660 ok=true present=4ms inter_flip_ms=35 drawcalls-since-flip=106 drawcalls-total=115152 fail-total=0 null-skips-total=0
[08:45:55] [info] flip-probe: flip #1670 ok=true present=4ms inter_flip_ms=30 drawcalls-since-flip=42 drawcalls-total=115599 fail-total=0 null-skips-total=0
[08:45:55] [info] flip-probe: flip #1680 ok=true present=4ms inter_flip_ms=30 drawcalls-since-flip=42 drawcalls-total=116019 fail-total=0 null-skips-total=0
[08:45:55] [info] flip-probe: flip #1690 ok=true present=4ms inter_flip_ms=30 drawcalls-since-flip=42 drawcalls-total=116439 fail-total=0 null-skips-total=0
[08:45:56] [info] flip-probe: flip #1700 ok=true present=5ms inter_flip_ms=34 drawcalls-since-flip=53 drawcalls-total=116881 fail-total=0 null-skips-total=0
[08:45:56] [info] alpha audit block 0: 8245 total drawcalls, 0 with alpha<255 (block pct_x10=0; global 0/108280 pct_x10=0); alpha-mod skipped: block=0 global=0
[08:45:56] [info] fastpath audit block 0: taken=8245 (idx8=8245) skipped=0 pct_x10=1000; global taken=108280 (idx8=108280) skipped=0 pct_x10=1000
[08:45:56] [info] primitive tally block 0: clear=202(hr=202) fill=0(hr=0) rect=0(hr=0) line=0(hr=0) tint=0 spotlight=0 (over 100 flips ending at flip 1700)
[08:45:56] [info] color/alpha audit block 0: cmod_white=689 cmod_black=689 (idx=689) cmod_general=0 (idx=0) cmod_fb=0; alpha_taken=0 alpha_skipped=0 (global cmod=7991/6449/693/0 idx=6449/693 alpha=0/0)
[08:45:56] [info] phase timing block 0: drawcalls=9878 dc_total_ms=1058 flip_inner_total_ms=762 inter_flip_total_ms=3940 (per-flip avg x10: dc_ms=105 fi_ms=76 if_ms=394 derived audio+engine_ms=213; per-drawcall avg us_x10=1071) [direct-vesa: presents=100 total_ms=402 avg_ms_x10=40 failed=0] [ablation: NO_DC_TIMING=0 CACHE_WINSURF=0 DIRECT_VESA=1]
[08:45:56] [info] kbd/audio block 0: kbd_irq=0 kbd_drain=0 ring_chunks=16 pump_pass=2830 pic1_mask=0xb8 first_irq_ticks=0 install_ticks=0 vector_at_install=0x00839fa0 pic1_mask_live=0x38 kbd_8042_stat=0x34 bios_kbd_head=0x002e bios_kbd_tail=0x002e bios_kbd_buf0=0x2e63
[08:45:56] [info] dirty-rect block @flip=1700: total_calls=0 dirty_rects_avg=1 dirty_pct_x10=1000 forced_full=0 first_n_force=0 threshold_exceeded=0 dirty_path_taken=0 full_flush_taken=0
[08:45:56] [info] prev-frame-diff block @flip=1700: diff_calls=0 diff_rects_avg=0 diff_dirty_pct_x10=0 bbox_pct_x10=0 bbox_thresh_exceeded=0
[08:45:56] [info] tas: stall frame 300 ms -> contributing 1 tick (patch 0286)
[08:45:56] [info] flip-probe: flip #1710 ok=true present=5ms inter_flip_ms=42 drawcalls-since-flip=50 drawcalls-total=117408 fail-total=0 null-skips-total=0
[08:45:56] [info] backdrop cache: thrashing-detect engaged (streak=4, route=direct)
[08:45:57] [info] flip-probe: flip #1720 ok=true present=4ms inter_flip_ms=35 drawcalls-since-flip=47 drawcalls-total=117911 fail-total=0 null-skips-total=0
[08:45:57] [info] flip-probe: flip #1730 ok=true present=4ms inter_flip_ms=31 drawcalls-since-flip=46 drawcalls-total=118381 fail-total=0 null-skips-total=0
[08:45:57] [info] flip-probe: flip #1740 ok=true present=5ms inter_flip_ms=33 drawcalls-since-flip=47 drawcalls-total=118838 fail-total=0 null-skips-total=0
[08:45:58] [info] flip-probe: flip #1750 ok=true present=4ms inter_flip_ms=33 drawcalls-since-flip=44 drawcalls-total=119270 fail-total=0 null-skips-total=0
[08:45:58] [info] flip-probe: flip #1760 ok=true present=5ms inter_flip_ms=32 drawcalls-since-flip=44 drawcalls-total=119711 fail-total=0 null-skips-total=0
[08:45:58] [info] flip-probe: flip #1770 ok=true present=5ms inter_flip_ms=31 drawcalls-since-flip=19 drawcalls-total=120078 fail-total=0 null-skips-total=0
[08:45:58] [info] backdrop cache: thrashing-detect engaged (streak=64, route=direct)
[08:45:59] [info] flip-probe: flip #1780 ok=true present=4ms inter_flip_ms=31 drawcalls-since-flip=19 drawcalls-total=120287 fail-total=0 null-skips-total=0
[08:45:59] [info] flip-probe: flip #1790 ok=true present=4ms inter_flip_ms=33 drawcalls-since-flip=19 drawcalls-total=120477 fail-total=0 null-skips-total=0
[08:45:59] [info] flip-probe: flip #1800 ok=true present=4ms inter_flip_ms=33 drawcalls-since-flip=19 drawcalls-total=120667 fail-total=0 null-skips-total=0
[08:45:59] [info] alpha audit block 0: 2815 total drawcalls, 0 with alpha<255 (block pct_x10=0; global 0/111095 pct_x10=0); alpha-mod skipped: block=0 global=0
[08:45:59] [info] fastpath audit block 0: taken=2815 (idx8=2815) skipped=0 pct_x10=1000; global taken=111095 (idx8=111095) skipped=0 pct_x10=1000
[08:45:59] [info] primitive tally block 0: clear=200(hr=200) fill=0(hr=0) rect=0(hr=0) line=0(hr=0) tint=0 spotlight=0 (over 100 flips ending at flip 1800)
[08:45:59] [info] color/alpha audit block 0: cmod_white=871 cmod_black=871 (idx=871) cmod_general=0 (idx=0) cmod_fb=0; alpha_taken=0 alpha_skipped=0 (global cmod=8862/7320/693/0 idx=7320/693 alpha=0/0)
[08:45:59] [info] phase timing block 0: drawcalls=4771 dc_total_ms=642 flip_inner_total_ms=561 inter_flip_total_ms=3616 (per-flip avg x10: dc_ms=64 fi_ms=56 if_ms=361 derived audio+engine_ms=241; per-drawcall avg us_x10=1347) [direct-vesa: presents=100 total_ms=404 avg_ms_x10=40 failed=0] [ablation: NO_DC_TIMING=0 CACHE_WINSURF=0 DIRECT_VESA=1]
[08:45:59] [info] kbd/audio block 0: kbd_irq=0 kbd_drain=0 ring_chunks=16 pump_pass=2997 pic1_mask=0xb8 first_irq_ticks=0 install_ticks=0 vector_at_install=0x00839fa0 pic1_mask_live=0x38 kbd_8042_stat=0x34 bios_kbd_head=0x002e bios_kbd_tail=0x002e bios_kbd_buf0=0x2e63
[08:45:59] [info] dirty-rect block @flip=1800: total_calls=0 dirty_rects_avg=1 dirty_pct_x10=1000 forced_full=0 first_n_force=0 threshold_exceeded=0 dirty_path_taken=0 full_flush_taken=0
[08:45:59] [info] prev-frame-diff block @flip=1800: diff_calls=0 diff_rects_avg=0 diff_dirty_pct_x10=0 bbox_pct_x10=0 bbox_thresh_exceeded=0
[08:46:00] [info] flip-probe: flip #1810 ok=true present=4ms inter_flip_ms=34 drawcalls-since-flip=19 drawcalls-total=120857 fail-total=0 null-skips-total=0
[08:46:00] [info] flip-probe: flip #1820 ok=true present=4ms inter_flip_ms=34 drawcalls-since-flip=19 drawcalls-total=121047 fail-total=0 null-skips-total=0
[08:46:00] [info] flip-probe: flip #1830 ok=true present=4ms inter_flip_ms=33 drawcalls-since-flip=19 drawcalls-total=121237 fail-total=0 null-skips-total=0
[08:46:00] [info] backdrop cache: thrashing-detect engaged (streak=124, route=direct)
[08:46:01] [info] flip-probe: flip #1840 ok=true present=4ms inter_flip_ms=30 drawcalls-since-flip=18 drawcalls-total=121424 fail-total=0 null-skips-total=0
[08:46:01] [info] flip-probe: flip #1850 ok=true present=4ms inter_flip_ms=30 drawcalls-since-flip=18 drawcalls-total=121604 fail-total=0 null-skips-total=0
[08:46:01] [info] flip-probe: flip #1860 ok=true present=4ms inter_flip_ms=33 drawcalls-since-flip=18 drawcalls-total=121784 fail-total=0 null-skips-total=0
[08:46:01] [info] flip-probe: flip #1870 ok=true present=4ms inter_flip_ms=33 drawcalls-since-flip=17 drawcalls-total=121958 fail-total=0 null-skips-total=0
[08:46:02] [info] flip-probe: flip #1880 ok=true present=4ms inter_flip_ms=30 drawcalls-since-flip=17 drawcalls-total=122128 fail-total=0 null-skips-total=0
[08:46:02] [info] flip-probe: flip #1890 ok=true present=5ms inter_flip_ms=30 drawcalls-since-flip=18 drawcalls-total=122304 fail-total=0 null-skips-total=0
[08:46:02] [info] backdrop cache: thrashing-detect engaged (streak=184, route=direct)
[08:46:02] [info] flip-probe: flip #1900 ok=true present=4ms inter_flip_ms=32 drawcalls-since-flip=19 drawcalls-total=122490 fail-total=0 null-skips-total=0
[08:46:02] [info] alpha audit block 0: 1723 total drawcalls, 0 with alpha<255 (block pct_x10=0; global 0/112818 pct_x10=0); alpha-mod skipped: block=0 global=0
[08:46:02] [info] fastpath audit block 0: taken=1723 (idx8=1723) skipped=0 pct_x10=1000; global taken=112818 (idx8=112818) skipped=0 pct_x10=1000
[08:46:02] [info] primitive tally block 0: clear=200(hr=200) fill=0(hr=0) rect=0(hr=0) line=0(hr=0) tint=0 spotlight=0 (over 100 flips ending at flip 1900)
[08:46:02] [info] phase timing block 0: drawcalls=1923 dc_total_ms=487 flip_inner_total_ms=540 inter_flip_total_ms=3222 (per-flip avg x10: dc_ms=48 fi_ms=54 if_ms=322 derived audio+engine_ms=220; per-drawcall avg us_x10=2536) [direct-vesa: presents=100 total_ms=404 avg_ms_x10=40 failed=0] [ablation: NO_DC_TIMING=0 CACHE_WINSURF=0 DIRECT_VESA=1]
[08:46:02] [info] kbd/audio block 0: kbd_irq=0 kbd_drain=0 ring_chunks=16 pump_pass=3158 pic1_mask=0xb8 first_irq_ticks=0 install_ticks=0 vector_at_install=0x00839fa0 pic1_mask_live=0x38 kbd_8042_stat=0x34 bios_kbd_head=0x002e bios_kbd_tail=0x002e bios_kbd_buf0=0x2e63
[08:46:02] [info] dirty-rect block @flip=1900: total_calls=0 dirty_rects_avg=1 dirty_pct_x10=1000 forced_full=0 first_n_force=0 threshold_exceeded=0 dirty_path_taken=0 full_flush_taken=0
[08:46:02] [info] prev-frame-diff block @flip=1900: diff_calls=0 diff_rects_avg=0 diff_dirty_pct_x10=0 bbox_pct_x10=0 bbox_thresh_exceeded=0
[08:46:03] [info] flip-probe: flip #1910 ok=true present=4ms inter_flip_ms=33 drawcalls-since-flip=19 drawcalls-total=122680 fail-total=0 null-skips-total=0
[08:46:03] [info] flip-probe: flip #1920 ok=true present=4ms inter_flip_ms=28 drawcalls-since-flip=19 drawcalls-total=122870 fail-total=0 null-skips-total=0
[08:46:03] [info] flip-probe: flip #1930 ok=true present=4ms inter_flip_ms=32 drawcalls-since-flip=18 drawcalls-total=123057 fail-total=0 null-skips-total=0
[08:46:04] [info] flip-probe: flip #1940 ok=true present=4ms inter_flip_ms=31 drawcalls-since-flip=18 drawcalls-total=123237 fail-total=0 null-skips-total=0
[08:46:04] [info] flip-probe: flip #1950 ok=true present=4ms inter_flip_ms=30 drawcalls-since-flip=17 drawcalls-total=123409 fail-total=0 null-skips-total=0
[08:46:04] [info] backdrop cache: thrashing-detect engaged (streak=244, route=direct)
[08:46:04] [info] flip-probe: flip #1960 ok=true present=4ms inter_flip_ms=33 drawcalls-since-flip=18 drawcalls-total=123586 fail-total=0 null-skips-total=0
[08:46:05] [info] flip-probe: flip #1970 ok=true present=4ms inter_flip_ms=29 drawcalls-since-flip=18 drawcalls-total=123766 fail-total=0 null-skips-total=0
[08:46:05] [info] flip-probe: flip #1980 ok=true present=4ms inter_flip_ms=33 drawcalls-since-flip=19 drawcalls-total=123952 fail-total=0 null-skips-total=0
[08:46:05] [info] run_tick_fixed #3300: heartbeat (loop alive)
[08:46:05] [info] flip-probe: flip #1990 ok=true present=4ms inter_flip_ms=38 drawcalls-since-flip=19 drawcalls-total=124142 fail-total=0 null-skips-total=0
[08:46:06] [info] flip-probe: flip #2000 ok=true present=4ms inter_flip_ms=39 drawcalls-since-flip=19 drawcalls-total=124332 fail-total=0 null-skips-total=0
[08:46:06] [info] alpha audit block 0: 1742 total drawcalls, 0 with alpha<255 (block pct_x10=0; global 0/114560 pct_x10=0); alpha-mod skipped: block=0 global=0
[08:46:06] [info] fastpath audit block 0: taken=1742 (idx8=1742) skipped=0 pct_x10=1000; global taken=114560 (idx8=114560) skipped=0 pct_x10=1000
[08:46:06] [info] primitive tally block 0: clear=200(hr=200) fill=0(hr=0) rect=0(hr=0) line=0(hr=0) tint=0 spotlight=0 (over 100 flips ending at flip 2000)
[08:46:06] [info] phase timing block 0: drawcalls=1942 dc_total_ms=493 flip_inner_total_ms=562 inter_flip_total_ms=3216 (per-flip avg x10: dc_ms=49 fi_ms=56 if_ms=321 derived audio+engine_ms=216; per-drawcall avg us_x10=2539) [direct-vesa: presents=100 total_ms=404 avg_ms_x10=40 failed=0] [ablation: NO_DC_TIMING=0 CACHE_WINSURF=0 DIRECT_VESA=1]
[08:46:06] [info] kbd/audio block 0: kbd_irq=0 kbd_drain=0 ring_chunks=16 pump_pass=3319 pic1_mask=0xb8 first_irq_ticks=0 install_ticks=0 vector_at_install=0x00839fa0 pic1_mask_live=0x38 kbd_8042_stat=0x34 bios_kbd_head=0x002e bios_kbd_tail=0x002e bios_kbd_buf0=0x2e63
[08:46:06] [info] dirty-rect block @flip=2000: total_calls=0 dirty_rects_avg=1 dirty_pct_x10=1000 forced_full=0 first_n_force=0 threshold_exceeded=0 dirty_path_taken=0 full_flush_taken=0
[08:46:06] [info] prev-frame-diff block @flip=2000: diff_calls=0 diff_rects_avg=0 diff_dirty_pct_x10=0 bbox_pct_x10=0 bbox_thresh_exceeded=0
[08:46:06] [info] flip-probe: flip #2010 ok=true present=4ms inter_flip_ms=33 drawcalls-since-flip=20 drawcalls-total=124525 fail-total=0 null-skips-total=0
[08:46:06] [info] backdrop cache: thrashing-detect engaged (streak=304, route=direct)
[08:46:06] [info] flip-probe: flip #2020 ok=true present=4ms inter_flip_ms=31 drawcalls-since-flip=20 drawcalls-total=124725 fail-total=0 null-skips-total=0
[08:46:07] [info] flip-probe: flip #2030 ok=true present=5ms inter_flip_ms=29 drawcalls-since-flip=20 drawcalls-total=124925 fail-total=0 null-skips-total=0
[08:46:07] [info] flip-probe: flip #2040 ok=true present=4ms inter_flip_ms=31 drawcalls-since-flip=20 drawcalls-total=125125 fail-total=0 null-skips-total=0
[08:46:07] [info] flip-probe: flip #2050 ok=true present=4ms inter_flip_ms=31 drawcalls-since-flip=17 drawcalls-total=125316 fail-total=0 null-skips-total=0
[08:46:08] [info] flip-probe: flip #2060 ok=true present=4ms inter_flip_ms=31 drawcalls-since-flip=17 drawcalls-total=125486 fail-total=0 null-skips-total=0
[08:46:08] [info] flip-probe: flip #2070 ok=true present=4ms inter_flip_ms=34 drawcalls-since-flip=17 drawcalls-total=125656 fail-total=0 null-skips-total=0
[08:46:08] [info] backdrop cache: thrashing-detect engaged (streak=364, route=direct)
[08:46:08] [info] flip-probe: flip #2080 ok=true present=4ms inter_flip_ms=31 drawcalls-since-flip=17 drawcalls-total=125826 fail-total=0 null-skips-total=0
[08:46:09] [info] flip-probe: flip #2090 ok=true present=4ms inter_flip_ms=31 drawcalls-since-flip=19 drawcalls-total=126008 fail-total=0 null-skips-total=0
[08:46:09] [info] flip-probe: flip #2100 ok=true present=4ms inter_flip_ms=32 drawcalls-since-flip=18 drawcalls-total=126188 fail-total=0 null-skips-total=0
[08:46:09] [info] alpha audit block 0: 1756 total drawcalls, 0 with alpha<255 (block pct_x10=0; global 0/116316 pct_x10=0); alpha-mod skipped: block=0 global=0
[08:46:09] [info] fastpath audit block 0: taken=1756 (idx8=1756) skipped=0 pct_x10=1000; global taken=116316 (idx8=116316) skipped=0 pct_x10=1000
[08:46:09] [info] primitive tally block 0: clear=200(hr=200) fill=0(hr=0) rect=0(hr=0) line=0(hr=0) tint=0 spotlight=0 (over 100 flips ending at flip 2100)
[08:46:09] [info] phase timing block 0: drawcalls=1956 dc_total_ms=490 flip_inner_total_ms=544 inter_flip_total_ms=3238 (per-flip avg x10: dc_ms=49 fi_ms=54 if_ms=323 derived audio+engine_ms=220; per-drawcall avg us_x10=2508) [direct-vesa: presents=100 total_ms=403 avg_ms_x10=40 failed=0] [ablation: NO_DC_TIMING=0 CACHE_WINSURF=0 DIRECT_VESA=1]
[08:46:09] [info] kbd/audio block 0: kbd_irq=0 kbd_drain=0 ring_chunks=16 pump_pass=3481 pic1_mask=0xb8 first_irq_ticks=0 install_ticks=0 vector_at_install=0x00839fa0 pic1_mask_live=0x38 kbd_8042_stat=0x34 bios_kbd_head=0x002e bios_kbd_tail=0x002e bios_kbd_buf0=0x2e63
[08:46:09] [info] dirty-rect block @flip=2100: total_calls=0 dirty_rects_avg=1 dirty_pct_x10=1000 forced_full=0 first_n_force=0 threshold_exceeded=0 dirty_path_taken=0 full_flush_taken=0
[08:46:09] [info] prev-frame-diff block @flip=2100: diff_calls=0 diff_rects_avg=0 diff_dirty_pct_x10=0 bbox_pct_x10=0 bbox_thresh_exceeded=0
[08:46:09] [info] flip-probe: flip #2110 ok=true present=4ms inter_flip_ms=33 drawcalls-since-flip=17 drawcalls-total=126358 fail-total=0 null-skips-total=0
[08:46:10] [info] flip-probe: flip #2120 ok=true present=4ms inter_flip_ms=33 drawcalls-since-flip=16 drawcalls-total=126519 fail-total=0 null-skips-total=0
[08:46:10] [info] flip-probe: flip #2130 ok=true present=4ms inter_flip_ms=31 drawcalls-since-flip=17 drawcalls-total=126686 fail-total=0 null-skips-total=0
[08:46:10] [info] backdrop cache: thrashing-detect engaged (streak=424, route=direct)
[08:46:10] [info] flip-probe: flip #2140 ok=true present=4ms inter_flip_ms=33 drawcalls-since-flip=19 drawcalls-total=126868 fail-total=0 null-skips-total=0
[08:46:11] [info] flip-probe: flip #2150 ok=true present=4ms inter_flip_ms=30 drawcalls-since-flip=20 drawcalls-total=127063 fail-total=0 null-skips-total=0
[08:46:11] [info] flip-probe: flip #2160 ok=true present=4ms inter_flip_ms=33 drawcalls-since-flip=18 drawcalls-total=127262 fail-total=0 null-skips-total=0
[08:46:11] [info] flip-probe: flip #2170 ok=true present=4ms inter_flip_ms=32 drawcalls-since-flip=19 drawcalls-total=127444 fail-total=0 null-skips-total=0
[08:46:11] [info] run_tick_fixed #3600: heartbeat (loop alive)
[08:46:12] [info] flip-probe: flip #2180 ok=true present=4ms inter_flip_ms=55 drawcalls-since-flip=359 drawcalls-total=130130 fail-total=0 null-skips-total=0
[08:46:12] [info]  >> Entering stage 19: 'Assembly Hall'.
[08:46:12] [info] [skip-sheet-flush] cave=8
[08:46:12] [info] [load-stage] preloading entry music song=9 (cave=8)
[08:46:12] [info] gameloop: entered (curmap=19, running=1)
[08:46:12] [info] gameloop: iter 1 ticks=93922 mapno=-1
[08:46:12] [info] mds-clear-lut: rebuilt N=240 entries (k_skip=100% k_keep=0%; curmap=19 map_size=21x16; rebuild #6 since boot)
[08:46:12] [info] gameloop: iter 2 ticks=93995 mapno=-1
[08:46:13] [info] gameloop: iter 3 ticks=94058 mapno=-1
[08:46:13] [info] flip-probe: flip #2190 ok=true present=4ms inter_flip_ms=54 drawcalls-since-flip=459 drawcalls-total=133636 fail-total=0 null-skips-total=0
[08:46:13] [info] flip-probe: flip #2200 ok=true present=4ms inter_flip_ms=34 drawcalls-since-flip=111 drawcalls-total=135774 fail-total=0 null-skips-total=0
[08:46:13] [info] alpha audit block 0: 9294 total drawcalls, 0 with alpha<255 (block pct_x10=0; global 0/125610 pct_x10=0); alpha-mod skipped: block=0 global=0
[08:46:13] [info] fastpath audit block 0: taken=9294 (idx8=9294) skipped=0 pct_x10=1000; global taken=125610 (idx8=125610) skipped=0 pct_x10=1000
[08:46:13] [info] primitive tally block 0: clear=202(hr=202) fill=0(hr=0) rect=0(hr=0) line=0(hr=0) tint=0 spotlight=0 (over 100 flips ending at flip 2200)
[08:46:13] [info] color/alpha audit block 0: cmod_white=192 cmod_black=192 (idx=192) cmod_general=0 (idx=0) cmod_fb=0; alpha_taken=0 alpha_skipped=0 (global cmod=9054/7512/693/0 idx=7512/693 alpha=0/0)
[08:46:13] [info] phase timing block 0: drawcalls=9896 dc_total_ms=856 flip_inner_total_ms=558 inter_flip_total_ms=4261 (per-flip avg x10: dc_ms=85 fi_ms=55 if_ms=426 derived audio+engine_ms=286; per-drawcall avg us_x10=865) [direct-vesa: presents=100 total_ms=406 avg_ms_x10=40 failed=0] [ablation: NO_DC_TIMING=0 CACHE_WINSURF=0 DIRECT_VESA=1]
[08:46:13] [info] kbd/audio block 0: kbd_irq=0 kbd_drain=0 ring_chunks=16 pump_pass=3665 pic1_mask=0xb8 first_irq_ticks=0 install_ticks=0 vector_at_install=0x00839fa0 pic1_mask_live=0x38 kbd_8042_stat=0x34 bios_kbd_head=0x002e bios_kbd_tail=0x002e bios_kbd_buf0=0x2e63
[08:46:13] [info] dirty-rect block @flip=2200: total_calls=0 dirty_rects_avg=1 dirty_pct_x10=1000 forced_full=0 first_n_force=0 threshold_exceeded=0 dirty_path_taken=0 full_flush_taken=0
[08:46:13] [info] prev-frame-diff block @flip=2200: diff_calls=0 diff_rects_avg=0 diff_dirty_pct_x10=0 bbox_pct_x10=0 bbox_thresh_exceeded=0
[08:46:14] [info] flip-probe: flip #2210 ok=true present=4ms inter_flip_ms=34 drawcalls-since-flip=122 drawcalls-total=136994 fail-total=0 null-skips-total=0
[08:46:14] [info] flip-probe: flip #2220 ok=true present=4ms inter_flip_ms=35 drawcalls-since-flip=122 drawcalls-total=138214 fail-total=0 null-skips-total=0
[08:46:14] [info] flip-probe: flip #2230 ok=true present=4ms inter_flip_ms=35 drawcalls-since-flip=124 drawcalls-total=139436 fail-total=0 null-skips-total=0
[08:46:15] [info] flip-probe: flip #2240 ok=true present=4ms inter_flip_ms=35 drawcalls-since-flip=125 drawcalls-total=140681 fail-total=0 null-skips-total=0
[08:46:15] [info] flip-probe: flip #2250 ok=true present=4ms inter_flip_ms=35 drawcalls-since-flip=122 drawcalls-total=141908 fail-total=0 null-skips-total=0
[08:46:15] [info] flip-probe: flip #2260 ok=true present=4ms inter_flip_ms=33 drawcalls-since-flip=123 drawcalls-total=143142 fail-total=0 null-skips-total=0
[08:46:16] [info] flip-probe: flip #2270 ok=true present=4ms inter_flip_ms=34 drawcalls-since-flip=122 drawcalls-total=144365 fail-total=0 null-skips-total=0
[08:46:16] [info] flip-probe: flip #2280 ok=true present=4ms inter_flip_ms=35 drawcalls-since-flip=122 drawcalls-total=145585 fail-total=0 null-skips-total=0
[08:46:16] [info] flip-probe: flip #2290 ok=true present=4ms inter_flip_ms=37 drawcalls-since-flip=122 drawcalls-total=146805 fail-total=0 null-skips-total=0
[08:46:17] [info] flip-probe: flip #2300 ok=true present=4ms inter_flip_ms=34 drawcalls-since-flip=122 drawcalls-total=148025 fail-total=0 null-skips-total=0
[08:46:17] [info] alpha audit block 0: 10951 total drawcalls, 0 with alpha<255 (block pct_x10=0; global 0/136561 pct_x10=0); alpha-mod skipped: block=0 global=0
[08:46:17] [info] fastpath audit block 0: taken=10951 (idx8=10951) skipped=0 pct_x10=1000; global taken=136561 (idx8=136561) skipped=0 pct_x10=1000
[08:46:17] [info] primitive tally block 0: clear=200(hr=200) fill=0(hr=0) rect=0(hr=0) line=0(hr=0) tint=0 spotlight=0 (over 100 flips ending at flip 2300)
[08:46:17] [info] color/alpha audit block 0: cmod_white=1200 cmod_black=1200 (idx=1200) cmod_general=0 (idx=0) cmod_fb=0; alpha_taken=0 alpha_skipped=0 (global cmod=10254/8712/693/0 idx=8712/693 alpha=0/0)
[08:46:17] [info] phase timing block 0: drawcalls=13651 dc_total_ms=1072 flip_inner_total_ms=553 inter_flip_total_ms=3497 (per-flip avg x10: dc_ms=107 fi_ms=55 if_ms=349 derived audio+engine_ms=187; per-drawcall avg us_x10=785) [direct-vesa: presents=100 total_ms=404 avg_ms_x10=40 failed=0] [ablation: NO_DC_TIMING=0 CACHE_WINSURF=0 DIRECT_VESA=1]
[08:46:17] [info] kbd/audio block 0: kbd_irq=0 kbd_drain=0 ring_chunks=16 pump_pass=3840 pic1_mask=0xb8 first_irq_ticks=0 install_ticks=0 vector_at_install=0x00839fa0 pic1_mask_live=0x38 kbd_8042_stat=0x34 bios_kbd_head=0x002e bios_kbd_tail=0x002e bios_kbd_buf0=0x2e63
[08:46:17] [info] dirty-rect block @flip=2300: total_calls=0 dirty_rects_avg=1 dirty_pct_x10=1000 forced_full=0 first_n_force=0 threshold_exceeded=0 dirty_path_taken=0 full_flush_taken=0
[08:46:17] [info] prev-frame-diff block @flip=2300: diff_calls=0 diff_rects_avg=0 diff_dirty_pct_x10=0 bbox_pct_x10=0 bbox_thresh_exceeded=0
[08:46:17] [info] flip-probe: flip #2310 ok=true present=4ms inter_flip_ms=31 drawcalls-since-flip=98 drawcalls-total=149101 fail-total=0 null-skips-total=0
[08:46:17] [info] flip-probe: flip #2320 ok=true present=4ms inter_flip_ms=53 drawcalls-since-flip=438 drawcalls-total=152577 fail-total=0 null-skips-total=0
[08:46:18] [info]  >> Entering stage 11: 'Mimiga Village'.
[08:46:18] [info] [skip-sheet-flush] cave=9
[08:46:18] [info] [load-stage] preloading entry music song=9 (cave=9)
[08:46:18] [info] gameloop: entered (curmap=11, running=1)
[08:46:18] [info] gameloop: iter 1 ticks=99752 mapno=-1
[08:46:18] [info] mds-clear-lut: rebuilt N=240 entries (k_skip=0% k_keep=100%; curmap=11 map_size=60x60; rebuild #7 since boot)
[08:46:18] [info] gameloop: iter 2 ticks=99827 mapno=-1
[08:46:18] [info] gameloop: iter 3 ticks=99889 mapno=-1
[08:46:19] [info] flip-probe: flip #2330 ok=true present=4ms inter_flip_ms=59 drawcalls-since-flip=372 drawcalls-total=155917 fail-total=0 null-skips-total=0
[08:46:19] [info] backdrop cache: thrashing-detect engaged (streak=4, route=direct)
[08:46:19] [info] flip-probe: flip #2340 ok=true present=4ms inter_flip_ms=33 drawcalls-since-flip=43 drawcalls-total=157032 fail-total=0 null-skips-total=0
[08:46:19] [info] flip-probe: flip #2350 ok=true present=4ms inter_flip_ms=35 drawcalls-since-flip=46 drawcalls-total=157477 fail-total=0 null-skips-total=0
[08:46:20] [info] flip-probe: flip #2360 ok=true present=5ms inter_flip_ms=32 drawcalls-since-flip=45 drawcalls-total=157937 fail-total=0 null-skips-total=0
[08:46:20] [info] flip-probe: flip #2370 ok=true present=4ms inter_flip_ms=33 drawcalls-since-flip=42 drawcalls-total=158361 fail-total=0 null-skips-total=0
[08:46:20] [info] flip-probe: flip #2380 ok=true present=4ms inter_flip_ms=34 drawcalls-since-flip=43 drawcalls-total=158791 fail-total=0 null-skips-total=0
[08:46:21] [info] flip-probe: flip #2390 ok=true present=4ms inter_flip_ms=34 drawcalls-since-flip=44 drawcalls-total=159229 fail-total=0 null-skips-total=0
[08:46:21] [info] backdrop cache: thrashing-detect engaged (streak=64, route=direct)
[08:46:21] [info] flip-probe: flip #2400 ok=true present=4ms inter_flip_ms=33 drawcalls-since-flip=44 drawcalls-total=159673 fail-total=0 null-skips-total=0
[08:46:21] [info] alpha audit block 0: 10512 total drawcalls, 0 with alpha<255 (block pct_x10=0; global 0/147073 pct_x10=0); alpha-mod skipped: block=0 global=0
[08:46:21] [info] fastpath audit block 0: taken=10512 (idx8=10512) skipped=0 pct_x10=1000; global taken=147073 (idx8=147073) skipped=0 pct_x10=1000
[08:46:21] [info] primitive tally block 0: clear=202(hr=202) fill=0(hr=0) rect=0(hr=0) line=0(hr=0) tint=0 spotlight=0 (over 100 flips ending at flip 2400)
[08:46:21] [info] color/alpha audit block 0: cmod_white=1036 cmod_black=1036 (idx=1036) cmod_general=0 (idx=0) cmod_fb=0; alpha_taken=0 alpha_skipped=0 (global cmod=11290/9748/693/0 idx=9748/693 alpha=0/0)
[08:46:21] [info] phase timing block 0: drawcalls=12816 dc_total_ms=994 flip_inner_total_ms=773 inter_flip_total_ms=4395 (per-flip avg x10: dc_ms=99 fi_ms=77 if_ms=439 derived audio+engine_ms=263; per-drawcall avg us_x10=775) [direct-vesa: presents=100 total_ms=404 avg_ms_x10=40 failed=0] [ablation: NO_DC_TIMING=0 CACHE_WINSURF=0 DIRECT_VESA=1]
[08:46:21] [info] kbd/audio block 0: kbd_irq=0 kbd_drain=0 ring_chunks=16 pump_pass=4031 pic1_mask=0xb8 first_irq_ticks=0 install_ticks=0 vector_at_install=0x00839fa0 pic1_mask_live=0x38 kbd_8042_stat=0x34 bios_kbd_head=0x002e bios_kbd_tail=0x002e bios_kbd_buf0=0x2e63
[08:46:21] [info] dirty-rect block @flip=2400: total_calls=0 dirty_rects_avg=1 dirty_pct_x10=1000 forced_full=0 first_n_force=0 threshold_exceeded=0 dirty_path_taken=0 full_flush_taken=0
[08:46:21] [info] prev-frame-diff block @flip=2400: diff_calls=0 diff_rects_avg=0 diff_dirty_pct_x10=0 bbox_pct_x10=0 bbox_thresh_exceeded=0
[08:46:21] [info] tas: stall frame 303 ms -> contributing 1 tick (patch 0286)
[08:46:22] [info] flip-probe: flip #2410 ok=true present=5ms inter_flip_ms=32 drawcalls-since-flip=43 drawcalls-total=160103 fail-total=0 null-skips-total=0
[08:46:22] [info] flip-probe: flip #2420 ok=true present=4ms inter_flip_ms=34 drawcalls-since-flip=46 drawcalls-total=160548 fail-total=0 null-skips-total=0
[08:46:22] [info] flip-probe: flip #2430 ok=true present=4ms inter_flip_ms=33 drawcalls-since-flip=45 drawcalls-total=161002 fail-total=0 null-skips-total=0
[08:46:23] [info] flip-probe: flip #2440 ok=true present=4ms inter_flip_ms=31 drawcalls-since-flip=45 drawcalls-total=161450 fail-total=0 null-skips-total=0
[08:46:23] [info] flip-probe: flip #2450 ok=true present=4ms inter_flip_ms=29 drawcalls-since-flip=18 drawcalls-total=161734 fail-total=0 null-skips-total=0
[08:46:23] [info] backdrop cache: thrashing-detect engaged (streak=124, route=direct)
[08:46:23] [info] flip-probe: flip #2460 ok=true present=4ms inter_flip_ms=32 drawcalls-since-flip=18 drawcalls-total=161914 fail-total=0 null-skips-total=0
[08:46:24] [info] flip-probe: flip #2470 ok=true present=4ms inter_flip_ms=30 drawcalls-since-flip=17 drawcalls-total=162089 fail-total=0 null-skips-total=0
[08:46:24] [info] flip-probe: flip #2480 ok=true present=4ms inter_flip_ms=30 drawcalls-since-flip=17 drawcalls-total=162259 fail-total=0 null-skips-total=0
[08:46:24] [info] flip-probe: flip #2490 ok=true present=5ms inter_flip_ms=30 drawcalls-since-flip=17 drawcalls-total=162429 fail-total=0 null-skips-total=0
[08:46:25] [info] flip-probe: flip #2500 ok=true present=5ms inter_flip_ms=32 drawcalls-since-flip=18 drawcalls-total=162600 fail-total=0 null-skips-total=0
[08:46:25] [info] alpha audit block 0: 2255 total drawcalls, 0 with alpha<255 (block pct_x10=0; global 0/149328 pct_x10=0); alpha-mod skipped: block=0 global=0
[08:46:25] [info] fastpath audit block 0: taken=2255 (idx8=2255) skipped=0 pct_x10=1000; global taken=149328 (idx8=149328) skipped=0 pct_x10=1000
[08:46:25] [info] primitive tally block 0: clear=200(hr=200) fill=0(hr=0) rect=0(hr=0) line=0(hr=0) tint=0 spotlight=0 (over 100 flips ending at flip 2500)
[08:46:25] [info] color/alpha audit block 0: cmod_white=572 cmod_black=572 (idx=572) cmod_general=0 (idx=0) cmod_fb=0; alpha_taken=0 alpha_skipped=0 (global cmod=11862/10320/693/0 idx=10320/693 alpha=0/0)
[08:46:25] [info] phase timing block 0: drawcalls=3599 dc_total_ms=543 flip_inner_total_ms=557 inter_flip_total_ms=3508 (per-flip avg x10: dc_ms=54 fi_ms=55 if_ms=350 derived audio+engine_ms=241; per-drawcall avg us_x10=1510) [direct-vesa: presents=100 total_ms=406 avg_ms_x10=40 failed=0] [ablation: NO_DC_TIMING=0 CACHE_WINSURF=0 DIRECT_VESA=1]
[08:46:25] [info] kbd/audio block 0: kbd_irq=0 kbd_drain=0 ring_chunks=16 pump_pass=4192 pic1_mask=0xb8 first_irq_ticks=0 install_ticks=0 vector_at_install=0x00839fa0 pic1_mask_live=0x38 kbd_8042_stat=0x34 bios_kbd_head=0x002e bios_kbd_tail=0x002e bios_kbd_buf0=0x2e63
[08:46:25] [info] dirty-rect block @flip=2500: total_calls=0 dirty_rects_avg=1 dirty_pct_x10=1000 forced_full=0 first_n_force=0 threshold_exceeded=0 dirty_path_taken=0 full_flush_taken=0
[08:46:25] [info] prev-frame-diff block @flip=2500: diff_calls=0 diff_rects_avg=0 diff_dirty_pct_x10=0 bbox_pct_x10=0 bbox_thresh_exceeded=0
[08:46:25] [info] run_tick_fixed #4200: heartbeat (loop alive)
[08:46:25] [info] flip-probe: flip #2510 ok=true present=4ms inter_flip_ms=32 drawcalls-since-flip=18 drawcalls-total=162780 fail-total=0 null-skips-total=0
[08:46:25] [info] backdrop cache: thrashing-detect engaged (streak=184, route=direct)
[08:46:25] [info] flip-probe: flip #2520 ok=true present=4ms inter_flip_ms=30 drawcalls-since-flip=20 drawcalls-total=162962 fail-total=0 null-skips-total=0
[08:46:26] [info] flip-probe: flip #2530 ok=true present=4ms inter_flip_ms=32 drawcalls-since-flip=19 drawcalls-total=163156 fail-total=0 null-skips-total=0
[08:46:26] [info] flip-probe: flip #2540 ok=true present=4ms inter_flip_ms=31 drawcalls-since-flip=16 drawcalls-total=163333 fail-total=0 null-skips-total=0
[08:46:26] [info] flip-probe: flip #2550 ok=true present=4ms inter_flip_ms=34 drawcalls-since-flip=15 drawcalls-total=163486 fail-total=0 null-skips-total=0
[08:46:27] [info] flip-probe: flip #2560 ok=true present=5ms inter_flip_ms=33 drawcalls-since-flip=15 drawcalls-total=163636 fail-total=0 null-skips-total=0
[08:46:27] [info] flip-probe: flip #2570 ok=true present=4ms inter_flip_ms=52 drawcalls-since-flip=356 drawcalls-total=166016 fail-total=0 null-skips-total=0
[08:46:27] [info] backdrop cache: thrashing-detect engaged (streak=244, route=direct)
[08:46:27] [info]  >> Entering stage 14: 'Shack'.
[08:46:27] [info] [skip-sheet-flush] cave=10
[08:46:28] [info] [load-stage] preloading entry music song=8 (cave=10)
[08:46:28] [info] opl3 backend: on_song_stop
[08:46:28] [info] MidiScheduler::load: parsed 'data/orgmid2/vivi.mid' = 11188 events at 48 PPQ
[08:46:28] [info] opl3 backend: on_song_start
[08:46:28] [info] gameloop: entered (curmap=14, running=1)
[08:46:28] [info] gameloop: iter 1 ticks=109430 mapno=-1
[08:46:28] [info] gameloop: iter 2 ticks=109482 mapno=-1
[08:46:28] [info] gameloop: iter 3 ticks=109534 mapno=-1
[08:46:28] [info] flip-probe: flip #2580 ok=true present=4ms inter_flip_ms=48 drawcalls-since-flip=365 drawcalls-total=169278 fail-total=0 null-skips-total=0
[08:46:29] [info] flip-probe: flip #2590 ok=true present=4ms inter_flip_ms=24 drawcalls-since-flip=25 drawcalls-total=171120 fail-total=0 null-skips-total=0
[08:46:29] [info] flip-probe: flip #2600 ok=true present=4ms inter_flip_ms=24 drawcalls-since-flip=24 drawcalls-total=171320 fail-total=0 null-skips-total=0
[08:46:29] [info] alpha audit block 0: 8516 total drawcalls, 0 with alpha<255 (block pct_x10=0; global 0/157844 pct_x10=0); alpha-mod skipped: block=0 global=0
[08:46:29] [info] fastpath audit block 0: taken=8516 (idx8=8516) skipped=0 pct_x10=1000; global taken=157844 (idx8=157844) skipped=0 pct_x10=1000
[08:46:29] [info] primitive tally block 0: clear=201(hr=201) fill=0(hr=0) rect=0(hr=0) line=0(hr=0) tint=0 spotlight=0 (over 100 flips ending at flip 2600)
[08:46:29] [info] color/alpha audit block 0: cmod_white=130 cmod_black=130 (idx=130) cmod_general=0 (idx=0) cmod_fb=0; alpha_taken=0 alpha_skipped=0 (global cmod=11992/10450/693/0 idx=10450/693 alpha=0/0)
[08:46:29] [info] phase timing block 0: drawcalls=8977 dc_total_ms=781 flip_inner_total_ms=557 inter_flip_total_ms=4234 (per-flip avg x10: dc_ms=78 fi_ms=55 if_ms=423 derived audio+engine_ms=290; per-drawcall avg us_x10=870) [direct-vesa: presents=100 total_ms=404 avg_ms_x10=40 failed=0] [ablation: NO_DC_TIMING=0 CACHE_WINSURF=0 DIRECT_VESA=1]
[08:46:29] [info] kbd/audio block 0: kbd_irq=0 kbd_drain=0 ring_chunks=16 pump_pass=4369 pic1_mask=0xb8 first_irq_ticks=0 install_ticks=0 vector_at_install=0x00839fa0 pic1_mask_live=0x38 kbd_8042_stat=0x34 bios_kbd_head=0x002e bios_kbd_tail=0x002e bios_kbd_buf0=0x2e63
[08:46:29] [info] dirty-rect block @flip=2600: total_calls=0 dirty_rects_avg=1 dirty_pct_x10=1000 forced_full=0 first_n_force=0 threshold_exceeded=0 dirty_path_taken=0 full_flush_taken=0
[08:46:29] [info] prev-frame-diff block @flip=2600: diff_calls=0 diff_rects_avg=0 diff_dirty_pct_x10=0 bbox_pct_x10=0 bbox_thresh_exceeded=0
[08:46:29] [info] flip-probe: flip #2610 ok=true present=4ms inter_flip_ms=24 drawcalls-since-flip=24 drawcalls-total=171560 fail-total=0 null-skips-total=0
[08:46:29] [info] flip-probe: flip #2620 ok=true present=4ms inter_flip_ms=26 drawcalls-since-flip=24 drawcalls-total=171800 fail-total=0 null-skips-total=0
[08:46:30] [info] flip-probe: flip #2630 ok=true present=4ms inter_flip_ms=25 drawcalls-since-flip=24 drawcalls-total=172040 fail-total=0 null-skips-total=0
[08:46:30] [info] flip-probe: flip #2640 ok=true present=4ms inter_flip_ms=25 drawcalls-since-flip=28 drawcalls-total=172300 fail-total=0 null-skips-total=0
[08:46:30] [info] flip-probe: flip #2650 ok=true present=4ms inter_flip_ms=24 drawcalls-since-flip=27 drawcalls-total=172574 fail-total=0 null-skips-total=0
[08:46:30] [info] flip-probe: flip #2660 ok=true present=4ms inter_flip_ms=26 drawcalls-since-flip=25 drawcalls-total=172832 fail-total=0 null-skips-total=0
[08:46:31] [info] flip-probe: flip #2670 ok=true present=4ms inter_flip_ms=25 drawcalls-since-flip=24 drawcalls-total=173072 fail-total=0 null-skips-total=0
[08:46:31] [info] flip-probe: flip #2680 ok=true present=4ms inter_flip_ms=24 drawcalls-since-flip=24 drawcalls-total=173312 fail-total=0 null-skips-total=0
[08:46:31] [info] flip-probe: flip #2690 ok=true present=4ms inter_flip_ms=25 drawcalls-since-flip=24 drawcalls-total=173552 fail-total=0 null-skips-total=0
[08:46:31] [info] flip-probe: flip #2700 ok=true present=4ms inter_flip_ms=25 drawcalls-since-flip=14 drawcalls-total=173732 fail-total=0 null-skips-total=0
[08:46:31] [info] alpha audit block 0: 1942 total drawcalls, 0 with alpha<255 (block pct_x10=0; global 0/159786 pct_x10=0); alpha-mod skipped: block=0 global=0
[08:46:31] [info] fastpath audit block 0: taken=1942 (idx8=1942) skipped=0 pct_x10=1000; global taken=159786 (idx8=159786) skipped=0 pct_x10=1000
[08:46:31] [info] primitive tally block 0: clear=200(hr=200) fill=0(hr=0) rect=0(hr=0) line=0(hr=0) tint=0 spotlight=0 (over 100 flips ending at flip 2700)
[08:46:31] [info] color/alpha audit block 0: cmod_white=470 cmod_black=470 (idx=470) cmod_general=0 (idx=0) cmod_fb=0; alpha_taken=0 alpha_skipped=0 (global cmod=12462/10920/693/0 idx=10920/693 alpha=0/0)
[08:46:31] [info] phase timing block 0: drawcalls=3082 dc_total_ms=515 flip_inner_total_ms=553 inter_flip_total_ms=2574 (per-flip avg x10: dc_ms=51 fi_ms=55 if_ms=257 derived audio+engine_ms=151; per-drawcall avg us_x10=1672) [direct-vesa: presents=100 total_ms=405 avg_ms_x10=40 failed=0] [ablation: NO_DC_TIMING=0 CACHE_WINSURF=0 DIRECT_VESA=1]
[08:46:31] [info] kbd/audio block 0: kbd_irq=0 kbd_drain=0 ring_chunks=16 pump_pass=4498 pic1_mask=0xb8 first_irq_ticks=0 install_ticks=0 vector_at_install=0x00839fa0 pic1_mask_live=0x38 kbd_8042_stat=0x34 bios_kbd_head=0x002e bios_kbd_tail=0x002e bios_kbd_buf0=0x2e63
[08:46:31] [info] dirty-rect block @flip=2700: total_calls=0 dirty_rects_avg=1 dirty_pct_x10=1000 forced_full=0 first_n_force=0 threshold_exceeded=0 dirty_path_taken=0 full_flush_taken=0
[08:46:31] [info] prev-frame-diff block @flip=2700: diff_calls=0 diff_rects_avg=0 diff_dirty_pct_x10=0 bbox_pct_x10=0 bbox_thresh_exceeded=0
[08:46:32] [info] flip-probe: flip #2710 ok=true present=4ms inter_flip_ms=24 drawcalls-since-flip=14 drawcalls-total=173872 fail-total=0 null-skips-total=0
[08:46:32] [info] flip-probe: flip #2720 ok=true present=4ms inter_flip_ms=24 drawcalls-since-flip=14 drawcalls-total=174012 fail-total=0 null-skips-total=0
[08:46:32] [info] flip-probe: flip #2730 ok=true present=4ms inter_flip_ms=25 drawcalls-since-flip=14 drawcalls-total=174152 fail-total=0 null-skips-total=0
[08:46:32] [info] flip-probe: flip #2740 ok=true present=4ms inter_flip_ms=25 drawcalls-since-flip=14 drawcalls-total=174292 fail-total=0 null-skips-total=0
[08:46:33] [info] flip-probe: flip #2750 ok=true present=4ms inter_flip_ms=24 drawcalls-since-flip=14 drawcalls-total=174432 fail-total=0 null-skips-total=0
[08:46:33] [info] flip-probe: flip #2760 ok=true present=4ms inter_flip_ms=24 drawcalls-since-flip=14 drawcalls-total=174572 fail-total=0 null-skips-total=0
[08:46:33] [info] flip-probe: flip #2770 ok=true present=4ms inter_flip_ms=41 drawcalls-since-flip=315 drawcalls-total=175803 fail-total=0 null-skips-total=0
[08:46:34] [info] flip-probe: flip #2780 ok=true present=4ms inter_flip_ms=25 drawcalls-since-flip=3 drawcalls-total=178637 fail-total=0 null-skips-total=0
[08:46:34] [info]  >> Entering stage 11: 'Mimiga Village'.
[08:46:34] [info] [skip-sheet-flush] cave=11
[08:46:34] [info] [load-stage] preloading entry music song=9 (cave=11)
[08:46:34] [info] opl3 backend: on_song_stop
[08:46:34] [info] MidiScheduler::load: parsed 'data/orgmid2/mura.mid' = 7123 events at 48 PPQ
[08:46:34] [info] opl3 backend: on_song_start
[08:46:34] [info] gameloop: entered (curmap=11, running=1)
[08:46:34] [info] gameloop: iter 1 ticks=115656 mapno=-1
[08:46:34] [info] gameloop: iter 2 ticks=115725 mapno=-1
[08:46:34] [info] gameloop: iter 3 ticks=115786 mapno=-1
[08:46:35] [info] backdrop cache: thrashing-detect engaged (streak=4, route=direct)
[08:46:35] [info] flip-probe: flip #2790 ok=true present=4ms inter_flip_ms=35 drawcalls-since-flip=114 drawcalls-total=181825 fail-total=0 null-skips-total=0
[08:46:35] [info] flip-probe: flip #2800 ok=true present=4ms inter_flip_ms=35 drawcalls-since-flip=41 drawcalls-total=182236 fail-total=0 null-skips-total=0
[08:46:35] [info] alpha audit block 0: 8224 total drawcalls, 0 with alpha<255 (block pct_x10=0; global 0/168010 pct_x10=0); alpha-mod skipped: block=0 global=0
[08:46:35] [info] fastpath audit block 0: taken=8224 (idx8=8224) skipped=0 pct_x10=1000; global taken=168010 (idx8=168010) skipped=0 pct_x10=1000
[08:46:35] [info] primitive tally block 0: clear=202(hr=202) fill=0(hr=0) rect=0(hr=0) line=0(hr=0) tint=0 spotlight=0 (over 100 flips ending at flip 2800)
[08:46:35] [info] color/alpha audit block 0: cmod_white=260 cmod_black=260 (idx=260) cmod_general=0 (idx=0) cmod_fb=0; alpha_taken=0 alpha_skipped=0 (global cmod=12722/11180/693/0 idx=11180/693 alpha=0/0)
[08:46:35] [info] phase timing block 0: drawcalls=8954 dc_total_ms=802 flip_inner_total_ms=557 inter_flip_total_ms=3677 (per-flip avg x10: dc_ms=80 fi_ms=55 if_ms=367 derived audio+engine_ms=232; per-drawcall avg us_x10=895) [direct-vesa: presents=100 total_ms=404 avg_ms_x10=40 failed=0] [ablation: NO_DC_TIMING=0 CACHE_WINSURF=0 DIRECT_VESA=1]
[08:46:35] [info] kbd/audio block 0: kbd_irq=0 kbd_drain=0 ring_chunks=16 pump_pass=4653 pic1_mask=0xb8 first_irq_ticks=0 install_ticks=0 vector_at_install=0x00839fa0 pic1_mask_live=0x38 kbd_8042_stat=0x34 bios_kbd_head=0x002e bios_kbd_tail=0x002e bios_kbd_buf0=0x2e63
[08:46:35] [info] dirty-rect block @flip=2800: total_calls=0 dirty_rects_avg=1 dirty_pct_x10=1000 forced_full=0 first_n_force=0 threshold_exceeded=0 dirty_path_taken=0 full_flush_taken=0
[08:46:35] [info] prev-frame-diff block @flip=2800: diff_calls=0 diff_rects_avg=0 diff_dirty_pct_x10=0 bbox_pct_x10=0 bbox_thresh_exceeded=0
[08:46:35] [info] flip-probe: flip #2810 ok=true present=4ms inter_flip_ms=33 drawcalls-since-flip=43 drawcalls-total=182656 fail-total=0 null-skips-total=0
[08:46:36] [info] flip-probe: flip #2820 ok=true present=4ms inter_flip_ms=32 drawcalls-since-flip=44 drawcalls-total=183093 fail-total=0 null-skips-total=0
[08:46:36] [info] flip-probe: flip #2830 ok=true present=4ms inter_flip_ms=34 drawcalls-since-flip=44 drawcalls-total=183533 fail-total=0 null-skips-total=0
[08:46:36] [info] flip-probe: flip #2840 ok=true present=4ms inter_flip_ms=35 drawcalls-since-flip=47 drawcalls-total=183997 fail-total=0 null-skips-total=0
[08:46:37] [info] backdrop cache: thrashing-detect engaged (streak=64, route=direct)
[08:46:37] [info] flip-probe: flip #2850 ok=true present=4ms inter_flip_ms=34 drawcalls-since-flip=44 drawcalls-total=184461 fail-total=0 null-skips-total=0
[08:46:37] [info] flip-probe: flip #2860 ok=true present=4ms inter_flip_ms=33 drawcalls-since-flip=43 drawcalls-total=184892 fail-total=0 null-skips-total=0
[08:46:37] [info] flip-probe: flip #2870 ok=true present=4ms inter_flip_ms=31 drawcalls-since-flip=43 drawcalls-total=185322 fail-total=0 null-skips-total=0
[08:46:38] [info] flip-probe: flip #2880 ok=true present=4ms inter_flip_ms=33 drawcalls-since-flip=47 drawcalls-total=185774 fail-total=0 null-skips-total=0
[08:46:38] [info] flip-probe: flip #2890 ok=true present=4ms inter_flip_ms=33 drawcalls-since-flip=45 drawcalls-total=186230 fail-total=0 null-skips-total=0
[08:46:38] [info] flip-probe: flip #2900 ok=true present=4ms inter_flip_ms=36 drawcalls-since-flip=45 drawcalls-total=186680 fail-total=0 null-skips-total=0
[08:46:38] [info] alpha audit block 0: 3044 total drawcalls, 0 with alpha<255 (block pct_x10=0; global 0/171054 pct_x10=0); alpha-mod skipped: block=0 global=0
[08:46:38] [info] fastpath audit block 0: taken=3044 (idx8=3044) skipped=0 pct_x10=1000; global taken=171054 (idx8=171054) skipped=0 pct_x10=1000
[08:46:38] [info] primitive tally block 0: clear=200(hr=200) fill=0(hr=0) rect=0(hr=0) line=0(hr=0) tint=0 spotlight=0 (over 100 flips ending at flip 2900)
[08:46:38] [info] color/alpha audit block 0: cmod_white=1300 cmod_black=1300 (idx=1300) cmod_general=0 (idx=0) cmod_fb=0; alpha_taken=0 alpha_skipped=0 (global cmod=14022/12480/693/0 idx=12480/693 alpha=0/0)
[08:46:38] [info] phase timing block 0: drawcalls=5844 dc_total_ms=611 flip_inner_total_ms=553 inter_flip_total_ms=3434 (per-flip avg x10: dc_ms=61 fi_ms=55 if_ms=343 derived audio+engine_ms=227; per-drawcall avg us_x10=1046) [direct-vesa: presents=100 total_ms=405 avg_ms_x10=40 failed=0] [ablation: NO_DC_TIMING=0 CACHE_WINSURF=0 DIRECT_VESA=1]
[08:46:38] [info] kbd/audio block 0: kbd_irq=0 kbd_drain=0 ring_chunks=16 pump_pass=4825 pic1_mask=0xb8 first_irq_ticks=0 install_ticks=0 vector_at_install=0x00839fa0 pic1_mask_live=0x38 kbd_8042_stat=0x34 bios_kbd_head=0x002e bios_kbd_tail=0x002e bios_kbd_buf0=0x2e63
[08:46:39] [info] dirty-rect block @flip=2900: total_calls=0 dirty_rects_avg=1 dirty_pct_x10=1000 forced_full=0 first_n_force=0 threshold_exceeded=0 dirty_path_taken=0 full_flush_taken=0
[08:46:39] [info] prev-frame-diff block @flip=2900: diff_calls=0 diff_rects_avg=0 diff_dirty_pct_x10=0 bbox_pct_x10=0 bbox_thresh_exceeded=0
[08:46:39] [info] backdrop cache: thrashing-detect engaged (streak=124, route=direct)
[08:46:39] [info] flip-probe: flip #2910 ok=true present=4ms inter_flip_ms=34 drawcalls-since-flip=19 drawcalls-total=186870 fail-total=0 null-skips-total=0
[08:46:39] [info] flip-probe: flip #2920 ok=true present=4ms inter_flip_ms=32 drawcalls-since-flip=20 drawcalls-total=187067 fail-total=0 null-skips-total=0
[08:46:40] [info] flip-probe: flip #2930 ok=true present=5ms inter_flip_ms=30 drawcalls-since-flip=20 drawcalls-total=187274 fail-total=0 null-skips-total=0
[08:46:40] [info] backdrop cache: thrashing-detect engaged (streak=4, route=direct)
[08:46:40] [info] flip-probe: flip #2940 ok=true present=4ms inter_flip_ms=34 drawcalls-since-flip=18 drawcalls-total=187466 fail-total=0 null-skips-total=0
[08:46:40] [info] flip-probe: flip #2950 ok=true present=5ms inter_flip_ms=34 drawcalls-since-flip=18 drawcalls-total=187646 fail-total=0 null-skips-total=0
[08:46:41] [info] flip-probe: flip #2960 ok=true present=5ms inter_flip_ms=32 drawcalls-since-flip=19 drawcalls-total=187827 fail-total=0 null-skips-total=0
[08:46:41] [info] flip-probe: flip #2970 ok=true present=4ms inter_flip_ms=41 drawcalls-since-flip=19 drawcalls-total=188017 fail-total=0 null-skips-total=0
[08:46:41] [info] backdrop cache: thrashing-detect engaged (streak=4, route=direct)
[08:46:41] [info] flip-probe: flip #2980 ok=true present=4ms inter_flip_ms=32 drawcalls-since-flip=20 drawcalls-total=188217 fail-total=0 null-skips-total=0
[08:46:42] [info] flip-probe: flip #2990 ok=true present=5ms inter_flip_ms=32 drawcalls-since-flip=21 drawcalls-total=188427 fail-total=0 null-skips-total=0
[08:46:42] [info] flip-probe: flip #3000 ok=true present=4ms inter_flip_ms=38 drawcalls-since-flip=20 drawcalls-total=188627 fail-total=0 null-skips-total=0
[08:46:42] [info] alpha audit block 0: 1847 total drawcalls, 0 with alpha<255 (block pct_x10=0; global 0/172901 pct_x10=0); alpha-mod skipped: block=0 global=0
[08:46:42] [info] fastpath audit block 0: taken=1847 (idx8=1847) skipped=0 pct_x10=1000; global taken=172901 (idx8=172901) skipped=0 pct_x10=1000
[08:46:42] [info] primitive tally block 0: clear=200(hr=200) fill=0(hr=0) rect=0(hr=0) line=0(hr=0) tint=0 spotlight=0 (over 100 flips ending at flip 3000)
[08:46:42] [info] phase timing block 0: drawcalls=2060 dc_total_ms=561 flip_inner_total_ms=774 inter_flip_total_ms=3446 (per-flip avg x10: dc_ms=56 fi_ms=77 if_ms=344 derived audio+engine_ms=211; per-drawcall avg us_x10=2723) [direct-vesa: presents=100 total_ms=404 avg_ms_x10=40 failed=0] [ablation: NO_DC_TIMING=0 CACHE_WINSURF=0 DIRECT_VESA=1]
[08:46:42] [info] kbd/audio block 0: kbd_irq=0 kbd_drain=0 ring_chunks=16 pump_pass=4997 pic1_mask=0xb8 first_irq_ticks=0 install_ticks=0 vector_at_install=0x00839fa0 pic1_mask_live=0x38 kbd_8042_stat=0x34 bios_kbd_head=0x002e bios_kbd_tail=0x002e bios_kbd_buf0=0x2e63
[08:46:42] [info] dirty-rect block @flip=3000: total_calls=0 dirty_rects_avg=1 dirty_pct_x10=1000 forced_full=0 first_n_force=0 threshold_exceeded=0 dirty_path_taken=0 full_flush_taken=0
[08:46:42] [info] prev-frame-diff block @flip=3000: diff_calls=0 diff_rects_avg=0 diff_dirty_pct_x10=0 bbox_pct_x10=0 bbox_thresh_exceeded=0
[08:46:42] [info] tas: stall frame 293 ms -> contributing 1 tick (patch 0286)
[08:46:42] [info] flip-probe: flip #3010 ok=true present=4ms inter_flip_ms=32 drawcalls-since-flip=19 drawcalls-total=188817 fail-total=0 null-skips-total=0
[08:46:43] [info] flip-probe: flip #3020 ok=true present=4ms inter_flip_ms=33 drawcalls-since-flip=19 drawcalls-total=189007 fail-total=0 null-skips-total=0
[08:46:43] [info] flip-probe: flip #3030 ok=true present=4ms inter_flip_ms=30 drawcalls-since-flip=19 drawcalls-total=189197 fail-total=0 null-skips-total=0
[08:46:43] [info] backdrop cache: thrashing-detect engaged (streak=64, route=direct)
[08:46:43] [info] flip-probe: flip #3040 ok=true present=4ms inter_flip_ms=33 drawcalls-since-flip=19 drawcalls-total=189387 fail-total=0 null-skips-total=0
[08:46:44] [info] flip-probe: flip #3050 ok=true present=4ms inter_flip_ms=33 drawcalls-since-flip=19 drawcalls-total=189577 fail-total=0 null-skips-total=0
[08:46:44] [info] flip-probe: flip #3060 ok=true present=4ms inter_flip_ms=32 drawcalls-since-flip=19 drawcalls-total=189767 fail-total=0 null-skips-total=0
[08:46:44] [info] flip-probe: flip #3070 ok=true present=4ms inter_flip_ms=34 drawcalls-since-flip=60 drawcalls-total=190080 fail-total=0 null-skips-total=0
[08:46:45] [info] flip-probe: flip #3080 ok=true present=4ms inter_flip_ms=33 drawcalls-since-flip=60 drawcalls-total=190680 fail-total=0 null-skips-total=0
[08:46:45] [info] flip-probe: flip #3090 ok=true present=4ms inter_flip_ms=34 drawcalls-since-flip=60 drawcalls-total=191280 fail-total=0 null-skips-total=0
[08:46:45] [info] backdrop cache: thrashing-detect engaged (streak=124, route=direct)
[08:46:45] [info] flip-probe: flip #3100 ok=true present=4ms inter_flip_ms=34 drawcalls-since-flip=60 drawcalls-total=191880 fail-total=0 null-skips-total=0
[08:46:45] [info] alpha audit block 0: 3153 total drawcalls, 0 with alpha<255 (block pct_x10=0; global 0/176054 pct_x10=0); alpha-mod skipped: block=0 global=0
[08:46:45] [info] fastpath audit block 0: taken=3153 (idx8=3153) skipped=0 pct_x10=1000; global taken=176054 (idx8=176054) skipped=0 pct_x10=1000
[08:46:45] [info] primitive tally block 0: clear=200(hr=200) fill=0(hr=0) rect=0(hr=0) line=0(hr=0) tint=33 spotlight=0 (over 100 flips ending at flip 3100)
[08:46:45] [info] color/alpha audit block 0: cmod_white=726 cmod_black=0 (idx=0) cmod_general=0 (idx=0) cmod_fb=0; alpha_taken=0 alpha_skipped=0 (global cmod=14748/12480/693/0 idx=12480/693 alpha=0/0)
[08:46:45] [info] phase timing block 0: drawcalls=4112 dc_total_ms=594 flip_inner_total_ms=549 inter_flip_total_ms=3571 (per-flip avg x10: dc_ms=59 fi_ms=54 if_ms=357 derived audio+engine_ms=244; per-drawcall avg us_x10=1446) [direct-vesa: presents=100 total_ms=404 avg_ms_x10=40 failed=0] [ablation: NO_DC_TIMING=0 CACHE_WINSURF=0 DIRECT_VESA=1]
[08:46:45] [info] kbd/audio block 0: kbd_irq=0 kbd_drain=0 ring_chunks=16 pump_pass=5139 pic1_mask=0xb8 first_irq_ticks=0 install_ticks=0 vector_at_install=0x00839fa0 pic1_mask_live=0x38 kbd_8042_stat=0x34 bios_kbd_head=0x002e bios_kbd_tail=0x002e bios_kbd_buf0=0x2e63
[08:46:45] [info] dirty-rect block @flip=3100: total_calls=0 dirty_rects_avg=1 dirty_pct_x10=1000 forced_full=0 first_n_force=0 threshold_exceeded=0 dirty_path_taken=0 full_flush_taken=0
[08:46:45] [info] prev-frame-diff block @flip=3100: diff_calls=0 diff_rects_avg=0 diff_dirty_pct_x10=0 bbox_pct_x10=0 bbox_thresh_exceeded=0
[08:46:46] [info] tas: end-of-replay auto-exit at tick 5140 (recording exhausted; set DOSKUTSU_TAS_REPLAY_HOLD=1 to disable + observe steady-state past recording end)
[08:46:46] [info] Script engine shutdown.
[08:46:46] [info] opl3 backend: on_song_stop
[08:46:46] [info] opl3 backend: cleared reg 0xBD chip-wide latch (wub-wub mitigation per flush-instr WAVE-46 H6)
[08:46:46] [info] opl3 backend shutdown (all 18 voices KEY-OFF unconditionally; OPL2 mode restored; chip state safe for next process)
[08:46:46] [info] Sound system shutdown
[08:46:46] [info] Renderer::Close()
[08:46:46] [info] tas: replay file closed
[08:46:46] [info] [fps-true] flips=3101 render_s=124 fps_mean=25.0 (clock-independent: flips / seconds since the FIRST flip; use THIS for the fps matrix, not inter_flip medians, which are invalid in any cell running the PIT/IRQ-0 music pump)
[RUNMANIFEST-BEGIN]
schema_version=1
environment=realhw
binary_sha12=f8d446b4b0e0
wave_tag=GC4C
scene=
env_block_sha=8f33cd852648
started_utc=2026-08-11T08:44:28Z
duration_s=138
exit_code=0
fps_p50=NA
fps_p95=NA
audio_vital_status=NA
regime=NA
banner_required_hit=0
banner_required_total=0
banner_forbidden_hit=0
banner_optional_hit=0
critical_count=0
warn_count=0
[RUNMANIFEST-END]
[08:46:46] [info] [runmanifest-emit] schema=v1 env=realhw sha12=f8d446b4b0e0 dur=138s tag='GC4C' scene='' env_sha=8f33cd852648 (signals=0x4)
