Logger::init: wave-53 log level=INFO path='LOGS/5XH2.LOG'
[09:04:52] [info] config: loaded DOSKUTSU.CFG (4 keys)
[09:04:52] [info] [cpu-witness] vendor=GenuineIntel cpuid=1 family=4 model=3 stepping=5 mhz_est=49 fpu=1 class=486_slow (boot-time attestation of the running CPU; MHZ_486_LOOP_DIV=16400 mirrors SETUP)
[09:04:52] [info] tas: PRNG seed forced to 12345 via DOSKUTSU_TAS_PRNG_SEED
[09:04:52] [info] tas: auto-exit armed at tick 30000 via DOSKUTSU_TAS_AUTO_EXIT_TICK
[09:04:52] [info] tas: replay opened path='QA.TAS' header_seed=12345
[09:04:53] [info] data cache: DISABLED (default)
[09:04:53] [info] Joystick: skipped (default; set DOSKUTSU_USE_JOYSTICK=1 to enable -- skips SDL3-DOS gameport BIOS INT 15h polling, ~82 ms / flip on real HW)
[09:04:53] [info] Loading settings...
[09:04:53] [info] [input-bind] applied=0 invert_y=0 dos_axes=1
[09:04:53] [info] Renderer::initVideo: 8bpp mode requested via SDL_HINT_DOS_MAX_BPP=8 (wave 16); SDL3-DOS will pick the highest-bpp <= 8 mode at requested resolution
[09:04:53] [info] Renderer::initVideo: DOS resolution-label lock ENABLED (default)
[09:04:53] [info] center-oversized: not needed (surface matches the logical screen) surface=320x240 logical=320x240 offset=0,0
[09:04:53] [info] Renderer::initVideo: using: software renderer
[09:04:57] [info] Renderer::initVideo: dirty-rect tracking ENABLED (wave 15, default ON; set SDL_HINT_DOSKUTSU_DIRTY_RECTS=0 to disable)
[09:04:57] [info] Renderer::initVideo: ablation flags: NO_DC_TIMING=0 CACHE_WINSURF=0 NO_INPUT_POLL=0 DIRECT_VESA=1
[09:04:57] [info] Renderer::initVideo: direct-VESA hot path ENABLED (default since wave 20 patch 0088; bypasses SDL_RenderPresent / SDL_UpdateWindowSurface and writes via SDL/0034's PresentFull helper; R2 mitigation handled by SDL/0034 generation counter -- no per-N-flip heartbeat needed; set SDL_HINT_DOSKUTSU_DIRECT_VESA=0 to revert)
[09:04:57] [info] Renderer::initVideo: flip-phase instrumentation DISABLED (default; set SDL_HINT_DOSKUTSU_FLIP_INSTR=1 to opt in for wave-20 Lever A diagnostic)
[09:04:57] [info] Renderer::initVideo: asm opaque-span blit lever DISABLED (default; set SDL_HINT_DOSKUTSU_ASM_BLIT=1 to opt in -- wave-51 _blit_indexed colorkey-blit lever)
[09:04:57] [info] Renderer::initVideo: blit-decomp instrumentation DISABLED (default; set SDL_HINT_DOSKUTSU_BLIT_DECOMP=1 to opt in -- wave-51 _blit_indexed sub-decomp sizing)
[09:04:57] [info] Renderer::initVideo: mds-scroll-decomp instrumentation DISABLED (default; set SDL_HINT_DOSKUTSU_MDS_DECOMP=1 to opt in -- wave-52 mode_draw_scene scrolling-block decomp)
[09:04:57] [info] Renderer::initVideo: DOSVESA pump yield: skipped (default) (per-flip explicit SDL_Delay(0) yield is always on; set SDL_HINT_DOSKUTSU_FORCE_PUMP_YIELD=1 to restore old per-pump yield)
[09:04:57] [info] Renderer::initVideo: indexed-mode (8bpp) ENABLED -- master palette + 107 per-asset remap LUTs loaded (wave 16, default ON; set SDL_HINT_DOSKUTSU_PIXEL_FORMAT_8=0 to disable)
[09:04:57] [info] Renderer::initVideo: master palette attached to window surface (format=SDL_PIXELFORMAT_INDEX8, ncolors=256)
[09:04:57] [info] Renderer::initVideo: indexed-mode smoke: idx0=(0,0,0) OK idx255=(255,0,255) OK
[09:04:57] [info] Renderer::initVideo: indexed-mode smoke: paletteRemapFor('MyChar.pbm') = present
[09:04:57] [info] Surface::loadImage palmap-diag #1: 'data/Loading.pbm' fmt=SDL_PIXELFORMAT_ABGR8888 remap=HIT -> path=truecolor
[09:04:57] [info] Renderer: prev-frame diff DISABLED (default since wave 17.6; set SDL_HINT_DOSKUTSU_PREVFRAME_DIFF=1 to opt in)
[09:04:57] [info] flip-probe: renderer=software window_ptr=8826752 colorspace=301991328 window_size=320x240 framebuffer_pixels=320x240 logical_present=320x240 mode=2
[09:04:57] [info] flip-probe: first flip ok=true present=56ms inter_flip_ms=0 drawcalls-since-flip=1 drawcalls-total=1
[09:04:57] [info] Sound system init
[09:04:58] [info] Sound system: 4-state audio enable (#31) -- music=on sfx=on (MUSIC_OFF/AUDIO_BACKEND=none -> music-off; SFX_OFF/SFX_DEVICE=none -> sfx-off; both gates are dispatch-level, the device still opens; AUDIO_OFF=1 is the device-level both-off).
[09:04:58] [info] Sound system: Tier-1 audio config (22050 Hz, 2 channels) via SDL_HINT_DOSKUTSU_AUDIO_TIER2=0 killswitch -- reverts to wave-17.6-baseline 22050 stereo, the original Cave Story 2004 spec. Trades the wave-21 Tier-2 fps gain (~+11 fps in heavy-music scenes on Pentium OverDrive 83 MHz) for full audio fidelity. Unset the env var to go back to Tier-2 default.
[09:04:58] [info] [org-hq] stereo prerender rate=22050 ch=2 (HQ Organya tier ACTIVE; opt-in via SDL_HINT_DOSKUTSU_AUDIO_TIER2=0; cache CACHE\22050_2\; real fps cost on 486-class HW).
[09:04:58] [info] Sound system: SDL_HINT_AUDIO_DEVICE_SAMPLE_FRAMES=(default -- SDL3 picks 512 at 22050 Hz)
[09:04:58] [info] Pixtone IRQ rate-divider: handed master_rate=44100 int16/s (SAMPLE_RATE=22050 x AUDIO_CHANNELS=2) to SDL for auto-RATEDIV (SDL/0074 computes shift_div from the resolved device freq).
[09:04:58] [info] Sound system: device frame-rate: requesting 22050 Hz match to master (SDL_DOSAudioSetDeviceFrameRate; SB16 opens at the engine frame rate instead of SDL's 44100 floor -- 4x less PCM/s + no resampler on the Organya/Pixtone path; killswitch SDL_HINT_DOSKUTSU_DOS_AUDIO_DEVICE_RATE_DEFAULT=0).
[09:04:58] [info] audio backend: organya (forced; Phase 10 baseline)
[09:04:58] [info] wave-13.6.1: ring_chunks=16 FORCE_PUMP_YIELD=off (set SDL_HINT_DOSKUTSU_AUDIO_RING_CHUNKS=4|8|16 to override; default 16 matches wave 13.6 behaviour)
[09:04:58] [info] MidiScheduler: MIDI source = 'orgmid2' (native-GM org2mid set; resolves to data/orgmid2/<name>.mid).
[09:04:58] [info] Sound system: idle-pause skipped (backend=organya does not qualify; only opl3 supports idle-pause per patch 0115; default OFF since patch 0119 regardless of backend).
[09:04:58] [warn] Music dir Ogg/ doesn't exist
[09:04:58] [warn] Music dir Ogg11/ doesn't exist
[09:04:58] [warn] Music dir Ogg17/ doesn't exist
[09:04:58] [warn] Music dir Ogg_ridic/ doesn't exist
[09:04:58] [info] Loading Sound FX...
[09:04:59] [info] [pxt-cache] init(): HIT (loaded cache; render skipped)
[09:05:03] [error] Lever 3 (Pixtone IRQ-mix; default ON since v1.0.1, or SDL_HINT_DOSKUTSU_PIXTONE_IRQ_MIX=1) is incompatible with SDL_HINT_DOSKUTSU_AUDIO_BACKEND=organya. L3 + ORGANYA IS KNOWN-INCOMPATIBLE (PLAY2 hang root-cause owned by v1.0.2 deep-campaign; v1.0.1 ships defensive interlock per flush-instr #135 three-front response). L3 forced OFF (hang prevention); SFX continue through SDL3_mixer path; music continues through Organya. To engage L3 cleanly set SDL_HINT_DOSKUTSU_AUDIO_BACKEND to opl3 / wb / midi-stub, or set SDL_HINT_DOSKUTSU_PIXTONE_IRQ_MIX=0 to silence this and keep Organya.
[09:05:03] [info] Organya init...
[09:05:05] [info] Organya init done
[09:05:48] [info] gus SFX gain [nx0259]: 70% (SDL_HINT_DOSKUTSU_GUS_SFX_GAIN; scales the GF1 SFX voice volume to balance against velocity/CC-scaled GUS music; default 70, clamp 0..150).
[09:05:48] [info] midi ISR tick: engine registered tick_isr callback (L2b active; default ON; set SDL_HINT_DOSKUTSU_MIDI_ISR_TICK=0 to disable)
[09:05:48] [info] organya auto-precache: ENABLED (default) (first-launch precache + in-game cold-render progress overlay; set SDL_HINT_DOSKUTSU_ORG_AUTOCACHE=0 to disable -> v1.1.0 black-screen cold-render)
[09:05:48] [info] organya auto-precache: cache complete (sentinel present) -- skipping batch; in-game overlay armed for any stray cache miss.
[09:05:48] [info] menu slide-in fixed-timestep: ENABLED (default; slide advances at 50 Hz logic rate)
[09:05:48] [info] Reading npc.tbl...
[09:05:48] [info] Loading tilekey.dat.
[09:05:48] [info] Script engine init.
[09:05:49] [info] Entering main loop...
[09:05:49] [info] audio mid-gap pump: DISABLED (default)
[09:05:49] [info] TAS fixed-timestep guard: ENABLED (default) (patch 0280; load_stage wall-clock kept out of the FT accumulator so TAS replay advances at a true 50 Hz; set SDL_HINT_DOSKUTSU_TAS_FT_GUARD=0 to disable)
[09:05:49] [info] load_stage ring+DMA silence flush: ENABLED (default) (set SDL_HINT_DOSKUTSU_LOADSTAGE_SILENCE=0 to disable)
[09:05:49] [info] load-band audio-underrun probe: DISABLED (default) (opt-in SDL_HINT_DOSKUTSU_LOADBAND_STAT=1)
[09:05:49] [info]  >> Entering stage 72: 'u'.
[09:05:49] [info] skip sheet flush: ENABLED (default) (SFXPAUSE-012 SHIPPED FIX; sprite sheets stay resident across caves so no per-cave re-decode -> no fire-frame pause; map_flush_graphics tilemap cache still flushes; set SDL_HINT_DOSKUTSU_SKIP_SHEET_FLUSH=0 to restore the old per-cave flush)
[09:05:49] [info] [skip-sheet-flush] cave=1
[09:05:49] [info] eager action sheets: ENABLED (default) (first-fire hitch fix: pre-loads the weapon bullet + hit/muzzle/trail caret sheets at stage load so the first fire/impact does not lazy-decode mid-gameplay; set SDL_HINT_DOSKUTSU_EAGER_ACTION_SHEETS=0 to restore lazy load)
[09:05:49] [info] Surface::loadImage palmap-diag #2: 'data/Bullet.pbm' fmt=SDL_PIXELFORMAT_ABGR8888 remap=HIT -> path=truecolor
[09:05:49] [info] Surface::loadImage palmap-diag #3: 'data/Arms.pbm' fmt=SDL_PIXELFORMAT_ABGR8888 remap=HIT -> path=truecolor
[09:05:50] [info] Surface::loadImage palmap-diag #4: 'data/Caret.pbm' fmt=SDL_PIXELFORMAT_ABGR8888 remap=HIT -> path=truecolor
[09:05:50] [info] Surface::loadImage palmap-diag #5: 'data/Npc/NpcSym.pbm' fmt=SDL_PIXELFORMAT_ABGR8888 remap=HIT -> path=truecolor
[09:05:50] [info] [eager-action-sheets] cave=1 sheets=4 wall_ms=1612
[09:05:51] [info] Surface::loadImage palmap-diag #6: 'data/Stage/PrtWhite.pbm' fmt=SDL_PIXELFORMAT_ABGR8888 remap=HIT -> path=truecolor
[09:05:51] [info] load_stage: entry-music preload ENABLED (default) (set SDL_HINT_DOSKUTSU_PRELOAD_STAGE_MUSIC=0 to disable)
[09:05:51] [info] Surface::loadImage palmap-diag #7: 'data/bk0.pbm' fmt=SDL_PIXELFORMAT_ABGR8888 remap=HIT -> path=truecolor
[09:05:51] [info] gameloop: entered (curmap=72, running=1)
[09:05:51] [info] gameloop: iter 1 ticks=59534 mapno=-1
[09:05:51] [info] fixed-timestep: ENABLED (default; logic 50 Hz, decoupled from render)
[09:05:51] [info] map: BG skip-when-unchanged DISABLED (default) (set SDL_HINT_DOSKUTSU_BG_SKIP_WHEN_UNCHANGED=1 to enable; default OFF since wave-61 -- abandoned, it shipped a backdrop-black flicker and its +0.87 fps was below the noise floor)
[09:05:51] [info] map: skip-redundant-clear lever ENABLED (default since wave-53 promotion)
[09:05:51] [info] perf-mode: level=0 (faithful (default))
[09:05:52] [info] Surface::loadImage palmap-diag #8: 'data/Npc/NpcKings.pbm' fmt=SDL_PIXELFORMAT_ABGR8888 remap=HIT -> path=truecolor
[09:05:52] [info] audio tick-boundary pump: DISABLED (default)
[09:05:52] [info] gameloop: iter 2 ticks=60059 mapno=-1
[09:05:52] [info] gameloop: iter 3 ticks=60133 mapno=-1
[09:05:52] [info] direct-vesa: snapshot @gen=2 use_dosmemput=0 banked_multibank=0 pitches_match=1 vram_w=320 vram_h=240 vram_pitch=320 bpp=1 fb_size=76800 vram_phys=0x78000000 vram_ptr=0x77c00000
[09:05:52] [info] flip-probe: flip #10 ok=true present=4ms inter_flip_ms=43 drawcalls-since-flip=6 drawcalls-total=43 fail-total=0 null-skips-total=0
[09:05:53] [info] flip-probe: flip #20 ok=true present=4ms inter_flip_ms=42 drawcalls-since-flip=4 drawcalls-total=92 fail-total=0 null-skips-total=0
[09:05:54] [info] flip-probe: flip #30 ok=true present=5ms inter_flip_ms=91 drawcalls-since-flip=326 drawcalls-total=2707 fail-total=0 null-skips-total=0
[09:05:55] [info] flip-probe: flip #40 ok=true present=5ms inter_flip_ms=83 drawcalls-since-flip=264 drawcalls-total=5837 fail-total=0 null-skips-total=0
[09:05:55] [info] flip-probe: flip #50 ok=true present=5ms inter_flip_ms=50 drawcalls-since-flip=67 drawcalls-total=7392 fail-total=0 null-skips-total=0
[09:05:56] [info] flip-probe: flip #60 ok=true present=4ms inter_flip_ms=40 drawcalls-since-flip=4 drawcalls-total=7502 fail-total=0 null-skips-total=0
[09:05:56] [info] flip-probe: flip #70 ok=true present=4ms inter_flip_ms=40 drawcalls-since-flip=6 drawcalls-total=7557 fail-total=0 null-skips-total=0
[09:05:57] [info] flip-probe: flip #80 ok=true present=4ms inter_flip_ms=20 drawcalls-since-flip=0 drawcalls-total=7586 fail-total=0 null-skips-total=0
[09:05:57] [info] flip-probe: flip #90 ok=true present=4ms inter_flip_ms=19 drawcalls-since-flip=0 drawcalls-total=7586 fail-total=0 null-skips-total=0
[09:05:57] [info] title: eager-title-IO phase tag ENABLED (default) (set SDL_HINT_DOSKUTSU_EAGER_TITLE_IO=0 to disable)
[09:05:57] [info] [music-dispatch] tick=95 song=24 (prev 0)
[09:06:07] [info] Organya pre-render: cache HIT CURLY (11875968 bytes from CACHE; 2 ch; synth skipped).
[09:06:08] [info] audio pump-to-target: ENABLED (186 ms depth setpoint; amount-bounded depth-regulated ring refill per displayed frame; killswitch SDL_HINT_DOSKUTSU_ORG_PUMP_TARGET_MS=0).
[09:06:08] [info] pixtone multi-source probe: DISABLED (default)
[09:06:08] [info] gameloop: entered (curmap=1005, running=1)
[09:06:08] [info] gameloop: iter 1 ticks=76007 mapno=-1
[09:06:08] [info] map: backdrop cache ENABLED (default) (set SDL_HINT_DOSKUTSU_BACKDROP_CACHE=0 to disable)
[09:06:09] [info] gameloop: iter 2 ticks=77122 mapno=-1
[09:06:09] [info] gameloop: iter 3 ticks=77227 mapno=-1
[09:06:09] [info] backdrop cache: thrashing-detect engaged (streak=4, route=direct)
[09:06:09] [info] flip-probe: flip #100 ok=true present=5ms inter_flip_ms=98 drawcalls-since-flip=75 drawcalls-total=7886 fail-total=0 null-skips-total=0
[09:06:09] [info] alpha audit block 0: 7798 total drawcalls, 0 with alpha<255 (block pct_x10=0; global 0/7798 pct_x10=0); alpha-mod skipped: block=0 global=0
[09:06:09] [info] fastpath audit block 0: taken=7798 (idx8=7798) skipped=0 pct_x10=1000; global taken=7798 (idx8=7798) skipped=0 pct_x10=1000
[09:06:09] [info] primitive tally block 0: clear=220(hr=220) fill=0(hr=0) rect=0(hr=0) line=0(hr=0) tint=0 spotlight=0 (over 100 flips ending at flip 100)
[09:06:09] [info] color/alpha audit block 0: cmod_white=104 cmod_black=0 (idx=0) cmod_general=84 (idx=84) cmod_fb=0; alpha_taken=0 alpha_skipped=0 (global cmod=104/0/84/0 idx=0/84 alpha=0/0)
[09:06:09] [info] phase timing block 0: drawcalls=8209 dc_total_ms=1899 flip_inner_total_ms=944 inter_flip_total_ms=71881 (per-flip avg x10: dc_ms=189 fi_ms=94 if_ms=7188 derived audio+engine_ms=6905; per-drawcall avg us_x10=2314) [direct-vesa: presents=97 total_ms=406 avg_ms_x10=41 failed=0] [ablation: NO_DC_TIMING=0 CACHE_WINSURF=0 DIRECT_VESA=1]
[09:06:09] [info] kbd/audio block 0: kbd_irq=0 kbd_drain=0 ring_chunks=16 pump_pass=99 pic1_mask=0xb8 first_irq_ticks=0 install_ticks=0 vector_at_install=0x0083e410 pic1_mask_live=0x98 kbd_8042_stat=0x34 bios_kbd_head=0x0038 bios_kbd_tail=0x0038 bios_kbd_buf0=0x0e08
[09:06:09] [info] audio/engine split block 0: audio_mixer_calls=25 audio_mixer_ms_x10=11 engine_tick_calls=99 engine_tick_ms_x10=1651 audio_service_calls=0 audio_service_ms_x10=0 (per-flip avg; per-call us_x10: audio_mix=45980 engine_tick=1668312 audio_service=0; global ns: audio_mix=114951639 engine_tick=16516290919 audio_service=0)
[09:06:09] [info] dirty-rect block @flip=100: total_calls=0 dirty_rects_avg=0 dirty_pct_x10=990 forced_full=0 first_n_force=3 threshold_exceeded=2 dirty_path_taken=0 full_flush_taken=3
[09:06:09] [info] prev-frame-diff block @flip=100: diff_calls=0 diff_rects_avg=0 diff_dirty_pct_x10=0 bbox_pct_x10=0 bbox_thresh_exceeded=0
[09:06:10] [info] flip-probe: flip #110 ok=true present=5ms inter_flip_ms=69 drawcalls-since-flip=75 drawcalls-total=8636 fail-total=0 null-skips-total=0
[09:06:11] [info] flip-probe: flip #120 ok=true present=4ms inter_flip_ms=69 drawcalls-since-flip=75 drawcalls-total=9386 fail-total=0 null-skips-total=0
[09:06:12] [info] flip-probe: flip #130 ok=true present=5ms inter_flip_ms=26 drawcalls-since-flip=0 drawcalls-total=9986 fail-total=0 null-skips-total=0
[09:06:12] [info] Loading profile from profile.dat
[09:06:12] [error] profile_load: unable to open 'profile.dat'
[09:06:12] [info] Loading profile from profile2.dat
[09:06:12] [error] profile_load: unable to open 'profile2.dat'
[09:06:12] [info] Loading profile from profile3.dat
[09:06:12] [info] Loading profile from profile4.dat
[09:06:12] [error] profile_load: unable to open 'profile4.dat'
[09:06:12] [info] Loading profile from profile5.dat
[09:06:13] [info] flip-probe: flip #140 ok=true present=4ms inter_flip_ms=119 drawcalls-since-flip=210 drawcalls-total=10826 fail-total=0 null-skips-total=0
[09:06:14] [info] flip-probe: flip #150 ok=true present=4ms inter_flip_ms=119 drawcalls-since-flip=210 drawcalls-total=12926 fail-total=0 null-skips-total=0
[09:06:14] [info] Writing settings...
[09:06:15] [info] flip-probe: flip #160 ok=true present=4ms inter_flip_ms=40 drawcalls-since-flip=0 drawcalls-total=13774 fail-total=0 null-skips-total=0
[09:06:15] [info] flip-probe: flip #170 ok=true present=4ms inter_flip_ms=22 drawcalls-since-flip=0 drawcalls-total=13774 fail-total=0 null-skips-total=0
[09:06:15] [info] [music-dispatch] tick=175 song=0 (prev 24)
[09:06:15] [info] Loading profile from profile5.dat
[09:06:15] [info]  >> Entering stage 20: 'Save Point'.
[09:06:15] [info] [skip-sheet-flush] cave=2
[09:06:16] [info] [music-dispatch] tick=175 song=8 (prev 0)
[09:06:22] [info] Organya pre-render: cache HIT VIVI (6322176 bytes from CACHE; 2 ch; synth skipped).
[09:06:22] [info] gameloop: entered (curmap=20, running=1)
[09:06:22] [info] gameloop: iter 1 ticks=90066 mapno=-1
[09:06:22] [info] TAS stall discount: ENABLED (default) (patch 0286; a replay frame over 150 ms is a load, not slow rendering, so it contributes 1 tick instead of its wall-clock; set SDL_HINT_DOSKUTSU_TAS_STALL_DISCOUNT=0 to disable)
[09:06:22] [info] TAS accumulator clamp: DISABLED (default) (patch 0281; caps the FT accumulator delta at one tick during TAS so a stalled frame cannot race the replay index; set SDL_HINT_DOSKUTSU_TAS_FT_GUARD=0 to disable)
[09:06:22] [info] gameloop: iter 2 ticks=90180 mapno=-1
[09:06:22] [info] gameloop: iter 3 ticks=90289 mapno=-1
[09:06:22] [info] flip-probe: flip #180 ok=true present=4ms inter_flip_ms=101 drawcalls-since-flip=16 drawcalls-total=13896 fail-total=0 null-skips-total=0
[09:06:23] [info] flip-probe: flip #190 ok=true present=4ms inter_flip_ms=112 drawcalls-since-flip=16 drawcalls-total=14056 fail-total=0 null-skips-total=0
[09:06:24] [info] tas: stall frame 151 ms -> contributing 1 tick (patch 0286)
[09:06:24] [info] tas: stall frame 153 ms -> contributing 1 tick (patch 0286)
[09:06:25] [info] flip-probe: flip #200 ok=true present=4ms inter_flip_ms=153 drawcalls-since-flip=358 drawcalls-total=15740 fail-total=0 null-skips-total=0
[09:06:25] [info] alpha audit block 0: 7217 total drawcalls, 0 with alpha<255 (block pct_x10=0; global 0/15015 pct_x10=0); alpha-mod skipped: block=0 global=0
[09:06:25] [info] fastpath audit block 0: taken=7217 (idx8=7217) skipped=0 pct_x10=1000; global taken=15015 (idx8=15015) skipped=0 pct_x10=1000
[09:06:25] [info] primitive tally block 0: clear=201(hr=201) fill=0(hr=0) rect=0(hr=0) line=0(hr=0) tint=0 spotlight=0 (over 100 flips ending at flip 200)
[09:06:25] [info] color/alpha audit block 0: cmod_white=1402 cmod_black=0 (idx=0) cmod_general=609 (idx=609) cmod_fb=0; alpha_taken=0 alpha_skipped=0 (global cmod=1506/0/693/0 idx=0/693 alpha=0/0)
[09:06:25] [info] phase timing block 0: drawcalls=9429 dc_total_ms=1926 flip_inner_total_ms=1694 inter_flip_total_ms=15305 (per-flip avg x10: dc_ms=192 fi_ms=169 if_ms=1530 derived audio+engine_ms=1169; per-drawcall avg us_x10=2043) [direct-vesa: presents=100 total_ms=412 avg_ms_x10=41 failed=0] [ablation: NO_DC_TIMING=0 CACHE_WINSURF=0 DIRECT_VESA=1]
[09:06:25] [info] kbd/audio block 0: kbd_irq=0 kbd_drain=0 ring_chunks=16 pump_pass=282 pic1_mask=0xb8 first_irq_ticks=0 install_ticks=0 vector_at_install=0x0083e410 pic1_mask_live=0x98 kbd_8042_stat=0x34 bios_kbd_head=0x0038 bios_kbd_tail=0x0038 bios_kbd_buf0=0x0e08
[09:06:25] [info] audio/engine split block 0: audio_mixer_calls=355 audio_mixer_ms_x10=153 engine_tick_calls=76 engine_tick_ms_x10=250 audio_service_calls=0 audio_service_ms_x10=0 (per-flip avg; per-call us_x10: audio_mix=43220 engine_tick=330171 audio_service=0; global ns: audio_mix=1649289293 engine_tick=19025593781 audio_service=0)
[09:06:25] [info] dirty-rect block @flip=200: total_calls=0 dirty_rects_avg=1 dirty_pct_x10=1000 forced_full=0 first_n_force=0 threshold_exceeded=0 dirty_path_taken=0 full_flush_taken=0
[09:06:25] [info] prev-frame-diff block @flip=200: diff_calls=0 diff_rects_avg=0 diff_dirty_pct_x10=0 bbox_pct_x10=0 bbox_thresh_exceeded=0
[09:06:25] [info] tas: stall frame 241 ms -> contributing 1 tick (patch 0286)
[09:06:25] [info] tas: stall frame 153 ms -> contributing 1 tick (patch 0286)
[09:06:25] [info] tas: stall frame 152 ms -> contributing 1 tick (patch 0286)
[09:06:25] [info] tas: stall frame 154 ms -> contributing 1 tick (patch 0286)
[09:06:26] [info]  >> Entering stage 11: 'Mimiga Village'.
[09:06:26] [info] [skip-sheet-flush] cave=3
[09:06:26] [info] [load-stage] preloading entry music song=9 (cave=3)
[09:06:26] [info] [music-dispatch] tick=296 song=9 (prev 8)
[09:06:31] [info] Organya pre-render: cache HIT MURA (5927040 bytes from CACHE; 2 ch; synth skipped).
[09:06:32] [info] gameloop: entered (curmap=11, running=1)
[09:06:32] [info] gameloop: iter 1 ticks=99768 mapno=-1
[09:06:32] [info] map: mds_clear LUT ENABLED (default) (set SDL_HINT_DOSKUTSU_MDS_CLEAR_LUT=0 to disable; default ON; patch 0144 wave-49 bandwidth lever)
[09:06:32] [info] mds-clear-lut: rebuilt N=240 entries (k_skip=0% k_keep=100%; curmap=11 map_size=60x60; rebuild #1 since boot)
[09:06:32] [info] backdrop thrash full-cover ENABLED (default) (set SDL_HINT_DOSKUTSU_THRASH_FULLCOVER=0 to disable)
[09:06:32] [info] [bd-diag] backdrop render-path diag disabled (default) (set SDL_HINT_DOSKUTSU_BACKDROP_DIAG=1 to enable)
[09:06:32] [info] run_tick_fixed #300: heartbeat (loop alive)
[09:06:32] [info] gameloop: iter 2 ticks=100002 mapno=-1
[09:06:32] [info] tas: stall frame 232 ms -> contributing 1 tick (patch 0286)
[09:06:32] [info] gameloop: iter 3 ticks=100175 mapno=-1
[09:06:32] [info] tas: stall frame 172 ms -> contributing 1 tick (patch 0286)
[09:06:32] [info] tas: stall frame 166 ms -> contributing 1 tick (patch 0286)
[09:06:32] [info] flip-probe: flip #210 ok=true present=5ms inter_flip_ms=166 drawcalls-since-flip=385 drawcalls-total=19076 fail-total=0 null-skips-total=0
[09:06:32] [info] tas: stall frame 175 ms -> contributing 1 tick (patch 0286)
[09:06:33] [info] tas: stall frame 166 ms -> contributing 1 tick (patch 0286)
[09:06:33] [info] tas: stall frame 166 ms -> contributing 1 tick (patch 0286)
[09:06:33] [info] tas: stall frame 171 ms -> contributing 1 tick (patch 0286)
[09:06:33] [info] tas: stall frame 166 ms -> contributing 1 tick (patch 0286)
[09:06:33] [info] tas: stall frame 172 ms -> contributing 1 tick (patch 0286)
[09:06:33] [info] tas: stall frame 168 ms -> contributing 1 tick (patch 0286)
[09:06:34] [info] tas: stall frame 180 ms -> contributing 1 tick (patch 0286)
[09:06:34] [info] tas: stall frame 167 ms -> contributing 1 tick (patch 0286)
[09:06:34] [info] tas: stall frame 167 ms -> contributing 1 tick (patch 0286)
[09:06:34] [info] flip-probe: flip #220 ok=true present=4ms inter_flip_ms=175 drawcalls-since-flip=373 drawcalls-total=22910 fail-total=0 null-skips-total=0
[09:06:34] [info] tas: stall frame 184 ms -> contributing 1 tick (patch 0286)
[09:06:34] [info] tas: stall frame 165 ms -> contributing 1 tick (patch 0286)
[09:06:35] [info] tas: stall frame 156 ms -> contributing 1 tick (patch 0286)
[09:06:35] [info] backdrop cache: thrashing-detect engaged (streak=4, route=direct)
[09:06:35] [info] flip-probe: flip #230 ok=true present=4ms inter_flip_ms=131 drawcalls-since-flip=43 drawcalls-total=24222 fail-total=0 null-skips-total=0
[09:06:36] [info] tas: stall frame 165 ms -> contributing 1 tick (patch 0286)
[09:06:36] [info] tas: stall frame 150 ms -> contributing 1 tick (patch 0286)
[09:06:36] [info] backdrop cache: thrashing-detect engaged (streak=4, route=direct)
[09:06:36] [info] tas: stall frame 165 ms -> contributing 1 tick (patch 0286)
[09:06:37] [info] flip-probe: flip #240 ok=true present=4ms inter_flip_ms=86 drawcalls-since-flip=42 drawcalls-total=24669 fail-total=0 null-skips-total=0
[09:06:38] [info] flip-probe: flip #250 ok=true present=4ms inter_flip_ms=119 drawcalls-since-flip=42 drawcalls-total=25089 fail-total=0 null-skips-total=0
[09:06:39] [info] flip-probe: flip #260 ok=true present=4ms inter_flip_ms=125 drawcalls-since-flip=42 drawcalls-total=25509 fail-total=0 null-skips-total=0
[09:06:41] [info] flip-probe: flip #270 ok=true present=4ms inter_flip_ms=125 drawcalls-since-flip=43 drawcalls-total=25938 fail-total=0 null-skips-total=0
[09:06:41] [info] tas: stall frame 166 ms -> contributing 1 tick (patch 0286)
[09:06:41] [info] tas: stall frame 153 ms -> contributing 1 tick (patch 0286)
[09:06:41] [info] tas: stall frame 153 ms -> contributing 1 tick (patch 0286)
[09:06:42] [info] flip-probe: flip #280 ok=true present=4ms inter_flip_ms=124 drawcalls-since-flip=42 drawcalls-total=26374 fail-total=0 null-skips-total=0
[09:06:42] [info] run_tick_fixed #600: heartbeat (loop alive)
[09:06:42] [info] tas: stall frame 154 ms -> contributing 1 tick (patch 0286)
[09:06:43] [info] tas: stall frame 168 ms -> contributing 1 tick (patch 0286)
[09:06:43] [info] flip-probe: flip #290 ok=true present=4ms inter_flip_ms=142 drawcalls-since-flip=41 drawcalls-total=26800 fail-total=0 null-skips-total=0
[09:06:44] [info] backdrop cache: thrashing-detect engaged (streak=64, route=direct)
[09:06:45] [info] flip-probe: flip #300 ok=true present=4ms inter_flip_ms=127 drawcalls-since-flip=41 drawcalls-total=27217 fail-total=0 null-skips-total=0
[09:06:45] [info] alpha audit block 0: 10161 total drawcalls, 0 with alpha<255 (block pct_x10=0; global 0/25176 pct_x10=0); alpha-mod skipped: block=0 global=0
[09:06:45] [info] fastpath audit block 0: taken=10161 (idx8=10161) skipped=0 pct_x10=1000; global taken=25176 (idx8=25176) skipped=0 pct_x10=1000
[09:06:45] [info] primitive tally block 0: clear=201(hr=201) fill=0(hr=0) rect=0(hr=0) line=0(hr=0) tint=0 spotlight=0 (over 100 flips ending at flip 300)
[09:06:45] [info] color/alpha audit block 0: cmod_white=1222 cmod_black=1222 (idx=1222) cmod_general=0 (idx=0) cmod_fb=0; alpha_taken=0 alpha_skipped=0 (global cmod=2728/1222/693/0 idx=1222/693 alpha=0/0)
[09:06:45] [info] phase timing block 0: drawcalls=12829 dc_total_ms=2102 flip_inner_total_ms=1753 inter_flip_total_ms=19923 (per-flip avg x10: dc_ms=210 fi_ms=175 if_ms=1992 derived audio+engine_ms=1607; per-drawcall avg us_x10=1638) [direct-vesa: presents=100 total_ms=411 avg_ms_x10=41 failed=0] [ablation: NO_DC_TIMING=0 CACHE_WINSURF=0 DIRECT_VESA=1]
[09:06:45] [info] kbd/audio block 0: kbd_irq=0 kbd_drain=0 ring_chunks=16 pump_pass=675 pic1_mask=0xb8 first_irq_ticks=0 install_ticks=0 vector_at_install=0x0083e410 pic1_mask_live=0x98 kbd_8042_stat=0x34 bios_kbd_head=0x0038 bios_kbd_tail=0x0038 bios_kbd_buf0=0x0e08
[09:06:45] [info] [tile-speedup-stat n=100 drawtile_us=141.79 raw_blit_us=99.65 ratio=1.42]
[09:06:45] [info] audio/engine split block 0: audio_mixer_calls=456 audio_mixer_ms_x10=197 engine_tick_calls=0 engine_tick_ms_x10=0 audio_service_calls=0 audio_service_ms_x10=0 (per-flip avg; per-call us_x10: audio_mix=43295 engine_tick=0 audio_service=0; global ns: audio_mix=3623579837 engine_tick=19025593781 audio_service=0)
[09:06:45] [info] dirty-rect block @flip=300: total_calls=100 dirty_rects_avg=1 dirty_pct_x10=1000 forced_full=0 first_n_force=0 threshold_exceeded=0 dirty_path_taken=0 full_flush_taken=0
[09:06:45] [info] prev-frame-diff block @flip=300: diff_calls=0 diff_rects_avg=0 diff_dirty_pct_x10=0 bbox_pct_x10=0 bbox_thresh_exceeded=0
[09:06:45] [info] tas: stall frame 243 ms -> contributing 1 tick (patch 0286)
[09:06:46] [info] flip-probe: flip #310 ok=true present=4ms inter_flip_ms=146 drawcalls-since-flip=210 drawcalls-total=27983 fail-total=0 null-skips-total=0
[09:06:46] [info] tas: stall frame 153 ms -> contributing 1 tick (patch 0286)
[09:06:46] [info] tas: stall frame 155 ms -> contributing 1 tick (patch 0286)
[09:06:46] [info] tas: stall frame 165 ms -> contributing 1 tick (patch 0286)
[09:06:47] [info] tas: stall frame 165 ms -> contributing 1 tick (patch 0286)
[09:06:47] [info] tas: stall frame 162 ms -> contributing 1 tick (patch 0286)
[09:06:47] [info] tas: stall frame 165 ms -> contributing 1 tick (patch 0286)
[09:06:47] [info] tas: stall frame 163 ms -> contributing 1 tick (patch 0286)
[09:06:47] [info] tas: stall frame 161 ms -> contributing 1 tick (patch 0286)
[09:06:47] [info] tas: stall frame 162 ms -> contributing 1 tick (patch 0286)
[09:06:48] [info] flip-probe: flip #320 ok=true present=4ms inter_flip_ms=163 drawcalls-since-flip=345 drawcalls-total=31268 fail-total=0 null-skips-total=0
[09:06:48] [info] tas: stall frame 171 ms -> contributing 1 tick (patch 0286)
[09:06:48] [info] tas: stall frame 163 ms -> contributing 1 tick (patch 0286)
[09:06:48] [info]  >> Entering stage 17: 'Yamashita Farm'.
[09:06:48] [info] [skip-sheet-flush] cave=4
[09:06:49] [info] [load-stage] preloading entry music song=13 (cave=4)
[09:06:49] [info] [music-dispatch] tick=755 song=13 (prev 9)
[09:06:53] [info] Organya pre-render: cache HIT PLANT (4741632 bytes from CACHE; 2 ch; synth skipped).
[09:06:53] [info] gameloop: entered (curmap=17, running=1)
[09:06:53] [info] gameloop: iter 1 ticks=121245 mapno=-1
[09:06:53] [info] mds-clear-lut: rebuilt N=240 entries (k_skip=33% k_keep=67%; curmap=17 map_size=40x16; rebuild #2 since boot)
[09:06:53] [info] gameloop: iter 2 ticks=121614 mapno=-1
[09:06:54] [info] tas: stall frame 370 ms -> contributing 1 tick (patch 0286)
[09:06:54] [info] gameloop: iter 3 ticks=121785 mapno=-1
[09:06:54] [info] tas: stall frame 171 ms -> contributing 1 tick (patch 0286)
[09:06:54] [info] tas: stall frame 164 ms -> contributing 1 tick (patch 0286)
[09:06:54] [info] tas: stall frame 164 ms -> contributing 1 tick (patch 0286)
[09:06:54] [info] tas: stall frame 164 ms -> contributing 1 tick (patch 0286)
[09:06:54] [info] flip-probe: flip #330 ok=true present=4ms inter_flip_ms=132 drawcalls-since-flip=406 drawcalls-total=34439 fail-total=0 null-skips-total=0
[09:06:54] [info] tas: stall frame 174 ms -> contributing 1 tick (patch 0286)
[09:06:55] [info] tas: stall frame 175 ms -> contributing 1 tick (patch 0286)
[09:06:55] [info] tas: stall frame 167 ms -> contributing 1 tick (patch 0286)
[09:06:55] [info] tas: stall frame 163 ms -> contributing 1 tick (patch 0286)
[09:06:55] [info] tas: stall frame 161 ms -> contributing 1 tick (patch 0286)
[09:06:55] [info] tas: stall frame 158 ms -> contributing 1 tick (patch 0286)
[09:06:55] [info] tas: stall frame 157 ms -> contributing 1 tick (patch 0286)
[09:06:56] [info] tas: stall frame 154 ms -> contributing 1 tick (patch 0286)
[09:06:56] [info] flip-probe: flip #340 ok=true present=5ms inter_flip_ms=154 drawcalls-since-flip=239 drawcalls-total=37991 fail-total=0 null-skips-total=0
[09:06:56] [info] tas: stall frame 161 ms -> contributing 1 tick (patch 0286)
[09:06:57] [info] tas: stall frame 152 ms -> contributing 1 tick (patch 0286)
[09:06:57] [info] tas: stall frame 155 ms -> contributing 1 tick (patch 0286)
[09:06:57] [info] flip-probe: flip #350 ok=true present=5ms inter_flip_ms=160 drawcalls-since-flip=141 drawcalls-total=39447 fail-total=0 null-skips-total=0
[09:06:57] [info] tas: stall frame 168 ms -> contributing 1 tick (patch 0286)
[09:06:57] [info] tas: stall frame 154 ms -> contributing 1 tick (patch 0286)
[09:06:58] [info] tas: stall frame 152 ms -> contributing 1 tick (patch 0286)
[09:06:58] [info] tas: stall frame 153 ms -> contributing 1 tick (patch 0286)
[09:06:58] [info] tas: stall frame 168 ms -> contributing 1 tick (patch 0286)
[09:06:59] [info] tas: stall frame 181 ms -> contributing 1 tick (patch 0286)
[09:06:59] [info] flip-probe: flip #360 ok=true present=5ms inter_flip_ms=182 drawcalls-since-flip=147 drawcalls-total=40891 fail-total=0 null-skips-total=0
[09:06:59] [info] tas: stall frame 195 ms -> contributing 1 tick (patch 0286)
[09:06:59] [info] backdrop cache: thrashing-detect engaged (streak=4, route=direct)
[09:06:59] [info] tas: stall frame 175 ms -> contributing 1 tick (patch 0286)
[09:06:59] [info] tas: stall frame 175 ms -> contributing 1 tick (patch 0286)
[09:07:00] [info] tas: stall frame 165 ms -> contributing 1 tick (patch 0286)
[09:07:00] [info] tas: stall frame 155 ms -> contributing 1 tick (patch 0286)
[09:07:00] [info] tas: stall frame 168 ms -> contributing 1 tick (patch 0286)
[09:07:00] [info] flip-probe: flip #370 ok=true present=4ms inter_flip_ms=162 drawcalls-since-flip=134 drawcalls-total=42218 fail-total=0 null-skips-total=0
[09:07:00] [info] tas: stall frame 169 ms -> contributing 1 tick (patch 0286)
[09:07:01] [info] tas: stall frame 160 ms -> contributing 1 tick (patch 0286)
[09:07:01] [info] run_tick_fixed #900: heartbeat (loop alive)
[09:07:01] [info] tas: stall frame 151 ms -> contributing 1 tick (patch 0286)
[09:07:01] [info] tas: stall frame 167 ms -> contributing 1 tick (patch 0286)
[09:07:02] [info] tas: stall frame 152 ms -> contributing 1 tick (patch 0286)
[09:07:02] [info] flip-probe: flip #380 ok=true present=4ms inter_flip_ms=129 drawcalls-since-flip=135 drawcalls-total=43548 fail-total=0 null-skips-total=0
[09:07:02] [info] tas: stall frame 170 ms -> contributing 1 tick (patch 0286)
[09:07:02] [info] tas: stall frame 188 ms -> contributing 1 tick (patch 0286)
[09:07:03] [info] tas: stall frame 176 ms -> contributing 1 tick (patch 0286)
[09:07:03] [info] tas: stall frame 185 ms -> contributing 1 tick (patch 0286)
[09:07:03] [info] tas: stall frame 177 ms -> contributing 1 tick (patch 0286)
[09:07:03] [info] tas: stall frame 159 ms -> contributing 1 tick (patch 0286)
[09:07:03] [info] flip-probe: flip #390 ok=true present=4ms inter_flip_ms=141 drawcalls-since-flip=143 drawcalls-total=44948 fail-total=0 null-skips-total=0
[09:07:04] [info] tas: stall frame 155 ms -> contributing 1 tick (patch 0286)
[09:07:04] [info] tas: stall frame 152 ms -> contributing 1 tick (patch 0286)
[09:07:04] [info] tas: stall frame 167 ms -> contributing 1 tick (patch 0286)
[09:07:04] [info] tas: stall frame 156 ms -> contributing 1 tick (patch 0286)
[09:07:05] [info] tas: stall frame 157 ms -> contributing 1 tick (patch 0286)
[09:07:05] [info] flip-probe: flip #400 ok=true present=5ms inter_flip_ms=157 drawcalls-since-flip=142 drawcalls-total=46387 fail-total=0 null-skips-total=0
[09:07:05] [info] alpha audit block 0: 17770 total drawcalls, 0 with alpha<255 (block pct_x10=0; global 0/42946 pct_x10=0); alpha-mod skipped: block=0 global=0
[09:07:05] [info] fastpath audit block 0: taken=17770 (idx8=17770) skipped=0 pct_x10=1000; global taken=42946 (idx8=42946) skipped=0 pct_x10=1000
[09:07:05] [info] primitive tally block 0: clear=202(hr=202) fill=0(hr=0) rect=0(hr=0) line=0(hr=0) tint=0 spotlight=0 (over 100 flips ending at flip 400)
[09:07:05] [info] color/alpha audit block 0: cmod_white=1300 cmod_black=1300 (idx=1300) cmod_general=0 (idx=0) cmod_fb=0; alpha_taken=0 alpha_skipped=0 (global cmod=4028/2522/693/0 idx=2522/693 alpha=0/0)
[09:07:05] [info] phase timing block 0: drawcalls=20608 dc_total_ms=2589 flip_inner_total_ms=1709 inter_flip_total_ms=20359 (per-flip avg x10: dc_ms=258 fi_ms=170 if_ms=2035 derived audio+engine_ms=1607; per-drawcall avg us_x10=1256) [direct-vesa: presents=100 total_ms=411 avg_ms_x10=41 failed=0] [ablation: NO_DC_TIMING=0 CACHE_WINSURF=0 DIRECT_VESA=1]
[09:07:05] [info] kbd/audio block 0: kbd_irq=0 kbd_drain=0 ring_chunks=16 pump_pass=993 pic1_mask=0xb8 first_irq_ticks=0 install_ticks=0 vector_at_install=0x0083e410 pic1_mask_live=0x98 kbd_8042_stat=0x34 bios_kbd_head=0x0038 bios_kbd_tail=0x0038 bios_kbd_buf0=0x0e08
[09:07:05] [info] audio/engine split block 0: audio_mixer_calls=456 audio_mixer_ms_x10=195 engine_tick_calls=0 engine_tick_ms_x10=0 audio_service_calls=0 audio_service_ms_x10=0 (per-flip avg; per-call us_x10: audio_mix=42975 engine_tick=0 audio_service=0; global ns: audio_mix=5583276606 engine_tick=19025593781 audio_service=0)
[09:07:05] [info] dirty-rect block @flip=400: total_calls=0 dirty_rects_avg=1 dirty_pct_x10=1000 forced_full=0 first_n_force=0 threshold_exceeded=0 dirty_path_taken=0 full_flush_taken=0
[09:07:05] [info] prev-frame-diff block @flip=400: diff_calls=0 diff_rects_avg=0 diff_dirty_pct_x10=0 bbox_pct_x10=0 bbox_thresh_exceeded=0
[09:07:05] [info] tas: stall frame 245 ms -> contributing 1 tick (patch 0286)
[09:07:05] [info] tas: stall frame 180 ms -> contributing 1 tick (patch 0286)
[09:07:06] [info] tas: stall frame 187 ms -> contributing 1 tick (patch 0286)
[09:07:06] [info] tas: stall frame 154 ms -> contributing 1 tick (patch 0286)
[09:07:06] [info] tas: stall frame 154 ms -> contributing 1 tick (patch 0286)
[09:07:06] [info] tas: stall frame 165 ms -> contributing 1 tick (patch 0286)
[09:07:06] [info] flip-probe: flip #410 ok=true present=4ms inter_flip_ms=144 drawcalls-since-flip=128 drawcalls-total=47762 fail-total=0 null-skips-total=0
[09:07:07] [info] tas: stall frame 163 ms -> contributing 1 tick (patch 0286)
[09:07:07] [info] tas: stall frame 152 ms -> contributing 1 tick (patch 0286)
[09:07:07] [info] tas: stall frame 157 ms -> contributing 1 tick (patch 0286)
[09:07:08] [info] tas: stall frame 157 ms -> contributing 1 tick (patch 0286)
[09:07:08] [info] tas: stall frame 165 ms -> contributing 1 tick (patch 0286)
[09:07:08] [info] flip-probe: flip #420 ok=true present=4ms inter_flip_ms=90 drawcalls-since-flip=126 drawcalls-total=49007 fail-total=0 null-skips-total=0
[09:07:08] [info] backdrop cache: thrashing-detect engaged (streak=64, route=direct)
[09:07:08] [info] tas: stall frame 157 ms -> contributing 1 tick (patch 0286)
[09:07:09] [info] tas: stall frame 150 ms -> contributing 1 tick (patch 0286)
[09:07:09] [info] tas: stall frame 151 ms -> contributing 1 tick (patch 0286)
[09:07:09] [info] flip-probe: flip #430 ok=true present=5ms inter_flip_ms=160 drawcalls-since-flip=131 drawcalls-total=50272 fail-total=0 null-skips-total=0
[09:07:09] [info] tas: stall frame 168 ms -> contributing 1 tick (patch 0286)
[09:07:10] [info] tas: stall frame 150 ms -> contributing 1 tick (patch 0286)
[09:07:10] [info] tas: stall frame 162 ms -> contributing 1 tick (patch 0286)
[09:07:10] [info] tas: stall frame 150 ms -> contributing 1 tick (patch 0286)
[09:07:10] [info] tas: stall frame 152 ms -> contributing 1 tick (patch 0286)
[09:07:11] [info] tas: stall frame 161 ms -> contributing 1 tick (patch 0286)
[09:07:11] [info] flip-probe: flip #440 ok=true present=4ms inter_flip_ms=142 drawcalls-since-flip=127 drawcalls-total=51525 fail-total=0 null-skips-total=0
[09:07:11] [info] tas: stall frame 171 ms -> contributing 1 tick (patch 0286)
[09:07:11] [info] tas: stall frame 162 ms -> contributing 1 tick (patch 0286)
[09:07:11] [info] backdrop cache: thrashing-detect engaged (streak=4, route=direct)
[09:07:11] [info] tas: stall frame 173 ms -> contributing 1 tick (patch 0286)
[09:07:12] [info] tas: stall frame 150 ms -> contributing 1 tick (patch 0286)
[09:07:12] [info] tas: stall frame 155 ms -> contributing 1 tick (patch 0286)
[09:07:12] [info] flip-probe: flip #450 ok=true present=4ms inter_flip_ms=160 drawcalls-since-flip=114 drawcalls-total=52748 fail-total=0 null-skips-total=0
[09:07:12] [info] tas: stall frame 167 ms -> contributing 1 tick (patch 0286)
[09:07:13] [info] tas: stall frame 158 ms -> contributing 1 tick (patch 0286)
[09:07:13] [info] tas: stall frame 159 ms -> contributing 1 tick (patch 0286)
[09:07:13] [info] tas: stall frame 171 ms -> contributing 1 tick (patch 0286)
[09:07:14] [info] tas: stall frame 161 ms -> contributing 1 tick (patch 0286)
[09:07:14] [info] backdrop cache: thrashing-detect engaged (streak=4, route=direct)
[09:07:14] [info] flip-probe: flip #460 ok=true present=4ms inter_flip_ms=156 drawcalls-since-flip=109 drawcalls-total=53871 fail-total=0 null-skips-total=0
[09:07:14] [info] tas: stall frame 164 ms -> contributing 1 tick (patch 0286)
[09:07:15] [info] flip-probe: flip #470 ok=true present=4ms inter_flip_ms=145 drawcalls-since-flip=106 drawcalls-total=54921 fail-total=0 null-skips-total=0
[09:07:15] [info] tas: stall frame 150 ms -> contributing 1 tick (patch 0286)
[09:07:16] [info] tas: stall frame 150 ms -> contributing 1 tick (patch 0286)
[09:07:17] [info] flip-probe: flip #480 ok=true present=4ms inter_flip_ms=145 drawcalls-since-flip=102 drawcalls-total=55979 fail-total=0 null-skips-total=0
[09:07:17] [info] tas: stall frame 155 ms -> contributing 1 tick (patch 0286)
[09:07:17] [info] tas: stall frame 157 ms -> contributing 1 tick (patch 0286)
[09:07:17] [info] tas: stall frame 156 ms -> contributing 1 tick (patch 0286)
[09:07:18] [info] tas: stall frame 156 ms -> contributing 1 tick (patch 0286)
[09:07:18] [info] tas: stall frame 157 ms -> contributing 1 tick (patch 0286)
[09:07:18] [info] flip-probe: flip #490 ok=true present=4ms inter_flip_ms=142 drawcalls-since-flip=107 drawcalls-total=57037 fail-total=0 null-skips-total=0
[09:07:18] [info] tas: stall frame 151 ms -> contributing 1 tick (patch 0286)
[09:07:19] [info] tas: stall frame 158 ms -> contributing 1 tick (patch 0286)
[09:07:19] [info] tas: stall frame 154 ms -> contributing 1 tick (patch 0286)
[09:07:19] [info] tas: stall frame 155 ms -> contributing 1 tick (patch 0286)
[09:07:20] [info] flip-probe: flip #500 ok=true present=5ms inter_flip_ms=162 drawcalls-since-flip=114 drawcalls-total=58116 fail-total=0 null-skips-total=0
[09:07:20] [info] alpha audit block 0: 11057 total drawcalls, 0 with alpha<255 (block pct_x10=0; global 0/54003 pct_x10=0); alpha-mod skipped: block=0 global=0
[09:07:20] [info] fastpath audit block 0: taken=11057 (idx8=11057) skipped=0 pct_x10=1000; global taken=54003 (idx8=54003) skipped=0 pct_x10=1000
[09:07:20] [info] primitive tally block 0: clear=200(hr=200) fill=0(hr=0) rect=0(hr=0) line=0(hr=0) tint=0 spotlight=0 (over 100 flips ending at flip 500)
[09:07:20] [info] color/alpha audit block 0: cmod_white=572 cmod_black=572 (idx=572) cmod_general=0 (idx=0) cmod_fb=0; alpha_taken=0 alpha_skipped=0 (global cmod=4600/3094/693/0 idx=3094/693 alpha=0/0)
[09:07:20] [info] phase timing block 0: drawcalls=12409 dc_total_ms=1402 flip_inner_total_ms=1662 inter_flip_total_ms=14634 (per-flip avg x10: dc_ms=140 fi_ms=166 if_ms=1463 derived audio+engine_ms=1157; per-drawcall avg us_x10=1130) [direct-vesa: presents=100 total_ms=411 avg_ms_x10=41 failed=0] [ablation: NO_DC_TIMING=0 CACHE_WINSURF=0 DIRECT_VESA=1]
[09:07:20] [info] kbd/audio block 0: kbd_irq=0 kbd_drain=0 ring_chunks=16 pump_pass=1389 pic1_mask=0xb8 first_irq_ticks=0 install_ticks=0 vector_at_install=0x0083e410 pic1_mask_live=0x98 kbd_8042_stat=0x34 bios_kbd_head=0x0038 bios_kbd_tail=0x0038 bios_kbd_buf0=0x0e08
[09:07:20] [info] audio/engine split block 0: audio_mixer_calls=456 audio_mixer_ms_x10=196 engine_tick_calls=0 engine_tick_ms_x10=0 audio_service_calls=0 audio_service_ms_x10=0 (per-flip avg; per-call us_x10: audio_mix=43089 engine_tick=0 audio_service=0; global ns: audio_mix=7548161189 engine_tick=19025593781 audio_service=0)
[09:07:20] [info] dirty-rect block @flip=500: total_calls=0 dirty_rects_avg=1 dirty_pct_x10=1000 forced_full=0 first_n_force=0 threshold_exceeded=0 dirty_path_taken=0 full_flush_taken=0
[09:07:20] [info] prev-frame-diff block @flip=500: diff_calls=0 diff_rects_avg=0 diff_dirty_pct_x10=0 bbox_pct_x10=0 bbox_thresh_exceeded=0
[09:07:20] [info] tas: stall frame 251 ms -> contributing 1 tick (patch 0286)
[09:07:20] [info] tas: stall frame 165 ms -> contributing 1 tick (patch 0286)
[09:07:21] [info] flip-probe: flip #510 ok=true present=4ms inter_flip_ms=110 drawcalls-since-flip=113 drawcalls-total=59258 fail-total=0 null-skips-total=0
[09:07:21] [info] tas: stall frame 174 ms -> contributing 1 tick (patch 0286)
[09:07:22] [info] tas: stall frame 155 ms -> contributing 1 tick (patch 0286)
[09:07:22] [info] tas: stall frame 156 ms -> contributing 1 tick (patch 0286)
[09:07:22] [info] backdrop cache: thrashing-detect engaged (streak=64, route=direct)
[09:07:22] [info] flip-probe: flip #520 ok=true present=4ms inter_flip_ms=161 drawcalls-since-flip=114 drawcalls-total=60398 fail-total=0 null-skips-total=0
[09:07:22] [info] tas: stall frame 164 ms -> contributing 1 tick (patch 0286)
[09:07:23] [info] tas: stall frame 163 ms -> contributing 1 tick (patch 0286)
[09:07:23] [info] tas: stall frame 156 ms -> contributing 1 tick (patch 0286)
[09:07:23] [info] tas: stall frame 151 ms -> contributing 1 tick (patch 0286)
[09:07:23] [info] tas: stall frame 160 ms -> contributing 1 tick (patch 0286)
[09:07:24] [info] tas: stall frame 165 ms -> contributing 1 tick (patch 0286)
[09:07:24] [info] tas: stall frame 162 ms -> contributing 1 tick (patch 0286)
[09:07:24] [info] tas: stall frame 162 ms -> contributing 1 tick (patch 0286)
[09:07:24] [info] flip-probe: flip #530 ok=true present=5ms inter_flip_ms=164 drawcalls-since-flip=390 drawcalls-total=62951 fail-total=0 null-skips-total=0
[09:07:24] [info] tas: stall frame 172 ms -> contributing 1 tick (patch 0286)
[09:07:24] [info] tas: stall frame 169 ms -> contributing 1 tick (patch 0286)
[09:07:24] [info] tas: stall frame 166 ms -> contributing 1 tick (patch 0286)
[09:07:25] [info] tas: stall frame 166 ms -> contributing 1 tick (patch 0286)
[09:07:25] [info] tas: stall frame 165 ms -> contributing 1 tick (patch 0286)
[09:07:25] [info] tas: stall frame 165 ms -> contributing 1 tick (patch 0286)
[09:07:25] [info] tas: stall frame 165 ms -> contributing 1 tick (patch 0286)
[09:07:25] [info] tas: stall frame 174 ms -> contributing 1 tick (patch 0286)
[09:07:26] [info] tas: stall frame 174 ms -> contributing 1 tick (patch 0286)
[09:07:26] [info] flip-probe: flip #540 ok=true present=5ms inter_flip_ms=164 drawcalls-since-flip=405 drawcalls-total=67001 fail-total=0 null-skips-total=0
[09:07:26] [info] tas: stall frame 171 ms -> contributing 1 tick (patch 0286)
[09:07:26] [info]  >> Entering stage 11: 'Mimiga Village'.
[09:07:26] [info] [skip-sheet-flush] cave=5
[09:07:27] [info] [load-stage] preloading entry music song=9 (cave=5)
[09:07:27] [info] [music-dispatch] tick=1526 song=9 (prev 13)
[09:07:32] [info] Organya pre-render: cache HIT MURA (5927040 bytes from CACHE; 2 ch; synth skipped).
[09:07:32] [info] gameloop: entered (curmap=11, running=1)
[09:07:32] [info] gameloop: iter 1 ticks=160211 mapno=-1
[09:07:32] [info] mds-clear-lut: rebuilt N=240 entries (k_skip=0% k_keep=100%; curmap=11 map_size=60x60; rebuild #3 since boot)
[09:07:32] [info] gameloop: iter 2 ticks=160401 mapno=-1
[09:07:32] [info] tas: stall frame 189 ms -> contributing 1 tick (patch 0286)
[09:07:32] [info] gameloop: iter 3 ticks=160580 mapno=-1
[09:07:32] [info] tas: stall frame 179 ms -> contributing 1 tick (patch 0286)
[09:07:33] [info] tas: stall frame 160 ms -> contributing 1 tick (patch 0286)
[09:07:33] [info] tas: stall frame 178 ms -> contributing 1 tick (patch 0286)
[09:07:33] [info] tas: stall frame 163 ms -> contributing 1 tick (patch 0286)
[09:07:33] [info] tas: stall frame 162 ms -> contributing 1 tick (patch 0286)
[09:07:33] [info] flip-probe: flip #550 ok=true present=5ms inter_flip_ms=172 drawcalls-since-flip=345 drawcalls-total=69970 fail-total=0 null-skips-total=0
[09:07:33] [info] tas: stall frame 180 ms -> contributing 1 tick (patch 0286)
[09:07:34] [info] tas: stall frame 161 ms -> contributing 1 tick (patch 0286)
[09:07:34] [info] tas: stall frame 159 ms -> contributing 1 tick (patch 0286)
[09:07:34] [info] tas: stall frame 167 ms -> contributing 1 tick (patch 0286)
[09:07:34] [info] tas: stall frame 156 ms -> contributing 1 tick (patch 0286)
[09:07:34] [info] tas: stall frame 158 ms -> contributing 1 tick (patch 0286)
[09:07:35] [info] tas: stall frame 151 ms -> contributing 1 tick (patch 0286)
[09:07:35] [info] flip-probe: flip #560 ok=true present=4ms inter_flip_ms=131 drawcalls-since-flip=30 drawcalls-total=72265 fail-total=0 null-skips-total=0
[09:07:35] [info] backdrop cache: thrashing-detect engaged (streak=4, route=direct)
[09:07:36] [info] flip-probe: flip #570 ok=true present=4ms inter_flip_ms=134 drawcalls-since-flip=40 drawcalls-total=72665 fail-total=0 null-skips-total=0
[09:07:37] [info] flip-probe: flip #580 ok=true present=4ms inter_flip_ms=124 drawcalls-since-flip=40 drawcalls-total=73069 fail-total=0 null-skips-total=0
[09:07:39] [info] flip-probe: flip #590 ok=true present=4ms inter_flip_ms=124 drawcalls-since-flip=41 drawcalls-total=73476 fail-total=0 null-skips-total=0
[09:07:40] [info] flip-probe: flip #600 ok=true present=4ms inter_flip_ms=86 drawcalls-since-flip=41 drawcalls-total=73888 fail-total=0 null-skips-total=0
[09:07:40] [info] alpha audit block 0: 14918 total drawcalls, 0 with alpha<255 (block pct_x10=0; global 0/68921 pct_x10=0); alpha-mod skipped: block=0 global=0
[09:07:40] [info] fastpath audit block 0: taken=14918 (idx8=14918) skipped=0 pct_x10=1000; global taken=68921 (idx8=68921) skipped=0 pct_x10=1000
[09:07:40] [info] primitive tally block 0: clear=202(hr=202) fill=0(hr=0) rect=0(hr=0) line=0(hr=0) tint=0 spotlight=0 (over 100 flips ending at flip 600)
[09:07:40] [info] color/alpha audit block 0: cmod_white=754 cmod_black=754 (idx=754) cmod_general=0 (idx=0) cmod_fb=0; alpha_taken=0 alpha_skipped=0 (global cmod=5354/3848/693/0 idx=3848/693 alpha=0/0)
[09:07:40] [info] phase timing block 0: drawcalls=16647 dc_total_ms=2252 flip_inner_total_ms=1666 inter_flip_total_ms=20342 (per-flip avg x10: dc_ms=225 fi_ms=166 if_ms=2034 derived audio+engine_ms=1643; per-drawcall avg us_x10=1352) [direct-vesa: presents=100 total_ms=411 avg_ms_x10=41 failed=0] [ablation: NO_DC_TIMING=0 CACHE_WINSURF=0 DIRECT_VESA=1]
[09:07:40] [info] kbd/audio block 0: kbd_irq=0 kbd_drain=0 ring_chunks=16 pump_pass=1762 pic1_mask=0xb8 first_irq_ticks=0 install_ticks=0 vector_at_install=0x0083e410 pic1_mask_live=0x98 kbd_8042_stat=0x34 bios_kbd_head=0x0038 bios_kbd_tail=0x0038 bios_kbd_buf0=0x0e08
[09:07:40] [info] audio/engine split block 0: audio_mixer_calls=452 audio_mixer_ms_x10=195 engine_tick_calls=0 engine_tick_ms_x10=0 audio_service_calls=0 audio_service_ms_x10=0 (per-flip avg; per-call us_x10: audio_mix=43280 engine_tick=0 audio_service=0; global ns: audio_mix=9504458642 engine_tick=19025593781 audio_service=0)
[09:07:40] [info] dirty-rect block @flip=600: total_calls=0 dirty_rects_avg=1 dirty_pct_x10=1000 forced_full=0 first_n_force=0 threshold_exceeded=0 dirty_path_taken=0 full_flush_taken=0
[09:07:40] [info] prev-frame-diff block @flip=600: diff_calls=0 diff_rects_avg=0 diff_dirty_pct_x10=0 bbox_pct_x10=0 bbox_thresh_exceeded=0
[09:07:40] [info] tas: stall frame 177 ms -> contributing 1 tick (patch 0286)
[09:07:41] [info] flip-probe: flip #610 ok=true present=5ms inter_flip_ms=136 drawcalls-since-flip=44 drawcalls-total=74316 fail-total=0 null-skips-total=0
[09:07:42] [info] flip-probe: flip #620 ok=true present=4ms inter_flip_ms=123 drawcalls-since-flip=43 drawcalls-total=74754 fail-total=0 null-skips-total=0
[09:07:43] [info] backdrop cache: thrashing-detect engaged (streak=64, route=direct)
[09:07:44] [info] flip-probe: flip #630 ok=true present=4ms inter_flip_ms=122 drawcalls-since-flip=42 drawcalls-total=75179 fail-total=0 null-skips-total=0
[09:07:45] [info] flip-probe: flip #640 ok=true present=4ms inter_flip_ms=122 drawcalls-since-flip=42 drawcalls-total=75599 fail-total=0 null-skips-total=0
[09:07:45] [info] tas: stall frame 161 ms -> contributing 1 tick (patch 0286)
[09:07:46] [info] tas: stall frame 155 ms -> contributing 1 tick (patch 0286)
[09:07:46] [info] tas: stall frame 155 ms -> contributing 1 tick (patch 0286)
[09:07:46] [info] flip-probe: flip #650 ok=true present=4ms inter_flip_ms=144 drawcalls-since-flip=47 drawcalls-total=76081 fail-total=0 null-skips-total=0
[09:07:46] [info] tas: stall frame 150 ms -> contributing 1 tick (patch 0286)
[09:07:48] [info] flip-probe: flip #660 ok=true present=5ms inter_flip_ms=141 drawcalls-since-flip=197 drawcalls-total=76758 fail-total=0 null-skips-total=0
[09:07:48] [info] tas: stall frame 153 ms -> contributing 1 tick (patch 0286)
[09:07:48] [info] tas: stall frame 170 ms -> contributing 1 tick (patch 0286)
[09:07:48] [info] tas: stall frame 157 ms -> contributing 1 tick (patch 0286)
[09:07:48] [info] tas: stall frame 157 ms -> contributing 1 tick (patch 0286)
[09:07:48] [info] tas: stall frame 154 ms -> contributing 1 tick (patch 0286)
[09:07:49] [info] tas: stall frame 154 ms -> contributing 1 tick (patch 0286)
[09:07:49] [info] tas: stall frame 154 ms -> contributing 1 tick (patch 0286)
[09:07:49] [info] tas: stall frame 154 ms -> contributing 1 tick (patch 0286)
[09:07:49] [info] flip-probe: flip #670 ok=true present=4ms inter_flip_ms=156 drawcalls-since-flip=306 drawcalls-total=79810 fail-total=0 null-skips-total=0
[09:07:49] [info] tas: stall frame 163 ms -> contributing 1 tick (patch 0286)
[09:07:49] [info] tas: stall frame 154 ms -> contributing 1 tick (patch 0286)
[09:07:49] [info]  >> Entering stage 15: 'Reservoir'.
[09:07:49] [info] [skip-sheet-flush] cave=6
[09:07:50] [info] [load-stage] preloading entry music song=9 (cave=6)
[09:07:50] [info] gameloop: entered (curmap=15, running=1)
[09:07:50] [info] gameloop: iter 1 ticks=178292 mapno=-1
[09:07:50] [info] mds-clear-lut: rebuilt N=240 entries (k_skip=13% k_keep=87%; curmap=15 map_size=40x20; rebuild #4 since boot)
[09:07:50] [info] gameloop: iter 2 ticks=178469 mapno=-1
[09:07:50] [info] tas: stall frame 176 ms -> contributing 1 tick (patch 0286)
[09:07:51] [info] gameloop: iter 3 ticks=178633 mapno=-1
[09:07:51] [info] tas: stall frame 163 ms -> contributing 1 tick (patch 0286)
[09:07:51] [info] tas: stall frame 167 ms -> contributing 1 tick (patch 0286)
[09:07:51] [info] tas: stall frame 157 ms -> contributing 1 tick (patch 0286)
[09:07:51] [info] tas: stall frame 156 ms -> contributing 1 tick (patch 0286)
[09:07:51] [info] tas: stall frame 156 ms -> contributing 1 tick (patch 0286)
[09:07:51] [info] flip-probe: flip #680 ok=true present=5ms inter_flip_ms=156 drawcalls-since-flip=336 drawcalls-total=82480 fail-total=0 null-skips-total=0
[09:07:51] [info] tas: stall frame 164 ms -> contributing 1 tick (patch 0286)
[09:07:52] [info] tas: stall frame 158 ms -> contributing 1 tick (patch 0286)
[09:07:52] [info] tas: stall frame 159 ms -> contributing 1 tick (patch 0286)
[09:07:52] [info] tas: stall frame 157 ms -> contributing 1 tick (patch 0286)
[09:07:52] [info] tas: stall frame 154 ms -> contributing 1 tick (patch 0286)
[09:07:52] [info] tas: stall frame 150 ms -> contributing 1 tick (patch 0286)
[09:07:53] [info] flip-probe: flip #690 ok=true present=5ms inter_flip_ms=119 drawcalls-since-flip=51 drawcalls-total=85060 fail-total=0 null-skips-total=0
[09:07:54] [info] flip-probe: flip #700 ok=true present=4ms inter_flip_ms=144 drawcalls-since-flip=31 drawcalls-total=85370 fail-total=0 null-skips-total=0
[09:07:54] [info] alpha audit block 0: 10333 total drawcalls, 0 with alpha<255 (block pct_x10=0; global 0/79254 pct_x10=0); alpha-mod skipped: block=0 global=0
[09:07:54] [info] fastpath audit block 0: taken=10333 (idx8=10333) skipped=0 pct_x10=1000; global taken=79254 (idx8=79254) skipped=0 pct_x10=1000
[09:07:54] [info] primitive tally block 0: clear=202(hr=202) fill=0(hr=0) rect=0(hr=0) line=0(hr=0) tint=0 spotlight=0 (over 100 flips ending at flip 700)
[09:07:54] [info] color/alpha audit block 0: cmod_white=1049 cmod_black=1049 (idx=1049) cmod_general=0 (idx=0) cmod_fb=0; alpha_taken=0 alpha_skipped=0 (global cmod=6403/4897/693/0 idx=4897/693 alpha=0/0)
[09:07:54] [info] phase timing block 0: drawcalls=12660 dc_total_ms=2097 flip_inner_total_ms=1686 inter_flip_total_ms=14050 (per-flip avg x10: dc_ms=209 fi_ms=168 if_ms=1405 derived audio+engine_ms=1028; per-drawcall avg us_x10=1656) [direct-vesa: presents=100 total_ms=413 avg_ms_x10=41 failed=0] [ablation: NO_DC_TIMING=0 CACHE_WINSURF=0 DIRECT_VESA=1]
[09:07:54] [info] kbd/audio block 0: kbd_irq=0 kbd_drain=0 ring_chunks=16 pump_pass=2157 pic1_mask=0xb8 first_irq_ticks=0 install_ticks=0 vector_at_install=0x0083e410 pic1_mask_live=0x98 kbd_8042_stat=0x34 bios_kbd_head=0x0038 bios_kbd_tail=0x0038 bios_kbd_buf0=0x0e08
[09:07:54] [info] audio/engine split block 0: audio_mixer_calls=456 audio_mixer_ms_x10=196 engine_tick_calls=0 engine_tick_ms_x10=0 audio_service_calls=0 audio_service_ms_x10=0 (per-flip avg; per-call us_x10: audio_mix=43150 engine_tick=0 audio_service=0; global ns: audio_mix=11472098896 engine_tick=19025593781 audio_service=0)
[09:07:54] [info] dirty-rect block @flip=700: total_calls=0 dirty_rects_avg=1 dirty_pct_x10=1000 forced_full=0 first_n_force=0 threshold_exceeded=0 dirty_path_taken=0 full_flush_taken=0
[09:07:54] [info] prev-frame-diff block @flip=700: diff_calls=0 diff_rects_avg=0 diff_dirty_pct_x10=0 bbox_pct_x10=0 bbox_thresh_exceeded=0
[09:07:54] [info] tas: stall frame 228 ms -> contributing 1 tick (patch 0286)
[09:07:55] [info] tas: stall frame 168 ms -> contributing 1 tick (patch 0286)
[09:07:55] [info] backdrop cache: thrashing-detect engaged (streak=4, route=direct)
[09:07:55] [info] flip-probe: flip #710 ok=true present=4ms inter_flip_ms=137 drawcalls-since-flip=32 drawcalls-total=85698 fail-total=0 null-skips-total=0
[09:07:57] [info] flip-probe: flip #720 ok=true present=4ms inter_flip_ms=123 drawcalls-since-flip=31 drawcalls-total=86009 fail-total=0 null-skips-total=0
[09:07:57] [info] tas: stall frame 352 ms -> contributing 1 tick (patch 0286)
[09:07:58] [info] flip-probe: flip #730 ok=true present=4ms inter_flip_ms=119 drawcalls-since-flip=34 drawcalls-total=86335 fail-total=0 null-skips-total=0
[09:07:59] [info] flip-probe: flip #740 ok=true present=4ms inter_flip_ms=127 drawcalls-since-flip=34 drawcalls-total=86676 fail-total=0 null-skips-total=0
[09:08:00] [info] flip-probe: flip #750 ok=true present=5ms inter_flip_ms=118 drawcalls-since-flip=34 drawcalls-total=87012 fail-total=0 null-skips-total=0
[09:08:00] [info] run_tick_fixed #2400: heartbeat (loop alive)
[09:08:01] [info] flip-probe: flip #760 ok=true present=5ms inter_flip_ms=117 drawcalls-since-flip=33 drawcalls-total=87342 fail-total=0 null-skips-total=0
[09:08:02] [info] backdrop cache: thrashing-detect engaged (streak=64, route=direct)
[09:08:03] [info] flip-probe: flip #770 ok=true present=4ms inter_flip_ms=118 drawcalls-since-flip=32 drawcalls-total=87663 fail-total=0 null-skips-total=0
[09:08:04] [info] flip-probe: flip #780 ok=true present=4ms inter_flip_ms=79 drawcalls-since-flip=31 drawcalls-total=87981 fail-total=0 null-skips-total=0
[09:08:05] [info] flip-probe: flip #790 ok=true present=4ms inter_flip_ms=138 drawcalls-since-flip=31 drawcalls-total=88291 fail-total=0 null-skips-total=0
[09:08:06] [info] flip-probe: flip #800 ok=true present=4ms inter_flip_ms=130 drawcalls-since-flip=13 drawcalls-total=88475 fail-total=0 null-skips-total=0
[09:08:06] [info] alpha audit block 0: 2168 total drawcalls, 0 with alpha<255 (block pct_x10=0; global 0/81422 pct_x10=0); alpha-mod skipped: block=0 global=0
[09:08:06] [info] fastpath audit block 0: taken=2168 (idx8=2168) skipped=0 pct_x10=1000; global taken=81422 (idx8=81422) skipped=0 pct_x10=1000
[09:08:06] [info] primitive tally block 0: clear=200(hr=200) fill=0(hr=0) rect=0(hr=0) line=0(hr=0) tint=0 spotlight=0 (over 100 flips ending at flip 800)
[09:08:06] [info] color/alpha audit block 0: cmod_white=837 cmod_black=837 (idx=837) cmod_general=0 (idx=0) cmod_fb=0; alpha_taken=0 alpha_skipped=0 (global cmod=7240/5734/693/0 idx=5734/693 alpha=0/0)
[09:08:06] [info] phase timing block 0: drawcalls=4050 dc_total_ms=988 flip_inner_total_ms=1683 inter_flip_total_ms=12091 (per-flip avg x10: dc_ms=98 fi_ms=168 if_ms=1209 derived audio+engine_ms=943; per-drawcall avg us_x10=2439) [direct-vesa: presents=100 total_ms=412 avg_ms_x10=41 failed=0] [ablation: NO_DC_TIMING=0 CACHE_WINSURF=0 DIRECT_VESA=1]
[09:08:06] [info] kbd/audio block 0: kbd_irq=0 kbd_drain=0 ring_chunks=16 pump_pass=2642 pic1_mask=0xb8 first_irq_ticks=0 install_ticks=0 vector_at_install=0x0083e410 pic1_mask_live=0x98 kbd_8042_stat=0x34 bios_kbd_head=0x0038 bios_kbd_tail=0x0038 bios_kbd_buf0=0x0e08
[09:08:06] [info] audio/engine split block 0: audio_mixer_calls=456 audio_mixer_ms_x10=197 engine_tick_calls=0 engine_tick_ms_x10=0 audio_service_calls=0 audio_service_ms_x10=0 (per-flip avg; per-call us_x10: audio_mix=43351 engine_tick=0 audio_service=0; global ns: audio_mix=13448932234 engine_tick=19025593781 audio_service=0)
[09:08:06] [info] dirty-rect block @flip=800: total_calls=0 dirty_rects_avg=1 dirty_pct_x10=1000 forced_full=0 first_n_force=0 threshold_exceeded=0 dirty_path_taken=0 full_flush_taken=0
[09:08:06] [info] prev-frame-diff block @flip=800: diff_calls=0 diff_rects_avg=0 diff_dirty_pct_x10=0 bbox_pct_x10=0 bbox_thresh_exceeded=0
[09:08:06] [info] tas: stall frame 212 ms -> contributing 1 tick (patch 0286)
[09:08:07] [info] flip-probe: flip #810 ok=true present=4ms inter_flip_ms=112 drawcalls-since-flip=13 drawcalls-total=88605 fail-total=0 null-skips-total=0
[09:08:08] [info] tas: stall frame 153 ms -> contributing 1 tick (patch 0286)
[09:08:08] [info] tas: stall frame 154 ms -> contributing 1 tick (patch 0286)
[09:08:09] [info] tas: stall frame 153 ms -> contributing 1 tick (patch 0286)
[09:08:09] [info] flip-probe: flip #820 ok=true present=4ms inter_flip_ms=156 drawcalls-since-flip=318 drawcalls-total=90770 fail-total=0 null-skips-total=0
[09:08:09] [info] tas: stall frame 162 ms -> contributing 1 tick (patch 0286)
[09:08:09] [info] tas: stall frame 153 ms -> contributing 1 tick (patch 0286)
[09:08:09] [info] tas: stall frame 153 ms -> contributing 1 tick (patch 0286)
[09:08:09] [info] tas: stall frame 153 ms -> contributing 1 tick (patch 0286)
[09:08:09] [info] tas: stall frame 155 ms -> contributing 1 tick (patch 0286)
[09:08:09] [info]  >> Entering stage 11: 'Mimiga Village'.
[09:08:09] [info] [skip-sheet-flush] cave=7
[09:08:10] [info] [load-stage] preloading entry music song=9 (cave=7)
[09:08:10] [info] gameloop: entered (curmap=11, running=1)
[09:08:10] [info] gameloop: iter 1 ticks=198431 mapno=-1
[09:08:10] [info] mds-clear-lut: rebuilt N=240 entries (k_skip=0% k_keep=100%; curmap=11 map_size=60x60; rebuild #5 since boot)
[09:08:10] [info] gameloop: iter 2 ticks=198614 mapno=-1
[09:08:11] [info] tas: stall frame 185 ms -> contributing 1 tick (patch 0286)
[09:08:11] [info] gameloop: iter 3 ticks=198782 mapno=-1
[09:08:11] [info] tas: stall frame 166 ms -> contributing 1 tick (patch 0286)
[09:08:11] [info] tas: stall frame 164 ms -> contributing 1 tick (patch 0286)
[09:08:11] [info] flip-probe: flip #830 ok=true present=4ms inter_flip_ms=160 drawcalls-since-flip=332 drawcalls-total=93691 fail-total=0 null-skips-total=0
[09:08:11] [info] tas: stall frame 166 ms -> contributing 1 tick (patch 0286)
[09:08:11] [info] tas: stall frame 161 ms -> contributing 1 tick (patch 0286)
[09:08:11] [info] tas: stall frame 159 ms -> contributing 1 tick (patch 0286)
[09:08:11] [info] tas: stall frame 160 ms -> contributing 1 tick (patch 0286)
[09:08:12] [info] tas: stall frame 165 ms -> contributing 1 tick (patch 0286)
[09:08:12] [info] tas: stall frame 160 ms -> contributing 1 tick (patch 0286)
[09:08:12] [info] tas: stall frame 155 ms -> contributing 1 tick (patch 0286)
[09:08:12] [info] tas: stall frame 154 ms -> contributing 1 tick (patch 0286)
[09:08:12] [info] tas: stall frame 151 ms -> contributing 1 tick (patch 0286)
[09:08:13] [info] flip-probe: flip #840 ok=true present=4ms inter_flip_ms=149 drawcalls-since-flip=257 drawcalls-total=96786 fail-total=0 null-skips-total=0
[09:08:13] [info] tas: stall frame 156 ms -> contributing 1 tick (patch 0286)
[09:08:14] [info] flip-probe: flip #850 ok=true present=5ms inter_flip_ms=122 drawcalls-since-flip=42 drawcalls-total=97571 fail-total=0 null-skips-total=0
[09:08:14] [info] tas: stall frame 156 ms -> contributing 1 tick (patch 0286)
[09:08:15] [info] tas: stall frame 157 ms -> contributing 1 tick (patch 0286)
[09:08:15] [info] tas: stall frame 158 ms -> contributing 1 tick (patch 0286)
[09:08:15] [info] flip-probe: flip #860 ok=true present=5ms inter_flip_ms=148 drawcalls-since-flip=54 drawcalls-total=98056 fail-total=0 null-skips-total=0
[09:08:15] [info] tas: stall frame 156 ms -> contributing 1 tick (patch 0286)
[09:08:15] [info] tas: stall frame 159 ms -> contributing 1 tick (patch 0286)
[09:08:16] [info] backdrop cache: thrashing-detect engaged (streak=4, route=direct)
[09:08:17] [info] flip-probe: flip #870 ok=true present=5ms inter_flip_ms=86 drawcalls-since-flip=46 drawcalls-total=98540 fail-total=0 null-skips-total=0
[09:08:18] [info] flip-probe: flip #880 ok=true present=5ms inter_flip_ms=125 drawcalls-since-flip=44 drawcalls-total=98980 fail-total=0 null-skips-total=0
[09:08:19] [info] flip-probe: flip #890 ok=true present=4ms inter_flip_ms=123 drawcalls-since-flip=44 drawcalls-total=99420 fail-total=0 null-skips-total=0
[09:08:19] [info] run_tick_fixed #3000: heartbeat (loop alive)
[09:08:20] [info] flip-probe: flip #900 ok=true present=4ms inter_flip_ms=131 drawcalls-since-flip=44 drawcalls-total=99860 fail-total=0 null-skips-total=0
[09:08:20] [info] alpha audit block 0: 10323 total drawcalls, 0 with alpha<255 (block pct_x10=0; global 0/91745 pct_x10=0); alpha-mod skipped: block=0 global=0
[09:08:20] [info] fastpath audit block 0: taken=10323 (idx8=10323) skipped=0 pct_x10=1000; global taken=91745 (idx8=91745) skipped=0 pct_x10=1000
[09:08:20] [info] primitive tally block 0: clear=201(hr=201) fill=0(hr=0) rect=0(hr=0) line=0(hr=0) tint=0 spotlight=0 (over 100 flips ending at flip 900)
[09:08:20] [info] color/alpha audit block 0: cmod_white=962 cmod_black=962 (idx=962) cmod_general=0 (idx=0) cmod_fb=0; alpha_taken=0 alpha_skipped=0 (global cmod=8202/6696/693/0 idx=6696/693 alpha=0/0)
[09:08:20] [info] phase timing block 0: drawcalls=12488 dc_total_ms=2151 flip_inner_total_ms=1695 inter_flip_total_ms=14188 (per-flip avg x10: dc_ms=215 fi_ms=169 if_ms=1418 derived audio+engine_ms=1034; per-drawcall avg us_x10=1722) [direct-vesa: presents=100 total_ms=412 avg_ms_x10=41 failed=0] [ablation: NO_DC_TIMING=0 CACHE_WINSURF=0 DIRECT_VESA=1]
[09:08:20] [info] kbd/audio block 0: kbd_irq=0 kbd_drain=0 ring_chunks=16 pump_pass=3034 pic1_mask=0xb8 first_irq_ticks=0 install_ticks=0 vector_at_install=0x0083e410 pic1_mask_live=0x98 kbd_8042_stat=0x34 bios_kbd_head=0x0038 bios_kbd_tail=0x0038 bios_kbd_buf0=0x0e08
[09:08:20] [info] audio/engine split block 0: audio_mixer_calls=456 audio_mixer_ms_x10=197 engine_tick_calls=0 engine_tick_ms_x10=0 audio_service_calls=0 audio_service_ms_x10=0 (per-flip avg; per-call us_x10: audio_mix=43253 engine_tick=0 audio_service=0; global ns: audio_mix=15421269177 engine_tick=19025593781 audio_service=0)
[09:08:20] [info] dirty-rect block @flip=900: total_calls=0 dirty_rects_avg=1 dirty_pct_x10=1000 forced_full=0 first_n_force=0 threshold_exceeded=0 dirty_path_taken=0 full_flush_taken=0
[09:08:20] [info] prev-frame-diff block @flip=900: diff_calls=0 diff_rects_avg=0 diff_dirty_pct_x10=0 bbox_pct_x10=0 bbox_thresh_exceeded=0
[09:08:20] [info] tas: stall frame 215 ms -> contributing 1 tick (patch 0286)
[09:08:22] [info] flip-probe: flip #910 ok=true present=4ms inter_flip_ms=122 drawcalls-since-flip=43 drawcalls-total=100295 fail-total=0 null-skips-total=0
[09:08:23] [info] flip-probe: flip #920 ok=true present=5ms inter_flip_ms=124 drawcalls-since-flip=42 drawcalls-total=100718 fail-total=0 null-skips-total=0
[09:08:24] [info] backdrop cache: thrashing-detect engaged (streak=64, route=direct)
[09:08:24] [info] flip-probe: flip #930 ok=true present=5ms inter_flip_ms=125 drawcalls-since-flip=44 drawcalls-total=101155 fail-total=0 null-skips-total=0
[09:08:25] [info] flip-probe: flip #940 ok=true present=4ms inter_flip_ms=122 drawcalls-since-flip=42 drawcalls-total=101587 fail-total=0 null-skips-total=0
[09:08:26] [info] flip-probe: flip #950 ok=true present=4ms inter_flip_ms=121 drawcalls-since-flip=18 drawcalls-total=101913 fail-total=0 null-skips-total=0
[09:08:28] [info] flip-probe: flip #960 ok=true present=4ms inter_flip_ms=83 drawcalls-since-flip=18 drawcalls-total=102093 fail-total=0 null-skips-total=0
[09:08:29] [info] flip-probe: flip #970 ok=true present=5ms inter_flip_ms=121 drawcalls-since-flip=20 drawcalls-total=102291 fail-total=0 null-skips-total=0
[09:08:30] [info] flip-probe: flip #980 ok=true present=5ms inter_flip_ms=120 drawcalls-since-flip=16 drawcalls-total=102460 fail-total=0 null-skips-total=0
[09:08:31] [info] backdrop cache: thrashing-detect engaged (streak=124, route=direct)
[09:08:31] [info] flip-probe: flip #990 ok=true present=5ms inter_flip_ms=121 drawcalls-since-flip=16 drawcalls-total=102627 fail-total=0 null-skips-total=0
[09:08:32] [info] flip-probe: flip #1000 ok=true present=4ms inter_flip_ms=124 drawcalls-since-flip=16 drawcalls-total=102783 fail-total=0 null-skips-total=0
[09:08:32] [info] alpha audit block 0: 2225 total drawcalls, 0 with alpha<255 (block pct_x10=0; global 0/93970 pct_x10=0); alpha-mod skipped: block=0 global=0
[09:08:32] [info] fastpath audit block 0: taken=2225 (idx8=2225) skipped=0 pct_x10=1000; global taken=93970 (idx8=93970) skipped=0 pct_x10=1000
[09:08:32] [info] primitive tally block 0: clear=200(hr=200) fill=0(hr=0) rect=0(hr=0) line=0(hr=0) tint=0 spotlight=0 (over 100 flips ending at flip 1000)
[09:08:32] [info] color/alpha audit block 0: cmod_white=598 cmod_black=598 (idx=598) cmod_general=0 (idx=0) cmod_fb=0; alpha_taken=0 alpha_skipped=0 (global cmod=8800/7294/693/0 idx=7294/693 alpha=0/0)
[09:08:32] [info] phase timing block 0: drawcalls=3621 dc_total_ms=945 flip_inner_total_ms=1652 inter_flip_total_ms=12134 (per-flip avg x10: dc_ms=94 fi_ms=165 if_ms=1213 derived audio+engine_ms=954; per-drawcall avg us_x10=2611) [direct-vesa: presents=100 total_ms=414 avg_ms_x10=41 failed=0] [ablation: NO_DC_TIMING=0 CACHE_WINSURF=0 DIRECT_VESA=1]
[09:08:32] [info] kbd/audio block 0: kbd_irq=0 kbd_drain=0 ring_chunks=16 pump_pass=3532 pic1_mask=0xb8 first_irq_ticks=0 install_ticks=0 vector_at_install=0x0083e410 pic1_mask_live=0x98 kbd_8042_stat=0x34 bios_kbd_head=0x0038 bios_kbd_tail=0x0038 bios_kbd_buf0=0x0e08
[09:08:32] [info] audio/engine split block 0: audio_mixer_calls=456 audio_mixer_ms_x10=196 engine_tick_calls=0 engine_tick_ms_x10=0 audio_service_calls=0 audio_service_ms_x10=0 (per-flip avg; per-call us_x10: audio_mix=43166 engine_tick=0 audio_service=0; global ns: audio_mix=17389643592 engine_tick=19025593781 audio_service=0)
[09:08:32] [info] dirty-rect block @flip=1000: total_calls=0 dirty_rects_avg=1 dirty_pct_x10=1000 forced_full=0 first_n_force=0 threshold_exceeded=0 dirty_path_taken=0 full_flush_taken=0
[09:08:32] [info] prev-frame-diff block @flip=1000: diff_calls=0 diff_rects_avg=0 diff_dirty_pct_x10=0 bbox_pct_x10=0 bbox_thresh_exceeded=0
[09:08:32] [info] tas: stall frame 200 ms -> contributing 1 tick (patch 0286)
[09:08:33] [info] tas: stall frame 157 ms -> contributing 1 tick (patch 0286)
[09:08:33] [info] tas: stall frame 153 ms -> contributing 1 tick (patch 0286)
[09:08:33] [info] tas: stall frame 153 ms -> contributing 1 tick (patch 0286)
[09:08:34] [info] tas: stall frame 152 ms -> contributing 1 tick (patch 0286)
[09:08:34] [info] flip-probe: flip #1010 ok=true present=5ms inter_flip_ms=142 drawcalls-since-flip=19 drawcalls-total=102968 fail-total=0 null-skips-total=0
[09:08:35] [info] tas: stall frame 158 ms -> contributing 1 tick (patch 0286)
[09:08:35] [info] tas: stall frame 174 ms -> contributing 1 tick (patch 0286)
[09:08:35] [info] tas: stall frame 152 ms -> contributing 1 tick (patch 0286)
[09:08:35] [info] tas: stall frame 157 ms -> contributing 1 tick (patch 0286)
[09:08:35] [info] flip-probe: flip #1020 ok=true present=5ms inter_flip_ms=160 drawcalls-since-flip=319 drawcalls-total=104347 fail-total=0 null-skips-total=0
[09:08:35] [info] tas: stall frame 167 ms -> contributing 1 tick (patch 0286)
[09:08:35] [info] tas: stall frame 164 ms -> contributing 1 tick (patch 0286)
[09:08:36] [info] tas: stall frame 164 ms -> contributing 1 tick (patch 0286)
[09:08:36] [info] tas: stall frame 168 ms -> contributing 1 tick (patch 0286)
[09:08:36] [info] tas: stall frame 168 ms -> contributing 1 tick (patch 0286)
[09:08:36] [info] tas: stall frame 166 ms -> contributing 1 tick (patch 0286)
[09:08:36] [info] tas: stall frame 169 ms -> contributing 1 tick (patch 0286)
[09:08:37] [info] tas: stall frame 166 ms -> contributing 1 tick (patch 0286)
[09:08:37] [info] tas: stall frame 167 ms -> contributing 1 tick (patch 0286)
[09:08:37] [info] flip-probe: flip #1030 ok=true present=5ms inter_flip_ms=167 drawcalls-since-flip=359 drawcalls-total=107897 fail-total=0 null-skips-total=0
[09:08:37] [info] tas: stall frame 175 ms -> contributing 1 tick (patch 0286)
[09:08:37] [info] tas: stall frame 165 ms -> contributing 1 tick (patch 0286)
[09:08:37] [info]  >> Entering stage 19: 'Assembly Hall'.
[09:08:37] [info] [skip-sheet-flush] cave=8
[09:08:38] [info] [load-stage] preloading entry music song=9 (cave=8)
[09:08:38] [info] gameloop: entered (curmap=19, running=1)
[09:08:38] [info] gameloop: iter 1 ticks=226540 mapno=-1
[09:08:38] [info] mds-clear-lut: rebuilt N=240 entries (k_skip=100% k_keep=0%; curmap=19 map_size=21x16; rebuild #6 since boot)
[09:08:39] [info] gameloop: iter 2 ticks=226730 mapno=-1
[09:08:39] [info] tas: stall frame 189 ms -> contributing 1 tick (patch 0286)
[09:08:39] [info] gameloop: iter 3 ticks=226907 mapno=-1
[09:08:39] [info] tas: stall frame 177 ms -> contributing 1 tick (patch 0286)
[09:08:39] [info] tas: stall frame 166 ms -> contributing 1 tick (patch 0286)
[09:08:39] [info] tas: stall frame 168 ms -> contributing 1 tick (patch 0286)
[09:08:39] [info] tas: stall frame 166 ms -> contributing 1 tick (patch 0286)
[09:08:39] [info] tas: stall frame 167 ms -> contributing 1 tick (patch 0286)
[09:08:40] [info] flip-probe: flip #1040 ok=true present=4ms inter_flip_ms=169 drawcalls-since-flip=463 drawcalls-total=111863 fail-total=0 null-skips-total=0
[09:08:40] [info] tas: stall frame 177 ms -> contributing 1 tick (patch 0286)
[09:08:40] [info] tas: stall frame 169 ms -> contributing 1 tick (patch 0286)
[09:08:40] [info] tas: stall frame 172 ms -> contributing 1 tick (patch 0286)
[09:08:40] [info] tas: stall frame 164 ms -> contributing 1 tick (patch 0286)
[09:08:40] [info] tas: stall frame 162 ms -> contributing 1 tick (patch 0286)
[09:08:41] [info] tas: stall frame 160 ms -> contributing 1 tick (patch 0286)
[09:08:41] [info] tas: stall frame 157 ms -> contributing 1 tick (patch 0286)
[09:08:41] [info] tas: stall frame 156 ms -> contributing 1 tick (patch 0286)
[09:08:41] [info] flip-probe: flip #1050 ok=true present=4ms inter_flip_ms=87 drawcalls-since-flip=171 drawcalls-total=115725 fail-total=0 null-skips-total=0
[09:08:42] [info] flip-probe: flip #1060 ok=true present=5ms inter_flip_ms=117 drawcalls-since-flip=121 drawcalls-total=116925 fail-total=0 null-skips-total=0
[09:08:44] [info] flip-probe: flip #1070 ok=true present=4ms inter_flip_ms=135 drawcalls-since-flip=121 drawcalls-total=118147 fail-total=0 null-skips-total=0
[09:08:44] [info] tas: stall frame 160 ms -> contributing 1 tick (patch 0286)
[09:08:45] [info] flip-probe: flip #1080 ok=true present=4ms inter_flip_ms=118 drawcalls-since-flip=121 drawcalls-total=119363 fail-total=0 null-skips-total=0
[09:08:46] [info] flip-probe: flip #1090 ok=true present=4ms inter_flip_ms=127 drawcalls-since-flip=121 drawcalls-total=120573 fail-total=0 null-skips-total=0
[09:08:46] [info] tas: stall frame 174 ms -> contributing 1 tick (patch 0286)
[09:08:47] [info] tas: stall frame 171 ms -> contributing 1 tick (patch 0286)
[09:08:47] [info] tas: stall frame 167 ms -> contributing 1 tick (patch 0286)
[09:08:47] [info] tas: stall frame 165 ms -> contributing 1 tick (patch 0286)
[09:08:47] [info] tas: stall frame 168 ms -> contributing 1 tick (patch 0286)
[09:08:47] [info] tas: stall frame 167 ms -> contributing 1 tick (patch 0286)
[09:08:47] [info] tas: stall frame 168 ms -> contributing 1 tick (patch 0286)
[09:08:48] [info] flip-probe: flip #1100 ok=true present=4ms inter_flip_ms=167 drawcalls-since-flip=462 drawcalls-total=124797 fail-total=0 null-skips-total=0
[09:08:48] [info] alpha audit block 0: 21110 total drawcalls, 0 with alpha<255 (block pct_x10=0; global 0/115080 pct_x10=0); alpha-mod skipped: block=0 global=0
[09:08:48] [info] fastpath audit block 0: taken=21110 (idx8=21110) skipped=0 pct_x10=1000; global taken=115080 (idx8=115080) skipped=0 pct_x10=1000
[09:08:48] [info] primitive tally block 0: clear=201(hr=201) fill=0(hr=0) rect=0(hr=0) line=0(hr=0) tint=0 spotlight=0 (over 100 flips ending at flip 1100)
[09:08:48] [info] color/alpha audit block 0: cmod_white=804 cmod_black=804 (idx=804) cmod_general=0 (idx=0) cmod_fb=0; alpha_taken=0 alpha_skipped=0 (global cmod=9604/8098/693/0 idx=8098/693 alpha=0/0)
[09:08:48] [info] phase timing block 0: drawcalls=22986 dc_total_ms=2948 flip_inner_total_ms=1737 inter_flip_total_ms=15288 (per-flip avg x10: dc_ms=294 fi_ms=173 if_ms=1528 derived audio+engine_ms=1061; per-drawcall avg us_x10=1282) [direct-vesa: presents=100 total_ms=413 avg_ms_x10=41 failed=0] [ablation: NO_DC_TIMING=0 CACHE_WINSURF=0 DIRECT_VESA=1]
[09:08:48] [info] kbd/audio block 0: kbd_irq=0 kbd_drain=0 ring_chunks=16 pump_pass=3884 pic1_mask=0xb8 first_irq_ticks=0 install_ticks=0 vector_at_install=0x0083e410 pic1_mask_live=0x98 kbd_8042_stat=0x34 bios_kbd_head=0x0038 bios_kbd_tail=0x0038 bios_kbd_buf0=0x0e08
[09:08:48] [info] audio/engine split block 0: audio_mixer_calls=456 audio_mixer_ms_x10=195 engine_tick_calls=0 engine_tick_ms_x10=0 audio_service_calls=0 audio_service_ms_x10=0 (per-flip avg; per-call us_x10: audio_mix=42973 engine_tick=0 audio_service=0; global ns: audio_mix=19349226386 engine_tick=19025593781 audio_service=0)
[09:08:48] [info] dirty-rect block @flip=1100: total_calls=0 dirty_rects_avg=1 dirty_pct_x10=1000 forced_full=0 first_n_force=0 threshold_exceeded=0 dirty_path_taken=0 full_flush_taken=0
[09:08:48] [info] prev-frame-diff block @flip=1100: diff_calls=0 diff_rects_avg=0 diff_dirty_pct_x10=0 bbox_pct_x10=0 bbox_thresh_exceeded=0
[09:08:48] [info] tas: stall frame 251 ms -> contributing 1 tick (patch 0286)
[09:08:48] [info] tas: stall frame 165 ms -> contributing 1 tick (patch 0286)
[09:08:48] [info] tas: stall frame 167 ms -> contributing 1 tick (patch 0286)
[09:08:48] [info] tas: stall frame 167 ms -> contributing 1 tick (patch 0286)
[09:08:48] [info] tas: stall frame 181 ms -> contributing 1 tick (patch 0286)
[09:08:49] [info] tas: stall frame 165 ms -> contributing 1 tick (patch 0286)
[09:08:49] [info]  >> Entering stage 11: 'Mimiga Village'.
[09:08:49] [info] [skip-sheet-flush] cave=9
[09:08:50] [info] [load-stage] preloading entry music song=9 (cave=9)
[09:08:50] [info] gameloop: entered (curmap=11, running=1)
[09:08:50] [info] gameloop: iter 1 ticks=238045 mapno=-1
[09:08:50] [info] mds-clear-lut: rebuilt N=240 entries (k_skip=0% k_keep=100%; curmap=11 map_size=60x60; rebuild #7 since boot)
[09:08:50] [info] gameloop: iter 2 ticks=238240 mapno=-1
[09:08:50] [info] tas: stall frame 194 ms -> contributing 1 tick (patch 0286)
[09:08:50] [info] gameloop: iter 3 ticks=238413 mapno=-1
[09:08:50] [info] tas: stall frame 173 ms -> contributing 1 tick (patch 0286)
[09:08:50] [info] flip-probe: flip #1110 ok=true present=4ms inter_flip_ms=174 drawcalls-since-flip=384 drawcalls-total=128479 fail-total=0 null-skips-total=0
[09:08:50] [info] tas: stall frame 173 ms -> contributing 1 tick (patch 0286)
[09:08:51] [info] run_tick_fixed #3900: heartbeat (loop alive)
[09:08:51] [info] tas: stall frame 175 ms -> contributing 1 tick (patch 0286)
[09:08:51] [info] tas: stall frame 167 ms -> contributing 1 tick (patch 0286)
[09:08:51] [info] tas: stall frame 185 ms -> contributing 1 tick (patch 0286)
[09:08:51] [info] tas: stall frame 188 ms -> contributing 1 tick (patch 0286)
[09:08:52] [info] tas: stall frame 168 ms -> contributing 1 tick (patch 0286)
[09:08:52] [info] tas: stall frame 169 ms -> contributing 1 tick (patch 0286)
[09:08:52] [info] tas: stall frame 177 ms -> contributing 1 tick (patch 0286)
[09:08:52] [info] tas: stall frame 164 ms -> contributing 1 tick (patch 0286)
[09:08:52] [info] flip-probe: flip #1120 ok=true present=4ms inter_flip_ms=162 drawcalls-since-flip=344 drawcalls-total=132239 fail-total=0 null-skips-total=0
[09:08:52] [info] tas: stall frame 170 ms -> contributing 1 tick (patch 0286)
[09:08:52] [info] tas: stall frame 170 ms -> contributing 1 tick (patch 0286)
[09:08:53] [info] backdrop cache: thrashing-detect engaged (streak=4, route=direct)
[09:08:53] [info] tas: stall frame 157 ms -> contributing 1 tick (patch 0286)
[09:08:54] [info] flip-probe: flip #1130 ok=true present=5ms inter_flip_ms=158 drawcalls-since-flip=46 drawcalls-total=133306 fail-total=0 null-skips-total=0
[09:08:54] [info] tas: stall frame 165 ms -> contributing 1 tick (patch 0286)
[09:08:55] [info] flip-probe: flip #1140 ok=true present=5ms inter_flip_ms=88 drawcalls-since-flip=42 drawcalls-total=133733 fail-total=0 null-skips-total=0
[09:08:56] [info] flip-probe: flip #1150 ok=true present=4ms inter_flip_ms=122 drawcalls-since-flip=42 drawcalls-total=134160 fail-total=0 null-skips-total=0
[09:08:57] [info] flip-probe: flip #1160 ok=true present=4ms inter_flip_ms=125 drawcalls-since-flip=44 drawcalls-total=134602 fail-total=0 null-skips-total=0
[09:08:59] [info] flip-probe: flip #1170 ok=true present=4ms inter_flip_ms=123 drawcalls-since-flip=42 drawcalls-total=135031 fail-total=0 null-skips-total=0
[09:09:00] [info] flip-probe: flip #1180 ok=true present=4ms inter_flip_ms=134 drawcalls-since-flip=43 drawcalls-total=135453 fail-total=0 null-skips-total=0
[09:09:00] [info] backdrop cache: thrashing-detect engaged (streak=64, route=direct)
[09:09:01] [info] flip-probe: flip #1190 ok=true present=4ms inter_flip_ms=145 drawcalls-since-flip=43 drawcalls-total=135887 fail-total=0 null-skips-total=0
[09:09:01] [info] tas: stall frame 152 ms -> contributing 1 tick (patch 0286)
[09:09:01] [info] tas: stall frame 166 ms -> contributing 1 tick (patch 0286)
[09:09:02] [info] flip-probe: flip #1200 ok=true present=4ms inter_flip_ms=123 drawcalls-since-flip=40 drawcalls-total=136298 fail-total=0 null-skips-total=0
[09:09:02] [info] alpha audit block 0: 10108 total drawcalls, 0 with alpha<255 (block pct_x10=0; global 0/125188 pct_x10=0); alpha-mod skipped: block=0 global=0
[09:09:02] [info] fastpath audit block 0: taken=10108 (idx8=10108) skipped=0 pct_x10=1000; global taken=125188 (idx8=125188) skipped=0 pct_x10=1000
[09:09:02] [info] primitive tally block 0: clear=202(hr=202) fill=0(hr=0) rect=0(hr=0) line=0(hr=0) tint=0 spotlight=0 (over 100 flips ending at flip 1200)
[09:09:02] [info] color/alpha audit block 0: cmod_white=1293 cmod_black=1293 (idx=1293) cmod_general=0 (idx=0) cmod_fb=0; alpha_taken=0 alpha_skipped=0 (global cmod=10897/9391/693/0 idx=9391/693 alpha=0/0)
[09:09:02] [info] phase timing block 0: drawcalls=12921 dc_total_ms=2044 flip_inner_total_ms=1695 inter_flip_total_ms=14751 (per-flip avg x10: dc_ms=204 fi_ms=169 if_ms=1475 derived audio+engine_ms=1102; per-drawcall avg us_x10=1582) [direct-vesa: presents=100 total_ms=412 avg_ms_x10=41 failed=0] [ablation: NO_DC_TIMING=0 CACHE_WINSURF=0 DIRECT_VESA=1]
[09:09:02] [info] kbd/audio block 0: kbd_irq=0 kbd_drain=0 ring_chunks=16 pump_pass=4291 pic1_mask=0xb8 first_irq_ticks=0 install_ticks=0 vector_at_install=0x0083e410 pic1_mask_live=0x98 kbd_8042_stat=0x34 bios_kbd_head=0x0038 bios_kbd_tail=0x0038 bios_kbd_buf0=0x0e08
[09:09:02] [info] audio/engine split block 0: audio_mixer_calls=456 audio_mixer_ms_x10=197 engine_tick_calls=0 engine_tick_ms_x10=0 audio_service_calls=0 audio_service_ms_x10=0 (per-flip avg; per-call us_x10: audio_mix=43293 engine_tick=0 audio_service=0; global ns: audio_mix=21323418038 engine_tick=19025593781 audio_service=0)
[09:09:02] [info] dirty-rect block @flip=1200: total_calls=0 dirty_rects_avg=1 dirty_pct_x10=1000 forced_full=0 first_n_force=0 threshold_exceeded=0 dirty_path_taken=0 full_flush_taken=0
[09:09:02] [info] prev-frame-diff block @flip=1200: diff_calls=0 diff_rects_avg=0 diff_dirty_pct_x10=0 bbox_pct_x10=0 bbox_thresh_exceeded=0
[09:09:02] [info] tas: stall frame 208 ms -> contributing 1 tick (patch 0286)
[09:09:03] [info] tas: stall frame 169 ms -> contributing 1 tick (patch 0286)
[09:09:03] [info] tas: stall frame 186 ms -> contributing 1 tick (patch 0286)
[09:09:03] [info] tas: stall frame 172 ms -> contributing 1 tick (patch 0286)
[09:09:03] [info] tas: stall frame 169 ms -> contributing 1 tick (patch 0286)
[09:09:04] [info] tas: stall frame 170 ms -> contributing 1 tick (patch 0286)
[09:09:04] [info] tas: stall frame 169 ms -> contributing 1 tick (patch 0286)
[09:09:04] [info] tas: stall frame 169 ms -> contributing 1 tick (patch 0286)
[09:09:04] [info] flip-probe: flip #1210 ok=true present=4ms inter_flip_ms=169 drawcalls-since-flip=382 drawcalls-total=139396 fail-total=0 null-skips-total=0
[09:09:04] [info] tas: stall frame 176 ms -> contributing 1 tick (patch 0286)
[09:09:04] [info] tas: stall frame 170 ms -> contributing 1 tick (patch 0286)
[09:09:05] [info] tas: stall frame 173 ms -> contributing 1 tick (patch 0286)
[09:09:05] [info] tas: stall frame 174 ms -> contributing 1 tick (patch 0286)
[09:09:05] [info] tas: stall frame 167 ms -> contributing 1 tick (patch 0286)
[09:09:05] [info]  >> Entering stage 14: 'Shack'.
[09:09:05] [info] [skip-sheet-flush] cave=10
[09:09:06] [info] [load-stage] preloading entry music song=8 (cave=10)
[09:09:06] [info] [music-dispatch] tick=4330 song=8 (prev 9)
[09:09:12] [info] Organya pre-render: cache HIT VIVI (6322176 bytes from CACHE; 2 ch; synth skipped).
[09:09:12] [info] gameloop: entered (curmap=14, running=1)
[09:09:12] [info] gameloop: iter 1 ticks=259830 mapno=-1
[09:09:12] [info] gameloop: iter 2 ticks=259984 mapno=-1
[09:09:12] [info] tas: stall frame 153 ms -> contributing 1 tick (patch 0286)
[09:09:12] [info] gameloop: iter 3 ticks=260146 mapno=-1
[09:09:12] [info] tas: stall frame 162 ms -> contributing 1 tick (patch 0286)
[09:09:12] [info] flip-probe: flip #1220 ok=true present=5ms inter_flip_ms=163 drawcalls-since-flip=365 drawcalls-total=142461 fail-total=0 null-skips-total=0
[09:09:12] [info] tas: stall frame 163 ms -> contributing 1 tick (patch 0286)
[09:09:12] [info] tas: stall frame 156 ms -> contributing 1 tick (patch 0286)
[09:09:13] [info] tas: stall frame 158 ms -> contributing 1 tick (patch 0286)
[09:09:13] [info] tas: stall frame 160 ms -> contributing 1 tick (patch 0286)
[09:09:13] [info] tas: stall frame 158 ms -> contributing 1 tick (patch 0286)
[09:09:13] [info] tas: stall frame 156 ms -> contributing 1 tick (patch 0286)
[09:09:13] [info] tas: stall frame 156 ms -> contributing 1 tick (patch 0286)
[09:09:13] [info] tas: stall frame 155 ms -> contributing 1 tick (patch 0286)
[09:09:14] [info] tas: stall frame 154 ms -> contributing 1 tick (patch 0286)
[09:09:14] [info] flip-probe: flip #1230 ok=true present=4ms inter_flip_ms=116 drawcalls-since-flip=341 drawcalls-total=146071 fail-total=0 null-skips-total=0
[09:09:15] [info] flip-probe: flip #1240 ok=true present=5ms inter_flip_ms=111 drawcalls-since-flip=23 drawcalls-total=146539 fail-total=0 null-skips-total=0
[09:09:16] [info] flip-probe: flip #1250 ok=true present=4ms inter_flip_ms=107 drawcalls-since-flip=24 drawcalls-total=146789 fail-total=0 null-skips-total=0
[09:09:17] [info] flip-probe: flip #1260 ok=true present=4ms inter_flip_ms=106 drawcalls-since-flip=23 drawcalls-total=147019 fail-total=0 null-skips-total=0
[09:09:18] [info] flip-probe: flip #1270 ok=true present=4ms inter_flip_ms=106 drawcalls-since-flip=23 drawcalls-total=147249 fail-total=0 null-skips-total=0
[09:09:18] [info] tas: stall frame 170 ms -> contributing 1 tick (patch 0286)
[09:09:19] [info] tas: stall frame 153 ms -> contributing 1 tick (patch 0286)
[09:09:19] [info] tas: stall frame 156 ms -> contributing 1 tick (patch 0286)
[09:09:19] [info] flip-probe: flip #1280 ok=true present=4ms inter_flip_ms=155 drawcalls-since-flip=341 drawcalls-total=148347 fail-total=0 null-skips-total=0
[09:09:19] [info] tas: stall frame 164 ms -> contributing 1 tick (patch 0286)
[09:09:20] [info] tas: stall frame 155 ms -> contributing 1 tick (patch 0286)
[09:09:20] [info] tas: stall frame 155 ms -> contributing 1 tick (patch 0286)
[09:09:20] [info] tas: stall frame 156 ms -> contributing 1 tick (patch 0286)
[09:09:20] [info] tas: stall frame 157 ms -> contributing 1 tick (patch 0286)
[09:09:20] [info] tas: stall frame 157 ms -> contributing 1 tick (patch 0286)
[09:09:20] [info] tas: stall frame 158 ms -> contributing 1 tick (patch 0286)
[09:09:21] [info] tas: stall frame 154 ms -> contributing 1 tick (patch 0286)
[09:09:21] [info] tas: stall frame 155 ms -> contributing 1 tick (patch 0286)
[09:09:21] [info] flip-probe: flip #1290 ok=true present=4ms inter_flip_ms=161 drawcalls-since-flip=365 drawcalls-total=151981 fail-total=0 null-skips-total=0
[09:09:21] [info] tas: stall frame 168 ms -> contributing 1 tick (patch 0286)
[09:09:21] [info] tas: stall frame 157 ms -> contributing 1 tick (patch 0286)
[09:09:21] [info] tas: stall frame 153 ms -> contributing 1 tick (patch 0286)
[09:09:21] [info]  >> Entering stage 11: 'Mimiga Village'.
[09:09:21] [info] [skip-sheet-flush] cave=11
[09:09:22] [info] [load-stage] preloading entry music song=9 (cave=11)
[09:09:22] [info] [music-dispatch] tick=4612 song=9 (prev 8)
[09:09:27] [info] Organya pre-render: cache HIT MURA (5927040 bytes from CACHE; 2 ch; synth skipped).
[09:09:28] [info] gameloop: entered (curmap=11, running=1)
[09:09:28] [info] gameloop: iter 1 ticks=275660 mapno=-1
[09:09:28] [info] gameloop: iter 2 ticks=275844 mapno=-1
[09:09:28] [info] tas: stall frame 182 ms -> contributing 1 tick (patch 0286)
[09:09:28] [info] gameloop: iter 3 ticks=276016 mapno=-1
[09:09:28] [info] tas: stall frame 173 ms -> contributing 1 tick (patch 0286)
[09:09:28] [info] tas: stall frame 165 ms -> contributing 1 tick (patch 0286)
[09:09:28] [info] tas: stall frame 164 ms -> contributing 1 tick (patch 0286)
[09:09:28] [info] tas: stall frame 168 ms -> contributing 1 tick (patch 0286)
[09:09:29] [info] flip-probe: flip #1300 ok=true present=5ms inter_flip_ms=165 drawcalls-since-flip=382 drawcalls-total=155381 fail-total=0 null-skips-total=0
[09:09:29] [info] alpha audit block 0: 18376 total drawcalls, 0 with alpha<255 (block pct_x10=0; global 0/143564 pct_x10=0); alpha-mod skipped: block=0 global=0
[09:09:29] [info] fastpath audit block 0: taken=18376 (idx8=18376) skipped=0 pct_x10=1000; global taken=143564 (idx8=143564) skipped=0 pct_x10=1000
[09:09:29] [info] primitive tally block 0: clear=203(hr=203) fill=0(hr=0) rect=0(hr=0) line=0(hr=0) tint=0 spotlight=0 (over 100 flips ending at flip 1300)
[09:09:29] [info] color/alpha audit block 0: cmod_white=684 cmod_black=684 (idx=684) cmod_general=0 (idx=0) cmod_fb=0; alpha_taken=0 alpha_skipped=0 (global cmod=11581/10075/693/0 idx=10075/693 alpha=0/0)
[09:09:29] [info] phase timing block 0: drawcalls=19953 dc_total_ms=2762 flip_inner_total_ms=1764 inter_flip_total_ms=26192 (per-flip avg x10: dc_ms=276 fi_ms=176 if_ms=2619 derived audio+engine_ms=2167; per-drawcall avg us_x10=1384) [direct-vesa: presents=100 total_ms=415 avg_ms_x10=41 failed=0] [ablation: NO_DC_TIMING=0 CACHE_WINSURF=0 DIRECT_VESA=1]
[09:09:29] [info] kbd/audio block 0: kbd_irq=0 kbd_drain=0 ring_chunks=16 pump_pass=4619 pic1_mask=0xb8 first_irq_ticks=0 install_ticks=0 vector_at_install=0x0083e410 pic1_mask_live=0x98 kbd_8042_stat=0x34 bios_kbd_head=0x0038 bios_kbd_tail=0x0038 bios_kbd_buf0=0x0e08
[09:09:29] [info] audio/engine split block 0: audio_mixer_calls=456 audio_mixer_ms_x10=197 engine_tick_calls=0 engine_tick_ms_x10=0 audio_service_calls=0 audio_service_ms_x10=0 (per-flip avg; per-call us_x10: audio_mix=43290 engine_tick=0 audio_service=0; global ns: audio_mix=23297480621 engine_tick=19025593781 audio_service=0)
[09:09:29] [info] dirty-rect block @flip=1300: total_calls=0 dirty_rects_avg=1 dirty_pct_x10=1000 forced_full=0 first_n_force=0 threshold_exceeded=0 dirty_path_taken=0 full_flush_taken=0
[09:09:29] [info] prev-frame-diff block @flip=1300: diff_calls=0 diff_rects_avg=0 diff_dirty_pct_x10=0 bbox_pct_x10=0 bbox_thresh_exceeded=0
[09:09:29] [info] tas: stall frame 258 ms -> contributing 1 tick (patch 0286)
[09:09:29] [info] tas: stall frame 165 ms -> contributing 1 tick (patch 0286)
[09:09:29] [info] tas: stall frame 183 ms -> contributing 1 tick (patch 0286)
[09:09:29] [info] tas: stall frame 169 ms -> contributing 1 tick (patch 0286)
[09:09:30] [info] tas: stall frame 174 ms -> contributing 1 tick (patch 0286)
[09:09:30] [info] tas: stall frame 164 ms -> contributing 1 tick (patch 0286)
[09:09:30] [info] tas: stall frame 159 ms -> contributing 1 tick (patch 0286)
[09:09:30] [info] tas: stall frame 169 ms -> contributing 1 tick (patch 0286)
[09:09:30] [info] tas: stall frame 155 ms -> contributing 1 tick (patch 0286)
[09:09:30] [info] flip-probe: flip #1310 ok=true present=4ms inter_flip_ms=162 drawcalls-since-flip=270 drawcalls-total=158865 fail-total=0 null-skips-total=0
[09:09:30] [info] tas: stall frame 169 ms -> contributing 1 tick (patch 0286)
[09:09:31] [info] backdrop cache: thrashing-detect engaged (streak=4, route=direct)
[09:09:32] [info] flip-probe: flip #1320 ok=true present=4ms inter_flip_ms=85 drawcalls-since-flip=42 drawcalls-total=159509 fail-total=0 null-skips-total=0
[09:09:33] [info] flip-probe: flip #1330 ok=true present=4ms inter_flip_ms=144 drawcalls-since-flip=46 drawcalls-total=159954 fail-total=0 null-skips-total=0
[09:09:33] [info] tas: stall frame 151 ms -> contributing 1 tick (patch 0286)
[09:09:34] [info] flip-probe: flip #1340 ok=true present=4ms inter_flip_ms=124 drawcalls-since-flip=42 drawcalls-total=160381 fail-total=0 null-skips-total=0
[09:09:35] [info] flip-probe: flip #1350 ok=true present=4ms inter_flip_ms=132 drawcalls-since-flip=44 drawcalls-total=160826 fail-total=0 null-skips-total=0
[09:09:37] [info] flip-probe: flip #1360 ok=true present=4ms inter_flip_ms=134 drawcalls-since-flip=45 drawcalls-total=161273 fail-total=0 null-skips-total=0
[09:09:38] [info] flip-probe: flip #1370 ok=true present=4ms inter_flip_ms=125 drawcalls-since-flip=44 drawcalls-total=161709 fail-total=0 null-skips-total=0
[09:09:38] [info] backdrop cache: thrashing-detect engaged (streak=64, route=direct)
[09:09:39] [info] flip-probe: flip #1380 ok=true present=5ms inter_flip_ms=124 drawcalls-since-flip=46 drawcalls-total=162160 fail-total=0 null-skips-total=0
[09:09:40] [info] flip-probe: flip #1390 ok=true present=4ms inter_flip_ms=125 drawcalls-since-flip=44 drawcalls-total=162603 fail-total=0 null-skips-total=0
[09:09:42] [info] flip-probe: flip #1400 ok=true present=4ms inter_flip_ms=130 drawcalls-since-flip=44 drawcalls-total=163043 fail-total=0 null-skips-total=0
[09:09:42] [info] alpha audit block 0: 6262 total drawcalls, 0 with alpha<255 (block pct_x10=0; global 0/149826 pct_x10=0); alpha-mod skipped: block=0 global=0
[09:09:42] [info] fastpath audit block 0: taken=6262 (idx8=6262) skipped=0 pct_x10=1000; global taken=149826 (idx8=149826) skipped=0 pct_x10=1000
[09:09:42] [info] primitive tally block 0: clear=200(hr=200) fill=0(hr=0) rect=0(hr=0) line=0(hr=0) tint=0 spotlight=0 (over 100 flips ending at flip 1400)
[09:09:42] [info] color/alpha audit block 0: cmod_white=1300 cmod_black=1300 (idx=1300) cmod_general=0 (idx=0) cmod_fb=0; alpha_taken=0 alpha_skipped=0 (global cmod=12881/11375/693/0 idx=11375/693 alpha=0/0)
[09:09:42] [info] phase timing block 0: drawcalls=9076 dc_total_ms=1609 flip_inner_total_ms=1687 inter_flip_total_ms=12995 (per-flip avg x10: dc_ms=160 fi_ms=168 if_ms=1299 derived audio+engine_ms=971; per-drawcall avg us_x10=1773) [direct-vesa: presents=100 total_ms=413 avg_ms_x10=41 failed=0] [ablation: NO_DC_TIMING=0 CACHE_WINSURF=0 DIRECT_VESA=1]
[09:09:42] [info] kbd/audio block 0: kbd_irq=0 kbd_drain=0 ring_chunks=16 pump_pass=5074 pic1_mask=0xb8 first_irq_ticks=0 install_ticks=0 vector_at_install=0x0083e410 pic1_mask_live=0x98 kbd_8042_stat=0x34 bios_kbd_head=0x0038 bios_kbd_tail=0x0038 bios_kbd_buf0=0x0e08
[09:09:42] [info] audio/engine split block 0: audio_mixer_calls=456 audio_mixer_ms_x10=197 engine_tick_calls=0 engine_tick_ms_x10=0 audio_service_calls=0 audio_service_ms_x10=0 (per-flip avg; per-call us_x10: audio_mix=43222 engine_tick=0 audio_service=0; global ns: audio_mix=25268426325 engine_tick=19025593781 audio_service=0)
[09:09:42] [info] dirty-rect block @flip=1400: total_calls=0 dirty_rects_avg=1 dirty_pct_x10=1000 forced_full=0 first_n_force=0 threshold_exceeded=0 dirty_path_taken=0 full_flush_taken=0
[09:09:42] [info] prev-frame-diff block @flip=1400: diff_calls=0 diff_rects_avg=0 diff_dirty_pct_x10=0 bbox_pct_x10=0 bbox_thresh_exceeded=0
[09:09:42] [info] tas: stall frame 218 ms -> contributing 1 tick (patch 0286)
[09:09:43] [info] flip-probe: flip #1410 ok=true present=4ms inter_flip_ms=74 drawcalls-since-flip=59 drawcalls-total=163513 fail-total=0 null-skips-total=0
[09:09:44] [info] flip-probe: flip #1420 ok=true present=4ms inter_flip_ms=111 drawcalls-since-flip=59 drawcalls-total=164103 fail-total=0 null-skips-total=0
[09:09:45] [info] flip-probe: flip #1430 ok=true present=5ms inter_flip_ms=110 drawcalls-since-flip=59 drawcalls-total=164693 fail-total=0 null-skips-total=0
[09:09:45] [info] backdrop cache: thrashing-detect engaged (streak=124, route=direct)
[09:09:46] [info] flip-probe: flip #1440 ok=true present=5ms inter_flip_ms=110 drawcalls-since-flip=59 drawcalls-total=165283 fail-total=0 null-skips-total=0
[09:09:46] [info] tas: end-of-replay auto-exit at tick 5140 (recording exhausted; set DOSKUTSU_TAS_REPLAY_HOLD=1 to disable + observe steady-state past recording end)
[09:09:46] [info] Script engine shutdown.
[09:09:47] [info] Sound system shutdown
[09:09:47] [info] Renderer::Close()
[09:09:47] [info] tas: replay file closed
[09:09:47] [info] [fps-true] flips=1442 render_s=290 fps_mean=4.9 (clock-independent: flips / seconds since the FIRST flip; use THIS for the fps matrix, not inter_flip medians, which are invalid in any cell running the PIT/IRQ-0 music pump)
[RUNMANIFEST-BEGIN]
schema_version=2
environment=realhw
binary_sha12=UNKNOWN
binary_sha12_src=unknown
build_sha12=1f79ce20e4ee
organya_cache_key=1f79ce20e4ee
wave_tag=5XH2
scene=
env_block_sha=569497bba35c
started_rtc_local=2026-11-21T06:57:45
duration_s=306
exit_code=0
fps_true_flips=1442
fps_true_render_s=290
reel_ticks=5140
reel_game_seconds=102.8
per_loop_fps=14.0
overhead_s=188
music_pump_active=0
cpu_vendor=GenuineIntel
cpu_have_cpuid=1
cpu_family=4
cpu_model=3
cpu_stepping=5
cpu_mhz_est=49
cpu_has_fpu=1
cpu_class=486_slow
audio_backend=organya
video_logical_wxh=320x240
video_logical_bpp=8
video_vram_kb=4096
video_lfb_or_banked=lfb
audio_is_sb16=1
audio_dsp_ver=4.13
audio_dma_path=16bit-high
audio_force_8bit=0
audio_dma_channel=5
fps_p50=8.0
fps_p95=6.0
fps_sample_n=144
fps_sample_interval=10
pump_clock_state=no-pump
audio_vital_status=NA
regime=NA
banner_required_hit=0
banner_required_total=0
banner_forbidden_hit=0
banner_optional_hit=0
critical_count=0
warn_count=0
perstage_count=12
perstage_00=stage:72 ticks:95 flips:95 fps:50.0
perstage_01=stage:1005 ticks:80 flips:80 fps:50.0
perstage_02=stage:20 ticks:121 flips:30 fps:12.3
perstage_03=stage:11 ticks:459 flips:118 fps:12.8
perstage_04=stage:17 ticks:771 flips:218 fps:14.1
perstage_05=stage:11 ticks:547 flips:131 fps:11.9
perstage_06=stage:15 ticks:664 flips:153 fps:11.5
perstage_07=stage:11 ticks:892 flips:207 fps:11.6
perstage_08=stage:19 ticks:266 flips:74 fps:13.9
perstage_09=stage:11 ticks:435 flips:110 fps:12.6
perstage_10=stage:14 ticks:282 flips:77 fps:13.6
perstage_11=stage:11 ticks:528 flips:148 fps:14.0
[RUNMANIFEST-END]
[09:09:47] [info] [runmanifest-emit] schema=v2 env=realhw binary_sha12=UNKNOWN(unknown) build_sha12=1f79ce20e4ee per_loop_fps=14.0 overhead_s=188 pump=0 dur=306s tag='5XH2' scene='' (signals=0x4)
