Logger::init: wave-53 log level=INFO path='LOGS/622.LOG'
[11:03:18] [info] config: loaded DOSKUTSU.CFG (4 keys)
[11:03:18] [info] tas: PRNG seed forced to 12345 via DOSKUTSU_TAS_PRNG_SEED
[11:03:18] [info] tas: auto-exit armed at tick 30000 via DOSKUTSU_TAS_AUTO_EXIT_TICK
[11:03:18] [info] tas: replay opened path='QA.TAS' header_seed=12345
[11:03:18] [info] AUDIO_BACKEND=gus -- bridged ULTRASND='240,3,3,7,7' ULTRADIR='C:\ULTRASND' from env into the GUS SDL hints (SDL reads hints, not env).
[11:03:18] [info] AUDIO_BACKEND=gus -- bridged 2 GUS_* diag/probe hint(s) from DOS env into the SDL hint table (DOSBox-X env-read workaround).
[11:03:18] [info] AUDIO_BACKEND=gus -- omitting SDL_INIT_AUDIO (no Sound Blaster on a Gravis Ultrasound config; the GF1 is driven out-of-band via the SDL/0112 exports + the PIT/IRQ-0 music pump). SoundManager::init() STILL RUNS (unlike AUDIO_OFF) to bring up the GF1 backend. MUSIC ONLY this phase (#27) -- GF1 SFX = #28.
[11:03:19] [info] data cache: DISABLED (default)
[11:03:19] [info] Joystick: skipped (default; set DOSKUTSU_USE_JOYSTICK=1 to enable -- skips SDL3-DOS gameport BIOS INT 15h polling, ~82 ms / flip on real HW)
[11:03:19] [info] Loading settings...
[11:03:19] [info] [input-bind] applied=0 invert_y=0 dos_axes=1
[11:03:19] [info] Renderer::initVideo: 8bpp mode requested via SDL_HINT_DOS_MAX_BPP=8 (wave 16); SDL3-DOS will pick the highest-bpp <= 8 mode at requested resolution
[11:03:19] [info] Renderer::initVideo: DOS resolution-label lock ENABLED (default)
[11:03:20] [info] Renderer::initVideo: using: software renderer
[11:03:22] [info] Renderer::initVideo: dirty-rect tracking ENABLED (wave 15, default ON; set SDL_HINT_DOSKUTSU_DIRTY_RECTS=0 to disable)
[11:03:22] [info] Renderer::initVideo: ablation flags: NO_DC_TIMING=0 CACHE_WINSURF=0 NO_INPUT_POLL=0 DIRECT_VESA=1
[11:03:22] [info] Renderer::initVideo: direct-VESA hot path ENABLED (default since wave 20 patch 0088; bypasses SDL_RenderPresent / SDL_UpdateWindowSurface and writes via SDL/0034's PresentFull helper; R2 mitigation handled by SDL/0034 generation counter -- no per-N-flip heartbeat needed; set SDL_HINT_DOSKUTSU_DIRECT_VESA=0 to revert)
[11:03:22] [info] Renderer::initVideo: flip-phase instrumentation DISABLED (default; set SDL_HINT_DOSKUTSU_FLIP_INSTR=1 to opt in for wave-20 Lever A diagnostic)
[11:03:22] [info] Renderer::initVideo: asm opaque-span blit lever DISABLED (default; set SDL_HINT_DOSKUTSU_ASM_BLIT=1 to opt in -- wave-51 _blit_indexed colorkey-blit lever)
[11:03:22] [info] Renderer::initVideo: blit-decomp instrumentation DISABLED (default; set SDL_HINT_DOSKUTSU_BLIT_DECOMP=1 to opt in -- wave-51 _blit_indexed sub-decomp sizing)
[11:03:22] [info] Renderer::initVideo: mds-scroll-decomp instrumentation DISABLED (default; set SDL_HINT_DOSKUTSU_MDS_DECOMP=1 to opt in -- wave-52 mode_draw_scene scrolling-block decomp)
[11:03:22] [info] Renderer::initVideo: DOSVESA pump yield: skipped (default) (per-flip explicit SDL_Delay(0) yield is always on; set SDL_HINT_DOSKUTSU_FORCE_PUMP_YIELD=1 to restore old per-pump yield)
[11:03:22] [info] Renderer::initVideo: indexed-mode (8bpp) ENABLED -- master palette + 107 per-asset remap LUTs loaded (wave 16, default ON; set SDL_HINT_DOSKUTSU_PIXEL_FORMAT_8=0 to disable)
[11:03:22] [info] Renderer::initVideo: master palette attached to window surface (format=SDL_PIXELFORMAT_INDEX8, ncolors=256)
[11:03:22] [info] Renderer::initVideo: indexed-mode smoke: idx0=(0,0,0) OK idx255=(255,0,255) OK
[11:03:22] [info] Renderer::initVideo: indexed-mode smoke: paletteRemapFor('MyChar.pbm') = present
[11:03:23] [info] Surface::loadImage palmap-diag #1: 'data/Loading.pbm' fmt=SDL_PIXELFORMAT_ABGR8888 remap=HIT -> path=truecolor
[11:03:23] [info] Renderer: prev-frame diff DISABLED (default since wave 17.6; set SDL_HINT_DOSKUTSU_PREVFRAME_DIFF=1 to opt in)
[11:03:23] [info] flip-probe: renderer=software window_ptr=8695544 colorspace=301991328 window_size=320x240 framebuffer_pixels=320x240 logical_present=320x240 mode=2
[11:03:23] [info] flip-probe: first flip ok=true present=49ms inter_flip_ms=0 drawcalls-since-flip=1 drawcalls-total=1
[11:03:23] [info] Sound system init
[11:03:23] [info] Sound system: GUS (GF1) path -- AUDIO_BACKEND=gus. Skipping SB16 + SDL_mixer bring-up (no SDL_INIT_AUDIO); music via native GF1 wavetable on the PIT/IRQ-0 pump. MUSIC ONLY this phase (#27) -- GF1 SFX = #28. See docs/internal/GUS-NATIVE-DESIGN.md.
[11:03:23] [info] Sound system: 4-state audio enable (#31) -- music=on sfx=on (MUSIC_OFF/AUDIO_BACKEND=none -> music-off; SFX_OFF/SFX_DEVICE=none -> sfx-off; both gates are dispatch-level, the device still opens; AUDIO_OFF=1 is the device-level both-off).
[11:03:23] [info] Sound system: Tier-2 audio config (default since wave 21 patch 0093; 11025 Hz, 1 channel, buffer pinned to 256 frames). Measured savings on g2k Pentium OverDrive 83 MHz (W21A): heavy-music scenes ~+11 fps vs Tier-1 baseline (measured -10 to -15 ms/flip post-0094 audio fix; W21A's pre-fix -26.6 ms figure was inflated by stereo-vs-mono playback bug, see patch 0094). Audio quality is reduced vs Tier-1 (mono, 11025 Hz, simple-average L+R downmix) but recognizable; user accepted the trade per direction 2026-05-05. Set SDL_HINT_DOSKUTSU_AUDIO_TIER2=0 to revert to Tier-1 22050 stereo (full Cave Story 2004 audio quality; trades fps for fidelity).
[11:03:23] [info] Sound system: SDL_HINT_AUDIO_DEVICE_SAMPLE_FRAMES=256
[11:03:23] [info] Pixtone IRQ rate-divider: handed master_rate=11025 int16/s (SAMPLE_RATE=11025 x AUDIO_CHANNELS=1) to SDL for auto-RATEDIV (SDL/0074 computes shift_div from the resolved device freq).
[11:03:23] [info] Sound system: device frame-rate: requesting 11025 Hz match to master (SDL_DOSAudioSetDeviceFrameRate; SB16 opens at the engine frame rate instead of SDL's 44100 floor -- 4x less PCM/s + no resampler on the Organya/Pixtone path; killswitch SDL_HINT_DOSKUTSU_DOS_AUDIO_DEVICE_RATE_DEFAULT=0).
[11:03:23] [info] audio backend: gus (Campaign 3 -- native Gravis Ultrasound GF1 wavetable music; GM instruments render on GF1 hardware voices from .pat samples uploaded to card DRAM; music clock = PIT/IRQ-0 pump, NOT SB IRQ-5). MUSIC ONLY this phase. SoundManager::init brings up the GF1 via SDL_DOSGusInit; if absent, music is silent (the game still runs). Reads GM .pat from ULTRADIR (Gravis stock set). See docs/internal/GUS-NATIVE-DESIGN.md.
[11:03:23] [info] Sound system: GUS (GF1) path -- no SB16 mixer (music via the PIT pump; SFX disabled on this no-SB out-of-band path).
[11:03:23] [info] wave-13.6.1: ring_chunks=16 FORCE_PUMP_YIELD=off (set SDL_HINT_DOSKUTSU_AUDIO_RING_CHUNKS=4|8|16 to override; default 16 matches wave 13.6 behaviour)
[11:03:23] [info] MidiScheduler: MIDI source = 'orgmid2' (native-GM org2mid set; resolves to data/orgmid2/<name>.mid).
[11:03:23] [info] gus backend: bringing up the GF1 (SDL_DOSGusInit -- parses ULTRASND, GF1 reset, DRAM sizing, voice/rate program, IRQ hook)...
[11:03:23] [info] gus backend ready: GF1 detected, 20 voices @ 30870 Hz, 1024 KB DRAM. Clock = PIT/IRQ-0 pump (SDL/0110), NOT SB IRQ-5. GM instruments load lazily per song from ULTRADIR .pat (Gravis stock set). MUSIC ONLY this phase (#27); GF1 SFX = #28.
[11:03:23] [info] gus backend: release-ramp ENABLED (default) -- software note-off volume fade over 12 ticks (GUS_RELEASE; the GF1 has no hardware ramp).
[11:03:23] [info] gus backend: multisample ENABLED (default) -- per-note .pat sample selection (up to 8 resident/instrument; GUS_MULTISAMPLE; =0 = single nearest-middle-C sample, patch 0245 behavior).
[11:03:23] [info] Sound system: MidiScheduler armed with MidiBackendGus (Campaign 3 GUS -- native GF1 wavetable, GM .pat instruments in card DRAM). Music dispatch routes via SMF parser + GF1 voice allocator; the clock is the PIT/IRQ-0 pump (SDL/0110), NOT the SB IRQ-5. MUSIC ONLY this phase -- no Pixtone SFX yet (GF1 SFX = #28).
[11:03:23] [info] Sound system: idle-pause skipped (backend=gus does not qualify; only opl3 supports idle-pause per patch 0115; default OFF since patch 0119 regardless of backend).
[11:03:23] [warn] Music dir Ogg/ doesn't exist
[11:03:23] [warn] Music dir Ogg11/ doesn't exist
[11:03:23] [warn] Music dir Ogg17/ doesn't exist
[11:03:23] [warn] Music dir Ogg_ridic/ doesn't exist
[11:03:23] [info] gus SFX DRAM-straddle diag [nx0256]: per-slot 256KB-bank-boundary observability active (GUS_DIAG-gated; init-time, memory-only).
[11:03:23] [info] Loading Sound FX (GUS / GF1 DRAM)... SFX budget = 640 KB of 1024 KB (reserving 384 KB for the song's .pat set -- music-priority).
[11:03:23] [info] gus SFX rendersafe [nx0257]: OFF (default) (SDL_HINT_DOSKUTSU_GUS_SFX_RENDERSAFE; opt-in pre-render budget skip; per-substep load/render instrumentation rides on GUS_DIAG).
[11:03:23] [info] gus SFX voice routing [nx0259]: SFX allocate from the reserved GF1 voice slice (SDL/0114 partition); music voices protected.
[11:03:23] [info] gus SFX gain [nx0259]: 70% (SDL_HINT_DOSKUTSU_GUS_SFX_GAIN; scales the GF1 SFX voice volume to balance against velocity/CC-scaled GUS music; default 70, clamp 0..150).
[11:03:24] [info] [pxt-cache] initGusSfx(): HIT (loaded cache; render skipped)
[11:03:30] [info] gus SFX: uploaded 66 of 117 .pxt to GF1 DRAM (8-bit unsigned mono @ 22050 Hz; 0 failed; 14 skipped over the music-priority budget). Persistent SFX bank = 637 KB DRAM (the MidiBackendGus per-song .pat residency preserves it via its auto-snapshotted keep-mark at first song start; the reserve above it always fits a song's instruments).
[11:03:30] [info] pixtone IRQ-mix: DISABLED (L3 requested but SDL backend refused; likely Organya audio backend selected -- falling back to SDL3_mixer for SFX. To engage L3 set SDL_HINT_DOSKUTSU_AUDIO_BACKEND to opl3 / wb / midi-stub.)
[11:03:30] [info] Sound system: GUS path -- Pixtone SFX uploaded to GF1 voices (#28); music via MidiBackendGus on the same shared GF1 voice pool. No SDL3_mixer / Organya.
[11:03:30] [info] gus: music pump STARTED at 120 Hz (PIT ch0 / IRQ-0 drives MidiScheduler::tick_isr; BIOS 18.2 Hz tick chained; restored on exit). This is the music clock on a no-SB card.
[11:03:30] [info] menu slide-in fixed-timestep: ENABLED (default; slide advances at 50 Hz logic rate)
[11:03:30] [info] Reading npc.tbl...
[11:03:30] [info] Loading tilekey.dat.
[11:03:30] [info] Script engine init.
[11:03:30] [info] Entering main loop...
[11:03:30] [info] audio mid-gap pump: DISABLED (default)
[11:03:30] [info] TAS fixed-timestep guard: ENABLED (default) (patch 0280; load_stage wall-clock kept out of the FT accumulator so TAS replay advances at a true 50 Hz; set SDL_HINT_DOSKUTSU_TAS_FT_GUARD=0 to disable)
[11:03:30] [info] load_stage ring+DMA silence flush: ENABLED (default) (set SDL_HINT_DOSKUTSU_LOADSTAGE_SILENCE=0 to disable)
[11:03:30] [info] load-band audio-underrun probe: DISABLED (default) (opt-in SDL_HINT_DOSKUTSU_LOADBAND_STAT=1)
[11:03:30] [info]  >> Entering stage 72: 'u'.
[11:03:30] [info] skip sheet flush: ENABLED (default) (SFXPAUSE-012 SHIPPED FIX; sprite sheets stay resident across caves so no per-cave re-decode -> no fire-frame pause; map_flush_graphics tilemap cache still flushes; set SDL_HINT_DOSKUTSU_SKIP_SHEET_FLUSH=0 to restore the old per-cave flush)
[11:03:30] [info] [skip-sheet-flush] cave=1
[11:03:30] [info] eager action sheets: ENABLED (default) (first-fire hitch fix: pre-loads the weapon bullet + hit/muzzle/trail caret sheets at stage load so the first fire/impact does not lazy-decode mid-gameplay; set SDL_HINT_DOSKUTSU_EAGER_ACTION_SHEETS=0 to restore lazy load)
[11:03:30] [info] Surface::loadImage palmap-diag #2: 'data/Bullet.pbm' fmt=SDL_PIXELFORMAT_ABGR8888 remap=HIT -> path=truecolor
[11:03:31] [info] Surface::loadImage palmap-diag #3: 'data/Arms.pbm' fmt=SDL_PIXELFORMAT_ABGR8888 remap=HIT -> path=truecolor
[11:03:31] [info] Surface::loadImage palmap-diag #4: 'data/Caret.pbm' fmt=SDL_PIXELFORMAT_ABGR8888 remap=HIT -> path=truecolor
[11:03:31] [info] Surface::loadImage palmap-diag #5: 'data/Npc/NpcSym.pbm' fmt=SDL_PIXELFORMAT_ABGR8888 remap=HIT -> path=truecolor
[11:03:31] [info] [eager-action-sheets] cave=1 sheets=4 wall_ms=1102
[11:03:31] [info] Surface::loadImage palmap-diag #6: 'data/Stage/PrtWhite.pbm' fmt=SDL_PIXELFORMAT_ABGR8888 remap=HIT -> path=truecolor
[11:03:32] [info] load_stage: entry-music preload ENABLED (default) (set SDL_HINT_DOSKUTSU_PRELOAD_STAGE_MUSIC=0 to disable)
[11:03:32] [info] Surface::loadImage palmap-diag #7: 'data/bk0.pbm' fmt=SDL_PIXELFORMAT_ABGR8888 remap=HIT -> path=truecolor
[11:03:32] [info] gameloop: entered (curmap=72, running=1)
[11:03:32] [info] gameloop: iter 1 ticks=13889 mapno=-1
[11:03:32] [info] fixed-timestep: ENABLED (default; logic 50 Hz, decoupled from render)
[11:03:32] [info] map: BG skip-when-unchanged DISABLED (default) (set SDL_HINT_DOSKUTSU_BG_SKIP_WHEN_UNCHANGED=1 to enable; default OFF since wave-61 -- abandoned, it shipped a backdrop-black flicker and its +0.87 fps was below the noise floor)
[11:03:32] [info] map: skip-redundant-clear lever ENABLED (default since wave-53 promotion)
[11:03:32] [info] perf-mode: level=0 (faithful (default))
[11:03:32] [info] Surface::loadImage palmap-diag #8: 'data/Npc/NpcKings.pbm' fmt=SDL_PIXELFORMAT_ABGR8888 remap=HIT -> path=truecolor
[11:03:32] [info] audio tick-boundary pump: DISABLED (default)
[11:03:32] [info] gameloop: iter 2 ticks=14272 mapno=-1
[11:03:33] [info] gameloop: iter 3 ticks=14498 mapno=-1
[11:03:33] [info] direct-vesa: snapshot @gen=2 use_dosmemput=0 banked_multibank=0 pitches_match=1 vram_w=320 vram_h=240 vram_pitch=320 bpp=1 fb_size=76800 vram_phys=0x78000000 vram_ptr=0x77c00000
[11:03:33] [info] flip-probe: flip #10 ok=true present=-2ms inter_flip_ms=53 drawcalls-since-flip=6 drawcalls-total=43 fail-total=0 null-skips-total=0
[11:03:34] [info] flip-probe: flip #20 ok=true present=-3ms inter_flip_ms=58 drawcalls-since-flip=4 drawcalls-total=92 fail-total=0 null-skips-total=0
[11:03:34] [info] flip-probe: flip #30 ok=true present=6ms inter_flip_ms=51 drawcalls-since-flip=326 drawcalls-total=2707 fail-total=0 null-skips-total=0
[11:03:35] [info] flip-probe: flip #40 ok=true present=6ms inter_flip_ms=54 drawcalls-since-flip=264 drawcalls-total=5837 fail-total=0 null-skips-total=0
[11:03:35] [info] flip-probe: flip #50 ok=true present=-2ms inter_flip_ms=57 drawcalls-since-flip=67 drawcalls-total=7392 fail-total=0 null-skips-total=0
[11:03:36] [info] flip-probe: flip #60 ok=true present=-3ms inter_flip_ms=54 drawcalls-since-flip=4 drawcalls-total=7502 fail-total=0 null-skips-total=0
[11:03:36] [info] flip-probe: flip #70 ok=true present=-2ms inter_flip_ms=54 drawcalls-since-flip=6 drawcalls-total=7557 fail-total=0 null-skips-total=0
[11:03:37] [info] flip-probe: flip #80 ok=true present=-3ms inter_flip_ms=56 drawcalls-since-flip=0 drawcalls-total=7586 fail-total=0 null-skips-total=0
[11:03:38] [info] flip-probe: flip #90 ok=true present=-3ms inter_flip_ms=58 drawcalls-since-flip=0 drawcalls-total=7586 fail-total=0 null-skips-total=0
[11:03:38] [info] title: eager-title-IO phase tag ENABLED (default) (set SDL_HINT_DOSKUTSU_EAGER_TITLE_IO=0 to disable)
[11:03:38] [warn] MidiScheduler::_refresh_isr_buffer: track has 27749 events; ISR buffer is 16384 (truncated; events after 16384 will not dispatch under L2b ON -- the engine-thread tick() path still uses _events directly under L2b OFF)
[11:03:38] [info] MidiScheduler::load: parsed 'data/orgmid2/curly.mid' = 27749 events at 48 PPQ
[11:03:38] [info] gus backend: SFX-bank keep-mark = 652752 bytes DRAM (per-song .pat residency preserves [0,652752); music uploads above it).
[11:03:39] [info] gus .pat 'acpiano': 5 sample(s) -> 5 resident (multisample).
[11:03:40] [info] gus .pat 'epiano1': 1 sample(s) -> 1 resident (multisample).
[11:03:40] [info] gus .pat 'acbass': 1 sample(s) -> 1 resident (multisample).
[11:03:40] [info] gus .pat 'altosax': 3 sample(s) -> 3 resident (multisample).
[11:03:40] [info] gus .pat 'flute': 3 sample(s) -> 3 resident (multisample).
[11:03:41] [info] gus .pat 'sqrwave': 1 sample(s) -> 1 resident (multisample).
[11:03:41] [info] gus .pat 'calliope': 1 sample(s) -> 1 resident (multisample).
[11:03:42] [info] gus .pat 'warmpad': 1 sample(s) -> 1 resident (multisample).
[11:03:42] [info] gus .pat 'kick1': 1 sample(s) -> 1 resident (drum/single).
[11:03:42] [info] gus .pat 'snare1': 1 sample(s) -> 1 resident (drum/single).
[11:03:42] [info] gus .pat 'hihatcl': 1 sample(s) -> 1 resident (drum/single).
[11:03:43] [info] gus .pat 'hihatop': 1 sample(s) -> 1 resident (drum/single).
[11:03:43] [info] gus backend: on_song_start -- uploaded 12 instruments (0 missing/silent) into 1014 KB DRAM for this song; 20 subsamples resident, 0 instrument(s) K-capped/DRAM-truncated (multisample on).
[11:03:43] [info] gameloop: entered (curmap=1005, running=1)
[11:03:43] [info] gameloop: iter 1 ticks=24710 mapno=-1
[11:03:43] [info] map: backdrop cache ENABLED (default) (set SDL_HINT_DOSKUTSU_BACKDROP_CACHE=0 to disable)
[11:03:44] [info] gameloop: iter 2 ticks=25481 mapno=-1
[11:03:44] [info] gameloop: iter 3 ticks=25537 mapno=-1
[11:03:44] [info] backdrop cache: thrashing-detect engaged (streak=4, route=direct)
[11:03:44] [info] flip-probe: flip #100 ok=true present=-2ms inter_flip_ms=51 drawcalls-since-flip=75 drawcalls-total=7886 fail-total=0 null-skips-total=0
[11:03:44] [info] alpha audit block 0: 7798 total drawcalls, 0 with alpha<255 (block pct_x10=0; global 0/7798 pct_x10=0); alpha-mod skipped: block=0 global=0
[11:03:44] [info] fastpath audit block 0: taken=7798 (idx8=7798) skipped=0 pct_x10=1000; global taken=7798 (idx8=7798) skipped=0 pct_x10=1000
[11:03:44] [info] primitive tally block 0: clear=220(hr=220) fill=0(hr=0) rect=0(hr=0) line=0(hr=0) tint=0 spotlight=0 (over 100 flips ending at flip 100)
[11:03:44] [info] color/alpha audit block 0: cmod_white=104 cmod_black=0 (idx=0) cmod_general=84 (idx=84) cmod_fb=0; alpha_taken=0 alpha_skipped=0 (global cmod=104/0/84/0 idx=0/84 alpha=0/0)
[11:03:44] [info] phase timing block 0: drawcalls=8209 dc_total_ms=986 flip_inner_total_ms=634 inter_flip_total_ms=21001 (per-flip avg x10: dc_ms=98 fi_ms=63 if_ms=2100 derived audio+engine_ms=1939; per-drawcall avg us_x10=1201) [direct-vesa: presents=97 total_ms=156 avg_ms_x10=16 failed=0] [ablation: NO_DC_TIMING=0 CACHE_WINSURF=0 DIRECT_VESA=1]
[11:03:44] [info] kbd/audio block 0: kbd_irq=0 kbd_drain=0 ring_chunks=16 pump_pass=99 pic1_mask=0xb8 first_irq_ticks=0 install_ticks=0 vector_at_install=0x0083a5f8 pic1_mask_live=0xb8 kbd_8042_stat=0x34 bios_kbd_head=0x002a bios_kbd_tail=0x002a bios_kbd_buf0=0x1970
[11:03:44] [info] audio/engine split block 0: audio_mixer_calls=0 audio_mixer_ms_x10=0 engine_tick_calls=99 engine_tick_ms_x10=724 audio_service_calls=0 audio_service_ms_x10=0 (per-flip avg; per-call us_x10: audio_mix=0 engine_tick=732010 audio_service=0; global ns: audio_mix=0 engine_tick=7246899883 audio_service=0)
[11:03:44] [info] pixtone multi-source probe: DISABLED (default)
[11:03:44] [info] dirty-rect block @flip=100: total_calls=0 dirty_rects_avg=0 dirty_pct_x10=990 forced_full=0 first_n_force=3 threshold_exceeded=2 dirty_path_taken=0 full_flush_taken=3
[11:03:44] [info] prev-frame-diff block @flip=100: diff_calls=0 diff_rects_avg=0 diff_dirty_pct_x10=0 bbox_pct_x10=0 bbox_thresh_exceeded=0
[11:03:44] [info] flip-probe: flip #110 ok=true present=-3ms inter_flip_ms=56 drawcalls-since-flip=75 drawcalls-total=8636 fail-total=0 null-skips-total=0
[11:03:45] [info] flip-probe: flip #120 ok=true present=-2ms inter_flip_ms=56 drawcalls-since-flip=75 drawcalls-total=9386 fail-total=0 null-skips-total=0
[11:03:45] [info] flip-probe: flip #130 ok=true present=5ms inter_flip_ms=54 drawcalls-since-flip=0 drawcalls-total=9986 fail-total=0 null-skips-total=0
[11:03:46] [info] Loading profile from profile.dat
[11:03:46] [error] profile_load: unable to open 'profile.dat'
[11:03:46] [info] Loading profile from profile2.dat
[11:03:46] [error] profile_load: unable to open 'profile2.dat'
[11:03:46] [info] Loading profile from profile3.dat
[11:03:46] [info] Loading profile from profile4.dat
[11:03:46] [error] profile_load: unable to open 'profile4.dat'
[11:03:46] [info] Loading profile from profile5.dat
[11:03:46] [info] flip-probe: flip #140 ok=true present=-3ms inter_flip_ms=56 drawcalls-since-flip=214 drawcalls-total=10842 fail-total=0 null-skips-total=0
[11:03:47] [info] flip-probe: flip #150 ok=true present=-3ms inter_flip_ms=58 drawcalls-since-flip=214 drawcalls-total=12982 fail-total=0 null-skips-total=0
[11:03:47] [info] Writing settings...
[11:03:47] [info] flip-probe: flip #160 ok=true present=-2ms inter_flip_ms=59 drawcalls-since-flip=0 drawcalls-total=13846 fail-total=0 null-skips-total=0
[11:03:48] [info] flip-probe: flip #170 ok=true present=-3ms inter_flip_ms=58 drawcalls-since-flip=0 drawcalls-total=13846 fail-total=0 null-skips-total=0
[11:03:48] [info] gus backend: on_song_stop (all voices stopped).
[11:03:48] [info] Loading profile from profile5.dat
[11:03:48] [info]  >> Entering stage 20: 'Save Point'.
[11:03:48] [info] [skip-sheet-flush] cave=2
[11:03:49] [info] MidiScheduler::load: parsed 'data/orgmid2/mura.mid' = 7123 events at 48 PPQ
[11:03:50] [info] gus .pat 'acpiano': 5 sample(s) -> 5 resident (multisample).
[11:03:50] [info] gus .pat 'epiano1': 1 sample(s) -> 1 resident (multisample).
[11:03:50] [info] gus .pat 'acbass': 1 sample(s) -> 1 resident (multisample).
[11:03:50] [info] gus .pat 'altosax': 3 sample(s) -> 3 resident (multisample).
[11:03:51] [info] gus .pat 'flute': 3 sample(s) -> 3 resident (multisample).
[11:03:51] [info] gus .pat 'sqrwave': 1 sample(s) -> 1 resident (multisample).
[11:03:52] [info] gus .pat 'calliope': 1 sample(s) -> 1 resident (multisample).
[11:03:52] [info] gus .pat 'warmpad': 1 sample(s) -> 1 resident (multisample).
[11:03:52] [info] gus .pat 'kick1': 1 sample(s) -> 1 resident (drum/single).
[11:03:52] [info] gus .pat 'snare1': 1 sample(s) -> 1 resident (drum/single).
[11:03:53] [info] gus .pat 'hihatcl': 1 sample(s) -> 1 resident (drum/single).
[11:03:53] [info] gus .pat 'tommid2': 1 sample(s) -> 1 resident (drum/single).
[11:03:53] [warn] gus backend: 'hihatop.pat' DRAM upload failed (full?); instrument silent. dram_size=1048576 bytes.
[11:03:53] [info] gus backend: on_song_start -- uploaded 12 instruments (1 missing/silent) into 1019 KB DRAM for this song; 20 subsamples resident, 0 instrument(s) K-capped/DRAM-truncated (multisample on).
[11:03:53] [info] gameloop: entered (curmap=20, running=1)
[11:03:53] [info] gameloop: iter 1 ticks=34818 mapno=-1
[11:03:53] [info] TAS stall discount: ENABLED (default) (patch 0286; a replay frame over 150 ms is a load, not slow rendering, so it contributes 1 tick instead of its wall-clock; set SDL_HINT_DOSKUTSU_TAS_STALL_DISCOUNT=0 to disable)
[11:03:53] [info] TAS accumulator clamp: DISABLED (default) (patch 0281; caps the FT accumulator delta at one tick during TAS so a stalled frame cannot race the replay index; set SDL_HINT_DOSKUTSU_TAS_FT_GUARD=0 to disable)
[11:03:53] [info] gameloop: iter 2 ticks=34816 mapno=-1
[11:03:53] [info] gameloop: iter 3 ticks=34869 mapno=-1
[11:03:53] [info] flip-probe: flip #180 ok=true present=-3ms inter_flip_ms=-5 drawcalls-since-flip=17 drawcalls-total=13971 fail-total=0 null-skips-total=0
[11:03:53] [info] flip-probe: flip #190 ok=true present=-3ms inter_flip_ms=58 drawcalls-since-flip=17 drawcalls-total=14141 fail-total=0 null-skips-total=0
[11:03:54] [info] flip-probe: flip #200 ok=true present=6ms inter_flip_ms=50 drawcalls-since-flip=17 drawcalls-total=14311 fail-total=0 null-skips-total=0
[11:03:54] [info] alpha audit block 0: 5788 total drawcalls, 0 with alpha<255 (block pct_x10=0; global 0/13586 pct_x10=0); alpha-mod skipped: block=0 global=0
[11:03:54] [info] fastpath audit block 0: taken=5788 (idx8=5788) skipped=0 pct_x10=1000; global taken=13586 (idx8=13586) skipped=0 pct_x10=1000
[11:03:54] [info] primitive tally block 0: clear=201(hr=201) fill=0(hr=0) rect=0(hr=0) line=0(hr=0) tint=0 spotlight=0 (over 100 flips ending at flip 200)
[11:03:54] [info] color/alpha audit block 0: cmod_white=1438 cmod_black=0 (idx=0) cmod_general=609 (idx=609) cmod_fb=0; alpha_taken=0 alpha_skipped=0 (global cmod=1542/0/693/0 idx=0/693 alpha=0/0)
[11:03:54] [info] phase timing block 0: drawcalls=8036 dc_total_ms=65 flip_inner_total_ms=352 inter_flip_total_ms=9938 (per-flip avg x10: dc_ms=6 fi_ms=35 if_ms=993 derived audio+engine_ms=952; per-drawcall avg us_x10=81) [direct-vesa: presents=100 total_ms=320 avg_ms_x10=32 failed=0] [ablation: NO_DC_TIMING=0 CACHE_WINSURF=0 DIRECT_VESA=1]
[11:03:54] [info] kbd/audio block 0: kbd_irq=0 kbd_drain=0 ring_chunks=16 pump_pass=211 pic1_mask=0xb8 first_irq_ticks=0 install_ticks=0 vector_at_install=0x0083a5f8 pic1_mask_live=0xb8 kbd_8042_stat=0x34 bios_kbd_head=0x002a bios_kbd_tail=0x002a bios_kbd_buf0=0x1970
[11:03:54] [info] audio/engine split block 0: audio_mixer_calls=0 audio_mixer_ms_x10=0 engine_tick_calls=76 engine_tick_ms_x10=23 audio_service_calls=0 audio_service_ms_x10=0 (per-flip avg; per-call us_x10: audio_mix=0 engine_tick=31481 audio_service=0; global ns: audio_mix=0 engine_tick=7486161354 audio_service=0)
[11:03:54] [info] dirty-rect block @flip=200: total_calls=0 dirty_rects_avg=1 dirty_pct_x10=1000 forced_full=0 first_n_force=0 threshold_exceeded=0 dirty_path_taken=0 full_flush_taken=0
[11:03:54] [info] prev-frame-diff block @flip=200: diff_calls=0 diff_rects_avg=0 diff_dirty_pct_x10=0 bbox_pct_x10=0 bbox_thresh_exceeded=0
[11:03:54] [info] flip-probe: flip #210 ok=true present=-3ms inter_flip_ms=59 drawcalls-since-flip=17 drawcalls-total=14481 fail-total=0 null-skips-total=0
[11:03:54] [info] flip-probe: flip #220 ok=true present=-2ms inter_flip_ms=-3 drawcalls-since-flip=17 drawcalls-total=14651 fail-total=0 null-skips-total=0
[11:03:55] [info] flip-probe: flip #230 ok=true present=6ms inter_flip_ms=51 drawcalls-since-flip=17 drawcalls-total=14821 fail-total=0 null-skips-total=0
[11:03:55] [info] flip-probe: flip #240 ok=true present=-3ms inter_flip_ms=109 drawcalls-since-flip=354 drawcalls-total=16261 fail-total=0 null-skips-total=0
[11:03:55] [info]  >> Entering stage 11: 'Mimiga Village'.
[11:03:55] [info] [skip-sheet-flush] cave=3
[11:03:56] [info] [load-stage] preloading entry music song=9 (cave=3)
[11:03:56] [info] gameloop: entered (curmap=11, running=1)
[11:03:56] [info] gameloop: iter 1 ticks=37840 mapno=-1
[11:03:56] [info] map: mds_clear LUT ENABLED (default) (set SDL_HINT_DOSKUTSU_MDS_CLEAR_LUT=0 to disable; default ON; patch 0144 wave-49 bandwidth lever)
[11:03:56] [info] mds-clear-lut: rebuilt N=240 entries (k_skip=0% k_keep=100%; curmap=11 map_size=60x60; rebuild #1 since boot)
[11:03:56] [info] backdrop thrash full-cover ENABLED (default) (set SDL_HINT_DOSKUTSU_THRASH_FULLCOVER=0 to disable)
[11:03:56] [info] [bd-diag] backdrop render-path diag disabled (default) (set SDL_HINT_DOSKUTSU_BACKDROP_DIAG=1 to enable)
[11:03:56] [info] gameloop: iter 2 ticks=38112 mapno=-1
[11:03:56] [info] tas: stall frame 270 ms -> contributing 1 tick (patch 0286)
[11:03:56] [info] gameloop: iter 3 ticks=38222 mapno=-1
[11:03:57] [info] flip-probe: flip #250 ok=true present=-3ms inter_flip_ms=111 drawcalls-since-flip=384 drawcalls-total=19620 fail-total=0 null-skips-total=0
[11:03:57] [info] backdrop cache: thrashing-detect engaged (streak=4, route=direct)
[11:03:57] [info] flip-probe: flip #260 ok=true present=5ms inter_flip_ms=51 drawcalls-since-flip=43 drawcalls-total=20552 fail-total=0 null-skips-total=0
[11:03:58] [info] flip-probe: flip #270 ok=true present=-3ms inter_flip_ms=59 drawcalls-since-flip=45 drawcalls-total=20988 fail-total=0 null-skips-total=0
[11:03:58] [info] backdrop cache: thrashing-detect engaged (streak=4, route=direct)
[11:03:58] [info] flip-probe: flip #280 ok=true present=-2ms inter_flip_ms=59 drawcalls-since-flip=44 drawcalls-total=21449 fail-total=0 null-skips-total=0
[11:03:58] [info] flip-probe: flip #290 ok=true present=-2ms inter_flip_ms=52 drawcalls-since-flip=43 drawcalls-total=21881 fail-total=0 null-skips-total=0
[11:03:59] [info] flip-probe: flip #300 ok=true present=5ms inter_flip_ms=-3 drawcalls-since-flip=43 drawcalls-total=22311 fail-total=0 null-skips-total=0
[11:03:59] [info] alpha audit block 0: 7230 total drawcalls, 0 with alpha<255 (block pct_x10=0; global 0/20816 pct_x10=0); alpha-mod skipped: block=0 global=0
[11:03:59] [info] fastpath audit block 0: taken=7230 (idx8=7230) skipped=0 pct_x10=1000; global taken=20816 (idx8=20816) skipped=0 pct_x10=1000
[11:03:59] [info] primitive tally block 0: clear=201(hr=201) fill=0(hr=0) rect=0(hr=0) line=0(hr=0) tint=0 spotlight=0 (over 100 flips ending at flip 300)
[11:03:59] [info] color/alpha audit block 0: cmod_white=715 cmod_black=715 (idx=715) cmod_general=0 (idx=0) cmod_fb=0; alpha_taken=0 alpha_skipped=0 (global cmod=2257/715/693/0 idx=715/693 alpha=0/0)
[11:03:59] [info] phase timing block 0: drawcalls=8871 dc_total_ms=1205 flip_inner_total_ms=662 inter_flip_total_ms=5166 (per-flip avg x10: dc_ms=120 fi_ms=66 if_ms=516 derived audio+engine_ms=330; per-drawcall avg us_x10=1358) [direct-vesa: presents=100 total_ms=559 avg_ms_x10=55 failed=0] [ablation: NO_DC_TIMING=0 CACHE_WINSURF=0 DIRECT_VESA=1]
[11:03:59] [info] kbd/audio block 0: kbd_irq=0 kbd_drain=0 ring_chunks=16 pump_pass=428 pic1_mask=0xb8 first_irq_ticks=0 install_ticks=0 vector_at_install=0x0083a5f8 pic1_mask_live=0xb8 kbd_8042_stat=0x34 bios_kbd_head=0x002a bios_kbd_tail=0x002a bios_kbd_buf0=0x1970
[11:03:59] [info] [tile-speedup-stat n=100 drawtile_us=516.89 raw_blit_us=184467440737070.25 ratio=0.00]
[11:03:59] [info] dirty-rect block @flip=300: total_calls=100 dirty_rects_avg=1 dirty_pct_x10=1000 forced_full=0 first_n_force=0 threshold_exceeded=0 dirty_path_taken=0 full_flush_taken=0
[11:03:59] [info] prev-frame-diff block @flip=300: diff_calls=0 diff_rects_avg=0 diff_dirty_pct_x10=0 bbox_pct_x10=0 bbox_thresh_exceeded=0
[11:03:59] [info] flip-probe: flip #310 ok=true present=-3ms inter_flip_ms=55 drawcalls-since-flip=43 drawcalls-total=22841 fail-total=0 null-skips-total=0
[11:04:00] [info] flip-probe: flip #320 ok=true present=52ms inter_flip_ms=-4 drawcalls-since-flip=43 drawcalls-total=23271 fail-total=0 null-skips-total=0
[11:04:00] [info] flip-probe: flip #330 ok=true present=-3ms inter_flip_ms=62 drawcalls-since-flip=43 drawcalls-total=23701 fail-total=0 null-skips-total=0
[11:04:00] [info] backdrop cache: thrashing-detect engaged (streak=64, route=direct)
[11:04:01] [info] flip-probe: flip #340 ok=true present=6ms inter_flip_ms=52 drawcalls-since-flip=43 drawcalls-total=24131 fail-total=0 null-skips-total=0
[11:04:01] [info] flip-probe: flip #350 ok=true present=-3ms inter_flip_ms=57 drawcalls-since-flip=43 drawcalls-total=24561 fail-total=0 null-skips-total=0
[11:04:01] [info] flip-probe: flip #360 ok=true present=5ms inter_flip_ms=-7 drawcalls-since-flip=46 drawcalls-total=25007 fail-total=0 null-skips-total=0
[11:04:02] [info] flip-probe: flip #370 ok=true present=5ms inter_flip_ms=51 drawcalls-since-flip=17 drawcalls-total=25316 fail-total=0 null-skips-total=0
[11:04:02] [info] flip-probe: flip #380 ok=true present=5ms inter_flip_ms=49 drawcalls-since-flip=17 drawcalls-total=25484 fail-total=0 null-skips-total=0
[11:04:03] [info] flip-probe: flip #390 ok=true present=-3ms inter_flip_ms=55 drawcalls-since-flip=16 drawcalls-total=25662 fail-total=0 null-skips-total=0
[11:04:03] [info] backdrop cache: thrashing-detect engaged (streak=124, route=direct)
[11:04:03] [info] flip-probe: flip #400 ok=true present=53ms inter_flip_ms=-1 drawcalls-since-flip=15 drawcalls-total=25815 fail-total=0 null-skips-total=0
[11:04:03] [info] alpha audit block 0: 2559 total drawcalls, 0 with alpha<255 (block pct_x10=0; global 0/23375 pct_x10=0); alpha-mod skipped: block=0 global=0
[11:04:03] [info] fastpath audit block 0: taken=2559 (idx8=2559) skipped=0 pct_x10=1000; global taken=23375 (idx8=23375) skipped=0 pct_x10=1000
[11:04:03] [info] primitive tally block 0: clear=200(hr=200) fill=0(hr=0) rect=0(hr=0) line=0(hr=0) tint=0 spotlight=0 (over 100 flips ending at flip 400)
[11:04:03] [info] color/alpha audit block 0: cmod_white=845 cmod_black=845 (idx=845) cmod_general=0 (idx=0) cmod_fb=0; alpha_taken=0 alpha_skipped=0 (global cmod=3102/1560/693/0 idx=1560/693 alpha=0/0)
[11:04:03] [info] phase timing block 0: drawcalls=4449 dc_total_ms=653 flip_inner_total_ms=658 inter_flip_total_ms=4231 (per-flip avg x10: dc_ms=65 fi_ms=65 if_ms=423 derived audio+engine_ms=293; per-drawcall avg us_x10=1469) [direct-vesa: presents=100 total_ms=365 avg_ms_x10=36 failed=0] [ablation: NO_DC_TIMING=0 CACHE_WINSURF=0 DIRECT_VESA=1]
[11:04:03] [info] kbd/audio block 0: kbd_irq=0 kbd_drain=0 ring_chunks=16 pump_pass=641 pic1_mask=0xb8 first_irq_ticks=0 install_ticks=0 vector_at_install=0x0083a5f8 pic1_mask_live=0xb8 kbd_8042_stat=0x34 bios_kbd_head=0x002a bios_kbd_tail=0x002a bios_kbd_buf0=0x1970
[11:04:03] [info] dirty-rect block @flip=400: total_calls=0 dirty_rects_avg=1 dirty_pct_x10=1000 forced_full=0 first_n_force=0 threshold_exceeded=0 dirty_path_taken=0 full_flush_taken=0
[11:04:03] [info] prev-frame-diff block @flip=400: diff_calls=0 diff_rects_avg=0 diff_dirty_pct_x10=0 bbox_pct_x10=0 bbox_thresh_exceeded=0
[11:04:03] [info] tas: stall frame 331 ms -> contributing 1 tick (patch 0286)
[11:04:04] [info] flip-probe: flip #410 ok=true present=-3ms inter_flip_ms=57 drawcalls-since-flip=18 drawcalls-total=25988 fail-total=0 null-skips-total=0
[11:04:04] [info] flip-probe: flip #420 ok=true present=6ms inter_flip_ms=50 drawcalls-since-flip=16 drawcalls-total=26160 fail-total=0 null-skips-total=0
[11:04:05] [info] flip-probe: flip #430 ok=true present=6ms inter_flip_ms=-6 drawcalls-since-flip=15 drawcalls-total=26311 fail-total=0 null-skips-total=0
[11:04:05] [info] flip-probe: flip #440 ok=true present=-2ms inter_flip_ms=60 drawcalls-since-flip=15 drawcalls-total=26461 fail-total=0 null-skips-total=0
[11:04:06] [info] flip-probe: flip #450 ok=true present=5ms inter_flip_ms=110 drawcalls-since-flip=319 drawcalls-total=28837 fail-total=0 null-skips-total=0
[11:04:06] [info]  >> Entering stage 17: 'Yamashita Farm'.
[11:04:06] [info] [skip-sheet-flush] cave=4
[11:04:06] [info] [load-stage] preloading entry music song=13 (cave=4)
[11:04:06] [info] gus backend: on_song_stop (all voices stopped).
[11:04:06] [info] MidiScheduler::load: parsed 'data/orgmid2/plant.mid' = 6246 events at 48 PPQ
[11:04:07] [info] gus .pat 'acpiano': 5 sample(s) -> 5 resident (multisample).
[11:04:07] [info] gus .pat 'epiano1': 1 sample(s) -> 1 resident (multisample).
[11:04:07] [info] gus .pat 'acbass': 1 sample(s) -> 1 resident (multisample).
[11:04:08] [info] gus .pat 'altosax': 3 sample(s) -> 3 resident (multisample).
[11:04:08] [info] gus .pat 'flute': 3 sample(s) -> 3 resident (multisample).
[11:04:08] [info] gus .pat 'sqrwave': 1 sample(s) -> 1 resident (multisample).
[11:04:09] [info] gus .pat 'calliope': 1 sample(s) -> 1 resident (multisample).
[11:04:09] [info] gus .pat 'warmpad': 1 sample(s) -> 1 resident (multisample).
[11:04:09] [info] gus .pat 'kick1': 1 sample(s) -> 1 resident (drum/single).
[11:04:10] [info] gus .pat 'snare1': 1 sample(s) -> 1 resident (drum/single).
[11:04:10] [info] gus .pat 'hihatcl': 1 sample(s) -> 1 resident (drum/single).
[11:04:10] [info] gus .pat 'hihatop': 1 sample(s) -> 1 resident (drum/single).
[11:04:10] [info] gus backend: on_song_start -- uploaded 12 instruments (0 missing/silent) into 1014 KB DRAM for this song; 20 subsamples resident, 0 instrument(s) K-capped/DRAM-truncated (multisample on).
[11:04:10] [info] gameloop: entered (curmap=17, running=1)
[11:04:10] [info] gameloop: iter 1 ticks=51954 mapno=-1
[11:04:10] [info] mds-clear-lut: rebuilt N=240 entries (k_skip=33% k_keep=67%; curmap=17 map_size=40x16; rebuild #2 since boot)
[11:04:10] [info] gameloop: iter 2 ticks=52171 mapno=-1
[11:04:10] [info] tas: stall frame 217 ms -> contributing 1 tick (patch 0286)
[11:04:10] [info] gameloop: iter 3 ticks=52285 mapno=-1
[11:04:11] [info] flip-probe: flip #460 ok=true present=-2ms inter_flip_ms=60 drawcalls-since-flip=210 drawcalls-total=31981 fail-total=0 null-skips-total=0
[11:04:11] [info] flip-probe: flip #470 ok=true present=6ms inter_flip_ms=48 drawcalls-since-flip=134 drawcalls-total=33338 fail-total=0 null-skips-total=0
[11:04:12] [info] flip-probe: flip #480 ok=true present=-3ms inter_flip_ms=55 drawcalls-since-flip=143 drawcalls-total=34751 fail-total=0 null-skips-total=0
[11:04:12] [info] backdrop cache: thrashing-detect engaged (streak=4, route=direct)
[11:04:13] [info] flip-probe: flip #490 ok=true present=-2ms inter_flip_ms=53 drawcalls-since-flip=139 drawcalls-total=36190 fail-total=0 null-skips-total=0
[11:04:13] [info] flip-probe: flip #500 ok=true present=5ms inter_flip_ms=57 drawcalls-since-flip=142 drawcalls-total=37593 fail-total=0 null-skips-total=0
[11:04:13] [info] alpha audit block 0: 11041 total drawcalls, 0 with alpha<255 (block pct_x10=0; global 0/34416 pct_x10=0); alpha-mod skipped: block=0 global=0
[11:04:13] [info] fastpath audit block 0: taken=11041 (idx8=11041) skipped=0 pct_x10=1000; global taken=34416 (idx8=34416) skipped=0 pct_x10=1000
[11:04:13] [info] primitive tally block 0: clear=201(hr=201) fill=0(hr=0) rect=0(hr=0) line=0(hr=0) tint=0 spotlight=0 (over 100 flips ending at flip 500)
[11:04:13] [info] color/alpha audit block 0: cmod_white=637 cmod_black=637 (idx=637) cmod_general=0 (idx=0) cmod_fb=0; alpha_taken=0 alpha_skipped=0 (global cmod=3739/2197/693/0 idx=2197/693 alpha=0/0)
[11:04:13] [info] phase timing block 0: drawcalls=12550 dc_total_ms=1332 flip_inner_total_ms=397 inter_flip_total_ms=10214 (per-flip avg x10: dc_ms=133 fi_ms=39 if_ms=1021 derived audio+engine_ms=849; per-drawcall avg us_x10=1061) [direct-vesa: presents=100 total_ms=175 avg_ms_x10=17 failed=0] [ablation: NO_DC_TIMING=0 CACHE_WINSURF=0 DIRECT_VESA=1]
[11:04:13] [info] kbd/audio block 0: kbd_irq=0 kbd_drain=0 ring_chunks=16 pump_pass=898 pic1_mask=0xb8 first_irq_ticks=0 install_ticks=0 vector_at_install=0x0083a5f8 pic1_mask_live=0xb8 kbd_8042_stat=0x34 bios_kbd_head=0x002a bios_kbd_tail=0x002a bios_kbd_buf0=0x1970
[11:04:13] [info] dirty-rect block @flip=500: total_calls=0 dirty_rects_avg=1 dirty_pct_x10=1000 forced_full=0 first_n_force=0 threshold_exceeded=0 dirty_path_taken=0 full_flush_taken=0
[11:04:13] [info] prev-frame-diff block @flip=500: diff_calls=0 diff_rects_avg=0 diff_dirty_pct_x10=0 bbox_pct_x10=0 bbox_thresh_exceeded=0
[11:04:13] [info] tas: stall frame 166 ms -> contributing 1 tick (patch 0286)
[11:04:14] [info] flip-probe: flip #510 ok=true present=-2ms inter_flip_ms=60 drawcalls-since-flip=143 drawcalls-total=38996 fail-total=0 null-skips-total=0
[11:04:15] [info] flip-probe: flip #520 ok=true present=52ms inter_flip_ms=52 drawcalls-since-flip=150 drawcalls-total=40448 fail-total=0 null-skips-total=0
[11:04:15] [info] flip-probe: flip #530 ok=true present=-3ms inter_flip_ms=60 drawcalls-since-flip=148 drawcalls-total=41904 fail-total=0 null-skips-total=0
[11:04:16] [info] flip-probe: flip #540 ok=true present=-3ms inter_flip_ms=60 drawcalls-since-flip=133 drawcalls-total=43302 fail-total=0 null-skips-total=0
[11:04:16] [info] backdrop cache: thrashing-detect engaged (streak=4, route=direct)
[11:04:16] [info] flip-probe: flip #550 ok=true present=-1ms inter_flip_ms=60 drawcalls-since-flip=125 drawcalls-total=44576 fail-total=0 null-skips-total=0
[11:04:17] [info] flip-probe: flip #560 ok=true present=6ms inter_flip_ms=52 drawcalls-since-flip=126 drawcalls-total=45826 fail-total=0 null-skips-total=0
[11:04:18] [info] flip-probe: flip #570 ok=true present=-3ms inter_flip_ms=57 drawcalls-since-flip=127 drawcalls-total=47074 fail-total=0 null-skips-total=0
[11:04:18] [info] flip-probe: flip #580 ok=true present=6ms inter_flip_ms=56 drawcalls-since-flip=95 drawcalls-total=48091 fail-total=0 null-skips-total=0
[11:04:19] [info] flip-probe: flip #590 ok=true present=-3ms inter_flip_ms=52 drawcalls-since-flip=111 drawcalls-total=49150 fail-total=0 null-skips-total=0
[11:04:19] [info] flip-probe: flip #600 ok=true present=-3ms inter_flip_ms=51 drawcalls-since-flip=116 drawcalls-total=50261 fail-total=0 null-skips-total=0
[11:04:19] [info] alpha audit block 0: 11645 total drawcalls, 0 with alpha<255 (block pct_x10=0; global 0/46061 pct_x10=0); alpha-mod skipped: block=0 global=0
[11:04:19] [info] fastpath audit block 0: taken=11645 (idx8=11645) skipped=0 pct_x10=1000; global taken=46061 (idx8=46061) skipped=0 pct_x10=1000
[11:04:19] [info] primitive tally block 0: clear=200(hr=200) fill=0(hr=0) rect=0(hr=0) line=0(hr=0) tint=0 spotlight=0 (over 100 flips ending at flip 600)
[11:04:19] [info] color/alpha audit block 0: cmod_white=923 cmod_black=923 (idx=923) cmod_general=0 (idx=0) cmod_fb=0; alpha_taken=0 alpha_skipped=0 (global cmod=4662/3120/693/0 idx=3120/693 alpha=0/0)
[11:04:19] [info] phase timing block 0: drawcalls=13695 dc_total_ms=829 flip_inner_total_ms=234 inter_flip_total_ms=5932 (per-flip avg x10: dc_ms=82 fi_ms=23 if_ms=593 derived audio+engine_ms=488; per-drawcall avg us_x10=606) [direct-vesa: presents=100 total_ms=170 avg_ms_x10=17 failed=0] [ablation: NO_DC_TIMING=0 CACHE_WINSURF=0 DIRECT_VESA=1]
[11:04:19] [info] kbd/audio block 0: kbd_irq=0 kbd_drain=0 ring_chunks=16 pump_pass=1188 pic1_mask=0xb8 first_irq_ticks=0 install_ticks=0 vector_at_install=0x0083a5f8 pic1_mask_live=0xb8 kbd_8042_stat=0x34 bios_kbd_head=0x002a bios_kbd_tail=0x002a bios_kbd_buf0=0x1970
[11:04:19] [info] dirty-rect block @flip=600: total_calls=0 dirty_rects_avg=1 dirty_pct_x10=1000 forced_full=0 first_n_force=0 threshold_exceeded=0 dirty_path_taken=0 full_flush_taken=0
[11:04:19] [info] prev-frame-diff block @flip=600: diff_calls=0 diff_rects_avg=0 diff_dirty_pct_x10=0 bbox_pct_x10=0 bbox_thresh_exceeded=0
[11:04:20] [info] backdrop cache: thrashing-detect engaged (streak=64, route=direct)
[11:04:20] [info] flip-probe: flip #610 ok=true present=-3ms inter_flip_ms=54 drawcalls-since-flip=113 drawcalls-total=51411 fail-total=0 null-skips-total=0
[11:04:20] [info] flip-probe: flip #620 ok=true present=6ms inter_flip_ms=49 drawcalls-since-flip=110 drawcalls-total=52521 fail-total=0 null-skips-total=0
[11:04:21] [info] flip-probe: flip #630 ok=true present=-3ms inter_flip_ms=53 drawcalls-since-flip=111 drawcalls-total=53631 fail-total=0 null-skips-total=0
[11:04:22] [info] flip-probe: flip #640 ok=true present=-2ms inter_flip_ms=55 drawcalls-since-flip=117 drawcalls-total=54748 fail-total=0 null-skips-total=0
[11:04:22] [info] flip-probe: flip #650 ok=true present=-2ms inter_flip_ms=59 drawcalls-since-flip=115 drawcalls-total=55923 fail-total=0 null-skips-total=0
[11:04:23] [info] flip-probe: flip #660 ok=true present=6ms inter_flip_ms=49 drawcalls-since-flip=103 drawcalls-total=57032 fail-total=0 null-skips-total=0
[11:04:23] [info] backdrop cache: thrashing-detect engaged (streak=124, route=direct)
[11:04:23] [info] flip-probe: flip #670 ok=true present=6ms inter_flip_ms=47 drawcalls-since-flip=111 drawcalls-total=58123 fail-total=0 null-skips-total=0
[11:04:24] [info] flip-probe: flip #680 ok=true present=6ms inter_flip_ms=48 drawcalls-since-flip=112 drawcalls-total=59245 fail-total=0 null-skips-total=0
[11:04:24] [info] flip-probe: flip #690 ok=true present=-3ms inter_flip_ms=56 drawcalls-since-flip=116 drawcalls-total=60379 fail-total=0 null-skips-total=0
[11:04:25] [info] flip-probe: flip #700 ok=true present=-2ms inter_flip_ms=57 drawcalls-since-flip=118 drawcalls-total=61550 fail-total=0 null-skips-total=0
[11:04:25] [info] alpha audit block 0: 11189 total drawcalls, 0 with alpha<255 (block pct_x10=0; global 0/57250 pct_x10=0); alpha-mod skipped: block=0 global=0
[11:04:25] [info] fastpath audit block 0: taken=11189 (idx8=11189) skipped=0 pct_x10=1000; global taken=57250 (idx8=57250) skipped=0 pct_x10=1000
[11:04:25] [info] primitive tally block 0: clear=200(hr=200) fill=0(hr=0) rect=0(hr=0) line=0(hr=0) tint=0 spotlight=0 (over 100 flips ending at flip 700)
[11:04:25] [info] phase timing block 0: drawcalls=11389 dc_total_ms=598 flip_inner_total_ms=116 inter_flip_total_ms=5662 (per-flip avg x10: dc_ms=59 fi_ms=11 if_ms=566 derived audio+engine_ms=496; per-drawcall avg us_x10=525) [direct-vesa: presents=100 total_ms=7 avg_ms_x10=0 failed=0] [ablation: NO_DC_TIMING=0 CACHE_WINSURF=0 DIRECT_VESA=1]
[11:04:25] [info] kbd/audio block 0: kbd_irq=0 kbd_drain=0 ring_chunks=16 pump_pass=1470 pic1_mask=0xb8 first_irq_ticks=0 install_ticks=0 vector_at_install=0x0083a5f8 pic1_mask_live=0xb8 kbd_8042_stat=0x34 bios_kbd_head=0x002a bios_kbd_tail=0x002a bios_kbd_buf0=0x1970
[11:04:25] [info] dirty-rect block @flip=700: total_calls=0 dirty_rects_avg=1 dirty_pct_x10=1000 forced_full=0 first_n_force=0 threshold_exceeded=0 dirty_path_taken=0 full_flush_taken=0
[11:04:25] [info] prev-frame-diff block @flip=700: diff_calls=0 diff_rects_avg=0 diff_dirty_pct_x10=0 bbox_pct_x10=0 bbox_thresh_exceeded=0
[11:04:26] [info] flip-probe: flip #710 ok=true present=-3ms inter_flip_ms=57 drawcalls-since-flip=380 drawcalls-total=63429 fail-total=0 null-skips-total=0
[11:04:26] [info]  >> Entering stage 11: 'Mimiga Village'.
[11:04:26] [info] [skip-sheet-flush] cave=5
[11:04:26] [info] [load-stage] preloading entry music song=9 (cave=5)
[11:04:26] [info] gus backend: on_song_stop (all voices stopped).
[11:04:27] [info] MidiScheduler::load: parsed 'data/orgmid2/mura.mid' = 7123 events at 48 PPQ
[11:04:27] [info] gus .pat 'acpiano': 5 sample(s) -> 5 resident (multisample).
[11:04:28] [info] gus .pat 'epiano1': 1 sample(s) -> 1 resident (multisample).
[11:04:28] [info] gus .pat 'acbass': 1 sample(s) -> 1 resident (multisample).
[11:04:28] [info] gus .pat 'altosax': 3 sample(s) -> 3 resident (multisample).
[11:04:28] [info] gus .pat 'flute': 3 sample(s) -> 3 resident (multisample).
[11:04:29] [info] gus .pat 'sqrwave': 1 sample(s) -> 1 resident (multisample).
[11:04:29] [info] gus .pat 'calliope': 1 sample(s) -> 1 resident (multisample).
[11:04:29] [info] gus .pat 'warmpad': 1 sample(s) -> 1 resident (multisample).
[11:04:30] [info] gus .pat 'kick1': 1 sample(s) -> 1 resident (drum/single).
[11:04:30] [info] gus .pat 'snare1': 1 sample(s) -> 1 resident (drum/single).
[11:04:30] [info] gus .pat 'hihatcl': 1 sample(s) -> 1 resident (drum/single).
[11:04:30] [info] gus .pat 'tommid2': 1 sample(s) -> 1 resident (drum/single).
[11:04:30] [warn] gus backend: 'hihatop.pat' DRAM upload failed (full?); instrument silent. dram_size=1048576 bytes.
[11:04:30] [info] gus backend: on_song_start -- uploaded 12 instruments (1 missing/silent) into 1019 KB DRAM for this song; 20 subsamples resident, 0 instrument(s) K-capped/DRAM-truncated (multisample on).
[11:04:31] [info] gameloop: entered (curmap=11, running=1)
[11:04:31] [info] gameloop: iter 1 ticks=72388 mapno=-1
[11:04:31] [info] mds-clear-lut: rebuilt N=240 entries (k_skip=0% k_keep=100%; curmap=11 map_size=60x60; rebuild #3 since boot)
[11:04:31] [info] gameloop: iter 2 ticks=72491 mapno=-1
[11:04:31] [info] gameloop: iter 3 ticks=72549 mapno=-1
[11:04:31] [info] flip-probe: flip #720 ok=true present=-2ms inter_flip_ms=106 drawcalls-since-flip=330 drawcalls-total=66889 fail-total=0 null-skips-total=0
[11:04:31] [info] backdrop cache: thrashing-detect engaged (streak=4, route=direct)
[11:04:31] [info] flip-probe: flip #730 ok=true present=-2ms inter_flip_ms=52 drawcalls-since-flip=41 drawcalls-total=67818 fail-total=0 null-skips-total=0
[11:04:32] [info] flip-probe: flip #740 ok=true present=6ms inter_flip_ms=48 drawcalls-since-flip=41 drawcalls-total=68228 fail-total=0 null-skips-total=0
[11:04:32] [info] flip-probe: flip #750 ok=true present=5ms inter_flip_ms=52 drawcalls-since-flip=41 drawcalls-total=68638 fail-total=0 null-skips-total=0
[11:04:33] [info] flip-probe: flip #760 ok=true present=-3ms inter_flip_ms=60 drawcalls-since-flip=41 drawcalls-total=69048 fail-total=0 null-skips-total=0
[11:04:33] [info] flip-probe: flip #770 ok=true present=5ms inter_flip_ms=-2 drawcalls-since-flip=41 drawcalls-total=69460 fail-total=0 null-skips-total=0
[11:04:34] [info] flip-probe: flip #780 ok=true present=-2ms inter_flip_ms=60 drawcalls-since-flip=42 drawcalls-total=69877 fail-total=0 null-skips-total=0
[11:04:34] [info] backdrop cache: thrashing-detect engaged (streak=64, route=direct)
[11:04:34] [info] flip-probe: flip #790 ok=true present=-2ms inter_flip_ms=51 drawcalls-since-flip=42 drawcalls-total=70290 fail-total=0 null-skips-total=0
[11:04:34] [info] flip-probe: flip #800 ok=true present=6ms inter_flip_ms=52 drawcalls-since-flip=42 drawcalls-total=70710 fail-total=0 null-skips-total=0
[11:04:34] [info] alpha audit block 0: 7955 total drawcalls, 0 with alpha<255 (block pct_x10=0; global 0/65205 pct_x10=0); alpha-mod skipped: block=0 global=0
[11:04:34] [info] fastpath audit block 0: taken=7955 (idx8=7955) skipped=0 pct_x10=1000; global taken=65205 (idx8=65205) skipped=0 pct_x10=1000
[11:04:34] [info] primitive tally block 0: clear=201(hr=201) fill=0(hr=0) rect=0(hr=0) line=0(hr=0) tint=0 spotlight=0 (over 100 flips ending at flip 800)
[11:04:34] [info] color/alpha audit block 0: cmod_white=1105 cmod_black=1105 (idx=1105) cmod_general=0 (idx=0) cmod_fb=0; alpha_taken=0 alpha_skipped=0 (global cmod=5767/4225/693/0 idx=4225/693 alpha=0/0)
[11:04:34] [info] phase timing block 0: drawcalls=10373 dc_total_ms=1418 flip_inner_total_ms=206 inter_flip_total_ms=9551 (per-flip avg x10: dc_ms=141 fi_ms=20 if_ms=955 derived audio+engine_ms=794; per-drawcall avg us_x10=1367) [direct-vesa: presents=100 total_ms=124 avg_ms_x10=12 failed=0] [ablation: NO_DC_TIMING=0 CACHE_WINSURF=0 DIRECT_VESA=1]
[11:04:34] [info] kbd/audio block 0: kbd_irq=0 kbd_drain=0 ring_chunks=16 pump_pass=1716 pic1_mask=0xb8 first_irq_ticks=0 install_ticks=0 vector_at_install=0x0083a5f8 pic1_mask_live=0xb8 kbd_8042_stat=0x34 bios_kbd_head=0x002a bios_kbd_tail=0x002a bios_kbd_buf0=0x1970
[11:04:34] [info] dirty-rect block @flip=800: total_calls=0 dirty_rects_avg=1 dirty_pct_x10=1000 forced_full=0 first_n_force=0 threshold_exceeded=0 dirty_path_taken=0 full_flush_taken=0
[11:04:34] [info] prev-frame-diff block @flip=800: diff_calls=0 diff_rects_avg=0 diff_dirty_pct_x10=0 bbox_pct_x10=0 bbox_thresh_exceeded=0
[11:04:35] [info] flip-probe: flip #810 ok=true present=53ms inter_flip_ms=2 drawcalls-since-flip=42 drawcalls-total=71136 fail-total=0 null-skips-total=0
[11:04:35] [info] flip-probe: flip #820 ok=true present=5ms inter_flip_ms=54 drawcalls-since-flip=42 drawcalls-total=71556 fail-total=0 null-skips-total=0
[11:04:36] [info] flip-probe: flip #830 ok=true present=-3ms inter_flip_ms=60 drawcalls-since-flip=43 drawcalls-total=71979 fail-total=0 null-skips-total=0
[11:04:36] [info] flip-probe: flip #840 ok=true present=-2ms inter_flip_ms=-1 drawcalls-since-flip=18 drawcalls-total=72282 fail-total=0 null-skips-total=0
[11:04:36] [info] backdrop cache: thrashing-detect engaged (streak=124, route=direct)
[11:04:37] [info] flip-probe: flip #850 ok=true present=5ms inter_flip_ms=55 drawcalls-since-flip=18 drawcalls-total=72462 fail-total=0 null-skips-total=0
[11:04:37] [info] flip-probe: flip #860 ok=true present=-2ms inter_flip_ms=62 drawcalls-since-flip=18 drawcalls-total=72642 fail-total=0 null-skips-total=0
[11:04:37] [info] tas: stall frame 271 ms -> contributing 1 tick (patch 0286)
[11:04:38] [info] flip-probe: flip #870 ok=true present=-3ms inter_flip_ms=55 drawcalls-since-flip=17 drawcalls-total=72815 fail-total=0 null-skips-total=0
[11:04:38] [info] flip-probe: flip #880 ok=true present=6ms inter_flip_ms=48 drawcalls-since-flip=17 drawcalls-total=72981 fail-total=0 null-skips-total=0
[11:04:38] [info] flip-probe: flip #890 ok=true present=-2ms inter_flip_ms=56 drawcalls-since-flip=16 drawcalls-total=73148 fail-total=0 null-skips-total=0
[11:04:39] [info] flip-probe: flip #900 ok=true present=5ms inter_flip_ms=54 drawcalls-since-flip=16 drawcalls-total=73308 fail-total=0 null-skips-total=0
[11:04:39] [info] alpha audit block 0: 2043 total drawcalls, 0 with alpha<255 (block pct_x10=0; global 0/67248 pct_x10=0); alpha-mod skipped: block=0 global=0
[11:04:39] [info] fastpath audit block 0: taken=2043 (idx8=2043) skipped=0 pct_x10=1000; global taken=67248 (idx8=67248) skipped=0 pct_x10=1000
[11:04:39] [info] primitive tally block 0: clear=200(hr=200) fill=0(hr=0) rect=0(hr=0) line=0(hr=0) tint=0 spotlight=0 (over 100 flips ending at flip 900)
[11:04:39] [info] color/alpha audit block 0: cmod_white=455 cmod_black=455 (idx=455) cmod_general=0 (idx=0) cmod_fb=0; alpha_taken=0 alpha_skipped=0 (global cmod=6222/4680/693/0 idx=4680/693 alpha=0/0)
[11:04:39] [info] phase timing block 0: drawcalls=3153 dc_total_ms=804 flip_inner_total_ms=752 inter_flip_total_ms=4286 (per-flip avg x10: dc_ms=80 fi_ms=75 if_ms=428 derived audio+engine_ms=273; per-drawcall avg us_x10=2553) [direct-vesa: presents=100 total_ms=442 avg_ms_x10=44 failed=0] [ablation: NO_DC_TIMING=0 CACHE_WINSURF=0 DIRECT_VESA=1]
[11:04:39] [info] kbd/audio block 0: kbd_irq=0 kbd_drain=0 ring_chunks=16 pump_pass=1919 pic1_mask=0xb8 first_irq_ticks=0 install_ticks=0 vector_at_install=0x0083a5f8 pic1_mask_live=0xb8 kbd_8042_stat=0x34 bios_kbd_head=0x002a bios_kbd_tail=0x002a bios_kbd_buf0=0x1970
[11:04:39] [info] dirty-rect block @flip=900: total_calls=0 dirty_rects_avg=1 dirty_pct_x10=1000 forced_full=0 first_n_force=0 threshold_exceeded=0 dirty_path_taken=0 full_flush_taken=0
[11:04:39] [info] prev-frame-diff block @flip=900: diff_calls=0 diff_rects_avg=0 diff_dirty_pct_x10=0 bbox_pct_x10=0 bbox_thresh_exceeded=0
[11:04:39] [info] backdrop cache: thrashing-detect engaged (streak=184, route=direct)
[11:04:39] [info] flip-probe: flip #910 ok=true present=-2ms inter_flip_ms=53 drawcalls-since-flip=16 drawcalls-total=73468 fail-total=0 null-skips-total=0
[11:04:40] [info] flip-probe: flip #920 ok=true present=-3ms inter_flip_ms=53 drawcalls-since-flip=16 drawcalls-total=73628 fail-total=0 null-skips-total=0
[11:04:40] [info] flip-probe: flip #930 ok=true present=-3ms inter_flip_ms=58 drawcalls-since-flip=26 drawcalls-total=73852 fail-total=0 null-skips-total=0
[11:04:40] [info] flip-probe: flip #940 ok=true present=6ms inter_flip_ms=-1 drawcalls-since-flip=17 drawcalls-total=74059 fail-total=0 null-skips-total=0
[11:04:41] [info] flip-probe: flip #950 ok=true present=-2ms inter_flip_ms=4 drawcalls-since-flip=20 drawcalls-total=74244 fail-total=0 null-skips-total=0
[11:04:41] [info] flip-probe: flip #960 ok=true present=6ms inter_flip_ms=51 drawcalls-since-flip=125 drawcalls-total=74621 fail-total=0 null-skips-total=0
[11:04:41] [info] backdrop cache: thrashing-detect engaged (streak=244, route=direct)
[11:04:42] [info] flip-probe: flip #970 ok=true present=-2ms inter_flip_ms=55 drawcalls-since-flip=5 drawcalls-total=76786 fail-total=0 null-skips-total=0
[11:04:42] [info]  >> Entering stage 15: 'Reservoir'.
[11:04:42] [info] [skip-sheet-flush] cave=6
[11:04:42] [info] [load-stage] preloading entry music song=9 (cave=6)
[11:04:42] [info] gameloop: entered (curmap=15, running=1)
[11:04:42] [info] gameloop: iter 1 ticks=84143 mapno=-1
[11:04:42] [info] mds-clear-lut: rebuilt N=240 entries (k_skip=13% k_keep=87%; curmap=15 map_size=40x20; rebuild #4 since boot)
[11:04:42] [info] gameloop: iter 2 ticks=84197 mapno=-1
[11:04:42] [info] gameloop: iter 3 ticks=84300 mapno=-1
[11:04:43] [info] flip-probe: flip #980 ok=true present=-2ms inter_flip_ms=59 drawcalls-since-flip=96 drawcalls-total=79186 fail-total=0 null-skips-total=0
[11:04:43] [info] flip-probe: flip #990 ok=true present=-2ms inter_flip_ms=53 drawcalls-since-flip=32 drawcalls-total=79529 fail-total=0 null-skips-total=0
[11:04:44] [info] flip-probe: flip #1000 ok=true present=-3ms inter_flip_ms=56 drawcalls-since-flip=32 drawcalls-total=79849 fail-total=0 null-skips-total=0
[11:04:44] [info] alpha audit block 0: 6171 total drawcalls, 0 with alpha<255 (block pct_x10=0; global 0/73419 pct_x10=0); alpha-mod skipped: block=0 global=0
[11:04:44] [info] fastpath audit block 0: taken=6171 (idx8=6171) skipped=0 pct_x10=1000; global taken=73419 (idx8=73419) skipped=0 pct_x10=1000
[11:04:44] [info] primitive tally block 0: clear=202(hr=202) fill=0(hr=0) rect=0(hr=0) line=0(hr=0) tint=0 spotlight=0 (over 100 flips ending at flip 1000)
[11:04:44] [info] color/alpha audit block 0: cmod_white=270 cmod_black=270 (idx=270) cmod_general=0 (idx=0) cmod_fb=0; alpha_taken=0 alpha_skipped=0 (global cmod=6492/4950/693/0 idx=4950/693 alpha=0/0)
[11:04:44] [info] phase timing block 0: drawcalls=6943 dc_total_ms=1358 flip_inner_total_ms=322 inter_flip_total_ms=4945 (per-flip avg x10: dc_ms=135 fi_ms=32 if_ms=494 derived audio+engine_ms=327; per-drawcall avg us_x10=1956) [direct-vesa: presents=100 total_ms=266 avg_ms_x10=26 failed=0] [ablation: NO_DC_TIMING=0 CACHE_WINSURF=0 DIRECT_VESA=1]
[11:04:44] [info] kbd/audio block 0: kbd_irq=0 kbd_drain=0 ring_chunks=16 pump_pass=2140 pic1_mask=0xb8 first_irq_ticks=0 install_ticks=0 vector_at_install=0x0083a5f8 pic1_mask_live=0xb8 kbd_8042_stat=0x34 bios_kbd_head=0x002a bios_kbd_tail=0x002a bios_kbd_buf0=0x1970
[11:04:44] [info] dirty-rect block @flip=1000: total_calls=0 dirty_rects_avg=1 dirty_pct_x10=1000 forced_full=0 first_n_force=0 threshold_exceeded=0 dirty_path_taken=0 full_flush_taken=0
[11:04:44] [info] prev-frame-diff block @flip=1000: diff_calls=0 diff_rects_avg=0 diff_dirty_pct_x10=0 bbox_pct_x10=0 bbox_thresh_exceeded=0
[11:04:44] [info] flip-probe: flip #1010 ok=true present=6ms inter_flip_ms=53 drawcalls-since-flip=32 drawcalls-total=80169 fail-total=0 null-skips-total=0
[11:04:44] [info] backdrop cache: thrashing-detect engaged (streak=4, route=direct)
[11:04:45] [info] flip-probe: flip #1020 ok=true present=-3ms inter_flip_ms=53 drawcalls-since-flip=34 drawcalls-total=80510 fail-total=0 null-skips-total=0
[11:04:45] [info] flip-probe: flip #1030 ok=true present=-3ms inter_flip_ms=55 drawcalls-since-flip=33 drawcalls-total=80854 fail-total=0 null-skips-total=0
[11:04:45] [info] flip-probe: flip #1040 ok=true present=-3ms inter_flip_ms=61 drawcalls-since-flip=32 drawcalls-total=81174 fail-total=0 null-skips-total=0
[11:04:46] [info] flip-probe: flip #1050 ok=true present=-3ms inter_flip_ms=60 drawcalls-since-flip=32 drawcalls-total=81494 fail-total=0 null-skips-total=0
[11:04:46] [info] flip-probe: flip #1060 ok=true present=-3ms inter_flip_ms=56 drawcalls-since-flip=32 drawcalls-total=81814 fail-total=0 null-skips-total=0
[11:04:46] [info] flip-probe: flip #1070 ok=true present=-3ms inter_flip_ms=57 drawcalls-since-flip=33 drawcalls-total=82144 fail-total=0 null-skips-total=0
[11:04:47] [info] backdrop cache: thrashing-detect engaged (streak=64, route=direct)
[11:04:47] [info] flip-probe: flip #1080 ok=true present=-3ms inter_flip_ms=56 drawcalls-since-flip=35 drawcalls-total=82484 fail-total=0 null-skips-total=0
[11:04:47] [info] flip-probe: flip #1090 ok=true present=-3ms inter_flip_ms=-1 drawcalls-since-flip=38 drawcalls-total=82853 fail-total=0 null-skips-total=0
[11:04:48] [info] flip-probe: flip #1100 ok=true present=-3ms inter_flip_ms=4 drawcalls-since-flip=20 drawcalls-total=83053 fail-total=0 null-skips-total=0
[11:04:48] [info] alpha audit block 0: 2294 total drawcalls, 0 with alpha<255 (block pct_x10=0; global 0/75713 pct_x10=0); alpha-mod skipped: block=0 global=0
[11:04:48] [info] fastpath audit block 0: taken=2294 (idx8=2294) skipped=0 pct_x10=1000; global taken=75713 (idx8=75713) skipped=0 pct_x10=1000
[11:04:48] [info] primitive tally block 0: clear=200(hr=200) fill=0(hr=0) rect=0(hr=0) line=0(hr=0) tint=0 spotlight=0 (over 100 flips ending at flip 1100)
[11:04:48] [info] color/alpha audit block 0: cmod_white=810 cmod_black=810 (idx=810) cmod_general=0 (idx=0) cmod_fb=0; alpha_taken=0 alpha_skipped=0 (global cmod=7302/5760/693/0 idx=5760/693 alpha=0/0)
[11:04:48] [info] phase timing block 0: drawcalls=4127 dc_total_ms=556 flip_inner_total_ms=311 inter_flip_total_ms=3956 (per-flip avg x10: dc_ms=55 fi_ms=31 if_ms=395 derived audio+engine_ms=309; per-drawcall avg us_x10=1347) [direct-vesa: presents=100 total_ms=134 avg_ms_x10=13 failed=0] [ablation: NO_DC_TIMING=0 CACHE_WINSURF=0 DIRECT_VESA=1]
[11:04:48] [info] kbd/audio block 0: kbd_irq=0 kbd_drain=0 ring_chunks=16 pump_pass=2343 pic1_mask=0xb8 first_irq_ticks=0 install_ticks=0 vector_at_install=0x0083a5f8 pic1_mask_live=0xb8 kbd_8042_stat=0x34 bios_kbd_head=0x002a bios_kbd_tail=0x002a bios_kbd_buf0=0x1970
[11:04:48] [info] dirty-rect block @flip=1100: total_calls=0 dirty_rects_avg=1 dirty_pct_x10=1000 forced_full=0 first_n_force=0 threshold_exceeded=0 dirty_path_taken=0 full_flush_taken=0
[11:04:48] [info] prev-frame-diff block @flip=1100: diff_calls=0 diff_rects_avg=0 diff_dirty_pct_x10=0 bbox_pct_x10=0 bbox_thresh_exceeded=0
[11:04:48] [info] flip-probe: flip #1110 ok=true present=6ms inter_flip_ms=0 drawcalls-since-flip=18 drawcalls-total=83241 fail-total=0 null-skips-total=0
[11:04:48] [info] flip-probe: flip #1120 ok=true present=5ms inter_flip_ms=50 drawcalls-since-flip=16 drawcalls-total=83406 fail-total=0 null-skips-total=0
[11:04:49] [info] flip-probe: flip #1130 ok=true present=-2ms inter_flip_ms=53 drawcalls-since-flip=16 drawcalls-total=83566 fail-total=0 null-skips-total=0
[11:04:49] [info] backdrop cache: thrashing-detect engaged (streak=124, route=direct)
[11:04:49] [info] flip-probe: flip #1140 ok=true present=5ms inter_flip_ms=-6 drawcalls-since-flip=15 drawcalls-total=83716 fail-total=0 null-skips-total=0
[11:04:50] [info] flip-probe: flip #1150 ok=true present=-3ms inter_flip_ms=59 drawcalls-since-flip=18 drawcalls-total=83883 fail-total=0 null-skips-total=0
[11:04:50] [info] flip-probe: flip #1160 ok=true present=-3ms inter_flip_ms=54 drawcalls-since-flip=17 drawcalls-total=84060 fail-total=0 null-skips-total=0
[11:04:50] [info] flip-probe: flip #1170 ok=true present=55ms inter_flip_ms=2 drawcalls-since-flip=16 drawcalls-total=84229 fail-total=0 null-skips-total=0
[11:04:51] [info] flip-probe: flip #1180 ok=true present=6ms inter_flip_ms=-6 drawcalls-since-flip=14 drawcalls-total=84376 fail-total=0 null-skips-total=0
[11:04:51] [info] flip-probe: flip #1190 ok=true present=-3ms inter_flip_ms=55 drawcalls-since-flip=14 drawcalls-total=84516 fail-total=0 null-skips-total=0
[11:04:51] [info] backdrop cache: thrashing-detect engaged (streak=184, route=direct)
[11:04:51] [info] flip-probe: flip #1200 ok=true present=6ms inter_flip_ms=55 drawcalls-since-flip=15 drawcalls-total=84666 fail-total=0 null-skips-total=0
[11:04:51] [info] alpha audit block 0: 1513 total drawcalls, 0 with alpha<255 (block pct_x10=0; global 0/77226 pct_x10=0); alpha-mod skipped: block=0 global=0
[11:04:51] [info] fastpath audit block 0: taken=1513 (idx8=1513) skipped=0 pct_x10=1000; global taken=77226 (idx8=77226) skipped=0 pct_x10=1000
[11:04:51] [info] primitive tally block 0: clear=200(hr=200) fill=0(hr=0) rect=0(hr=0) line=0(hr=0) tint=0 spotlight=0 (over 100 flips ending at flip 1200)
[11:04:51] [info] phase timing block 0: drawcalls=1713 dc_total_ms=609 flip_inner_total_ms=290 inter_flip_total_ms=3784 (per-flip avg x10: dc_ms=60 fi_ms=29 if_ms=378 derived audio+engine_ms=289; per-drawcall avg us_x10=3556) [direct-vesa: presents=100 total_ms=294 avg_ms_x10=29 failed=0] [ablation: NO_DC_TIMING=0 CACHE_WINSURF=0 DIRECT_VESA=1]
[11:04:51] [info] kbd/audio block 0: kbd_irq=0 kbd_drain=0 ring_chunks=16 pump_pass=2532 pic1_mask=0xb8 first_irq_ticks=0 install_ticks=0 vector_at_install=0x0083a5f8 pic1_mask_live=0xb8 kbd_8042_stat=0x34 bios_kbd_head=0x002a bios_kbd_tail=0x002a bios_kbd_buf0=0x1970
[11:04:51] [info] dirty-rect block @flip=1200: total_calls=0 dirty_rects_avg=1 dirty_pct_x10=1000 forced_full=0 first_n_force=0 threshold_exceeded=0 dirty_path_taken=0 full_flush_taken=0
[11:04:51] [info] prev-frame-diff block @flip=1200: diff_calls=0 diff_rects_avg=0 diff_dirty_pct_x10=0 bbox_pct_x10=0 bbox_thresh_exceeded=0
[11:04:52] [info] flip-probe: flip #1210 ok=true present=-2ms inter_flip_ms=55 drawcalls-since-flip=14 drawcalls-total=84827 fail-total=0 null-skips-total=0
[11:04:52] [info] flip-probe: flip #1220 ok=true present=-2ms inter_flip_ms=3 drawcalls-since-flip=14 drawcalls-total=84967 fail-total=0 null-skips-total=0
[11:04:53] [info] flip-probe: flip #1230 ok=true present=6ms inter_flip_ms=51 drawcalls-since-flip=14 drawcalls-total=85107 fail-total=0 null-skips-total=0
[11:04:53] [info] backdrop cache: thrashing-detect engaged (streak=4, route=direct)
[11:04:53] [info] flip-probe: flip #1240 ok=true present=52ms inter_flip_ms=-1 drawcalls-since-flip=14 drawcalls-total=85247 fail-total=0 null-skips-total=0
[11:04:53] [info] flip-probe: flip #1250 ok=true present=-2ms inter_flip_ms=58 drawcalls-since-flip=14 drawcalls-total=85387 fail-total=0 null-skips-total=0
[11:04:54] [info] flip-probe: flip #1260 ok=true present=53ms inter_flip_ms=2 drawcalls-since-flip=14 drawcalls-total=85527 fail-total=0 null-skips-total=0
[11:04:54] [info] flip-probe: flip #1270 ok=true present=-2ms inter_flip_ms=58 drawcalls-since-flip=14 drawcalls-total=85667 fail-total=0 null-skips-total=0
[11:04:54] [info] flip-probe: flip #1280 ok=true present=6ms inter_flip_ms=-6 drawcalls-since-flip=14 drawcalls-total=85807 fail-total=0 null-skips-total=0
[11:04:55] [info] flip-probe: flip #1290 ok=true present=6ms inter_flip_ms=50 drawcalls-since-flip=14 drawcalls-total=85947 fail-total=0 null-skips-total=0
[11:04:55] [info] flip-probe: flip #1300 ok=true present=5ms inter_flip_ms=54 drawcalls-since-flip=318 drawcalls-total=88497 fail-total=0 null-skips-total=0
[11:04:55] [info] alpha audit block 0: 3731 total drawcalls, 0 with alpha<255 (block pct_x10=0; global 0/80957 pct_x10=0); alpha-mod skipped: block=0 global=0
[11:04:55] [info] fastpath audit block 0: taken=3731 (idx8=3731) skipped=0 pct_x10=1000; global taken=80957 (idx8=80957) skipped=0 pct_x10=1000
[11:04:55] [info] primitive tally block 0: clear=200(hr=200) fill=0(hr=0) rect=0(hr=0) line=0(hr=0) tint=0 spotlight=0 (over 100 flips ending at flip 1300)
[11:04:55] [info] phase timing block 0: drawcalls=3984 dc_total_ms=1190 flip_inner_total_ms=693 inter_flip_total_ms=3955 (per-flip avg x10: dc_ms=119 fi_ms=69 if_ms=395 derived audio+engine_ms=207; per-drawcall avg us_x10=2989) [direct-vesa: presents=100 total_ms=530 avg_ms_x10=53 failed=0] [ablation: NO_DC_TIMING=0 CACHE_WINSURF=0 DIRECT_VESA=1]
[11:04:55] [info] kbd/audio block 0: kbd_irq=0 kbd_drain=0 ring_chunks=16 pump_pass=2731 pic1_mask=0xb8 first_irq_ticks=0 install_ticks=0 vector_at_install=0x0083a5f8 pic1_mask_live=0xb8 kbd_8042_stat=0x34 bios_kbd_head=0x002a bios_kbd_tail=0x002a bios_kbd_buf0=0x1970
[11:04:55] [info] dirty-rect block @flip=1300: total_calls=0 dirty_rects_avg=1 dirty_pct_x10=1000 forced_full=0 first_n_force=0 threshold_exceeded=0 dirty_path_taken=0 full_flush_taken=0
[11:04:55] [info] prev-frame-diff block @flip=1300: diff_calls=0 diff_rects_avg=0 diff_dirty_pct_x10=0 bbox_pct_x10=0 bbox_thresh_exceeded=0
[11:04:55] [info]  >> Entering stage 11: 'Mimiga Village'.
[11:04:55] [info] [skip-sheet-flush] cave=7
[11:04:56] [info] [load-stage] preloading entry music song=9 (cave=7)
[11:04:56] [info] gameloop: entered (curmap=11, running=1)
[11:04:56] [info] gameloop: iter 1 ticks=97869 mapno=-1
[11:04:56] [info] mds-clear-lut: rebuilt N=240 entries (k_skip=0% k_keep=100%; curmap=11 map_size=60x60; rebuild #5 since boot)
[11:04:56] [info] gameloop: iter 2 ticks=97979 mapno=-1
[11:04:56] [info] gameloop: iter 3 ticks=98037 mapno=-1
[11:04:57] [info] flip-probe: flip #1310 ok=true present=-3ms inter_flip_ms=57 drawcalls-since-flip=91 drawcalls-total=90789 fail-total=0 null-skips-total=0
[11:04:57] [info] flip-probe: flip #1320 ok=true present=-2ms inter_flip_ms=58 drawcalls-since-flip=42 drawcalls-total=91217 fail-total=0 null-skips-total=0
[11:04:57] [info] flip-probe: flip #1330 ok=true present=-2ms inter_flip_ms=0 drawcalls-since-flip=42 drawcalls-total=91637 fail-total=0 null-skips-total=0
[11:04:58] [info] flip-probe: flip #1340 ok=true present=-2ms inter_flip_ms=59 drawcalls-since-flip=53 drawcalls-total=92068 fail-total=0 null-skips-total=0
[11:04:58] [info] flip-probe: flip #1350 ok=true present=-2ms inter_flip_ms=51 drawcalls-since-flip=47 drawcalls-total=92584 fail-total=0 null-skips-total=0
[11:04:58] [info] backdrop cache: thrashing-detect engaged (streak=4, route=direct)
[11:04:59] [info] flip-probe: flip #1360 ok=true present=-3ms inter_flip_ms=52 drawcalls-since-flip=49 drawcalls-total=93077 fail-total=0 null-skips-total=0
[11:04:59] [info] flip-probe: flip #1370 ok=true present=-3ms inter_flip_ms=60 drawcalls-since-flip=49 drawcalls-total=93554 fail-total=0 null-skips-total=0
[11:05:00] [info] flip-probe: flip #1380 ok=true present=53ms inter_flip_ms=4 drawcalls-since-flip=45 drawcalls-total=94010 fail-total=0 null-skips-total=0
[11:05:00] [info] flip-probe: flip #1390 ok=true present=6ms inter_flip_ms=-1 drawcalls-since-flip=42 drawcalls-total=94454 fail-total=0 null-skips-total=0
[11:05:01] [info] flip-probe: flip #1400 ok=true present=-3ms inter_flip_ms=59 drawcalls-since-flip=46 drawcalls-total=94906 fail-total=0 null-skips-total=0
[11:05:01] [info] alpha audit block 0: 5022 total drawcalls, 0 with alpha<255 (block pct_x10=0; global 0/85979 pct_x10=0); alpha-mod skipped: block=0 global=0
[11:05:01] [info] fastpath audit block 0: taken=5022 (idx8=5022) skipped=0 pct_x10=1000; global taken=85979 (idx8=85979) skipped=0 pct_x10=1000
[11:05:01] [info] primitive tally block 0: clear=201(hr=201) fill=0(hr=0) rect=0(hr=0) line=0(hr=0) tint=0 spotlight=0 (over 100 flips ending at flip 1400)
[11:05:01] [info] color/alpha audit block 0: cmod_white=1287 cmod_black=1287 (idx=1287) cmod_general=0 (idx=0) cmod_fb=0; alpha_taken=0 alpha_skipped=0 (global cmod=8589/7047/693/0 idx=7047/693 alpha=0/0)
[11:05:01] [info] phase timing block 0: drawcalls=7847 dc_total_ms=852 flip_inner_total_ms=449 inter_flip_total_ms=5168 (per-flip avg x10: dc_ms=85 fi_ms=44 if_ms=516 derived audio+engine_ms=387; per-drawcall avg us_x10=1085) [direct-vesa: presents=100 total_ms=300 avg_ms_x10=30 failed=0] [ablation: NO_DC_TIMING=0 CACHE_WINSURF=0 DIRECT_VESA=1]
[11:05:01] [info] kbd/audio block 0: kbd_irq=0 kbd_drain=0 ring_chunks=16 pump_pass=2961 pic1_mask=0xb8 first_irq_ticks=0 install_ticks=0 vector_at_install=0x0083a5f8 pic1_mask_live=0xb8 kbd_8042_stat=0x34 bios_kbd_head=0x002a bios_kbd_tail=0x002a bios_kbd_buf0=0x1970
[11:05:01] [info] dirty-rect block @flip=1400: total_calls=0 dirty_rects_avg=1 dirty_pct_x10=1000 forced_full=0 first_n_force=0 threshold_exceeded=0 dirty_path_taken=0 full_flush_taken=0
[11:05:01] [info] prev-frame-diff block @flip=1400: diff_calls=0 diff_rects_avg=0 diff_dirty_pct_x10=0 bbox_pct_x10=0 bbox_thresh_exceeded=0
[11:05:01] [info] flip-probe: flip #1410 ok=true present=-2ms inter_flip_ms=59 drawcalls-since-flip=45 drawcalls-total=95356 fail-total=0 null-skips-total=0
[11:05:01] [info] backdrop cache: thrashing-detect engaged (streak=64, route=direct)
[11:05:01] [info] flip-probe: flip #1420 ok=true present=-3ms inter_flip_ms=59 drawcalls-since-flip=45 drawcalls-total=95806 fail-total=0 null-skips-total=0
[11:05:02] [info] flip-probe: flip #1430 ok=true present=-3ms inter_flip_ms=56 drawcalls-since-flip=19 drawcalls-total=96022 fail-total=0 null-skips-total=0
[11:05:02] [info] flip-probe: flip #1440 ok=true present=-3ms inter_flip_ms=56 drawcalls-since-flip=19 drawcalls-total=96212 fail-total=0 null-skips-total=0
[11:05:03] [info] flip-probe: flip #1450 ok=true present=-3ms inter_flip_ms=56 drawcalls-since-flip=18 drawcalls-total=96397 fail-total=0 null-skips-total=0
[11:05:03] [info] flip-probe: flip #1460 ok=true present=5ms inter_flip_ms=54 drawcalls-since-flip=18 drawcalls-total=96577 fail-total=0 null-skips-total=0
[11:05:03] [info] flip-probe: flip #1470 ok=true present=-2ms inter_flip_ms=56 drawcalls-since-flip=17 drawcalls-total=96754 fail-total=0 null-skips-total=0
[11:05:03] [info] backdrop cache: thrashing-detect engaged (streak=124, route=direct)
[11:05:04] [info] flip-probe: flip #1480 ok=true present=-2ms inter_flip_ms=-1 drawcalls-since-flip=17 drawcalls-total=96924 fail-total=0 null-skips-total=0
[11:05:04] [info] flip-probe: flip #1490 ok=true present=6ms inter_flip_ms=49 drawcalls-since-flip=18 drawcalls-total=97101 fail-total=0 null-skips-total=0
[11:05:05] [info] flip-probe: flip #1500 ok=true present=-2ms inter_flip_ms=55 drawcalls-since-flip=19 drawcalls-total=97291 fail-total=0 null-skips-total=0
[11:05:05] [info] alpha audit block 0: 2012 total drawcalls, 0 with alpha<255 (block pct_x10=0; global 0/87991 pct_x10=0); alpha-mod skipped: block=0 global=0
[11:05:05] [info] fastpath audit block 0: taken=2012 (idx8=2012) skipped=0 pct_x10=1000; global taken=87991 (idx8=87991) skipped=0 pct_x10=1000
[11:05:05] [info] primitive tally block 0: clear=200(hr=200) fill=0(hr=0) rect=0(hr=0) line=0(hr=0) tint=0 spotlight=0 (over 100 flips ending at flip 1500)
[11:05:05] [info] color/alpha audit block 0: cmod_white=273 cmod_black=273 (idx=273) cmod_general=0 (idx=0) cmod_fb=0; alpha_taken=0 alpha_skipped=0 (global cmod=8862/7320/693/0 idx=7320/693 alpha=0/0)
[11:05:05] [info] phase timing block 0: drawcalls=2758 dc_total_ms=744 flip_inner_total_ms=572 inter_flip_total_ms=4065 (per-flip avg x10: dc_ms=74 fi_ms=57 if_ms=406 derived audio+engine_ms=275; per-drawcall avg us_x10=2699) [direct-vesa: presents=100 total_ms=288 avg_ms_x10=28 failed=0] [ablation: NO_DC_TIMING=0 CACHE_WINSURF=0 DIRECT_VESA=1]
[11:05:05] [info] kbd/audio block 0: kbd_irq=0 kbd_drain=0 ring_chunks=16 pump_pass=3165 pic1_mask=0xb8 first_irq_ticks=0 install_ticks=0 vector_at_install=0x0083a5f8 pic1_mask_live=0xb8 kbd_8042_stat=0x34 bios_kbd_head=0x002a bios_kbd_tail=0x002a bios_kbd_buf0=0x1970
[11:05:05] [info] dirty-rect block @flip=1500: total_calls=0 dirty_rects_avg=1 dirty_pct_x10=1000 forced_full=0 first_n_force=0 threshold_exceeded=0 dirty_path_taken=0 full_flush_taken=0
[11:05:05] [info] prev-frame-diff block @flip=1500: diff_calls=0 diff_rects_avg=0 diff_dirty_pct_x10=0 bbox_pct_x10=0 bbox_thresh_exceeded=0
[11:05:05] [info] tas: stall frame 329 ms -> contributing 1 tick (patch 0286)
[11:05:05] [info] flip-probe: flip #1510 ok=true present=-2ms inter_flip_ms=55 drawcalls-since-flip=19 drawcalls-total=97481 fail-total=0 null-skips-total=0
[11:05:06] [info] flip-probe: flip #1520 ok=true present=-3ms inter_flip_ms=57 drawcalls-since-flip=19 drawcalls-total=97671 fail-total=0 null-skips-total=0
[11:05:06] [info] flip-probe: flip #1530 ok=true present=6ms inter_flip_ms=48 drawcalls-since-flip=18 drawcalls-total=97851 fail-total=0 null-skips-total=0
[11:05:06] [info] backdrop cache: thrashing-detect engaged (streak=184, route=direct)
[11:05:06] [info] flip-probe: flip #1540 ok=true present=6ms inter_flip_ms=54 drawcalls-since-flip=18 drawcalls-total=98023 fail-total=0 null-skips-total=0
[11:05:07] [info] flip-probe: flip #1550 ok=true present=-3ms inter_flip_ms=56 drawcalls-since-flip=18 drawcalls-total=98203 fail-total=0 null-skips-total=0
[11:05:07] [info] flip-probe: flip #1560 ok=true present=-3ms inter_flip_ms=55 drawcalls-since-flip=19 drawcalls-total=98386 fail-total=0 null-skips-total=0
[11:05:08] [info] flip-probe: flip #1570 ok=true present=6ms inter_flip_ms=54 drawcalls-since-flip=19 drawcalls-total=98576 fail-total=0 null-skips-total=0
[11:05:08] [info] flip-probe: flip #1580 ok=true present=-3ms inter_flip_ms=57 drawcalls-since-flip=19 drawcalls-total=98766 fail-total=0 null-skips-total=0
[11:05:08] [info] flip-probe: flip #1590 ok=true present=-3ms inter_flip_ms=54 drawcalls-since-flip=20 drawcalls-total=98961 fail-total=0 null-skips-total=0
[11:05:08] [info] backdrop cache: thrashing-detect engaged (streak=244, route=direct)
[11:05:09] [info] flip-probe: flip #1600 ok=true present=-3ms inter_flip_ms=-5 drawcalls-since-flip=20 drawcalls-total=99161 fail-total=0 null-skips-total=0
[11:05:09] [info] alpha audit block 0: 1770 total drawcalls, 0 with alpha<255 (block pct_x10=0; global 0/89761 pct_x10=0); alpha-mod skipped: block=0 global=0
[11:05:09] [info] fastpath audit block 0: taken=1770 (idx8=1770) skipped=0 pct_x10=1000; global taken=89761 (idx8=89761) skipped=0 pct_x10=1000
[11:05:09] [info] primitive tally block 0: clear=200(hr=200) fill=0(hr=0) rect=0(hr=0) line=0(hr=0) tint=0 spotlight=0 (over 100 flips ending at flip 1600)
[11:05:09] [info] phase timing block 0: drawcalls=1970 dc_total_ms=682 flip_inner_total_ms=202 inter_flip_total_ms=4171 (per-flip avg x10: dc_ms=68 fi_ms=20 if_ms=417 derived audio+engine_ms=329; per-drawcall avg us_x10=3464) [direct-vesa: presents=100 total_ms=147 avg_ms_x10=14 failed=0] [ablation: NO_DC_TIMING=0 CACHE_WINSURF=0 DIRECT_VESA=1]
[11:05:09] [info] kbd/audio block 0: kbd_irq=0 kbd_drain=0 ring_chunks=16 pump_pass=3362 pic1_mask=0xb8 first_irq_ticks=0 install_ticks=0 vector_at_install=0x0083a5f8 pic1_mask_live=0xb8 kbd_8042_stat=0x34 bios_kbd_head=0x002a bios_kbd_tail=0x002a bios_kbd_buf0=0x1970
[11:05:09] [info] dirty-rect block @flip=1600: total_calls=0 dirty_rects_avg=1 dirty_pct_x10=1000 forced_full=0 first_n_force=0 threshold_exceeded=0 dirty_path_taken=0 full_flush_taken=0
[11:05:09] [info] prev-frame-diff block @flip=1600: diff_calls=0 diff_rects_avg=0 diff_dirty_pct_x10=0 bbox_pct_x10=0 bbox_thresh_exceeded=0
[11:05:09] [info] flip-probe: flip #1610 ok=true present=6ms inter_flip_ms=50 drawcalls-since-flip=20 drawcalls-total=99361 fail-total=0 null-skips-total=0
[11:05:10] [info] flip-probe: flip #1620 ok=true present=-2ms inter_flip_ms=55 drawcalls-since-flip=17 drawcalls-total=99549 fail-total=0 null-skips-total=0
[11:05:10] [info] flip-probe: flip #1630 ok=true present=-2ms inter_flip_ms=54 drawcalls-since-flip=17 drawcalls-total=99719 fail-total=0 null-skips-total=0
[11:05:10] [info] flip-probe: flip #1640 ok=true present=-3ms inter_flip_ms=53 drawcalls-since-flip=17 drawcalls-total=99889 fail-total=0 null-skips-total=0
[11:05:11] [info] flip-probe: flip #1650 ok=true present=6ms inter_flip_ms=51 drawcalls-since-flip=19 drawcalls-total=100067 fail-total=0 null-skips-total=0
[11:05:11] [info] backdrop cache: thrashing-detect engaged (streak=304, route=direct)
[11:05:11] [info] flip-probe: flip #1660 ok=true present=52ms inter_flip_ms=-1 drawcalls-since-flip=17 drawcalls-total=100247 fail-total=0 null-skips-total=0
[11:05:12] [info] flip-probe: flip #1670 ok=true present=-2ms inter_flip_ms=55 drawcalls-since-flip=16 drawcalls-total=100416 fail-total=0 null-skips-total=0
[11:05:12] [info] flip-probe: flip #1680 ok=true present=-2ms inter_flip_ms=62 drawcalls-since-flip=17 drawcalls-total=100577 fail-total=0 null-skips-total=0
[11:05:12] [info] flip-probe: flip #1690 ok=true present=-3ms inter_flip_ms=50 drawcalls-since-flip=19 drawcalls-total=100753 fail-total=0 null-skips-total=0
[11:05:13] [info] flip-probe: flip #1700 ok=true present=-3ms inter_flip_ms=54 drawcalls-since-flip=20 drawcalls-total=100947 fail-total=0 null-skips-total=0
[11:05:13] [info] alpha audit block 0: 1686 total drawcalls, 0 with alpha<255 (block pct_x10=0; global 0/91447 pct_x10=0); alpha-mod skipped: block=0 global=0
[11:05:13] [info] fastpath audit block 0: taken=1686 (idx8=1686) skipped=0 pct_x10=1000; global taken=91447 (idx8=91447) skipped=0 pct_x10=1000
[11:05:13] [info] primitive tally block 0: clear=200(hr=200) fill=0(hr=0) rect=0(hr=0) line=0(hr=0) tint=0 spotlight=0 (over 100 flips ending at flip 1700)
[11:05:13] [info] phase timing block 0: drawcalls=1886 dc_total_ms=620 flip_inner_total_ms=534 inter_flip_total_ms=4014 (per-flip avg x10: dc_ms=62 fi_ms=53 if_ms=401 derived audio+engine_ms=286; per-drawcall avg us_x10=3288) [direct-vesa: presents=100 total_ms=396 avg_ms_x10=39 failed=0] [ablation: NO_DC_TIMING=0 CACHE_WINSURF=0 DIRECT_VESA=1]
[11:05:13] [info] kbd/audio block 0: kbd_irq=0 kbd_drain=0 ring_chunks=16 pump_pass=3564 pic1_mask=0xb8 first_irq_ticks=0 install_ticks=0 vector_at_install=0x0083a5f8 pic1_mask_live=0xb8 kbd_8042_stat=0x34 bios_kbd_head=0x002a bios_kbd_tail=0x002a bios_kbd_buf0=0x1970
[11:05:13] [info] dirty-rect block @flip=1700: total_calls=0 dirty_rects_avg=1 dirty_pct_x10=1000 forced_full=0 first_n_force=0 threshold_exceeded=0 dirty_path_taken=0 full_flush_taken=0
[11:05:13] [info] prev-frame-diff block @flip=1700: diff_calls=0 diff_rects_avg=0 diff_dirty_pct_x10=0 bbox_pct_x10=0 bbox_thresh_exceeded=0
[11:05:13] [info] flip-probe: flip #1710 ok=true present=6ms inter_flip_ms=0 drawcalls-since-flip=18 drawcalls-total=101142 fail-total=0 null-skips-total=0
[11:05:13] [info] backdrop cache: thrashing-detect engaged (streak=364, route=direct)
[11:05:14] [info] flip-probe: flip #1720 ok=true present=-2ms inter_flip_ms=60 drawcalls-since-flip=335 drawcalls-total=102136 fail-total=0 null-skips-total=0
[11:05:14] [info]  >> Entering stage 19: 'Assembly Hall'.
[11:05:14] [info] [skip-sheet-flush] cave=8
[11:05:15] [info] [load-stage] preloading entry music song=9 (cave=8)
[11:05:15] [info] gameloop: entered (curmap=19, running=1)
[11:05:15] [info] gameloop: iter 1 ticks=116769 mapno=-1
[11:05:15] [info] mds-clear-lut: rebuilt N=240 entries (k_skip=100% k_keep=0%; curmap=19 map_size=21x16; rebuild #6 since boot)
[11:05:15] [info] gameloop: iter 2 ticks=116873 mapno=-1
[11:05:15] [info] gameloop: iter 3 ticks=116983 mapno=-1
[11:05:15] [info] flip-probe: flip #1730 ok=true present=-2ms inter_flip_ms=109 drawcalls-since-flip=463 drawcalls-total=105434 fail-total=0 null-skips-total=0
[11:05:16] [info] flip-probe: flip #1740 ok=true present=-3ms inter_flip_ms=55 drawcalls-since-flip=122 drawcalls-total=107334 fail-total=0 null-skips-total=0
[11:05:16] [info] flip-probe: flip #1750 ok=true present=-3ms inter_flip_ms=54 drawcalls-since-flip=122 drawcalls-total=108554 fail-total=0 null-skips-total=0
[11:05:17] [info] flip-probe: flip #1760 ok=true present=-3ms inter_flip_ms=0 drawcalls-since-flip=122 drawcalls-total=109774 fail-total=0 null-skips-total=0
[11:05:17] [info] flip-probe: flip #1770 ok=true present=-2ms inter_flip_ms=54 drawcalls-since-flip=125 drawcalls-total=111012 fail-total=0 null-skips-total=0
[11:05:17] [info] flip-probe: flip #1780 ok=true present=-2ms inter_flip_ms=-1 drawcalls-since-flip=122 drawcalls-total=112242 fail-total=0 null-skips-total=0
[11:05:18] [info] flip-probe: flip #1790 ok=true present=6ms inter_flip_ms=54 drawcalls-since-flip=123 drawcalls-total=113475 fail-total=0 null-skips-total=0
[11:05:18] [info] flip-probe: flip #1800 ok=true present=53ms inter_flip_ms=-1 drawcalls-since-flip=122 drawcalls-total=114696 fail-total=0 null-skips-total=0
[11:05:18] [info] alpha audit block 0: 12761 total drawcalls, 0 with alpha<255 (block pct_x10=0; global 0/104208 pct_x10=0); alpha-mod skipped: block=0 global=0
[11:05:18] [info] fastpath audit block 0: taken=12761 (idx8=12761) skipped=0 pct_x10=1000; global taken=104208 (idx8=104208) skipped=0 pct_x10=1000
[11:05:18] [info] primitive tally block 0: clear=202(hr=202) fill=0(hr=0) rect=0(hr=0) line=0(hr=0) tint=0 spotlight=0 (over 100 flips ending at flip 1800)
[11:05:18] [info] color/alpha audit block 0: cmod_white=888 cmod_black=888 (idx=888) cmod_general=0 (idx=0) cmod_fb=0; alpha_taken=0 alpha_skipped=0 (global cmod=9750/8208/693/0 idx=8208/693 alpha=0/0)
[11:05:18] [info] phase timing block 0: drawcalls=14813 dc_total_ms=1820 flip_inner_total_ms=501 inter_flip_total_ms=5438 (per-flip avg x10: dc_ms=182 fi_ms=50 if_ms=543 derived audio+engine_ms=311; per-drawcall avg us_x10=1229) [direct-vesa: presents=100 total_ms=352 avg_ms_x10=35 failed=0] [ablation: NO_DC_TIMING=0 CACHE_WINSURF=0 DIRECT_VESA=1]
[11:05:18] [info] kbd/audio block 0: kbd_irq=0 kbd_drain=0 ring_chunks=16 pump_pass=3795 pic1_mask=0xb8 first_irq_ticks=0 install_ticks=0 vector_at_install=0x0083a5f8 pic1_mask_live=0xb8 kbd_8042_stat=0x34 bios_kbd_head=0x002a bios_kbd_tail=0x002a bios_kbd_buf0=0x1970
[11:05:18] [info] dirty-rect block @flip=1800: total_calls=0 dirty_rects_avg=1 dirty_pct_x10=1000 forced_full=0 first_n_force=0 threshold_exceeded=0 dirty_path_taken=0 full_flush_taken=0
[11:05:18] [info] prev-frame-diff block @flip=1800: diff_calls=0 diff_rects_avg=0 diff_dirty_pct_x10=0 bbox_pct_x10=0 bbox_thresh_exceeded=0
[11:05:19] [info] flip-probe: flip #1810 ok=true present=-2ms inter_flip_ms=54 drawcalls-since-flip=122 drawcalls-total=115916 fail-total=0 null-skips-total=0
[11:05:19] [info] flip-probe: flip #1820 ok=true present=-3ms inter_flip_ms=-1 drawcalls-since-flip=122 drawcalls-total=117136 fail-total=0 null-skips-total=0
[11:05:20] [info] flip-probe: flip #1830 ok=true present=-3ms inter_flip_ms=54 drawcalls-since-flip=122 drawcalls-total=118356 fail-total=0 null-skips-total=0
[11:05:20] [info] flip-probe: flip #1840 ok=true present=-3ms inter_flip_ms=62 drawcalls-since-flip=110 drawcalls-total=121984 fail-total=0 null-skips-total=0
[11:05:20] [info]  >> Entering stage 11: 'Mimiga Village'.
[11:05:20] [info] [skip-sheet-flush] cave=9
[11:05:21] [info] [load-stage] preloading entry music song=9 (cave=9)
[11:05:21] [info] gameloop: entered (curmap=11, running=1)
[11:05:21] [info] gameloop: iter 1 ticks=122809 mapno=-1
[11:05:21] [info] mds-clear-lut: rebuilt N=240 entries (k_skip=0% k_keep=100%; curmap=11 map_size=60x60; rebuild #7 since boot)
[11:05:21] [info] gameloop: iter 2 ticks=122915 mapno=-1
[11:05:21] [info] gameloop: iter 3 ticks=123024 mapno=-1
[11:05:21] [info] backdrop cache: thrashing-detect engaged (streak=4, route=direct)
[11:05:22] [info] flip-probe: flip #1850 ok=true present=-3ms inter_flip_ms=3 drawcalls-since-flip=32 drawcalls-total=124308 fail-total=0 null-skips-total=0
[11:05:22] [info] flip-probe: flip #1860 ok=true present=-3ms inter_flip_ms=54 drawcalls-since-flip=46 drawcalls-total=124742 fail-total=0 null-skips-total=0
[11:05:23] [info] flip-probe: flip #1870 ok=true present=6ms inter_flip_ms=52 drawcalls-since-flip=43 drawcalls-total=125194 fail-total=0 null-skips-total=0
[11:05:23] [info] flip-probe: flip #1880 ok=true present=-2ms inter_flip_ms=0 drawcalls-since-flip=43 drawcalls-total=125619 fail-total=0 null-skips-total=0
[11:05:23] [info] flip-probe: flip #1890 ok=true present=6ms inter_flip_ms=53 drawcalls-since-flip=44 drawcalls-total=126055 fail-total=0 null-skips-total=0
[11:05:24] [info] flip-probe: flip #1900 ok=true present=-2ms inter_flip_ms=55 drawcalls-since-flip=44 drawcalls-total=126498 fail-total=0 null-skips-total=0
[11:05:24] [info] alpha audit block 0: 10442 total drawcalls, 0 with alpha<255 (block pct_x10=0; global 0/114650 pct_x10=0); alpha-mod skipped: block=0 global=0
[11:05:24] [info] fastpath audit block 0: taken=10442 (idx8=10442) skipped=0 pct_x10=1000; global taken=114650 (idx8=114650) skipped=0 pct_x10=1000
[11:05:24] [info] primitive tally block 0: clear=201(hr=201) fill=0(hr=0) rect=0(hr=0) line=0(hr=0) tint=0 spotlight=0 (over 100 flips ending at flip 1900)
[11:05:24] [info] color/alpha audit block 0: cmod_white=1260 cmod_black=1260 (idx=1260) cmod_general=0 (idx=0) cmod_fb=0; alpha_taken=0 alpha_skipped=0 (global cmod=11010/9468/693/0 idx=9468/693 alpha=0/0)
[11:05:24] [info] phase timing block 0: drawcalls=13208 dc_total_ms=1911 flip_inner_total_ms=319 inter_flip_total_ms=5602 (per-flip avg x10: dc_ms=191 fi_ms=31 if_ms=560 derived audio+engine_ms=338; per-drawcall avg us_x10=1447) [direct-vesa: presents=100 total_ms=184 avg_ms_x10=18 failed=0] [ablation: NO_DC_TIMING=0 CACHE_WINSURF=0 DIRECT_VESA=1]
[11:05:24] [info] kbd/audio block 0: kbd_irq=0 kbd_drain=0 ring_chunks=16 pump_pass=4032 pic1_mask=0xb8 first_irq_ticks=0 install_ticks=0 vector_at_install=0x0083a5f8 pic1_mask_live=0xb8 kbd_8042_stat=0x34 bios_kbd_head=0x002a bios_kbd_tail=0x002a bios_kbd_buf0=0x1970
[11:05:24] [info] dirty-rect block @flip=1900: total_calls=0 dirty_rects_avg=1 dirty_pct_x10=1000 forced_full=0 first_n_force=0 threshold_exceeded=0 dirty_path_taken=0 full_flush_taken=0
[11:05:24] [info] prev-frame-diff block @flip=1900: diff_calls=0 diff_rects_avg=0 diff_dirty_pct_x10=0 bbox_pct_x10=0 bbox_thresh_exceeded=0
[11:05:24] [info] backdrop cache: thrashing-detect engaged (streak=64, route=direct)
[11:05:24] [info] flip-probe: flip #1910 ok=true present=-2ms inter_flip_ms=51 drawcalls-since-flip=46 drawcalls-total=126931 fail-total=0 null-skips-total=0
[11:05:25] [info] flip-probe: flip #1920 ok=true present=-2ms inter_flip_ms=61 drawcalls-since-flip=45 drawcalls-total=127388 fail-total=0 null-skips-total=0
[11:05:25] [info] flip-probe: flip #1930 ok=true present=-3ms inter_flip_ms=56 drawcalls-since-flip=45 drawcalls-total=127837 fail-total=0 null-skips-total=0
[11:05:26] [info] flip-probe: flip #1940 ok=true present=-3ms inter_flip_ms=55 drawcalls-since-flip=44 drawcalls-total=128277 fail-total=0 null-skips-total=0
[11:05:26] [info] flip-probe: flip #1950 ok=true present=5ms inter_flip_ms=48 drawcalls-since-flip=43 drawcalls-total=128715 fail-total=0 null-skips-total=0
[11:05:26] [info] flip-probe: flip #1960 ok=true present=-2ms inter_flip_ms=54 drawcalls-since-flip=43 drawcalls-total=129145 fail-total=0 null-skips-total=0
[11:05:27] [info] backdrop cache: thrashing-detect engaged (streak=124, route=direct)
[11:05:27] [info] flip-probe: flip #1970 ok=true present=-3ms inter_flip_ms=55 drawcalls-since-flip=17 drawcalls-total=129315 fail-total=0 null-skips-total=0
[11:05:27] [info] flip-probe: flip #1980 ok=true present=-3ms inter_flip_ms=63 drawcalls-since-flip=18 drawcalls-total=129492 fail-total=0 null-skips-total=0
[11:05:28] [info] flip-probe: flip #1990 ok=true present=-2ms inter_flip_ms=61 drawcalls-since-flip=18 drawcalls-total=129672 fail-total=0 null-skips-total=0
[11:05:28] [info] flip-probe: flip #2000 ok=true present=-2ms inter_flip_ms=54 drawcalls-since-flip=19 drawcalls-total=129862 fail-total=0 null-skips-total=0
[11:05:28] [info] alpha audit block 0: 2484 total drawcalls, 0 with alpha<255 (block pct_x10=0; global 0/117134 pct_x10=0); alpha-mod skipped: block=0 global=0
[11:05:28] [info] fastpath audit block 0: taken=2484 (idx8=2484) skipped=0 pct_x10=1000; global taken=117134 (idx8=117134) skipped=0 pct_x10=1000
[11:05:28] [info] primitive tally block 0: clear=200(hr=200) fill=0(hr=0) rect=0(hr=0) line=0(hr=0) tint=0 spotlight=0 (over 100 flips ending at flip 2000)
[11:05:28] [info] color/alpha audit block 0: cmod_white=780 cmod_black=780 (idx=780) cmod_general=0 (idx=0) cmod_fb=0; alpha_taken=0 alpha_skipped=0 (global cmod=11790/10248/693/0 idx=10248/693 alpha=0/0)
[11:05:28] [info] phase timing block 0: drawcalls=4244 dc_total_ms=972 flip_inner_total_ms=438 inter_flip_total_ms=4117 (per-flip avg x10: dc_ms=97 fi_ms=43 if_ms=411 derived audio+engine_ms=271; per-drawcall avg us_x10=2290) [direct-vesa: presents=100 total_ms=284 avg_ms_x10=28 failed=0] [ablation: NO_DC_TIMING=0 CACHE_WINSURF=0 DIRECT_VESA=1]
[11:05:28] [info] kbd/audio block 0: kbd_irq=0 kbd_drain=0 ring_chunks=16 pump_pass=4242 pic1_mask=0xb8 first_irq_ticks=0 install_ticks=0 vector_at_install=0x0083a5f8 pic1_mask_live=0xb8 kbd_8042_stat=0x34 bios_kbd_head=0x002a bios_kbd_tail=0x002a bios_kbd_buf0=0x1970
[11:05:28] [info] dirty-rect block @flip=2000: total_calls=0 dirty_rects_avg=1 dirty_pct_x10=1000 forced_full=0 first_n_force=0 threshold_exceeded=0 dirty_path_taken=0 full_flush_taken=0
[11:05:28] [info] prev-frame-diff block @flip=2000: diff_calls=0 diff_rects_avg=0 diff_dirty_pct_x10=0 bbox_pct_x10=0 bbox_thresh_exceeded=0
[11:05:28] [info] flip-probe: flip #2010 ok=true present=-2ms inter_flip_ms=-2 drawcalls-since-flip=16 drawcalls-total=130036 fail-total=0 null-skips-total=0
[11:05:29] [info] flip-probe: flip #2020 ok=true present=6ms inter_flip_ms=1 drawcalls-since-flip=15 drawcalls-total=130186 fail-total=0 null-skips-total=0
[11:05:29] [info] backdrop cache: thrashing-detect engaged (streak=184, route=direct)
[11:05:29] [info] flip-probe: flip #2030 ok=true present=-3ms inter_flip_ms=55 drawcalls-since-flip=332 drawcalls-total=131205 fail-total=0 null-skips-total=0
[11:05:30] [info]  >> Entering stage 14: 'Shack'.
[11:05:30] [info] [skip-sheet-flush] cave=10
[11:05:30] [info] [load-stage] preloading entry music song=8 (cave=10)
[11:05:30] [info] gus backend: on_song_stop (all voices stopped).
[11:05:30] [info] MidiScheduler::load: parsed 'data/orgmid2/vivi.mid' = 11188 events at 48 PPQ
[11:05:31] [info] gus .pat 'acpiano': 5 sample(s) -> 5 resident (multisample).
[11:05:32] [info] gus .pat 'epiano1': 1 sample(s) -> 1 resident (multisample).
[11:05:32] [info] gus .pat 'acbass': 1 sample(s) -> 1 resident (multisample).
[11:05:32] [info] gus .pat 'altosax': 3 sample(s) -> 3 resident (multisample).
[11:05:32] [info] gus .pat 'flute': 3 sample(s) -> 3 resident (multisample).
[11:05:33] [info] gus .pat 'sqrwave': 1 sample(s) -> 1 resident (multisample).
[11:05:33] [info] gus .pat 'calliope': 1 sample(s) -> 1 resident (multisample).
[11:05:33] [info] gus .pat 'warmpad': 1 sample(s) -> 1 resident (multisample).
[11:05:34] [info] gus .pat 'kick1': 1 sample(s) -> 1 resident (drum/single).
[11:05:34] [info] gus .pat 'snare1': 1 sample(s) -> 1 resident (drum/single).
[11:05:34] [info] gus .pat 'hihatcl': 1 sample(s) -> 1 resident (drum/single).
[11:05:34] [info] gus .pat 'tommid2': 1 sample(s) -> 1 resident (drum/single).
[11:05:34] [warn] gus backend: 'hihatop.pat' DRAM upload failed (full?); instrument silent. dram_size=1048576 bytes.
[11:05:34] [info] gus backend: on_song_start -- uploaded 12 instruments (1 missing/silent) into 1019 KB DRAM for this song; 20 subsamples resident, 0 instrument(s) K-capped/DRAM-truncated (multisample on).
[11:05:34] [info] gameloop: entered (curmap=14, running=1)
[11:05:34] [info] gameloop: iter 1 ticks=136317 mapno=-1
[11:05:35] [info] gameloop: iter 2 ticks=136376 mapno=-1
[11:05:35] [info] gameloop: iter 3 ticks=136485 mapno=-1
[11:05:35] [info] flip-probe: flip #2040 ok=true present=5ms inter_flip_ms=56 drawcalls-since-flip=365 drawcalls-total=134097 fail-total=0 null-skips-total=0
[11:05:35] [info] flip-probe: flip #2050 ok=true present=6ms inter_flip_ms=49 drawcalls-since-flip=13 drawcalls-total=135455 fail-total=0 null-skips-total=0
[11:05:35] [info] flip-probe: flip #2060 ok=true present=6ms inter_flip_ms=51 drawcalls-since-flip=24 drawcalls-total=135684 fail-total=0 null-skips-total=0
[11:05:36] [info] flip-probe: flip #2070 ok=true present=-3ms inter_flip_ms=3 drawcalls-since-flip=24 drawcalls-total=135924 fail-total=0 null-skips-total=0
[11:05:36] [info] flip-probe: flip #2080 ok=true present=-3ms inter_flip_ms=51 drawcalls-since-flip=24 drawcalls-total=136164 fail-total=0 null-skips-total=0
[11:05:36] [info] flip-probe: flip #2090 ok=true present=6ms inter_flip_ms=-4 drawcalls-since-flip=27 drawcalls-total=136427 fail-total=0 null-skips-total=0
[11:05:37] [info] flip-probe: flip #2100 ok=true present=-2ms inter_flip_ms=51 drawcalls-since-flip=27 drawcalls-total=136699 fail-total=0 null-skips-total=0
[11:05:37] [info] alpha audit block 0: 6481 total drawcalls, 0 with alpha<255 (block pct_x10=0; global 0/123615 pct_x10=0); alpha-mod skipped: block=0 global=0
[11:05:37] [info] fastpath audit block 0: taken=6481 (idx8=6481) skipped=0 pct_x10=1000; global taken=123615 (idx8=123615) skipped=0 pct_x10=1000
[11:05:37] [info] primitive tally block 0: clear=202(hr=202) fill=0(hr=0) rect=0(hr=0) line=0(hr=0) tint=0 spotlight=0 (over 100 flips ending at flip 2100)
[11:05:37] [info] color/alpha audit block 0: cmod_white=320 cmod_black=320 (idx=320) cmod_general=0 (idx=0) cmod_fb=0; alpha_taken=0 alpha_skipped=0 (global cmod=12110/10568/693/0 idx=10568/693 alpha=0/0)
[11:05:37] [info] phase timing block 0: drawcalls=7323 dc_total_ms=1393 flip_inner_total_ms=265 inter_flip_total_ms=8786 (per-flip avg x10: dc_ms=139 fi_ms=26 if_ms=878 derived audio+engine_ms=713; per-drawcall avg us_x10=1902) [direct-vesa: presents=100 total_ms=228 avg_ms_x10=22 failed=0] [ablation: NO_DC_TIMING=0 CACHE_WINSURF=0 DIRECT_VESA=1]
[11:05:37] [info] kbd/audio block 0: kbd_irq=0 kbd_drain=0 ring_chunks=16 pump_pass=4439 pic1_mask=0xb8 first_irq_ticks=0 install_ticks=0 vector_at_install=0x0083a5f8 pic1_mask_live=0xb8 kbd_8042_stat=0x34 bios_kbd_head=0x002a bios_kbd_tail=0x002a bios_kbd_buf0=0x1970
[11:05:37] [info] dirty-rect block @flip=2100: total_calls=0 dirty_rects_avg=1 dirty_pct_x10=1000 forced_full=0 first_n_force=0 threshold_exceeded=0 dirty_path_taken=0 full_flush_taken=0
[11:05:37] [info] prev-frame-diff block @flip=2100: diff_calls=0 diff_rects_avg=0 diff_dirty_pct_x10=0 bbox_pct_x10=0 bbox_thresh_exceeded=0
[11:05:37] [info] tas: stall frame 329 ms -> contributing 1 tick (patch 0286)
[11:05:37] [info] flip-probe: flip #2110 ok=true present=-3ms inter_flip_ms=6 drawcalls-since-flip=24 drawcalls-total=136946 fail-total=0 null-skips-total=0
[11:05:38] [info] flip-probe: flip #2120 ok=true present=6ms inter_flip_ms=50 drawcalls-since-flip=24 drawcalls-total=137186 fail-total=0 null-skips-total=0
[11:05:38] [info] flip-probe: flip #2130 ok=true present=5ms inter_flip_ms=51 drawcalls-since-flip=24 drawcalls-total=137426 fail-total=0 null-skips-total=0
[11:05:38] [info] flip-probe: flip #2140 ok=true present=-2ms inter_flip_ms=55 drawcalls-since-flip=24 drawcalls-total=137666 fail-total=0 null-skips-total=0
[11:05:39] [info] flip-probe: flip #2150 ok=true present=-3ms inter_flip_ms=51 drawcalls-since-flip=24 drawcalls-total=137906 fail-total=0 null-skips-total=0
[11:05:39] [info] flip-probe: flip #2160 ok=true present=-3ms inter_flip_ms=58 drawcalls-since-flip=14 drawcalls-total=138106 fail-total=0 null-skips-total=0
[11:05:39] [info] flip-probe: flip #2170 ok=true present=-3ms inter_flip_ms=3 drawcalls-since-flip=14 drawcalls-total=138246 fail-total=0 null-skips-total=0
[11:05:39] [info] flip-probe: flip #2180 ok=true present=-2ms inter_flip_ms=56 drawcalls-since-flip=14 drawcalls-total=138386 fail-total=0 null-skips-total=0
[11:05:40] [info] flip-probe: flip #2190 ok=true present=-2ms inter_flip_ms=0 drawcalls-since-flip=14 drawcalls-total=138526 fail-total=0 null-skips-total=0
[11:05:40] [info] flip-probe: flip #2200 ok=true present=-3ms inter_flip_ms=55 drawcalls-since-flip=355 drawcalls-total=141032 fail-total=0 null-skips-total=0
[11:05:40] [info] alpha audit block 0: 4053 total drawcalls, 0 with alpha<255 (block pct_x10=0; global 0/127668 pct_x10=0); alpha-mod skipped: block=0 global=0
[11:05:40] [info] fastpath audit block 0: taken=4053 (idx8=4053) skipped=0 pct_x10=1000; global taken=127668 (idx8=127668) skipped=0 pct_x10=1000
[11:05:40] [info] primitive tally block 0: clear=200(hr=200) fill=0(hr=0) rect=0(hr=0) line=0(hr=0) tint=0 spotlight=0 (over 100 flips ending at flip 2200)
[11:05:40] [info] color/alpha audit block 0: cmod_white=280 cmod_black=280 (idx=280) cmod_general=0 (idx=0) cmod_fb=0; alpha_taken=0 alpha_skipped=0 (global cmod=12390/10848/693/0 idx=10848/693 alpha=0/0)
[11:05:40] [info] phase timing block 0: drawcalls=4813 dc_total_ms=543 flip_inner_total_ms=511 inter_flip_total_ms=3517 (per-flip avg x10: dc_ms=54 fi_ms=51 if_ms=351 derived audio+engine_ms=246; per-drawcall avg us_x10=1128) [direct-vesa: presents=100 total_ms=319 avg_ms_x10=31 failed=0] [ablation: NO_DC_TIMING=0 CACHE_WINSURF=0 DIRECT_VESA=1]
[11:05:40] [info] kbd/audio block 0: kbd_irq=0 kbd_drain=0 ring_chunks=16 pump_pass=4602 pic1_mask=0xb8 first_irq_ticks=0 install_ticks=0 vector_at_install=0x0083a5f8 pic1_mask_live=0xb8 kbd_8042_stat=0x34 bios_kbd_head=0x002a bios_kbd_tail=0x002a bios_kbd_buf0=0x1970
[11:05:40] [info] dirty-rect block @flip=2200: total_calls=0 dirty_rects_avg=1 dirty_pct_x10=1000 forced_full=0 first_n_force=0 threshold_exceeded=0 dirty_path_taken=0 full_flush_taken=0
[11:05:40] [info] prev-frame-diff block @flip=2200: diff_calls=0 diff_rects_avg=0 diff_dirty_pct_x10=0 bbox_pct_x10=0 bbox_thresh_exceeded=0
[11:05:40] [info] tas: stall frame 167 ms -> contributing 1 tick (patch 0286)
[11:05:40] [info]  >> Entering stage 11: 'Mimiga Village'.
[11:05:40] [info] [skip-sheet-flush] cave=11
[11:05:41] [info] [load-stage] preloading entry music song=9 (cave=11)
[11:05:41] [info] gus backend: on_song_stop (all voices stopped).
[11:05:41] [info] MidiScheduler::load: parsed 'data/orgmid2/mura.mid' = 7123 events at 48 PPQ
[11:05:42] [info] gus .pat 'acpiano': 5 sample(s) -> 5 resident (multisample).
[11:05:42] [info] gus .pat 'epiano1': 1 sample(s) -> 1 resident (multisample).
[11:05:42] [info] gus .pat 'acbass': 1 sample(s) -> 1 resident (multisample).
[11:05:42] [info] gus .pat 'altosax': 3 sample(s) -> 3 resident (multisample).
[11:05:43] [info] gus .pat 'flute': 3 sample(s) -> 3 resident (multisample).
[11:05:43] [info] gus .pat 'sqrwave': 1 sample(s) -> 1 resident (multisample).
[11:05:44] [info] gus .pat 'calliope': 1 sample(s) -> 1 resident (multisample).
[11:05:44] [info] gus .pat 'warmpad': 1 sample(s) -> 1 resident (multisample).
[11:05:44] [info] gus .pat 'kick1': 1 sample(s) -> 1 resident (drum/single).
[11:05:45] [info] gus .pat 'snare1': 1 sample(s) -> 1 resident (drum/single).
[11:05:45] [info] gus .pat 'hihatcl': 1 sample(s) -> 1 resident (drum/single).
[11:05:45] [info] gus .pat 'tommid2': 1 sample(s) -> 1 resident (drum/single).
[11:05:45] [warn] gus backend: 'hihatop.pat' DRAM upload failed (full?); instrument silent. dram_size=1048576 bytes.
[11:05:45] [info] gus backend: on_song_start -- uploaded 12 instruments (1 missing/silent) into 1019 KB DRAM for this song; 20 subsamples resident, 0 instrument(s) K-capped/DRAM-truncated (multisample on).
[11:05:45] [info] gameloop: entered (curmap=11, running=1)
[11:05:45] [info] gameloop: iter 1 ticks=146922 mapno=-1
[11:05:45] [info] gameloop: iter 2 ticks=147029 mapno=-1
[11:05:45] [info] gameloop: iter 3 ticks=147136 mapno=-1
[11:05:46] [info] backdrop cache: thrashing-detect engaged (streak=4, route=direct)
[11:05:46] [info] flip-probe: flip #2210 ok=true present=6ms inter_flip_ms=51 drawcalls-since-flip=114 drawcalls-total=143935 fail-total=0 null-skips-total=0
[11:05:46] [info] flip-probe: flip #2220 ok=true present=6ms inter_flip_ms=51 drawcalls-since-flip=41 drawcalls-total=144325 fail-total=0 null-skips-total=0
[11:05:46] [info] flip-probe: flip #2230 ok=true present=-3ms inter_flip_ms=58 drawcalls-since-flip=43 drawcalls-total=144748 fail-total=0 null-skips-total=0
[11:05:47] [info] flip-probe: flip #2240 ok=true present=-2ms inter_flip_ms=50 drawcalls-since-flip=44 drawcalls-total=145188 fail-total=0 null-skips-total=0
[11:05:47] [info] flip-probe: flip #2250 ok=true present=6ms inter_flip_ms=54 drawcalls-since-flip=47 drawcalls-total=145643 fail-total=0 null-skips-total=0
[11:05:48] [info] flip-probe: flip #2260 ok=true present=-2ms inter_flip_ms=58 drawcalls-since-flip=44 drawcalls-total=146108 fail-total=0 null-skips-total=0
[11:05:48] [info] backdrop cache: thrashing-detect engaged (streak=64, route=direct)
[11:05:48] [info] flip-probe: flip #2270 ok=true present=-3ms inter_flip_ms=3 drawcalls-since-flip=43 drawcalls-total=146538 fail-total=0 null-skips-total=0
[11:05:49] [info] flip-probe: flip #2280 ok=true present=-3ms inter_flip_ms=57 drawcalls-since-flip=46 drawcalls-total=146972 fail-total=0 null-skips-total=0
[11:05:49] [info] flip-probe: flip #2290 ok=true present=-3ms inter_flip_ms=4 drawcalls-since-flip=45 drawcalls-total=147433 fail-total=0 null-skips-total=0
[11:05:49] [info] flip-probe: flip #2300 ok=true present=6ms inter_flip_ms=55 drawcalls-since-flip=45 drawcalls-total=147883 fail-total=0 null-skips-total=0
[11:05:49] [info] alpha audit block 0: 5493 total drawcalls, 0 with alpha<255 (block pct_x10=0; global 0/133161 pct_x10=0); alpha-mod skipped: block=0 global=0
[11:05:49] [info] fastpath audit block 0: taken=5493 (idx8=5493) skipped=0 pct_x10=1000; global taken=133161 (idx8=133161) skipped=0 pct_x10=1000
[11:05:49] [info] primitive tally block 0: clear=201(hr=201) fill=0(hr=0) rect=0(hr=0) line=0(hr=0) tint=0 spotlight=0 (over 100 flips ending at flip 2300)
[11:05:49] [info] color/alpha audit block 0: cmod_white=1261 cmod_black=1261 (idx=1261) cmod_general=0 (idx=0) cmod_fb=0; alpha_taken=0 alpha_skipped=0 (global cmod=13651/12109/693/0 idx=12109/693 alpha=0/0)
[11:05:49] [info] phase timing block 0: drawcalls=8221 dc_total_ms=1004 flip_inner_total_ms=470 inter_flip_total_ms=9170 (per-flip avg x10: dc_ms=100 fi_ms=47 if_ms=917 derived audio+engine_ms=770; per-drawcall avg us_x10=1222) [direct-vesa: presents=100 total_ms=429 avg_ms_x10=42 failed=0] [ablation: NO_DC_TIMING=0 CACHE_WINSURF=0 DIRECT_VESA=1]
[11:05:49] [info] kbd/audio block 0: kbd_irq=0 kbd_drain=0 ring_chunks=16 pump_pass=4824 pic1_mask=0xb8 first_irq_ticks=0 install_ticks=0 vector_at_install=0x0083a5f8 pic1_mask_live=0xb8 kbd_8042_stat=0x34 bios_kbd_head=0x002a bios_kbd_tail=0x002a bios_kbd_buf0=0x1970
[11:05:49] [info] dirty-rect block @flip=2300: total_calls=0 dirty_rects_avg=1 dirty_pct_x10=1000 forced_full=0 first_n_force=0 threshold_exceeded=0 dirty_path_taken=0 full_flush_taken=0
[11:05:49] [info] prev-frame-diff block @flip=2300: diff_calls=0 diff_rects_avg=0 diff_dirty_pct_x10=0 bbox_pct_x10=0 bbox_thresh_exceeded=0
[11:05:50] [info] flip-probe: flip #2310 ok=true present=-3ms inter_flip_ms=58 drawcalls-since-flip=45 drawcalls-total=148333 fail-total=0 null-skips-total=0
[11:05:50] [info] flip-probe: flip #2320 ok=true present=-3ms inter_flip_ms=58 drawcalls-since-flip=47 drawcalls-total=148798 fail-total=0 null-skips-total=0
[11:05:51] [info] backdrop cache: thrashing-detect engaged (streak=124, route=direct)
[11:05:51] [info] flip-probe: flip #2330 ok=true present=-3ms inter_flip_ms=53 drawcalls-since-flip=19 drawcalls-total=149073 fail-total=0 null-skips-total=0
[11:05:51] [info] flip-probe: flip #2340 ok=true present=-2ms inter_flip_ms=52 drawcalls-since-flip=18 drawcalls-total=149254 fail-total=0 null-skips-total=0
[11:05:51] [info] flip-probe: flip #2350 ok=true present=5ms inter_flip_ms=53 drawcalls-since-flip=19 drawcalls-total=149435 fail-total=0 null-skips-total=0
[11:05:52] [info] flip-probe: flip #2360 ok=true present=-2ms inter_flip_ms=57 drawcalls-since-flip=20 drawcalls-total=149626 fail-total=0 null-skips-total=0
[11:05:52] [info] backdrop cache: thrashing-detect engaged (streak=4, route=direct)
[11:05:52] [info] flip-probe: flip #2370 ok=true present=-2ms inter_flip_ms=-2 drawcalls-since-flip=21 drawcalls-total=149830 fail-total=0 null-skips-total=0
[11:05:53] [info] flip-probe: flip #2380 ok=true present=-3ms inter_flip_ms=-2 drawcalls-since-flip=20 drawcalls-total=150035 fail-total=0 null-skips-total=0
[11:05:53] [info] flip-probe: flip #2390 ok=true present=-2ms inter_flip_ms=5 drawcalls-since-flip=19 drawcalls-total=150228 fail-total=0 null-skips-total=0
[11:05:53] [info] flip-probe: flip #2400 ok=true present=-2ms inter_flip_ms=1 drawcalls-since-flip=19 drawcalls-total=150418 fail-total=0 null-skips-total=0
[11:05:53] [info] alpha audit block 0: 2136 total drawcalls, 0 with alpha<255 (block pct_x10=0; global 0/135297 pct_x10=0); alpha-mod skipped: block=0 global=0
[11:05:53] [info] fastpath audit block 0: taken=2136 (idx8=2136) skipped=0 pct_x10=1000; global taken=135297 (idx8=135297) skipped=0 pct_x10=1000
[11:05:53] [info] primitive tally block 0: clear=200(hr=200) fill=0(hr=0) rect=0(hr=0) line=0(hr=0) tint=0 spotlight=0 (over 100 flips ending at flip 2400)
[11:05:53] [info] color/alpha audit block 0: cmod_white=299 cmod_black=299 (idx=299) cmod_general=0 (idx=0) cmod_fb=0; alpha_taken=0 alpha_skipped=0 (global cmod=13950/12408/693/0 idx=12408/693 alpha=0/0)
[11:05:53] [info] phase timing block 0: drawcalls=2941 dc_total_ms=908 flip_inner_total_ms=400 inter_flip_total_ms=4011 (per-flip avg x10: dc_ms=90 fi_ms=40 if_ms=401 derived audio+engine_ms=271; per-drawcall avg us_x10=3090) [direct-vesa: presents=100 total_ms=221 avg_ms_x10=22 failed=0] [ablation: NO_DC_TIMING=0 CACHE_WINSURF=0 DIRECT_VESA=1]
[11:05:53] [info] kbd/audio block 0: kbd_irq=0 kbd_drain=0 ring_chunks=16 pump_pass=5029 pic1_mask=0xb8 first_irq_ticks=0 install_ticks=0 vector_at_install=0x0083a5f8 pic1_mask_live=0xb8 kbd_8042_stat=0x34 bios_kbd_head=0x002a bios_kbd_tail=0x002a bios_kbd_buf0=0x1970
[11:05:53] [info] dirty-rect block @flip=2400: total_calls=0 dirty_rects_avg=1 dirty_pct_x10=1000 forced_full=0 first_n_force=0 threshold_exceeded=0 dirty_path_taken=0 full_flush_taken=0
[11:05:53] [info] prev-frame-diff block @flip=2400: diff_calls=0 diff_rects_avg=0 diff_dirty_pct_x10=0 bbox_pct_x10=0 bbox_thresh_exceeded=0
[11:05:54] [info] flip-probe: flip #2410 ok=true present=-2ms inter_flip_ms=56 drawcalls-since-flip=19 drawcalls-total=150608 fail-total=0 null-skips-total=0
[11:05:54] [info] flip-probe: flip #2420 ok=true present=-3ms inter_flip_ms=57 drawcalls-since-flip=19 drawcalls-total=150798 fail-total=0 null-skips-total=0
[11:05:55] [info] backdrop cache: thrashing-detect engaged (streak=64, route=direct)
[11:05:55] [info] flip-probe: flip #2430 ok=true present=-3ms inter_flip_ms=53 drawcalls-since-flip=19 drawcalls-total=150988 fail-total=0 null-skips-total=0
[11:05:55] [info] flip-probe: flip #2440 ok=true present=-2ms inter_flip_ms=53 drawcalls-since-flip=60 drawcalls-total=151260 fail-total=0 null-skips-total=0
[11:05:55] [info] flip-probe: flip #2450 ok=true present=5ms inter_flip_ms=-3 drawcalls-since-flip=60 drawcalls-total=151860 fail-total=0 null-skips-total=0
[11:05:56] [info] flip-probe: flip #2460 ok=true present=-2ms inter_flip_ms=59 drawcalls-since-flip=60 drawcalls-total=152460 fail-total=0 null-skips-total=0
[11:05:56] [info] flip-probe: flip #2470 ok=true present=-3ms inter_flip_ms=61 drawcalls-since-flip=60 drawcalls-total=153060 fail-total=0 null-skips-total=0
[11:05:56] [info] tas: end-of-replay auto-exit at tick 5140 (recording exhausted; set DOSKUTSU_TAS_REPLAY_HOLD=1 to disable + observe steady-state past recording end)
[11:05:56] [info] Script engine shutdown.
[11:05:56] [info] gus backend: on_song_stop (all voices stopped).
[11:05:56] [info] gus backend shutdown (all voices stopped; GF1 in reset).
[11:05:56] [info] Organya init...
[11:05:58] [info] Organya init done
[11:05:58] [info] Sound system shutdown
[11:05:58] [info] Renderer::Close()
[11:05:58] [info] tas: replay file closed
[11:05:58] [info] [fps-true] flips=2472 render_s=155 fps_mean=15.9 (clock-independent: flips / seconds since the FIRST flip; use THIS for the fps matrix, not inter_flip medians, which are invalid in any cell running the PIT/IRQ-0 music pump)
[RUNMANIFEST-BEGIN]
schema_version=1
environment=realhw
binary_sha12=f8d446b4b0e0
wave_tag=622
scene=
env_block_sha=f263a9b5167a
started_utc=2026-11-19T04:07:24Z
duration_s=170
exit_code=0
fps_p50=NA
fps_p95=NA
audio_vital_status=NA
regime=NA
banner_required_hit=0
banner_required_total=0
banner_forbidden_hit=0
banner_optional_hit=0
critical_count=0
warn_count=0
[RUNMANIFEST-END]
[11:05:58] [info] [runmanifest-emit] schema=v1 env=realhw sha12=f8d446b4b0e0 dur=170s tag='622' scene='' env_sha=f263a9b5167a (signals=0x4)
