Logger::init: wave-53 log level=INFO path='LOGS/641.LOG'
[11:12:03] [info] config: loaded DOSKUTSU.CFG (2 keys)
[11:12:03] [info] tas: PRNG seed forced to 12345 via DOSKUTSU_TAS_PRNG_SEED
[11:12:03] [info] tas: auto-exit armed at tick 30000 via DOSKUTSU_TAS_AUTO_EXIT_TICK
[11:12:03] [info] tas: replay opened path='QA.TAS' header_seed=12345
[11:12:03] [info] AUDIO_BACKEND=adlib -- omitting SDL_INIT_AUDIO (no Sound Blaster on a native-AdLib config; the OPL chip is driven by direct port I/O + the PIT/IRQ-0 music pump). SoundManager::init() STILL RUNS (unlike AUDIO_OFF) to bring up the OPL2 backend. MUSIC ONLY -- no PCM SFX on a DAC-less AdLib card.
[11:12:04] [info] data cache: DISABLED (default)
[11:12:04] [info] Joystick: skipped (default; set DOSKUTSU_USE_JOYSTICK=1 to enable -- skips SDL3-DOS gameport BIOS INT 15h polling, ~82 ms / flip on real HW)
[11:12:04] [info] Loading settings...
[11:12:04] [info] [input-bind] applied=0 invert_y=0 dos_axes=1
[11:12:04] [info] Renderer::initVideo: 8bpp mode requested via SDL_HINT_DOS_MAX_BPP=8 (wave 16); SDL3-DOS will pick the highest-bpp <= 8 mode at requested resolution
[11:12:04] [info] Renderer::initVideo: DOS resolution-label lock ENABLED (default)
[11:12:05] [info] Renderer::initVideo: using: software renderer
[11:12:07] [info] Renderer::initVideo: dirty-rect tracking ENABLED (wave 15, default ON; set SDL_HINT_DOSKUTSU_DIRTY_RECTS=0 to disable)
[11:12:07] [info] Renderer::initVideo: ablation flags: NO_DC_TIMING=0 CACHE_WINSURF=0 NO_INPUT_POLL=0 DIRECT_VESA=1
[11:12:07] [info] Renderer::initVideo: direct-VESA hot path ENABLED (default since wave 20 patch 0088; bypasses SDL_RenderPresent / SDL_UpdateWindowSurface and writes via SDL/0034's PresentFull helper; R2 mitigation handled by SDL/0034 generation counter -- no per-N-flip heartbeat needed; set SDL_HINT_DOSKUTSU_DIRECT_VESA=0 to revert)
[11:12:07] [info] Renderer::initVideo: flip-phase instrumentation DISABLED (default; set SDL_HINT_DOSKUTSU_FLIP_INSTR=1 to opt in for wave-20 Lever A diagnostic)
[11:12:07] [info] Renderer::initVideo: asm opaque-span blit lever DISABLED (default; set SDL_HINT_DOSKUTSU_ASM_BLIT=1 to opt in -- wave-51 _blit_indexed colorkey-blit lever)
[11:12:07] [info] Renderer::initVideo: blit-decomp instrumentation DISABLED (default; set SDL_HINT_DOSKUTSU_BLIT_DECOMP=1 to opt in -- wave-51 _blit_indexed sub-decomp sizing)
[11:12:07] [info] Renderer::initVideo: mds-scroll-decomp instrumentation DISABLED (default; set SDL_HINT_DOSKUTSU_MDS_DECOMP=1 to opt in -- wave-52 mode_draw_scene scrolling-block decomp)
[11:12:07] [info] Renderer::initVideo: DOSVESA pump yield: skipped (default) (per-flip explicit SDL_Delay(0) yield is always on; set SDL_HINT_DOSKUTSU_FORCE_PUMP_YIELD=1 to restore old per-pump yield)
[11:12:07] [info] Renderer::initVideo: indexed-mode (8bpp) ENABLED -- master palette + 107 per-asset remap LUTs loaded (wave 16, default ON; set SDL_HINT_DOSKUTSU_PIXEL_FORMAT_8=0 to disable)
[11:12:07] [info] Renderer::initVideo: master palette attached to window surface (format=SDL_PIXELFORMAT_INDEX8, ncolors=256)
[11:12:07] [info] Renderer::initVideo: indexed-mode smoke: idx0=(0,0,0) OK idx255=(255,0,255) OK
[11:12:07] [info] Renderer::initVideo: indexed-mode smoke: paletteRemapFor('MyChar.pbm') = present
[11:12:08] [info] Surface::loadImage palmap-diag #1: 'data/Loading.pbm' fmt=SDL_PIXELFORMAT_ABGR8888 remap=HIT -> path=truecolor
[11:12:08] [info] Renderer: prev-frame diff DISABLED (default since wave 17.6; set SDL_HINT_DOSKUTSU_PREVFRAME_DIFF=1 to opt in)
[11:12:08] [info] flip-probe: renderer=software window_ptr=8808304 colorspace=301991328 window_size=320x240 framebuffer_pixels=320x240 logical_present=320x240 mode=2
[11:12:08] [info] flip-probe: first flip ok=true present=49ms inter_flip_ms=0 drawcalls-since-flip=1 drawcalls-total=1
[11:12:08] [info] Sound system init
[11:12:08] [info] Sound system: AdLib (OPL2) path -- AUDIO_BACKEND=adlib. Skipping SB16 + SDL_mixer bring-up (no SDL_INIT_AUDIO); music via native OPL2 FM on the PIT/IRQ-0 pump. MUSIC ONLY: a DAC-less AdLib card has no PCM SFX. See docs/internal/ADLIB-NATIVE-DESIGN.md.
[11:12:08] [info] Sound system: AdLib PC-speaker SFX beeps -- engine SFX->beep mapping WIRED (patch 0264; SDL owns default-ON killswitch SDL_HINT_DOSKUTSU_PCSPK_SFX=0 to disable). See docs/internal/ADLIB-PCSPK-SFX-DESIGN.md.
[11:12:08] [info] Sound system: 4-state audio enable (#31) -- music=on sfx=on (MUSIC_OFF/AUDIO_BACKEND=none -> music-off; SFX_OFF/SFX_DEVICE=none -> sfx-off; both gates are dispatch-level, the device still opens; AUDIO_OFF=1 is the device-level both-off).
[11:12:08] [info] Sound system: Tier-2 audio config (default since wave 21 patch 0093; 11025 Hz, 1 channel, buffer pinned to 256 frames). Measured savings on g2k Pentium OverDrive 83 MHz (W21A): heavy-music scenes ~+11 fps vs Tier-1 baseline (measured -10 to -15 ms/flip post-0094 audio fix; W21A's pre-fix -26.6 ms figure was inflated by stereo-vs-mono playback bug, see patch 0094). Audio quality is reduced vs Tier-1 (mono, 11025 Hz, simple-average L+R downmix) but recognizable; user accepted the trade per direction 2026-05-05. Set SDL_HINT_DOSKUTSU_AUDIO_TIER2=0 to revert to Tier-1 22050 stereo (full Cave Story 2004 audio quality; trades fps for fidelity).
[11:12:08] [info] Sound system: SDL_HINT_AUDIO_DEVICE_SAMPLE_FRAMES=256
[11:12:08] [info] Pixtone IRQ rate-divider: handed master_rate=11025 int16/s (SAMPLE_RATE=11025 x AUDIO_CHANNELS=1) to SDL for auto-RATEDIV (SDL/0074 computes shift_div from the resolved device freq).
[11:12:08] [info] Sound system: device frame-rate: requesting 11025 Hz match to master (SDL_DOSAudioSetDeviceFrameRate; SB16 opens at the engine frame rate instead of SDL's 44100 floor -- 4x less PCM/s + no resampler on the Organya/Pixtone path; killswitch SDL_HINT_DOSKUTSU_DOS_AUDIO_DEVICE_RATE_DEFAULT=0).
[11:12:08] [info] audio backend: adlib (Campaign 2 -- native OPL2 FM synthesis on a no-Sound-Blaster card; 9-voice single-bank allocator; music clock = PIT/IRQ-0 OPL pump, NOT SB IRQ-5). MUSIC ONLY -- no PCM SFX on a DAC-less AdLib card. SoundManager::init probes OPL2 at 0x388 via the Adlib timer-1 sequence; if absent, music is silent (the game still runs). Reuses data/opl3bank.dat (DMXOPL GM bank).
[11:12:08] [info] Sound system: AdLib path -- no SB16 mixer (music via the PIT pump; SFX disabled on this no-SB out-of-band path).
[11:12:08] [info] wave-13.6.1: ring_chunks=16 FORCE_PUMP_YIELD=off (set SDL_HINT_DOSKUTSU_AUDIO_RING_CHUNKS=4|8|16 to override; default 16 matches wave 13.6 behaviour)
[11:12:08] [info] MidiScheduler: MIDI source = 'orgmid2' (native-GM org2mid set; resolves to data/orgmid2/<name>.mid).
[11:12:08] [info] opl2 backend probing for OPL chip (Adlib timer-1 sequence on 0x388)...
[11:12:08] [info] opl2 backend: opl3bank.dat loaded 128 programs from 'data/opl3bank.dat' (1536 bytes). OPL2 ignores the SBI panning nibble; programs >= 128 fall back to the 8-patch family bucket; drum channel uses PATCH_DRUM.
[11:12:08] [info] opl2 backend ready (OPL2 detected; 9-voice single-bank allocator armed; bank=runtime opl3bank.dat ACTIVE; clock = PIT/IRQ-0 OPL music pump, NOT SB IRQ-5; MUSIC ONLY -- no PCM SFX on a DAC-less AdLib card).
[11:12:08] [info] Sound system: MidiScheduler armed with MidiBackendOpl2 (Campaign 2 AdLib -- native OPL2 FM, 9-voice single bank). Music dispatch routes via SMF parser + OPL2 voice allocator; the clock is the PIT/IRQ-0 OPL pump (SDL/0110), NOT the SB IRQ-5. MUSIC ONLY -- no Pixtone PCM SFX on a DAC-less card.
[11:12:08] [info] Sound system: idle-pause skipped (backend=adlib does not qualify; only opl3 supports idle-pause per patch 0115; default OFF since patch 0119 regardless of backend).
[11:12:08] [warn] Music dir Ogg/ doesn't exist
[11:12:09] [warn] Music dir Ogg11/ doesn't exist
[11:12:09] [warn] Music dir Ogg17/ doesn't exist
[11:12:09] [warn] Music dir Ogg_ridic/ doesn't exist
[11:12:09] [info] Sound system: AdLib path -- skipping Pixtone/SFX/Organya/mixer init (no SDL audio device; MUSIC ONLY -- a DAC-less AdLib card has no PCM SFX). No MIX_CreateTrack / SFX-render attempts; runtime SFX calls no-op.
[11:12:09] [info] adlib: music pump STARTED at 120 Hz (PIT ch0 / IRQ-0 drives MidiScheduler::tick_isr; BIOS 18.2 Hz tick chained; restored on exit). This is the music clock on a no-SB card.
[11:12:09] [info] menu slide-in fixed-timestep: ENABLED (default; slide advances at 50 Hz logic rate)
[11:12:09] [info] Reading npc.tbl...
[11:12:09] [info] Loading tilekey.dat.
[11:12:09] [info] Script engine init.
[11:12:09] [info] Entering main loop...
[11:12:09] [info] audio mid-gap pump: DISABLED (default)
[11:12:09] [info] TAS fixed-timestep guard: ENABLED (default) (patch 0280; load_stage wall-clock kept out of the FT accumulator so TAS replay advances at a true 50 Hz; set SDL_HINT_DOSKUTSU_TAS_FT_GUARD=0 to disable)
[11:12:09] [info] load_stage ring+DMA silence flush: ENABLED (default) (set SDL_HINT_DOSKUTSU_LOADSTAGE_SILENCE=0 to disable)
[11:12:09] [info] load-band audio-underrun probe: DISABLED (default) (opt-in SDL_HINT_DOSKUTSU_LOADBAND_STAT=1)
[11:12:09] [info]  >> Entering stage 72: 'u'.
[11:12:09] [info] skip sheet flush: ENABLED (default) (SFXPAUSE-012 SHIPPED FIX; sprite sheets stay resident across caves so no per-cave re-decode -> no fire-frame pause; map_flush_graphics tilemap cache still flushes; set SDL_HINT_DOSKUTSU_SKIP_SHEET_FLUSH=0 to restore the old per-cave flush)
[11:12:09] [info] [skip-sheet-flush] cave=1
[11:12:10] [info] eager action sheets: ENABLED (default) (first-fire hitch fix: pre-loads the weapon bullet + hit/muzzle/trail caret sheets at stage load so the first fire/impact does not lazy-decode mid-gameplay; set SDL_HINT_DOSKUTSU_EAGER_ACTION_SHEETS=0 to restore lazy load)
[11:12:10] [info] Surface::loadImage palmap-diag #2: 'data/Bullet.pbm' fmt=SDL_PIXELFORMAT_ABGR8888 remap=HIT -> path=truecolor
[11:12:10] [info] Surface::loadImage palmap-diag #3: 'data/Arms.pbm' fmt=SDL_PIXELFORMAT_ABGR8888 remap=HIT -> path=truecolor
[11:12:10] [info] Surface::loadImage palmap-diag #4: 'data/Caret.pbm' fmt=SDL_PIXELFORMAT_ABGR8888 remap=HIT -> path=truecolor
[11:12:10] [info] Surface::loadImage palmap-diag #5: 'data/Npc/NpcSym.pbm' fmt=SDL_PIXELFORMAT_ABGR8888 remap=HIT -> path=truecolor
[11:12:11] [info] [eager-action-sheets] cave=1 sheets=4 wall_ms=1097
[11:12:11] [info] Surface::loadImage palmap-diag #6: 'data/Stage/PrtWhite.pbm' fmt=SDL_PIXELFORMAT_ABGR8888 remap=HIT -> path=truecolor
[11:12:11] [info] load_stage: entry-music preload ENABLED (default) (set SDL_HINT_DOSKUTSU_PRELOAD_STAGE_MUSIC=0 to disable)
[11:12:11] [info] Surface::loadImage palmap-diag #7: 'data/bk0.pbm' fmt=SDL_PIXELFORMAT_ABGR8888 remap=HIT -> path=truecolor
[11:12:11] [info] gameloop: entered (curmap=72, running=1)
[11:12:11] [info] gameloop: iter 1 ticks=8296 mapno=-1
[11:12:11] [info] fixed-timestep: ENABLED (default; logic 50 Hz, decoupled from render)
[11:12:11] [info] map: BG skip-when-unchanged DISABLED (default) (set SDL_HINT_DOSKUTSU_BG_SKIP_WHEN_UNCHANGED=1 to enable; default OFF since wave-61 -- abandoned, it shipped a backdrop-black flicker and its +0.87 fps was below the noise floor)
[11:12:11] [info] map: skip-redundant-clear lever ENABLED (default since wave-53 promotion)
[11:12:12] [info] perf-mode: level=0 (faithful (default))
[11:12:12] [info] Surface::loadImage palmap-diag #8: 'data/Npc/NpcKings.pbm' fmt=SDL_PIXELFORMAT_ABGR8888 remap=HIT -> path=truecolor
[11:12:12] [info] audio tick-boundary pump: DISABLED (default)
[11:12:12] [info] gameloop: iter 2 ticks=8680 mapno=-1
[11:12:12] [info] gameloop: iter 3 ticks=8730 mapno=-1
[11:12:12] [info] direct-vesa: snapshot @gen=2 use_dosmemput=0 banked_multibank=0 pitches_match=1 vram_w=320 vram_h=240 vram_pitch=320 bpp=1 fb_size=76800 vram_phys=0x78000000 vram_ptr=0x77c00000
[11:12:12] [info] flip-probe: flip #10 ok=true present=-2ms inter_flip_ms=55 drawcalls-since-flip=6 drawcalls-total=43 fail-total=0 null-skips-total=0
[11:12:13] [info] flip-probe: flip #20 ok=true present=-3ms inter_flip_ms=54 drawcalls-since-flip=4 drawcalls-total=92 fail-total=0 null-skips-total=0
[11:12:13] [info] flip-probe: flip #30 ok=true present=-3ms inter_flip_ms=52 drawcalls-since-flip=326 drawcalls-total=2707 fail-total=0 null-skips-total=0
[11:12:14] [info] flip-probe: flip #40 ok=true present=-3ms inter_flip_ms=57 drawcalls-since-flip=264 drawcalls-total=5837 fail-total=0 null-skips-total=0
[11:12:15] [info] flip-probe: flip #50 ok=true present=-2ms inter_flip_ms=58 drawcalls-since-flip=67 drawcalls-total=7392 fail-total=0 null-skips-total=0
[11:12:15] [info] flip-probe: flip #60 ok=true present=6ms inter_flip_ms=53 drawcalls-since-flip=4 drawcalls-total=7502 fail-total=0 null-skips-total=0
[11:12:16] [info] flip-probe: flip #70 ok=true present=6ms inter_flip_ms=55 drawcalls-since-flip=6 drawcalls-total=7557 fail-total=0 null-skips-total=0
[11:12:16] [info] flip-probe: flip #80 ok=true present=6ms inter_flip_ms=54 drawcalls-since-flip=0 drawcalls-total=7586 fail-total=0 null-skips-total=0
[11:12:17] [info] flip-probe: flip #90 ok=true present=-2ms inter_flip_ms=55 drawcalls-since-flip=0 drawcalls-total=7586 fail-total=0 null-skips-total=0
[11:12:17] [info] title: eager-title-IO phase tag ENABLED (default) (set SDL_HINT_DOSKUTSU_EAGER_TITLE_IO=0 to disable)
[11:12:18] [warn] MidiScheduler::_refresh_isr_buffer: track has 27749 events; ISR buffer is 16384 (truncated; events after 16384 will not dispatch under L2b ON -- the engine-thread tick() path still uses _events directly under L2b OFF)
[11:12:18] [info] MidiScheduler::load: parsed 'data/orgmid2/curly.mid' = 27749 events at 48 PPQ
[11:12:18] [info] opl2 backend: on_song_start
[11:12:18] [info] gameloop: entered (curmap=1005, running=1)
[11:12:18] [info] gameloop: iter 1 ticks=14885 mapno=-1
[11:12:18] [info] map: backdrop cache ENABLED (default) (set SDL_HINT_DOSKUTSU_BACKDROP_CACHE=0 to disable)
[11:12:19] [info] gameloop: iter 2 ticks=15651 mapno=-1
[11:12:19] [info] gameloop: iter 3 ticks=15706 mapno=-1
[11:12:19] [info] backdrop cache: thrashing-detect engaged (streak=4, route=direct)
[11:12:19] [info] flip-probe: flip #100 ok=true present=-3ms inter_flip_ms=56 drawcalls-since-flip=75 drawcalls-total=7886 fail-total=0 null-skips-total=0
[11:12:19] [info] alpha audit block 0: 7798 total drawcalls, 0 with alpha<255 (block pct_x10=0; global 0/7798 pct_x10=0); alpha-mod skipped: block=0 global=0
[11:12:19] [info] fastpath audit block 0: taken=7798 (idx8=7798) skipped=0 pct_x10=1000; global taken=7798 (idx8=7798) skipped=0 pct_x10=1000
[11:12:19] [info] primitive tally block 0: clear=220(hr=220) fill=0(hr=0) rect=0(hr=0) line=0(hr=0) tint=0 spotlight=0 (over 100 flips ending at flip 100)
[11:12:19] [info] color/alpha audit block 0: cmod_white=104 cmod_black=0 (idx=0) cmod_general=84 (idx=84) cmod_fb=0; alpha_taken=0 alpha_skipped=0 (global cmod=104/0/84/0 idx=0/84 alpha=0/0)
[11:12:19] [info] phase timing block 0: drawcalls=8209 dc_total_ms=1340 flip_inner_total_ms=175 inter_flip_total_ms=10873 (per-flip avg x10: dc_ms=134 fi_ms=17 if_ms=1087 derived audio+engine_ms=936; per-drawcall avg us_x10=1632) [direct-vesa: presents=97 total_ms=30 avg_ms_x10=3 failed=0] [ablation: NO_DC_TIMING=0 CACHE_WINSURF=0 DIRECT_VESA=1]
[11:12:19] [info] kbd/audio block 0: kbd_irq=0 kbd_drain=0 ring_chunks=16 pump_pass=99 pic1_mask=0xb8 first_irq_ticks=0 install_ticks=0 vector_at_install=0x0084a080 pic1_mask_live=0xb8 kbd_8042_stat=0x34 bios_kbd_head=0x002a bios_kbd_tail=0x002a bios_kbd_buf0=0x1970
[11:12:19] [info] audio/engine split block 0: audio_mixer_calls=0 audio_mixer_ms_x10=0 engine_tick_calls=99 engine_tick_ms_x10=372 audio_service_calls=0 audio_service_ms_x10=0 (per-flip avg; per-call us_x10: audio_mix=0 engine_tick=376367 audio_service=0; global ns: audio_mix=0 engine_tick=3726039659 audio_service=0)
[11:12:19] [info] pixtone multi-source probe: DISABLED (default)
[11:12:19] [info] dirty-rect block @flip=100: total_calls=0 dirty_rects_avg=0 dirty_pct_x10=990 forced_full=0 first_n_force=3 threshold_exceeded=2 dirty_path_taken=0 full_flush_taken=3
[11:12:19] [info] prev-frame-diff block @flip=100: diff_calls=0 diff_rects_avg=0 diff_dirty_pct_x10=0 bbox_pct_x10=0 bbox_thresh_exceeded=0
[11:12:19] [info] flip-probe: flip #110 ok=true present=-2ms inter_flip_ms=54 drawcalls-since-flip=75 drawcalls-total=8636 fail-total=0 null-skips-total=0
[11:12:20] [info] flip-probe: flip #120 ok=true present=-2ms inter_flip_ms=58 drawcalls-since-flip=75 drawcalls-total=9386 fail-total=0 null-skips-total=0
[11:12:21] [info] flip-probe: flip #130 ok=true present=6ms inter_flip_ms=55 drawcalls-since-flip=0 drawcalls-total=9986 fail-total=0 null-skips-total=0
[11:12:21] [info] Loading profile from profile.dat
[11:12:21] [error] profile_load: unable to open 'profile.dat'
[11:12:21] [info] Loading profile from profile2.dat
[11:12:21] [error] profile_load: unable to open 'profile2.dat'
[11:12:21] [info] Loading profile from profile3.dat
[11:12:21] [info] Loading profile from profile4.dat
[11:12:21] [error] profile_load: unable to open 'profile4.dat'
[11:12:21] [info] Loading profile from profile5.dat
[11:12:22] [info] flip-probe: flip #140 ok=true present=6ms inter_flip_ms=55 drawcalls-since-flip=214 drawcalls-total=10842 fail-total=0 null-skips-total=0
[11:12:22] [info] flip-probe: flip #150 ok=true present=-3ms inter_flip_ms=59 drawcalls-since-flip=214 drawcalls-total=12982 fail-total=0 null-skips-total=0
[11:12:22] [info] Writing settings...
[11:12:23] [info] flip-probe: flip #160 ok=true present=-2ms inter_flip_ms=57 drawcalls-since-flip=0 drawcalls-total=13846 fail-total=0 null-skips-total=0
[11:12:23] [info] flip-probe: flip #170 ok=true present=-2ms inter_flip_ms=58 drawcalls-since-flip=0 drawcalls-total=13846 fail-total=0 null-skips-total=0
[11:12:23] [info] opl2 backend: on_song_stop
[11:12:23] [info] Loading profile from profile5.dat
[11:12:23] [info]  >> Entering stage 20: 'Save Point'.
[11:12:23] [info] [skip-sheet-flush] cave=2
[11:12:24] [info] MidiScheduler::load: parsed 'data/orgmid2/mura.mid' = 7123 events at 48 PPQ
[11:12:24] [info] opl2 backend: on_song_start
[11:12:24] [info] gameloop: entered (curmap=20, running=1)
[11:12:24] [info] gameloop: iter 1 ticks=21312 mapno=-1
[11:12:24] [info] TAS stall discount: ENABLED (default) (patch 0286; a replay frame over 150 ms is a load, not slow rendering, so it contributes 1 tick instead of its wall-clock; set SDL_HINT_DOSKUTSU_TAS_STALL_DISCOUNT=0 to disable)
[11:12:24] [info] TAS accumulator clamp: DISABLED (default) (patch 0281; caps the FT accumulator delta at one tick during TAS so a stalled frame cannot race the replay index; set SDL_HINT_DOSKUTSU_TAS_FT_GUARD=0 to disable)
[11:12:25] [info] gameloop: iter 2 ticks=21363 mapno=-1
[11:12:25] [info] gameloop: iter 3 ticks=21424 mapno=-1
[11:12:25] [info] flip-probe: flip #180 ok=true present=-2ms inter_flip_ms=59 drawcalls-since-flip=17 drawcalls-total=13971 fail-total=0 null-skips-total=0
[11:12:25] [info] flip-probe: flip #190 ok=true present=-2ms inter_flip_ms=-4 drawcalls-since-flip=17 drawcalls-total=14141 fail-total=0 null-skips-total=0
[11:12:25] [info] flip-probe: flip #200 ok=true present=-2ms inter_flip_ms=59 drawcalls-since-flip=17 drawcalls-total=14311 fail-total=0 null-skips-total=0
[11:12:25] [info] alpha audit block 0: 5788 total drawcalls, 0 with alpha<255 (block pct_x10=0; global 0/13586 pct_x10=0); alpha-mod skipped: block=0 global=0
[11:12:25] [info] fastpath audit block 0: taken=5788 (idx8=5788) skipped=0 pct_x10=1000; global taken=13586 (idx8=13586) skipped=0 pct_x10=1000
[11:12:25] [info] primitive tally block 0: clear=201(hr=201) fill=0(hr=0) rect=0(hr=0) line=0(hr=0) tint=0 spotlight=0 (over 100 flips ending at flip 200)
[11:12:25] [info] color/alpha audit block 0: cmod_white=1438 cmod_black=0 (idx=0) cmod_general=609 (idx=609) cmod_fb=0; alpha_taken=0 alpha_skipped=0 (global cmod=1542/0/693/0 idx=0/693 alpha=0/0)
[11:12:25] [info] phase timing block 0: drawcalls=8036 dc_total_ms=254 flip_inner_total_ms=135 inter_flip_total_ms=6315 (per-flip avg x10: dc_ms=25 fi_ms=13 if_ms=631 derived audio+engine_ms=593; per-drawcall avg us_x10=316) [direct-vesa: presents=100 total_ms=119 avg_ms_x10=11 failed=0] [ablation: NO_DC_TIMING=0 CACHE_WINSURF=0 DIRECT_VESA=1]
[11:12:25] [info] kbd/audio block 0: kbd_irq=0 kbd_drain=0 ring_chunks=16 pump_pass=211 pic1_mask=0xb8 first_irq_ticks=0 install_ticks=0 vector_at_install=0x0084a080 pic1_mask_live=0xb8 kbd_8042_stat=0x34 bios_kbd_head=0x002a bios_kbd_tail=0x002a bios_kbd_buf0=0x1970
[11:12:25] [info] audio/engine split block 0: audio_mixer_calls=0 audio_mixer_ms_x10=0 engine_tick_calls=76 engine_tick_ms_x10=57 audio_service_calls=0 audio_service_ms_x10=0 (per-flip avg; per-call us_x10: audio_mix=0 engine_tick=76265 audio_service=0; global ns: audio_mix=0 engine_tick=4305657150 audio_service=0)
[11:12:25] [info] dirty-rect block @flip=200: total_calls=0 dirty_rects_avg=1 dirty_pct_x10=1000 forced_full=0 first_n_force=0 threshold_exceeded=0 dirty_path_taken=0 full_flush_taken=0
[11:12:25] [info] prev-frame-diff block @flip=200: diff_calls=0 diff_rects_avg=0 diff_dirty_pct_x10=0 bbox_pct_x10=0 bbox_thresh_exceeded=0
[11:12:26] [info] flip-probe: flip #210 ok=true present=-3ms inter_flip_ms=2 drawcalls-since-flip=17 drawcalls-total=14481 fail-total=0 null-skips-total=0
[11:12:26] [info] flip-probe: flip #220 ok=true present=6ms inter_flip_ms=53 drawcalls-since-flip=17 drawcalls-total=14651 fail-total=0 null-skips-total=0
[11:12:26] [info] flip-probe: flip #230 ok=true present=-3ms inter_flip_ms=4 drawcalls-since-flip=17 drawcalls-total=14821 fail-total=0 null-skips-total=0
[11:12:27] [info] flip-probe: flip #240 ok=true present=-2ms inter_flip_ms=50 drawcalls-since-flip=358 drawcalls-total=16778 fail-total=0 null-skips-total=0
[11:12:27] [info]  >> Entering stage 11: 'Mimiga Village'.
[11:12:27] [info] [skip-sheet-flush] cave=3
[11:12:27] [info] [load-stage] preloading entry music song=9 (cave=3)
[11:12:28] [info] gameloop: entered (curmap=11, running=1)
[11:12:28] [info] gameloop: iter 1 ticks=24384 mapno=-1
[11:12:28] [info] map: mds_clear LUT ENABLED (default) (set SDL_HINT_DOSKUTSU_MDS_CLEAR_LUT=0 to disable; default ON; patch 0144 wave-49 bandwidth lever)
[11:12:28] [info] mds-clear-lut: rebuilt N=240 entries (k_skip=0% k_keep=100%; curmap=11 map_size=60x60; rebuild #1 since boot)
[11:12:28] [info] backdrop thrash full-cover ENABLED (default) (set SDL_HINT_DOSKUTSU_THRASH_FULLCOVER=0 to disable)
[11:12:28] [info] [bd-diag] backdrop render-path diag disabled (default) (set SDL_HINT_DOSKUTSU_BACKDROP_DIAG=1 to enable)
[11:12:28] [info] gameloop: iter 2 ticks=24658 mapno=-1
[11:12:28] [info] tas: stall frame 274 ms -> contributing 1 tick (patch 0286)
[11:12:28] [info] gameloop: iter 3 ticks=24770 mapno=-1
[11:12:28] [info] flip-probe: flip #250 ok=true present=-3ms inter_flip_ms=114 drawcalls-since-flip=360 drawcalls-total=20139 fail-total=0 null-skips-total=0
[11:12:28] [info] backdrop cache: thrashing-detect engaged (streak=4, route=direct)
[11:12:29] [info] flip-probe: flip #260 ok=true present=-2ms inter_flip_ms=53 drawcalls-since-flip=43 drawcalls-total=20846 fail-total=0 null-skips-total=0
[11:12:29] [info] flip-probe: flip #270 ok=true present=-3ms inter_flip_ms=57 drawcalls-since-flip=47 drawcalls-total=21288 fail-total=0 null-skips-total=0
[11:12:30] [info] flip-probe: flip #280 ok=true present=-2ms inter_flip_ms=59 drawcalls-since-flip=44 drawcalls-total=21744 fail-total=0 null-skips-total=0
[11:12:30] [info] flip-probe: flip #290 ok=true present=-2ms inter_flip_ms=59 drawcalls-since-flip=43 drawcalls-total=22175 fail-total=0 null-skips-total=0
[11:12:31] [info] flip-probe: flip #300 ok=true present=-2ms inter_flip_ms=58 drawcalls-since-flip=43 drawcalls-total=22605 fail-total=0 null-skips-total=0
[11:12:31] [info] alpha audit block 0: 7510 total drawcalls, 0 with alpha<255 (block pct_x10=0; global 0/21096 pct_x10=0); alpha-mod skipped: block=0 global=0
[11:12:31] [info] fastpath audit block 0: taken=7510 (idx8=7510) skipped=0 pct_x10=1000; global taken=21096 (idx8=21096) skipped=0 pct_x10=1000
[11:12:31] [info] primitive tally block 0: clear=201(hr=201) fill=0(hr=0) rect=0(hr=0) line=0(hr=0) tint=0 spotlight=0 (over 100 flips ending at flip 300)
[11:12:31] [info] color/alpha audit block 0: cmod_white=728 cmod_black=728 (idx=728) cmod_general=0 (idx=0) cmod_fb=0; alpha_taken=0 alpha_skipped=0 (global cmod=2270/728/693/0 idx=728/693 alpha=0/0)
[11:12:31] [info] phase timing block 0: drawcalls=9174 dc_total_ms=1232 flip_inner_total_ms=269 inter_flip_total_ms=5270 (per-flip avg x10: dc_ms=123 fi_ms=26 if_ms=527 derived audio+engine_ms=378; per-drawcall avg us_x10=1343) [direct-vesa: presents=100 total_ms=250 avg_ms_x10=25 failed=0] [ablation: NO_DC_TIMING=0 CACHE_WINSURF=0 DIRECT_VESA=1]
[11:12:31] [info] kbd/audio block 0: kbd_irq=0 kbd_drain=0 ring_chunks=16 pump_pass=431 pic1_mask=0xb8 first_irq_ticks=0 install_ticks=0 vector_at_install=0x0084a080 pic1_mask_live=0xb8 kbd_8042_stat=0x34 bios_kbd_head=0x002a bios_kbd_tail=0x002a bios_kbd_buf0=0x1970
[11:12:31] [info] [tile-speedup-stat n=100 drawtile_us=47.17 raw_blit_us=184467440737075.69 ratio=0.00]
[11:12:31] [info] dirty-rect block @flip=300: total_calls=100 dirty_rects_avg=1 dirty_pct_x10=1000 forced_full=0 first_n_force=0 threshold_exceeded=0 dirty_path_taken=0 full_flush_taken=0
[11:12:31] [info] prev-frame-diff block @flip=300: diff_calls=0 diff_rects_avg=0 diff_dirty_pct_x10=0 bbox_pct_x10=0 bbox_thresh_exceeded=0
[11:12:31] [info] tas: stall frame 161 ms -> contributing 1 tick (patch 0286)
[11:12:31] [info] flip-probe: flip #310 ok=true present=-3ms inter_flip_ms=56 drawcalls-since-flip=43 drawcalls-total=23135 fail-total=0 null-skips-total=0
[11:12:31] [info] tas: stall frame 273 ms -> contributing 1 tick (patch 0286)
[11:12:31] [info] backdrop cache: thrashing-detect engaged (streak=64, route=direct)
[11:12:32] [info] flip-probe: flip #320 ok=true present=6ms inter_flip_ms=49 drawcalls-since-flip=43 drawcalls-total=23565 fail-total=0 null-skips-total=0
[11:12:32] [info] flip-probe: flip #330 ok=true present=-3ms inter_flip_ms=61 drawcalls-since-flip=43 drawcalls-total=23995 fail-total=0 null-skips-total=0
[11:12:33] [info] flip-probe: flip #340 ok=true present=-3ms inter_flip_ms=53 drawcalls-since-flip=43 drawcalls-total=24425 fail-total=0 null-skips-total=0
[11:12:33] [info] flip-probe: flip #350 ok=true present=-3ms inter_flip_ms=58 drawcalls-since-flip=43 drawcalls-total=24855 fail-total=0 null-skips-total=0
[11:12:33] [info] flip-probe: flip #360 ok=true present=-3ms inter_flip_ms=55 drawcalls-since-flip=46 drawcalls-total=25298 fail-total=0 null-skips-total=0
[11:12:34] [info] flip-probe: flip #370 ok=true present=-2ms inter_flip_ms=1 drawcalls-since-flip=17 drawcalls-total=25585 fail-total=0 null-skips-total=0
[11:12:34] [info] backdrop cache: thrashing-detect engaged (streak=124, route=direct)
[11:12:34] [info] flip-probe: flip #380 ok=true present=-2ms inter_flip_ms=60 drawcalls-since-flip=18 drawcalls-total=25753 fail-total=0 null-skips-total=0
[11:12:35] [info] flip-probe: flip #390 ok=true present=-3ms inter_flip_ms=2 drawcalls-since-flip=16 drawcalls-total=25932 fail-total=0 null-skips-total=0
[11:12:35] [info] flip-probe: flip #400 ok=true present=6ms inter_flip_ms=48 drawcalls-since-flip=15 drawcalls-total=26085 fail-total=0 null-skips-total=0
[11:12:35] [info] alpha audit block 0: 2548 total drawcalls, 0 with alpha<255 (block pct_x10=0; global 0/23644 pct_x10=0); alpha-mod skipped: block=0 global=0
[11:12:35] [info] fastpath audit block 0: taken=2548 (idx8=2548) skipped=0 pct_x10=1000; global taken=23644 (idx8=23644) skipped=0 pct_x10=1000
[11:12:35] [info] primitive tally block 0: clear=200(hr=200) fill=0(hr=0) rect=0(hr=0) line=0(hr=0) tint=0 spotlight=0 (over 100 flips ending at flip 400)
[11:12:35] [info] color/alpha audit block 0: cmod_white=832 cmod_black=832 (idx=832) cmod_general=0 (idx=0) cmod_fb=0; alpha_taken=0 alpha_skipped=0 (global cmod=3102/1560/693/0 idx=1560/693 alpha=0/0)
[11:12:35] [info] phase timing block 0: drawcalls=4412 dc_total_ms=732 flip_inner_total_ms=695 inter_flip_total_ms=4556 (per-flip avg x10: dc_ms=73 fi_ms=69 if_ms=455 derived audio+engine_ms=313; per-drawcall avg us_x10=1659) [direct-vesa: presents=100 total_ms=349 avg_ms_x10=34 failed=0] [ablation: NO_DC_TIMING=0 CACHE_WINSURF=0 DIRECT_VESA=1]
[11:12:35] [info] kbd/audio block 0: kbd_irq=0 kbd_drain=0 ring_chunks=16 pump_pass=640 pic1_mask=0xb8 first_irq_ticks=0 install_ticks=0 vector_at_install=0x0084a080 pic1_mask_live=0xb8 kbd_8042_stat=0x34 bios_kbd_head=0x002a bios_kbd_tail=0x002a bios_kbd_buf0=0x1970
[11:12:35] [info] dirty-rect block @flip=400: total_calls=0 dirty_rects_avg=1 dirty_pct_x10=1000 forced_full=0 first_n_force=0 threshold_exceeded=0 dirty_path_taken=0 full_flush_taken=0
[11:12:35] [info] prev-frame-diff block @flip=400: diff_calls=0 diff_rects_avg=0 diff_dirty_pct_x10=0 bbox_pct_x10=0 bbox_thresh_exceeded=0
[11:12:36] [info] flip-probe: flip #410 ok=true present=6ms inter_flip_ms=0 drawcalls-since-flip=18 drawcalls-total=26262 fail-total=0 null-skips-total=0
[11:12:36] [info] flip-probe: flip #420 ok=true present=-3ms inter_flip_ms=56 drawcalls-since-flip=15 drawcalls-total=26429 fail-total=0 null-skips-total=0
[11:12:36] [info] flip-probe: flip #430 ok=true present=5ms inter_flip_ms=55 drawcalls-since-flip=15 drawcalls-total=26579 fail-total=0 null-skips-total=0
[11:12:36] [info] backdrop cache: thrashing-detect engaged (streak=184, route=direct)
[11:12:37] [info] flip-probe: flip #440 ok=true present=5ms inter_flip_ms=52 drawcalls-since-flip=184 drawcalls-total=27131 fail-total=0 null-skips-total=0
[11:12:37] [info]  >> Entering stage 17: 'Yamashita Farm'.
[11:12:37] [info] [skip-sheet-flush] cave=4
[11:12:38] [info] [load-stage] preloading entry music song=13 (cave=4)
[11:12:38] [info] opl2 backend: on_song_stop
[11:12:38] [info] MidiScheduler::load: parsed 'data/orgmid2/plant.mid' = 6246 events at 48 PPQ
[11:12:38] [info] opl2 backend: on_song_start
[11:12:38] [info] gameloop: entered (curmap=17, running=1)
[11:12:38] [info] gameloop: iter 1 ticks=34878 mapno=-1
[11:12:38] [info] mds-clear-lut: rebuilt N=240 entries (k_skip=33% k_keep=67%; curmap=17 map_size=40x16; rebuild #2 since boot)
[11:12:38] [info] gameloop: iter 2 ticks=35099 mapno=-1
[11:12:38] [info] tas: stall frame 221 ms -> contributing 1 tick (patch 0286)
[11:12:38] [info] flip-probe: flip #450 ok=true present=-3ms inter_flip_ms=55 drawcalls-since-flip=400 drawcalls-total=29717 fail-total=0 null-skips-total=0
[11:12:38] [info] gameloop: iter 3 ticks=35205 mapno=-1
[11:12:39] [info] flip-probe: flip #460 ok=true present=5ms inter_flip_ms=105 drawcalls-since-flip=132 drawcalls-total=32554 fail-total=0 null-skips-total=0
[11:12:40] [info] flip-probe: flip #470 ok=true present=-3ms inter_flip_ms=55 drawcalls-since-flip=138 drawcalls-total=33925 fail-total=0 null-skips-total=0
[11:12:40] [info] flip-probe: flip #480 ok=true present=6ms inter_flip_ms=50 drawcalls-since-flip=143 drawcalls-total=35333 fail-total=0 null-skips-total=0
[11:12:40] [info] backdrop cache: thrashing-detect engaged (streak=4, route=direct)
[11:12:41] [info] flip-probe: flip #490 ok=true present=6ms inter_flip_ms=55 drawcalls-since-flip=127 drawcalls-total=36689 fail-total=0 null-skips-total=0
[11:12:41] [info] flip-probe: flip #500 ok=true present=6ms inter_flip_ms=47 drawcalls-since-flip=131 drawcalls-total=37984 fail-total=0 null-skips-total=0
[11:12:41] [info] alpha audit block 0: 11123 total drawcalls, 0 with alpha<255 (block pct_x10=0; global 0/34767 pct_x10=0); alpha-mod skipped: block=0 global=0
[11:12:41] [info] fastpath audit block 0: taken=11123 (idx8=11123) skipped=0 pct_x10=1000; global taken=34767 (idx8=34767) skipped=0 pct_x10=1000
[11:12:41] [info] primitive tally block 0: clear=202(hr=202) fill=0(hr=0) rect=0(hr=0) line=0(hr=0) tint=0 spotlight=0 (over 100 flips ending at flip 500)
[11:12:41] [info] color/alpha audit block 0: cmod_white=676 cmod_black=676 (idx=676) cmod_general=0 (idx=0) cmod_fb=0; alpha_taken=0 alpha_skipped=0 (global cmod=3778/2236/693/0 idx=2236/693 alpha=0/0)
[11:12:41] [info] phase timing block 0: drawcalls=12712 dc_total_ms=1622 flip_inner_total_ms=475 inter_flip_total_ms=6370 (per-flip avg x10: dc_ms=162 fi_ms=47 if_ms=637 derived audio+engine_ms=428; per-drawcall avg us_x10=1276) [direct-vesa: presents=100 total_ms=468 avg_ms_x10=46 failed=0] [ablation: NO_DC_TIMING=0 CACHE_WINSURF=0 DIRECT_VESA=1]
[11:12:41] [info] kbd/audio block 0: kbd_irq=0 kbd_drain=0 ring_chunks=16 pump_pass=910 pic1_mask=0xb8 first_irq_ticks=0 install_ticks=0 vector_at_install=0x0084a080 pic1_mask_live=0xb8 kbd_8042_stat=0x34 bios_kbd_head=0x002a bios_kbd_tail=0x002a bios_kbd_buf0=0x1970
[11:12:41] [info] dirty-rect block @flip=500: total_calls=0 dirty_rects_avg=1 dirty_pct_x10=1000 forced_full=0 first_n_force=0 threshold_exceeded=0 dirty_path_taken=0 full_flush_taken=0
[11:12:41] [info] prev-frame-diff block @flip=500: diff_calls=0 diff_rects_avg=0 diff_dirty_pct_x10=0 bbox_pct_x10=0 bbox_thresh_exceeded=0
[11:12:42] [info] flip-probe: flip #510 ok=true present=-3ms inter_flip_ms=56 drawcalls-since-flip=141 drawcalls-total=39371 fail-total=0 null-skips-total=0
[11:12:42] [info] backdrop cache: thrashing-detect engaged (streak=4, route=direct)
[11:12:43] [info] flip-probe: flip #520 ok=true present=5ms inter_flip_ms=53 drawcalls-since-flip=141 drawcalls-total=40780 fail-total=0 null-skips-total=0
[11:12:43] [info] flip-probe: flip #530 ok=true present=6ms inter_flip_ms=52 drawcalls-since-flip=133 drawcalls-total=42139 fail-total=0 null-skips-total=0
[11:12:44] [info] flip-probe: flip #540 ok=true present=6ms inter_flip_ms=49 drawcalls-since-flip=122 drawcalls-total=43413 fail-total=0 null-skips-total=0
[11:12:44] [info] backdrop cache: thrashing-detect engaged (streak=4, route=direct)
[11:12:45] [info] flip-probe: flip #550 ok=true present=-3ms inter_flip_ms=52 drawcalls-since-flip=131 drawcalls-total=44697 fail-total=0 null-skips-total=0
[11:12:45] [info] flip-probe: flip #560 ok=true present=5ms inter_flip_ms=54 drawcalls-since-flip=128 drawcalls-total=45990 fail-total=0 null-skips-total=0
[11:12:46] [info] flip-probe: flip #570 ok=true present=-3ms inter_flip_ms=111 drawcalls-since-flip=91 drawcalls-total=47202 fail-total=0 null-skips-total=0
[11:12:46] [info] backdrop cache: thrashing-detect engaged (streak=4, route=direct)
[11:12:46] [info] flip-probe: flip #580 ok=true present=6ms inter_flip_ms=48 drawcalls-since-flip=114 drawcalls-total=48238 fail-total=0 null-skips-total=0
[11:12:47] [info] flip-probe: flip #590 ok=true present=5ms inter_flip_ms=57 drawcalls-since-flip=118 drawcalls-total=49404 fail-total=0 null-skips-total=0
[11:12:48] [info] flip-probe: flip #600 ok=true present=-3ms inter_flip_ms=53 drawcalls-since-flip=111 drawcalls-total=50539 fail-total=0 null-skips-total=0
[11:12:48] [info] alpha audit block 0: 11571 total drawcalls, 0 with alpha<255 (block pct_x10=0; global 0/46338 pct_x10=0); alpha-mod skipped: block=0 global=0
[11:12:48] [info] fastpath audit block 0: taken=11571 (idx8=11571) skipped=0 pct_x10=1000; global taken=46338 (idx8=46338) skipped=0 pct_x10=1000
[11:12:48] [info] primitive tally block 0: clear=200(hr=200) fill=0(hr=0) rect=0(hr=0) line=0(hr=0) tint=0 spotlight=0 (over 100 flips ending at flip 600)
[11:12:48] [info] color/alpha audit block 0: cmod_white=884 cmod_black=884 (idx=884) cmod_general=0 (idx=0) cmod_fb=0; alpha_taken=0 alpha_skipped=0 (global cmod=4662/3120/693/0 idx=3120/693 alpha=0/0)
[11:12:48] [info] phase timing block 0: drawcalls=13551 dc_total_ms=1380 flip_inner_total_ms=416 inter_flip_total_ms=6102 (per-flip avg x10: dc_ms=138 fi_ms=41 if_ms=610 derived audio+engine_ms=431; per-drawcall avg us_x10=1018) [direct-vesa: presents=100 total_ms=86 avg_ms_x10=8 failed=0] [ablation: NO_DC_TIMING=0 CACHE_WINSURF=0 DIRECT_VESA=1]
[11:12:48] [info] kbd/audio block 0: kbd_irq=0 kbd_drain=0 ring_chunks=16 pump_pass=1215 pic1_mask=0xb8 first_irq_ticks=0 install_ticks=0 vector_at_install=0x0084a080 pic1_mask_live=0xb8 kbd_8042_stat=0x34 bios_kbd_head=0x002a bios_kbd_tail=0x002a bios_kbd_buf0=0x1970
[11:12:48] [info] dirty-rect block @flip=600: total_calls=0 dirty_rects_avg=1 dirty_pct_x10=1000 forced_full=0 first_n_force=0 threshold_exceeded=0 dirty_path_taken=0 full_flush_taken=0
[11:12:48] [info] prev-frame-diff block @flip=600: diff_calls=0 diff_rects_avg=0 diff_dirty_pct_x10=0 bbox_pct_x10=0 bbox_thresh_exceeded=0
[11:12:48] [info] tas: stall frame 329 ms -> contributing 1 tick (patch 0286)
[11:12:48] [info] flip-probe: flip #610 ok=true present=-2ms inter_flip_ms=54 drawcalls-since-flip=112 drawcalls-total=51654 fail-total=0 null-skips-total=0
[11:12:49] [info] flip-probe: flip #620 ok=true present=6ms inter_flip_ms=51 drawcalls-since-flip=107 drawcalls-total=52747 fail-total=0 null-skips-total=0
[11:12:50] [info] flip-probe: flip #630 ok=true present=6ms inter_flip_ms=50 drawcalls-since-flip=111 drawcalls-total=53840 fail-total=0 null-skips-total=0
[11:12:50] [info] backdrop cache: thrashing-detect engaged (streak=64, route=direct)
[11:12:50] [info] flip-probe: flip #640 ok=true present=6ms inter_flip_ms=49 drawcalls-since-flip=112 drawcalls-total=54965 fail-total=0 null-skips-total=0
[11:12:51] [info] flip-probe: flip #650 ok=true present=6ms inter_flip_ms=50 drawcalls-since-flip=111 drawcalls-total=56083 fail-total=0 null-skips-total=0
[11:12:51] [info] backdrop cache: thrashing-detect engaged (streak=4, route=direct)
[11:12:51] [info] flip-probe: flip #660 ok=true present=6ms inter_flip_ms=53 drawcalls-since-flip=117 drawcalls-total=57213 fail-total=0 null-skips-total=0
[11:12:52] [info] flip-probe: flip #670 ok=true present=-3ms inter_flip_ms=57 drawcalls-since-flip=120 drawcalls-total=58391 fail-total=0 null-skips-total=0
[11:12:52] [info] flip-probe: flip #680 ok=true present=-2ms inter_flip_ms=56 drawcalls-since-flip=117 drawcalls-total=59542 fail-total=0 null-skips-total=0
[11:12:53] [info] flip-probe: flip #690 ok=true present=5ms inter_flip_ms=49 drawcalls-since-flip=119 drawcalls-total=60712 fail-total=0 null-skips-total=0
[11:12:54] [info] flip-probe: flip #700 ok=true present=-2ms inter_flip_ms=55 drawcalls-since-flip=316 drawcalls-total=62320 fail-total=0 null-skips-total=0
[11:12:54] [info] alpha audit block 0: 11681 total drawcalls, 0 with alpha<255 (block pct_x10=0; global 0/58019 pct_x10=0); alpha-mod skipped: block=0 global=0
[11:12:54] [info] fastpath audit block 0: taken=11681 (idx8=11681) skipped=0 pct_x10=1000; global taken=58019 (idx8=58019) skipped=0 pct_x10=1000
[11:12:54] [info] primitive tally block 0: clear=200(hr=200) fill=0(hr=0) rect=0(hr=0) line=0(hr=0) tint=0 spotlight=0 (over 100 flips ending at flip 700)
[11:12:54] [info] phase timing block 0: drawcalls=11885 dc_total_ms=955 flip_inner_total_ms=187 inter_flip_total_ms=5989 (per-flip avg x10: dc_ms=95 fi_ms=18 if_ms=598 derived audio+engine_ms=485; per-drawcall avg us_x10=804) [direct-vesa: presents=100 total_ms=144 avg_ms_x10=14 failed=0] [ablation: NO_DC_TIMING=0 CACHE_WINSURF=0 DIRECT_VESA=1]
[11:12:54] [info] kbd/audio block 0: kbd_irq=0 kbd_drain=0 ring_chunks=16 pump_pass=1499 pic1_mask=0xb8 first_irq_ticks=0 install_ticks=0 vector_at_install=0x0084a080 pic1_mask_live=0xb8 kbd_8042_stat=0x34 bios_kbd_head=0x002a bios_kbd_tail=0x002a bios_kbd_buf0=0x1970
[11:12:54] [info] dirty-rect block @flip=700: total_calls=0 dirty_rects_avg=1 dirty_pct_x10=1000 forced_full=0 first_n_force=0 threshold_exceeded=0 dirty_path_taken=0 full_flush_taken=0
[11:12:54] [info] prev-frame-diff block @flip=700: diff_calls=0 diff_rects_avg=0 diff_dirty_pct_x10=0 bbox_pct_x10=0 bbox_thresh_exceeded=0
[11:12:54] [info]  >> Entering stage 11: 'Mimiga Village'.
[11:12:54] [info] [skip-sheet-flush] cave=5
[11:12:54] [info] [load-stage] preloading entry music song=9 (cave=5)
[11:12:54] [info] opl2 backend: on_song_stop
[11:12:55] [info] MidiScheduler::load: parsed 'data/orgmid2/mura.mid' = 7123 events at 48 PPQ
[11:12:55] [info] opl2 backend: on_song_start
[11:12:55] [info] gameloop: entered (curmap=11, running=1)
[11:12:55] [info] gameloop: iter 1 ticks=51629 mapno=-1
[11:12:55] [info] mds-clear-lut: rebuilt N=240 entries (k_skip=0% k_keep=100%; curmap=11 map_size=60x60; rebuild #3 since boot)
[11:12:55] [info] gameloop: iter 2 ticks=51739 mapno=-1
[11:12:55] [info] gameloop: iter 3 ticks=51845 mapno=-1
[11:12:55] [info] flip-probe: flip #710 ok=true present=-3ms inter_flip_ms=110 drawcalls-since-flip=345 drawcalls-total=65521 fail-total=0 null-skips-total=0
[11:12:55] [info] backdrop cache: thrashing-detect engaged (streak=4, route=direct)
[11:12:56] [info] flip-probe: flip #720 ok=true present=-3ms inter_flip_ms=49 drawcalls-since-flip=41 drawcalls-total=66555 fail-total=0 null-skips-total=0
[11:12:56] [info] flip-probe: flip #730 ok=true present=52ms inter_flip_ms=7 drawcalls-since-flip=41 drawcalls-total=66965 fail-total=0 null-skips-total=0
[11:12:57] [info] flip-probe: flip #740 ok=true present=-2ms inter_flip_ms=2 drawcalls-since-flip=41 drawcalls-total=67375 fail-total=0 null-skips-total=0
[11:12:57] [info] flip-probe: flip #750 ok=true present=6ms inter_flip_ms=55 drawcalls-since-flip=41 drawcalls-total=67785 fail-total=0 null-skips-total=0
[11:12:57] [info] flip-probe: flip #760 ok=true present=-3ms inter_flip_ms=52 drawcalls-since-flip=43 drawcalls-total=68207 fail-total=0 null-skips-total=0
[11:12:58] [info] flip-probe: flip #770 ok=true present=-3ms inter_flip_ms=54 drawcalls-since-flip=41 drawcalls-total=68622 fail-total=0 null-skips-total=0
[11:12:58] [info] backdrop cache: thrashing-detect engaged (streak=64, route=direct)
[11:12:58] [info] flip-probe: flip #780 ok=true present=-3ms inter_flip_ms=56 drawcalls-since-flip=42 drawcalls-total=69036 fail-total=0 null-skips-total=0
[11:12:59] [info] flip-probe: flip #790 ok=true present=-3ms inter_flip_ms=55 drawcalls-since-flip=43 drawcalls-total=69458 fail-total=0 null-skips-total=0
[11:12:59] [info] flip-probe: flip #800 ok=true present=-2ms inter_flip_ms=55 drawcalls-since-flip=42 drawcalls-total=69884 fail-total=0 null-skips-total=0
[11:12:59] [info] alpha audit block 0: 6242 total drawcalls, 0 with alpha<255 (block pct_x10=0; global 0/64261 pct_x10=0); alpha-mod skipped: block=0 global=0
[11:12:59] [info] fastpath audit block 0: taken=6242 (idx8=6242) skipped=0 pct_x10=1000; global taken=64261 (idx8=64261) skipped=0 pct_x10=1000
[11:12:59] [info] primitive tally block 0: clear=202(hr=202) fill=0(hr=0) rect=0(hr=0) line=0(hr=0) tint=0 spotlight=0 (over 100 flips ending at flip 800)
[11:12:59] [info] color/alpha audit block 0: cmod_white=1222 cmod_black=1222 (idx=1222) cmod_general=0 (idx=0) cmod_fb=0; alpha_taken=0 alpha_skipped=0 (global cmod=5884/4342/693/0 idx=4342/693 alpha=0/0)
[11:12:59] [info] phase timing block 0: drawcalls=8893 dc_total_ms=1006 flip_inner_total_ms=413 inter_flip_total_ms=5657 (per-flip avg x10: dc_ms=100 fi_ms=41 if_ms=565 derived audio+engine_ms=424; per-drawcall avg us_x10=1131) [direct-vesa: presents=100 total_ms=344 avg_ms_x10=34 failed=0] [ablation: NO_DC_TIMING=0 CACHE_WINSURF=0 DIRECT_VESA=1]
[11:12:59] [info] kbd/audio block 0: kbd_irq=0 kbd_drain=0 ring_chunks=16 pump_pass=1741 pic1_mask=0xb8 first_irq_ticks=0 install_ticks=0 vector_at_install=0x0084a080 pic1_mask_live=0xb8 kbd_8042_stat=0x34 bios_kbd_head=0x002a bios_kbd_tail=0x002a bios_kbd_buf0=0x1970
[11:12:59] [info] dirty-rect block @flip=800: total_calls=0 dirty_rects_avg=1 dirty_pct_x10=1000 forced_full=0 first_n_force=0 threshold_exceeded=0 dirty_path_taken=0 full_flush_taken=0
[11:12:59] [info] prev-frame-diff block @flip=800: diff_calls=0 diff_rects_avg=0 diff_dirty_pct_x10=0 bbox_pct_x10=0 bbox_thresh_exceeded=0
[11:13:00] [info] flip-probe: flip #810 ok=true present=-3ms inter_flip_ms=54 drawcalls-since-flip=42 drawcalls-total=70304 fail-total=0 null-skips-total=0
[11:13:00] [info] flip-probe: flip #820 ok=true present=53ms inter_flip_ms=5 drawcalls-since-flip=43 drawcalls-total=70729 fail-total=0 null-skips-total=0
[11:13:01] [info] flip-probe: flip #830 ok=true present=-2ms inter_flip_ms=51 drawcalls-since-flip=18 drawcalls-total=71061 fail-total=0 null-skips-total=0
[11:13:01] [info] backdrop cache: thrashing-detect engaged (streak=124, route=direct)
[11:13:01] [info] flip-probe: flip #840 ok=true present=6ms inter_flip_ms=-4 drawcalls-since-flip=18 drawcalls-total=71241 fail-total=0 null-skips-total=0
[11:13:01] [info] flip-probe: flip #850 ok=true present=-2ms inter_flip_ms=56 drawcalls-since-flip=18 drawcalls-total=71421 fail-total=0 null-skips-total=0
[11:13:02] [info] flip-probe: flip #860 ok=true present=6ms inter_flip_ms=48 drawcalls-since-flip=16 drawcalls-total=71590 fail-total=0 null-skips-total=0
[11:13:02] [info] flip-probe: flip #870 ok=true present=6ms inter_flip_ms=53 drawcalls-since-flip=17 drawcalls-total=71757 fail-total=0 null-skips-total=0
[11:13:03] [info] flip-probe: flip #880 ok=true present=6ms inter_flip_ms=48 drawcalls-since-flip=16 drawcalls-total=71918 fail-total=0 null-skips-total=0
[11:13:03] [info] flip-probe: flip #890 ok=true present=-3ms inter_flip_ms=55 drawcalls-since-flip=16 drawcalls-total=72078 fail-total=0 null-skips-total=0
[11:13:03] [info] backdrop cache: thrashing-detect engaged (streak=184, route=direct)
[11:13:03] [info] flip-probe: flip #900 ok=true present=-3ms inter_flip_ms=2 drawcalls-since-flip=16 drawcalls-total=72238 fail-total=0 null-skips-total=0
[11:13:03] [info] alpha audit block 0: 1916 total drawcalls, 0 with alpha<255 (block pct_x10=0; global 0/66177 pct_x10=0); alpha-mod skipped: block=0 global=0
[11:13:03] [info] fastpath audit block 0: taken=1916 (idx8=1916) skipped=0 pct_x10=1000; global taken=66177 (idx8=66177) skipped=0 pct_x10=1000
[11:13:03] [info] primitive tally block 0: clear=200(hr=200) fill=0(hr=0) rect=0(hr=0) line=0(hr=0) tint=0 spotlight=0 (over 100 flips ending at flip 900)
[11:13:03] [info] color/alpha audit block 0: cmod_white=338 cmod_black=338 (idx=338) cmod_general=0 (idx=0) cmod_fb=0; alpha_taken=0 alpha_skipped=0 (global cmod=6222/4680/693/0 idx=4680/693 alpha=0/0)
[11:13:03] [info] phase timing block 0: drawcalls=2792 dc_total_ms=835 flip_inner_total_ms=538 inter_flip_total_ms=4119 (per-flip avg x10: dc_ms=83 fi_ms=53 if_ms=411 derived audio+engine_ms=275; per-drawcall avg us_x10=2993) [direct-vesa: presents=100 total_ms=420 avg_ms_x10=42 failed=0] [ablation: NO_DC_TIMING=0 CACHE_WINSURF=0 DIRECT_VESA=1]
[11:13:03] [info] kbd/audio block 0: kbd_irq=0 kbd_drain=0 ring_chunks=16 pump_pass=1951 pic1_mask=0xb8 first_irq_ticks=0 install_ticks=0 vector_at_install=0x0084a080 pic1_mask_live=0xb8 kbd_8042_stat=0x34 bios_kbd_head=0x002a bios_kbd_tail=0x002a bios_kbd_buf0=0x1970
[11:13:03] [info] dirty-rect block @flip=900: total_calls=0 dirty_rects_avg=1 dirty_pct_x10=1000 forced_full=0 first_n_force=0 threshold_exceeded=0 dirty_path_taken=0 full_flush_taken=0
[11:13:03] [info] prev-frame-diff block @flip=900: diff_calls=0 diff_rects_avg=0 diff_dirty_pct_x10=0 bbox_pct_x10=0 bbox_thresh_exceeded=0
[11:13:04] [info] flip-probe: flip #910 ok=true present=6ms inter_flip_ms=53 drawcalls-since-flip=27 drawcalls-total=72420 fail-total=0 null-skips-total=0
[11:13:04] [info] flip-probe: flip #920 ok=true present=-3ms inter_flip_ms=56 drawcalls-since-flip=20 drawcalls-total=72646 fail-total=0 null-skips-total=0
[11:13:05] [info] flip-probe: flip #930 ok=true present=-2ms inter_flip_ms=56 drawcalls-since-flip=20 drawcalls-total=72836 fail-total=0 null-skips-total=0
[11:13:05] [info] flip-probe: flip #940 ok=true present=-2ms inter_flip_ms=7 drawcalls-since-flip=20 drawcalls-total=73027 fail-total=0 null-skips-total=0
[11:13:06] [info] flip-probe: flip #950 ok=true present=-2ms inter_flip_ms=62 drawcalls-since-flip=305 drawcalls-total=74931 fail-total=0 null-skips-total=0
[11:13:06] [info] backdrop cache: thrashing-detect engaged (streak=244, route=direct)
[11:13:06] [info]  >> Entering stage 15: 'Reservoir'.
[11:13:06] [info] [skip-sheet-flush] cave=6
[11:13:06] [info] [load-stage] preloading entry music song=9 (cave=6)
[11:13:07] [info] gameloop: entered (curmap=15, running=1)
[11:13:07] [info] gameloop: iter 1 ticks=63379 mapno=-1
[11:13:07] [info] mds-clear-lut: rebuilt N=240 entries (k_skip=13% k_keep=87%; curmap=15 map_size=40x20; rebuild #4 since boot)
[11:13:07] [info] gameloop: iter 2 ticks=63488 mapno=-1
[11:13:07] [info] gameloop: iter 3 ticks=63547 mapno=-1
[11:13:07] [info] flip-probe: flip #960 ok=true present=-3ms inter_flip_ms=56 drawcalls-since-flip=216 drawcalls-total=77673 fail-total=0 null-skips-total=0
[11:13:07] [info] flip-probe: flip #970 ok=true present=-3ms inter_flip_ms=58 drawcalls-since-flip=32 drawcalls-total=78298 fail-total=0 null-skips-total=0
[11:13:08] [info] flip-probe: flip #980 ok=true present=6ms inter_flip_ms=52 drawcalls-since-flip=32 drawcalls-total=78618 fail-total=0 null-skips-total=0
[11:13:08] [info] flip-probe: flip #990 ok=true present=-3ms inter_flip_ms=59 drawcalls-since-flip=32 drawcalls-total=78938 fail-total=0 null-skips-total=0
[11:13:09] [info] backdrop cache: thrashing-detect engaged (streak=4, route=direct)
[11:13:09] [info] flip-probe: flip #1000 ok=true present=-2ms inter_flip_ms=59 drawcalls-since-flip=35 drawcalls-total=79271 fail-total=0 null-skips-total=0
[11:13:09] [info] alpha audit block 0: 6510 total drawcalls, 0 with alpha<255 (block pct_x10=0; global 0/72687 pct_x10=0); alpha-mod skipped: block=0 global=0
[11:13:09] [info] fastpath audit block 0: taken=6510 (idx8=6510) skipped=0 pct_x10=1000; global taken=72687 (idx8=72687) skipped=0 pct_x10=1000
[11:13:09] [info] primitive tally block 0: clear=201(hr=201) fill=0(hr=0) rect=0(hr=0) line=0(hr=0) tint=0 spotlight=0 (over 100 flips ending at flip 1000)
[11:13:09] [info] color/alpha audit block 0: cmod_white=423 cmod_black=423 (idx=423) cmod_general=0 (idx=0) cmod_fb=0; alpha_taken=0 alpha_skipped=0 (global cmod=6645/5103/693/0 idx=5103/693 alpha=0/0)
[11:13:09] [info] phase timing block 0: drawcalls=7600 dc_total_ms=1192 flip_inner_total_ms=398 inter_flip_total_ms=5382 (per-flip avg x10: dc_ms=119 fi_ms=39 if_ms=538 derived audio+engine_ms=380; per-drawcall avg us_x10=1568) [direct-vesa: presents=100 total_ms=361 avg_ms_x10=36 failed=0] [ablation: NO_DC_TIMING=0 CACHE_WINSURF=0 DIRECT_VESA=1]
[11:13:09] [info] kbd/audio block 0: kbd_irq=0 kbd_drain=0 ring_chunks=16 pump_pass=2178 pic1_mask=0xb8 first_irq_ticks=0 install_ticks=0 vector_at_install=0x0084a080 pic1_mask_live=0xb8 kbd_8042_stat=0x34 bios_kbd_head=0x002a bios_kbd_tail=0x002a bios_kbd_buf0=0x1970
[11:13:09] [info] dirty-rect block @flip=1000: total_calls=0 dirty_rects_avg=1 dirty_pct_x10=1000 forced_full=0 first_n_force=0 threshold_exceeded=0 dirty_path_taken=0 full_flush_taken=0
[11:13:09] [info] prev-frame-diff block @flip=1000: diff_calls=0 diff_rects_avg=0 diff_dirty_pct_x10=0 bbox_pct_x10=0 bbox_thresh_exceeded=0
[11:13:09] [info] flip-probe: flip #1010 ok=true present=-3ms inter_flip_ms=59 drawcalls-since-flip=33 drawcalls-total=79614 fail-total=0 null-skips-total=0
[11:13:10] [info] flip-probe: flip #1020 ok=true present=-3ms inter_flip_ms=57 drawcalls-since-flip=32 drawcalls-total=79934 fail-total=0 null-skips-total=0
[11:13:10] [info] flip-probe: flip #1030 ok=true present=6ms inter_flip_ms=52 drawcalls-since-flip=32 drawcalls-total=80254 fail-total=0 null-skips-total=0
[11:13:10] [info] flip-probe: flip #1040 ok=true present=-3ms inter_flip_ms=57 drawcalls-since-flip=32 drawcalls-total=80574 fail-total=0 null-skips-total=0
[11:13:11] [info] flip-probe: flip #1050 ok=true present=6ms inter_flip_ms=51 drawcalls-since-flip=33 drawcalls-total=80904 fail-total=0 null-skips-total=0
[11:13:11] [info] backdrop cache: thrashing-detect engaged (streak=64, route=direct)
[11:13:11] [info] flip-probe: flip #1060 ok=true present=-3ms inter_flip_ms=2 drawcalls-since-flip=34 drawcalls-total=81239 fail-total=0 null-skips-total=0
[11:13:12] [info] flip-probe: flip #1070 ok=true present=6ms inter_flip_ms=53 drawcalls-since-flip=36 drawcalls-total=81584 fail-total=0 null-skips-total=0
[11:13:12] [info] flip-probe: flip #1080 ok=true present=-3ms inter_flip_ms=58 drawcalls-since-flip=19 drawcalls-total=81825 fail-total=0 null-skips-total=0
[11:13:12] [info] flip-probe: flip #1090 ok=true present=-3ms inter_flip_ms=58 drawcalls-since-flip=20 drawcalls-total=82021 fail-total=0 null-skips-total=0
[11:13:13] [info] flip-probe: flip #1100 ok=true present=-3ms inter_flip_ms=58 drawcalls-since-flip=17 drawcalls-total=82204 fail-total=0 null-skips-total=0
[11:13:13] [info] alpha audit block 0: 2176 total drawcalls, 0 with alpha<255 (block pct_x10=0; global 0/74863 pct_x10=0); alpha-mod skipped: block=0 global=0
[11:13:13] [info] fastpath audit block 0: taken=2176 (idx8=2176) skipped=0 pct_x10=1000; global taken=74863 (idx8=74863) skipped=0 pct_x10=1000
[11:13:13] [info] primitive tally block 0: clear=200(hr=200) fill=0(hr=0) rect=0(hr=0) line=0(hr=0) tint=0 spotlight=0 (over 100 flips ending at flip 1100)
[11:13:13] [info] color/alpha audit block 0: cmod_white=657 cmod_black=657 (idx=657) cmod_general=0 (idx=0) cmod_fb=0; alpha_taken=0 alpha_skipped=0 (global cmod=7302/5760/693/0 idx=5760/693 alpha=0/0)
[11:13:13] [info] phase timing block 0: drawcalls=3690 dc_total_ms=742 flip_inner_total_ms=331 inter_flip_total_ms=4062 (per-flip avg x10: dc_ms=74 fi_ms=33 if_ms=406 derived audio+engine_ms=299; per-drawcall avg us_x10=2013) [direct-vesa: presents=100 total_ms=170 avg_ms_x10=17 failed=0] [ablation: NO_DC_TIMING=0 CACHE_WINSURF=0 DIRECT_VESA=1]
[11:13:13] [info] kbd/audio block 0: kbd_irq=0 kbd_drain=0 ring_chunks=16 pump_pass=2382 pic1_mask=0xb8 first_irq_ticks=0 install_ticks=0 vector_at_install=0x0084a080 pic1_mask_live=0xb8 kbd_8042_stat=0x34 bios_kbd_head=0x002a bios_kbd_tail=0x002a bios_kbd_buf0=0x1970
[11:13:13] [info] dirty-rect block @flip=1100: total_calls=0 dirty_rects_avg=1 dirty_pct_x10=1000 forced_full=0 first_n_force=0 threshold_exceeded=0 dirty_path_taken=0 full_flush_taken=0
[11:13:13] [info] prev-frame-diff block @flip=1100: diff_calls=0 diff_rects_avg=0 diff_dirty_pct_x10=0 bbox_pct_x10=0 bbox_thresh_exceeded=0
[11:13:13] [info] flip-probe: flip #1110 ok=true present=-2ms inter_flip_ms=57 drawcalls-since-flip=16 drawcalls-total=82380 fail-total=0 null-skips-total=0
[11:13:13] [info] backdrop cache: thrashing-detect engaged (streak=124, route=direct)
[11:13:14] [info] flip-probe: flip #1120 ok=true present=-2ms inter_flip_ms=56 drawcalls-since-flip=17 drawcalls-total=82545 fail-total=0 null-skips-total=0
[11:13:14] [info] flip-probe: flip #1130 ok=true present=-3ms inter_flip_ms=54 drawcalls-since-flip=16 drawcalls-total=82710 fail-total=0 null-skips-total=0
[11:13:14] [info] flip-probe: flip #1140 ok=true present=-3ms inter_flip_ms=54 drawcalls-since-flip=16 drawcalls-total=82867 fail-total=0 null-skips-total=0
[11:13:15] [info] flip-probe: flip #1150 ok=true present=-3ms inter_flip_ms=1 drawcalls-since-flip=15 drawcalls-total=83019 fail-total=0 null-skips-total=0
[11:13:15] [info] flip-probe: flip #1160 ok=true present=-3ms inter_flip_ms=3 drawcalls-since-flip=16 drawcalls-total=83178 fail-total=0 null-skips-total=0
[11:13:15] [info] backdrop cache: thrashing-detect engaged (streak=4, route=direct)
[11:13:16] [info] flip-probe: flip #1170 ok=true present=-3ms inter_flip_ms=57 drawcalls-since-flip=15 drawcalls-total=83330 fail-total=0 null-skips-total=0
[11:13:16] [info] flip-probe: flip #1180 ok=true present=-3ms inter_flip_ms=54 drawcalls-since-flip=14 drawcalls-total=83474 fail-total=0 null-skips-total=0
[11:13:16] [info] flip-probe: flip #1190 ok=true present=-2ms inter_flip_ms=56 drawcalls-since-flip=14 drawcalls-total=83614 fail-total=0 null-skips-total=0
[11:13:17] [info] flip-probe: flip #1200 ok=true present=-2ms inter_flip_ms=59 drawcalls-since-flip=14 drawcalls-total=83754 fail-total=0 null-skips-total=0
[11:13:17] [info] alpha audit block 0: 1450 total drawcalls, 0 with alpha<255 (block pct_x10=0; global 0/76313 pct_x10=0); alpha-mod skipped: block=0 global=0
[11:13:17] [info] fastpath audit block 0: taken=1450 (idx8=1450) skipped=0 pct_x10=1000; global taken=76313 (idx8=76313) skipped=0 pct_x10=1000
[11:13:17] [info] primitive tally block 0: clear=200(hr=200) fill=0(hr=0) rect=0(hr=0) line=0(hr=0) tint=0 spotlight=0 (over 100 flips ending at flip 1200)
[11:13:17] [info] phase timing block 0: drawcalls=1680 dc_total_ms=831 flip_inner_total_ms=112 inter_flip_total_ms=3956 (per-flip avg x10: dc_ms=83 fi_ms=11 if_ms=395 derived audio+engine_ms=301; per-drawcall avg us_x10=4948) [direct-vesa: presents=100 total_ms=37 avg_ms_x10=3 failed=0] [ablation: NO_DC_TIMING=0 CACHE_WINSURF=0 DIRECT_VESA=1]
[11:13:17] [info] kbd/audio block 0: kbd_irq=0 kbd_drain=0 ring_chunks=16 pump_pass=2581 pic1_mask=0xb8 first_irq_ticks=0 install_ticks=0 vector_at_install=0x0084a080 pic1_mask_live=0xb8 kbd_8042_stat=0x34 bios_kbd_head=0x002a bios_kbd_tail=0x002a bios_kbd_buf0=0x1970
[11:13:17] [info] dirty-rect block @flip=1200: total_calls=0 dirty_rects_avg=1 dirty_pct_x10=1000 forced_full=0 first_n_force=0 threshold_exceeded=0 dirty_path_taken=0 full_flush_taken=0
[11:13:17] [info] prev-frame-diff block @flip=1200: diff_calls=0 diff_rects_avg=0 diff_dirty_pct_x10=0 bbox_pct_x10=0 bbox_thresh_exceeded=0
[11:13:17] [info] flip-probe: flip #1210 ok=true present=-3ms inter_flip_ms=51 drawcalls-since-flip=14 drawcalls-total=83894 fail-total=0 null-skips-total=0
[11:13:17] [info] flip-probe: flip #1220 ok=true present=-3ms inter_flip_ms=1 drawcalls-since-flip=14 drawcalls-total=84034 fail-total=0 null-skips-total=0
[11:13:18] [info] backdrop cache: thrashing-detect engaged (streak=64, route=direct)
[11:13:18] [info] flip-probe: flip #1230 ok=true present=6ms inter_flip_ms=53 drawcalls-since-flip=14 drawcalls-total=84174 fail-total=0 null-skips-total=0
[11:13:18] [info] flip-probe: flip #1240 ok=true present=-3ms inter_flip_ms=57 drawcalls-since-flip=14 drawcalls-total=84314 fail-total=0 null-skips-total=0
[11:13:19] [info] flip-probe: flip #1250 ok=true present=-3ms inter_flip_ms=0 drawcalls-since-flip=14 drawcalls-total=84454 fail-total=0 null-skips-total=0
[11:13:19] [info] flip-probe: flip #1260 ok=true present=-3ms inter_flip_ms=55 drawcalls-since-flip=14 drawcalls-total=84594 fail-total=0 null-skips-total=0
[11:13:19] [info] run_tick_fixed #2700: heartbeat (loop alive)
[11:13:19] [info] run_tick_fixed #2700: heartbeat (loop alive)
[11:13:19] [info] flip-probe: flip #1270 ok=true present=-3ms inter_flip_ms=57 drawcalls-since-flip=318 drawcalls-total=86063 fail-total=0 null-skips-total=0
[11:13:20] [info]  >> Entering stage 11: 'Mimiga Village'.
[11:13:20] [info] [skip-sheet-flush] cave=7
[11:13:20] [info] [load-stage] preloading entry music song=9 (cave=7)
[11:13:21] [info] gameloop: entered (curmap=11, running=1)
[11:13:21] [info] gameloop: iter 1 ticks=77444 mapno=-1
[11:13:21] [info] mds-clear-lut: rebuilt N=240 entries (k_skip=0% k_keep=100%; curmap=11 map_size=60x60; rebuild #5 since boot)
[11:13:21] [info] gameloop: iter 2 ticks=77502 mapno=-1
[11:13:21] [info] gameloop: iter 3 ticks=77605 mapno=-1
[11:13:21] [info] flip-probe: flip #1280 ok=true present=6ms inter_flip_ms=52 drawcalls-since-flip=316 drawcalls-total=88978 fail-total=0 null-skips-total=0
[11:13:21] [info] flip-probe: flip #1290 ok=true present=5ms inter_flip_ms=53 drawcalls-since-flip=42 drawcalls-total=89951 fail-total=0 null-skips-total=0
[11:13:22] [info] flip-probe: flip #1300 ok=true present=-2ms inter_flip_ms=53 drawcalls-since-flip=42 drawcalls-total=90371 fail-total=0 null-skips-total=0
[11:13:22] [info] alpha audit block 0: 6192 total drawcalls, 0 with alpha<255 (block pct_x10=0; global 0/82505 pct_x10=0); alpha-mod skipped: block=0 global=0
[11:13:22] [info] fastpath audit block 0: taken=6192 (idx8=6192) skipped=0 pct_x10=1000; global taken=82505 (idx8=82505) skipped=0 pct_x10=1000
[11:13:22] [info] primitive tally block 0: clear=201(hr=201) fill=0(hr=0) rect=0(hr=0) line=0(hr=0) tint=0 spotlight=0 (over 100 flips ending at flip 1300)
[11:13:22] [info] color/alpha audit block 0: cmod_white=325 cmod_black=325 (idx=325) cmod_general=0 (idx=0) cmod_fb=0; alpha_taken=0 alpha_skipped=0 (global cmod=7627/6085/693/0 idx=6085/693 alpha=0/0)
[11:13:22] [info] phase timing block 0: drawcalls=7068 dc_total_ms=1156 flip_inner_total_ms=319 inter_flip_total_ms=5219 (per-flip avg x10: dc_ms=115 fi_ms=31 if_ms=521 derived audio+engine_ms=375; per-drawcall avg us_x10=1636) [direct-vesa: presents=100 total_ms=265 avg_ms_x10=26 failed=0] [ablation: NO_DC_TIMING=0 CACHE_WINSURF=0 DIRECT_VESA=1]
[11:13:22] [info] kbd/audio block 0: kbd_irq=0 kbd_drain=0 ring_chunks=16 pump_pass=2799 pic1_mask=0xb8 first_irq_ticks=0 install_ticks=0 vector_at_install=0x0084a080 pic1_mask_live=0xb8 kbd_8042_stat=0x34 bios_kbd_head=0x002a bios_kbd_tail=0x002a bios_kbd_buf0=0x1970
[11:13:22] [info] dirty-rect block @flip=1300: total_calls=0 dirty_rects_avg=1 dirty_pct_x10=1000 forced_full=0 first_n_force=0 threshold_exceeded=0 dirty_path_taken=0 full_flush_taken=0
[11:13:22] [info] prev-frame-diff block @flip=1300: diff_calls=0 diff_rects_avg=0 diff_dirty_pct_x10=0 bbox_pct_x10=0 bbox_thresh_exceeded=0
[11:13:22] [info] flip-probe: flip #1310 ok=true present=6ms inter_flip_ms=55 drawcalls-since-flip=42 drawcalls-total=90791 fail-total=0 null-skips-total=0
[11:13:23] [info] flip-probe: flip #1320 ok=true present=-2ms inter_flip_ms=3 drawcalls-since-flip=53 drawcalls-total=91307 fail-total=0 null-skips-total=0
[11:13:23] [info] backdrop cache: thrashing-detect engaged (streak=4, route=direct)
[11:13:23] [info] flip-probe: flip #1330 ok=true present=6ms inter_flip_ms=52 drawcalls-since-flip=47 drawcalls-total=91790 fail-total=0 null-skips-total=0
[11:13:24] [info] flip-probe: flip #1340 ok=true present=-3ms inter_flip_ms=58 drawcalls-since-flip=44 drawcalls-total=92243 fail-total=0 null-skips-total=0
[11:13:24] [info] flip-probe: flip #1350 ok=true present=6ms inter_flip_ms=51 drawcalls-since-flip=44 drawcalls-total=92679 fail-total=0 null-skips-total=0
[11:13:25] [info] flip-probe: flip #1360 ok=true present=6ms inter_flip_ms=53 drawcalls-since-flip=44 drawcalls-total=93119 fail-total=0 null-skips-total=0
[11:13:25] [info] flip-probe: flip #1370 ok=true present=-3ms inter_flip_ms=54 drawcalls-since-flip=46 drawcalls-total=93570 fail-total=0 null-skips-total=0
[11:13:26] [info] flip-probe: flip #1380 ok=true present=-3ms inter_flip_ms=54 drawcalls-since-flip=45 drawcalls-total=94020 fail-total=0 null-skips-total=0
[11:13:26] [info] backdrop cache: thrashing-detect engaged (streak=64, route=direct)
[11:13:26] [info] flip-probe: flip #1390 ok=true present=-2ms inter_flip_ms=53 drawcalls-since-flip=45 drawcalls-total=94470 fail-total=0 null-skips-total=0
[11:13:26] [info] flip-probe: flip #1400 ok=true present=-3ms inter_flip_ms=53 drawcalls-since-flip=19 drawcalls-total=94790 fail-total=0 null-skips-total=0
[11:13:26] [info] alpha audit block 0: 3084 total drawcalls, 0 with alpha<255 (block pct_x10=0; global 0/85589 pct_x10=0); alpha-mod skipped: block=0 global=0
[11:13:26] [info] fastpath audit block 0: taken=3084 (idx8=3084) skipped=0 pct_x10=1000; global taken=85589 (idx8=85589) skipped=0 pct_x10=1000
[11:13:26] [info] primitive tally block 0: clear=200(hr=200) fill=0(hr=0) rect=0(hr=0) line=0(hr=0) tint=0 spotlight=0 (over 100 flips ending at flip 1400)
[11:13:26] [info] color/alpha audit block 0: cmod_white=1235 cmod_black=1235 (idx=1235) cmod_general=0 (idx=0) cmod_fb=0; alpha_taken=0 alpha_skipped=0 (global cmod=8862/7320/693/0 idx=7320/693 alpha=0/0)
[11:13:26] [info] phase timing block 0: drawcalls=5781 dc_total_ms=1052 flip_inner_total_ms=453 inter_flip_total_ms=4503 (per-flip avg x10: dc_ms=105 fi_ms=45 if_ms=450 derived audio+engine_ms=300; per-drawcall avg us_x10=1821) [direct-vesa: presents=100 total_ms=352 avg_ms_x10=35 failed=0] [ablation: NO_DC_TIMING=0 CACHE_WINSURF=0 DIRECT_VESA=1]
[11:13:26] [info] kbd/audio block 0: kbd_irq=0 kbd_drain=0 ring_chunks=16 pump_pass=3028 pic1_mask=0xb8 first_irq_ticks=0 install_ticks=0 vector_at_install=0x0084a080 pic1_mask_live=0xb8 kbd_8042_stat=0x34 bios_kbd_head=0x002a bios_kbd_tail=0x002a bios_kbd_buf0=0x1970
[11:13:26] [info] dirty-rect block @flip=1400: total_calls=0 dirty_rects_avg=1 dirty_pct_x10=1000 forced_full=0 first_n_force=0 threshold_exceeded=0 dirty_path_taken=0 full_flush_taken=0
[11:13:26] [info] prev-frame-diff block @flip=1400: diff_calls=0 diff_rects_avg=0 diff_dirty_pct_x10=0 bbox_pct_x10=0 bbox_thresh_exceeded=0
[11:13:27] [info] flip-probe: flip #1410 ok=true present=6ms inter_flip_ms=52 drawcalls-since-flip=19 drawcalls-total=94980 fail-total=0 null-skips-total=0
[11:13:27] [info] flip-probe: flip #1420 ok=true present=-3ms inter_flip_ms=63 drawcalls-since-flip=18 drawcalls-total=95164 fail-total=0 null-skips-total=0
[11:13:28] [info] flip-probe: flip #1430 ok=true present=-2ms inter_flip_ms=55 drawcalls-since-flip=18 drawcalls-total=95344 fail-total=0 null-skips-total=0
[11:13:28] [info] flip-probe: flip #1440 ok=true present=5ms inter_flip_ms=52 drawcalls-since-flip=17 drawcalls-total=95519 fail-total=0 null-skips-total=0
[11:13:28] [info] backdrop cache: thrashing-detect engaged (streak=124, route=direct)
[11:13:29] [info] flip-probe: flip #1450 ok=true present=-3ms inter_flip_ms=-2 drawcalls-since-flip=17 drawcalls-total=95689 fail-total=0 null-skips-total=0
[11:13:29] [info] flip-probe: flip #1460 ok=true present=6ms inter_flip_ms=53 drawcalls-since-flip=19 drawcalls-total=95870 fail-total=0 null-skips-total=0
[11:13:29] [info] flip-probe: flip #1470 ok=true present=-3ms inter_flip_ms=59 drawcalls-since-flip=19 drawcalls-total=96060 fail-total=0 null-skips-total=0
[11:13:30] [info] flip-probe: flip #1480 ok=true present=-2ms inter_flip_ms=1 drawcalls-since-flip=19 drawcalls-total=96250 fail-total=0 null-skips-total=0
[11:13:30] [info] flip-probe: flip #1490 ok=true present=6ms inter_flip_ms=49 drawcalls-since-flip=18 drawcalls-total=96433 fail-total=0 null-skips-total=0
[11:13:31] [info] flip-probe: flip #1500 ok=true present=-3ms inter_flip_ms=1 drawcalls-since-flip=17 drawcalls-total=96608 fail-total=0 null-skips-total=0
[11:13:31] [info] alpha audit block 0: 1718 total drawcalls, 0 with alpha<255 (block pct_x10=0; global 0/87307 pct_x10=0); alpha-mod skipped: block=0 global=0
[11:13:31] [info] fastpath audit block 0: taken=1718 (idx8=1718) skipped=0 pct_x10=1000; global taken=87307 (idx8=87307) skipped=0 pct_x10=1000
[11:13:31] [info] primitive tally block 0: clear=200(hr=200) fill=0(hr=0) rect=0(hr=0) line=0(hr=0) tint=0 spotlight=0 (over 100 flips ending at flip 1500)
[11:13:31] [info] phase timing block 0: drawcalls=1918 dc_total_ms=888 flip_inner_total_ms=231 inter_flip_total_ms=4120 (per-flip avg x10: dc_ms=88 fi_ms=23 if_ms=412 derived audio+engine_ms=301; per-drawcall avg us_x10=4634) [direct-vesa: presents=100 total_ms=124 avg_ms_x10=12 failed=0] [ablation: NO_DC_TIMING=0 CACHE_WINSURF=0 DIRECT_VESA=1]
[11:13:31] [info] kbd/audio block 0: kbd_irq=0 kbd_drain=0 ring_chunks=16 pump_pass=3237 pic1_mask=0xb8 first_irq_ticks=0 install_ticks=0 vector_at_install=0x0084a080 pic1_mask_live=0xb8 kbd_8042_stat=0x34 bios_kbd_head=0x002a bios_kbd_tail=0x002a bios_kbd_buf0=0x1970
[11:13:31] [info] dirty-rect block @flip=1500: total_calls=0 dirty_rects_avg=1 dirty_pct_x10=1000 forced_full=0 first_n_force=0 threshold_exceeded=0 dirty_path_taken=0 full_flush_taken=0
[11:13:31] [info] prev-frame-diff block @flip=1500: diff_calls=0 diff_rects_avg=0 diff_dirty_pct_x10=0 bbox_pct_x10=0 bbox_thresh_exceeded=0
[11:13:31] [info] backdrop cache: thrashing-detect engaged (streak=184, route=direct)
[11:13:31] [info] flip-probe: flip #1510 ok=true present=6ms inter_flip_ms=53 drawcalls-since-flip=18 drawcalls-total=96786 fail-total=0 null-skips-total=0
[11:13:31] [info] flip-probe: flip #1520 ok=true present=-3ms inter_flip_ms=60 drawcalls-since-flip=19 drawcalls-total=96968 fail-total=0 null-skips-total=0
[11:13:32] [info] flip-probe: flip #1530 ok=true present=5ms inter_flip_ms=52 drawcalls-since-flip=19 drawcalls-total=97158 fail-total=0 null-skips-total=0
[11:13:32] [info] run_tick_fixed #3300: heartbeat (loop alive)
[11:13:32] [info] flip-probe: flip #1540 ok=true present=6ms inter_flip_ms=51 drawcalls-since-flip=19 drawcalls-total=97348 fail-total=0 null-skips-total=0
[11:13:33] [info] flip-probe: flip #1550 ok=true present=5ms inter_flip_ms=49 drawcalls-since-flip=20 drawcalls-total=97543 fail-total=0 null-skips-total=0
[11:13:33] [info] flip-probe: flip #1560 ok=true present=6ms inter_flip_ms=48 drawcalls-since-flip=20 drawcalls-total=97743 fail-total=0 null-skips-total=0
[11:13:33] [info] backdrop cache: thrashing-detect engaged (streak=244, route=direct)
[11:13:34] [info] flip-probe: flip #1570 ok=true present=5ms inter_flip_ms=-2 drawcalls-since-flip=20 drawcalls-total=97943 fail-total=0 null-skips-total=0
[11:13:34] [info] flip-probe: flip #1580 ok=true present=-3ms inter_flip_ms=62 drawcalls-since-flip=17 drawcalls-total=98131 fail-total=0 null-skips-total=0
[11:13:34] [info] tas: stall frame 271 ms -> contributing 1 tick (patch 0286)
[11:13:35] [info] flip-probe: flip #1590 ok=true present=-3ms inter_flip_ms=2 drawcalls-since-flip=17 drawcalls-total=98301 fail-total=0 null-skips-total=0
[11:13:35] [info] flip-probe: flip #1600 ok=true present=-2ms inter_flip_ms=57 drawcalls-since-flip=17 drawcalls-total=98471 fail-total=0 null-skips-total=0
[11:13:35] [info] alpha audit block 0: 1763 total drawcalls, 0 with alpha<255 (block pct_x10=0; global 0/89070 pct_x10=0); alpha-mod skipped: block=0 global=0
[11:13:35] [info] fastpath audit block 0: taken=1763 (idx8=1763) skipped=0 pct_x10=1000; global taken=89070 (idx8=89070) skipped=0 pct_x10=1000
[11:13:35] [info] primitive tally block 0: clear=200(hr=200) fill=0(hr=0) rect=0(hr=0) line=0(hr=0) tint=0 spotlight=0 (over 100 flips ending at flip 1600)
[11:13:35] [info] phase timing block 0: drawcalls=1963 dc_total_ms=926 flip_inner_total_ms=530 inter_flip_total_ms=4392 (per-flip avg x10: dc_ms=92 fi_ms=53 if_ms=439 derived audio+engine_ms=294; per-drawcall avg us_x10=4718) [direct-vesa: presents=100 total_ms=210 avg_ms_x10=21 failed=0] [ablation: NO_DC_TIMING=0 CACHE_WINSURF=0 DIRECT_VESA=1]
[11:13:35] [info] kbd/audio block 0: kbd_irq=0 kbd_drain=0 ring_chunks=16 pump_pass=3443 pic1_mask=0xb8 first_irq_ticks=0 install_ticks=0 vector_at_install=0x0084a080 pic1_mask_live=0xb8 kbd_8042_stat=0x34 bios_kbd_head=0x002a bios_kbd_tail=0x002a bios_kbd_buf0=0x1970
[11:13:35] [info] dirty-rect block @flip=1600: total_calls=0 dirty_rects_avg=1 dirty_pct_x10=1000 forced_full=0 first_n_force=0 threshold_exceeded=0 dirty_path_taken=0 full_flush_taken=0
[11:13:35] [info] prev-frame-diff block @flip=1600: diff_calls=0 diff_rects_avg=0 diff_dirty_pct_x10=0 bbox_pct_x10=0 bbox_thresh_exceeded=0
[11:13:35] [info] flip-probe: flip #1610 ok=true present=-2ms inter_flip_ms=57 drawcalls-since-flip=18 drawcalls-total=98652 fail-total=0 null-skips-total=0
[11:13:36] [info] flip-probe: flip #1620 ok=true present=-3ms inter_flip_ms=57 drawcalls-since-flip=17 drawcalls-total=98830 fail-total=0 null-skips-total=0
[11:13:36] [info] backdrop cache: thrashing-detect engaged (streak=304, route=direct)
[11:13:36] [info] flip-probe: flip #1630 ok=true present=-3ms inter_flip_ms=55 drawcalls-since-flip=16 drawcalls-total=98997 fail-total=0 null-skips-total=0
[11:13:37] [info] flip-probe: flip #1640 ok=true present=-2ms inter_flip_ms=5 drawcalls-since-flip=17 drawcalls-total=99161 fail-total=0 null-skips-total=0
[11:13:37] [info] flip-probe: flip #1650 ok=true present=-3ms inter_flip_ms=58 drawcalls-since-flip=19 drawcalls-total=99341 fail-total=0 null-skips-total=0
[11:13:37] [info] flip-probe: flip #1660 ok=true present=5ms inter_flip_ms=-4 drawcalls-since-flip=20 drawcalls-total=99542 fail-total=0 null-skips-total=0
[11:13:38] [info] flip-probe: flip #1670 ok=true present=5ms inter_flip_ms=52 drawcalls-since-flip=18 drawcalls-total=99728 fail-total=0 null-skips-total=0
[11:13:38] [info] run_tick_fixed #3600: heartbeat (loop alive)
[11:13:38] [info] flip-probe: flip #1680 ok=true present=-2ms inter_flip_ms=113 drawcalls-since-flip=359 drawcalls-total=101557 fail-total=0 null-skips-total=0
[11:13:39] [info]  >> Entering stage 19: 'Assembly Hall'.
[11:13:39] [info] [skip-sheet-flush] cave=8
[11:13:39] [info] [load-stage] preloading entry music song=9 (cave=8)
[11:13:40] [info] gameloop: entered (curmap=19, running=1)
[11:13:40] [info] gameloop: iter 1 ticks=96337 mapno=-1
[11:13:40] [info] mds-clear-lut: rebuilt N=240 entries (k_skip=100% k_keep=0%; curmap=19 map_size=21x16; rebuild #6 since boot)
[11:13:40] [info] gameloop: iter 2 ticks=96451 mapno=-1
[11:13:40] [info] gameloop: iter 3 ticks=96505 mapno=-1
[11:13:40] [info] flip-probe: flip #1690 ok=true present=-3ms inter_flip_ms=52 drawcalls-since-flip=255 drawcalls-total=105191 fail-total=0 null-skips-total=0
[11:13:40] [info] flip-probe: flip #1700 ok=true present=6ms inter_flip_ms=-8 drawcalls-since-flip=122 drawcalls-total=106428 fail-total=0 null-skips-total=0
[11:13:40] [info] alpha audit block 0: 7653 total drawcalls, 0 with alpha<255 (block pct_x10=0; global 0/96723 pct_x10=0); alpha-mod skipped: block=0 global=0
[11:13:40] [info] fastpath audit block 0: taken=7653 (idx8=7653) skipped=0 pct_x10=1000; global taken=96723 (idx8=96723) skipped=0 pct_x10=1000
[11:13:40] [info] primitive tally block 0: clear=201(hr=201) fill=0(hr=0) rect=0(hr=0) line=0(hr=0) tint=0 spotlight=0 (over 100 flips ending at flip 1700)
[11:13:40] [info] color/alpha audit block 0: cmod_white=204 cmod_black=204 (idx=204) cmod_general=0 (idx=0) cmod_fb=0; alpha_taken=0 alpha_skipped=0 (global cmod=9066/7524/693/0 idx=7524/693 alpha=0/0)
[11:13:40] [info] phase timing block 0: drawcalls=8279 dc_total_ms=1308 flip_inner_total_ms=503 inter_flip_total_ms=5489 (per-flip avg x10: dc_ms=130 fi_ms=50 if_ms=548 derived audio+engine_ms=368; per-drawcall avg us_x10=1580) [direct-vesa: presents=100 total_ms=377 avg_ms_x10=37 failed=0] [ablation: NO_DC_TIMING=0 CACHE_WINSURF=0 DIRECT_VESA=1]
[11:13:40] [info] kbd/audio block 0: kbd_irq=0 kbd_drain=0 ring_chunks=16 pump_pass=3678 pic1_mask=0xb8 first_irq_ticks=0 install_ticks=0 vector_at_install=0x0084a080 pic1_mask_live=0xb8 kbd_8042_stat=0x34 bios_kbd_head=0x002a bios_kbd_tail=0x002a bios_kbd_buf0=0x1970
[11:13:40] [info] dirty-rect block @flip=1700: total_calls=0 dirty_rects_avg=1 dirty_pct_x10=1000 forced_full=0 first_n_force=0 threshold_exceeded=0 dirty_path_taken=0 full_flush_taken=0
[11:13:41] [info] prev-frame-diff block @flip=1700: diff_calls=0 diff_rects_avg=0 diff_dirty_pct_x10=0 bbox_pct_x10=0 bbox_thresh_exceeded=0
[11:13:41] [info] flip-probe: flip #1710 ok=true present=-3ms inter_flip_ms=55 drawcalls-since-flip=122 drawcalls-total=107648 fail-total=0 null-skips-total=0
[11:13:41] [info] flip-probe: flip #1720 ok=true present=5ms inter_flip_ms=49 drawcalls-since-flip=124 drawcalls-total=108872 fail-total=0 null-skips-total=0
[11:13:42] [info] flip-probe: flip #1730 ok=true present=-3ms inter_flip_ms=1 drawcalls-since-flip=123 drawcalls-total=110114 fail-total=0 null-skips-total=0
[11:13:42] [info] flip-probe: flip #1740 ok=true present=6ms inter_flip_ms=55 drawcalls-since-flip=124 drawcalls-total=111342 fail-total=0 null-skips-total=0
[11:13:43] [info] flip-probe: flip #1750 ok=true present=6ms inter_flip_ms=52 drawcalls-since-flip=122 drawcalls-total=112570 fail-total=0 null-skips-total=0
[11:13:43] [info] flip-probe: flip #1760 ok=true present=6ms inter_flip_ms=55 drawcalls-since-flip=122 drawcalls-total=113790 fail-total=0 null-skips-total=0
[11:13:43] [info] flip-probe: flip #1770 ok=true present=-2ms inter_flip_ms=55 drawcalls-since-flip=122 drawcalls-total=115010 fail-total=0 null-skips-total=0
[11:13:44] [info] flip-probe: flip #1780 ok=true present=6ms inter_flip_ms=1 drawcalls-since-flip=122 drawcalls-total=116230 fail-total=0 null-skips-total=0
[11:13:44] [info] flip-probe: flip #1790 ok=true present=6ms inter_flip_ms=51 drawcalls-since-flip=438 drawcalls-total=118286 fail-total=0 null-skips-total=0
[11:13:45] [info]  >> Entering stage 11: 'Mimiga Village'.
[11:13:45] [info] [skip-sheet-flush] cave=9
[11:13:45] [info] [load-stage] preloading entry music song=9 (cave=9)
[11:13:46] [info] gameloop: entered (curmap=11, running=1)
[11:13:46] [info] gameloop: iter 1 ticks=102435 mapno=-1
[11:13:46] [info] mds-clear-lut: rebuilt N=240 entries (k_skip=0% k_keep=100%; curmap=11 map_size=60x60; rebuild #7 since boot)
[11:13:46] [info] gameloop: iter 2 ticks=102491 mapno=-1
[11:13:46] [info] gameloop: iter 3 ticks=102603 mapno=-1
[11:13:46] [info] flip-probe: flip #1800 ok=true present=-2ms inter_flip_ms=58 drawcalls-since-flip=384 drawcalls-total=121890 fail-total=0 null-skips-total=0
[11:13:46] [info] alpha audit block 0: 14158 total drawcalls, 0 with alpha<255 (block pct_x10=0; global 0/110881 pct_x10=0); alpha-mod skipped: block=0 global=0
[11:13:46] [info] fastpath audit block 0: taken=14158 (idx8=14158) skipped=0 pct_x10=1000; global taken=110881 (idx8=110881) skipped=0 pct_x10=1000
[11:13:46] [info] primitive tally block 0: clear=202(hr=202) fill=0(hr=0) rect=0(hr=0) line=0(hr=0) tint=0 spotlight=0 (over 100 flips ending at flip 1800)
[11:13:46] [info] color/alpha audit block 0: cmod_white=1204 cmod_black=1204 (idx=1204) cmod_general=0 (idx=0) cmod_fb=0; alpha_taken=0 alpha_skipped=0 (global cmod=10270/8728/693/0 idx=8728/693 alpha=0/0)
[11:13:46] [info] phase timing block 0: drawcalls=16868 dc_total_ms=1462 flip_inner_total_ms=346 inter_flip_total_ms=5498 (per-flip avg x10: dc_ms=146 fi_ms=34 if_ms=549 derived audio+engine_ms=369; per-drawcall avg us_x10=866) [direct-vesa: presents=100 total_ms=192 avg_ms_x10=19 failed=0] [ablation: NO_DC_TIMING=0 CACHE_WINSURF=0 DIRECT_VESA=1]
[11:13:46] [info] kbd/audio block 0: kbd_irq=0 kbd_drain=0 ring_chunks=16 pump_pass=3908 pic1_mask=0xb8 first_irq_ticks=0 install_ticks=0 vector_at_install=0x0084a080 pic1_mask_live=0xb8 kbd_8042_stat=0x34 bios_kbd_head=0x002a bios_kbd_tail=0x002a bios_kbd_buf0=0x1970
[11:13:46] [info] dirty-rect block @flip=1800: total_calls=0 dirty_rects_avg=1 dirty_pct_x10=1000 forced_full=0 first_n_force=0 threshold_exceeded=0 dirty_path_taken=0 full_flush_taken=0
[11:13:46] [info] prev-frame-diff block @flip=1800: diff_calls=0 diff_rects_avg=0 diff_dirty_pct_x10=0 bbox_pct_x10=0 bbox_thresh_exceeded=0
[11:13:46] [info] backdrop cache: thrashing-detect engaged (streak=4, route=direct)
[11:13:47] [info] flip-probe: flip #1810 ok=true present=-2ms inter_flip_ms=52 drawcalls-since-flip=45 drawcalls-total=122731 fail-total=0 null-skips-total=0
[11:13:47] [info] flip-probe: flip #1820 ok=true present=-2ms inter_flip_ms=55 drawcalls-since-flip=46 drawcalls-total=123191 fail-total=0 null-skips-total=0
[11:13:47] [info] flip-probe: flip #1830 ok=true present=-3ms inter_flip_ms=54 drawcalls-since-flip=43 drawcalls-total=123616 fail-total=0 null-skips-total=0
[11:13:48] [info] flip-probe: flip #1840 ok=true present=6ms inter_flip_ms=53 drawcalls-since-flip=44 drawcalls-total=124048 fail-total=0 null-skips-total=0
[11:13:48] [info] flip-probe: flip #1850 ok=true present=6ms inter_flip_ms=51 drawcalls-since-flip=44 drawcalls-total=124491 fail-total=0 null-skips-total=0
[11:13:49] [info] flip-probe: flip #1860 ok=true present=-2ms inter_flip_ms=54 drawcalls-since-flip=43 drawcalls-total=124924 fail-total=0 null-skips-total=0
[11:13:49] [info] backdrop cache: thrashing-detect engaged (streak=64, route=direct)
[11:13:49] [info] flip-probe: flip #1870 ok=true present=-3ms inter_flip_ms=59 drawcalls-since-flip=46 drawcalls-total=125375 fail-total=0 null-skips-total=0
[11:13:50] [info] flip-probe: flip #1880 ok=true present=5ms inter_flip_ms=56 drawcalls-since-flip=45 drawcalls-total=125823 fail-total=0 null-skips-total=0
[11:13:50] [info] flip-probe: flip #1890 ok=true present=6ms inter_flip_ms=53 drawcalls-since-flip=44 drawcalls-total=126266 fail-total=0 null-skips-total=0
[11:13:50] [info] flip-probe: flip #1900 ok=true present=-3ms inter_flip_ms=58 drawcalls-since-flip=44 drawcalls-total=126706 fail-total=0 null-skips-total=0
[11:13:51] [info] alpha audit block 0: 3416 total drawcalls, 0 with alpha<255 (block pct_x10=0; global 0/114297 pct_x10=0); alpha-mod skipped: block=0 global=0
[11:13:51] [info] fastpath audit block 0: taken=3416 (idx8=3416) skipped=0 pct_x10=1000; global taken=114297 (idx8=114297) skipped=0 pct_x10=1000
[11:13:51] [info] primitive tally block 0: clear=200(hr=200) fill=0(hr=0) rect=0(hr=0) line=0(hr=0) tint=0 spotlight=0 (over 100 flips ending at flip 1900)
[11:13:51] [info] color/alpha audit block 0: cmod_white=1300 cmod_black=1300 (idx=1300) cmod_general=0 (idx=0) cmod_fb=0; alpha_taken=0 alpha_skipped=0 (global cmod=11570/10028/693/0 idx=10028/693 alpha=0/0)
[11:13:51] [info] phase timing block 0: drawcalls=6217 dc_total_ms=876 flip_inner_total_ms=374 inter_flip_total_ms=4559 (per-flip avg x10: dc_ms=87 fi_ms=37 if_ms=455 derived audio+engine_ms=331; per-drawcall avg us_x10=1409) [direct-vesa: presents=100 total_ms=153 avg_ms_x10=15 failed=0] [ablation: NO_DC_TIMING=0 CACHE_WINSURF=0 DIRECT_VESA=1]
[11:13:51] [info] kbd/audio block 0: kbd_irq=0 kbd_drain=0 ring_chunks=16 pump_pass=4138 pic1_mask=0xb8 first_irq_ticks=0 install_ticks=0 vector_at_install=0x0084a080 pic1_mask_live=0xb8 kbd_8042_stat=0x34 bios_kbd_head=0x002a bios_kbd_tail=0x002a bios_kbd_buf0=0x1970
[11:13:51] [info] dirty-rect block @flip=1900: total_calls=0 dirty_rects_avg=1 dirty_pct_x10=1000 forced_full=0 first_n_force=0 threshold_exceeded=0 dirty_path_taken=0 full_flush_taken=0
[11:13:51] [info] prev-frame-diff block @flip=1900: diff_calls=0 diff_rects_avg=0 diff_dirty_pct_x10=0 bbox_pct_x10=0 bbox_thresh_exceeded=0
[11:13:51] [info] tas: stall frame 334 ms -> contributing 1 tick (patch 0286)
[11:13:51] [info] flip-probe: flip #1910 ok=true present=5ms inter_flip_ms=2 drawcalls-since-flip=43 drawcalls-total=127137 fail-total=0 null-skips-total=0
[11:13:52] [info] flip-probe: flip #1920 ok=true present=-3ms inter_flip_ms=54 drawcalls-since-flip=17 drawcalls-total=127463 fail-total=0 null-skips-total=0
[11:13:52] [info] backdrop cache: thrashing-detect engaged (streak=124, route=direct)
[11:13:52] [info] flip-probe: flip #1930 ok=true present=-3ms inter_flip_ms=57 drawcalls-since-flip=18 drawcalls-total=127638 fail-total=0 null-skips-total=0
[11:13:52] [info] run_tick_fixed #4200: heartbeat (loop alive)
[11:13:52] [info] flip-probe: flip #1940 ok=true present=6ms inter_flip_ms=49 drawcalls-since-flip=18 drawcalls-total=127818 fail-total=0 null-skips-total=0
[11:13:53] [info] flip-probe: flip #1950 ok=true present=6ms inter_flip_ms=49 drawcalls-since-flip=19 drawcalls-total=128010 fail-total=0 null-skips-total=0
[11:13:53] [info] flip-probe: flip #1960 ok=true present=5ms inter_flip_ms=52 drawcalls-since-flip=16 drawcalls-total=128186 fail-total=0 null-skips-total=0
[11:13:54] [info] flip-probe: flip #1970 ok=true present=-3ms inter_flip_ms=57 drawcalls-since-flip=15 drawcalls-total=128337 fail-total=0 null-skips-total=0
[11:13:54] [info] flip-probe: flip #1980 ok=true present=-3ms inter_flip_ms=55 drawcalls-since-flip=244 drawcalls-total=128898 fail-total=0 null-skips-total=0
[11:13:54] [info] backdrop cache: thrashing-detect engaged (streak=184, route=direct)
[11:13:55] [info]  >> Entering stage 14: 'Shack'.
[11:13:55] [info] [skip-sheet-flush] cave=10
[11:13:55] [info] [load-stage] preloading entry music song=8 (cave=10)
[11:13:55] [info] opl2 backend: on_song_stop
[11:13:55] [info] MidiScheduler::load: parsed 'data/orgmid2/vivi.mid' = 11188 events at 48 PPQ
[11:13:55] [info] opl2 backend: on_song_start
[11:13:56] [info] gameloop: entered (curmap=14, running=1)
[11:13:56] [info] gameloop: iter 1 ticks=112376 mapno=-1
[11:13:56] [info] gameloop: iter 2 ticks=112431 mapno=-1
[11:13:56] [info] gameloop: iter 3 ticks=112544 mapno=-1
[11:13:56] [info] flip-probe: flip #1990 ok=true present=-2ms inter_flip_ms=54 drawcalls-since-flip=365 drawcalls-total=132081 fail-total=0 null-skips-total=0
[11:13:56] [info] flip-probe: flip #2000 ok=true present=-2ms inter_flip_ms=62 drawcalls-since-flip=13 drawcalls-total=133631 fail-total=0 null-skips-total=0
[11:13:56] [info] alpha audit block 0: 6565 total drawcalls, 0 with alpha<255 (block pct_x10=0; global 0/120862 pct_x10=0); alpha-mod skipped: block=0 global=0
[11:13:56] [info] fastpath audit block 0: taken=6565 (idx8=6565) skipped=0 pct_x10=1000; global taken=120862 (idx8=120862) skipped=0 pct_x10=1000
[11:13:56] [info] primitive tally block 0: clear=201(hr=201) fill=0(hr=0) rect=0(hr=0) line=0(hr=0) tint=0 spotlight=0 (over 100 flips ending at flip 2000)
[11:13:56] [info] color/alpha audit block 0: cmod_white=273 cmod_black=273 (idx=273) cmod_general=0 (idx=0) cmod_fb=0; alpha_taken=0 alpha_skipped=0 (global cmod=11843/10301/693/0 idx=10301/693 alpha=0/0)
[11:13:56] [info] phase timing block 0: drawcalls=7312 dc_total_ms=1266 flip_inner_total_ms=287 inter_flip_total_ms=5769 (per-flip avg x10: dc_ms=126 fi_ms=28 if_ms=576 derived audio+engine_ms=422; per-drawcall avg us_x10=1731) [direct-vesa: presents=100 total_ms=145 avg_ms_x10=14 failed=0] [ablation: NO_DC_TIMING=0 CACHE_WINSURF=0 DIRECT_VESA=1]
[11:13:56] [info] kbd/audio block 0: kbd_irq=0 kbd_drain=0 ring_chunks=16 pump_pass=4363 pic1_mask=0xb8 first_irq_ticks=0 install_ticks=0 vector_at_install=0x0084a080 pic1_mask_live=0xb8 kbd_8042_stat=0x34 bios_kbd_head=0x002a bios_kbd_tail=0x002a bios_kbd_buf0=0x1970
[11:13:56] [info] dirty-rect block @flip=2000: total_calls=0 dirty_rects_avg=1 dirty_pct_x10=1000 forced_full=0 first_n_force=0 threshold_exceeded=0 dirty_path_taken=0 full_flush_taken=0
[11:13:56] [info] prev-frame-diff block @flip=2000: diff_calls=0 diff_rects_avg=0 diff_dirty_pct_x10=0 bbox_pct_x10=0 bbox_thresh_exceeded=0
[11:13:57] [info] flip-probe: flip #2010 ok=true present=5ms inter_flip_ms=54 drawcalls-since-flip=24 drawcalls-total=133871 fail-total=0 null-skips-total=0
[11:13:57] [info] flip-probe: flip #2020 ok=true present=-3ms inter_flip_ms=5 drawcalls-since-flip=24 drawcalls-total=134111 fail-total=0 null-skips-total=0
[11:13:57] [info] flip-probe: flip #2030 ok=true present=-3ms inter_flip_ms=2 drawcalls-since-flip=26 drawcalls-total=134357 fail-total=0 null-skips-total=0
[11:13:58] [info] flip-probe: flip #2040 ok=true present=-3ms inter_flip_ms=3 drawcalls-since-flip=28 drawcalls-total=134624 fail-total=0 null-skips-total=0
[11:13:58] [info] flip-probe: flip #2050 ok=true present=6ms inter_flip_ms=53 drawcalls-since-flip=25 drawcalls-total=134887 fail-total=0 null-skips-total=0
[11:13:58] [info] flip-probe: flip #2060 ok=true present=-2ms inter_flip_ms=53 drawcalls-since-flip=24 drawcalls-total=135128 fail-total=0 null-skips-total=0
[11:13:59] [info] flip-probe: flip #2070 ok=true present=52ms inter_flip_ms=0 drawcalls-since-flip=24 drawcalls-total=135368 fail-total=0 null-skips-total=0
[11:13:59] [info] flip-probe: flip #2080 ok=true present=-2ms inter_flip_ms=0 drawcalls-since-flip=24 drawcalls-total=135608 fail-total=0 null-skips-total=0
[11:13:59] [info] flip-probe: flip #2090 ok=true present=-2ms inter_flip_ms=-1 drawcalls-since-flip=24 drawcalls-total=135848 fail-total=0 null-skips-total=0
[11:13:59] [info] flip-probe: flip #2100 ok=true present=-3ms inter_flip_ms=62 drawcalls-since-flip=24 drawcalls-total=136088 fail-total=0 null-skips-total=0
[11:13:59] [info] alpha audit block 0: 1957 total drawcalls, 0 with alpha<255 (block pct_x10=0; global 0/122819 pct_x10=0); alpha-mod skipped: block=0 global=0
[11:13:59] [info] fastpath audit block 0: taken=1957 (idx8=1957) skipped=0 pct_x10=1000; global taken=122819 (idx8=122819) skipped=0 pct_x10=1000
[11:13:59] [info] primitive tally block 0: clear=200(hr=200) fill=0(hr=0) rect=0(hr=0) line=0(hr=0) tint=0 spotlight=0 (over 100 flips ending at flip 2100)
[11:13:59] [info] color/alpha audit block 0: cmod_white=500 cmod_black=500 (idx=500) cmod_general=0 (idx=0) cmod_fb=0; alpha_taken=0 alpha_skipped=0 (global cmod=12343/10801/693/0 idx=10801/693 alpha=0/0)
[11:14:00] [info] phase timing block 0: drawcalls=3157 dc_total_ms=572 flip_inner_total_ms=550 inter_flip_total_ms=3241 (per-flip avg x10: dc_ms=57 fi_ms=55 if_ms=324 derived audio+engine_ms=212; per-drawcall avg us_x10=1813) [direct-vesa: presents=100 total_ms=396 avg_ms_x10=39 failed=0] [ablation: NO_DC_TIMING=0 CACHE_WINSURF=0 DIRECT_VESA=1]
[11:14:00] [info] kbd/audio block 0: kbd_irq=0 kbd_drain=0 ring_chunks=16 pump_pass=4526 pic1_mask=0xb8 first_irq_ticks=0 install_ticks=0 vector_at_install=0x0084a080 pic1_mask_live=0xb8 kbd_8042_stat=0x34 bios_kbd_head=0x002a bios_kbd_tail=0x002a bios_kbd_buf0=0x1970
[11:14:00] [info] dirty-rect block @flip=2100: total_calls=0 dirty_rects_avg=1 dirty_pct_x10=1000 forced_full=0 first_n_force=0 threshold_exceeded=0 dirty_path_taken=0 full_flush_taken=0
[11:14:00] [info] prev-frame-diff block @flip=2100: diff_calls=0 diff_rects_avg=0 diff_dirty_pct_x10=0 bbox_pct_x10=0 bbox_thresh_exceeded=0
[11:14:00] [info] flip-probe: flip #2110 ok=true present=-3ms inter_flip_ms=51 drawcalls-since-flip=14 drawcalls-total=136298 fail-total=0 null-skips-total=0
[11:14:00] [info] flip-probe: flip #2120 ok=true present=-2ms inter_flip_ms=6 drawcalls-since-flip=14 drawcalls-total=136438 fail-total=0 null-skips-total=0
[11:14:00] [info] flip-probe: flip #2130 ok=true present=-3ms inter_flip_ms=60 drawcalls-since-flip=14 drawcalls-total=136578 fail-total=0 null-skips-total=0
[11:14:01] [info] flip-probe: flip #2140 ok=true present=-3ms inter_flip_ms=54 drawcalls-since-flip=355 drawcalls-total=139140 fail-total=0 null-skips-total=0
[11:14:01] [info]  >> Entering stage 11: 'Mimiga Village'.
[11:14:01] [info] [skip-sheet-flush] cave=11
[11:14:02] [info] [load-stage] preloading entry music song=9 (cave=11)
[11:14:02] [info] opl2 backend: on_song_stop
[11:14:02] [info] MidiScheduler::load: parsed 'data/orgmid2/mura.mid' = 7123 events at 48 PPQ
[11:14:02] [info] opl2 backend: on_song_start
[11:14:02] [info] gameloop: entered (curmap=11, running=1)
[11:14:02] [info] gameloop: iter 1 ticks=118800 mapno=-1
[11:14:02] [info] gameloop: iter 2 ticks=118861 mapno=-1
[11:14:02] [info] gameloop: iter 3 ticks=118969 mapno=-1
[11:14:02] [info] backdrop cache: thrashing-detect engaged (streak=4, route=direct)
[11:14:03] [info] flip-probe: flip #2150 ok=true present=6ms inter_flip_ms=51 drawcalls-since-flip=42 drawcalls-total=141650 fail-total=0 null-skips-total=0
[11:14:03] [info] flip-probe: flip #2160 ok=true present=-2ms inter_flip_ms=54 drawcalls-since-flip=41 drawcalls-total=142027 fail-total=0 null-skips-total=0
[11:14:03] [info] flip-probe: flip #2170 ok=true present=-3ms inter_flip_ms=56 drawcalls-since-flip=44 drawcalls-total=142455 fail-total=0 null-skips-total=0
[11:14:04] [info] flip-probe: flip #2180 ok=true present=6ms inter_flip_ms=56 drawcalls-since-flip=44 drawcalls-total=142895 fail-total=0 null-skips-total=0
[11:14:04] [info] flip-probe: flip #2190 ok=true present=-2ms inter_flip_ms=59 drawcalls-since-flip=48 drawcalls-total=143365 fail-total=0 null-skips-total=0
[11:14:05] [info] flip-probe: flip #2200 ok=true present=-3ms inter_flip_ms=61 drawcalls-since-flip=43 drawcalls-total=143810 fail-total=0 null-skips-total=0
[11:14:05] [info] alpha audit block 0: 6875 total drawcalls, 0 with alpha<255 (block pct_x10=0; global 0/129694 pct_x10=0); alpha-mod skipped: block=0 global=0
[11:14:05] [info] fastpath audit block 0: taken=6875 (idx8=6875) skipped=0 pct_x10=1000; global taken=129694 (idx8=129694) skipped=0 pct_x10=1000
[11:14:05] [info] primitive tally block 0: clear=201(hr=201) fill=0(hr=0) rect=0(hr=0) line=0(hr=0) tint=0 spotlight=0 (over 100 flips ending at flip 2200)
[11:14:05] [info] color/alpha audit block 0: cmod_white=789 cmod_black=789 (idx=789) cmod_general=0 (idx=0) cmod_fb=0; alpha_taken=0 alpha_skipped=0 (global cmod=13132/11590/693/0 idx=11590/693 alpha=0/0)
[11:14:05] [info] phase timing block 0: drawcalls=8659 dc_total_ms=1351 flip_inner_total_ms=208 inter_flip_total_ms=5218 (per-flip avg x10: dc_ms=135 fi_ms=20 if_ms=521 derived audio+engine_ms=366; per-drawcall avg us_x10=1561) [direct-vesa: presents=100 total_ms=217 avg_ms_x10=21 failed=0] [ablation: NO_DC_TIMING=0 CACHE_WINSURF=0 DIRECT_VESA=1]
[11:14:05] [info] kbd/audio block 0: kbd_irq=0 kbd_drain=0 ring_chunks=16 pump_pass=4749 pic1_mask=0xb8 first_irq_ticks=0 install_ticks=0 vector_at_install=0x0084a080 pic1_mask_live=0xb8 kbd_8042_stat=0x34 bios_kbd_head=0x002a bios_kbd_tail=0x002a bios_kbd_buf0=0x1970
[11:14:05] [info] dirty-rect block @flip=2200: total_calls=0 dirty_rects_avg=1 dirty_pct_x10=1000 forced_full=0 first_n_force=0 threshold_exceeded=0 dirty_path_taken=0 full_flush_taken=0
[11:14:05] [info] prev-frame-diff block @flip=2200: diff_calls=0 diff_rects_avg=0 diff_dirty_pct_x10=0 bbox_pct_x10=0 bbox_thresh_exceeded=0
[11:14:05] [info] tas: stall frame 337 ms -> contributing 1 tick (patch 0286)
[11:14:05] [info] backdrop cache: thrashing-detect engaged (streak=64, route=direct)
[11:14:05] [info] flip-probe: flip #2210 ok=true present=-3ms inter_flip_ms=57 drawcalls-since-flip=43 drawcalls-total=144240 fail-total=0 null-skips-total=0
[11:14:06] [info] flip-probe: flip #2220 ok=true present=-3ms inter_flip_ms=55 drawcalls-since-flip=47 drawcalls-total=144687 fail-total=0 null-skips-total=0
[11:14:06] [info] run_tick_fixed #4800: heartbeat (loop alive)
[11:14:06] [info] flip-probe: flip #2230 ok=true present=5ms inter_flip_ms=51 drawcalls-since-flip=45 drawcalls-total=145140 fail-total=0 null-skips-total=0
[11:14:07] [info] flip-probe: flip #2240 ok=true present=-3ms inter_flip_ms=58 drawcalls-since-flip=45 drawcalls-total=145590 fail-total=0 null-skips-total=0
[11:14:07] [info] flip-probe: flip #2250 ok=true present=-2ms inter_flip_ms=3 drawcalls-since-flip=46 drawcalls-total=146043 fail-total=0 null-skips-total=0
[11:14:08] [info] flip-probe: flip #2260 ok=true present=6ms inter_flip_ms=55 drawcalls-since-flip=46 drawcalls-total=146508 fail-total=0 null-skips-total=0
[11:14:08] [info] backdrop cache: thrashing-detect engaged (streak=4, route=direct)
[11:14:08] [info] flip-probe: flip #2270 ok=true present=-3ms inter_flip_ms=54 drawcalls-since-flip=18 drawcalls-total=146750 fail-total=0 null-skips-total=0
[11:14:08] [info] flip-probe: flip #2280 ok=true present=-3ms inter_flip_ms=60 drawcalls-since-flip=18 drawcalls-total=146930 fail-total=0 null-skips-total=0
[11:14:09] [info] backdrop cache: thrashing-detect engaged (streak=4, route=direct)
[11:14:09] [info] flip-probe: flip #2290 ok=true present=6ms inter_flip_ms=55 drawcalls-since-flip=19 drawcalls-total=147119 fail-total=0 null-skips-total=0
[11:14:09] [info] flip-probe: flip #2300 ok=true present=-3ms inter_flip_ms=53 drawcalls-since-flip=21 drawcalls-total=147320 fail-total=0 null-skips-total=0
[11:14:09] [info] alpha audit block 0: 2604 total drawcalls, 0 with alpha<255 (block pct_x10=0; global 0/132298 pct_x10=0); alpha-mod skipped: block=0 global=0
[11:14:09] [info] fastpath audit block 0: taken=2604 (idx8=2604) skipped=0 pct_x10=1000; global taken=132298 (idx8=132298) skipped=0 pct_x10=1000
[11:14:09] [info] primitive tally block 0: clear=200(hr=200) fill=0(hr=0) rect=0(hr=0) line=0(hr=0) tint=0 spotlight=0 (over 100 flips ending at flip 2300)
[11:14:09] [info] color/alpha audit block 0: cmod_white=806 cmod_black=806 (idx=806) cmod_general=0 (idx=0) cmod_fb=0; alpha_taken=0 alpha_skipped=0 (global cmod=13938/12396/693/0 idx=12396/693 alpha=0/0)
[11:14:09] [info] phase timing block 0: drawcalls=4431 dc_total_ms=1002 flip_inner_total_ms=337 inter_flip_total_ms=4554 (per-flip avg x10: dc_ms=100 fi_ms=33 if_ms=455 derived audio+engine_ms=322; per-drawcall avg us_x10=2262) [direct-vesa: presents=100 total_ms=227 avg_ms_x10=22 failed=0] [ablation: NO_DC_TIMING=0 CACHE_WINSURF=0 DIRECT_VESA=1]
[11:14:09] [info] kbd/audio block 0: kbd_irq=0 kbd_drain=0 ring_chunks=16 pump_pass=4963 pic1_mask=0xb8 first_irq_ticks=0 install_ticks=0 vector_at_install=0x0084a080 pic1_mask_live=0xb8 kbd_8042_stat=0x34 bios_kbd_head=0x002a bios_kbd_tail=0x002a bios_kbd_buf0=0x1970
[11:14:09] [info] dirty-rect block @flip=2300: total_calls=0 dirty_rects_avg=1 dirty_pct_x10=1000 forced_full=0 first_n_force=0 threshold_exceeded=0 dirty_path_taken=0 full_flush_taken=0
[11:14:09] [info] prev-frame-diff block @flip=2300: diff_calls=0 diff_rects_avg=0 diff_dirty_pct_x10=0 bbox_pct_x10=0 bbox_thresh_exceeded=0
[11:14:10] [info] flip-probe: flip #2310 ok=true present=6ms inter_flip_ms=-5 drawcalls-since-flip=20 drawcalls-total=147525 fail-total=0 null-skips-total=0
[11:14:10] [info] flip-probe: flip #2320 ok=true present=-2ms inter_flip_ms=59 drawcalls-since-flip=19 drawcalls-total=147718 fail-total=0 null-skips-total=0
[11:14:11] [info] flip-probe: flip #2330 ok=true present=-2ms inter_flip_ms=54 drawcalls-since-flip=19 drawcalls-total=147908 fail-total=0 null-skips-total=0
[11:14:11] [info] flip-probe: flip #2340 ok=true present=6ms inter_flip_ms=50 drawcalls-since-flip=19 drawcalls-total=148098 fail-total=0 null-skips-total=0
[11:14:11] [info] backdrop cache: thrashing-detect engaged (streak=64, route=direct)
[11:14:11] [info] flip-probe: flip #2350 ok=true present=-3ms inter_flip_ms=58 drawcalls-since-flip=19 drawcalls-total=148288 fail-total=0 null-skips-total=0
[11:14:12] [info] flip-probe: flip #2360 ok=true present=-3ms inter_flip_ms=59 drawcalls-since-flip=19 drawcalls-total=148478 fail-total=0 null-skips-total=0
[11:14:12] [info] flip-probe: flip #2370 ok=true present=-3ms inter_flip_ms=55 drawcalls-since-flip=60 drawcalls-total=148709 fail-total=0 null-skips-total=0
[11:14:13] [info] flip-probe: flip #2380 ok=true present=-3ms inter_flip_ms=54 drawcalls-since-flip=60 drawcalls-total=149309 fail-total=0 null-skips-total=0
[11:14:13] [info] flip-probe: flip #2390 ok=true present=-3ms inter_flip_ms=54 drawcalls-since-flip=60 drawcalls-total=149909 fail-total=0 null-skips-total=0
[11:14:13] [info] flip-probe: flip #2400 ok=true present=53ms inter_flip_ms=7 drawcalls-since-flip=60 drawcalls-total=150509 fail-total=0 null-skips-total=0
[11:14:13] [info] alpha audit block 0: 3089 total drawcalls, 0 with alpha<255 (block pct_x10=0; global 0/135387 pct_x10=0); alpha-mod skipped: block=0 global=0
[11:14:13] [info] fastpath audit block 0: taken=3089 (idx8=3089) skipped=0 pct_x10=1000; global taken=135387 (idx8=135387) skipped=0 pct_x10=1000
[11:14:13] [info] primitive tally block 0: clear=200(hr=200) fill=0(hr=0) rect=0(hr=0) line=0(hr=0) tint=31 spotlight=0 (over 100 flips ending at flip 2400)
[11:14:13] [info] color/alpha audit block 0: cmod_white=682 cmod_black=0 (idx=0) cmod_general=0 (idx=0) cmod_fb=0; alpha_taken=0 alpha_skipped=0 (global cmod=14620/12396/693/0 idx=12396/693 alpha=0/0)
[11:14:13] [info] phase timing block 0: drawcalls=4002 dc_total_ms=882 flip_inner_total_ms=269 inter_flip_total_ms=4124 (per-flip avg x10: dc_ms=88 fi_ms=26 if_ms=412 derived audio+engine_ms=298; per-drawcall avg us_x10=2204) [direct-vesa: presents=100 total_ms=173 avg_ms_x10=17 failed=0] [ablation: NO_DC_TIMING=0 CACHE_WINSURF=0 DIRECT_VESA=1]
[11:14:13] [info] kbd/audio block 0: kbd_irq=0 kbd_drain=0 ring_chunks=16 pump_pass=5137 pic1_mask=0xb8 first_irq_ticks=0 install_ticks=0 vector_at_install=0x0084a080 pic1_mask_live=0xb8 kbd_8042_stat=0x34 bios_kbd_head=0x002a bios_kbd_tail=0x002a bios_kbd_buf0=0x1970
[11:14:13] [info] dirty-rect block @flip=2400: total_calls=0 dirty_rects_avg=1 dirty_pct_x10=1000 forced_full=0 first_n_force=0 threshold_exceeded=0 dirty_path_taken=0 full_flush_taken=0
[11:14:13] [info] prev-frame-diff block @flip=2400: diff_calls=0 diff_rects_avg=0 diff_dirty_pct_x10=0 bbox_pct_x10=0 bbox_thresh_exceeded=0
[11:14:14] [info] tas: end-of-replay auto-exit at tick 5140 (recording exhausted; set DOSKUTSU_TAS_REPLAY_HOLD=1 to disable + observe steady-state past recording end)
[11:14:14] [info] Script engine shutdown.
[11:14:14] [info] opl2 backend: on_song_stop
[11:14:14] [info] opl2 backend shutdown (all 9 voices KEY-OFF; 0xBD cleared; chip state safe for next process)
[11:14:14] [info] Organya init...
[11:14:15] [info] Organya init done
[11:14:15] [info] Sound system shutdown
[11:14:15] [info] Renderer::Close()
[11:14:15] [info] tas: replay file closed
[11:14:15] [info] [fps-true] flips=2403 render_s=127 fps_mean=18.9 (clock-independent: flips / seconds since the FIRST flip; use THIS for the fps matrix, not inter_flip medians, which are invalid in any cell running the PIT/IRQ-0 music pump)
[RUNMANIFEST-BEGIN]
schema_version=1
environment=realhw
binary_sha12=f8d446b4b0e0
wave_tag=641
scene=
env_block_sha=daba264925b8
started_utc=2026-11-19T04:17:13Z
duration_s=142
exit_code=0
fps_p50=NA
fps_p95=NA
audio_vital_status=NA
regime=NA
banner_required_hit=0
banner_required_total=0
banner_forbidden_hit=0
banner_optional_hit=0
critical_count=0
warn_count=0
[RUNMANIFEST-END]
[11:14:15] [info] [runmanifest-emit] schema=v1 env=realhw sha12=f8d446b4b0e0 dur=142s tag='641' scene='' env_sha=daba264925b8 (signals=0x4)
