Logger::init: wave-53 log level=INFO path='LOGS/662.LOG'
[11:16:56] [info] config: loaded DOSKUTSU.CFG (3 keys)
[11:16:56] [info] tas: PRNG seed forced to 12345 via DOSKUTSU_TAS_PRNG_SEED
[11:16:56] [info] tas: auto-exit armed at tick 30000 via DOSKUTSU_TAS_AUTO_EXIT_TICK
[11:16:56] [info] tas: replay opened path='QA.TAS' header_seed=12345
[11:16:56] [info] AUDIO_BACKEND=adlib -- omitting SDL_INIT_AUDIO (no Sound Blaster on a native-AdLib config; the OPL chip is driven by direct port I/O + the PIT/IRQ-0 music pump). SoundManager::init() STILL RUNS (unlike AUDIO_OFF) to bring up the OPL2 backend. MUSIC ONLY -- no PCM SFX on a DAC-less AdLib card.
[11:16:57] [info] data cache: DISABLED (default)
[11:16:57] [info] Joystick: skipped (default; set DOSKUTSU_USE_JOYSTICK=1 to enable -- skips SDL3-DOS gameport BIOS INT 15h polling, ~82 ms / flip on real HW)
[11:16:57] [info] Loading settings...
[11:16:57] [info] [input-bind] applied=0 invert_y=0 dos_axes=1
[11:16:57] [info] Renderer::initVideo: 8bpp mode requested via SDL_HINT_DOS_MAX_BPP=8 (wave 16); SDL3-DOS will pick the highest-bpp <= 8 mode at requested resolution
[11:16:57] [info] Renderer::initVideo: DOS resolution-label lock ENABLED (default)
[11:16:57] [info] Renderer::initVideo: using: software renderer
[11:17:00] [info] Renderer::initVideo: dirty-rect tracking ENABLED (wave 15, default ON; set SDL_HINT_DOSKUTSU_DIRTY_RECTS=0 to disable)
[11:17:00] [info] Renderer::initVideo: ablation flags: NO_DC_TIMING=0 CACHE_WINSURF=0 NO_INPUT_POLL=0 DIRECT_VESA=1
[11:17:00] [info] Renderer::initVideo: direct-VESA hot path ENABLED (default since wave 20 patch 0088; bypasses SDL_RenderPresent / SDL_UpdateWindowSurface and writes via SDL/0034's PresentFull helper; R2 mitigation handled by SDL/0034 generation counter -- no per-N-flip heartbeat needed; set SDL_HINT_DOSKUTSU_DIRECT_VESA=0 to revert)
[11:17:00] [info] Renderer::initVideo: flip-phase instrumentation DISABLED (default; set SDL_HINT_DOSKUTSU_FLIP_INSTR=1 to opt in for wave-20 Lever A diagnostic)
[11:17:00] [info] Renderer::initVideo: asm opaque-span blit lever DISABLED (default; set SDL_HINT_DOSKUTSU_ASM_BLIT=1 to opt in -- wave-51 _blit_indexed colorkey-blit lever)
[11:17:00] [info] Renderer::initVideo: blit-decomp instrumentation DISABLED (default; set SDL_HINT_DOSKUTSU_BLIT_DECOMP=1 to opt in -- wave-51 _blit_indexed sub-decomp sizing)
[11:17:00] [info] Renderer::initVideo: mds-scroll-decomp instrumentation DISABLED (default; set SDL_HINT_DOSKUTSU_MDS_DECOMP=1 to opt in -- wave-52 mode_draw_scene scrolling-block decomp)
[11:17:00] [info] Renderer::initVideo: DOSVESA pump yield: skipped (default) (per-flip explicit SDL_Delay(0) yield is always on; set SDL_HINT_DOSKUTSU_FORCE_PUMP_YIELD=1 to restore old per-pump yield)
[11:17:00] [info] Renderer::initVideo: indexed-mode (8bpp) ENABLED -- master palette + 107 per-asset remap LUTs loaded (wave 16, default ON; set SDL_HINT_DOSKUTSU_PIXEL_FORMAT_8=0 to disable)
[11:17:00] [info] Renderer::initVideo: master palette attached to window surface (format=SDL_PIXELFORMAT_INDEX8, ncolors=256)
[11:17:00] [info] Renderer::initVideo: indexed-mode smoke: idx0=(0,0,0) OK idx255=(255,0,255) OK
[11:17:00] [info] Renderer::initVideo: indexed-mode smoke: paletteRemapFor('MyChar.pbm') = present
[11:17:00] [info] Surface::loadImage palmap-diag #1: 'data/Loading.pbm' fmt=SDL_PIXELFORMAT_ABGR8888 remap=HIT -> path=truecolor
[11:17:00] [info] Renderer: prev-frame diff DISABLED (default since wave 17.6; set SDL_HINT_DOSKUTSU_PREVFRAME_DIFF=1 to opt in)
[11:17:00] [info] flip-probe: renderer=software window_ptr=8627296 colorspace=301991328 window_size=320x240 framebuffer_pixels=320x240 logical_present=320x240 mode=2
[11:17:00] [info] flip-probe: first flip ok=true present=48ms inter_flip_ms=0 drawcalls-since-flip=1 drawcalls-total=1
[11:17:00] [info] Sound system init
[11:17:00] [info] Sound system: AdLib (OPL2) path -- AUDIO_BACKEND=adlib. Skipping SB16 + SDL_mixer bring-up (no SDL_INIT_AUDIO); music via native OPL2 FM on the PIT/IRQ-0 pump. MUSIC ONLY: a DAC-less AdLib card has no PCM SFX. See docs/internal/ADLIB-NATIVE-DESIGN.md.
[11:17:01] [info] Sound system: AdLib PC-speaker SFX beeps -- engine SFX->beep mapping WIRED (patch 0264; SDL owns default-ON killswitch SDL_HINT_DOSKUTSU_PCSPK_SFX=0 to disable). See docs/internal/ADLIB-PCSPK-SFX-DESIGN.md.
[11:17:01] [info] Sound system: 4-state audio enable (#31) -- music=on sfx=OFF (MUSIC_OFF/AUDIO_BACKEND=none -> music-off; SFX_OFF/SFX_DEVICE=none -> sfx-off; both gates are dispatch-level, the device still opens; AUDIO_OFF=1 is the device-level both-off).
[11:17:01] [info] Sound system: Tier-2 audio config (default since wave 21 patch 0093; 11025 Hz, 1 channel, buffer pinned to 256 frames). Measured savings on g2k Pentium OverDrive 83 MHz (W21A): heavy-music scenes ~+11 fps vs Tier-1 baseline (measured -10 to -15 ms/flip post-0094 audio fix; W21A's pre-fix -26.6 ms figure was inflated by stereo-vs-mono playback bug, see patch 0094). Audio quality is reduced vs Tier-1 (mono, 11025 Hz, simple-average L+R downmix) but recognizable; user accepted the trade per direction 2026-05-05. Set SDL_HINT_DOSKUTSU_AUDIO_TIER2=0 to revert to Tier-1 22050 stereo (full Cave Story 2004 audio quality; trades fps for fidelity).
[11:17:01] [info] Sound system: SDL_HINT_AUDIO_DEVICE_SAMPLE_FRAMES=256
[11:17:01] [info] Pixtone IRQ rate-divider: handed master_rate=11025 int16/s (SAMPLE_RATE=11025 x AUDIO_CHANNELS=1) to SDL for auto-RATEDIV (SDL/0074 computes shift_div from the resolved device freq).
[11:17:01] [info] Sound system: device frame-rate: requesting 11025 Hz match to master (SDL_DOSAudioSetDeviceFrameRate; SB16 opens at the engine frame rate instead of SDL's 44100 floor -- 4x less PCM/s + no resampler on the Organya/Pixtone path; killswitch SDL_HINT_DOSKUTSU_DOS_AUDIO_DEVICE_RATE_DEFAULT=0).
[11:17:01] [info] audio backend: adlib (Campaign 2 -- native OPL2 FM synthesis on a no-Sound-Blaster card; 9-voice single-bank allocator; music clock = PIT/IRQ-0 OPL pump, NOT SB IRQ-5). MUSIC ONLY -- no PCM SFX on a DAC-less AdLib card. SoundManager::init probes OPL2 at 0x388 via the Adlib timer-1 sequence; if absent, music is silent (the game still runs). Reuses data/opl3bank.dat (DMXOPL GM bank).
[11:17:01] [info] Sound system: AdLib path -- no SB16 mixer (music via the PIT pump; SFX disabled on this no-SB out-of-band path).
[11:17:01] [info] wave-13.6.1: ring_chunks=16 FORCE_PUMP_YIELD=off (set SDL_HINT_DOSKUTSU_AUDIO_RING_CHUNKS=4|8|16 to override; default 16 matches wave 13.6 behaviour)
[11:17:01] [info] MidiScheduler: MIDI source = 'orgmid2' (native-GM org2mid set; resolves to data/orgmid2/<name>.mid).
[11:17:01] [info] opl2 backend probing for OPL chip (Adlib timer-1 sequence on 0x388)...
[11:17:01] [info] opl2 backend: opl3bank.dat loaded 128 programs from 'data/opl3bank.dat' (1536 bytes). OPL2 ignores the SBI panning nibble; programs >= 128 fall back to the 8-patch family bucket; drum channel uses PATCH_DRUM.
[11:17:01] [info] opl2 backend ready (OPL2 detected; 9-voice single-bank allocator armed; bank=runtime opl3bank.dat ACTIVE; clock = PIT/IRQ-0 OPL music pump, NOT SB IRQ-5; MUSIC ONLY -- no PCM SFX on a DAC-less AdLib card).
[11:17:01] [info] Sound system: MidiScheduler armed with MidiBackendOpl2 (Campaign 2 AdLib -- native OPL2 FM, 9-voice single bank). Music dispatch routes via SMF parser + OPL2 voice allocator; the clock is the PIT/IRQ-0 OPL pump (SDL/0110), NOT the SB IRQ-5. MUSIC ONLY -- no Pixtone PCM SFX on a DAC-less card.
[11:17:01] [info] Sound system: idle-pause skipped (backend=adlib does not qualify; only opl3 supports idle-pause per patch 0115; default OFF since patch 0119 regardless of backend).
[11:17:01] [warn] Music dir Ogg/ doesn't exist
[11:17:01] [warn] Music dir Ogg11/ doesn't exist
[11:17:01] [warn] Music dir Ogg17/ doesn't exist
[11:17:01] [warn] Music dir Ogg_ridic/ doesn't exist
[11:17:01] [info] Sound system: AdLib path -- skipping Pixtone/SFX/Organya/mixer init (no SDL audio device; MUSIC ONLY -- a DAC-less AdLib card has no PCM SFX). No MIX_CreateTrack / SFX-render attempts; runtime SFX calls no-op.
[11:17:01] [info] adlib: music pump STARTED at 120 Hz (PIT ch0 / IRQ-0 drives MidiScheduler::tick_isr; BIOS 18.2 Hz tick chained; restored on exit). This is the music clock on a no-SB card.
[11:17:01] [info] menu slide-in fixed-timestep: ENABLED (default; slide advances at 50 Hz logic rate)
[11:17:01] [info] Reading npc.tbl...
[11:17:01] [info] Loading tilekey.dat.
[11:17:02] [info] Script engine init.
[11:17:02] [info] Entering main loop...
[11:17:02] [info] audio mid-gap pump: DISABLED (default)
[11:17:02] [info] TAS fixed-timestep guard: ENABLED (default) (patch 0280; load_stage wall-clock kept out of the FT accumulator so TAS replay advances at a true 50 Hz; set SDL_HINT_DOSKUTSU_TAS_FT_GUARD=0 to disable)
[11:17:02] [info] load_stage ring+DMA silence flush: ENABLED (default) (set SDL_HINT_DOSKUTSU_LOADSTAGE_SILENCE=0 to disable)
[11:17:02] [info] load-band audio-underrun probe: DISABLED (default) (opt-in SDL_HINT_DOSKUTSU_LOADBAND_STAT=1)
[11:17:02] [info]  >> Entering stage 72: 'u'.
[11:17:02] [info] skip sheet flush: ENABLED (default) (SFXPAUSE-012 SHIPPED FIX; sprite sheets stay resident across caves so no per-cave re-decode -> no fire-frame pause; map_flush_graphics tilemap cache still flushes; set SDL_HINT_DOSKUTSU_SKIP_SHEET_FLUSH=0 to restore the old per-cave flush)
[11:17:02] [info] [skip-sheet-flush] cave=1
[11:17:02] [info] eager action sheets: ENABLED (default) (first-fire hitch fix: pre-loads the weapon bullet + hit/muzzle/trail caret sheets at stage load so the first fire/impact does not lazy-decode mid-gameplay; set SDL_HINT_DOSKUTSU_EAGER_ACTION_SHEETS=0 to restore lazy load)
[11:17:02] [info] Surface::loadImage palmap-diag #2: 'data/Bullet.pbm' fmt=SDL_PIXELFORMAT_ABGR8888 remap=HIT -> path=truecolor
[11:17:02] [info] Surface::loadImage palmap-diag #3: 'data/Arms.pbm' fmt=SDL_PIXELFORMAT_ABGR8888 remap=HIT -> path=truecolor
[11:17:03] [info] Surface::loadImage palmap-diag #4: 'data/Caret.pbm' fmt=SDL_PIXELFORMAT_ABGR8888 remap=HIT -> path=truecolor
[11:17:03] [info] Surface::loadImage palmap-diag #5: 'data/Npc/NpcSym.pbm' fmt=SDL_PIXELFORMAT_ABGR8888 remap=HIT -> path=truecolor
[11:17:03] [info] [eager-action-sheets] cave=1 sheets=4 wall_ms=1096
[11:17:03] [info] Surface::loadImage palmap-diag #6: 'data/Stage/PrtWhite.pbm' fmt=SDL_PIXELFORMAT_ABGR8888 remap=HIT -> path=truecolor
[11:17:04] [info] load_stage: entry-music preload ENABLED (default) (set SDL_HINT_DOSKUTSU_PRELOAD_STAGE_MUSIC=0 to disable)
[11:17:04] [info] Surface::loadImage palmap-diag #7: 'data/bk0.pbm' fmt=SDL_PIXELFORMAT_ABGR8888 remap=HIT -> path=truecolor
[11:17:04] [info] gameloop: entered (curmap=72, running=1)
[11:17:04] [info] gameloop: iter 1 ticks=7916 mapno=-1
[11:17:04] [info] fixed-timestep: ENABLED (default; logic 50 Hz, decoupled from render)
[11:17:04] [info] map: BG skip-when-unchanged DISABLED (default) (set SDL_HINT_DOSKUTSU_BG_SKIP_WHEN_UNCHANGED=1 to enable; default OFF since wave-61 -- abandoned, it shipped a backdrop-black flicker and its +0.87 fps was below the noise floor)
[11:17:04] [info] map: skip-redundant-clear lever ENABLED (default since wave-53 promotion)
[11:17:04] [info] perf-mode: level=0 (faithful (default))
[11:17:04] [info] Surface::loadImage palmap-diag #8: 'data/Npc/NpcKings.pbm' fmt=SDL_PIXELFORMAT_ABGR8888 remap=HIT -> path=truecolor
[11:17:04] [info] audio tick-boundary pump: DISABLED (default)
[11:17:04] [info] gameloop: iter 2 ticks=8296 mapno=-1
[11:17:04] [info] gameloop: iter 3 ticks=8352 mapno=-1
[11:17:04] [info] direct-vesa: snapshot @gen=2 use_dosmemput=0 banked_multibank=0 pitches_match=1 vram_w=320 vram_h=240 vram_pitch=320 bpp=1 fb_size=76800 vram_phys=0x78000000 vram_ptr=0x77c00000
[11:17:05] [info] flip-probe: flip #10 ok=true present=-2ms inter_flip_ms=56 drawcalls-since-flip=6 drawcalls-total=43 fail-total=0 null-skips-total=0
[11:17:05] [info] flip-probe: flip #20 ok=true present=-3ms inter_flip_ms=55 drawcalls-since-flip=4 drawcalls-total=92 fail-total=0 null-skips-total=0
[11:17:06] [info] flip-probe: flip #30 ok=true present=-3ms inter_flip_ms=58 drawcalls-since-flip=326 drawcalls-total=2707 fail-total=0 null-skips-total=0
[11:17:07] [info] flip-probe: flip #40 ok=true present=6ms inter_flip_ms=55 drawcalls-since-flip=264 drawcalls-total=5837 fail-total=0 null-skips-total=0
[11:17:07] [info] flip-probe: flip #50 ok=true present=-3ms inter_flip_ms=61 drawcalls-since-flip=67 drawcalls-total=7392 fail-total=0 null-skips-total=0
[11:17:08] [info] flip-probe: flip #60 ok=true present=5ms inter_flip_ms=49 drawcalls-since-flip=4 drawcalls-total=7502 fail-total=0 null-skips-total=0
[11:17:08] [info] flip-probe: flip #70 ok=true present=6ms inter_flip_ms=55 drawcalls-since-flip=6 drawcalls-total=7557 fail-total=0 null-skips-total=0
[11:17:09] [info] flip-probe: flip #80 ok=true present=6ms inter_flip_ms=54 drawcalls-since-flip=0 drawcalls-total=7586 fail-total=0 null-skips-total=0
[11:17:09] [info] flip-probe: flip #90 ok=true present=-3ms inter_flip_ms=55 drawcalls-since-flip=0 drawcalls-total=7586 fail-total=0 null-skips-total=0
[11:17:10] [info] title: eager-title-IO phase tag ENABLED (default) (set SDL_HINT_DOSKUTSU_EAGER_TITLE_IO=0 to disable)
[11:17:10] [warn] MidiScheduler::_refresh_isr_buffer: track has 27749 events; ISR buffer is 16384 (truncated; events after 16384 will not dispatch under L2b ON -- the engine-thread tick() path still uses _events directly under L2b OFF)
[11:17:10] [info] MidiScheduler::load: parsed 'data/orgmid2/curly.mid' = 27749 events at 48 PPQ
[11:17:10] [info] opl2 backend: on_song_start
[11:17:10] [info] gameloop: entered (curmap=1005, running=1)
[11:17:10] [info] gameloop: iter 1 ticks=14450 mapno=-1
[11:17:10] [info] map: backdrop cache ENABLED (default) (set SDL_HINT_DOSKUTSU_BACKDROP_CACHE=0 to disable)
[11:17:11] [info] gameloop: iter 2 ticks=15268 mapno=-1
[11:17:11] [info] gameloop: iter 3 ticks=15269 mapno=-1
[11:17:11] [info] backdrop cache: thrashing-detect engaged (streak=4, route=direct)
[11:17:11] [info] flip-probe: flip #100 ok=true present=-3ms inter_flip_ms=50 drawcalls-since-flip=75 drawcalls-total=7886 fail-total=0 null-skips-total=0
[11:17:11] [info] alpha audit block 0: 7798 total drawcalls, 0 with alpha<255 (block pct_x10=0; global 0/7798 pct_x10=0); alpha-mod skipped: block=0 global=0
[11:17:11] [info] fastpath audit block 0: taken=7798 (idx8=7798) skipped=0 pct_x10=1000; global taken=7798 (idx8=7798) skipped=0 pct_x10=1000
[11:17:11] [info] primitive tally block 0: clear=220(hr=220) fill=0(hr=0) rect=0(hr=0) line=0(hr=0) tint=0 spotlight=0 (over 100 flips ending at flip 100)
[11:17:11] [info] color/alpha audit block 0: cmod_white=104 cmod_black=0 (idx=0) cmod_general=84 (idx=84) cmod_fb=0; alpha_taken=0 alpha_skipped=0 (global cmod=104/0/84/0 idx=0/84 alpha=0/0)
[11:17:11] [info] phase timing block 0: drawcalls=8209 dc_total_ms=1099 flip_inner_total_ms=368 inter_flip_total_ms=10943 (per-flip avg x10: dc_ms=109 fi_ms=36 if_ms=1094 derived audio+engine_ms=949; per-drawcall avg us_x10=1339) [direct-vesa: presents=97 total_ms=262 avg_ms_x10=27 failed=0] [ablation: NO_DC_TIMING=0 CACHE_WINSURF=0 DIRECT_VESA=1]
[11:17:11] [info] kbd/audio block 0: kbd_irq=0 kbd_drain=0 ring_chunks=16 pump_pass=99 pic1_mask=0xb8 first_irq_ticks=0 install_ticks=0 vector_at_install=0x0083a078 pic1_mask_live=0xb8 kbd_8042_stat=0x34 bios_kbd_head=0x002a bios_kbd_tail=0x002a bios_kbd_buf0=0x1970
[11:17:11] [info] audio/engine split block 0: audio_mixer_calls=0 audio_mixer_ms_x10=0 engine_tick_calls=99 engine_tick_ms_x10=331 audio_service_calls=0 audio_service_ms_x10=0 (per-flip avg; per-call us_x10: audio_mix=0 engine_tick=335131 audio_service=0; global ns: audio_mix=0 engine_tick=3317797819 audio_service=0)
[11:17:11] [info] pixtone multi-source probe: DISABLED (default)
[11:17:11] [info] dirty-rect block @flip=100: total_calls=0 dirty_rects_avg=0 dirty_pct_x10=990 forced_full=0 first_n_force=3 threshold_exceeded=2 dirty_path_taken=0 full_flush_taken=3
[11:17:11] [info] prev-frame-diff block @flip=100: diff_calls=0 diff_rects_avg=0 diff_dirty_pct_x10=0 bbox_pct_x10=0 bbox_thresh_exceeded=0
[11:17:12] [info] flip-probe: flip #110 ok=true present=-3ms inter_flip_ms=56 drawcalls-since-flip=75 drawcalls-total=8636 fail-total=0 null-skips-total=0
[11:17:13] [info] flip-probe: flip #120 ok=true present=-2ms inter_flip_ms=53 drawcalls-since-flip=75 drawcalls-total=9386 fail-total=0 null-skips-total=0
[11:17:13] [info] flip-probe: flip #130 ok=true present=-2ms inter_flip_ms=57 drawcalls-since-flip=0 drawcalls-total=9986 fail-total=0 null-skips-total=0
[11:17:13] [info] Loading profile from profile.dat
[11:17:13] [error] profile_load: unable to open 'profile.dat'
[11:17:13] [info] Loading profile from profile2.dat
[11:17:13] [error] profile_load: unable to open 'profile2.dat'
[11:17:13] [info] Loading profile from profile3.dat
[11:17:13] [info] Loading profile from profile4.dat
[11:17:13] [error] profile_load: unable to open 'profile4.dat'
[11:17:13] [info] Loading profile from profile5.dat
[11:17:14] [info] flip-probe: flip #140 ok=true present=-2ms inter_flip_ms=57 drawcalls-since-flip=214 drawcalls-total=10842 fail-total=0 null-skips-total=0
[11:17:14] [info] flip-probe: flip #150 ok=true present=-2ms inter_flip_ms=53 drawcalls-since-flip=214 drawcalls-total=12982 fail-total=0 null-skips-total=0
[11:17:15] [info] Writing settings...
[11:17:15] [info] flip-probe: flip #160 ok=true present=6ms inter_flip_ms=56 drawcalls-since-flip=0 drawcalls-total=13846 fail-total=0 null-skips-total=0
[11:17:15] [info] flip-probe: flip #170 ok=true present=6ms inter_flip_ms=53 drawcalls-since-flip=0 drawcalls-total=13846 fail-total=0 null-skips-total=0
[11:17:16] [info] opl2 backend: on_song_stop
[11:17:16] [info] Loading profile from profile5.dat
[11:17:16] [info]  >> Entering stage 20: 'Save Point'.
[11:17:16] [info] [skip-sheet-flush] cave=2
[11:17:17] [info] MidiScheduler::load: parsed 'data/orgmid2/mura.mid' = 7123 events at 48 PPQ
[11:17:17] [info] opl2 backend: on_song_start
[11:17:17] [info] gameloop: entered (curmap=20, running=1)
[11:17:17] [info] gameloop: iter 1 ticks=20819 mapno=-1
[11:17:17] [info] TAS stall discount: ENABLED (default) (patch 0286; a replay frame over 150 ms is a load, not slow rendering, so it contributes 1 tick instead of its wall-clock; set SDL_HINT_DOSKUTSU_TAS_STALL_DISCOUNT=0 to disable)
[11:17:17] [info] TAS accumulator clamp: DISABLED (default) (patch 0281; caps the FT accumulator delta at one tick during TAS so a stalled frame cannot race the replay index; set SDL_HINT_DOSKUTSU_TAS_FT_GUARD=0 to disable)
[11:17:17] [info] gameloop: iter 2 ticks=20818 mapno=-1
[11:17:17] [info] gameloop: iter 3 ticks=20874 mapno=-1
[11:17:17] [info] flip-probe: flip #180 ok=true present=-3ms inter_flip_ms=58 drawcalls-since-flip=17 drawcalls-total=14028 fail-total=0 null-skips-total=0
[11:17:17] [info] flip-probe: flip #190 ok=true present=6ms inter_flip_ms=0 drawcalls-since-flip=17 drawcalls-total=14198 fail-total=0 null-skips-total=0
[11:17:17] [info] flip-probe: flip #200 ok=true present=-3ms inter_flip_ms=59 drawcalls-since-flip=17 drawcalls-total=14368 fail-total=0 null-skips-total=0
[11:17:17] [info] alpha audit block 0: 5824 total drawcalls, 0 with alpha<255 (block pct_x10=0; global 0/13622 pct_x10=0); alpha-mod skipped: block=0 global=0
[11:17:17] [info] fastpath audit block 0: taken=5824 (idx8=5824) skipped=0 pct_x10=1000; global taken=13622 (idx8=13622) skipped=0 pct_x10=1000
[11:17:17] [info] primitive tally block 0: clear=202(hr=202) fill=0(hr=0) rect=0(hr=0) line=0(hr=0) tint=0 spotlight=0 (over 100 flips ending at flip 200)
[11:17:17] [info] color/alpha audit block 0: cmod_white=1464 cmod_black=0 (idx=0) cmod_general=630 (idx=630) cmod_fb=0; alpha_taken=0 alpha_skipped=0 (global cmod=1568/0/714/0 idx=0/714 alpha=0/0)
[11:17:17] [info] phase timing block 0: drawcalls=8120 dc_total_ms=326 flip_inner_total_ms=271 inter_flip_total_ms=6155 (per-flip avg x10: dc_ms=32 fi_ms=27 if_ms=615 derived audio+engine_ms=556; per-drawcall avg us_x10=401) [direct-vesa: presents=100 total_ms=128 avg_ms_x10=12 failed=0] [ablation: NO_DC_TIMING=0 CACHE_WINSURF=0 DIRECT_VESA=1]
[11:17:17] [info] kbd/audio block 0: kbd_irq=0 kbd_drain=0 ring_chunks=16 pump_pass=208 pic1_mask=0xb8 first_irq_ticks=0 install_ticks=0 vector_at_install=0x0083a078 pic1_mask_live=0xb8 kbd_8042_stat=0x34 bios_kbd_head=0x002a bios_kbd_tail=0x002a bios_kbd_buf0=0x1970
[11:17:18] [info] audio/engine split block 0: audio_mixer_calls=0 audio_mixer_ms_x10=0 engine_tick_calls=76 engine_tick_ms_x10=40 audio_service_calls=0 audio_service_ms_x10=0 (per-flip avg; per-call us_x10: audio_mix=0 engine_tick=53431 audio_service=0; global ns: audio_mix=0 engine_tick=3723875699 audio_service=0)
[11:17:18] [info] dirty-rect block @flip=200: total_calls=0 dirty_rects_avg=1 dirty_pct_x10=1000 forced_full=0 first_n_force=0 threshold_exceeded=0 dirty_path_taken=0 full_flush_taken=0
[11:17:18] [info] prev-frame-diff block @flip=200: diff_calls=0 diff_rects_avg=0 diff_dirty_pct_x10=0 bbox_pct_x10=0 bbox_thresh_exceeded=0
[11:17:18] [info] flip-probe: flip #210 ok=true present=6ms inter_flip_ms=-5 drawcalls-since-flip=17 drawcalls-total=14538 fail-total=0 null-skips-total=0
[11:17:18] [info] flip-probe: flip #220 ok=true present=-2ms inter_flip_ms=58 drawcalls-since-flip=17 drawcalls-total=14708 fail-total=0 null-skips-total=0
[11:17:18] [info] flip-probe: flip #230 ok=true present=-2ms inter_flip_ms=59 drawcalls-since-flip=17 drawcalls-total=14878 fail-total=0 null-skips-total=0
[11:17:19] [info] flip-probe: flip #240 ok=true present=6ms inter_flip_ms=50 drawcalls-since-flip=318 drawcalls-total=15889 fail-total=0 null-skips-total=0
[11:17:19] [info]  >> Entering stage 11: 'Mimiga Village'.
[11:17:19] [info] [skip-sheet-flush] cave=3
[11:17:20] [info] [load-stage] preloading entry music song=9 (cave=3)
[11:17:20] [info] gameloop: entered (curmap=11, running=1)
[11:17:20] [info] gameloop: iter 1 ticks=23895 mapno=-1
[11:17:20] [info] map: mds_clear LUT ENABLED (default) (set SDL_HINT_DOSKUTSU_MDS_CLEAR_LUT=0 to disable; default ON; patch 0144 wave-49 bandwidth lever)
[11:17:20] [info] mds-clear-lut: rebuilt N=240 entries (k_skip=0% k_keep=100%; curmap=11 map_size=60x60; rebuild #1 since boot)
[11:17:20] [info] backdrop thrash full-cover ENABLED (default) (set SDL_HINT_DOSKUTSU_THRASH_FULLCOVER=0 to disable)
[11:17:20] [info] [bd-diag] backdrop render-path diag disabled (default) (set SDL_HINT_DOSKUTSU_BACKDROP_DIAG=1 to enable)
[11:17:20] [info] gameloop: iter 2 ticks=24167 mapno=-1
[11:17:20] [info] tas: stall frame 272 ms -> contributing 1 tick (patch 0286)
[11:17:20] [info] gameloop: iter 3 ticks=24280 mapno=-1
[11:17:20] [info] flip-probe: flip #250 ok=true present=5ms inter_flip_ms=54 drawcalls-since-flip=384 drawcalls-total=19192 fail-total=0 null-skips-total=0
[11:17:21] [info] tas: stall frame 327 ms -> contributing 1 tick (patch 0286)
[11:17:21] [info] backdrop cache: thrashing-detect engaged (streak=4, route=direct)
[11:17:21] [info] flip-probe: flip #260 ok=true present=5ms inter_flip_ms=52 drawcalls-since-flip=32 drawcalls-total=21160 fail-total=0 null-skips-total=0
[11:17:22] [info] flip-probe: flip #270 ok=true present=-2ms inter_flip_ms=56 drawcalls-since-flip=45 drawcalls-total=21592 fail-total=0 null-skips-total=0
[11:17:22] [info] backdrop cache: thrashing-detect engaged (streak=4, route=direct)
[11:17:22] [info] flip-probe: flip #280 ok=true present=-3ms inter_flip_ms=59 drawcalls-since-flip=46 drawcalls-total=22050 fail-total=0 null-skips-total=0
[11:17:22] [info] flip-probe: flip #290 ok=true present=-2ms inter_flip_ms=51 drawcalls-since-flip=43 drawcalls-total=22488 fail-total=0 null-skips-total=0
[11:17:23] [info] flip-probe: flip #300 ok=true present=5ms inter_flip_ms=0 drawcalls-since-flip=43 drawcalls-total=22918 fail-total=0 null-skips-total=0
[11:17:23] [info] alpha audit block 0: 7808 total drawcalls, 0 with alpha<255 (block pct_x10=0; global 0/21430 pct_x10=0); alpha-mod skipped: block=0 global=0
[11:17:23] [info] fastpath audit block 0: taken=7808 (idx8=7808) skipped=0 pct_x10=1000; global taken=21430 (idx8=21430) skipped=0 pct_x10=1000
[11:17:23] [info] primitive tally block 0: clear=201(hr=201) fill=0(hr=0) rect=0(hr=0) line=0(hr=0) tint=0 spotlight=0 (over 100 flips ending at flip 300)
[11:17:23] [info] color/alpha audit block 0: cmod_white=689 cmod_black=689 (idx=689) cmod_general=0 (idx=0) cmod_fb=0; alpha_taken=0 alpha_skipped=0 (global cmod=2257/689/714/0 idx=689/714 alpha=0/0)
[11:17:23] [info] phase timing block 0: drawcalls=9399 dc_total_ms=1269 flip_inner_total_ms=661 inter_flip_total_ms=5379 (per-flip avg x10: dc_ms=126 fi_ms=66 if_ms=537 derived audio+engine_ms=345; per-drawcall avg us_x10=1350) [direct-vesa: presents=100 total_ms=331 avg_ms_x10=33 failed=0] [ablation: NO_DC_TIMING=0 CACHE_WINSURF=0 DIRECT_VESA=1]
[11:17:23] [info] kbd/audio block 0: kbd_irq=0 kbd_drain=0 ring_chunks=16 pump_pass=420 pic1_mask=0xb8 first_irq_ticks=0 install_ticks=0 vector_at_install=0x0083a078 pic1_mask_live=0xb8 kbd_8042_stat=0x34 bios_kbd_head=0x002a bios_kbd_tail=0x002a bios_kbd_buf0=0x1970
[11:17:23] [info] [tile-speedup-stat n=100 drawtile_us=505.88 raw_blit_us=184467440737070.97 ratio=0.00]
[11:17:23] [info] dirty-rect block @flip=300: total_calls=100 dirty_rects_avg=1 dirty_pct_x10=1000 forced_full=0 first_n_force=0 threshold_exceeded=0 dirty_path_taken=0 full_flush_taken=0
[11:17:23] [info] prev-frame-diff block @flip=300: diff_calls=0 diff_rects_avg=0 diff_dirty_pct_x10=0 bbox_pct_x10=0 bbox_thresh_exceeded=0
[11:17:23] [info] flip-probe: flip #310 ok=true present=-3ms inter_flip_ms=56 drawcalls-since-flip=43 drawcalls-total=23448 fail-total=0 null-skips-total=0
[11:17:24] [info] flip-probe: flip #320 ok=true present=53ms inter_flip_ms=5 drawcalls-since-flip=43 drawcalls-total=23878 fail-total=0 null-skips-total=0
[11:17:24] [info] flip-probe: flip #330 ok=true present=-3ms inter_flip_ms=58 drawcalls-since-flip=43 drawcalls-total=24308 fail-total=0 null-skips-total=0
[11:17:25] [info] backdrop cache: thrashing-detect engaged (streak=64, route=direct)
[11:17:25] [info] flip-probe: flip #340 ok=true present=-3ms inter_flip_ms=56 drawcalls-since-flip=43 drawcalls-total=24738 fail-total=0 null-skips-total=0
[11:17:25] [info] flip-probe: flip #350 ok=true present=-2ms inter_flip_ms=60 drawcalls-since-flip=43 drawcalls-total=25168 fail-total=0 null-skips-total=0
[11:17:26] [info] flip-probe: flip #360 ok=true present=53ms inter_flip_ms=1 drawcalls-since-flip=45 drawcalls-total=25606 fail-total=0 null-skips-total=0
[11:17:26] [info] flip-probe: flip #370 ok=true present=6ms inter_flip_ms=57 drawcalls-since-flip=17 drawcalls-total=25976 fail-total=0 null-skips-total=0
[11:17:26] [info] flip-probe: flip #380 ok=true present=-3ms inter_flip_ms=0 drawcalls-since-flip=16 drawcalls-total=26146 fail-total=0 null-skips-total=0
[11:17:27] [info] run_tick_fixed #600: heartbeat (loop alive)
[11:17:27] [info] flip-probe: flip #390 ok=true present=-2ms inter_flip_ms=56 drawcalls-since-flip=18 drawcalls-total=26323 fail-total=0 null-skips-total=0
[11:17:27] [info] backdrop cache: thrashing-detect engaged (streak=124, route=direct)
[11:17:27] [info] flip-probe: flip #400 ok=true present=-2ms inter_flip_ms=56 drawcalls-since-flip=15 drawcalls-total=26482 fail-total=0 null-skips-total=0
[11:17:27] [info] alpha audit block 0: 2593 total drawcalls, 0 with alpha<255 (block pct_x10=0; global 0/24023 pct_x10=0); alpha-mod skipped: block=0 global=0
[11:17:27] [info] fastpath audit block 0: taken=2593 (idx8=2593) skipped=0 pct_x10=1000; global taken=24023 (idx8=24023) skipped=0 pct_x10=1000
[11:17:27] [info] primitive tally block 0: clear=200(hr=200) fill=0(hr=0) rect=0(hr=0) line=0(hr=0) tint=0 spotlight=0 (over 100 flips ending at flip 400)
[11:17:27] [info] color/alpha audit block 0: cmod_white=871 cmod_black=871 (idx=871) cmod_general=0 (idx=0) cmod_fb=0; alpha_taken=0 alpha_skipped=0 (global cmod=3128/1560/714/0 idx=1560/714 alpha=0/0)
[11:17:27] [info] phase timing block 0: drawcalls=4535 dc_total_ms=622 flip_inner_total_ms=592 inter_flip_total_ms=4288 (per-flip avg x10: dc_ms=62 fi_ms=59 if_ms=428 derived audio+engine_ms=307; per-drawcall avg us_x10=1372) [direct-vesa: presents=100 total_ms=521 avg_ms_x10=52 failed=0] [ablation: NO_DC_TIMING=0 CACHE_WINSURF=0 DIRECT_VESA=1]
[11:17:27] [info] kbd/audio block 0: kbd_irq=0 kbd_drain=0 ring_chunks=16 pump_pass=633 pic1_mask=0xb8 first_irq_ticks=0 install_ticks=0 vector_at_install=0x0083a078 pic1_mask_live=0xb8 kbd_8042_stat=0x34 bios_kbd_head=0x002a bios_kbd_tail=0x002a bios_kbd_buf0=0x1970
[11:17:27] [info] dirty-rect block @flip=400: total_calls=0 dirty_rects_avg=1 dirty_pct_x10=1000 forced_full=0 first_n_force=0 threshold_exceeded=0 dirty_path_taken=0 full_flush_taken=0
[11:17:27] [info] prev-frame-diff block @flip=400: diff_calls=0 diff_rects_avg=0 diff_dirty_pct_x10=0 bbox_pct_x10=0 bbox_thresh_exceeded=0
[11:17:28] [info] flip-probe: flip #410 ok=true present=53ms inter_flip_ms=1 drawcalls-since-flip=18 drawcalls-total=26654 fail-total=0 null-skips-total=0
[11:17:28] [info] flip-probe: flip #420 ok=true present=5ms inter_flip_ms=50 drawcalls-since-flip=16 drawcalls-total=26827 fail-total=0 null-skips-total=0
[11:17:28] [info] flip-probe: flip #430 ok=true present=-3ms inter_flip_ms=53 drawcalls-since-flip=15 drawcalls-total=26979 fail-total=0 null-skips-total=0
[11:17:29] [info] flip-probe: flip #440 ok=true present=6ms inter_flip_ms=51 drawcalls-since-flip=15 drawcalls-total=27129 fail-total=0 null-skips-total=0
[11:17:29] [info] flip-probe: flip #450 ok=true present=-3ms inter_flip_ms=110 drawcalls-since-flip=319 drawcalls-total=29355 fail-total=0 null-skips-total=0
[11:17:30] [info]  >> Entering stage 17: 'Yamashita Farm'.
[11:17:30] [info] [skip-sheet-flush] cave=4
[11:17:30] [info] [load-stage] preloading entry music song=13 (cave=4)
[11:17:30] [info] opl2 backend: on_song_stop
[11:17:30] [info] MidiScheduler::load: parsed 'data/orgmid2/plant.mid' = 6246 events at 48 PPQ
[11:17:30] [info] opl2 backend: on_song_start
[11:17:30] [info] gameloop: entered (curmap=17, running=1)
[11:17:30] [info] gameloop: iter 1 ticks=34275 mapno=-1
[11:17:30] [info] mds-clear-lut: rebuilt N=240 entries (k_skip=33% k_keep=67%; curmap=17 map_size=40x16; rebuild #2 since boot)
[11:17:31] [info] gameloop: iter 2 ticks=34551 mapno=-1
[11:17:31] [info] tas: stall frame 277 ms -> contributing 1 tick (patch 0286)
[11:17:31] [info] gameloop: iter 3 ticks=34607 mapno=-1
[11:17:31] [info] flip-probe: flip #460 ok=true present=-2ms inter_flip_ms=114 drawcalls-since-flip=298 drawcalls-total=32749 fail-total=0 null-skips-total=0
[11:17:32] [info] flip-probe: flip #470 ok=true present=6ms inter_flip_ms=48 drawcalls-since-flip=138 drawcalls-total=34250 fail-total=0 null-skips-total=0
[11:17:32] [info] flip-probe: flip #480 ok=true present=-2ms inter_flip_ms=56 drawcalls-since-flip=143 drawcalls-total=35671 fail-total=0 null-skips-total=0
[11:17:33] [info] backdrop cache: thrashing-detect engaged (streak=4, route=direct)
[11:17:33] [info] flip-probe: flip #490 ok=true present=-2ms inter_flip_ms=59 drawcalls-since-flip=131 drawcalls-total=37069 fail-total=0 null-skips-total=0
[11:17:33] [info] flip-probe: flip #500 ok=true present=-3ms inter_flip_ms=50 drawcalls-since-flip=138 drawcalls-total=38405 fail-total=0 null-skips-total=0
[11:17:33] [info] alpha audit block 0: 11199 total drawcalls, 0 with alpha<255 (block pct_x10=0; global 0/35222 pct_x10=0); alpha-mod skipped: block=0 global=0
[11:17:33] [info] fastpath audit block 0: taken=11199 (idx8=11199) skipped=0 pct_x10=1000; global taken=35222 (idx8=35222) skipped=0 pct_x10=1000
[11:17:33] [info] primitive tally block 0: clear=201(hr=201) fill=0(hr=0) rect=0(hr=0) line=0(hr=0) tint=0 spotlight=0 (over 100 flips ending at flip 500)
[11:17:33] [info] color/alpha audit block 0: cmod_white=624 cmod_black=624 (idx=624) cmod_general=0 (idx=0) cmod_fb=0; alpha_taken=0 alpha_skipped=0 (global cmod=3752/2184/714/0 idx=2184/714 alpha=0/0)
[11:17:33] [info] phase timing block 0: drawcalls=12684 dc_total_ms=1358 flip_inner_total_ms=403 inter_flip_total_ms=6203 (per-flip avg x10: dc_ms=135 fi_ms=40 if_ms=620 derived audio+engine_ms=445; per-drawcall avg us_x10=1071) [direct-vesa: presents=100 total_ms=298 avg_ms_x10=29 failed=0] [ablation: NO_DC_TIMING=0 CACHE_WINSURF=0 DIRECT_VESA=1]
[11:17:33] [info] kbd/audio block 0: kbd_irq=0 kbd_drain=0 ring_chunks=16 pump_pass=893 pic1_mask=0xb8 first_irq_ticks=0 install_ticks=0 vector_at_install=0x0083a078 pic1_mask_live=0xb8 kbd_8042_stat=0x34 bios_kbd_head=0x002a bios_kbd_tail=0x002a bios_kbd_buf0=0x1970
[11:17:33] [info] dirty-rect block @flip=500: total_calls=0 dirty_rects_avg=1 dirty_pct_x10=1000 forced_full=0 first_n_force=0 threshold_exceeded=0 dirty_path_taken=0 full_flush_taken=0
[11:17:33] [info] prev-frame-diff block @flip=500: diff_calls=0 diff_rects_avg=0 diff_dirty_pct_x10=0 bbox_pct_x10=0 bbox_thresh_exceeded=0
[11:17:33] [info] tas: stall frame 162 ms -> contributing 1 tick (patch 0286)
[11:17:34] [info] run_tick_fixed #900: heartbeat (loop alive)
[11:17:34] [info] flip-probe: flip #510 ok=true present=-3ms inter_flip_ms=60 drawcalls-since-flip=144 drawcalls-total=39807 fail-total=0 null-skips-total=0
[11:17:35] [info] flip-probe: flip #520 ok=true present=6ms inter_flip_ms=53 drawcalls-since-flip=146 drawcalls-total=41276 fail-total=0 null-skips-total=0
[11:17:35] [info] flip-probe: flip #530 ok=true present=-2ms inter_flip_ms=59 drawcalls-since-flip=141 drawcalls-total=42718 fail-total=0 null-skips-total=0
[11:17:36] [info] flip-probe: flip #540 ok=true present=-2ms inter_flip_ms=54 drawcalls-since-flip=136 drawcalls-total=44073 fail-total=0 null-skips-total=0
[11:17:36] [info] backdrop cache: thrashing-detect engaged (streak=4, route=direct)
[11:17:37] [info] flip-probe: flip #550 ok=true present=-3ms inter_flip_ms=54 drawcalls-since-flip=122 drawcalls-total=45344 fail-total=0 null-skips-total=0
[11:17:37] [info] flip-probe: flip #560 ok=true present=-3ms inter_flip_ms=62 drawcalls-since-flip=134 drawcalls-total=46670 fail-total=0 null-skips-total=0
[11:17:38] [info] flip-probe: flip #570 ok=true present=-3ms inter_flip_ms=52 drawcalls-since-flip=135 drawcalls-total=48012 fail-total=0 null-skips-total=0
[11:17:38] [info] flip-probe: flip #580 ok=true present=6ms inter_flip_ms=55 drawcalls-since-flip=98 drawcalls-total=49103 fail-total=0 null-skips-total=0
[11:17:39] [info] flip-probe: flip #590 ok=true present=-3ms inter_flip_ms=57 drawcalls-since-flip=109 drawcalls-total=50144 fail-total=0 null-skips-total=0
[11:17:39] [info] flip-probe: flip #600 ok=true present=-2ms inter_flip_ms=56 drawcalls-since-flip=117 drawcalls-total=51273 fail-total=0 null-skips-total=0
[11:17:39] [info] alpha audit block 0: 11832 total drawcalls, 0 with alpha<255 (block pct_x10=0; global 0/47054 pct_x10=0); alpha-mod skipped: block=0 global=0
[11:17:39] [info] fastpath audit block 0: taken=11832 (idx8=11832) skipped=0 pct_x10=1000; global taken=47054 (idx8=47054) skipped=0 pct_x10=1000
[11:17:39] [info] primitive tally block 0: clear=200(hr=200) fill=0(hr=0) rect=0(hr=0) line=0(hr=0) tint=0 spotlight=0 (over 100 flips ending at flip 600)
[11:17:39] [info] color/alpha audit block 0: cmod_white=936 cmod_black=936 (idx=936) cmod_general=0 (idx=0) cmod_fb=0; alpha_taken=0 alpha_skipped=0 (global cmod=4688/3120/714/0 idx=3120/714 alpha=0/0)
[11:17:39] [info] phase timing block 0: drawcalls=13908 dc_total_ms=985 flip_inner_total_ms=173 inter_flip_total_ms=5933 (per-flip avg x10: dc_ms=98 fi_ms=17 if_ms=593 derived audio+engine_ms=478; per-drawcall avg us_x10=708) [direct-vesa: presents=100 total_ms=84 avg_ms_x10=8 failed=0] [ablation: NO_DC_TIMING=0 CACHE_WINSURF=0 DIRECT_VESA=1]
[11:17:39] [info] kbd/audio block 0: kbd_irq=0 kbd_drain=0 ring_chunks=16 pump_pass=1182 pic1_mask=0xb8 first_irq_ticks=0 install_ticks=0 vector_at_install=0x0083a078 pic1_mask_live=0xb8 kbd_8042_stat=0x34 bios_kbd_head=0x002a bios_kbd_tail=0x002a bios_kbd_buf0=0x1970
[11:17:39] [info] dirty-rect block @flip=600: total_calls=0 dirty_rects_avg=1 dirty_pct_x10=1000 forced_full=0 first_n_force=0 threshold_exceeded=0 dirty_path_taken=0 full_flush_taken=0
[11:17:39] [info] prev-frame-diff block @flip=600: diff_calls=0 diff_rects_avg=0 diff_dirty_pct_x10=0 bbox_pct_x10=0 bbox_thresh_exceeded=0
[11:17:40] [info] backdrop cache: thrashing-detect engaged (streak=64, route=direct)
[11:17:40] [info] flip-probe: flip #610 ok=true present=0ms inter_flip_ms=52 drawcalls-since-flip=107 drawcalls-total=52387 fail-total=0 null-skips-total=0
[11:17:41] [info] flip-probe: flip #620 ok=true present=-3ms inter_flip_ms=57 drawcalls-since-flip=114 drawcalls-total=53494 fail-total=0 null-skips-total=0
[11:17:41] [info] flip-probe: flip #630 ok=true present=-3ms inter_flip_ms=53 drawcalls-since-flip=118 drawcalls-total=54658 fail-total=0 null-skips-total=0
[11:17:42] [info] flip-probe: flip #640 ok=true present=5ms inter_flip_ms=55 drawcalls-since-flip=112 drawcalls-total=55788 fail-total=0 null-skips-total=0
[11:17:42] [info] flip-probe: flip #650 ok=true present=-3ms inter_flip_ms=59 drawcalls-since-flip=113 drawcalls-total=56914 fail-total=0 null-skips-total=0
[11:17:43] [info] flip-probe: flip #660 ok=true present=-2ms inter_flip_ms=52 drawcalls-since-flip=113 drawcalls-total=58023 fail-total=0 null-skips-total=0
[11:17:43] [info] backdrop cache: thrashing-detect engaged (streak=124, route=direct)
[11:17:43] [info] flip-probe: flip #670 ok=true present=-3ms inter_flip_ms=55 drawcalls-since-flip=122 drawcalls-total=59170 fail-total=0 null-skips-total=0
[11:17:44] [info] flip-probe: flip #680 ok=true present=5ms inter_flip_ms=47 drawcalls-since-flip=116 drawcalls-total=60367 fail-total=0 null-skips-total=0
[11:17:44] [info] flip-probe: flip #690 ok=true present=-2ms inter_flip_ms=58 drawcalls-since-flip=116 drawcalls-total=61534 fail-total=0 null-skips-total=0
[11:17:45] [info] flip-probe: flip #700 ok=true present=6ms inter_flip_ms=48 drawcalls-since-flip=114 drawcalls-total=62710 fail-total=0 null-skips-total=0
[11:17:45] [info] alpha audit block 0: 11337 total drawcalls, 0 with alpha<255 (block pct_x10=0; global 0/58391 pct_x10=0); alpha-mod skipped: block=0 global=0
[11:17:45] [info] fastpath audit block 0: taken=11337 (idx8=11337) skipped=0 pct_x10=1000; global taken=58391 (idx8=58391) skipped=0 pct_x10=1000
[11:17:45] [info] primitive tally block 0: clear=200(hr=200) fill=0(hr=0) rect=0(hr=0) line=0(hr=0) tint=0 spotlight=0 (over 100 flips ending at flip 700)
[11:17:45] [info] phase timing block 0: drawcalls=11537 dc_total_ms=856 flip_inner_total_ms=175 inter_flip_total_ms=5764 (per-flip avg x10: dc_ms=85 fi_ms=17 if_ms=576 derived audio+engine_ms=474; per-drawcall avg us_x10=742) [direct-vesa: presents=100 total_ms=115 avg_ms_x10=11 failed=0] [ablation: NO_DC_TIMING=0 CACHE_WINSURF=0 DIRECT_VESA=1]
[11:17:45] [info] kbd/audio block 0: kbd_irq=0 kbd_drain=0 ring_chunks=16 pump_pass=1471 pic1_mask=0xb8 first_irq_ticks=0 install_ticks=0 vector_at_install=0x0083a078 pic1_mask_live=0xb8 kbd_8042_stat=0x34 bios_kbd_head=0x002a bios_kbd_tail=0x002a bios_kbd_buf0=0x1970
[11:17:45] [info] dirty-rect block @flip=700: total_calls=0 dirty_rects_avg=1 dirty_pct_x10=1000 forced_full=0 first_n_force=0 threshold_exceeded=0 dirty_path_taken=0 full_flush_taken=0
[11:17:45] [info] prev-frame-diff block @flip=700: diff_calls=0 diff_rects_avg=0 diff_dirty_pct_x10=0 bbox_pct_x10=0 bbox_thresh_exceeded=0
[11:17:46] [info] flip-probe: flip #710 ok=true present=5ms inter_flip_ms=56 drawcalls-since-flip=341 drawcalls-total=64519 fail-total=0 null-skips-total=0
[11:17:46] [info]  >> Entering stage 11: 'Mimiga Village'.
[11:17:46] [info] [skip-sheet-flush] cave=5
[11:17:47] [info] [load-stage] preloading entry music song=9 (cave=5)
[11:17:47] [info] opl2 backend: on_song_stop
[11:17:47] [info] MidiScheduler::load: parsed 'data/orgmid2/mura.mid' = 7123 events at 48 PPQ
[11:17:47] [info] opl2 backend: on_song_start
[11:17:47] [info] gameloop: entered (curmap=11, running=1)
[11:17:47] [info] gameloop: iter 1 ticks=50916 mapno=-1
[11:17:47] [info] mds-clear-lut: rebuilt N=240 entries (k_skip=0% k_keep=100%; curmap=11 map_size=60x60; rebuild #3 since boot)
[11:17:47] [info] gameloop: iter 2 ticks=51028 mapno=-1
[11:17:47] [info] gameloop: iter 3 ticks=51083 mapno=-1
[11:17:47] [info] flip-probe: flip #720 ok=true present=-1ms inter_flip_ms=105 drawcalls-since-flip=300 drawcalls-total=67904 fail-total=0 null-skips-total=0
[11:17:48] [info] tas: stall frame 326 ms -> contributing 1 tick (patch 0286)
[11:17:48] [info] backdrop cache: thrashing-detect engaged (streak=4, route=direct)
[11:17:48] [info] flip-probe: flip #730 ok=true present=6ms inter_flip_ms=50 drawcalls-since-flip=41 drawcalls-total=69122 fail-total=0 null-skips-total=0
[11:17:48] [info] flip-probe: flip #740 ok=true present=-3ms inter_flip_ms=52 drawcalls-since-flip=41 drawcalls-total=69532 fail-total=0 null-skips-total=0
[11:17:49] [info] flip-probe: flip #750 ok=true present=52ms inter_flip_ms=4 drawcalls-since-flip=41 drawcalls-total=69942 fail-total=0 null-skips-total=0
[11:17:49] [info] flip-probe: flip #760 ok=true present=-2ms inter_flip_ms=59 drawcalls-since-flip=41 drawcalls-total=70352 fail-total=0 null-skips-total=0
[11:17:50] [info] flip-probe: flip #770 ok=true present=-3ms inter_flip_ms=59 drawcalls-since-flip=43 drawcalls-total=70768 fail-total=0 null-skips-total=0
[11:17:50] [info] flip-probe: flip #780 ok=true present=-3ms inter_flip_ms=-2 drawcalls-since-flip=42 drawcalls-total=71186 fail-total=0 null-skips-total=0
[11:17:50] [info] backdrop cache: thrashing-detect engaged (streak=64, route=direct)
[11:17:51] [info] flip-probe: flip #790 ok=true present=6ms inter_flip_ms=53 drawcalls-since-flip=42 drawcalls-total=71599 fail-total=0 null-skips-total=0
[11:17:51] [info] flip-probe: flip #800 ok=true present=-2ms inter_flip_ms=59 drawcalls-since-flip=42 drawcalls-total=72019 fail-total=0 null-skips-total=0
[11:17:51] [info] alpha audit block 0: 8104 total drawcalls, 0 with alpha<255 (block pct_x10=0; global 0/66495 pct_x10=0); alpha-mod skipped: block=0 global=0
[11:17:51] [info] fastpath audit block 0: taken=8104 (idx8=8104) skipped=0 pct_x10=1000; global taken=66495 (idx8=66495) skipped=0 pct_x10=1000
[11:17:51] [info] primitive tally block 0: clear=201(hr=201) fill=0(hr=0) rect=0(hr=0) line=0(hr=0) tint=0 spotlight=0 (over 100 flips ending at flip 800)
[11:17:51] [info] color/alpha audit block 0: cmod_white=1105 cmod_black=1105 (idx=1105) cmod_general=0 (idx=0) cmod_fb=0; alpha_taken=0 alpha_skipped=0 (global cmod=5793/4225/714/0 idx=4225/714 alpha=0/0)
[11:17:51] [info] phase timing block 0: drawcalls=10524 dc_total_ms=1353 flip_inner_total_ms=782 inter_flip_total_ms=5938 (per-flip avg x10: dc_ms=135 fi_ms=78 if_ms=593 derived audio+engine_ms=380; per-drawcall avg us_x10=1285) [direct-vesa: presents=100 total_ms=388 avg_ms_x10=38 failed=0] [ablation: NO_DC_TIMING=0 CACHE_WINSURF=0 DIRECT_VESA=1]
[11:17:51] [info] kbd/audio block 0: kbd_irq=0 kbd_drain=0 ring_chunks=16 pump_pass=1712 pic1_mask=0xb8 first_irq_ticks=0 install_ticks=0 vector_at_install=0x0083a078 pic1_mask_live=0xb8 kbd_8042_stat=0x34 bios_kbd_head=0x002a bios_kbd_tail=0x002a bios_kbd_buf0=0x1970
[11:17:51] [info] dirty-rect block @flip=800: total_calls=0 dirty_rects_avg=1 dirty_pct_x10=1000 forced_full=0 first_n_force=0 threshold_exceeded=0 dirty_path_taken=0 full_flush_taken=0
[11:17:51] [info] prev-frame-diff block @flip=800: diff_calls=0 diff_rects_avg=0 diff_dirty_pct_x10=0 bbox_pct_x10=0 bbox_thresh_exceeded=0
[11:17:51] [info] flip-probe: flip #810 ok=true present=-3ms inter_flip_ms=59 drawcalls-since-flip=42 drawcalls-total=72446 fail-total=0 null-skips-total=0
[11:17:52] [info] flip-probe: flip #820 ok=true present=-3ms inter_flip_ms=58 drawcalls-since-flip=42 drawcalls-total=72866 fail-total=0 null-skips-total=0
[11:17:52] [info] flip-probe: flip #830 ok=true present=-3ms inter_flip_ms=60 drawcalls-since-flip=43 drawcalls-total=73287 fail-total=0 null-skips-total=0
[11:17:53] [info] flip-probe: flip #840 ok=true present=-2ms inter_flip_ms=2 drawcalls-since-flip=18 drawcalls-total=73589 fail-total=0 null-skips-total=0
[11:17:53] [info] run_tick_fixed #1800: heartbeat (loop alive)
[11:17:53] [info] backdrop cache: thrashing-detect engaged (streak=124, route=direct)
[11:17:53] [info] flip-probe: flip #850 ok=true present=-3ms inter_flip_ms=54 drawcalls-since-flip=18 drawcalls-total=73769 fail-total=0 null-skips-total=0
[11:17:54] [info] flip-probe: flip #860 ok=true present=-3ms inter_flip_ms=57 drawcalls-since-flip=18 drawcalls-total=73949 fail-total=0 null-skips-total=0
[11:17:54] [info] flip-probe: flip #870 ok=true present=6ms inter_flip_ms=53 drawcalls-since-flip=17 drawcalls-total=74123 fail-total=0 null-skips-total=0
[11:17:54] [info] flip-probe: flip #880 ok=true present=-3ms inter_flip_ms=53 drawcalls-since-flip=17 drawcalls-total=74289 fail-total=0 null-skips-total=0
[11:17:55] [info] flip-probe: flip #890 ok=true present=-3ms inter_flip_ms=-2 drawcalls-since-flip=16 drawcalls-total=74456 fail-total=0 null-skips-total=0
[11:17:55] [info] flip-probe: flip #900 ok=true present=-3ms inter_flip_ms=4 drawcalls-since-flip=16 drawcalls-total=74616 fail-total=0 null-skips-total=0
[11:17:55] [info] alpha audit block 0: 2042 total drawcalls, 0 with alpha<255 (block pct_x10=0; global 0/68537 pct_x10=0); alpha-mod skipped: block=0 global=0
[11:17:55] [info] fastpath audit block 0: taken=2042 (idx8=2042) skipped=0 pct_x10=1000; global taken=68537 (idx8=68537) skipped=0 pct_x10=1000
[11:17:55] [info] primitive tally block 0: clear=200(hr=200) fill=0(hr=0) rect=0(hr=0) line=0(hr=0) tint=0 spotlight=0 (over 100 flips ending at flip 900)
[11:17:55] [info] color/alpha audit block 0: cmod_white=455 cmod_black=455 (idx=455) cmod_general=0 (idx=0) cmod_fb=0; alpha_taken=0 alpha_skipped=0 (global cmod=6248/4680/714/0 idx=4680/714 alpha=0/0)
[11:17:55] [info] phase timing block 0: drawcalls=3152 dc_total_ms=819 flip_inner_total_ms=328 inter_flip_total_ms=4065 (per-flip avg x10: dc_ms=81 fi_ms=32 if_ms=406 derived audio+engine_ms=293; per-drawcall avg us_x10=2599) [direct-vesa: presents=100 total_ms=286 avg_ms_x10=28 failed=0] [ablation: NO_DC_TIMING=0 CACHE_WINSURF=0 DIRECT_VESA=1]
[11:17:55] [info] kbd/audio block 0: kbd_irq=0 kbd_drain=0 ring_chunks=16 pump_pass=1919 pic1_mask=0xb8 first_irq_ticks=0 install_ticks=0 vector_at_install=0x0083a078 pic1_mask_live=0xb8 kbd_8042_stat=0x34 bios_kbd_head=0x002a bios_kbd_tail=0x002a bios_kbd_buf0=0x1970
[11:17:55] [info] dirty-rect block @flip=900: total_calls=0 dirty_rects_avg=1 dirty_pct_x10=1000 forced_full=0 first_n_force=0 threshold_exceeded=0 dirty_path_taken=0 full_flush_taken=0
[11:17:55] [info] prev-frame-diff block @flip=900: diff_calls=0 diff_rects_avg=0 diff_dirty_pct_x10=0 bbox_pct_x10=0 bbox_thresh_exceeded=0
[11:17:55] [info] backdrop cache: thrashing-detect engaged (streak=184, route=direct)
[11:17:56] [info] flip-probe: flip #910 ok=true present=-2ms inter_flip_ms=-1 drawcalls-since-flip=16 drawcalls-total=74776 fail-total=0 null-skips-total=0
[11:17:56] [info] flip-probe: flip #920 ok=true present=-2ms inter_flip_ms=-1 drawcalls-since-flip=16 drawcalls-total=74936 fail-total=0 null-skips-total=0
[11:17:56] [info] flip-probe: flip #930 ok=true present=-3ms inter_flip_ms=4 drawcalls-since-flip=27 drawcalls-total=75151 fail-total=0 null-skips-total=0
[11:17:57] [info] flip-probe: flip #940 ok=true present=-2ms inter_flip_ms=57 drawcalls-since-flip=27 drawcalls-total=75421 fail-total=0 null-skips-total=0
[11:17:57] [info] flip-probe: flip #950 ok=true present=-3ms inter_flip_ms=56 drawcalls-since-flip=21 drawcalls-total=75648 fail-total=0 null-skips-total=0
[11:17:57] [info] flip-probe: flip #960 ok=true present=-2ms inter_flip_ms=59 drawcalls-since-flip=17 drawcalls-total=75840 fail-total=0 null-skips-total=0
[11:17:58] [info] backdrop cache: thrashing-detect engaged (streak=244, route=direct)
[11:17:58] [info] flip-probe: flip #970 ok=true present=53ms inter_flip_ms=57 drawcalls-since-flip=305 drawcalls-total=78380 fail-total=0 null-skips-total=0
[11:17:58] [info]  >> Entering stage 15: 'Reservoir'.
[11:17:58] [info] [skip-sheet-flush] cave=6
[11:17:59] [info] [load-stage] preloading entry music song=9 (cave=6)
[11:17:59] [info] gameloop: entered (curmap=15, running=1)
[11:17:59] [info] gameloop: iter 1 ticks=62781 mapno=-1
[11:17:59] [info] mds-clear-lut: rebuilt N=240 entries (k_skip=13% k_keep=87%; curmap=15 map_size=40x20; rebuild #4 since boot)
[11:17:59] [info] gameloop: iter 2 ticks=62889 mapno=-1
[11:17:59] [info] gameloop: iter 3 ticks=62951 mapno=-1
[11:17:59] [info] flip-probe: flip #980 ok=true present=-3ms inter_flip_ms=53 drawcalls-since-flip=141 drawcalls-total=80839 fail-total=0 null-skips-total=0
[11:18:00] [info] flip-probe: flip #990 ok=true present=-3ms inter_flip_ms=54 drawcalls-since-flip=32 drawcalls-total=81242 fail-total=0 null-skips-total=0
[11:18:00] [info] flip-probe: flip #1000 ok=true present=53ms inter_flip_ms=0 drawcalls-since-flip=32 drawcalls-total=81562 fail-total=0 null-skips-total=0
[11:18:00] [info] alpha audit block 0: 6585 total drawcalls, 0 with alpha<255 (block pct_x10=0; global 0/75122 pct_x10=0); alpha-mod skipped: block=0 global=0
[11:18:00] [info] fastpath audit block 0: taken=6585 (idx8=6585) skipped=0 pct_x10=1000; global taken=75122 (idx8=75122) skipped=0 pct_x10=1000
[11:18:00] [info] primitive tally block 0: clear=201(hr=201) fill=0(hr=0) rect=0(hr=0) line=0(hr=0) tint=0 spotlight=0 (over 100 flips ending at flip 1000)
[11:18:00] [info] color/alpha audit block 0: cmod_white=261 cmod_black=261 (idx=261) cmod_general=0 (idx=0) cmod_fb=0; alpha_taken=0 alpha_skipped=0 (global cmod=6509/4941/714/0 idx=4941/714 alpha=0/0)
[11:18:00] [info] phase timing block 0: drawcalls=7337 dc_total_ms=719 flip_inner_total_ms=498 inter_flip_total_ms=4997 (per-flip avg x10: dc_ms=71 fi_ms=49 if_ms=499 derived audio+engine_ms=379; per-drawcall avg us_x10=980) [direct-vesa: presents=100 total_ms=491 avg_ms_x10=49 failed=0] [ablation: NO_DC_TIMING=0 CACHE_WINSURF=0 DIRECT_VESA=1]
[11:18:00] [info] kbd/audio block 0: kbd_irq=0 kbd_drain=0 ring_chunks=16 pump_pass=2140 pic1_mask=0xb8 first_irq_ticks=0 install_ticks=0 vector_at_install=0x0083a078 pic1_mask_live=0xb8 kbd_8042_stat=0x34 bios_kbd_head=0x002a bios_kbd_tail=0x002a bios_kbd_buf0=0x1970
[11:18:00] [info] dirty-rect block @flip=1000: total_calls=0 dirty_rects_avg=1 dirty_pct_x10=1000 forced_full=0 first_n_force=0 threshold_exceeded=0 dirty_path_taken=0 full_flush_taken=0
[11:18:00] [info] prev-frame-diff block @flip=1000: diff_calls=0 diff_rects_avg=0 diff_dirty_pct_x10=0 bbox_pct_x10=0 bbox_thresh_exceeded=0
[11:18:01] [info] flip-probe: flip #1010 ok=true present=-3ms inter_flip_ms=56 drawcalls-since-flip=32 drawcalls-total=81882 fail-total=0 null-skips-total=0
[11:18:01] [info] backdrop cache: thrashing-detect engaged (streak=4, route=direct)
[11:18:01] [info] flip-probe: flip #1020 ok=true present=-3ms inter_flip_ms=53 drawcalls-since-flip=34 drawcalls-total=82223 fail-total=0 null-skips-total=0
[11:18:01] [info] flip-probe: flip #1030 ok=true present=5ms inter_flip_ms=55 drawcalls-since-flip=33 drawcalls-total=82567 fail-total=0 null-skips-total=0
[11:18:02] [info] flip-probe: flip #1040 ok=true present=-3ms inter_flip_ms=57 drawcalls-since-flip=32 drawcalls-total=82887 fail-total=0 null-skips-total=0
[11:18:02] [info] flip-probe: flip #1050 ok=true present=53ms inter_flip_ms=6 drawcalls-since-flip=33 drawcalls-total=83211 fail-total=0 null-skips-total=0
[11:18:03] [info] flip-probe: flip #1060 ok=true present=-3ms inter_flip_ms=61 drawcalls-since-flip=33 drawcalls-total=83540 fail-total=0 null-skips-total=0
[11:18:03] [info] flip-probe: flip #1070 ok=true present=-3ms inter_flip_ms=59 drawcalls-since-flip=34 drawcalls-total=83879 fail-total=0 null-skips-total=0
[11:18:03] [info] backdrop cache: thrashing-detect engaged (streak=64, route=direct)
[11:18:03] [info] flip-probe: flip #1080 ok=true present=-3ms inter_flip_ms=0 drawcalls-since-flip=36 drawcalls-total=84228 fail-total=0 null-skips-total=0
[11:18:04] [info] flip-probe: flip #1090 ok=true present=-2ms inter_flip_ms=2 drawcalls-since-flip=36 drawcalls-total=84585 fail-total=0 null-skips-total=0
[11:18:04] [info] flip-probe: flip #1100 ok=true present=-3ms inter_flip_ms=8 drawcalls-since-flip=18 drawcalls-total=84783 fail-total=0 null-skips-total=0
[11:18:04] [info] alpha audit block 0: 2302 total drawcalls, 0 with alpha<255 (block pct_x10=0; global 0/77424 pct_x10=0); alpha-mod skipped: block=0 global=0
[11:18:04] [info] fastpath audit block 0: taken=2302 (idx8=2302) skipped=0 pct_x10=1000; global taken=77424 (idx8=77424) skipped=0 pct_x10=1000
[11:18:04] [info] primitive tally block 0: clear=200(hr=200) fill=0(hr=0) rect=0(hr=0) line=0(hr=0) tint=0 spotlight=0 (over 100 flips ending at flip 1100)
[11:18:04] [info] color/alpha audit block 0: cmod_white=819 cmod_black=819 (idx=819) cmod_general=0 (idx=0) cmod_fb=0; alpha_taken=0 alpha_skipped=0 (global cmod=7328/5760/714/0 idx=5760/714 alpha=0/0)
[11:18:04] [info] phase timing block 0: drawcalls=4152 dc_total_ms=792 flip_inner_total_ms=409 inter_flip_total_ms=4011 (per-flip avg x10: dc_ms=79 fi_ms=40 if_ms=401 derived audio+engine_ms=282; per-drawcall avg us_x10=1909) [direct-vesa: presents=100 total_ms=267 avg_ms_x10=26 failed=0] [ablation: NO_DC_TIMING=0 CACHE_WINSURF=0 DIRECT_VESA=1]
[11:18:04] [info] kbd/audio block 0: kbd_irq=0 kbd_drain=0 ring_chunks=16 pump_pass=2342 pic1_mask=0xb8 first_irq_ticks=0 install_ticks=0 vector_at_install=0x0083a078 pic1_mask_live=0xb8 kbd_8042_stat=0x34 bios_kbd_head=0x002a bios_kbd_tail=0x002a bios_kbd_buf0=0x1970
[11:18:04] [info] dirty-rect block @flip=1100: total_calls=0 dirty_rects_avg=1 dirty_pct_x10=1000 forced_full=0 first_n_force=0 threshold_exceeded=0 dirty_path_taken=0 full_flush_taken=0
[11:18:04] [info] prev-frame-diff block @flip=1100: diff_calls=0 diff_rects_avg=0 diff_dirty_pct_x10=0 bbox_pct_x10=0 bbox_thresh_exceeded=0
[11:18:05] [info] flip-probe: flip #1110 ok=true present=5ms inter_flip_ms=52 drawcalls-since-flip=17 drawcalls-total=84957 fail-total=0 null-skips-total=0
[11:18:05] [info] flip-probe: flip #1120 ok=true present=-2ms inter_flip_ms=55 drawcalls-since-flip=18 drawcalls-total=85126 fail-total=0 null-skips-total=0
[11:18:05] [info] flip-probe: flip #1130 ok=true present=-2ms inter_flip_ms=54 drawcalls-since-flip=18 drawcalls-total=85309 fail-total=0 null-skips-total=0
[11:18:05] [info] backdrop cache: thrashing-detect engaged (streak=124, route=direct)
[11:18:06] [info] flip-probe: flip #1140 ok=true present=-3ms inter_flip_ms=59 drawcalls-since-flip=18 drawcalls-total=85489 fail-total=0 null-skips-total=0
[11:18:06] [info] flip-probe: flip #1150 ok=true present=-3ms inter_flip_ms=2 drawcalls-since-flip=16 drawcalls-total=85658 fail-total=0 null-skips-total=0
[11:18:06] [info] flip-probe: flip #1160 ok=true present=-2ms inter_flip_ms=55 drawcalls-since-flip=14 drawcalls-total=85803 fail-total=0 null-skips-total=0
[11:18:07] [info] flip-probe: flip #1170 ok=true present=-3ms inter_flip_ms=51 drawcalls-since-flip=17 drawcalls-total=85954 fail-total=0 null-skips-total=0
[11:18:07] [info] flip-probe: flip #1180 ok=true present=5ms inter_flip_ms=54 drawcalls-since-flip=17 drawcalls-total=86124 fail-total=0 null-skips-total=0
[11:18:08] [info] flip-probe: flip #1190 ok=true present=-2ms inter_flip_ms=55 drawcalls-since-flip=16 drawcalls-total=86291 fail-total=0 null-skips-total=0
[11:18:08] [info] backdrop cache: thrashing-detect engaged (streak=4, route=direct)
[11:18:08] [info] flip-probe: flip #1200 ok=true present=-2ms inter_flip_ms=58 drawcalls-since-flip=14 drawcalls-total=86437 fail-total=0 null-skips-total=0
[11:18:08] [info] alpha audit block 0: 1554 total drawcalls, 0 with alpha<255 (block pct_x10=0; global 0/78978 pct_x10=0); alpha-mod skipped: block=0 global=0
[11:18:08] [info] fastpath audit block 0: taken=1554 (idx8=1554) skipped=0 pct_x10=1000; global taken=78978 (idx8=78978) skipped=0 pct_x10=1000
[11:18:08] [info] primitive tally block 0: clear=200(hr=200) fill=0(hr=0) rect=0(hr=0) line=0(hr=0) tint=0 spotlight=0 (over 100 flips ending at flip 1200)
[11:18:08] [info] phase timing block 0: drawcalls=1784 dc_total_ms=830 flip_inner_total_ms=343 inter_flip_total_ms=3842 (per-flip avg x10: dc_ms=83 fi_ms=34 if_ms=384 derived audio+engine_ms=267; per-drawcall avg us_x10=4653) [direct-vesa: presents=100 total_ms=252 avg_ms_x10=25 failed=0] [ablation: NO_DC_TIMING=0 CACHE_WINSURF=0 DIRECT_VESA=1]
[11:18:08] [info] kbd/audio block 0: kbd_irq=0 kbd_drain=0 ring_chunks=16 pump_pass=2534 pic1_mask=0xb8 first_irq_ticks=0 install_ticks=0 vector_at_install=0x0083a078 pic1_mask_live=0xb8 kbd_8042_stat=0x34 bios_kbd_head=0x002a bios_kbd_tail=0x002a bios_kbd_buf0=0x1970
[11:18:08] [info] dirty-rect block @flip=1200: total_calls=0 dirty_rects_avg=1 dirty_pct_x10=1000 forced_full=0 first_n_force=0 threshold_exceeded=0 dirty_path_taken=0 full_flush_taken=0
[11:18:08] [info] prev-frame-diff block @flip=1200: diff_calls=0 diff_rects_avg=0 diff_dirty_pct_x10=0 bbox_pct_x10=0 bbox_thresh_exceeded=0
[11:18:08] [info] flip-probe: flip #1210 ok=true present=-3ms inter_flip_ms=55 drawcalls-since-flip=14 drawcalls-total=86577 fail-total=0 null-skips-total=0
[11:18:09] [info] flip-probe: flip #1220 ok=true present=6ms inter_flip_ms=50 drawcalls-since-flip=14 drawcalls-total=86717 fail-total=0 null-skips-total=0
[11:18:09] [info] flip-probe: flip #1230 ok=true present=-3ms inter_flip_ms=-2 drawcalls-since-flip=14 drawcalls-total=86857 fail-total=0 null-skips-total=0
[11:18:09] [info] flip-probe: flip #1240 ok=true present=6ms inter_flip_ms=51 drawcalls-since-flip=14 drawcalls-total=86997 fail-total=0 null-skips-total=0
[11:18:10] [info] flip-probe: flip #1250 ok=true present=6ms inter_flip_ms=54 drawcalls-since-flip=14 drawcalls-total=87137 fail-total=0 null-skips-total=0
[11:18:10] [info] backdrop cache: thrashing-detect engaged (streak=64, route=direct)
[11:18:10] [info] flip-probe: flip #1260 ok=true present=-3ms inter_flip_ms=58 drawcalls-since-flip=14 drawcalls-total=87277 fail-total=0 null-skips-total=0
[11:18:11] [info] flip-probe: flip #1270 ok=true present=-3ms inter_flip_ms=-2 drawcalls-since-flip=14 drawcalls-total=87417 fail-total=0 null-skips-total=0
[11:18:11] [info] flip-probe: flip #1280 ok=true present=5ms inter_flip_ms=51 drawcalls-since-flip=14 drawcalls-total=87557 fail-total=0 null-skips-total=0
[11:18:11] [info] flip-probe: flip #1290 ok=true present=-3ms inter_flip_ms=53 drawcalls-since-flip=14 drawcalls-total=87697 fail-total=0 null-skips-total=0
[11:18:12] [info] flip-probe: flip #1300 ok=true present=-2ms inter_flip_ms=107 drawcalls-since-flip=318 drawcalls-total=90018 fail-total=0 null-skips-total=0
[11:18:12] [info] alpha audit block 0: 3481 total drawcalls, 0 with alpha<255 (block pct_x10=0; global 0/82459 pct_x10=0); alpha-mod skipped: block=0 global=0
[11:18:12] [info] fastpath audit block 0: taken=3481 (idx8=3481) skipped=0 pct_x10=1000; global taken=82459 (idx8=82459) skipped=0 pct_x10=1000
[11:18:12] [info] primitive tally block 0: clear=200(hr=200) fill=0(hr=0) rect=0(hr=0) line=0(hr=0) tint=0 spotlight=0 (over 100 flips ending at flip 1300)
[11:18:12] [info] phase timing block 0: drawcalls=3681 dc_total_ms=696 flip_inner_total_ms=425 inter_flip_total_ms=3897 (per-flip avg x10: dc_ms=69 fi_ms=42 if_ms=389 derived audio+engine_ms=278; per-drawcall avg us_x10=1892) [direct-vesa: presents=100 total_ms=277 avg_ms_x10=27 failed=0] [ablation: NO_DC_TIMING=0 CACHE_WINSURF=0 DIRECT_VESA=1]
[11:18:12] [info] kbd/audio block 0: kbd_irq=0 kbd_drain=0 ring_chunks=16 pump_pass=2727 pic1_mask=0xb8 first_irq_ticks=0 install_ticks=0 vector_at_install=0x0083a078 pic1_mask_live=0xb8 kbd_8042_stat=0x34 bios_kbd_head=0x002a bios_kbd_tail=0x002a bios_kbd_buf0=0x1970
[11:18:12] [info] dirty-rect block @flip=1300: total_calls=0 dirty_rects_avg=1 dirty_pct_x10=1000 forced_full=0 first_n_force=0 threshold_exceeded=0 dirty_path_taken=0 full_flush_taken=0
[11:18:12] [info] prev-frame-diff block @flip=1300: diff_calls=0 diff_rects_avg=0 diff_dirty_pct_x10=0 bbox_pct_x10=0 bbox_thresh_exceeded=0
[11:18:12] [info] tas: stall frame 169 ms -> contributing 1 tick (patch 0286)
[11:18:12] [info]  >> Entering stage 11: 'Mimiga Village'.
[11:18:12] [info] [skip-sheet-flush] cave=7
[11:18:13] [info] [load-stage] preloading entry music song=9 (cave=7)
[11:18:13] [info] gameloop: entered (curmap=11, running=1)
[11:18:13] [info] gameloop: iter 1 ticks=76735 mapno=-1
[11:18:13] [info] mds-clear-lut: rebuilt N=240 entries (k_skip=0% k_keep=100%; curmap=11 map_size=60x60; rebuild #5 since boot)
[11:18:13] [info] gameloop: iter 2 ticks=76840 mapno=-1
[11:18:13] [info] gameloop: iter 3 ticks=76895 mapno=-1
[11:18:13] [info] flip-probe: flip #1310 ok=true present=6ms inter_flip_ms=108 drawcalls-since-flip=271 drawcalls-total=92886 fail-total=0 null-skips-total=0
[11:18:14] [info] flip-probe: flip #1320 ok=true present=0ms inter_flip_ms=55 drawcalls-since-flip=42 drawcalls-total=93630 fail-total=0 null-skips-total=0
[11:18:14] [info] flip-probe: flip #1330 ok=true present=-2ms inter_flip_ms=55 drawcalls-since-flip=42 drawcalls-total=94050 fail-total=0 null-skips-total=0
[11:18:14] [info] flip-probe: flip #1340 ok=true present=6ms inter_flip_ms=56 drawcalls-since-flip=42 drawcalls-total=94470 fail-total=0 null-skips-total=0
[11:18:15] [info] flip-probe: flip #1350 ok=true present=-2ms inter_flip_ms=55 drawcalls-since-flip=54 drawcalls-total=94964 fail-total=0 null-skips-total=0
[11:18:15] [info] backdrop cache: thrashing-detect engaged (streak=4, route=direct)
[11:18:15] [info] flip-probe: flip #1360 ok=true present=5ms inter_flip_ms=-4 drawcalls-since-flip=50 drawcalls-total=95466 fail-total=0 null-skips-total=0
[11:18:16] [info] flip-probe: flip #1370 ok=true present=-3ms inter_flip_ms=54 drawcalls-since-flip=45 drawcalls-total=95934 fail-total=0 null-skips-total=0
[11:18:16] [info] flip-probe: flip #1380 ok=true present=-2ms inter_flip_ms=53 drawcalls-since-flip=42 drawcalls-total=96363 fail-total=0 null-skips-total=0
[11:18:17] [info] flip-probe: flip #1390 ok=true present=-2ms inter_flip_ms=51 drawcalls-since-flip=43 drawcalls-total=96792 fail-total=0 null-skips-total=0
[11:18:17] [info] flip-probe: flip #1400 ok=true present=53ms inter_flip_ms=1 drawcalls-since-flip=47 drawcalls-total=97236 fail-total=0 null-skips-total=0
[11:18:17] [info] alpha audit block 0: 5870 total drawcalls, 0 with alpha<255 (block pct_x10=0; global 0/88329 pct_x10=0); alpha-mod skipped: block=0 global=0
[11:18:17] [info] fastpath audit block 0: taken=5870 (idx8=5870) skipped=0 pct_x10=1000; global taken=88329 (idx8=88329) skipped=0 pct_x10=1000
[11:18:17] [info] primitive tally block 0: clear=201(hr=201) fill=0(hr=0) rect=0(hr=0) line=0(hr=0) tint=0 spotlight=0 (over 100 flips ending at flip 1400)
[11:18:17] [info] color/alpha audit block 0: cmod_white=1248 cmod_black=1248 (idx=1248) cmod_general=0 (idx=0) cmod_fb=0; alpha_taken=0 alpha_skipped=0 (global cmod=8576/7008/714/0 idx=7008/714 alpha=0/0)
[11:18:17] [info] phase timing block 0: drawcalls=8616 dc_total_ms=1192 flip_inner_total_ms=326 inter_flip_total_ms=5221 (per-flip avg x10: dc_ms=119 fi_ms=32 if_ms=522 derived audio+engine_ms=371; per-drawcall avg us_x10=1383) [direct-vesa: presents=100 total_ms=310 avg_ms_x10=31 failed=0] [ablation: NO_DC_TIMING=0 CACHE_WINSURF=0 DIRECT_VESA=1]
[11:18:17] [info] kbd/audio block 0: kbd_irq=0 kbd_drain=0 ring_chunks=16 pump_pass=2954 pic1_mask=0xb8 first_irq_ticks=0 install_ticks=0 vector_at_install=0x0083a078 pic1_mask_live=0xb8 kbd_8042_stat=0x34 bios_kbd_head=0x002a bios_kbd_tail=0x002a bios_kbd_buf0=0x1970
[11:18:17] [info] dirty-rect block @flip=1400: total_calls=0 dirty_rects_avg=1 dirty_pct_x10=1000 forced_full=0 first_n_force=0 threshold_exceeded=0 dirty_path_taken=0 full_flush_taken=0
[11:18:17] [info] prev-frame-diff block @flip=1400: diff_calls=0 diff_rects_avg=0 diff_dirty_pct_x10=0 bbox_pct_x10=0 bbox_thresh_exceeded=0
[11:18:18] [info] flip-probe: flip #1410 ok=true present=-2ms inter_flip_ms=54 drawcalls-since-flip=45 drawcalls-total=97689 fail-total=0 null-skips-total=0
[11:18:18] [info] backdrop cache: thrashing-detect engaged (streak=64, route=direct)
[11:18:18] [info] tas: stall frame 219 ms -> contributing 1 tick (patch 0286)
[11:18:18] [info] flip-probe: flip #1420 ok=true present=-3ms inter_flip_ms=5 drawcalls-since-flip=45 drawcalls-total=98139 fail-total=0 null-skips-total=0
[11:18:19] [info] flip-probe: flip #1430 ok=true present=6ms inter_flip_ms=50 drawcalls-since-flip=19 drawcalls-total=98433 fail-total=0 null-skips-total=0
[11:18:19] [info] flip-probe: flip #1440 ok=true present=-3ms inter_flip_ms=57 drawcalls-since-flip=19 drawcalls-total=98623 fail-total=0 null-skips-total=0
[11:18:19] [info] flip-probe: flip #1450 ok=true present=5ms inter_flip_ms=51 drawcalls-since-flip=18 drawcalls-total=98812 fail-total=0 null-skips-total=0
[11:18:20] [info] flip-probe: flip #1460 ok=true present=-3ms inter_flip_ms=57 drawcalls-since-flip=18 drawcalls-total=98992 fail-total=0 null-skips-total=0
[11:18:20] [info] flip-probe: flip #1470 ok=true present=-2ms inter_flip_ms=54 drawcalls-since-flip=18 drawcalls-total=99172 fail-total=0 null-skips-total=0
[11:18:20] [info] backdrop cache: thrashing-detect engaged (streak=124, route=direct)
[11:18:21] [info] flip-probe: flip #1480 ok=true present=6ms inter_flip_ms=56 drawcalls-since-flip=17 drawcalls-total=99343 fail-total=0 null-skips-total=0
[11:18:21] [info] flip-probe: flip #1490 ok=true present=-3ms inter_flip_ms=3 drawcalls-since-flip=18 drawcalls-total=99516 fail-total=0 null-skips-total=0
[11:18:21] [info] flip-probe: flip #1500 ok=true present=6ms inter_flip_ms=-2 drawcalls-since-flip=19 drawcalls-total=99701 fail-total=0 null-skips-total=0
[11:18:21] [info] alpha audit block 0: 2053 total drawcalls, 0 with alpha<255 (block pct_x10=0; global 0/90382 pct_x10=0); alpha-mod skipped: block=0 global=0
[11:18:21] [info] fastpath audit block 0: taken=2053 (idx8=2053) skipped=0 pct_x10=1000; global taken=90382 (idx8=90382) skipped=0 pct_x10=1000
[11:18:21] [info] primitive tally block 0: clear=200(hr=200) fill=0(hr=0) rect=0(hr=0) line=0(hr=0) tint=0 spotlight=0 (over 100 flips ending at flip 1500)
[11:18:21] [info] color/alpha audit block 0: cmod_white=312 cmod_black=312 (idx=312) cmod_general=0 (idx=0) cmod_fb=0; alpha_taken=0 alpha_skipped=0 (global cmod=8888/7320/714/0 idx=7320/714 alpha=0/0)
[11:18:21] [info] phase timing block 0: drawcalls=2877 dc_total_ms=434 flip_inner_total_ms=377 inter_flip_total_ms=4281 (per-flip avg x10: dc_ms=43 fi_ms=37 if_ms=428 derived audio+engine_ms=348; per-drawcall avg us_x10=1510) [direct-vesa: presents=100 total_ms=341 avg_ms_x10=34 failed=0] [ablation: NO_DC_TIMING=0 CACHE_WINSURF=0 DIRECT_VESA=1]
[11:18:21] [info] kbd/audio block 0: kbd_irq=0 kbd_drain=0 ring_chunks=16 pump_pass=3159 pic1_mask=0xb8 first_irq_ticks=0 install_ticks=0 vector_at_install=0x0083a078 pic1_mask_live=0xb8 kbd_8042_stat=0x34 bios_kbd_head=0x002a bios_kbd_tail=0x002a bios_kbd_buf0=0x1970
[11:18:21] [info] dirty-rect block @flip=1500: total_calls=0 dirty_rects_avg=1 dirty_pct_x10=1000 forced_full=0 first_n_force=0 threshold_exceeded=0 dirty_path_taken=0 full_flush_taken=0
[11:18:21] [info] prev-frame-diff block @flip=1500: diff_calls=0 diff_rects_avg=0 diff_dirty_pct_x10=0 bbox_pct_x10=0 bbox_thresh_exceeded=0
[11:18:22] [info] flip-probe: flip #1510 ok=true present=5ms inter_flip_ms=56 drawcalls-since-flip=19 drawcalls-total=99891 fail-total=0 null-skips-total=0
[11:18:22] [info] flip-probe: flip #1520 ok=true present=5ms inter_flip_ms=55 drawcalls-since-flip=19 drawcalls-total=100081 fail-total=0 null-skips-total=0
[11:18:23] [info] flip-probe: flip #1530 ok=true present=-2ms inter_flip_ms=56 drawcalls-since-flip=18 drawcalls-total=100261 fail-total=0 null-skips-total=0
[11:18:23] [info] backdrop cache: thrashing-detect engaged (streak=184, route=direct)
[11:18:23] [info] flip-probe: flip #1540 ok=true present=-3ms inter_flip_ms=-1 drawcalls-since-flip=17 drawcalls-total=100433 fail-total=0 null-skips-total=0
[11:18:23] [info] flip-probe: flip #1550 ok=true present=53ms inter_flip_ms=3 drawcalls-since-flip=18 drawcalls-total=100612 fail-total=0 null-skips-total=0
[11:18:24] [info] flip-probe: flip #1560 ok=true present=-3ms inter_flip_ms=55 drawcalls-since-flip=19 drawcalls-total=100795 fail-total=0 null-skips-total=0
[11:18:24] [info] flip-probe: flip #1570 ok=true present=6ms inter_flip_ms=54 drawcalls-since-flip=19 drawcalls-total=100985 fail-total=0 null-skips-total=0
[11:18:24] [info] run_tick_fixed #3300: heartbeat (loop alive)
[11:18:25] [info] flip-probe: flip #1580 ok=true present=-3ms inter_flip_ms=59 drawcalls-since-flip=19 drawcalls-total=101175 fail-total=0 null-skips-total=0
[11:18:25] [info] flip-probe: flip #1590 ok=true present=5ms inter_flip_ms=56 drawcalls-since-flip=20 drawcalls-total=101370 fail-total=0 null-skips-total=0
[11:18:25] [info] backdrop cache: thrashing-detect engaged (streak=244, route=direct)
[11:18:25] [info] flip-probe: flip #1600 ok=true present=6ms inter_flip_ms=51 drawcalls-since-flip=20 drawcalls-total=101570 fail-total=0 null-skips-total=0
[11:18:25] [info] alpha audit block 0: 1769 total drawcalls, 0 with alpha<255 (block pct_x10=0; global 0/92151 pct_x10=0); alpha-mod skipped: block=0 global=0
[11:18:25] [info] fastpath audit block 0: taken=1769 (idx8=1769) skipped=0 pct_x10=1000; global taken=92151 (idx8=92151) skipped=0 pct_x10=1000
[11:18:25] [info] primitive tally block 0: clear=200(hr=200) fill=0(hr=0) rect=0(hr=0) line=0(hr=0) tint=0 spotlight=0 (over 100 flips ending at flip 1600)
[11:18:25] [info] phase timing block 0: drawcalls=1969 dc_total_ms=692 flip_inner_total_ms=343 inter_flip_total_ms=4063 (per-flip avg x10: dc_ms=69 fi_ms=34 if_ms=406 derived audio+engine_ms=303; per-drawcall avg us_x10=3514) [direct-vesa: presents=100 total_ms=373 avg_ms_x10=37 failed=0] [ablation: NO_DC_TIMING=0 CACHE_WINSURF=0 DIRECT_VESA=1]
[11:18:25] [info] kbd/audio block 0: kbd_irq=0 kbd_drain=0 ring_chunks=16 pump_pass=3361 pic1_mask=0xb8 first_irq_ticks=0 install_ticks=0 vector_at_install=0x0083a078 pic1_mask_live=0xb8 kbd_8042_stat=0x34 bios_kbd_head=0x002a bios_kbd_tail=0x002a bios_kbd_buf0=0x1970
[11:18:25] [info] dirty-rect block @flip=1600: total_calls=0 dirty_rects_avg=1 dirty_pct_x10=1000 forced_full=0 first_n_force=0 threshold_exceeded=0 dirty_path_taken=0 full_flush_taken=0
[11:18:25] [info] prev-frame-diff block @flip=1600: diff_calls=0 diff_rects_avg=0 diff_dirty_pct_x10=0 bbox_pct_x10=0 bbox_thresh_exceeded=0
[11:18:26] [info] flip-probe: flip #1610 ok=true present=6ms inter_flip_ms=56 drawcalls-since-flip=20 drawcalls-total=101770 fail-total=0 null-skips-total=0
[11:18:26] [info] flip-probe: flip #1620 ok=true present=-2ms inter_flip_ms=53 drawcalls-since-flip=17 drawcalls-total=101958 fail-total=0 null-skips-total=0
[11:18:27] [info] flip-probe: flip #1630 ok=true present=-2ms inter_flip_ms=56 drawcalls-since-flip=17 drawcalls-total=102128 fail-total=0 null-skips-total=0
[11:18:27] [info] flip-probe: flip #1640 ok=true present=-3ms inter_flip_ms=0 drawcalls-since-flip=17 drawcalls-total=102298 fail-total=0 null-skips-total=0
[11:18:27] [info] flip-probe: flip #1650 ok=true present=5ms inter_flip_ms=56 drawcalls-since-flip=19 drawcalls-total=102476 fail-total=0 null-skips-total=0
[11:18:28] [info] backdrop cache: thrashing-detect engaged (streak=304, route=direct)
[11:18:28] [info] flip-probe: flip #1660 ok=true present=6ms inter_flip_ms=57 drawcalls-since-flip=17 drawcalls-total=102654 fail-total=0 null-skips-total=0
[11:18:28] [info] flip-probe: flip #1670 ok=true present=-3ms inter_flip_ms=58 drawcalls-since-flip=16 drawcalls-total=102822 fail-total=0 null-skips-total=0
[11:18:29] [info] flip-probe: flip #1680 ok=true present=6ms inter_flip_ms=-1 drawcalls-since-flip=17 drawcalls-total=102984 fail-total=0 null-skips-total=0
[11:18:29] [info] flip-probe: flip #1690 ok=true present=5ms inter_flip_ms=-7 drawcalls-since-flip=19 drawcalls-total=103162 fail-total=0 null-skips-total=0
[11:18:29] [info] flip-probe: flip #1700 ok=true present=-3ms inter_flip_ms=61 drawcalls-since-flip=20 drawcalls-total=103359 fail-total=0 null-skips-total=0
[11:18:29] [info] alpha audit block 0: 1689 total drawcalls, 0 with alpha<255 (block pct_x10=0; global 0/93840 pct_x10=0); alpha-mod skipped: block=0 global=0
[11:18:29] [info] fastpath audit block 0: taken=1689 (idx8=1689) skipped=0 pct_x10=1000; global taken=93840 (idx8=93840) skipped=0 pct_x10=1000
[11:18:29] [info] primitive tally block 0: clear=200(hr=200) fill=0(hr=0) rect=0(hr=0) line=0(hr=0) tint=0 spotlight=0 (over 100 flips ending at flip 1700)
[11:18:29] [info] phase timing block 0: drawcalls=1889 dc_total_ms=729 flip_inner_total_ms=561 inter_flip_total_ms=4017 (per-flip avg x10: dc_ms=72 fi_ms=56 if_ms=401 derived audio+engine_ms=273; per-drawcall avg us_x10=3861) [direct-vesa: presents=100 total_ms=375 avg_ms_x10=37 failed=0] [ablation: NO_DC_TIMING=0 CACHE_WINSURF=0 DIRECT_VESA=1]
[11:18:29] [info] kbd/audio block 0: kbd_irq=0 kbd_drain=0 ring_chunks=16 pump_pass=3563 pic1_mask=0xb8 first_irq_ticks=0 install_ticks=0 vector_at_install=0x0083a078 pic1_mask_live=0xb8 kbd_8042_stat=0x34 bios_kbd_head=0x002a bios_kbd_tail=0x002a bios_kbd_buf0=0x1970
[11:18:29] [info] dirty-rect block @flip=1700: total_calls=0 dirty_rects_avg=1 dirty_pct_x10=1000 forced_full=0 first_n_force=0 threshold_exceeded=0 dirty_path_taken=0 full_flush_taken=0
[11:18:29] [info] prev-frame-diff block @flip=1700: diff_calls=0 diff_rects_avg=0 diff_dirty_pct_x10=0 bbox_pct_x10=0 bbox_thresh_exceeded=0
[11:18:30] [info] flip-probe: flip #1710 ok=true present=-3ms inter_flip_ms=62 drawcalls-since-flip=18 drawcalls-total=103550 fail-total=0 null-skips-total=0
[11:18:30] [info] backdrop cache: thrashing-detect engaged (streak=364, route=direct)
[11:18:30] [info] flip-probe: flip #1720 ok=true present=-2ms inter_flip_ms=53 drawcalls-since-flip=355 drawcalls-total=104804 fail-total=0 null-skips-total=0
[11:18:31] [info]  >> Entering stage 19: 'Assembly Hall'.
[11:18:31] [info] [skip-sheet-flush] cave=8
[11:18:31] [info] [load-stage] preloading entry music song=9 (cave=8)
[11:18:32] [info] gameloop: entered (curmap=19, running=1)
[11:18:32] [info] gameloop: iter 1 ticks=95573 mapno=-1
[11:18:32] [info] mds-clear-lut: rebuilt N=240 entries (k_skip=100% k_keep=0%; curmap=19 map_size=21x16; rebuild #6 since boot)
[11:18:32] [info] gameloop: iter 2 ticks=95681 mapno=-1
[11:18:32] [info] gameloop: iter 3 ticks=95792 mapno=-1
[11:18:32] [info] flip-probe: flip #1730 ok=true present=-2ms inter_flip_ms=56 drawcalls-since-flip=423 drawcalls-total=108522 fail-total=0 null-skips-total=0
[11:18:32] [info] flip-probe: flip #1740 ok=true present=-3ms inter_flip_ms=0 drawcalls-since-flip=122 drawcalls-total=110189 fail-total=0 null-skips-total=0
[11:18:33] [info] flip-probe: flip #1750 ok=true present=-2ms inter_flip_ms=55 drawcalls-since-flip=122 drawcalls-total=111409 fail-total=0 null-skips-total=0
[11:18:33] [info] flip-probe: flip #1760 ok=true present=-3ms inter_flip_ms=3 drawcalls-since-flip=122 drawcalls-total=112629 fail-total=0 null-skips-total=0
[11:18:34] [info] flip-probe: flip #1770 ok=true present=5ms inter_flip_ms=49 drawcalls-since-flip=125 drawcalls-total=113868 fail-total=0 null-skips-total=0
[11:18:34] [info] flip-probe: flip #1780 ok=true present=-2ms inter_flip_ms=0 drawcalls-since-flip=122 drawcalls-total=115095 fail-total=0 null-skips-total=0
[11:18:35] [info] flip-probe: flip #1790 ok=true present=-3ms inter_flip_ms=54 drawcalls-since-flip=123 drawcalls-total=116331 fail-total=0 null-skips-total=0
[11:18:35] [info] flip-probe: flip #1800 ok=true present=53ms inter_flip_ms=2 drawcalls-since-flip=122 drawcalls-total=117551 fail-total=0 null-skips-total=0
[11:18:35] [info] alpha audit block 0: 13192 total drawcalls, 0 with alpha<255 (block pct_x10=0; global 0/107032 pct_x10=0); alpha-mod skipped: block=0 global=0
[11:18:35] [info] fastpath audit block 0: taken=13192 (idx8=13192) skipped=0 pct_x10=1000; global taken=107032 (idx8=107032) skipped=0 pct_x10=1000
[11:18:35] [info] primitive tally block 0: clear=201(hr=201) fill=0(hr=0) rect=0(hr=0) line=0(hr=0) tint=0 spotlight=0 (over 100 flips ending at flip 1800)
[11:18:35] [info] color/alpha audit block 0: cmod_white=900 cmod_black=900 (idx=900) cmod_general=0 (idx=0) cmod_fb=0; alpha_taken=0 alpha_skipped=0 (global cmod=9788/8220/714/0 idx=8220/714 alpha=0/0)
[11:18:35] [info] phase timing block 0: drawcalls=15268 dc_total_ms=2059 flip_inner_total_ms=354 inter_flip_total_ms=5489 (per-flip avg x10: dc_ms=205 fi_ms=35 if_ms=548 derived audio+engine_ms=308; per-drawcall avg us_x10=1348) [direct-vesa: presents=100 total_ms=228 avg_ms_x10=22 failed=0] [ablation: NO_DC_TIMING=0 CACHE_WINSURF=0 DIRECT_VESA=1]
[11:18:35] [info] kbd/audio block 0: kbd_irq=0 kbd_drain=0 ring_chunks=16 pump_pass=3797 pic1_mask=0xb8 first_irq_ticks=0 install_ticks=0 vector_at_install=0x0083a078 pic1_mask_live=0xb8 kbd_8042_stat=0x34 bios_kbd_head=0x002a bios_kbd_tail=0x002a bios_kbd_buf0=0x1970
[11:18:35] [info] dirty-rect block @flip=1800: total_calls=0 dirty_rects_avg=1 dirty_pct_x10=1000 forced_full=0 first_n_force=0 threshold_exceeded=0 dirty_path_taken=0 full_flush_taken=0
[11:18:35] [info] prev-frame-diff block @flip=1800: diff_calls=0 diff_rects_avg=0 diff_dirty_pct_x10=0 bbox_pct_x10=0 bbox_thresh_exceeded=0
[11:18:35] [info] flip-probe: flip #1810 ok=true present=-3ms inter_flip_ms=54 drawcalls-since-flip=122 drawcalls-total=118771 fail-total=0 null-skips-total=0
[11:18:36] [info] flip-probe: flip #1820 ok=true present=53ms inter_flip_ms=-3 drawcalls-since-flip=122 drawcalls-total=119991 fail-total=0 null-skips-total=0
[11:18:36] [info] flip-probe: flip #1830 ok=true present=-2ms inter_flip_ms=54 drawcalls-since-flip=170 drawcalls-total=121307 fail-total=0 null-skips-total=0
[11:18:37] [info]  >> Entering stage 11: 'Mimiga Village'.
[11:18:37] [info] [skip-sheet-flush] cave=9
[11:18:38] [info] [load-stage] preloading entry music song=9 (cave=9)
[11:18:38] [info] gameloop: entered (curmap=11, running=1)
[11:18:38] [info] gameloop: iter 1 ticks=101669 mapno=-1
[11:18:38] [info] mds-clear-lut: rebuilt N=240 entries (k_skip=0% k_keep=100%; curmap=11 map_size=60x60; rebuild #7 since boot)
[11:18:38] [info] flip-probe: flip #1840 ok=true present=-3ms inter_flip_ms=931 drawcalls-since-flip=384 drawcalls-total=125053 fail-total=0 null-skips-total=0
[11:18:38] [info] gameloop: iter 2 ticks=101779 mapno=-1
[11:18:38] [info] gameloop: iter 3 ticks=101888 mapno=-1
[11:18:38] [info] backdrop cache: thrashing-detect engaged (streak=4, route=direct)
[11:18:38] [info] flip-probe: flip #1850 ok=true present=-3ms inter_flip_ms=55 drawcalls-since-flip=32 drawcalls-total=126997 fail-total=0 null-skips-total=0
[11:18:39] [info] flip-probe: flip #1860 ok=true present=0ms inter_flip_ms=52 drawcalls-since-flip=46 drawcalls-total=127443 fail-total=0 null-skips-total=0
[11:18:39] [info] flip-probe: flip #1870 ok=true present=-3ms inter_flip_ms=59 drawcalls-since-flip=43 drawcalls-total=127894 fail-total=0 null-skips-total=0
[11:18:40] [info] flip-probe: flip #1880 ok=true present=0ms inter_flip_ms=59 drawcalls-since-flip=43 drawcalls-total=128319 fail-total=0 null-skips-total=0
[11:18:40] [info] flip-probe: flip #1890 ok=true present=6ms inter_flip_ms=51 drawcalls-since-flip=44 drawcalls-total=128755 fail-total=0 null-skips-total=0
[11:18:40] [info] flip-probe: flip #1900 ok=true present=-3ms inter_flip_ms=54 drawcalls-since-flip=43 drawcalls-total=129197 fail-total=0 null-skips-total=0
[11:18:40] [info] alpha audit block 0: 10285 total drawcalls, 0 with alpha<255 (block pct_x10=0; global 0/117317 pct_x10=0); alpha-mod skipped: block=0 global=0
[11:18:41] [info] fastpath audit block 0: taken=10285 (idx8=10285) skipped=0 pct_x10=1000; global taken=117317 (idx8=117317) skipped=0 pct_x10=1000
[11:18:41] [info] primitive tally block 0: clear=201(hr=201) fill=0(hr=0) rect=0(hr=0) line=0(hr=0) tint=0 spotlight=0 (over 100 flips ending at flip 1900)
[11:18:41] [info] color/alpha audit block 0: cmod_white=1261 cmod_black=1261 (idx=1261) cmod_general=0 (idx=0) cmod_fb=0; alpha_taken=0 alpha_skipped=0 (global cmod=11049/9481/714/0 idx=9481/714 alpha=0/0)
[11:18:41] [info] phase timing block 0: drawcalls=13052 dc_total_ms=1544 flip_inner_total_ms=430 inter_flip_total_ms=5605 (per-flip avg x10: dc_ms=154 fi_ms=43 if_ms=560 derived audio+engine_ms=363; per-drawcall avg us_x10=1183) [direct-vesa: presents=100 total_ms=302 avg_ms_x10=30 failed=0] [ablation: NO_DC_TIMING=0 CACHE_WINSURF=0 DIRECT_VESA=1]
[11:18:41] [info] kbd/audio block 0: kbd_irq=0 kbd_drain=0 ring_chunks=16 pump_pass=4035 pic1_mask=0xb8 first_irq_ticks=0 install_ticks=0 vector_at_install=0x0083a078 pic1_mask_live=0xb8 kbd_8042_stat=0x34 bios_kbd_head=0x002a bios_kbd_tail=0x002a bios_kbd_buf0=0x1970
[11:18:41] [info] dirty-rect block @flip=1900: total_calls=0 dirty_rects_avg=1 dirty_pct_x10=1000 forced_full=0 first_n_force=0 threshold_exceeded=0 dirty_path_taken=0 full_flush_taken=0
[11:18:41] [info] prev-frame-diff block @flip=1900: diff_calls=0 diff_rects_avg=0 diff_dirty_pct_x10=0 bbox_pct_x10=0 bbox_thresh_exceeded=0
[11:18:41] [info] backdrop cache: thrashing-detect engaged (streak=64, route=direct)
[11:18:41] [info] flip-probe: flip #1910 ok=true present=-2ms inter_flip_ms=4 drawcalls-since-flip=46 drawcalls-total=129633 fail-total=0 null-skips-total=0
[11:18:41] [info] flip-probe: flip #1920 ok=true present=-2ms inter_flip_ms=51 drawcalls-since-flip=45 drawcalls-total=130088 fail-total=0 null-skips-total=0
[11:18:42] [info] flip-probe: flip #1930 ok=true present=-2ms inter_flip_ms=55 drawcalls-since-flip=44 drawcalls-total=130536 fail-total=0 null-skips-total=0
[11:18:42] [info] flip-probe: flip #1940 ok=true present=-2ms inter_flip_ms=7 drawcalls-since-flip=44 drawcalls-total=130976 fail-total=0 null-skips-total=0
[11:18:43] [info] flip-probe: flip #1950 ok=true present=-3ms inter_flip_ms=61 drawcalls-since-flip=43 drawcalls-total=131413 fail-total=0 null-skips-total=0
[11:18:43] [info] flip-probe: flip #1960 ok=true present=-3ms inter_flip_ms=58 drawcalls-since-flip=17 drawcalls-total=131817 fail-total=0 null-skips-total=0
[11:18:43] [info] backdrop cache: thrashing-detect engaged (streak=124, route=direct)
[11:18:44] [info] flip-probe: flip #1970 ok=true present=-2ms inter_flip_ms=56 drawcalls-since-flip=17 drawcalls-total=131987 fail-total=0 null-skips-total=0
[11:18:44] [info] flip-probe: flip #1980 ok=true present=-2ms inter_flip_ms=61 drawcalls-since-flip=18 drawcalls-total=132164 fail-total=0 null-skips-total=0
[11:18:44] [info] flip-probe: flip #1990 ok=true present=6ms inter_flip_ms=49 drawcalls-since-flip=18 drawcalls-total=132344 fail-total=0 null-skips-total=0
[11:18:45] [info] flip-probe: flip #2000 ok=true present=-2ms inter_flip_ms=55 drawcalls-since-flip=19 drawcalls-total=132537 fail-total=0 null-skips-total=0
[11:18:45] [info] alpha audit block 0: 2473 total drawcalls, 0 with alpha<255 (block pct_x10=0; global 0/119790 pct_x10=0); alpha-mod skipped: block=0 global=0
[11:18:45] [info] fastpath audit block 0: taken=2473 (idx8=2473) skipped=0 pct_x10=1000; global taken=119790 (idx8=119790) skipped=0 pct_x10=1000
[11:18:45] [info] primitive tally block 0: clear=200(hr=200) fill=0(hr=0) rect=0(hr=0) line=0(hr=0) tint=0 spotlight=0 (over 100 flips ending at flip 2000)
[11:18:45] [info] color/alpha audit block 0: cmod_white=767 cmod_black=767 (idx=767) cmod_general=0 (idx=0) cmod_fb=0; alpha_taken=0 alpha_skipped=0 (global cmod=11816/10248/714/0 idx=10248/714 alpha=0/0)
[11:18:45] [info] phase timing block 0: drawcalls=4207 dc_total_ms=802 flip_inner_total_ms=464 inter_flip_total_ms=4174 (per-flip avg x10: dc_ms=80 fi_ms=46 if_ms=417 derived audio+engine_ms=291; per-drawcall avg us_x10=1908) [direct-vesa: presents=100 total_ms=282 avg_ms_x10=28 failed=0] [ablation: NO_DC_TIMING=0 CACHE_WINSURF=0 DIRECT_VESA=1]
[11:18:45] [info] kbd/audio block 0: kbd_irq=0 kbd_drain=0 ring_chunks=16 pump_pass=4242 pic1_mask=0xb8 first_irq_ticks=0 install_ticks=0 vector_at_install=0x0083a078 pic1_mask_live=0xb8 kbd_8042_stat=0x34 bios_kbd_head=0x002a bios_kbd_tail=0x002a bios_kbd_buf0=0x1970
[11:18:45] [info] dirty-rect block @flip=2000: total_calls=0 dirty_rects_avg=1 dirty_pct_x10=1000 forced_full=0 first_n_force=0 threshold_exceeded=0 dirty_path_taken=0 full_flush_taken=0
[11:18:45] [info] prev-frame-diff block @flip=2000: diff_calls=0 diff_rects_avg=0 diff_dirty_pct_x10=0 bbox_pct_x10=0 bbox_thresh_exceeded=0
[11:18:45] [info] flip-probe: flip #2010 ok=true present=-2ms inter_flip_ms=59 drawcalls-since-flip=16 drawcalls-total=132708 fail-total=0 null-skips-total=0
[11:18:45] [info] flip-probe: flip #2020 ok=true present=-3ms inter_flip_ms=54 drawcalls-since-flip=15 drawcalls-total=132858 fail-total=0 null-skips-total=0
[11:18:46] [info] backdrop cache: thrashing-detect engaged (streak=184, route=direct)
[11:18:46] [info] flip-probe: flip #2030 ok=true present=52ms inter_flip_ms=57 drawcalls-since-flip=352 drawcalls-total=134186 fail-total=0 null-skips-total=0
[11:18:46] [info]  >> Entering stage 14: 'Shack'.
[11:18:46] [info] [skip-sheet-flush] cave=10
[11:18:47] [info] [load-stage] preloading entry music song=8 (cave=10)
[11:18:47] [info] opl2 backend: on_song_stop
[11:18:47] [info] MidiScheduler::load: parsed 'data/orgmid2/vivi.mid' = 11188 events at 48 PPQ
[11:18:47] [info] opl2 backend: on_song_start
[11:18:47] [info] gameloop: entered (curmap=14, running=1)
[11:18:47] [info] gameloop: iter 1 ticks=111391 mapno=-1
[11:18:47] [info] gameloop: iter 2 ticks=111449 mapno=-1
[11:18:47] [info] gameloop: iter 3 ticks=111498 mapno=-1
[11:18:48] [info] flip-probe: flip #2040 ok=true present=5ms inter_flip_ms=55 drawcalls-since-flip=365 drawcalls-total=137439 fail-total=0 null-skips-total=0
[11:18:48] [info] flip-probe: flip #2050 ok=true present=5ms inter_flip_ms=-6 drawcalls-since-flip=13 drawcalls-total=138573 fail-total=0 null-skips-total=0
[11:18:48] [info] flip-probe: flip #2060 ok=true present=6ms inter_flip_ms=50 drawcalls-since-flip=24 drawcalls-total=138813 fail-total=0 null-skips-total=0
[11:18:49] [info] flip-probe: flip #2070 ok=true present=6ms inter_flip_ms=-3 drawcalls-since-flip=24 drawcalls-total=139053 fail-total=0 null-skips-total=0
[11:18:49] [info] flip-probe: flip #2080 ok=true present=-3ms inter_flip_ms=51 drawcalls-since-flip=24 drawcalls-total=139293 fail-total=0 null-skips-total=0
[11:18:49] [info] flip-probe: flip #2090 ok=true present=-3ms inter_flip_ms=56 drawcalls-since-flip=27 drawcalls-total=139556 fail-total=0 null-skips-total=0
[11:18:50] [info] flip-probe: flip #2100 ok=true present=6ms inter_flip_ms=-2 drawcalls-since-flip=25 drawcalls-total=139826 fail-total=0 null-skips-total=0
[11:18:50] [info] alpha audit block 0: 6929 total drawcalls, 0 with alpha<255 (block pct_x10=0; global 0/126719 pct_x10=0); alpha-mod skipped: block=0 global=0
[11:18:50] [info] fastpath audit block 0: taken=6929 (idx8=6929) skipped=0 pct_x10=1000; global taken=126719 (idx8=126719) skipped=0 pct_x10=1000
[11:18:50] [info] primitive tally block 0: clear=201(hr=201) fill=0(hr=0) rect=0(hr=0) line=0(hr=0) tint=0 spotlight=0 (over 100 flips ending at flip 2100)
[11:18:50] [info] color/alpha audit block 0: cmod_white=325 cmod_black=325 (idx=325) cmod_general=0 (idx=0) cmod_fb=0; alpha_taken=0 alpha_skipped=0 (global cmod=12141/10573/714/0 idx=10573/714 alpha=0/0)
[11:18:50] [info] phase timing block 0: drawcalls=7780 dc_total_ms=1006 flip_inner_total_ms=280 inter_flip_total_ms=4937 (per-flip avg x10: dc_ms=100 fi_ms=28 if_ms=493 derived audio+engine_ms=365; per-drawcall avg us_x10=1294) [direct-vesa: presents=100 total_ms=109 avg_ms_x10=10 failed=0] [ablation: NO_DC_TIMING=0 CACHE_WINSURF=0 DIRECT_VESA=1]
[11:18:50] [info] kbd/audio block 0: kbd_irq=0 kbd_drain=0 ring_chunks=16 pump_pass=4442 pic1_mask=0xb8 first_irq_ticks=0 install_ticks=0 vector_at_install=0x0083a078 pic1_mask_live=0xb8 kbd_8042_stat=0x34 bios_kbd_head=0x002a bios_kbd_tail=0x002a bios_kbd_buf0=0x1970
[11:18:50] [info] dirty-rect block @flip=2100: total_calls=0 dirty_rects_avg=1 dirty_pct_x10=1000 forced_full=0 first_n_force=0 threshold_exceeded=0 dirty_path_taken=0 full_flush_taken=0
[11:18:50] [info] prev-frame-diff block @flip=2100: diff_calls=0 diff_rects_avg=0 diff_dirty_pct_x10=0 bbox_pct_x10=0 bbox_thresh_exceeded=0
[11:18:50] [info] tas: stall frame 268 ms -> contributing 1 tick (patch 0286)
[11:18:50] [info] flip-probe: flip #2110 ok=true present=-3ms inter_flip_ms=59 drawcalls-since-flip=24 drawcalls-total=140070 fail-total=0 null-skips-total=0
[11:18:51] [info] flip-probe: flip #2120 ok=true present=52ms inter_flip_ms=-3 drawcalls-since-flip=24 drawcalls-total=140310 fail-total=0 null-skips-total=0
[11:18:51] [info] flip-probe: flip #2130 ok=true present=-3ms inter_flip_ms=59 drawcalls-since-flip=24 drawcalls-total=140550 fail-total=0 null-skips-total=0
[11:18:51] [info] flip-probe: flip #2140 ok=true present=-3ms inter_flip_ms=3 drawcalls-since-flip=24 drawcalls-total=140790 fail-total=0 null-skips-total=0
[11:18:51] [info] flip-probe: flip #2150 ok=true present=-2ms inter_flip_ms=54 drawcalls-since-flip=24 drawcalls-total=141030 fail-total=0 null-skips-total=0
[11:18:52] [info] flip-probe: flip #2160 ok=true present=-3ms inter_flip_ms=0 drawcalls-since-flip=14 drawcalls-total=141220 fail-total=0 null-skips-total=0
[11:18:52] [info] flip-probe: flip #2170 ok=true present=-1ms inter_flip_ms=56 drawcalls-since-flip=14 drawcalls-total=141360 fail-total=0 null-skips-total=0
[11:18:52] [info] flip-probe: flip #2180 ok=true present=-3ms inter_flip_ms=57 drawcalls-since-flip=14 drawcalls-total=141500 fail-total=0 null-skips-total=0
[11:18:53] [info] flip-probe: flip #2190 ok=true present=-2ms inter_flip_ms=2 drawcalls-since-flip=87 drawcalls-total=141713 fail-total=0 null-skips-total=0
[11:18:53] [info] flip-probe: flip #2200 ok=true present=-3ms inter_flip_ms=57 drawcalls-since-flip=355 drawcalls-total=144691 fail-total=0 null-skips-total=0
[11:18:53] [info] alpha audit block 0: 4590 total drawcalls, 0 with alpha<255 (block pct_x10=0; global 0/131309 pct_x10=0); alpha-mod skipped: block=0 global=0
[11:18:53] [info] fastpath audit block 0: taken=4590 (idx8=4590) skipped=0 pct_x10=1000; global taken=131309 (idx8=131309) skipped=0 pct_x10=1000
[11:18:53] [info] primitive tally block 0: clear=200(hr=200) fill=0(hr=0) rect=0(hr=0) line=0(hr=0) tint=0 spotlight=0 (over 100 flips ending at flip 2200)
[11:18:53] [info] color/alpha audit block 0: cmod_white=275 cmod_black=275 (idx=275) cmod_general=0 (idx=0) cmod_fb=0; alpha_taken=0 alpha_skipped=0 (global cmod=12416/10848/714/0 idx=10848/714 alpha=0/0)
[11:18:53] [info] phase timing block 0: drawcalls=5340 dc_total_ms=828 flip_inner_total_ms=367 inter_flip_total_ms=3578 (per-flip avg x10: dc_ms=82 fi_ms=36 if_ms=357 derived audio+engine_ms=239; per-drawcall avg us_x10=1551) [direct-vesa: presents=100 total_ms=181 avg_ms_x10=18 failed=0] [ablation: NO_DC_TIMING=0 CACHE_WINSURF=0 DIRECT_VESA=1]
[11:18:53] [info] kbd/audio block 0: kbd_irq=0 kbd_drain=0 ring_chunks=16 pump_pass=4607 pic1_mask=0xb8 first_irq_ticks=0 install_ticks=0 vector_at_install=0x0083a078 pic1_mask_live=0xb8 kbd_8042_stat=0x34 bios_kbd_head=0x002a bios_kbd_tail=0x002a bios_kbd_buf0=0x1970
[11:18:53] [info] dirty-rect block @flip=2200: total_calls=0 dirty_rects_avg=1 dirty_pct_x10=1000 forced_full=0 first_n_force=0 threshold_exceeded=0 dirty_path_taken=0 full_flush_taken=0
[11:18:53] [info] prev-frame-diff block @flip=2200: diff_calls=0 diff_rects_avg=0 diff_dirty_pct_x10=0 bbox_pct_x10=0 bbox_thresh_exceeded=0
[11:18:53] [info]  >> Entering stage 11: 'Mimiga Village'.
[11:18:53] [info] [skip-sheet-flush] cave=11
[11:18:54] [info] [load-stage] preloading entry music song=9 (cave=11)
[11:18:54] [info] opl2 backend: on_song_stop
[11:18:54] [info] MidiScheduler::load: parsed 'data/orgmid2/mura.mid' = 7123 events at 48 PPQ
[11:18:54] [info] opl2 backend: on_song_start
[11:18:54] [info] gameloop: entered (curmap=11, running=1)
[11:18:54] [info] gameloop: iter 1 ticks=118096 mapno=-1
[11:18:54] [info] gameloop: iter 2 ticks=118202 mapno=-1
[11:18:54] [info] gameloop: iter 3 ticks=118314 mapno=-1
[11:18:55] [info] backdrop cache: thrashing-detect engaged (streak=4, route=direct)
[11:18:55] [info] flip-probe: flip #2210 ok=true present=-3ms inter_flip_ms=59 drawcalls-since-flip=42 drawcalls-total=146976 fail-total=0 null-skips-total=0
[11:18:55] [info] flip-probe: flip #2220 ok=true present=53ms inter_flip_ms=2 drawcalls-since-flip=42 drawcalls-total=147365 fail-total=0 null-skips-total=0
[11:18:56] [info] flip-probe: flip #2230 ok=true present=6ms inter_flip_ms=52 drawcalls-since-flip=44 drawcalls-total=147794 fail-total=0 null-skips-total=0
[11:18:56] [info] flip-probe: flip #2240 ok=true present=-3ms inter_flip_ms=54 drawcalls-since-flip=44 drawcalls-total=148234 fail-total=0 null-skips-total=0
[11:18:56] [info] flip-probe: flip #2250 ok=true present=-2ms inter_flip_ms=-2 drawcalls-since-flip=47 drawcalls-total=148702 fail-total=0 null-skips-total=0
[11:18:57] [info] flip-probe: flip #2260 ok=true present=6ms inter_flip_ms=51 drawcalls-since-flip=43 drawcalls-total=149151 fail-total=0 null-skips-total=0
[11:18:57] [info] backdrop cache: thrashing-detect engaged (streak=64, route=direct)
[11:18:57] [info] flip-probe: flip #2270 ok=true present=-2ms inter_flip_ms=54 drawcalls-since-flip=43 drawcalls-total=149581 fail-total=0 null-skips-total=0
[11:18:58] [info] flip-probe: flip #2280 ok=true present=-2ms inter_flip_ms=52 drawcalls-since-flip=46 drawcalls-total=150025 fail-total=0 null-skips-total=0
[11:18:58] [info] run_tick_fixed #4800: heartbeat (loop alive)
[11:18:58] [info] run_tick_fixed #4800: heartbeat (loop alive)
[11:18:58] [info] backdrop cache: thrashing-detect engaged (streak=4, route=direct)
[11:18:58] [info] flip-probe: flip #2290 ok=true present=-3ms inter_flip_ms=3 drawcalls-since-flip=45 drawcalls-total=150479 fail-total=0 null-skips-total=0
[11:18:59] [info] flip-probe: flip #2300 ok=true present=5ms inter_flip_ms=52 drawcalls-since-flip=45 drawcalls-total=150929 fail-total=0 null-skips-total=0
[11:18:59] [info] alpha audit block 0: 4852 total drawcalls, 0 with alpha<255 (block pct_x10=0; global 0/136161 pct_x10=0); alpha-mod skipped: block=0 global=0
[11:18:59] [info] fastpath audit block 0: taken=4852 (idx8=4852) skipped=0 pct_x10=1000; global taken=136161 (idx8=136161) skipped=0 pct_x10=1000
[11:18:59] [info] primitive tally block 0: clear=201(hr=201) fill=0(hr=0) rect=0(hr=0) line=0(hr=0) tint=0 spotlight=0 (over 100 flips ending at flip 2300)
[11:18:59] [info] color/alpha audit block 0: cmod_white=1287 cmod_black=1287 (idx=1287) cmod_general=0 (idx=0) cmod_fb=0; alpha_taken=0 alpha_skipped=0 (global cmod=13703/12135/714/0 idx=12135/714 alpha=0/0)
[11:18:59] [info] phase timing block 0: drawcalls=7637 dc_total_ms=1024 flip_inner_total_ms=414 inter_flip_total_ms=5322 (per-flip avg x10: dc_ms=102 fi_ms=41 if_ms=532 derived audio+engine_ms=389; per-drawcall avg us_x10=1342) [direct-vesa: presents=100 total_ms=239 avg_ms_x10=23 failed=0] [ablation: NO_DC_TIMING=0 CACHE_WINSURF=0 DIRECT_VESA=1]
[11:18:59] [info] kbd/audio block 0: kbd_irq=0 kbd_drain=0 ring_chunks=16 pump_pass=4834 pic1_mask=0xb8 first_irq_ticks=0 install_ticks=0 vector_at_install=0x0083a078 pic1_mask_live=0xb8 kbd_8042_stat=0x34 bios_kbd_head=0x002a bios_kbd_tail=0x002a bios_kbd_buf0=0x1970
[11:18:59] [info] dirty-rect block @flip=2300: total_calls=0 dirty_rects_avg=1 dirty_pct_x10=1000 forced_full=0 first_n_force=0 threshold_exceeded=0 dirty_path_taken=0 full_flush_taken=0
[11:18:59] [info] prev-frame-diff block @flip=2300: diff_calls=0 diff_rects_avg=0 diff_dirty_pct_x10=0 bbox_pct_x10=0 bbox_thresh_exceeded=0
[11:18:59] [info] flip-probe: flip #2310 ok=true present=5ms inter_flip_ms=49 drawcalls-since-flip=46 drawcalls-total=151382 fail-total=0 null-skips-total=0
[11:18:59] [info] flip-probe: flip #2320 ok=true present=-3ms inter_flip_ms=61 drawcalls-since-flip=46 drawcalls-total=151847 fail-total=0 null-skips-total=0
[11:19:00] [info] flip-probe: flip #2330 ok=true present=-3ms inter_flip_ms=58 drawcalls-since-flip=18 drawcalls-total=152065 fail-total=0 null-skips-total=0
[11:19:00] [info] backdrop cache: thrashing-detect engaged (streak=4, route=direct)
[11:19:00] [info] flip-probe: flip #2340 ok=true present=6ms inter_flip_ms=53 drawcalls-since-flip=18 drawcalls-total=152245 fail-total=0 null-skips-total=0
[11:19:00] [info] backdrop cache: thrashing-detect engaged (streak=4, route=direct)
[11:19:01] [info] flip-probe: flip #2350 ok=true present=5ms inter_flip_ms=-7 drawcalls-since-flip=19 drawcalls-total=152435 fail-total=0 null-skips-total=0
[11:19:01] [info] flip-probe: flip #2360 ok=true present=-3ms inter_flip_ms=3 drawcalls-since-flip=21 drawcalls-total=152636 fail-total=0 null-skips-total=0
[11:19:01] [info] flip-probe: flip #2370 ok=true present=6ms inter_flip_ms=-3 drawcalls-since-flip=20 drawcalls-total=152844 fail-total=0 null-skips-total=0
[11:19:02] [info] flip-probe: flip #2380 ok=true present=6ms inter_flip_ms=2 drawcalls-since-flip=19 drawcalls-total=153040 fail-total=0 null-skips-total=0
[11:19:02] [info] flip-probe: flip #2390 ok=true present=6ms inter_flip_ms=-3 drawcalls-since-flip=19 drawcalls-total=153230 fail-total=0 null-skips-total=0
[11:19:03] [info] flip-probe: flip #2400 ok=true present=-2ms inter_flip_ms=6 drawcalls-since-flip=19 drawcalls-total=153420 fail-total=0 null-skips-total=0
[11:19:03] [info] alpha audit block 0: 2118 total drawcalls, 0 with alpha<255 (block pct_x10=0; global 0/138279 pct_x10=0); alpha-mod skipped: block=0 global=0
[11:19:03] [info] fastpath audit block 0: taken=2118 (idx8=2118) skipped=0 pct_x10=1000; global taken=138279 (idx8=138279) skipped=0 pct_x10=1000
[11:19:03] [info] primitive tally block 0: clear=200(hr=200) fill=0(hr=0) rect=0(hr=0) line=0(hr=0) tint=0 spotlight=0 (over 100 flips ending at flip 2400)
[11:19:03] [info] color/alpha audit block 0: cmod_white=273 cmod_black=273 (idx=273) cmod_general=0 (idx=0) cmod_fb=0; alpha_taken=0 alpha_skipped=0 (global cmod=13976/12408/714/0 idx=12408/714 alpha=0/0)
[11:19:03] [info] phase timing block 0: drawcalls=2875 dc_total_ms=926 flip_inner_total_ms=486 inter_flip_total_ms=4013 (per-flip avg x10: dc_ms=92 fi_ms=48 if_ms=401 derived audio+engine_ms=261; per-drawcall avg us_x10=3222) [direct-vesa: presents=100 total_ms=197 avg_ms_x10=19 failed=0] [ablation: NO_DC_TIMING=0 CACHE_WINSURF=0 DIRECT_VESA=1]
[11:19:03] [info] kbd/audio block 0: kbd_irq=0 kbd_drain=0 ring_chunks=16 pump_pass=5039 pic1_mask=0xb8 first_irq_ticks=0 install_ticks=0 vector_at_install=0x0083a078 pic1_mask_live=0xb8 kbd_8042_stat=0x34 bios_kbd_head=0x002a bios_kbd_tail=0x002a bios_kbd_buf0=0x1970
[11:19:03] [info] dirty-rect block @flip=2400: total_calls=0 dirty_rects_avg=1 dirty_pct_x10=1000 forced_full=0 first_n_force=0 threshold_exceeded=0 dirty_path_taken=0 full_flush_taken=0
[11:19:03] [info] prev-frame-diff block @flip=2400: diff_calls=0 diff_rects_avg=0 diff_dirty_pct_x10=0 bbox_pct_x10=0 bbox_thresh_exceeded=0
[11:19:03] [info] backdrop cache: thrashing-detect engaged (streak=64, route=direct)
[11:19:03] [info] flip-probe: flip #2410 ok=true present=6ms inter_flip_ms=51 drawcalls-since-flip=19 drawcalls-total=153610 fail-total=0 null-skips-total=0
[11:19:03] [info] flip-probe: flip #2420 ok=true present=53ms inter_flip_ms=-1 drawcalls-since-flip=19 drawcalls-total=153800 fail-total=0 null-skips-total=0
[11:19:04] [info] flip-probe: flip #2430 ok=true present=5ms inter_flip_ms=-2 drawcalls-since-flip=19 drawcalls-total=153990 fail-total=0 null-skips-total=0
[11:19:04] [info] run_tick_fixed #5100: heartbeat (loop alive)
[11:19:04] [info] flip-probe: flip #2440 ok=true present=-3ms inter_flip_ms=2 drawcalls-since-flip=60 drawcalls-total=154467 fail-total=0 null-skips-total=0
[11:19:05] [info] flip-probe: flip #2450 ok=true present=-3ms inter_flip_ms=57 drawcalls-since-flip=60 drawcalls-total=155067 fail-total=0 null-skips-total=0
[11:19:05] [info] flip-probe: flip #2460 ok=true present=-2ms inter_flip_ms=57 drawcalls-since-flip=60 drawcalls-total=155667 fail-total=0 null-skips-total=0
[11:19:05] [info] backdrop cache: thrashing-detect engaged (streak=124, route=direct)
[11:19:05] [info] tas: end-of-replay auto-exit at tick 5140 (recording exhausted; set DOSKUTSU_TAS_REPLAY_HOLD=1 to disable + observe steady-state past recording end)
[11:19:05] [info] Script engine shutdown.
[11:19:05] [info] opl2 backend: on_song_stop
[11:19:05] [info] opl2 backend shutdown (all 9 voices KEY-OFF; 0xBD cleared; chip state safe for next process)
[11:19:05] [info] Organya init...
[11:19:06] [info] Organya init done
[11:19:07] [info] Sound system shutdown
[11:19:07] [info] Renderer::Close()
[11:19:07] [info] tas: replay file closed
[11:19:07] [info] [fps-true] flips=2467 render_s=127 fps_mean=19.4 (clock-independent: flips / seconds since the FIRST flip; use THIS for the fps matrix, not inter_flip medians, which are invalid in any cell running the PIT/IRQ-0 music pump)
[RUNMANIFEST-BEGIN]
schema_version=1
environment=realhw
binary_sha12=f8d446b4b0e0
wave_tag=662
scene=
env_block_sha=8e2480710895
started_utc=2026-11-19T18:00:29Z
duration_s=142
exit_code=0
fps_p50=NA
fps_p95=NA
audio_vital_status=NA
regime=NA
banner_required_hit=0
banner_required_total=0
banner_forbidden_hit=0
banner_optional_hit=0
critical_count=0
warn_count=0
[RUNMANIFEST-END]
[11:19:07] [info] [runmanifest-emit] schema=v1 env=realhw sha12=f8d446b4b0e0 dur=142s tag='662' scene='' env_sha=8e2480710895 (signals=0x4)
