Logger::init: wave-53 log level=INFO path='LOGS/6C4.LOG'
[10:46:54] [info] config: loaded DOSKUTSU.CFG (3 keys)
[10:46:54] [info] tas: PRNG seed forced to 12345 via DOSKUTSU_TAS_PRNG_SEED
[10:46:54] [info] tas: auto-exit armed at tick 30000 via DOSKUTSU_TAS_AUTO_EXIT_TICK
[10:46:54] [info] tas: replay opened path='QA.TAS' header_seed=12345
[10:46:55] [info] data cache: DISABLED (default)
[10:46:55] [info] Joystick: skipped (default; set DOSKUTSU_USE_JOYSTICK=1 to enable -- skips SDL3-DOS gameport BIOS INT 15h polling, ~82 ms / flip on real HW)
[10:46:55] [info] Loading settings...
[10:46:55] [info] [input-bind] applied=0 invert_y=0 dos_axes=1
[10:46:55] [info] Renderer::initVideo: 8bpp mode requested via SDL_HINT_DOS_MAX_BPP=8 (wave 16); SDL3-DOS will pick the highest-bpp <= 8 mode at requested resolution
[10:46:55] [info] Renderer::initVideo: DOS resolution-label lock ENABLED (default)
[10:46:55] [info] Renderer::initVideo: using: software renderer
[10:46:58] [info] Renderer::initVideo: dirty-rect tracking ENABLED (wave 15, default ON; set SDL_HINT_DOSKUTSU_DIRTY_RECTS=0 to disable)
[10:46:58] [info] Renderer::initVideo: ablation flags: NO_DC_TIMING=0 CACHE_WINSURF=0 NO_INPUT_POLL=0 DIRECT_VESA=1
[10:46:58] [info] Renderer::initVideo: direct-VESA hot path ENABLED (default since wave 20 patch 0088; bypasses SDL_RenderPresent / SDL_UpdateWindowSurface and writes via SDL/0034's PresentFull helper; R2 mitigation handled by SDL/0034 generation counter -- no per-N-flip heartbeat needed; set SDL_HINT_DOSKUTSU_DIRECT_VESA=0 to revert)
[10:46:58] [info] Renderer::initVideo: flip-phase instrumentation DISABLED (default; set SDL_HINT_DOSKUTSU_FLIP_INSTR=1 to opt in for wave-20 Lever A diagnostic)
[10:46:58] [info] Renderer::initVideo: asm opaque-span blit lever DISABLED (default; set SDL_HINT_DOSKUTSU_ASM_BLIT=1 to opt in -- wave-51 _blit_indexed colorkey-blit lever)
[10:46:58] [info] Renderer::initVideo: blit-decomp instrumentation DISABLED (default; set SDL_HINT_DOSKUTSU_BLIT_DECOMP=1 to opt in -- wave-51 _blit_indexed sub-decomp sizing)
[10:46:58] [info] Renderer::initVideo: mds-scroll-decomp instrumentation DISABLED (default; set SDL_HINT_DOSKUTSU_MDS_DECOMP=1 to opt in -- wave-52 mode_draw_scene scrolling-block decomp)
[10:46:58] [info] Renderer::initVideo: DOSVESA pump yield: skipped (default) (per-flip explicit SDL_Delay(0) yield is always on; set SDL_HINT_DOSKUTSU_FORCE_PUMP_YIELD=1 to restore old per-pump yield)
[10:46:58] [info] Renderer::initVideo: indexed-mode (8bpp) ENABLED -- master palette + 107 per-asset remap LUTs loaded (wave 16, default ON; set SDL_HINT_DOSKUTSU_PIXEL_FORMAT_8=0 to disable)
[10:46:58] [info] Renderer::initVideo: master palette attached to window surface (format=SDL_PIXELFORMAT_INDEX8, ncolors=256)
[10:46:58] [info] Renderer::initVideo: indexed-mode smoke: idx0=(0,0,0) OK idx255=(255,0,255) OK
[10:46:58] [info] Renderer::initVideo: indexed-mode smoke: paletteRemapFor('MyChar.pbm') = present
[10:46:58] [info] Surface::loadImage palmap-diag #1: 'data/Loading.pbm' fmt=SDL_PIXELFORMAT_ABGR8888 remap=HIT -> path=truecolor
[10:46:58] [info] Renderer: prev-frame diff DISABLED (default since wave 17.6; set SDL_HINT_DOSKUTSU_PREVFRAME_DIFF=1 to opt in)
[10:46:58] [info] flip-probe: renderer=software window_ptr=8809312 colorspace=301991328 window_size=320x240 framebuffer_pixels=320x240 logical_present=320x240 mode=2
[10:46:58] [info] flip-probe: first flip ok=true present=46ms inter_flip_ms=0 drawcalls-since-flip=1 drawcalls-total=1
[10:46:58] [info] Sound system init
[10:46:58] [info] Sound system: 4-state audio enable (#31) -- music=on sfx=on (MUSIC_OFF/AUDIO_BACKEND=none -> music-off; SFX_OFF/SFX_DEVICE=none -> sfx-off; both gates are dispatch-level, the device still opens; AUDIO_OFF=1 is the device-level both-off).
[10:46:58] [info] Sound system: Tier-2 audio config (default since wave 21 patch 0093; 11025 Hz, 1 channel, buffer pinned to 256 frames). Measured savings on g2k Pentium OverDrive 83 MHz (W21A): heavy-music scenes ~+11 fps vs Tier-1 baseline (measured -10 to -15 ms/flip post-0094 audio fix; W21A's pre-fix -26.6 ms figure was inflated by stereo-vs-mono playback bug, see patch 0094). Audio quality is reduced vs Tier-1 (mono, 11025 Hz, simple-average L+R downmix) but recognizable; user accepted the trade per direction 2026-05-05. Set SDL_HINT_DOSKUTSU_AUDIO_TIER2=0 to revert to Tier-1 22050 stereo (full Cave Story 2004 audio quality; trades fps for fidelity).
[10:46:58] [info] Sound system: SDL_HINT_AUDIO_DEVICE_SAMPLE_FRAMES=256
[10:46:58] [info] Pixtone IRQ rate-divider: handed master_rate=11025 int16/s (SAMPLE_RATE=11025 x AUDIO_CHANNELS=1) to SDL for auto-RATEDIV (SDL/0074 computes shift_div from the resolved device freq).
[10:46:58] [info] Sound system: device frame-rate: requesting 11025 Hz match to master (SDL_DOSAudioSetDeviceFrameRate; SB16 opens at the engine frame rate instead of SDL's 44100 floor -- 4x less PCM/s + no resampler on the Organya/Pixtone path; killswitch SDL_HINT_DOSKUTSU_DOS_AUDIO_DEVICE_RATE_DEFAULT=0).
[10:46:58] [info] audio backend: opl3 (Phase 10 Stage 4 -- concrete OPL3 FM synthesis backend via SDL/0037+ OPL3 helpers; MidiScheduler routes music dispatch through 18 x 2-op voice allocator + small inline patch bank). SoundManager::init will probe OPL3 via Adlib timer-1 sequence + fall back to organya gracefully if the chip is absent. Pixtone SFX still active on SB16 DAC.
[10:46:59] [info] wave-13.6.1: ring_chunks=16 FORCE_PUMP_YIELD=off (set SDL_HINT_DOSKUTSU_AUDIO_RING_CHUNKS=4|8|16 to override; default 16 matches wave 13.6 behaviour)
[10:46:59] [info] MidiScheduler: MIDI source = 'orgmid2' (native-GM org2mid set; resolves to data/orgmid2/<name>.mid).
[10:46:59] [info] opl3 backend probing for OPL3 chip (Adlib timer-1 sequence)...
[10:46:59] [info] opl3 backend: opl3bank.dat loaded 128 programs from 'data/opl3bank.dat' (v1; 1536 bytes payload). Per-program GM patches now use the runtime bank; programs >= 128 fall back to 8-patch family bucket. Drum channel (MIDI ch 9) unchanged (uses PATCH_DRUM regardless of bank loading).
[10:46:59] [info] opl3 backend ready (OPL3 detected via Adlib timer-1; InitChip applied 18 x 2-op layout; voice allocator armed). Patch bank state: runtime opl3bank.dat ACTIVE (loaded_count=128; programs >= loaded_count fall back to 8-patch placeholder covering GM family categories piano/mallet/organ/guitar/strings/brass/reed/pad). Phase 10.5 path: ship a fuller community bank as data/opl3bank.dat (DOPL3v1 format; 12-byte SBI records per GM program; loader at MidiBackendOpl3 ctor).
[10:46:59] [info] opl3 backend: PATCH_ORGAN + PATCH_MALLET RR=8 (medium release; wub-wub fix per patch 0171; was RR=0 in slot 0103 placeholder -- KEY-OFF couldn't silence; H6 reg 0xBD wave-47 falsified; H1+H5/RR=0 byte-level bug root per WAVE-46/47 analysis)
[10:46:59] [info] Sound system: MidiScheduler armed with MidiBackendOpl3 (patch 0103 Phase 10 Stage 4). Music dispatch routes via SMF parser + 18 x 2-op OPL3 voice allocator + small inline patch bank (community-sourced from Apogee Sound System / AdLib SBI public-domain refs). Pixtone SFX still active on SB16 DAC.
[10:46:59] [info] Sound system: idle-pause skipped (default OFF since patch 0119; backend=opl3 would qualify but operator did not opt-in via SDL_HINT_DOSKUTSU_IDLE_PAUSE=1). DSP stays in continuous-stream mode. Re-enable for an A/B iter once SDL/0037 ForcePause non-engagement is rooted out (task #17).
[10:46:59] [warn] Music dir Ogg/ doesn't exist
[10:46:59] [warn] Music dir Ogg11/ doesn't exist
[10:46:59] [warn] Music dir Ogg17/ doesn't exist
[10:46:59] [warn] Music dir Ogg_ridic/ doesn't exist
[10:46:59] [info] Loading Sound FX...
[10:47:00] [info] [pxt-cache] init(): HIT (loaded cache; render skipped)
[10:47:08] [info] Organya init...
[10:47:09] [info] Organya init done
[10:47:22] [info] gus SFX gain [nx0259]: 70% (SDL_HINT_DOSKUTSU_GUS_SFX_GAIN; scales the GF1 SFX voice volume to balance against velocity/CC-scaled GUS music; default 70, clamp 0..150).
[10:47:22] [info] pixtone IRQ-mix: ENABLED (default; SDL backend engaged; set SDL_HINT_DOSKUTSU_PIXTONE_IRQ_MIX=0 to disable)
[10:47:22] [info] Pixtone::setVolume: L3 active -- mid-play SFX volume updates are no-op in v1 (v2 candidate: SDL_DOSPixtoneSetGain API). gain_x256=256 stored for subsequent SDL_DOSPixtoneStart calls; currently-playing L3 channels unaffected.
[10:47:22] [info] midi ISR tick: engine registered tick_isr callback (L2b active; default ON; set SDL_HINT_DOSKUTSU_MIDI_ISR_TICK=0 to disable)
[10:47:22] [info] menu slide-in fixed-timestep: ENABLED (default; slide advances at 50 Hz logic rate)
[10:47:22] [info] Reading npc.tbl...
[10:47:22] [info] Loading tilekey.dat.
[10:47:22] [info] Script engine init.
[10:47:22] [info] Entering main loop...
[10:47:22] [info] audio mid-gap pump: DISABLED (default)
[10:47:22] [info] TAS fixed-timestep guard: ENABLED (default) (patch 0280; load_stage wall-clock kept out of the FT accumulator so TAS replay advances at a true 50 Hz; set SDL_HINT_DOSKUTSU_TAS_FT_GUARD=0 to disable)
[10:47:22] [info] load_stage ring+DMA silence flush: ENABLED (default) (set SDL_HINT_DOSKUTSU_LOADSTAGE_SILENCE=0 to disable)
[10:47:22] [info] load-band audio-underrun probe: DISABLED (default) (opt-in SDL_HINT_DOSKUTSU_LOADBAND_STAT=1)
[10:47:22] [info]  >> Entering stage 72: 'u'.
[10:47:22] [info] skip sheet flush: ENABLED (default) (SFXPAUSE-012 SHIPPED FIX; sprite sheets stay resident across caves so no per-cave re-decode -> no fire-frame pause; map_flush_graphics tilemap cache still flushes; set SDL_HINT_DOSKUTSU_SKIP_SHEET_FLUSH=0 to restore the old per-cave flush)
[10:47:22] [info] [skip-sheet-flush] cave=1
[10:47:22] [info] eager action sheets: ENABLED (default) (first-fire hitch fix: pre-loads the weapon bullet + hit/muzzle/trail caret sheets at stage load so the first fire/impact does not lazy-decode mid-gameplay; set SDL_HINT_DOSKUTSU_EAGER_ACTION_SHEETS=0 to restore lazy load)
[10:47:23] [info] Surface::loadImage palmap-diag #2: 'data/Bullet.pbm' fmt=SDL_PIXELFORMAT_ABGR8888 remap=HIT -> path=truecolor
[10:47:23] [info] Surface::loadImage palmap-diag #3: 'data/Arms.pbm' fmt=SDL_PIXELFORMAT_ABGR8888 remap=HIT -> path=truecolor
[10:47:23] [info] Surface::loadImage palmap-diag #4: 'data/Caret.pbm' fmt=SDL_PIXELFORMAT_ABGR8888 remap=HIT -> path=truecolor
[10:47:24] [info] Surface::loadImage palmap-diag #5: 'data/Npc/NpcSym.pbm' fmt=SDL_PIXELFORMAT_ABGR8888 remap=HIT -> path=truecolor
[10:47:24] [info] [eager-action-sheets] cave=1 sheets=4 wall_ms=1330
[10:47:24] [info] Surface::loadImage palmap-diag #6: 'data/Stage/PrtWhite.pbm' fmt=SDL_PIXELFORMAT_ABGR8888 remap=HIT -> path=truecolor
[10:47:24] [info] load_stage: entry-music preload ENABLED (default) (set SDL_HINT_DOSKUTSU_PRELOAD_STAGE_MUSIC=0 to disable)
[10:47:24] [info] Surface::loadImage palmap-diag #7: 'data/bk0.pbm' fmt=SDL_PIXELFORMAT_ABGR8888 remap=HIT -> path=truecolor
[10:47:25] [info] gameloop: entered (curmap=72, running=1)
[10:47:25] [info] gameloop: iter 1 ticks=30661 mapno=-1
[10:47:25] [info] fixed-timestep: ENABLED (default; logic 50 Hz, decoupled from render)
[10:47:25] [info] map: BG skip-when-unchanged DISABLED (default) (set SDL_HINT_DOSKUTSU_BG_SKIP_WHEN_UNCHANGED=1 to enable; default OFF since wave-61 -- abandoned, it shipped a backdrop-black flicker and its +0.87 fps was below the noise floor)
[10:47:25] [info] map: skip-redundant-clear lever ENABLED (default since wave-53 promotion)
[10:47:25] [info] perf-mode: level=0 (faithful (default))
[10:47:25] [info] Surface::loadImage palmap-diag #8: 'data/Npc/NpcKings.pbm' fmt=SDL_PIXELFORMAT_ABGR8888 remap=HIT -> path=truecolor
[10:47:25] [info] audio tick-boundary pump: DISABLED (default)
[10:47:25] [info] gameloop: iter 2 ticks=31048 mapno=-1
[10:47:25] [info] gameloop: iter 3 ticks=31101 mapno=-1
[10:47:25] [info] direct-vesa: snapshot @gen=2 use_dosmemput=0 banked_multibank=0 pitches_match=1 vram_w=320 vram_h=240 vram_pitch=320 bpp=1 fb_size=76800 vram_phys=0x78000000 vram_ptr=0x77c00000
[10:47:25] [info] flip-probe: flip #10 ok=true present=3ms inter_flip_ms=30 drawcalls-since-flip=6 drawcalls-total=43 fail-total=0 null-skips-total=0
[10:47:26] [info] flip-probe: flip #20 ok=true present=3ms inter_flip_ms=30 drawcalls-since-flip=4 drawcalls-total=92 fail-total=0 null-skips-total=0
[10:47:26] [info] flip-probe: flip #30 ok=true present=3ms inter_flip_ms=61 drawcalls-since-flip=326 drawcalls-total=2707 fail-total=0 null-skips-total=0
[10:47:27] [info] flip-probe: flip #40 ok=true present=2ms inter_flip_ms=57 drawcalls-since-flip=264 drawcalls-total=5837 fail-total=0 null-skips-total=0
[10:47:27] [info] flip-probe: flip #50 ok=true present=2ms inter_flip_ms=36 drawcalls-since-flip=67 drawcalls-total=7392 fail-total=0 null-skips-total=0
[10:47:28] [info] flip-probe: flip #60 ok=true present=3ms inter_flip_ms=28 drawcalls-since-flip=4 drawcalls-total=7502 fail-total=0 null-skips-total=0
[10:47:28] [info] flip-probe: flip #70 ok=true present=3ms inter_flip_ms=28 drawcalls-since-flip=6 drawcalls-total=7557 fail-total=0 null-skips-total=0
[10:47:28] [info] flip-probe: flip #80 ok=true present=3ms inter_flip_ms=20 drawcalls-since-flip=0 drawcalls-total=7586 fail-total=0 null-skips-total=0
[10:47:28] [info] flip-probe: flip #90 ok=true present=3ms inter_flip_ms=21 drawcalls-since-flip=0 drawcalls-total=7586 fail-total=0 null-skips-total=0
[10:47:28] [info] gameloop: iter 600 ticks=34415 mapno=-1
[10:47:28] [info] title: eager-title-IO phase tag ENABLED (default) (set SDL_HINT_DOSKUTSU_EAGER_TITLE_IO=0 to disable)
[10:47:29] [warn] MidiScheduler::_refresh_isr_buffer: track has 27749 events; ISR buffer is 16384 (truncated; events after 16384 will not dispatch under L2b ON -- the engine-thread tick() path still uses _events directly under L2b OFF)
[10:47:29] [info] MidiScheduler::load: parsed 'data/orgmid2/curly.mid' = 27749 events at 48 PPQ
[10:47:29] [info] opl3 backend: on_song_start
[10:47:29] [info] gameloop: entered (curmap=1005, running=1)
[10:47:29] [info] gameloop: iter 1 ticks=35468 mapno=-1
[10:47:29] [info] map: backdrop cache ENABLED (default) (set SDL_HINT_DOSKUTSU_BACKDROP_CACHE=0 to disable)
[10:47:30] [info] gameloop: iter 2 ticks=36240 mapno=-1
[10:47:30] [info] gameloop: iter 3 ticks=36281 mapno=-1
[10:47:30] [info] backdrop cache: thrashing-detect engaged (streak=4, route=direct)
[10:47:30] [info] flip-probe: flip #100 ok=true present=3ms inter_flip_ms=34 drawcalls-since-flip=75 drawcalls-total=7886 fail-total=0 null-skips-total=0
[10:47:30] [info] alpha audit block 0: 7798 total drawcalls, 0 with alpha<255 (block pct_x10=0; global 0/7798 pct_x10=0); alpha-mod skipped: block=0 global=0
[10:47:30] [info] fastpath audit block 0: taken=7798 (idx8=7798) skipped=0 pct_x10=1000; global taken=7798 (idx8=7798) skipped=0 pct_x10=1000
[10:47:30] [info] primitive tally block 0: clear=220(hr=220) fill=0(hr=0) rect=0(hr=0) line=0(hr=0) tint=0 spotlight=0 (over 100 flips ending at flip 100)
[10:47:30] [info] color/alpha audit block 0: cmod_white=104 cmod_black=0 (idx=0) cmod_general=84 (idx=84) cmod_fb=0; alpha_taken=0 alpha_skipped=0 (global cmod=104/0/84/0 idx=0/84 alpha=0/0)
[10:47:30] [info] phase timing block 0: drawcalls=8209 dc_total_ms=1363 flip_inner_total_ms=557 inter_flip_total_ms=31965 (per-flip avg x10: dc_ms=136 fi_ms=55 if_ms=3196 derived audio+engine_ms=3005; per-drawcall avg us_x10=1660) [direct-vesa: presents=97 total_ms=280 avg_ms_x10=28 failed=0] [ablation: NO_DC_TIMING=0 CACHE_WINSURF=0 DIRECT_VESA=1]
[10:47:30] [info] kbd/audio block 0: kbd_irq=0 kbd_drain=0 ring_chunks=16 pump_pass=99 pic1_mask=0xb8 first_irq_ticks=0 install_ticks=0 vector_at_install=0x0083a028 pic1_mask_live=0x38 kbd_8042_stat=0x34 bios_kbd_head=0x002a bios_kbd_tail=0x002a bios_kbd_buf0=0x1970
[10:47:30] [info] audio/engine split block 0: audio_mixer_calls=0 audio_mixer_ms_x10=0 engine_tick_calls=99 engine_tick_ms_x10=487 audio_service_calls=0 audio_service_ms_x10=0 (per-flip avg; per-call us_x10: audio_mix=0 engine_tick=492657 audio_service=0; global ns: audio_mix=0 engine_tick=4877308530 audio_service=0)
[10:47:30] [info] pixtone multi-source probe: DISABLED (default)
[10:47:30] [info] dirty-rect block @flip=100: total_calls=0 dirty_rects_avg=0 dirty_pct_x10=990 forced_full=0 first_n_force=3 threshold_exceeded=2 dirty_path_taken=0 full_flush_taken=3
[10:47:30] [info] prev-frame-diff block @flip=100: diff_calls=0 diff_rects_avg=0 diff_dirty_pct_x10=0 bbox_pct_x10=0 bbox_thresh_exceeded=0
[10:47:31] [info] flip-probe: flip #110 ok=true present=3ms inter_flip_ms=28 drawcalls-since-flip=75 drawcalls-total=8636 fail-total=0 null-skips-total=0
[10:47:31] [info] flip-probe: flip #120 ok=true present=3ms inter_flip_ms=27 drawcalls-since-flip=75 drawcalls-total=9386 fail-total=0 null-skips-total=0
[10:47:31] [info] flip-probe: flip #130 ok=true present=3ms inter_flip_ms=20 drawcalls-since-flip=0 drawcalls-total=9986 fail-total=0 null-skips-total=0
[10:47:31] [info] Loading profile from profile.dat
[10:47:31] [error] profile_load: unable to open 'profile.dat'
[10:47:31] [info] Loading profile from profile2.dat
[10:47:31] [error] profile_load: unable to open 'profile2.dat'
[10:47:31] [info] Loading profile from profile3.dat
[10:47:31] [info] Loading profile from profile4.dat
[10:47:31] [error] profile_load: unable to open 'profile4.dat'
[10:47:31] [info] Loading profile from profile5.dat
[10:47:32] [info] flip-probe: flip #140 ok=true present=3ms inter_flip_ms=47 drawcalls-since-flip=214 drawcalls-total=10842 fail-total=0 null-skips-total=0
[10:47:32] [info] flip-probe: flip #150 ok=true present=3ms inter_flip_ms=48 drawcalls-since-flip=214 drawcalls-total=12982 fail-total=0 null-skips-total=0
[10:47:32] [info] Writing settings...
[10:47:33] [info] flip-probe: flip #160 ok=true present=3ms inter_flip_ms=20 drawcalls-since-flip=0 drawcalls-total=13846 fail-total=0 null-skips-total=0
[10:47:33] [info] gameloop: iter 600 ticks=38782 mapno=-1
[10:47:33] [info] flip-probe: flip #170 ok=true present=3ms inter_flip_ms=27 drawcalls-since-flip=0 drawcalls-total=13846 fail-total=0 null-skips-total=0
[10:47:33] [info] opl3 backend: on_song_stop
[10:47:33] [info] Loading profile from profile5.dat
[10:47:33] [info]  >> Entering stage 20: 'Save Point'.
[10:47:33] [info] [skip-sheet-flush] cave=2
[10:47:34] [info] MidiScheduler::load: parsed 'data/orgmid2/mura.mid' = 7123 events at 48 PPQ
[10:47:34] [info] opl3 backend: on_song_start
[10:47:34] [info] gameloop: entered (curmap=20, running=1)
[10:47:34] [info] gameloop: iter 1 ticks=39895 mapno=-1
[10:47:34] [info] TAS stall discount: ENABLED (default) (patch 0286; a replay frame over 150 ms is a load, not slow rendering, so it contributes 1 tick instead of its wall-clock; set SDL_HINT_DOSKUTSU_TAS_STALL_DISCOUNT=0 to disable)
[10:47:34] [info] TAS accumulator clamp: DISABLED (default) (patch 0281; caps the FT accumulator delta at one tick during TAS so a stalled frame cannot race the replay index; set SDL_HINT_DOSKUTSU_TAS_FT_GUARD=0 to disable)
[10:47:34] [info] gameloop: iter 2 ticks=39939 mapno=-1
[10:47:34] [info] gameloop: iter 3 ticks=39976 mapno=-1
[10:47:34] [info] flip-probe: flip #180 ok=true present=3ms inter_flip_ms=29 drawcalls-since-flip=17 drawcalls-total=13971 fail-total=0 null-skips-total=0
[10:47:34] [info] flip-probe: flip #190 ok=true present=3ms inter_flip_ms=29 drawcalls-since-flip=17 drawcalls-total=14141 fail-total=0 null-skips-total=0
[10:47:35] [info] flip-probe: flip #200 ok=true present=3ms inter_flip_ms=29 drawcalls-since-flip=17 drawcalls-total=14311 fail-total=0 null-skips-total=0
[10:47:35] [info] alpha audit block 0: 5788 total drawcalls, 0 with alpha<255 (block pct_x10=0; global 0/13586 pct_x10=0); alpha-mod skipped: block=0 global=0
[10:47:35] [info] fastpath audit block 0: taken=5788 (idx8=5788) skipped=0 pct_x10=1000; global taken=13586 (idx8=13586) skipped=0 pct_x10=1000
[10:47:35] [info] primitive tally block 0: clear=201(hr=201) fill=0(hr=0) rect=0(hr=0) line=0(hr=0) tint=0 spotlight=0 (over 100 flips ending at flip 200)
[10:47:35] [info] color/alpha audit block 0: cmod_white=1438 cmod_black=0 (idx=0) cmod_general=609 (idx=609) cmod_fb=0; alpha_taken=0 alpha_skipped=0 (global cmod=1542/0/693/0 idx=0/693 alpha=0/0)
[10:47:35] [info] phase timing block 0: drawcalls=8036 dc_total_ms=1266 flip_inner_total_ms=456 inter_flip_total_ms=4291 (per-flip avg x10: dc_ms=126 fi_ms=45 if_ms=429 derived audio+engine_ms=258; per-drawcall avg us_x10=1575) [direct-vesa: presents=100 total_ms=283 avg_ms_x10=28 failed=0] [ablation: NO_DC_TIMING=0 CACHE_WINSURF=0 DIRECT_VESA=1]
[10:47:35] [info] kbd/audio block 0: kbd_irq=0 kbd_drain=0 ring_chunks=16 pump_pass=210 pic1_mask=0xb8 first_irq_ticks=0 install_ticks=0 vector_at_install=0x0083a028 pic1_mask_live=0x38 kbd_8042_stat=0x34 bios_kbd_head=0x002a bios_kbd_tail=0x002a bios_kbd_buf0=0x1970
[10:47:35] [info] audio/engine split block 0: audio_mixer_calls=0 audio_mixer_ms_x10=0 engine_tick_calls=76 engine_tick_ms_x10=180 audio_service_calls=0 audio_service_ms_x10=0 (per-flip avg; per-call us_x10: audio_mix=0 engine_tick=238058 audio_service=0; global ns: audio_mix=0 engine_tick=6686551060 audio_service=0)
[10:47:35] [info] dirty-rect block @flip=200: total_calls=0 dirty_rects_avg=1 dirty_pct_x10=1000 forced_full=0 first_n_force=0 threshold_exceeded=0 dirty_path_taken=0 full_flush_taken=0
[10:47:35] [info] prev-frame-diff block @flip=200: diff_calls=0 diff_rects_avg=0 diff_dirty_pct_x10=0 bbox_pct_x10=0 bbox_thresh_exceeded=0
[10:47:35] [info] flip-probe: flip #210 ok=true present=3ms inter_flip_ms=31 drawcalls-since-flip=17 drawcalls-total=14481 fail-total=0 null-skips-total=0
[10:47:35] [info] flip-probe: flip #220 ok=true present=3ms inter_flip_ms=31 drawcalls-since-flip=17 drawcalls-total=14651 fail-total=0 null-skips-total=0
[10:47:36] [info] flip-probe: flip #230 ok=true present=2ms inter_flip_ms=31 drawcalls-since-flip=17 drawcalls-total=14821 fail-total=0 null-skips-total=0
[10:47:36] [info] flip-probe: flip #240 ok=true present=3ms inter_flip_ms=66 drawcalls-since-flip=358 drawcalls-total=16338 fail-total=0 null-skips-total=0
[10:47:36] [info]  >> Entering stage 11: 'Mimiga Village'.
[10:47:36] [info] [skip-sheet-flush] cave=3
[10:47:37] [info] [load-stage] preloading entry music song=9 (cave=3)
[10:47:37] [info] gameloop: entered (curmap=11, running=1)
[10:47:37] [info] gameloop: iter 1 ticks=42946 mapno=-1
[10:47:37] [info] map: mds_clear LUT ENABLED (default) (set SDL_HINT_DOSKUTSU_MDS_CLEAR_LUT=0 to disable; default ON; patch 0144 wave-49 bandwidth lever)
[10:47:37] [info] mds-clear-lut: rebuilt N=240 entries (k_skip=0% k_keep=100%; curmap=11 map_size=60x60; rebuild #1 since boot)
[10:47:37] [info] backdrop thrash full-cover ENABLED (default) (set SDL_HINT_DOSKUTSU_THRASH_FULLCOVER=0 to disable)
[10:47:37] [info] [bd-diag] backdrop render-path diag disabled (default) (set SDL_HINT_DOSKUTSU_BACKDROP_DIAG=1 to enable)
[10:47:37] [info] gameloop: iter 2 ticks=43280 mapno=-1
[10:47:37] [info] tas: stall frame 335 ms -> contributing 1 tick (patch 0286)
[10:47:37] [info] gameloop: iter 3 ticks=43367 mapno=-1
[10:47:38] [info] flip-probe: flip #250 ok=true present=3ms inter_flip_ms=94 drawcalls-since-flip=384 drawcalls-total=19696 fail-total=0 null-skips-total=0
[10:47:38] [info] backdrop cache: thrashing-detect engaged (streak=4, route=direct)
[10:47:38] [info] flip-probe: flip #260 ok=true present=3ms inter_flip_ms=44 drawcalls-since-flip=43 drawcalls-total=20612 fail-total=0 null-skips-total=0
[10:47:39] [info] flip-probe: flip #270 ok=true present=3ms inter_flip_ms=48 drawcalls-since-flip=45 drawcalls-total=21050 fail-total=0 null-skips-total=0
[10:47:39] [info] flip-probe: flip #280 ok=true present=2ms inter_flip_ms=47 drawcalls-since-flip=44 drawcalls-total=21509 fail-total=0 null-skips-total=0
[10:47:39] [info] flip-probe: flip #290 ok=true present=3ms inter_flip_ms=41 drawcalls-since-flip=43 drawcalls-total=21941 fail-total=0 null-skips-total=0
[10:47:40] [info] flip-probe: flip #300 ok=true present=3ms inter_flip_ms=44 drawcalls-since-flip=43 drawcalls-total=22371 fail-total=0 null-skips-total=0
[10:47:40] [info] alpha audit block 0: 7290 total drawcalls, 0 with alpha<255 (block pct_x10=0; global 0/20876 pct_x10=0); alpha-mod skipped: block=0 global=0
[10:47:40] [info] fastpath audit block 0: taken=7290 (idx8=7290) skipped=0 pct_x10=1000; global taken=20876 (idx8=20876) skipped=0 pct_x10=1000
[10:47:40] [info] primitive tally block 0: clear=201(hr=201) fill=0(hr=0) rect=0(hr=0) line=0(hr=0) tint=0 spotlight=0 (over 100 flips ending at flip 300)
[10:47:40] [info] color/alpha audit block 0: cmod_white=715 cmod_black=715 (idx=715) cmod_general=0 (idx=0) cmod_fb=0; alpha_taken=0 alpha_skipped=0 (global cmod=2257/715/693/0 idx=715/693 alpha=0/0)
[10:47:40] [info] phase timing block 0: drawcalls=8927 dc_total_ms=1113 flip_inner_total_ms=456 inter_flip_total_ms=5309 (per-flip avg x10: dc_ms=111 fi_ms=45 if_ms=530 derived audio+engine_ms=374; per-drawcall avg us_x10=1246) [direct-vesa: presents=100 total_ms=285 avg_ms_x10=28 failed=0] [ablation: NO_DC_TIMING=0 CACHE_WINSURF=0 DIRECT_VESA=1]
[10:47:40] [info] kbd/audio block 0: kbd_irq=0 kbd_drain=0 ring_chunks=16 pump_pass=429 pic1_mask=0xb8 first_irq_ticks=0 install_ticks=0 vector_at_install=0x0083a028 pic1_mask_live=0x38 kbd_8042_stat=0x34 bios_kbd_head=0x002a bios_kbd_tail=0x002a bios_kbd_buf0=0x1970
[10:47:40] [info] [tile-speedup-stat n=100 drawtile_us=111.76 raw_blit_us=74.42 ratio=1.50]
[10:47:40] [info] dirty-rect block @flip=300: total_calls=100 dirty_rects_avg=1 dirty_pct_x10=1000 forced_full=0 first_n_force=0 threshold_exceeded=0 dirty_path_taken=0 full_flush_taken=0
[10:47:40] [info] prev-frame-diff block @flip=300: diff_calls=0 diff_rects_avg=0 diff_dirty_pct_x10=0 bbox_pct_x10=0 bbox_thresh_exceeded=0
[10:47:40] [info] flip-probe: flip #310 ok=true present=3ms inter_flip_ms=44 drawcalls-since-flip=43 drawcalls-total=22901 fail-total=0 null-skips-total=0
[10:47:40] [info] backdrop cache: thrashing-detect engaged (streak=64, route=direct)
[10:47:41] [info] flip-probe: flip #320 ok=true present=3ms inter_flip_ms=44 drawcalls-since-flip=43 drawcalls-total=23331 fail-total=0 null-skips-total=0
[10:47:41] [info] flip-probe: flip #330 ok=true present=3ms inter_flip_ms=43 drawcalls-since-flip=43 drawcalls-total=23761 fail-total=0 null-skips-total=0
[10:47:42] [info] flip-probe: flip #340 ok=true present=3ms inter_flip_ms=43 drawcalls-since-flip=43 drawcalls-total=24191 fail-total=0 null-skips-total=0
[10:47:42] [info] flip-probe: flip #350 ok=true present=3ms inter_flip_ms=43 drawcalls-since-flip=43 drawcalls-total=24621 fail-total=0 null-skips-total=0
[10:47:43] [info] flip-probe: flip #360 ok=true present=2ms inter_flip_ms=45 drawcalls-since-flip=44 drawcalls-total=25074 fail-total=0 null-skips-total=0
[10:47:43] [info] flip-probe: flip #370 ok=true present=3ms inter_flip_ms=42 drawcalls-since-flip=17 drawcalls-total=25375 fail-total=0 null-skips-total=0
[10:47:43] [info] backdrop cache: thrashing-detect engaged (streak=124, route=direct)
[10:47:43] [info] run_tick_fixed #600: heartbeat (loop alive)
[10:47:44] [info] flip-probe: flip #380 ok=true present=4ms inter_flip_ms=42 drawcalls-since-flip=18 drawcalls-total=25554 fail-total=0 null-skips-total=0
[10:47:44] [info] flip-probe: flip #390 ok=true present=3ms inter_flip_ms=40 drawcalls-since-flip=15 drawcalls-total=25716 fail-total=0 null-skips-total=0
[10:47:44] [info] flip-probe: flip #400 ok=true present=3ms inter_flip_ms=43 drawcalls-since-flip=19 drawcalls-total=25878 fail-total=0 null-skips-total=0
[10:47:44] [info] alpha audit block 0: 2562 total drawcalls, 0 with alpha<255 (block pct_x10=0; global 0/23438 pct_x10=0); alpha-mod skipped: block=0 global=0
[10:47:44] [info] fastpath audit block 0: taken=2562 (idx8=2562) skipped=0 pct_x10=1000; global taken=23438 (idx8=23438) skipped=0 pct_x10=1000
[10:47:44] [info] primitive tally block 0: clear=200(hr=200) fill=0(hr=0) rect=0(hr=0) line=0(hr=0) tint=0 spotlight=0 (over 100 flips ending at flip 400)
[10:47:44] [info] color/alpha audit block 0: cmod_white=845 cmod_black=845 (idx=845) cmod_general=0 (idx=0) cmod_fb=0; alpha_taken=0 alpha_skipped=0 (global cmod=3102/1560/693/0 idx=1560/693 alpha=0/0)
[10:47:44] [info] phase timing block 0: drawcalls=4452 dc_total_ms=717 flip_inner_total_ms=458 inter_flip_total_ms=4470 (per-flip avg x10: dc_ms=71 fi_ms=45 if_ms=447 derived audio+engine_ms=331; per-drawcall avg us_x10=1612) [direct-vesa: presents=100 total_ms=282 avg_ms_x10=28 failed=0] [ablation: NO_DC_TIMING=0 CACHE_WINSURF=0 DIRECT_VESA=1]
[10:47:44] [info] kbd/audio block 0: kbd_irq=0 kbd_drain=0 ring_chunks=16 pump_pass=653 pic1_mask=0xb8 first_irq_ticks=0 install_ticks=0 vector_at_install=0x0083a028 pic1_mask_live=0x38 kbd_8042_stat=0x34 bios_kbd_head=0x002a bios_kbd_tail=0x002a bios_kbd_buf0=0x1970
[10:47:44] [info] dirty-rect block @flip=400: total_calls=0 dirty_rects_avg=1 dirty_pct_x10=1000 forced_full=0 first_n_force=0 threshold_exceeded=0 dirty_path_taken=0 full_flush_taken=0
[10:47:44] [info] prev-frame-diff block @flip=400: diff_calls=0 diff_rects_avg=0 diff_dirty_pct_x10=0 bbox_pct_x10=0 bbox_thresh_exceeded=0
[10:47:45] [info] flip-probe: flip #410 ok=true present=3ms inter_flip_ms=41 drawcalls-since-flip=16 drawcalls-total=26053 fail-total=0 null-skips-total=0
[10:47:45] [info] flip-probe: flip #420 ok=true present=3ms inter_flip_ms=41 drawcalls-since-flip=15 drawcalls-total=26205 fail-total=0 null-skips-total=0
[10:47:46] [info] flip-probe: flip #430 ok=true present=3ms inter_flip_ms=40 drawcalls-since-flip=15 drawcalls-total=26355 fail-total=0 null-skips-total=0
[10:47:46] [info] backdrop cache: thrashing-detect engaged (streak=184, route=direct)
[10:47:46] [info] flip-probe: flip #440 ok=true present=3ms inter_flip_ms=43 drawcalls-since-flip=4 drawcalls-total=28630 fail-total=0 null-skips-total=0
[10:47:46] [info]  >> Entering stage 17: 'Yamashita Farm'.
[10:47:46] [info] [skip-sheet-flush] cave=4
[10:47:47] [info] [load-stage] preloading entry music song=13 (cave=4)
[10:47:47] [info] opl3 backend: on_song_stop
[10:47:47] [info] MidiScheduler::load: parsed 'data/orgmid2/plant.mid' = 6246 events at 48 PPQ
[10:47:47] [info] opl3 backend: on_song_start
[10:47:47] [info] gameloop: entered (curmap=17, running=1)
[10:47:47] [info] gameloop: iter 1 ticks=53116 mapno=-1
[10:47:47] [info] mds-clear-lut: rebuilt N=240 entries (k_skip=33% k_keep=67%; curmap=17 map_size=40x16; rebuild #2 since boot)
[10:47:47] [info] gameloop: iter 2 ticks=53343 mapno=-1
[10:47:47] [info] tas: stall frame 228 ms -> contributing 1 tick (patch 0286)
[10:47:47] [info] gameloop: iter 3 ticks=53430 mapno=-1
[10:47:48] [info] flip-probe: flip #450 ok=true present=3ms inter_flip_ms=61 drawcalls-since-flip=192 drawcalls-total=31741 fail-total=0 null-skips-total=0
[10:47:48] [info] flip-probe: flip #460 ok=true present=3ms inter_flip_ms=54 drawcalls-since-flip=139 drawcalls-total=33093 fail-total=0 null-skips-total=0
[10:47:49] [info] flip-probe: flip #470 ok=true present=3ms inter_flip_ms=60 drawcalls-since-flip=141 drawcalls-total=34490 fail-total=0 null-skips-total=0
[10:47:49] [info] backdrop cache: thrashing-detect engaged (streak=4, route=direct)
[10:47:50] [info] flip-probe: flip #480 ok=true present=3ms inter_flip_ms=64 drawcalls-since-flip=132 drawcalls-total=35870 fail-total=0 null-skips-total=0
[10:47:50] [info] flip-probe: flip #490 ok=true present=3ms inter_flip_ms=62 drawcalls-since-flip=131 drawcalls-total=37160 fail-total=0 null-skips-total=0
[10:47:51] [info] flip-probe: flip #500 ok=true present=3ms inter_flip_ms=61 drawcalls-since-flip=141 drawcalls-total=38512 fail-total=0 null-skips-total=0
[10:47:51] [info] alpha audit block 0: 11767 total drawcalls, 0 with alpha<255 (block pct_x10=0; global 0/35205 pct_x10=0); alpha-mod skipped: block=0 global=0
[10:47:51] [info] fastpath audit block 0: taken=11767 (idx8=11767) skipped=0 pct_x10=1000; global taken=35205 (idx8=35205) skipped=0 pct_x10=1000
[10:47:51] [info] primitive tally block 0: clear=202(hr=202) fill=0(hr=0) rect=0(hr=0) line=0(hr=0) tint=0 spotlight=0 (over 100 flips ending at flip 500)
[10:47:51] [info] color/alpha audit block 0: cmod_white=767 cmod_black=767 (idx=767) cmod_general=0 (idx=0) cmod_fb=0; alpha_taken=0 alpha_skipped=0 (global cmod=3869/2327/693/0 idx=2327/693 alpha=0/0)
[10:47:51] [info] phase timing block 0: drawcalls=13537 dc_total_ms=1414 flip_inner_total_ms=452 inter_flip_total_ms=6585 (per-flip avg x10: dc_ms=141 fi_ms=45 if_ms=658 derived audio+engine_ms=472; per-drawcall avg us_x10=1044) [direct-vesa: presents=100 total_ms=284 avg_ms_x10=28 failed=0] [ablation: NO_DC_TIMING=0 CACHE_WINSURF=0 DIRECT_VESA=1]
[10:47:51] [info] kbd/audio block 0: kbd_irq=0 kbd_drain=0 ring_chunks=16 pump_pass=934 pic1_mask=0xb8 first_irq_ticks=0 install_ticks=0 vector_at_install=0x0083a028 pic1_mask_live=0x38 kbd_8042_stat=0x34 bios_kbd_head=0x002a bios_kbd_tail=0x002a bios_kbd_buf0=0x1970
[10:47:51] [info] dirty-rect block @flip=500: total_calls=0 dirty_rects_avg=1 dirty_pct_x10=1000 forced_full=0 first_n_force=0 threshold_exceeded=0 dirty_path_taken=0 full_flush_taken=0
[10:47:51] [info] prev-frame-diff block @flip=500: diff_calls=0 diff_rects_avg=0 diff_dirty_pct_x10=0 bbox_pct_x10=0 bbox_thresh_exceeded=0
[10:47:52] [info] flip-probe: flip #510 ok=true present=3ms inter_flip_ms=62 drawcalls-since-flip=143 drawcalls-total=39921 fail-total=0 null-skips-total=0
[10:47:52] [info] flip-probe: flip #520 ok=true present=3ms inter_flip_ms=62 drawcalls-since-flip=134 drawcalls-total=41298 fail-total=0 null-skips-total=0
[10:47:53] [info] flip-probe: flip #530 ok=true present=2ms inter_flip_ms=61 drawcalls-since-flip=122 drawcalls-total=42587 fail-total=0 null-skips-total=0
[10:47:53] [info] backdrop cache: thrashing-detect engaged (streak=64, route=direct)
[10:47:54] [info] flip-probe: flip #540 ok=true present=3ms inter_flip_ms=57 drawcalls-since-flip=130 drawcalls-total=43882 fail-total=0 null-skips-total=0
[10:47:54] [info] flip-probe: flip #550 ok=true present=3ms inter_flip_ms=53 drawcalls-since-flip=130 drawcalls-total=45178 fail-total=0 null-skips-total=0
[10:47:55] [info] flip-probe: flip #560 ok=true present=3ms inter_flip_ms=61 drawcalls-since-flip=126 drawcalls-total=46447 fail-total=0 null-skips-total=0
[10:47:55] [info] backdrop cache: thrashing-detect engaged (streak=4, route=direct)
[10:47:55] [info] flip-probe: flip #570 ok=true present=3ms inter_flip_ms=66 drawcalls-since-flip=111 drawcalls-total=47479 fail-total=0 null-skips-total=0
[10:47:56] [info] flip-probe: flip #580 ok=true present=3ms inter_flip_ms=61 drawcalls-since-flip=118 drawcalls-total=48643 fail-total=0 null-skips-total=0
[10:47:56] [info] run_tick_fixed #1200: heartbeat (loop alive)
[10:47:57] [info] backdrop cache: thrashing-detect engaged (streak=4, route=direct)
[10:47:57] [info] flip-probe: flip #590 ok=true present=3ms inter_flip_ms=71 drawcalls-since-flip=112 drawcalls-total=49774 fail-total=0 null-skips-total=0
[10:47:57] [info] flip-probe: flip #600 ok=true present=3ms inter_flip_ms=59 drawcalls-since-flip=112 drawcalls-total=50893 fail-total=0 null-skips-total=0
[10:47:57] [info] alpha audit block 0: 11488 total drawcalls, 0 with alpha<255 (block pct_x10=0; global 0/46693 pct_x10=0); alpha-mod skipped: block=0 global=0
[10:47:57] [info] fastpath audit block 0: taken=11488 (idx8=11488) skipped=0 pct_x10=1000; global taken=46693 (idx8=46693) skipped=0 pct_x10=1000
[10:47:57] [info] primitive tally block 0: clear=200(hr=200) fill=0(hr=0) rect=0(hr=0) line=0(hr=0) tint=0 spotlight=0 (over 100 flips ending at flip 600)
[10:47:57] [info] color/alpha audit block 0: cmod_white=793 cmod_black=793 (idx=793) cmod_general=0 (idx=0) cmod_fb=0; alpha_taken=0 alpha_skipped=0 (global cmod=4662/3120/693/0 idx=3120/693 alpha=0/0)
[10:47:57] [info] phase timing block 0: drawcalls=13282 dc_total_ms=1092 flip_inner_total_ms=462 inter_flip_total_ms=6230 (per-flip avg x10: dc_ms=109 fi_ms=46 if_ms=623 derived audio+engine_ms=468; per-drawcall avg us_x10=822) [direct-vesa: presents=100 total_ms=283 avg_ms_x10=28 failed=0] [ablation: NO_DC_TIMING=0 CACHE_WINSURF=0 DIRECT_VESA=1]
[10:47:57] [info] kbd/audio block 0: kbd_irq=0 kbd_drain=0 ring_chunks=16 pump_pass=1246 pic1_mask=0xb8 first_irq_ticks=0 install_ticks=0 vector_at_install=0x0083a028 pic1_mask_live=0x38 kbd_8042_stat=0x34 bios_kbd_head=0x002a bios_kbd_tail=0x002a bios_kbd_buf0=0x1970
[10:47:57] [info] dirty-rect block @flip=600: total_calls=0 dirty_rects_avg=1 dirty_pct_x10=1000 forced_full=0 first_n_force=0 threshold_exceeded=0 dirty_path_taken=0 full_flush_taken=0
[10:47:57] [info] prev-frame-diff block @flip=600: diff_calls=0 diff_rects_avg=0 diff_dirty_pct_x10=0 bbox_pct_x10=0 bbox_thresh_exceeded=0
[10:47:58] [info] flip-probe: flip #610 ok=true present=3ms inter_flip_ms=53 drawcalls-since-flip=108 drawcalls-total=51976 fail-total=0 null-skips-total=0
[10:47:58] [info] flip-probe: flip #620 ok=true present=3ms inter_flip_ms=60 drawcalls-since-flip=114 drawcalls-total=53088 fail-total=0 null-skips-total=0
[10:47:59] [info] flip-probe: flip #630 ok=true present=3ms inter_flip_ms=60 drawcalls-since-flip=112 drawcalls-total=54206 fail-total=0 null-skips-total=0
[10:48:00] [info] flip-probe: flip #640 ok=true present=3ms inter_flip_ms=60 drawcalls-since-flip=109 drawcalls-total=55324 fail-total=0 null-skips-total=0
[10:48:00] [info] backdrop cache: thrashing-detect engaged (streak=64, route=direct)
[10:48:00] [info] flip-probe: flip #650 ok=true present=3ms inter_flip_ms=66 drawcalls-since-flip=117 drawcalls-total=56474 fail-total=0 null-skips-total=0
[10:48:01] [info] flip-probe: flip #660 ok=true present=3ms inter_flip_ms=56 drawcalls-since-flip=116 drawcalls-total=57645 fail-total=0 null-skips-total=0
[10:48:01] [info] flip-probe: flip #670 ok=true present=3ms inter_flip_ms=56 drawcalls-since-flip=116 drawcalls-total=58796 fail-total=0 null-skips-total=0
[10:48:02] [info] flip-probe: flip #680 ok=true present=3ms inter_flip_ms=57 drawcalls-since-flip=118 drawcalls-total=59977 fail-total=0 null-skips-total=0
[10:48:03] [info] flip-probe: flip #690 ok=true present=3ms inter_flip_ms=85 drawcalls-since-flip=405 drawcalls-total=62896 fail-total=0 null-skips-total=0
[10:48:03] [info]  >> Entering stage 11: 'Mimiga Village'.
[10:48:03] [info] [skip-sheet-flush] cave=5
[10:48:03] [info] [load-stage] preloading entry music song=9 (cave=5)
[10:48:03] [info] opl3 backend: on_song_stop
[10:48:03] [info] MidiScheduler::load: parsed 'data/orgmid2/mura.mid' = 7123 events at 48 PPQ
[10:48:03] [info] opl3 backend: on_song_start
[10:48:03] [info] gameloop: entered (curmap=11, running=1)
[10:48:03] [info] gameloop: iter 1 ticks=69507 mapno=-1
[10:48:03] [info] mds-clear-lut: rebuilt N=240 entries (k_skip=0% k_keep=100%; curmap=11 map_size=60x60; rebuild #3 since boot)
[10:48:04] [info] gameloop: iter 2 ticks=69596 mapno=-1
[10:48:04] [info] gameloop: iter 3 ticks=69691 mapno=-1
[10:48:04] [info] backdrop cache: thrashing-detect engaged (streak=4, route=direct)
[10:48:04] [info] flip-probe: flip #700 ok=true present=3ms inter_flip_ms=52 drawcalls-since-flip=105 drawcalls-total=65372 fail-total=0 null-skips-total=0
[10:48:04] [info] alpha audit block 0: 14262 total drawcalls, 0 with alpha<255 (block pct_x10=0; global 0/60955 pct_x10=0); alpha-mod skipped: block=0 global=0
[10:48:04] [info] fastpath audit block 0: taken=14262 (idx8=14262) skipped=0 pct_x10=1000; global taken=60955 (idx8=60955) skipped=0 pct_x10=1000
[10:48:04] [info] primitive tally block 0: clear=201(hr=201) fill=0(hr=0) rect=0(hr=0) line=0(hr=0) tint=0 spotlight=0 (over 100 flips ending at flip 700)
[10:48:04] [info] color/alpha audit block 0: cmod_white=117 cmod_black=117 (idx=117) cmod_general=0 (idx=0) cmod_fb=0; alpha_taken=0 alpha_skipped=0 (global cmod=4779/3237/693/0 idx=3237/693 alpha=0/0)
[10:48:04] [info] phase timing block 0: drawcalls=14700 dc_total_ms=1254 flip_inner_total_ms=660 inter_flip_total_ms=6943 (per-flip avg x10: dc_ms=125 fi_ms=66 if_ms=694 derived audio+engine_ms=503; per-drawcall avg us_x10=853) [direct-vesa: presents=100 total_ms=282 avg_ms_x10=28 failed=0] [ablation: NO_DC_TIMING=0 CACHE_WINSURF=0 DIRECT_VESA=1]
[10:48:04] [info] kbd/audio block 0: kbd_irq=0 kbd_drain=0 ring_chunks=16 pump_pass=1553 pic1_mask=0xb8 first_irq_ticks=0 install_ticks=0 vector_at_install=0x0083a028 pic1_mask_live=0x38 kbd_8042_stat=0x34 bios_kbd_head=0x002a bios_kbd_tail=0x002a bios_kbd_buf0=0x1970
[10:48:04] [info] dirty-rect block @flip=700: total_calls=0 dirty_rects_avg=1 dirty_pct_x10=1000 forced_full=0 first_n_force=0 threshold_exceeded=0 dirty_path_taken=0 full_flush_taken=0
[10:48:04] [info] prev-frame-diff block @flip=700: diff_calls=0 diff_rects_avg=0 diff_dirty_pct_x10=0 bbox_pct_x10=0 bbox_thresh_exceeded=0
[10:48:04] [info] tas: stall frame 331 ms -> contributing 1 tick (patch 0286)
[10:48:05] [info] flip-probe: flip #710 ok=true present=3ms inter_flip_ms=41 drawcalls-since-flip=41 drawcalls-total=65835 fail-total=0 null-skips-total=0
[10:48:05] [info] flip-probe: flip #720 ok=true present=5ms inter_flip_ms=41 drawcalls-since-flip=41 drawcalls-total=66245 fail-total=0 null-skips-total=0
[10:48:06] [info] flip-probe: flip #730 ok=true present=3ms inter_flip_ms=44 drawcalls-since-flip=41 drawcalls-total=66655 fail-total=0 null-skips-total=0
[10:48:06] [info] flip-probe: flip #740 ok=true present=3ms inter_flip_ms=44 drawcalls-since-flip=41 drawcalls-total=67065 fail-total=0 null-skips-total=0
[10:48:07] [info] flip-probe: flip #750 ok=true present=3ms inter_flip_ms=41 drawcalls-since-flip=41 drawcalls-total=67483 fail-total=0 null-skips-total=0
[10:48:07] [info] backdrop cache: thrashing-detect engaged (streak=64, route=direct)
[10:48:07] [info] flip-probe: flip #760 ok=true present=3ms inter_flip_ms=46 drawcalls-since-flip=41 drawcalls-total=67896 fail-total=0 null-skips-total=0
[10:48:07] [info] flip-probe: flip #770 ok=true present=4ms inter_flip_ms=42 drawcalls-since-flip=42 drawcalls-total=68314 fail-total=0 null-skips-total=0
[10:48:08] [info] flip-probe: flip #780 ok=true present=3ms inter_flip_ms=43 drawcalls-since-flip=43 drawcalls-total=68739 fail-total=0 null-skips-total=0
[10:48:08] [info] flip-probe: flip #790 ok=true present=3ms inter_flip_ms=41 drawcalls-since-flip=42 drawcalls-total=69161 fail-total=0 null-skips-total=0
[10:48:09] [info] flip-probe: flip #800 ok=true present=3ms inter_flip_ms=45 drawcalls-since-flip=42 drawcalls-total=69581 fail-total=0 null-skips-total=0
[10:48:09] [info] alpha audit block 0: 2809 total drawcalls, 0 with alpha<255 (block pct_x10=0; global 0/63764 pct_x10=0); alpha-mod skipped: block=0 global=0
[10:48:09] [info] fastpath audit block 0: taken=2809 (idx8=2809) skipped=0 pct_x10=1000; global taken=63764 (idx8=63764) skipped=0 pct_x10=1000
[10:48:09] [info] primitive tally block 0: clear=200(hr=200) fill=0(hr=0) rect=0(hr=0) line=0(hr=0) tint=0 spotlight=0 (over 100 flips ending at flip 800)
[10:48:09] [info] color/alpha audit block 0: cmod_white=1300 cmod_black=1300 (idx=1300) cmod_general=0 (idx=0) cmod_fb=0; alpha_taken=0 alpha_skipped=0 (global cmod=6079/4537/693/0 idx=4537/693 alpha=0/0)
[10:48:09] [info] phase timing block 0: drawcalls=5609 dc_total_ms=771 flip_inner_total_ms=456 inter_flip_total_ms=4671 (per-flip avg x10: dc_ms=77 fi_ms=45 if_ms=467 derived audio+engine_ms=345; per-drawcall avg us_x10=1376) [direct-vesa: presents=100 total_ms=281 avg_ms_x10=28 failed=0] [ablation: NO_DC_TIMING=0 CACHE_WINSURF=0 DIRECT_VESA=1]
[10:48:09] [info] kbd/audio block 0: kbd_irq=0 kbd_drain=0 ring_chunks=16 pump_pass=1772 pic1_mask=0xb8 first_irq_ticks=0 install_ticks=0 vector_at_install=0x0083a028 pic1_mask_live=0x38 kbd_8042_stat=0x34 bios_kbd_head=0x002a bios_kbd_tail=0x002a bios_kbd_buf0=0x1970
[10:48:09] [info] dirty-rect block @flip=800: total_calls=0 dirty_rects_avg=1 dirty_pct_x10=1000 forced_full=0 first_n_force=0 threshold_exceeded=0 dirty_path_taken=0 full_flush_taken=0
[10:48:09] [info] prev-frame-diff block @flip=800: diff_calls=0 diff_rects_avg=0 diff_dirty_pct_x10=0 bbox_pct_x10=0 bbox_thresh_exceeded=0
[10:48:09] [info] flip-probe: flip #810 ok=true present=3ms inter_flip_ms=46 drawcalls-since-flip=44 drawcalls-total=70011 fail-total=0 null-skips-total=0
[10:48:09] [info] backdrop cache: thrashing-detect engaged (streak=124, route=direct)
[10:48:10] [info] flip-probe: flip #820 ok=true present=3ms inter_flip_ms=41 drawcalls-since-flip=18 drawcalls-total=70217 fail-total=0 null-skips-total=0
[10:48:10] [info] flip-probe: flip #830 ok=true present=2ms inter_flip_ms=39 drawcalls-since-flip=18 drawcalls-total=70397 fail-total=0 null-skips-total=0
[10:48:10] [info] flip-probe: flip #840 ok=true present=3ms inter_flip_ms=38 drawcalls-since-flip=17 drawcalls-total=70572 fail-total=0 null-skips-total=0
[10:48:11] [info] flip-probe: flip #850 ok=true present=3ms inter_flip_ms=39 drawcalls-since-flip=17 drawcalls-total=70738 fail-total=0 null-skips-total=0
[10:48:11] [info] flip-probe: flip #860 ok=true present=3ms inter_flip_ms=41 drawcalls-since-flip=16 drawcalls-total=70905 fail-total=0 null-skips-total=0
[10:48:12] [info] flip-probe: flip #870 ok=true present=3ms inter_flip_ms=39 drawcalls-since-flip=16 drawcalls-total=71065 fail-total=0 null-skips-total=0
[10:48:12] [info] backdrop cache: thrashing-detect engaged (streak=184, route=direct)
[10:48:12] [info] flip-probe: flip #880 ok=true present=3ms inter_flip_ms=38 drawcalls-since-flip=16 drawcalls-total=71225 fail-total=0 null-skips-total=0
[10:48:13] [info] flip-probe: flip #890 ok=true present=3ms inter_flip_ms=39 drawcalls-since-flip=16 drawcalls-total=71385 fail-total=0 null-skips-total=0
[10:48:13] [info] flip-probe: flip #900 ok=true present=3ms inter_flip_ms=43 drawcalls-since-flip=27 drawcalls-total=71600 fail-total=0 null-skips-total=0
[10:48:13] [info] alpha audit block 0: 1776 total drawcalls, 0 with alpha<255 (block pct_x10=0; global 0/65540 pct_x10=0); alpha-mod skipped: block=0 global=0
[10:48:13] [info] fastpath audit block 0: taken=1776 (idx8=1776) skipped=0 pct_x10=1000; global taken=65540 (idx8=65540) skipped=0 pct_x10=1000
[10:48:13] [info] primitive tally block 0: clear=200(hr=200) fill=0(hr=0) rect=0(hr=0) line=0(hr=0) tint=0 spotlight=0 (over 100 flips ending at flip 900)
[10:48:13] [info] color/alpha audit block 0: cmod_white=143 cmod_black=143 (idx=143) cmod_general=0 (idx=0) cmod_fb=0; alpha_taken=0 alpha_skipped=0 (global cmod=6222/4680/693/0 idx=4680/693 alpha=0/0)
[10:48:13] [info] phase timing block 0: drawcalls=2262 dc_total_ms=575 flip_inner_total_ms=447 inter_flip_total_ms=4133 (per-flip avg x10: dc_ms=57 fi_ms=44 if_ms=413 derived audio+engine_ms=312; per-drawcall avg us_x10=2544) [direct-vesa: presents=100 total_ms=283 avg_ms_x10=28 failed=0] [ablation: NO_DC_TIMING=0 CACHE_WINSURF=0 DIRECT_VESA=1]
[10:48:13] [info] kbd/audio block 0: kbd_irq=0 kbd_drain=0 ring_chunks=16 pump_pass=1978 pic1_mask=0xb8 first_irq_ticks=0 install_ticks=0 vector_at_install=0x0083a028 pic1_mask_live=0x38 kbd_8042_stat=0x34 bios_kbd_head=0x002a bios_kbd_tail=0x002a bios_kbd_buf0=0x1970
[10:48:13] [info] dirty-rect block @flip=900: total_calls=0 dirty_rects_avg=1 dirty_pct_x10=1000 forced_full=0 first_n_force=0 threshold_exceeded=0 dirty_path_taken=0 full_flush_taken=0
[10:48:13] [info] prev-frame-diff block @flip=900: diff_calls=0 diff_rects_avg=0 diff_dirty_pct_x10=0 bbox_pct_x10=0 bbox_thresh_exceeded=0
[10:48:13] [info] flip-probe: flip #910 ok=true present=3ms inter_flip_ms=43 drawcalls-since-flip=27 drawcalls-total=71868 fail-total=0 null-skips-total=0
[10:48:14] [info] flip-probe: flip #920 ok=true present=3ms inter_flip_ms=40 drawcalls-since-flip=22 drawcalls-total=72098 fail-total=0 null-skips-total=0
[10:48:14] [info] flip-probe: flip #930 ok=true present=2ms inter_flip_ms=59 drawcalls-since-flip=201 drawcalls-total=72815 fail-total=0 null-skips-total=0
[10:48:15] [info] backdrop cache: thrashing-detect engaged (streak=244, route=direct)
[10:48:15] [info]  >> Entering stage 15: 'Reservoir'.
[10:48:15] [info] [skip-sheet-flush] cave=6
[10:48:15] [info] [load-stage] preloading entry music song=9 (cave=6)
[10:48:15] [info] gameloop: entered (curmap=15, running=1)
[10:48:15] [info] gameloop: iter 1 ticks=81381 mapno=-1
[10:48:15] [info] mds-clear-lut: rebuilt N=240 entries (k_skip=13% k_keep=87%; curmap=15 map_size=40x20; rebuild #4 since boot)
[10:48:15] [info] gameloop: iter 2 ticks=81474 mapno=-1
[10:48:15] [info] gameloop: iter 3 ticks=81554 mapno=-1
[10:48:16] [info] flip-probe: flip #940 ok=true present=3ms inter_flip_ms=79 drawcalls-since-flip=336 drawcalls-total=75620 fail-total=0 null-skips-total=0
[10:48:16] [info] run_tick_fixed #2100: heartbeat (loop alive)
[10:48:16] [info] flip-probe: flip #950 ok=true present=3ms inter_flip_ms=37 drawcalls-since-flip=32 drawcalls-total=77191 fail-total=0 null-skips-total=0
[10:48:16] [info] flip-probe: flip #960 ok=true present=3ms inter_flip_ms=40 drawcalls-since-flip=32 drawcalls-total=77511 fail-total=0 null-skips-total=0
[10:48:17] [info] flip-probe: flip #970 ok=true present=4ms inter_flip_ms=36 drawcalls-since-flip=32 drawcalls-total=77831 fail-total=0 null-skips-total=0
[10:48:17] [info] backdrop cache: thrashing-detect engaged (streak=4, route=direct)
[10:48:17] [info] flip-probe: flip #980 ok=true present=3ms inter_flip_ms=50 drawcalls-since-flip=34 drawcalls-total=78153 fail-total=0 null-skips-total=0
[10:48:18] [info] flip-probe: flip #990 ok=true present=3ms inter_flip_ms=42 drawcalls-since-flip=35 drawcalls-total=78501 fail-total=0 null-skips-total=0
[10:48:18] [info] flip-probe: flip #1000 ok=true present=3ms inter_flip_ms=46 drawcalls-since-flip=32 drawcalls-total=78831 fail-total=0 null-skips-total=0
[10:48:18] [info] alpha audit block 0: 6564 total drawcalls, 0 with alpha<255 (block pct_x10=0; global 0/72104 pct_x10=0); alpha-mod skipped: block=0 global=0
[10:48:18] [info] fastpath audit block 0: taken=6564 (idx8=6564) skipped=0 pct_x10=1000; global taken=72104 (idx8=72104) skipped=0 pct_x10=1000
[10:48:18] [info] primitive tally block 0: clear=201(hr=201) fill=0(hr=0) rect=0(hr=0) line=0(hr=0) tint=0 spotlight=0 (over 100 flips ending at flip 1000)
[10:48:18] [info] color/alpha audit block 0: cmod_white=567 cmod_black=567 (idx=567) cmod_general=0 (idx=0) cmod_fb=0; alpha_taken=0 alpha_skipped=0 (global cmod=6789/5247/693/0 idx=5247/693 alpha=0/0)
[10:48:18] [info] phase timing block 0: drawcalls=7941 dc_total_ms=1201 flip_inner_total_ms=461 inter_flip_total_ms=5229 (per-flip avg x10: dc_ms=120 fi_ms=46 if_ms=522 derived audio+engine_ms=356; per-drawcall avg us_x10=1513) [direct-vesa: presents=100 total_ms=283 avg_ms_x10=28 failed=0] [ablation: NO_DC_TIMING=0 CACHE_WINSURF=0 DIRECT_VESA=1]
[10:48:18] [info] kbd/audio block 0: kbd_irq=0 kbd_drain=0 ring_chunks=16 pump_pass=2211 pic1_mask=0xb8 first_irq_ticks=0 install_ticks=0 vector_at_install=0x0083a028 pic1_mask_live=0x38 kbd_8042_stat=0x34 bios_kbd_head=0x002a bios_kbd_tail=0x002a bios_kbd_buf0=0x1970
[10:48:18] [info] dirty-rect block @flip=1000: total_calls=0 dirty_rects_avg=1 dirty_pct_x10=1000 forced_full=0 first_n_force=0 threshold_exceeded=0 dirty_path_taken=0 full_flush_taken=0
[10:48:18] [info] prev-frame-diff block @flip=1000: diff_calls=0 diff_rects_avg=0 diff_dirty_pct_x10=0 bbox_pct_x10=0 bbox_thresh_exceeded=0
[10:48:19] [info] flip-probe: flip #1010 ok=true present=3ms inter_flip_ms=42 drawcalls-since-flip=32 drawcalls-total=79151 fail-total=0 null-skips-total=0
[10:48:19] [info] flip-probe: flip #1020 ok=true present=3ms inter_flip_ms=42 drawcalls-since-flip=34 drawcalls-total=79487 fail-total=0 null-skips-total=0
[10:48:19] [info] tas: stall frame 208 ms -> contributing 1 tick (patch 0286)
[10:48:20] [info] flip-probe: flip #1030 ok=true present=3ms inter_flip_ms=41 drawcalls-since-flip=36 drawcalls-total=79842 fail-total=0 null-skips-total=0
[10:48:20] [info] backdrop cache: thrashing-detect engaged (streak=64, route=direct)
[10:48:20] [info] flip-probe: flip #1040 ok=true present=2ms inter_flip_ms=49 drawcalls-since-flip=36 drawcalls-total=80197 fail-total=0 null-skips-total=0
[10:48:20] [info] flip-probe: flip #1050 ok=true present=3ms inter_flip_ms=42 drawcalls-since-flip=36 drawcalls-total=80557 fail-total=0 null-skips-total=0
[10:48:21] [info] flip-probe: flip #1060 ok=true present=3ms inter_flip_ms=40 drawcalls-since-flip=19 drawcalls-total=80868 fail-total=0 null-skips-total=0
[10:48:21] [info] flip-probe: flip #1070 ok=true present=3ms inter_flip_ms=38 drawcalls-since-flip=18 drawcalls-total=81052 fail-total=0 null-skips-total=0
[10:48:22] [info] flip-probe: flip #1080 ok=true present=2ms inter_flip_ms=40 drawcalls-since-flip=18 drawcalls-total=81234 fail-total=0 null-skips-total=0
[10:48:22] [info] flip-probe: flip #1090 ok=true present=3ms inter_flip_ms=39 drawcalls-since-flip=17 drawcalls-total=81405 fail-total=0 null-skips-total=0
[10:48:22] [info] run_tick_fixed #2400: heartbeat (loop alive)
[10:48:22] [info] backdrop cache: thrashing-detect engaged (streak=124, route=direct)
[10:48:22] [info] flip-probe: flip #1100 ok=true present=3ms inter_flip_ms=45 drawcalls-since-flip=17 drawcalls-total=81577 fail-total=0 null-skips-total=0
[10:48:22] [info] alpha audit block 0: 2133 total drawcalls, 0 with alpha<255 (block pct_x10=0; global 0/74237 pct_x10=0); alpha-mod skipped: block=0 global=0
[10:48:22] [info] fastpath audit block 0: taken=2133 (idx8=2133) skipped=0 pct_x10=1000; global taken=74237 (idx8=74237) skipped=0 pct_x10=1000
[10:48:22] [info] primitive tally block 0: clear=200(hr=200) fill=0(hr=0) rect=0(hr=0) line=0(hr=0) tint=0 spotlight=0 (over 100 flips ending at flip 1100)
[10:48:22] [info] color/alpha audit block 0: cmod_white=513 cmod_black=513 (idx=513) cmod_general=0 (idx=0) cmod_fb=0; alpha_taken=0 alpha_skipped=0 (global cmod=7302/5760/693/0 idx=5760/693 alpha=0/0)
[10:48:22] [info] phase timing block 0: drawcalls=3359 dc_total_ms=608 flip_inner_total_ms=444 inter_flip_total_ms=4316 (per-flip avg x10: dc_ms=60 fi_ms=44 if_ms=431 derived audio+engine_ms=327; per-drawcall avg us_x10=1812) [direct-vesa: presents=100 total_ms=281 avg_ms_x10=28 failed=0] [ablation: NO_DC_TIMING=0 CACHE_WINSURF=0 DIRECT_VESA=1]
[10:48:23] [info] kbd/audio block 0: kbd_irq=0 kbd_drain=0 ring_chunks=16 pump_pass=2417 pic1_mask=0xb8 first_irq_ticks=0 install_ticks=0 vector_at_install=0x0083a028 pic1_mask_live=0x38 kbd_8042_stat=0x34 bios_kbd_head=0x002a bios_kbd_tail=0x002a bios_kbd_buf0=0x1970
[10:48:23] [info] dirty-rect block @flip=1100: total_calls=0 dirty_rects_avg=1 dirty_pct_x10=1000 forced_full=0 first_n_force=0 threshold_exceeded=0 dirty_path_taken=0 full_flush_taken=0
[10:48:23] [info] prev-frame-diff block @flip=1100: diff_calls=0 diff_rects_avg=0 diff_dirty_pct_x10=0 bbox_pct_x10=0 bbox_thresh_exceeded=0
[10:48:23] [info] flip-probe: flip #1110 ok=true present=4ms inter_flip_ms=38 drawcalls-since-flip=16 drawcalls-total=81737 fail-total=0 null-skips-total=0
[10:48:23] [info] flip-probe: flip #1120 ok=true present=3ms inter_flip_ms=38 drawcalls-since-flip=14 drawcalls-total=81886 fail-total=0 null-skips-total=0
[10:48:24] [info] flip-probe: flip #1130 ok=true present=3ms inter_flip_ms=37 drawcalls-since-flip=14 drawcalls-total=82026 fail-total=0 null-skips-total=0
[10:48:24] [info] flip-probe: flip #1140 ok=true present=3ms inter_flip_ms=44 drawcalls-since-flip=14 drawcalls-total=82166 fail-total=0 null-skips-total=0
[10:48:24] [info] flip-probe: flip #1150 ok=true present=3ms inter_flip_ms=43 drawcalls-since-flip=14 drawcalls-total=82306 fail-total=0 null-skips-total=0
[10:48:25] [info] backdrop cache: thrashing-detect engaged (streak=4, route=direct)
[10:48:25] [info] flip-probe: flip #1160 ok=true present=3ms inter_flip_ms=36 drawcalls-since-flip=14 drawcalls-total=82446 fail-total=0 null-skips-total=0
[10:48:25] [info] flip-probe: flip #1170 ok=true present=3ms inter_flip_ms=39 drawcalls-since-flip=14 drawcalls-total=82586 fail-total=0 null-skips-total=0
[10:48:26] [info] flip-probe: flip #1180 ok=true present=3ms inter_flip_ms=39 drawcalls-since-flip=14 drawcalls-total=82726 fail-total=0 null-skips-total=0
[10:48:26] [info] flip-probe: flip #1190 ok=true present=3ms inter_flip_ms=39 drawcalls-since-flip=14 drawcalls-total=82866 fail-total=0 null-skips-total=0
[10:48:26] [info] flip-probe: flip #1200 ok=true present=3ms inter_flip_ms=38 drawcalls-since-flip=14 drawcalls-total=83006 fail-total=0 null-skips-total=0
[10:48:26] [info] alpha audit block 0: 1329 total drawcalls, 0 with alpha<255 (block pct_x10=0; global 0/75566 pct_x10=0); alpha-mod skipped: block=0 global=0
[10:48:26] [info] fastpath audit block 0: taken=1329 (idx8=1329) skipped=0 pct_x10=1000; global taken=75566 (idx8=75566) skipped=0 pct_x10=1000
[10:48:26] [info] primitive tally block 0: clear=200(hr=200) fill=0(hr=0) rect=0(hr=0) line=0(hr=0) tint=0 spotlight=0 (over 100 flips ending at flip 1200)
[10:48:26] [info] phase timing block 0: drawcalls=1558 dc_total_ms=626 flip_inner_total_ms=448 inter_flip_total_ms=3941 (per-flip avg x10: dc_ms=62 fi_ms=44 if_ms=394 derived audio+engine_ms=288; per-drawcall avg us_x10=4022) [direct-vesa: presents=100 total_ms=283 avg_ms_x10=28 failed=0] [ablation: NO_DC_TIMING=0 CACHE_WINSURF=0 DIRECT_VESA=1]
[10:48:26] [info] kbd/audio block 0: kbd_irq=0 kbd_drain=0 ring_chunks=16 pump_pass=2615 pic1_mask=0xb8 first_irq_ticks=0 install_ticks=0 vector_at_install=0x0083a028 pic1_mask_live=0x38 kbd_8042_stat=0x34 bios_kbd_head=0x002a bios_kbd_tail=0x002a bios_kbd_buf0=0x1970
[10:48:26] [info] dirty-rect block @flip=1200: total_calls=0 dirty_rects_avg=1 dirty_pct_x10=1000 forced_full=0 first_n_force=0 threshold_exceeded=0 dirty_path_taken=0 full_flush_taken=0
[10:48:26] [info] prev-frame-diff block @flip=1200: diff_calls=0 diff_rects_avg=0 diff_dirty_pct_x10=0 bbox_pct_x10=0 bbox_thresh_exceeded=0
[10:48:27] [info] flip-probe: flip #1210 ok=true present=4ms inter_flip_ms=37 drawcalls-since-flip=14 drawcalls-total=83146 fail-total=0 null-skips-total=0
[10:48:27] [info] backdrop cache: thrashing-detect engaged (streak=64, route=direct)
[10:48:27] [info] flip-probe: flip #1220 ok=true present=3ms inter_flip_ms=37 drawcalls-since-flip=14 drawcalls-total=83286 fail-total=0 null-skips-total=0
[10:48:28] [info] flip-probe: flip #1230 ok=true present=3ms inter_flip_ms=38 drawcalls-since-flip=14 drawcalls-total=83426 fail-total=0 null-skips-total=0
[10:48:28] [info] flip-probe: flip #1240 ok=true present=3ms inter_flip_ms=35 drawcalls-since-flip=14 drawcalls-total=83566 fail-total=0 null-skips-total=0
[10:48:28] [info] run_tick_fixed #2700: heartbeat (loop alive)
[10:48:28] [info] flip-probe: flip #1250 ok=true present=3ms inter_flip_ms=62 drawcalls-since-flip=258 drawcalls-total=84536 fail-total=0 null-skips-total=0
[10:48:29] [info]  >> Entering stage 11: 'Mimiga Village'.
[10:48:29] [info] [skip-sheet-flush] cave=7
[10:48:29] [info] [load-stage] preloading entry music song=9 (cave=7)
[10:48:30] [info] gameloop: entered (curmap=11, running=1)
[10:48:30] [info] gameloop: iter 1 ticks=95680 mapno=-1
[10:48:30] [info] mds-clear-lut: rebuilt N=240 entries (k_skip=0% k_keep=100%; curmap=11 map_size=60x60; rebuild #5 since boot)
[10:48:30] [info] gameloop: iter 2 ticks=95770 mapno=-1
[10:48:30] [info] gameloop: iter 3 ticks=95853 mapno=-1
[10:48:30] [info] flip-probe: flip #1260 ok=true present=3ms inter_flip_ms=85 drawcalls-since-flip=331 drawcalls-total=87110 fail-total=0 null-skips-total=0
[10:48:30] [info] flip-probe: flip #1270 ok=true present=3ms inter_flip_ms=42 drawcalls-since-flip=42 drawcalls-total=88567 fail-total=0 null-skips-total=0
[10:48:31] [info] flip-probe: flip #1280 ok=true present=3ms inter_flip_ms=42 drawcalls-since-flip=42 drawcalls-total=88987 fail-total=0 null-skips-total=0
[10:48:31] [info] flip-probe: flip #1290 ok=true present=3ms inter_flip_ms=42 drawcalls-since-flip=42 drawcalls-total=89407 fail-total=0 null-skips-total=0
[10:48:32] [info] flip-probe: flip #1300 ok=true present=3ms inter_flip_ms=44 drawcalls-since-flip=53 drawcalls-total=89893 fail-total=0 null-skips-total=0
[10:48:32] [info] alpha audit block 0: 6228 total drawcalls, 0 with alpha<255 (block pct_x10=0; global 0/81794 pct_x10=0); alpha-mod skipped: block=0 global=0
[10:48:32] [info] fastpath audit block 0: taken=6228 (idx8=6228) skipped=0 pct_x10=1000; global taken=81794 (idx8=81794) skipped=0 pct_x10=1000
[10:48:32] [info] primitive tally block 0: clear=202(hr=202) fill=0(hr=0) rect=0(hr=0) line=0(hr=0) tint=0 spotlight=0 (over 100 flips ending at flip 1300)
[10:48:32] [info] color/alpha audit block 0: cmod_white=559 cmod_black=559 (idx=559) cmod_general=0 (idx=0) cmod_fb=0; alpha_taken=0 alpha_skipped=0 (global cmod=7861/6319/693/0 idx=6319/693 alpha=0/0)
[10:48:32] [info] phase timing block 0: drawcalls=7591 dc_total_ms=1184 flip_inner_total_ms=452 inter_flip_total_ms=5330 (per-flip avg x10: dc_ms=118 fi_ms=45 if_ms=533 derived audio+engine_ms=370; per-drawcall avg us_x10=1560) [direct-vesa: presents=100 total_ms=282 avg_ms_x10=28 failed=0] [ablation: NO_DC_TIMING=0 CACHE_WINSURF=0 DIRECT_VESA=1]
[10:48:32] [info] kbd/audio block 0: kbd_irq=0 kbd_drain=0 ring_chunks=16 pump_pass=2840 pic1_mask=0xb8 first_irq_ticks=0 install_ticks=0 vector_at_install=0x0083a028 pic1_mask_live=0x38 kbd_8042_stat=0x34 bios_kbd_head=0x002a bios_kbd_tail=0x002a bios_kbd_buf0=0x1970
[10:48:32] [info] dirty-rect block @flip=1300: total_calls=0 dirty_rects_avg=1 dirty_pct_x10=1000 forced_full=0 first_n_force=0 threshold_exceeded=0 dirty_path_taken=0 full_flush_taken=0
[10:48:32] [info] prev-frame-diff block @flip=1300: diff_calls=0 diff_rects_avg=0 diff_dirty_pct_x10=0 bbox_pct_x10=0 bbox_thresh_exceeded=0
[10:48:32] [info] backdrop cache: thrashing-detect engaged (streak=4, route=direct)
[10:48:32] [info] flip-probe: flip #1310 ok=true present=3ms inter_flip_ms=46 drawcalls-since-flip=49 drawcalls-total=90399 fail-total=0 null-skips-total=0
[10:48:33] [info] flip-probe: flip #1320 ok=true present=3ms inter_flip_ms=43 drawcalls-since-flip=46 drawcalls-total=90854 fail-total=0 null-skips-total=0
[10:48:33] [info] flip-probe: flip #1330 ok=true present=3ms inter_flip_ms=44 drawcalls-since-flip=43 drawcalls-total=91284 fail-total=0 null-skips-total=0
[10:48:34] [info] flip-probe: flip #1340 ok=true present=3ms inter_flip_ms=44 drawcalls-since-flip=44 drawcalls-total=91717 fail-total=0 null-skips-total=0
[10:48:34] [info] flip-probe: flip #1350 ok=true present=2ms inter_flip_ms=44 drawcalls-since-flip=46 drawcalls-total=92162 fail-total=0 null-skips-total=0
[10:48:35] [info] flip-probe: flip #1360 ok=true present=3ms inter_flip_ms=44 drawcalls-since-flip=45 drawcalls-total=92614 fail-total=0 null-skips-total=0
[10:48:35] [info] backdrop cache: thrashing-detect engaged (streak=64, route=direct)
[10:48:35] [info] flip-probe: flip #1370 ok=true present=3ms inter_flip_ms=45 drawcalls-since-flip=45 drawcalls-total=93064 fail-total=0 null-skips-total=0
[10:48:35] [info] flip-probe: flip #1380 ok=true present=3ms inter_flip_ms=42 drawcalls-since-flip=19 drawcalls-total=93436 fail-total=0 null-skips-total=0
[10:48:36] [info] flip-probe: flip #1390 ok=true present=3ms inter_flip_ms=40 drawcalls-since-flip=19 drawcalls-total=93626 fail-total=0 null-skips-total=0
[10:48:36] [info] flip-probe: flip #1400 ok=true present=3ms inter_flip_ms=41 drawcalls-since-flip=18 drawcalls-total=93813 fail-total=0 null-skips-total=0
[10:48:36] [info] alpha audit block 0: 2819 total drawcalls, 0 with alpha<255 (block pct_x10=0; global 0/84613 pct_x10=0); alpha-mod skipped: block=0 global=0
[10:48:36] [info] fastpath audit block 0: taken=2819 (idx8=2819) skipped=0 pct_x10=1000; global taken=84613 (idx8=84613) skipped=0 pct_x10=1000
[10:48:36] [info] primitive tally block 0: clear=200(hr=200) fill=0(hr=0) rect=0(hr=0) line=0(hr=0) tint=0 spotlight=0 (over 100 flips ending at flip 1400)
[10:48:36] [info] color/alpha audit block 0: cmod_white=1001 cmod_black=1001 (idx=1001) cmod_general=0 (idx=0) cmod_fb=0; alpha_taken=0 alpha_skipped=0 (global cmod=8862/7320/693/0 idx=7320/693 alpha=0/0)
[10:48:36] [info] phase timing block 0: drawcalls=5025 dc_total_ms=758 flip_inner_total_ms=450 inter_flip_total_ms=4492 (per-flip avg x10: dc_ms=75 fi_ms=45 if_ms=449 derived audio+engine_ms=329; per-drawcall avg us_x10=1508) [direct-vesa: presents=100 total_ms=283 avg_ms_x10=28 failed=0] [ablation: NO_DC_TIMING=0 CACHE_WINSURF=0 DIRECT_VESA=1]
[10:48:36] [info] kbd/audio block 0: kbd_irq=0 kbd_drain=0 ring_chunks=16 pump_pass=3065 pic1_mask=0xb8 first_irq_ticks=0 install_ticks=0 vector_at_install=0x0083a028 pic1_mask_live=0x38 kbd_8042_stat=0x34 bios_kbd_head=0x002a bios_kbd_tail=0x002a bios_kbd_buf0=0x1970
[10:48:36] [info] dirty-rect block @flip=1400: total_calls=0 dirty_rects_avg=1 dirty_pct_x10=1000 forced_full=0 first_n_force=0 threshold_exceeded=0 dirty_path_taken=0 full_flush_taken=0
[10:48:36] [info] prev-frame-diff block @flip=1400: diff_calls=0 diff_rects_avg=0 diff_dirty_pct_x10=0 bbox_pct_x10=0 bbox_thresh_exceeded=0
[10:48:37] [info] flip-probe: flip #1410 ok=true present=3ms inter_flip_ms=39 drawcalls-since-flip=18 drawcalls-total=93993 fail-total=0 null-skips-total=0
[10:48:37] [info] flip-probe: flip #1420 ok=true present=3ms inter_flip_ms=41 drawcalls-since-flip=17 drawcalls-total=94169 fail-total=0 null-skips-total=0
[10:48:37] [info] backdrop cache: thrashing-detect engaged (streak=124, route=direct)
[10:48:38] [info] flip-probe: flip #1430 ok=true present=3ms inter_flip_ms=40 drawcalls-since-flip=17 drawcalls-total=94339 fail-total=0 null-skips-total=0
[10:48:38] [info] flip-probe: flip #1440 ok=true present=3ms inter_flip_ms=41 drawcalls-since-flip=19 drawcalls-total=94520 fail-total=0 null-skips-total=0
[10:48:38] [info] flip-probe: flip #1450 ok=true present=2ms inter_flip_ms=43 drawcalls-since-flip=19 drawcalls-total=94710 fail-total=0 null-skips-total=0
[10:48:39] [info] flip-probe: flip #1460 ok=true present=3ms inter_flip_ms=39 drawcalls-since-flip=19 drawcalls-total=94900 fail-total=0 null-skips-total=0
[10:48:39] [info] flip-probe: flip #1470 ok=true present=3ms inter_flip_ms=42 drawcalls-since-flip=18 drawcalls-total=95085 fail-total=0 null-skips-total=0
[10:48:40] [info] flip-probe: flip #1480 ok=true present=4ms inter_flip_ms=41 drawcalls-since-flip=17 drawcalls-total=95261 fail-total=0 null-skips-total=0
[10:48:40] [info] backdrop cache: thrashing-detect engaged (streak=184, route=direct)
[10:48:40] [info] flip-probe: flip #1490 ok=true present=3ms inter_flip_ms=39 drawcalls-since-flip=18 drawcalls-total=95437 fail-total=0 null-skips-total=0
[10:48:40] [info] flip-probe: flip #1500 ok=true present=3ms inter_flip_ms=39 drawcalls-since-flip=18 drawcalls-total=95617 fail-total=0 null-skips-total=0
[10:48:40] [info] alpha audit block 0: 1704 total drawcalls, 0 with alpha<255 (block pct_x10=0; global 0/86317 pct_x10=0); alpha-mod skipped: block=0 global=0
[10:48:40] [info] fastpath audit block 0: taken=1704 (idx8=1704) skipped=0 pct_x10=1000; global taken=86317 (idx8=86317) skipped=0 pct_x10=1000
[10:48:40] [info] primitive tally block 0: clear=200(hr=200) fill=0(hr=0) rect=0(hr=0) line=0(hr=0) tint=0 spotlight=0 (over 100 flips ending at flip 1500)
[10:48:40] [info] phase timing block 0: drawcalls=1904 dc_total_ms=554 flip_inner_total_ms=444 inter_flip_total_ms=4189 (per-flip avg x10: dc_ms=55 fi_ms=44 if_ms=418 derived audio+engine_ms=319; per-drawcall avg us_x10=2912) [direct-vesa: presents=100 total_ms=282 avg_ms_x10=28 failed=0] [ablation: NO_DC_TIMING=0 CACHE_WINSURF=0 DIRECT_VESA=1]
[10:48:40] [info] kbd/audio block 0: kbd_irq=0 kbd_drain=0 ring_chunks=16 pump_pass=3275 pic1_mask=0xb8 first_irq_ticks=0 install_ticks=0 vector_at_install=0x0083a028 pic1_mask_live=0x38 kbd_8042_stat=0x34 bios_kbd_head=0x002a bios_kbd_tail=0x002a bios_kbd_buf0=0x1970
[10:48:40] [info] dirty-rect block @flip=1500: total_calls=0 dirty_rects_avg=1 dirty_pct_x10=1000 forced_full=0 first_n_force=0 threshold_exceeded=0 dirty_path_taken=0 full_flush_taken=0
[10:48:40] [info] prev-frame-diff block @flip=1500: diff_calls=0 diff_rects_avg=0 diff_dirty_pct_x10=0 bbox_pct_x10=0 bbox_thresh_exceeded=0
[10:48:41] [info] flip-probe: flip #1510 ok=true present=3ms inter_flip_ms=41 drawcalls-since-flip=19 drawcalls-total=95807 fail-total=0 null-skips-total=0
[10:48:41] [info] run_tick_fixed #3300: heartbeat (loop alive)
[10:48:41] [info] flip-probe: flip #1520 ok=true present=3ms inter_flip_ms=41 drawcalls-since-flip=19 drawcalls-total=95997 fail-total=0 null-skips-total=0
[10:48:42] [info] flip-probe: flip #1530 ok=true present=3ms inter_flip_ms=39 drawcalls-since-flip=20 drawcalls-total=96191 fail-total=0 null-skips-total=0
[10:48:42] [info] flip-probe: flip #1540 ok=true present=3ms inter_flip_ms=39 drawcalls-since-flip=20 drawcalls-total=96391 fail-total=0 null-skips-total=0
[10:48:42] [info] backdrop cache: thrashing-detect engaged (streak=244, route=direct)
[10:48:43] [info] flip-probe: flip #1550 ok=true present=3ms inter_flip_ms=42 drawcalls-since-flip=20 drawcalls-total=96591 fail-total=0 null-skips-total=0
[10:48:43] [info] flip-probe: flip #1560 ok=true present=3ms inter_flip_ms=41 drawcalls-since-flip=17 drawcalls-total=96782 fail-total=0 null-skips-total=0
[10:48:43] [info] flip-probe: flip #1570 ok=true present=3ms inter_flip_ms=42 drawcalls-since-flip=17 drawcalls-total=96952 fail-total=0 null-skips-total=0
[10:48:44] [info] flip-probe: flip #1580 ok=true present=3ms inter_flip_ms=41 drawcalls-since-flip=17 drawcalls-total=97122 fail-total=0 null-skips-total=0
[10:48:44] [info] flip-probe: flip #1590 ok=true present=2ms inter_flip_ms=41 drawcalls-since-flip=19 drawcalls-total=97302 fail-total=0 null-skips-total=0
[10:48:45] [info] flip-probe: flip #1600 ok=true present=3ms inter_flip_ms=41 drawcalls-since-flip=17 drawcalls-total=97480 fail-total=0 null-skips-total=0
[10:48:45] [info] alpha audit block 0: 1763 total drawcalls, 0 with alpha<255 (block pct_x10=0; global 0/88080 pct_x10=0); alpha-mod skipped: block=0 global=0
[10:48:45] [info] fastpath audit block 0: taken=1763 (idx8=1763) skipped=0 pct_x10=1000; global taken=88080 (idx8=88080) skipped=0 pct_x10=1000
[10:48:45] [info] primitive tally block 0: clear=200(hr=200) fill=0(hr=0) rect=0(hr=0) line=0(hr=0) tint=0 spotlight=0 (over 100 flips ending at flip 1600)
[10:48:45] [info] phase timing block 0: drawcalls=1963 dc_total_ms=565 flip_inner_total_ms=445 inter_flip_total_ms=4212 (per-flip avg x10: dc_ms=56 fi_ms=44 if_ms=421 derived audio+engine_ms=321; per-drawcall avg us_x10=2879) [direct-vesa: presents=100 total_ms=281 avg_ms_x10=28 failed=0] [ablation: NO_DC_TIMING=0 CACHE_WINSURF=0 DIRECT_VESA=1]
[10:48:45] [info] kbd/audio block 0: kbd_irq=0 kbd_drain=0 ring_chunks=16 pump_pass=3485 pic1_mask=0xb8 first_irq_ticks=0 install_ticks=0 vector_at_install=0x0083a028 pic1_mask_live=0x38 kbd_8042_stat=0x34 bios_kbd_head=0x002a bios_kbd_tail=0x002a bios_kbd_buf0=0x1970
[10:48:45] [info] dirty-rect block @flip=1600: total_calls=0 dirty_rects_avg=1 dirty_pct_x10=1000 forced_full=0 first_n_force=0 threshold_exceeded=0 dirty_path_taken=0 full_flush_taken=0
[10:48:45] [info] prev-frame-diff block @flip=1600: diff_calls=0 diff_rects_avg=0 diff_dirty_pct_x10=0 bbox_pct_x10=0 bbox_thresh_exceeded=0
[10:48:45] [info] backdrop cache: thrashing-detect engaged (streak=304, route=direct)
[10:48:45] [info] flip-probe: flip #1610 ok=true present=3ms inter_flip_ms=41 drawcalls-since-flip=16 drawcalls-total=97646 fail-total=0 null-skips-total=0
[10:48:45] [info] flip-probe: flip #1620 ok=true present=3ms inter_flip_ms=41 drawcalls-since-flip=17 drawcalls-total=97811 fail-total=0 null-skips-total=0
[10:48:46] [info] flip-probe: flip #1630 ok=true present=2ms inter_flip_ms=45 drawcalls-since-flip=20 drawcalls-total=97996 fail-total=0 null-skips-total=0
[10:48:46] [info] flip-probe: flip #1640 ok=true present=2ms inter_flip_ms=43 drawcalls-since-flip=20 drawcalls-total=98200 fail-total=0 null-skips-total=0
[10:48:47] [info] flip-probe: flip #1650 ok=true present=3ms inter_flip_ms=42 drawcalls-since-flip=18 drawcalls-total=98383 fail-total=0 null-skips-total=0
[10:48:47] [info] run_tick_fixed #3600: heartbeat (loop alive)
[10:48:47] [info] flip-probe: flip #1660 ok=true present=3ms inter_flip_ms=79 drawcalls-since-flip=359 drawcalls-total=100893 fail-total=0 null-skips-total=0
[10:48:48] [info]  >> Entering stage 19: 'Assembly Hall'.
[10:48:48] [info] [skip-sheet-flush] cave=8
[10:48:48] [info] [load-stage] preloading entry music song=9 (cave=8)
[10:48:48] [info] gameloop: entered (curmap=19, running=1)
[10:48:48] [info] gameloop: iter 1 ticks=114385 mapno=-1
[10:48:48] [info] mds-clear-lut: rebuilt N=240 entries (k_skip=100% k_keep=0%; curmap=19 map_size=21x16; rebuild #6 since boot)
[10:48:48] [info] gameloop: iter 2 ticks=114483 mapno=-1
[10:48:48] [info] gameloop: iter 3 ticks=114571 mapno=-1
[10:48:49] [info] flip-probe: flip #1670 ok=true present=2ms inter_flip_ms=44 drawcalls-since-flip=123 drawcalls-total=104091 fail-total=0 null-skips-total=0
[10:48:49] [info] flip-probe: flip #1680 ok=true present=3ms inter_flip_ms=42 drawcalls-since-flip=122 drawcalls-total=105289 fail-total=0 null-skips-total=0
[10:48:50] [info] flip-probe: flip #1690 ok=true present=3ms inter_flip_ms=43 drawcalls-since-flip=122 drawcalls-total=106509 fail-total=0 null-skips-total=0
[10:48:50] [info] flip-probe: flip #1700 ok=true present=3ms inter_flip_ms=44 drawcalls-since-flip=124 drawcalls-total=107735 fail-total=0 null-skips-total=0
[10:48:50] [info] alpha audit block 0: 9687 total drawcalls, 0 with alpha<255 (block pct_x10=0; global 0/97767 pct_x10=0); alpha-mod skipped: block=0 global=0
[10:48:50] [info] fastpath audit block 0: taken=9687 (idx8=9687) skipped=0 pct_x10=1000; global taken=97767 (idx8=97767) skipped=0 pct_x10=1000
[10:48:50] [info] primitive tally block 0: clear=201(hr=201) fill=0(hr=0) rect=0(hr=0) line=0(hr=0) tint=0 spotlight=0 (over 100 flips ending at flip 1700)
[10:48:50] [info] color/alpha audit block 0: cmod_white=468 cmod_black=468 (idx=468) cmod_general=0 (idx=0) cmod_fb=0; alpha_taken=0 alpha_skipped=0 (global cmod=9330/7788/693/0 idx=7788/693 alpha=0/0)
[10:48:50] [info] phase timing block 0: drawcalls=10863 dc_total_ms=1251 flip_inner_total_ms=452 inter_flip_total_ms=5615 (per-flip avg x10: dc_ms=125 fi_ms=45 if_ms=561 derived audio+engine_ms=391; per-drawcall avg us_x10=1151) [direct-vesa: presents=100 total_ms=283 avg_ms_x10=28 failed=0] [ablation: NO_DC_TIMING=0 CACHE_WINSURF=0 DIRECT_VESA=1]
[10:48:50] [info] kbd/audio block 0: kbd_irq=0 kbd_drain=0 ring_chunks=16 pump_pass=3724 pic1_mask=0xb8 first_irq_ticks=0 install_ticks=0 vector_at_install=0x0083a028 pic1_mask_live=0x38 kbd_8042_stat=0x34 bios_kbd_head=0x002a bios_kbd_tail=0x002a bios_kbd_buf0=0x1970
[10:48:50] [info] dirty-rect block @flip=1700: total_calls=0 dirty_rects_avg=1 dirty_pct_x10=1000 forced_full=0 first_n_force=0 threshold_exceeded=0 dirty_path_taken=0 full_flush_taken=0
[10:48:50] [info] prev-frame-diff block @flip=1700: diff_calls=0 diff_rects_avg=0 diff_dirty_pct_x10=0 bbox_pct_x10=0 bbox_thresh_exceeded=0
[10:48:51] [info] flip-probe: flip #1710 ok=true present=3ms inter_flip_ms=44 drawcalls-since-flip=122 drawcalls-total=108974 fail-total=0 null-skips-total=0
[10:48:51] [info] flip-probe: flip #1720 ok=true present=3ms inter_flip_ms=42 drawcalls-since-flip=123 drawcalls-total=110205 fail-total=0 null-skips-total=0
[10:48:52] [info] flip-probe: flip #1730 ok=true present=2ms inter_flip_ms=43 drawcalls-since-flip=122 drawcalls-total=111427 fail-total=0 null-skips-total=0
[10:48:52] [info] flip-probe: flip #1740 ok=true present=3ms inter_flip_ms=42 drawcalls-since-flip=122 drawcalls-total=112647 fail-total=0 null-skips-total=0
[10:48:52] [info] flip-probe: flip #1750 ok=true present=3ms inter_flip_ms=44 drawcalls-since-flip=122 drawcalls-total=113867 fail-total=0 null-skips-total=0
[10:48:53] [info] flip-probe: flip #1760 ok=true present=3ms inter_flip_ms=43 drawcalls-since-flip=122 drawcalls-total=115087 fail-total=0 null-skips-total=0
[10:48:54] [info] flip-probe: flip #1770 ok=true present=3ms inter_flip_ms=78 drawcalls-since-flip=462 drawcalls-total=118715 fail-total=0 null-skips-total=0
[10:48:54] [info]  >> Entering stage 11: 'Mimiga Village'.
[10:48:54] [info] [skip-sheet-flush] cave=9
[10:48:54] [info] [load-stage] preloading entry music song=9 (cave=9)
[10:48:54] [info] gameloop: entered (curmap=11, running=1)
[10:48:54] [info] gameloop: iter 1 ticks=120472 mapno=-1
[10:48:54] [info] mds-clear-lut: rebuilt N=240 entries (k_skip=0% k_keep=100%; curmap=11 map_size=60x60; rebuild #7 since boot)
[10:48:54] [info] gameloop: iter 2 ticks=120571 mapno=-1
[10:48:55] [info] gameloop: iter 3 ticks=120663 mapno=-1
[10:48:55] [info] backdrop cache: thrashing-detect engaged (streak=4, route=direct)
[10:48:55] [info] flip-probe: flip #1780 ok=true present=4ms inter_flip_ms=42 drawcalls-since-flip=36 drawcalls-total=121077 fail-total=0 null-skips-total=0
[10:48:56] [info] flip-probe: flip #1790 ok=true present=3ms inter_flip_ms=45 drawcalls-since-flip=46 drawcalls-total=121512 fail-total=0 null-skips-total=0
[10:48:56] [info] flip-probe: flip #1800 ok=true present=3ms inter_flip_ms=44 drawcalls-since-flip=43 drawcalls-total=121962 fail-total=0 null-skips-total=0
[10:48:56] [info] alpha audit block 0: 12898 total drawcalls, 0 with alpha<255 (block pct_x10=0; global 0/110665 pct_x10=0); alpha-mod skipped: block=0 global=0
[10:48:56] [info] fastpath audit block 0: taken=12898 (idx8=12898) skipped=0 pct_x10=1000; global taken=110665 (idx8=110665) skipped=0 pct_x10=1000
[10:48:56] [info] primitive tally block 0: clear=201(hr=201) fill=0(hr=0) rect=0(hr=0) line=0(hr=0) tint=0 spotlight=0 (over 100 flips ending at flip 1800)
[10:48:56] [info] color/alpha audit block 0: cmod_white=1229 cmod_black=1229 (idx=1229) cmod_general=0 (idx=0) cmod_fb=0; alpha_taken=0 alpha_skipped=0 (global cmod=10559/9017/693/0 idx=9017/693 alpha=0/0)
[10:48:56] [info] phase timing block 0: drawcalls=15633 dc_total_ms=1603 flip_inner_total_ms=461 inter_flip_total_ms=5749 (per-flip avg x10: dc_ms=160 fi_ms=46 if_ms=574 derived audio+engine_ms=368; per-drawcall avg us_x10=1026) [direct-vesa: presents=100 total_ms=284 avg_ms_x10=28 failed=0] [ablation: NO_DC_TIMING=0 CACHE_WINSURF=0 DIRECT_VESA=1]
[10:48:56] [info] kbd/audio block 0: kbd_irq=0 kbd_drain=0 ring_chunks=16 pump_pass=3971 pic1_mask=0xb8 first_irq_ticks=0 install_ticks=0 vector_at_install=0x0083a028 pic1_mask_live=0x38 kbd_8042_stat=0x34 bios_kbd_head=0x002a bios_kbd_tail=0x002a bios_kbd_buf0=0x1970
[10:48:56] [info] dirty-rect block @flip=1800: total_calls=0 dirty_rects_avg=1 dirty_pct_x10=1000 forced_full=0 first_n_force=0 threshold_exceeded=0 dirty_path_taken=0 full_flush_taken=0
[10:48:56] [info] prev-frame-diff block @flip=1800: diff_calls=0 diff_rects_avg=0 diff_dirty_pct_x10=0 bbox_pct_x10=0 bbox_thresh_exceeded=0
[10:48:56] [info] flip-probe: flip #1810 ok=true present=2ms inter_flip_ms=44 drawcalls-since-flip=43 drawcalls-total=122389 fail-total=0 null-skips-total=0
[10:48:57] [info] flip-probe: flip #1820 ok=true present=3ms inter_flip_ms=47 drawcalls-since-flip=45 drawcalls-total=122828 fail-total=0 null-skips-total=0
[10:48:57] [info] flip-probe: flip #1830 ok=true present=3ms inter_flip_ms=45 drawcalls-since-flip=43 drawcalls-total=123266 fail-total=0 null-skips-total=0
[10:48:58] [info] backdrop cache: thrashing-detect engaged (streak=64, route=direct)
[10:48:58] [info] flip-probe: flip #1840 ok=true present=3ms inter_flip_ms=43 drawcalls-since-flip=46 drawcalls-total=123705 fail-total=0 null-skips-total=0
[10:48:58] [info] flip-probe: flip #1850 ok=true present=3ms inter_flip_ms=44 drawcalls-since-flip=45 drawcalls-total=124159 fail-total=0 null-skips-total=0
[10:48:59] [info] flip-probe: flip #1860 ok=true present=3ms inter_flip_ms=42 drawcalls-since-flip=44 drawcalls-total=124605 fail-total=0 null-skips-total=0
[10:48:59] [info] tas: stall frame 261 ms -> contributing 1 tick (patch 0286)
[10:48:59] [info] flip-probe: flip #1870 ok=true present=3ms inter_flip_ms=45 drawcalls-since-flip=44 drawcalls-total=125045 fail-total=0 null-skips-total=0
[10:49:00] [info] flip-probe: flip #1880 ok=true present=3ms inter_flip_ms=42 drawcalls-since-flip=43 drawcalls-total=125479 fail-total=0 null-skips-total=0
[10:49:00] [info] flip-probe: flip #1890 ok=true present=3ms inter_flip_ms=44 drawcalls-since-flip=43 drawcalls-total=125909 fail-total=0 null-skips-total=0
[10:49:01] [info] backdrop cache: thrashing-detect engaged (streak=124, route=direct)
[10:49:01] [info] flip-probe: flip #1900 ok=true present=3ms inter_flip_ms=40 drawcalls-since-flip=18 drawcalls-total=126108 fail-total=0 null-skips-total=0
[10:49:01] [info] alpha audit block 0: 2863 total drawcalls, 0 with alpha<255 (block pct_x10=0; global 0/113528 pct_x10=0); alpha-mod skipped: block=0 global=0
[10:49:01] [info] fastpath audit block 0: taken=2863 (idx8=2863) skipped=0 pct_x10=1000; global taken=113528 (idx8=113528) skipped=0 pct_x10=1000
[10:49:01] [info] primitive tally block 0: clear=200(hr=200) fill=0(hr=0) rect=0(hr=0) line=0(hr=0) tint=0 spotlight=0 (over 100 flips ending at flip 1900)
[10:49:01] [info] color/alpha audit block 0: cmod_white=1183 cmod_black=1183 (idx=1183) cmod_general=0 (idx=0) cmod_fb=0; alpha_taken=0 alpha_skipped=0 (global cmod=11742/10200/693/0 idx=10200/693 alpha=0/0)
[10:49:01] [info] phase timing block 0: drawcalls=5429 dc_total_ms=763 flip_inner_total_ms=666 inter_flip_total_ms=4697 (per-flip avg x10: dc_ms=76 fi_ms=66 if_ms=469 derived audio+engine_ms=327; per-drawcall avg us_x10=1406) [direct-vesa: presents=100 total_ms=281 avg_ms_x10=28 failed=0] [ablation: NO_DC_TIMING=0 CACHE_WINSURF=0 DIRECT_VESA=1]
[10:49:01] [info] kbd/audio block 0: kbd_irq=0 kbd_drain=0 ring_chunks=16 pump_pass=4194 pic1_mask=0xb8 first_irq_ticks=0 install_ticks=0 vector_at_install=0x0083a028 pic1_mask_live=0x38 kbd_8042_stat=0x34 bios_kbd_head=0x002a bios_kbd_tail=0x002a bios_kbd_buf0=0x1970
[10:49:01] [info] dirty-rect block @flip=1900: total_calls=0 dirty_rects_avg=1 dirty_pct_x10=1000 forced_full=0 first_n_force=0 threshold_exceeded=0 dirty_path_taken=0 full_flush_taken=0
[10:49:01] [info] prev-frame-diff block @flip=1900: diff_calls=0 diff_rects_avg=0 diff_dirty_pct_x10=0 bbox_pct_x10=0 bbox_thresh_exceeded=0
[10:49:01] [info] flip-probe: flip #1910 ok=true present=2ms inter_flip_ms=41 drawcalls-since-flip=18 drawcalls-total=126288 fail-total=0 null-skips-total=0
[10:49:02] [info] flip-probe: flip #1920 ok=true present=3ms inter_flip_ms=42 drawcalls-since-flip=20 drawcalls-total=126478 fail-total=0 null-skips-total=0
[10:49:02] [info] flip-probe: flip #1930 ok=true present=3ms inter_flip_ms=38 drawcalls-since-flip=16 drawcalls-total=126658 fail-total=0 null-skips-total=0
[10:49:02] [info] flip-probe: flip #1940 ok=true present=3ms inter_flip_ms=40 drawcalls-since-flip=15 drawcalls-total=126810 fail-total=0 null-skips-total=0
[10:49:03] [info] flip-probe: flip #1950 ok=true present=3ms inter_flip_ms=60 drawcalls-since-flip=180 drawcalls-total=127227 fail-total=0 null-skips-total=0
[10:49:03] [info] backdrop cache: thrashing-detect engaged (streak=184, route=direct)
[10:49:03] [info]  >> Entering stage 14: 'Shack'.
[10:49:03] [info] [skip-sheet-flush] cave=10
[10:49:04] [info] [load-stage] preloading entry music song=8 (cave=10)
[10:49:04] [info] opl3 backend: on_song_stop
[10:49:04] [info] MidiScheduler::load: parsed 'data/orgmid2/vivi.mid' = 11188 events at 48 PPQ
[10:49:04] [info] opl3 backend: on_song_start
[10:49:04] [info] gameloop: entered (curmap=14, running=1)
[10:49:04] [info] gameloop: iter 1 ticks=130336 mapno=-1
[10:49:04] [info] gameloop: iter 2 ticks=130409 mapno=-1
[10:49:04] [info] gameloop: iter 3 ticks=130486 mapno=-1
[10:49:04] [info] flip-probe: flip #1960 ok=true present=3ms inter_flip_ms=80 drawcalls-since-flip=365 drawcalls-total=130354 fail-total=0 null-skips-total=0
[10:49:05] [info] flip-probe: flip #1970 ok=true present=3ms inter_flip_ms=30 drawcalls-since-flip=13 drawcalls-total=131976 fail-total=0 null-skips-total=0
[10:49:05] [info] flip-probe: flip #1980 ok=true present=3ms inter_flip_ms=32 drawcalls-since-flip=24 drawcalls-total=132205 fail-total=0 null-skips-total=0
[10:49:06] [info] flip-probe: flip #1990 ok=true present=3ms inter_flip_ms=31 drawcalls-since-flip=24 drawcalls-total=132445 fail-total=0 null-skips-total=0
[10:49:06] [info] flip-probe: flip #2000 ok=true present=3ms inter_flip_ms=34 drawcalls-since-flip=24 drawcalls-total=132685 fail-total=0 null-skips-total=0
[10:49:06] [info] alpha audit block 0: 6305 total drawcalls, 0 with alpha<255 (block pct_x10=0; global 0/119833 pct_x10=0); alpha-mod skipped: block=0 global=0
[10:49:06] [info] fastpath audit block 0: taken=6305 (idx8=6305) skipped=0 pct_x10=1000; global taken=119833 (idx8=119833) skipped=0 pct_x10=1000
[10:49:06] [info] primitive tally block 0: clear=201(hr=201) fill=0(hr=0) rect=0(hr=0) line=0(hr=0) tint=0 spotlight=0 (over 100 flips ending at flip 2000)
[10:49:06] [info] color/alpha audit block 0: cmod_white=215 cmod_black=215 (idx=215) cmod_general=0 (idx=0) cmod_fb=0; alpha_taken=0 alpha_skipped=0 (global cmod=11957/10415/693/0 idx=10415/693 alpha=0/0)
[10:49:06] [info] phase timing block 0: drawcalls=6936 dc_total_ms=945 flip_inner_total_ms=457 inter_flip_total_ms=5254 (per-flip avg x10: dc_ms=94 fi_ms=45 if_ms=525 derived audio+engine_ms=386; per-drawcall avg us_x10=1363) [direct-vesa: presents=100 total_ms=284 avg_ms_x10=28 failed=0] [ablation: NO_DC_TIMING=0 CACHE_WINSURF=0 DIRECT_VESA=1]
[10:49:06] [info] kbd/audio block 0: kbd_irq=0 kbd_drain=0 ring_chunks=16 pump_pass=4408 pic1_mask=0xb8 first_irq_ticks=0 install_ticks=0 vector_at_install=0x0083a028 pic1_mask_live=0x38 kbd_8042_stat=0x34 bios_kbd_head=0x002a bios_kbd_tail=0x002a bios_kbd_buf0=0x1970
[10:49:06] [info] dirty-rect block @flip=2000: total_calls=0 dirty_rects_avg=1 dirty_pct_x10=1000 forced_full=0 first_n_force=0 threshold_exceeded=0 dirty_path_taken=0 full_flush_taken=0
[10:49:06] [info] prev-frame-diff block @flip=2000: diff_calls=0 diff_rects_avg=0 diff_dirty_pct_x10=0 bbox_pct_x10=0 bbox_thresh_exceeded=0
[10:49:06] [info] flip-probe: flip #2010 ok=true present=2ms inter_flip_ms=35 drawcalls-since-flip=27 drawcalls-total=132951 fail-total=0 null-skips-total=0
[10:49:07] [info] flip-probe: flip #2020 ok=true present=3ms inter_flip_ms=33 drawcalls-since-flip=25 drawcalls-total=133218 fail-total=0 null-skips-total=0
[10:49:07] [info] flip-probe: flip #2030 ok=true present=3ms inter_flip_ms=33 drawcalls-since-flip=24 drawcalls-total=133460 fail-total=0 null-skips-total=0
[10:49:07] [info] flip-probe: flip #2040 ok=true present=3ms inter_flip_ms=32 drawcalls-since-flip=24 drawcalls-total=133700 fail-total=0 null-skips-total=0
[10:49:08] [info] flip-probe: flip #2050 ok=true present=2ms inter_flip_ms=31 drawcalls-since-flip=24 drawcalls-total=133940 fail-total=0 null-skips-total=0
[10:49:08] [info] run_tick_fixed #4500: heartbeat (loop alive)
[10:49:08] [info] flip-probe: flip #2060 ok=true present=3ms inter_flip_ms=32 drawcalls-since-flip=24 drawcalls-total=134180 fail-total=0 null-skips-total=0
[10:49:08] [info] flip-probe: flip #2070 ok=true present=3ms inter_flip_ms=32 drawcalls-since-flip=24 drawcalls-total=134420 fail-total=0 null-skips-total=0
[10:49:09] [info] flip-probe: flip #2080 ok=true present=3ms inter_flip_ms=31 drawcalls-since-flip=14 drawcalls-total=134630 fail-total=0 null-skips-total=0
[10:49:09] [info] flip-probe: flip #2090 ok=true present=3ms inter_flip_ms=30 drawcalls-since-flip=14 drawcalls-total=134770 fail-total=0 null-skips-total=0
[10:49:09] [info] flip-probe: flip #2100 ok=true present=3ms inter_flip_ms=31 drawcalls-since-flip=14 drawcalls-total=134910 fail-total=0 null-skips-total=0
[10:49:09] [info] alpha audit block 0: 1840 total drawcalls, 0 with alpha<255 (block pct_x10=0; global 0/121673 pct_x10=0); alpha-mod skipped: block=0 global=0
[10:49:09] [info] fastpath audit block 0: taken=1840 (idx8=1840) skipped=0 pct_x10=1000; global taken=121673 (idx8=121673) skipped=0 pct_x10=1000
[10:49:09] [info] primitive tally block 0: clear=200(hr=200) fill=0(hr=0) rect=0(hr=0) line=0(hr=0) tint=0 spotlight=0 (over 100 flips ending at flip 2100)
[10:49:09] [info] color/alpha audit block 0: cmod_white=385 cmod_black=385 (idx=385) cmod_general=0 (idx=0) cmod_fb=0; alpha_taken=0 alpha_skipped=0 (global cmod=12342/10800/693/0 idx=10800/693 alpha=0/0)
[10:49:09] [info] phase timing block 0: drawcalls=2810 dc_total_ms=586 flip_inner_total_ms=448 inter_flip_total_ms=3284 (per-flip avg x10: dc_ms=58 fi_ms=44 if_ms=328 derived audio+engine_ms=226; per-drawcall avg us_x10=2087) [direct-vesa: presents=100 total_ms=282 avg_ms_x10=28 failed=0] [ablation: NO_DC_TIMING=0 CACHE_WINSURF=0 DIRECT_VESA=1]
[10:49:09] [info] kbd/audio block 0: kbd_irq=0 kbd_drain=0 ring_chunks=16 pump_pass=4573 pic1_mask=0xb8 first_irq_ticks=0 install_ticks=0 vector_at_install=0x0083a028 pic1_mask_live=0x38 kbd_8042_stat=0x34 bios_kbd_head=0x002a bios_kbd_tail=0x002a bios_kbd_buf0=0x1970
[10:49:09] [info] dirty-rect block @flip=2100: total_calls=0 dirty_rects_avg=1 dirty_pct_x10=1000 forced_full=0 first_n_force=0 threshold_exceeded=0 dirty_path_taken=0 full_flush_taken=0
[10:49:09] [info] prev-frame-diff block @flip=2100: diff_calls=0 diff_rects_avg=0 diff_dirty_pct_x10=0 bbox_pct_x10=0 bbox_thresh_exceeded=0
[10:49:10] [info] flip-probe: flip #2110 ok=true present=3ms inter_flip_ms=70 drawcalls-since-flip=355 drawcalls-total=137255 fail-total=0 null-skips-total=0
[10:49:10] [info]  >> Entering stage 11: 'Mimiga Village'.
[10:49:10] [info] [skip-sheet-flush] cave=11
[10:49:10] [info] [load-stage] preloading entry music song=9 (cave=11)
[10:49:10] [info] opl3 backend: on_song_stop
[10:49:11] [info] MidiScheduler::load: parsed 'data/orgmid2/mura.mid' = 7123 events at 48 PPQ
[10:49:11] [info] opl3 backend: on_song_start
[10:49:11] [info] gameloop: entered (curmap=11, running=1)
[10:49:11] [info] gameloop: iter 1 ticks=136771 mapno=-1
[10:49:11] [info] gameloop: iter 2 ticks=136862 mapno=-1
[10:49:11] [info] gameloop: iter 3 ticks=136950 mapno=-1
[10:49:11] [info] backdrop cache: thrashing-detect engaged (streak=4, route=direct)
[10:49:11] [info] flip-probe: flip #2120 ok=true present=3ms inter_flip_ms=43 drawcalls-since-flip=70 drawcalls-total=139905 fail-total=0 null-skips-total=0
[10:49:12] [info] flip-probe: flip #2130 ok=true present=3ms inter_flip_ms=41 drawcalls-since-flip=41 drawcalls-total=140286 fail-total=0 null-skips-total=0
[10:49:12] [info] flip-probe: flip #2140 ok=true present=3ms inter_flip_ms=43 drawcalls-since-flip=44 drawcalls-total=140714 fail-total=0 null-skips-total=0
[10:49:13] [info] flip-probe: flip #2150 ok=true present=3ms inter_flip_ms=44 drawcalls-since-flip=44 drawcalls-total=141154 fail-total=0 null-skips-total=0
[10:49:13] [info] flip-probe: flip #2160 ok=true present=3ms inter_flip_ms=46 drawcalls-since-flip=48 drawcalls-total=141620 fail-total=0 null-skips-total=0
[10:49:14] [info] flip-probe: flip #2170 ok=true present=3ms inter_flip_ms=43 drawcalls-since-flip=43 drawcalls-total=142066 fail-total=0 null-skips-total=0
[10:49:14] [info] backdrop cache: thrashing-detect engaged (streak=64, route=direct)
[10:49:14] [info] flip-probe: flip #2180 ok=true present=3ms inter_flip_ms=43 drawcalls-since-flip=43 drawcalls-total=142496 fail-total=0 null-skips-total=0
[10:49:14] [info] flip-probe: flip #2190 ok=true present=4ms inter_flip_ms=42 drawcalls-since-flip=46 drawcalls-total=142948 fail-total=0 null-skips-total=0
[10:49:15] [info] run_tick_fixed #4800: heartbeat (loop alive)
[10:49:15] [info] backdrop cache: thrashing-detect engaged (streak=4, route=direct)
[10:49:15] [info] flip-probe: flip #2200 ok=true present=3ms inter_flip_ms=44 drawcalls-since-flip=45 drawcalls-total=143400 fail-total=0 null-skips-total=0
[10:49:15] [info] alpha audit block 0: 7258 total drawcalls, 0 with alpha<255 (block pct_x10=0; global 0/128931 pct_x10=0); alpha-mod skipped: block=0 global=0
[10:49:15] [info] fastpath audit block 0: taken=7258 (idx8=7258) skipped=0 pct_x10=1000; global taken=128931 (idx8=128931) skipped=0 pct_x10=1000
[10:49:15] [info] primitive tally block 0: clear=201(hr=201) fill=0(hr=0) rect=0(hr=0) line=0(hr=0) tint=0 spotlight=0 (over 100 flips ending at flip 2200)
[10:49:15] [info] color/alpha audit block 0: cmod_white=1144 cmod_black=1144 (idx=1144) cmod_general=0 (idx=0) cmod_fb=0; alpha_taken=0 alpha_skipped=0 (global cmod=13486/11944/693/0 idx=11944/693 alpha=0/0)
[10:49:15] [info] phase timing block 0: drawcalls=9756 dc_total_ms=1164 flip_inner_total_ms=460 inter_flip_total_ms=5681 (per-flip avg x10: dc_ms=116 fi_ms=46 if_ms=568 derived audio+engine_ms=406; per-drawcall avg us_x10=1193) [direct-vesa: presents=100 total_ms=284 avg_ms_x10=28 failed=0] [ablation: NO_DC_TIMING=0 CACHE_WINSURF=0 DIRECT_VESA=1]
[10:49:15] [info] kbd/audio block 0: kbd_irq=0 kbd_drain=0 ring_chunks=16 pump_pass=4817 pic1_mask=0xb8 first_irq_ticks=0 install_ticks=0 vector_at_install=0x0083a028 pic1_mask_live=0x38 kbd_8042_stat=0x34 bios_kbd_head=0x002a bios_kbd_tail=0x002a bios_kbd_buf0=0x1970
[10:49:15] [info] dirty-rect block @flip=2200: total_calls=0 dirty_rects_avg=1 dirty_pct_x10=1000 forced_full=0 first_n_force=0 threshold_exceeded=0 dirty_path_taken=0 full_flush_taken=0
[10:49:15] [info] prev-frame-diff block @flip=2200: diff_calls=0 diff_rects_avg=0 diff_dirty_pct_x10=0 bbox_pct_x10=0 bbox_thresh_exceeded=0
[10:49:15] [info] flip-probe: flip #2210 ok=true present=3ms inter_flip_ms=43 drawcalls-since-flip=45 drawcalls-total=143850 fail-total=0 null-skips-total=0
[10:49:16] [info] flip-probe: flip #2220 ok=true present=4ms inter_flip_ms=44 drawcalls-since-flip=47 drawcalls-total=144309 fail-total=0 null-skips-total=0
[10:49:16] [info] flip-probe: flip #2230 ok=true present=3ms inter_flip_ms=45 drawcalls-since-flip=45 drawcalls-total=144770 fail-total=0 null-skips-total=0
[10:49:17] [info] flip-probe: flip #2240 ok=true present=3ms inter_flip_ms=42 drawcalls-since-flip=18 drawcalls-total=145005 fail-total=0 null-skips-total=0
[10:49:17] [info] flip-probe: flip #2250 ok=true present=3ms inter_flip_ms=41 drawcalls-since-flip=18 drawcalls-total=145185 fail-total=0 null-skips-total=0
[10:49:17] [info] backdrop cache: thrashing-detect engaged (streak=4, route=direct)
[10:49:18] [info] flip-probe: flip #2260 ok=true present=3ms inter_flip_ms=41 drawcalls-since-flip=20 drawcalls-total=145377 fail-total=0 null-skips-total=0
[10:49:18] [info] flip-probe: flip #2270 ok=true present=3ms inter_flip_ms=40 drawcalls-since-flip=21 drawcalls-total=145581 fail-total=0 null-skips-total=0
[10:49:18] [info] flip-probe: flip #2280 ok=true present=3ms inter_flip_ms=41 drawcalls-since-flip=20 drawcalls-total=145786 fail-total=0 null-skips-total=0
[10:49:19] [info] flip-probe: flip #2290 ok=true present=3ms inter_flip_ms=40 drawcalls-since-flip=19 drawcalls-total=145979 fail-total=0 null-skips-total=0
[10:49:19] [info] flip-probe: flip #2300 ok=true present=3ms inter_flip_ms=41 drawcalls-since-flip=19 drawcalls-total=146169 fail-total=0 null-skips-total=0
[10:49:19] [info] alpha audit block 0: 2253 total drawcalls, 0 with alpha<255 (block pct_x10=0; global 0/131184 pct_x10=0); alpha-mod skipped: block=0 global=0
[10:49:19] [info] fastpath audit block 0: taken=2253 (idx8=2253) skipped=0 pct_x10=1000; global taken=131184 (idx8=131184) skipped=0 pct_x10=1000
[10:49:19] [info] primitive tally block 0: clear=200(hr=200) fill=0(hr=0) rect=0(hr=0) line=0(hr=0) tint=0 spotlight=0 (over 100 flips ending at flip 2300)
[10:49:19] [info] color/alpha audit block 0: cmod_white=416 cmod_black=416 (idx=416) cmod_general=0 (idx=0) cmod_fb=0; alpha_taken=0 alpha_skipped=0 (global cmod=13902/12360/693/0 idx=12360/693 alpha=0/0)
[10:49:19] [info] phase timing block 0: drawcalls=3289 dc_total_ms=656 flip_inner_total_ms=445 inter_flip_total_ms=4286 (per-flip avg x10: dc_ms=65 fi_ms=44 if_ms=428 derived audio+engine_ms=319; per-drawcall avg us_x10=1996) [direct-vesa: presents=100 total_ms=282 avg_ms_x10=28 failed=0] [ablation: NO_DC_TIMING=0 CACHE_WINSURF=0 DIRECT_VESA=1]
[10:49:19] [info] kbd/audio block 0: kbd_irq=0 kbd_drain=0 ring_chunks=16 pump_pass=5032 pic1_mask=0xb8 first_irq_ticks=0 install_ticks=0 vector_at_install=0x0083a028 pic1_mask_live=0x38 kbd_8042_stat=0x34 bios_kbd_head=0x002a bios_kbd_tail=0x002a bios_kbd_buf0=0x1970
[10:49:19] [info] dirty-rect block @flip=2300: total_calls=0 dirty_rects_avg=1 dirty_pct_x10=1000 forced_full=0 first_n_force=0 threshold_exceeded=0 dirty_path_taken=0 full_flush_taken=0
[10:49:19] [info] prev-frame-diff block @flip=2300: diff_calls=0 diff_rects_avg=0 diff_dirty_pct_x10=0 bbox_pct_x10=0 bbox_thresh_exceeded=0
[10:49:20] [info] flip-probe: flip #2310 ok=true present=3ms inter_flip_ms=41 drawcalls-since-flip=19 drawcalls-total=146359 fail-total=0 null-skips-total=0
[10:49:20] [info] backdrop cache: thrashing-detect engaged (streak=64, route=direct)
[10:49:20] [info] flip-probe: flip #2320 ok=true present=3ms inter_flip_ms=41 drawcalls-since-flip=19 drawcalls-total=146549 fail-total=0 null-skips-total=0
[10:49:21] [info] flip-probe: flip #2330 ok=true present=3ms inter_flip_ms=41 drawcalls-since-flip=19 drawcalls-total=146739 fail-total=0 null-skips-total=0
[10:49:21] [info] run_tick_fixed #5100: heartbeat (loop alive)
[10:49:21] [info] flip-probe: flip #2340 ok=true present=3ms inter_flip_ms=42 drawcalls-since-flip=60 drawcalls-total=147175 fail-total=0 null-skips-total=0
[10:49:21] [info] flip-probe: flip #2350 ok=true present=3ms inter_flip_ms=42 drawcalls-since-flip=60 drawcalls-total=147775 fail-total=0 null-skips-total=0
[10:49:22] [info] flip-probe: flip #2360 ok=true present=2ms inter_flip_ms=44 drawcalls-since-flip=60 drawcalls-total=148375 fail-total=0 null-skips-total=0
[10:49:22] [info] tas: end-of-replay auto-exit at tick 5140 (recording exhausted; set DOSKUTSU_TAS_REPLAY_HOLD=1 to disable + observe steady-state past recording end)
[10:49:22] [info] Script engine shutdown.
[10:49:22] [info] opl3 backend: on_song_stop
[10:49:22] [info] opl3 backend: cleared reg 0xBD chip-wide latch (wub-wub mitigation per flush-instr WAVE-46 H6)
[10:49:22] [info] opl3 backend shutdown (all 18 voices KEY-OFF unconditionally; OPL2 mode restored; chip state safe for next process)
[10:49:23] [info] Sound system shutdown
[10:49:23] [info] Renderer::Close()
[10:49:23] [info] tas: replay file closed
[10:49:23] [info] [fps-true] flips=2368 render_s=145 fps_mean=16.3 (clock-independent: flips / seconds since the FIRST flip; use THIS for the fps matrix, not inter_flip medians, which are invalid in any cell running the PIT/IRQ-0 music pump)
[RUNMANIFEST-BEGIN]
schema_version=1
environment=realhw
binary_sha12=f8d446b4b0e0
wave_tag=6C4
scene=
env_block_sha=a90ce0022ad8
started_utc=2026-11-19T03:50:43Z
duration_s=160
exit_code=0
fps_p50=NA
fps_p95=NA
audio_vital_status=NA
regime=NA
banner_required_hit=0
banner_required_total=0
banner_forbidden_hit=0
banner_optional_hit=0
critical_count=0
warn_count=0
[RUNMANIFEST-END]
[10:49:23] [info] [runmanifest-emit] schema=v1 env=realhw sha12=f8d446b4b0e0 dur=160s tag='6C4' scene='' env_sha=a90ce0022ad8 (signals=0x4)
