Logger::init: wave-53 log level=INFO path='LOGS/GC5.LOG'
[13:00:39] [info] config: loaded DOSKUTSU.CFG (2 keys)
[13:00:39] [info] tas: PRNG seed forced to 12345 via DOSKUTSU_TAS_PRNG_SEED
[13:00:39] [info] tas: auto-exit armed at tick 30000 via DOSKUTSU_TAS_AUTO_EXIT_TICK
[13:00:39] [info] tas: replay opened path='QA.TAS' header_seed=12345
[13:00:39] [info] AUDIO_BACKEND=adlib -- omitting SDL_INIT_AUDIO (no Sound Blaster on a native-AdLib config; the OPL chip is driven by direct port I/O + the PIT/IRQ-0 music pump). SoundManager::init() STILL RUNS (unlike AUDIO_OFF) to bring up the OPL2 backend. MUSIC ONLY -- no PCM SFX on a DAC-less AdLib card.
[13:00:40] [info] data cache: DISABLED (default)
[13:00:40] [info] Joystick: skipped (default; set DOSKUTSU_USE_JOYSTICK=1 to enable -- skips SDL3-DOS gameport BIOS INT 15h polling, ~82 ms / flip on real HW)
[13:00:40] [info] Loading settings...
[13:00:40] [info] [input-bind] applied=0 invert_y=0 dos_axes=1
[13:00:40] [info] Renderer::initVideo: 8bpp mode requested via SDL_HINT_DOS_MAX_BPP=8 (wave 16); SDL3-DOS will pick the highest-bpp <= 8 mode at requested resolution
[13:00:40] [info] Renderer::initVideo: DOS resolution-label lock ENABLED (default)
[13:00:40] [info] Renderer::initVideo: using: software renderer
[13:00:42] [info] Renderer::initVideo: dirty-rect tracking ENABLED (wave 15, default ON; set SDL_HINT_DOSKUTSU_DIRTY_RECTS=0 to disable)
[13:00:42] [info] Renderer::initVideo: ablation flags: NO_DC_TIMING=0 CACHE_WINSURF=0 NO_INPUT_POLL=0 DIRECT_VESA=1
[13:00:42] [info] Renderer::initVideo: direct-VESA hot path ENABLED (default since wave 20 patch 0088; bypasses SDL_RenderPresent / SDL_UpdateWindowSurface and writes via SDL/0034's PresentFull helper; R2 mitigation handled by SDL/0034 generation counter -- no per-N-flip heartbeat needed; set SDL_HINT_DOSKUTSU_DIRECT_VESA=0 to revert)
[13:00:42] [info] Renderer::initVideo: flip-phase instrumentation DISABLED (default; set SDL_HINT_DOSKUTSU_FLIP_INSTR=1 to opt in for wave-20 Lever A diagnostic)
[13:00:42] [info] Renderer::initVideo: asm opaque-span blit lever DISABLED (default; set SDL_HINT_DOSKUTSU_ASM_BLIT=1 to opt in -- wave-51 _blit_indexed colorkey-blit lever)
[13:00:42] [info] Renderer::initVideo: blit-decomp instrumentation DISABLED (default; set SDL_HINT_DOSKUTSU_BLIT_DECOMP=1 to opt in -- wave-51 _blit_indexed sub-decomp sizing)
[13:00:42] [info] Renderer::initVideo: mds-scroll-decomp instrumentation DISABLED (default; set SDL_HINT_DOSKUTSU_MDS_DECOMP=1 to opt in -- wave-52 mode_draw_scene scrolling-block decomp)
[13:00:42] [info] Renderer::initVideo: DOSVESA pump yield: skipped (default) (per-flip explicit SDL_Delay(0) yield is always on; set SDL_HINT_DOSKUTSU_FORCE_PUMP_YIELD=1 to restore old per-pump yield)
[13:00:42] [info] Renderer::initVideo: indexed-mode (8bpp) ENABLED -- master palette + 107 per-asset remap LUTs loaded (wave 16, default ON; set SDL_HINT_DOSKUTSU_PIXEL_FORMAT_8=0 to disable)
[13:00:42] [info] Renderer::initVideo: master palette attached to window surface (format=SDL_PIXELFORMAT_INDEX8, ncolors=256)
[13:00:42] [info] Renderer::initVideo: indexed-mode smoke: idx0=(0,0,0) OK idx255=(255,0,255) OK
[13:00:42] [info] Renderer::initVideo: indexed-mode smoke: paletteRemapFor('MyChar.pbm') = present
[13:00:42] [info] Surface::loadImage palmap-diag #1: 'data/Loading.pbm' fmt=SDL_PIXELFORMAT_ABGR8888 remap=HIT -> path=truecolor
[13:00:42] [info] Renderer: prev-frame diff DISABLED (default since wave 17.6; set SDL_HINT_DOSKUTSU_PREVFRAME_DIFF=1 to opt in)
[13:00:43] [info] flip-probe: renderer=software window_ptr=8805616 colorspace=301991328 window_size=320x240 framebuffer_pixels=320x240 logical_present=320x240 mode=2
[13:00:43] [info] flip-probe: first flip ok=true present=42ms inter_flip_ms=0 drawcalls-since-flip=1 drawcalls-total=1
[13:00:43] [info] Sound system init
[13:00:43] [info] Sound system: AdLib (OPL2) path -- AUDIO_BACKEND=adlib. Skipping SB16 + SDL_mixer bring-up (no SDL_INIT_AUDIO); music via native OPL2 FM on the PIT/IRQ-0 pump. MUSIC ONLY: a DAC-less AdLib card has no PCM SFX. See docs/internal/ADLIB-NATIVE-DESIGN.md.
[13:00:43] [info] Sound system: AdLib PC-speaker SFX beeps -- engine SFX->beep mapping WIRED (patch 0264; SDL owns default-ON killswitch SDL_HINT_DOSKUTSU_PCSPK_SFX=0 to disable). See docs/internal/ADLIB-PCSPK-SFX-DESIGN.md.
[13:00:43] [info] Sound system: 4-state audio enable (#31) -- music=on sfx=on (MUSIC_OFF/AUDIO_BACKEND=none -> music-off; SFX_OFF/SFX_DEVICE=none -> sfx-off; both gates are dispatch-level, the device still opens; AUDIO_OFF=1 is the device-level both-off).
[13:00:43] [info] Sound system: Tier-2 audio config (default since wave 21 patch 0093; 11025 Hz, 1 channel, buffer pinned to 256 frames). Measured savings on g2k Pentium OverDrive 83 MHz (W21A): heavy-music scenes ~+11 fps vs Tier-1 baseline (measured -10 to -15 ms/flip post-0094 audio fix; W21A's pre-fix -26.6 ms figure was inflated by stereo-vs-mono playback bug, see patch 0094). Audio quality is reduced vs Tier-1 (mono, 11025 Hz, simple-average L+R downmix) but recognizable; user accepted the trade per direction 2026-05-05. Set SDL_HINT_DOSKUTSU_AUDIO_TIER2=0 to revert to Tier-1 22050 stereo (full Cave Story 2004 audio quality; trades fps for fidelity).
[13:00:43] [info] Sound system: SDL_HINT_AUDIO_DEVICE_SAMPLE_FRAMES=256
[13:00:43] [info] Pixtone IRQ rate-divider: handed master_rate=11025 int16/s (SAMPLE_RATE=11025 x AUDIO_CHANNELS=1) to SDL for auto-RATEDIV (SDL/0074 computes shift_div from the resolved device freq).
[13:00:43] [info] Sound system: device frame-rate: requesting 11025 Hz match to master (SDL_DOSAudioSetDeviceFrameRate; SB16 opens at the engine frame rate instead of SDL's 44100 floor -- 4x less PCM/s + no resampler on the Organya/Pixtone path; killswitch SDL_HINT_DOSKUTSU_DOS_AUDIO_DEVICE_RATE_DEFAULT=0).
[13:00:43] [info] audio backend: adlib (Campaign 2 -- native OPL2 FM synthesis on a no-Sound-Blaster card; 9-voice single-bank allocator; music clock = PIT/IRQ-0 OPL pump, NOT SB IRQ-5). MUSIC ONLY -- no PCM SFX on a DAC-less AdLib card. SoundManager::init probes OPL2 at 0x388 via the Adlib timer-1 sequence; if absent, music is silent (the game still runs). Reuses data/opl3bank.dat (DMXOPL GM bank).
[13:00:43] [info] Sound system: AdLib path -- no SB16 mixer (music via the PIT pump; SFX disabled on this no-SB out-of-band path).
[13:00:43] [info] wave-13.6.1: ring_chunks=16 FORCE_PUMP_YIELD=off (set SDL_HINT_DOSKUTSU_AUDIO_RING_CHUNKS=4|8|16 to override; default 16 matches wave 13.6 behaviour)
[13:00:43] [info] MidiScheduler: MIDI source = 'orgmid2' (native-GM org2mid set; resolves to data/orgmid2/<name>.mid).
[13:00:43] [info] opl2 backend probing for OPL chip (Adlib timer-1 sequence on 0x388)...
[13:00:43] [info] opl2 backend: opl3bank.dat loaded 128 programs from 'data/opl3bank.dat' (1536 bytes). OPL2 ignores the SBI panning nibble; programs >= 128 fall back to the 8-patch family bucket; drum channel uses PATCH_DRUM.
[13:00:43] [info] opl2 backend ready (OPL2 detected; 9-voice single-bank allocator armed; bank=runtime opl3bank.dat ACTIVE; clock = PIT/IRQ-0 OPL music pump, NOT SB IRQ-5; MUSIC ONLY -- no PCM SFX on a DAC-less AdLib card).
[13:00:43] [info] Sound system: MidiScheduler armed with MidiBackendOpl2 (Campaign 2 AdLib -- native OPL2 FM, 9-voice single bank). Music dispatch routes via SMF parser + OPL2 voice allocator; the clock is the PIT/IRQ-0 OPL pump (SDL/0110), NOT the SB IRQ-5. MUSIC ONLY -- no Pixtone PCM SFX on a DAC-less card.
[13:00:43] [info] Sound system: idle-pause skipped (backend=adlib does not qualify; only opl3 supports idle-pause per patch 0115; default OFF since patch 0119 regardless of backend).
[13:00:43] [warn] Music dir Ogg/ doesn't exist
[13:00:43] [warn] Music dir Ogg11/ doesn't exist
[13:00:43] [warn] Music dir Ogg17/ doesn't exist
[13:00:43] [warn] Music dir Ogg_ridic/ doesn't exist
[13:00:43] [info] Sound system: AdLib path -- skipping Pixtone/SFX/Organya/mixer init (no SDL audio device; MUSIC ONLY -- a DAC-less AdLib card has no PCM SFX). No MIX_CreateTrack / SFX-render attempts; runtime SFX calls no-op.
[13:00:43] [info] adlib: music pump STARTED at 120 Hz (PIT ch0 / IRQ-0 drives MidiScheduler::tick_isr; BIOS 18.2 Hz tick chained; restored on exit). This is the music clock on a no-SB card.
[13:00:43] [info] menu slide-in fixed-timestep: ENABLED (default; slide advances at 50 Hz logic rate)
[13:00:43] [info] Reading npc.tbl...
[13:00:43] [info] Loading tilekey.dat.
[13:00:43] [info] Script engine init.
[13:00:43] [info] Entering main loop...
[13:00:43] [info] audio mid-gap pump: DISABLED (default)
[13:00:43] [info] TAS fixed-timestep guard: ENABLED (default) (patch 0280; load_stage wall-clock kept out of the FT accumulator so TAS replay advances at a true 50 Hz; set SDL_HINT_DOSKUTSU_TAS_FT_GUARD=0 to disable)
[13:00:43] [info] load_stage ring+DMA silence flush: ENABLED (default) (set SDL_HINT_DOSKUTSU_LOADSTAGE_SILENCE=0 to disable)
[13:00:43] [info] load-band audio-underrun probe: DISABLED (default) (opt-in SDL_HINT_DOSKUTSU_LOADBAND_STAT=1)
[13:00:43] [info]  >> Entering stage 72: 'u'.
[13:00:43] [info] skip sheet flush: ENABLED (default) (SFXPAUSE-012 SHIPPED FIX; sprite sheets stay resident across caves so no per-cave re-decode -> no fire-frame pause; map_flush_graphics tilemap cache still flushes; set SDL_HINT_DOSKUTSU_SKIP_SHEET_FLUSH=0 to restore the old per-cave flush)
[13:00:43] [info] [skip-sheet-flush] cave=1
[13:00:43] [info] eager action sheets: ENABLED (default) (first-fire hitch fix: pre-loads the weapon bullet + hit/muzzle/trail caret sheets at stage load so the first fire/impact does not lazy-decode mid-gameplay; set SDL_HINT_DOSKUTSU_EAGER_ACTION_SHEETS=0 to restore lazy load)
[13:00:44] [info] Surface::loadImage palmap-diag #2: 'data/Bullet.pbm' fmt=SDL_PIXELFORMAT_ABGR8888 remap=HIT -> path=truecolor
[13:00:44] [info] Surface::loadImage palmap-diag #3: 'data/Arms.pbm' fmt=SDL_PIXELFORMAT_ABGR8888 remap=HIT -> path=truecolor
[13:00:44] [info] Surface::loadImage palmap-diag #4: 'data/Caret.pbm' fmt=SDL_PIXELFORMAT_ABGR8888 remap=HIT -> path=truecolor
[13:00:44] [info] Surface::loadImage palmap-diag #5: 'data/Npc/NpcSym.pbm' fmt=SDL_PIXELFORMAT_ABGR8888 remap=HIT -> path=truecolor
[13:00:44] [info] [eager-action-sheets] cave=1 sheets=4 wall_ms=882
[13:00:45] [info] Surface::loadImage palmap-diag #6: 'data/Stage/PrtWhite.pbm' fmt=SDL_PIXELFORMAT_ABGR8888 remap=HIT -> path=truecolor
[13:00:45] [info] load_stage: entry-music preload ENABLED (default) (set SDL_HINT_DOSKUTSU_PRELOAD_STAGE_MUSIC=0 to disable)
[13:00:45] [info] Surface::loadImage palmap-diag #7: 'data/bk0.pbm' fmt=SDL_PIXELFORMAT_ABGR8888 remap=HIT -> path=truecolor
[13:00:45] [info] gameloop: entered (curmap=72, running=1)
[13:00:45] [info] gameloop: iter 1 ticks=6425 mapno=-1
[13:00:45] [info] fixed-timestep: ENABLED (default; logic 50 Hz, decoupled from render)
[13:00:45] [info] map: BG skip-when-unchanged DISABLED (default) (set SDL_HINT_DOSKUTSU_BG_SKIP_WHEN_UNCHANGED=1 to enable; default OFF since wave-61 -- abandoned, it shipped a backdrop-black flicker and its +0.87 fps was below the noise floor)
[13:00:45] [info] map: skip-redundant-clear lever ENABLED (default since wave-53 promotion)
[13:00:45] [info] perf-mode: level=0 (faithful (default))
[13:00:45] [info] Surface::loadImage palmap-diag #8: 'data/Npc/NpcKings.pbm' fmt=SDL_PIXELFORMAT_ABGR8888 remap=HIT -> path=truecolor
[13:00:45] [info] audio tick-boundary pump: DISABLED (default)
[13:00:45] [info] gameloop: iter 2 ticks=6698 mapno=-1
[13:00:45] [info] gameloop: iter 3 ticks=6753 mapno=-1
[13:00:45] [info] direct-vesa: snapshot @gen=2 use_dosmemput=0 banked_multibank=0 pitches_match=1 vram_w=320 vram_h=240 vram_pitch=320 bpp=1 fb_size=76800 vram_phys=0x78000000 vram_ptr=0x77c00000
[13:00:46] [info] flip-probe: flip #10 ok=true present=-3ms inter_flip_ms=55 drawcalls-since-flip=6 drawcalls-total=43 fail-total=0 null-skips-total=0
[13:00:46] [info] flip-probe: flip #20 ok=true present=-2ms inter_flip_ms=57 drawcalls-since-flip=4 drawcalls-total=92 fail-total=0 null-skips-total=0
[13:00:47] [info] flip-probe: flip #30 ok=true present=-3ms inter_flip_ms=54 drawcalls-since-flip=326 drawcalls-total=2707 fail-total=0 null-skips-total=0
[13:00:47] [info] flip-probe: flip #40 ok=true present=6ms inter_flip_ms=52 drawcalls-since-flip=0 drawcalls-total=5573 fail-total=0 null-skips-total=0
[13:00:48] [info] flip-probe: flip #50 ok=true present=5ms inter_flip_ms=56 drawcalls-since-flip=0 drawcalls-total=5573 fail-total=0 null-skips-total=0
[13:00:48] [info] title: eager-title-IO phase tag ENABLED (default) (set SDL_HINT_DOSKUTSU_EAGER_TITLE_IO=0 to disable)
[13:00:49] [warn] MidiScheduler::_refresh_isr_buffer: track has 27749 events; ISR buffer is 16384 (truncated; events after 16384 will not dispatch under L2b ON -- the engine-thread tick() path still uses _events directly under L2b OFF)
[13:00:49] [info] MidiScheduler::load: parsed 'data/orgmid2/curly.mid' = 27749 events at 48 PPQ
[13:00:49] [info] opl2 backend: on_song_start
[13:00:49] [info] gameloop: entered (curmap=1005, running=1)
[13:00:49] [info] gameloop: iter 1 ticks=10593 mapno=-1
[13:00:49] [info] map: backdrop cache ENABLED (default) (set SDL_HINT_DOSKUTSU_BACKDROP_CACHE=0 to disable)
[13:00:50] [info] flip-probe: flip #60 ok=true present=-3ms inter_flip_ms=548 drawcalls-since-flip=75 drawcalls-total=5648 fail-total=0 null-skips-total=0
[13:00:50] [info] gameloop: iter 2 ticks=11094 mapno=-1
[13:00:50] [info] gameloop: iter 3 ticks=11144 mapno=-1
[13:00:50] [info] backdrop cache: thrashing-detect engaged (streak=4, route=direct)
[13:00:50] [info] flip-probe: flip #70 ok=true present=-3ms inter_flip_ms=54 drawcalls-since-flip=75 drawcalls-total=6398 fail-total=0 null-skips-total=0
[13:00:51] [info] flip-probe: flip #80 ok=true present=-3ms inter_flip_ms=57 drawcalls-since-flip=75 drawcalls-total=7148 fail-total=0 null-skips-total=0
[13:00:51] [info] flip-probe: flip #90 ok=true present=5ms inter_flip_ms=53 drawcalls-since-flip=0 drawcalls-total=7748 fail-total=0 null-skips-total=0
[13:00:52] [info] Loading profile from profile.dat
[13:00:52] [error] profile_load: unable to open 'profile.dat'
[13:00:52] [info] Loading profile from profile2.dat
[13:00:52] [error] profile_load: unable to open 'profile2.dat'
[13:00:52] [info] Loading profile from profile3.dat
[13:00:52] [info] Loading profile from profile4.dat
[13:00:52] [error] profile_load: unable to open 'profile4.dat'
[13:00:52] [info] Loading profile from profile5.dat
[13:00:52] [info] flip-probe: flip #100 ok=true present=-3ms inter_flip_ms=55 drawcalls-since-flip=214 drawcalls-total=8604 fail-total=0 null-skips-total=0
[13:00:52] [info] alpha audit block 0: 7966 total drawcalls, 0 with alpha<255 (block pct_x10=0; global 0/7966 pct_x10=0); alpha-mod skipped: block=0 global=0
[13:00:52] [info] fastpath audit block 0: taken=7966 (idx8=7966) skipped=0 pct_x10=1000; global taken=7966 (idx8=7966) skipped=0 pct_x10=1000
[13:00:52] [info] primitive tally block 0: clear=220(hr=220) fill=0(hr=0) rect=0(hr=0) line=0(hr=0) tint=0 spotlight=0 (over 100 flips ending at flip 100)
[13:00:52] [info] color/alpha audit block 0: cmod_white=906 cmod_black=0 (idx=0) cmod_general=609 (idx=609) cmod_fb=0; alpha_taken=0 alpha_skipped=0 (global cmod=906/0/609/0 idx=0/609 alpha=0/0)
[13:00:52] [info] phase timing block 0: drawcalls=9704 dc_total_ms=293 flip_inner_total_ms=177 inter_flip_total_ms=9478 (per-flip avg x10: dc_ms=29 fi_ms=17 if_ms=947 derived audio+engine_ms=901; per-drawcall avg us_x10=302) [direct-vesa: presents=97 total_ms=23 avg_ms_x10=2 failed=0] [ablation: NO_DC_TIMING=0 CACHE_WINSURF=0 DIRECT_VESA=1]
[13:00:52] [info] kbd/audio block 0: kbd_irq=0 kbd_drain=0 ring_chunks=16 pump_pass=99 pic1_mask=0xb8 first_irq_ticks=0 install_ticks=0 vector_at_install=0x00849600 pic1_mask_live=0xb8 kbd_8042_stat=0x34 bios_kbd_head=0x0032 bios_kbd_tail=0x0032 bios_kbd_buf0=0x324d
[13:00:52] [info] audio/engine split block 0: audio_mixer_calls=0 audio_mixer_ms_x10=0 engine_tick_calls=99 engine_tick_ms_x10=210 audio_service_calls=0 audio_service_ms_x10=0 (per-flip avg; per-call us_x10: audio_mix=0 engine_tick=212400 audio_service=0; global ns: audio_mix=0 engine_tick=2102764044 audio_service=0)
[13:00:52] [info] pixtone multi-source probe: DISABLED (default)
[13:00:52] [info] dirty-rect block @flip=100: total_calls=0 dirty_rects_avg=0 dirty_pct_x10=990 forced_full=0 first_n_force=3 threshold_exceeded=2 dirty_path_taken=0 full_flush_taken=3
[13:00:52] [info] prev-frame-diff block @flip=100: diff_calls=0 diff_rects_avg=0 diff_dirty_pct_x10=0 bbox_pct_x10=0 bbox_thresh_exceeded=0
[13:00:53] [info] flip-probe: flip #110 ok=true present=5ms inter_flip_ms=53 drawcalls-since-flip=214 drawcalls-total=10744 fail-total=0 null-skips-total=0
[13:00:53] [info] flip-probe: flip #120 ok=true present=-3ms inter_flip_ms=55 drawcalls-since-flip=214 drawcalls-total=12884 fail-total=0 null-skips-total=0
[13:00:54] [info] Writing settings...
[13:00:54] [info] flip-probe: flip #130 ok=true present=5ms inter_flip_ms=56 drawcalls-since-flip=0 drawcalls-total=13748 fail-total=0 null-skips-total=0
[13:00:54] [info] flip-probe: flip #140 ok=true present=5ms inter_flip_ms=56 drawcalls-since-flip=0 drawcalls-total=13748 fail-total=0 null-skips-total=0
[13:00:55] [info] opl2 backend: on_song_stop
[13:00:55] [info] Loading profile from profile5.dat
[13:00:55] [info]  >> Entering stage 20: 'Save Point'.
[13:00:55] [info] [skip-sheet-flush] cave=2
[13:00:55] [info] MidiScheduler::load: parsed 'data/orgmid2/mura.mid' = 7123 events at 48 PPQ
[13:00:55] [info] opl2 backend: on_song_start
[13:00:55] [info] gameloop: entered (curmap=20, running=1)
[13:00:55] [info] gameloop: iter 1 ticks=16749 mapno=-1
[13:00:55] [info] TAS accumulator clamp: DISABLED (default) (patch 0281; caps the FT accumulator delta at one tick during TAS so a stalled frame cannot race the replay index; set SDL_HINT_DOSKUTSU_TAS_FT_GUARD=0 to disable)
[13:00:55] [info] gameloop: iter 2 ticks=16748 mapno=-1
[13:00:55] [info] gameloop: iter 3 ticks=16804 mapno=-1
[13:00:55] [info] flip-probe: flip #150 ok=true present=-2ms inter_flip_ms=1 drawcalls-since-flip=17 drawcalls-total=13930 fail-total=0 null-skips-total=0
[13:00:56] [info] flip-probe: flip #160 ok=true present=6ms inter_flip_ms=0 drawcalls-since-flip=17 drawcalls-total=14100 fail-total=0 null-skips-total=0
[13:00:56] [info] flip-probe: flip #170 ok=true present=-3ms inter_flip_ms=58 drawcalls-since-flip=17 drawcalls-total=14270 fail-total=0 null-skips-total=0
[13:00:56] [info] flip-probe: flip #180 ok=true present=-2ms inter_flip_ms=57 drawcalls-since-flip=17 drawcalls-total=14440 fail-total=0 null-skips-total=0
[13:00:56] [info] flip-probe: flip #190 ok=true present=-3ms inter_flip_ms=2 drawcalls-since-flip=17 drawcalls-total=14610 fail-total=0 null-skips-total=0
[13:00:56] [info] flip-probe: flip #200 ok=true present=-3ms inter_flip_ms=57 drawcalls-since-flip=17 drawcalls-total=14780 fail-total=0 null-skips-total=0
[13:00:56] [info] alpha audit block 0: 6134 total drawcalls, 0 with alpha<255 (block pct_x10=0; global 0/14100 pct_x10=0); alpha-mod skipped: block=0 global=0
[13:00:56] [info] fastpath audit block 0: taken=6134 (idx8=6134) skipped=0 pct_x10=1000; global taken=14100 (idx8=14100) skipped=0 pct_x10=1000
[13:00:56] [info] primitive tally block 0: clear=202(hr=202) fill=0(hr=0) rect=0(hr=0) line=0(hr=0) tint=0 spotlight=0 (over 100 flips ending at flip 200)
[13:00:56] [info] color/alpha audit block 0: cmod_white=964 cmod_black=0 (idx=0) cmod_general=42 (idx=42) cmod_fb=0; alpha_taken=0 alpha_skipped=0 (global cmod=1870/0/651/0 idx=0/651 alpha=0/0)
[13:00:56] [info] phase timing block 0: drawcalls=7342 dc_total_ms=192 flip_inner_total_ms=149 inter_flip_total_ms=4561 (per-flip avg x10: dc_ms=19 fi_ms=14 if_ms=456 derived audio+engine_ms=423; per-drawcall avg us_x10=262) [direct-vesa: presents=100 total_ms=99 avg_ms_x10=9 failed=0] [ablation: NO_DC_TIMING=0 CACHE_WINSURF=0 DIRECT_VESA=1]
[13:00:56] [info] kbd/audio block 0: kbd_irq=0 kbd_drain=0 ring_chunks=16 pump_pass=217 pic1_mask=0xb8 first_irq_ticks=0 install_ticks=0 vector_at_install=0x00849600 pic1_mask_live=0xb8 kbd_8042_stat=0x34 bios_kbd_head=0x0032 bios_kbd_tail=0x0032 bios_kbd_buf0=0x324d
[13:00:57] [info] audio/engine split block 0: audio_mixer_calls=0 audio_mixer_ms_x10=0 engine_tick_calls=46 engine_tick_ms_x10=5 audio_service_calls=0 audio_service_ms_x10=0 (per-flip avg; per-call us_x10: audio_mix=0 engine_tick=12713 audio_service=0; global ns: audio_mix=0 engine_tick=2161246421 audio_service=0)
[13:00:57] [info] dirty-rect block @flip=200: total_calls=0 dirty_rects_avg=1 dirty_pct_x10=1000 forced_full=0 first_n_force=0 threshold_exceeded=0 dirty_path_taken=0 full_flush_taken=0
[13:00:57] [info] prev-frame-diff block @flip=200: diff_calls=0 diff_rects_avg=0 diff_dirty_pct_x10=0 bbox_pct_x10=0 bbox_thresh_exceeded=0
[13:00:57] [info] flip-probe: flip #210 ok=true present=-3ms inter_flip_ms=57 drawcalls-since-flip=17 drawcalls-total=14950 fail-total=0 null-skips-total=0
[13:00:57] [info] flip-probe: flip #220 ok=true present=-3ms inter_flip_ms=7 drawcalls-since-flip=17 drawcalls-total=15120 fail-total=0 null-skips-total=0
[13:00:57] [info] flip-probe: flip #230 ok=true present=6ms inter_flip_ms=50 drawcalls-since-flip=246 drawcalls-total=15713 fail-total=0 null-skips-total=0
[13:00:58] [info] flip-probe: flip #240 ok=true present=-3ms inter_flip_ms=57 drawcalls-since-flip=358 drawcalls-total=19097 fail-total=0 null-skips-total=0
[13:00:58] [info]  >> Entering stage 11: 'Mimiga Village'.
[13:00:58] [info] [skip-sheet-flush] cave=3
[13:00:58] [info] [load-stage] preloading entry music song=9 (cave=3)
[13:00:58] [info] gameloop: entered (curmap=11, running=1)
[13:00:58] [info] gameloop: iter 1 ticks=19380 mapno=-1
[13:00:58] [info] map: mds_clear LUT ENABLED (default) (set SDL_HINT_DOSKUTSU_MDS_CLEAR_LUT=0 to disable; default ON; patch 0144 wave-49 bandwidth lever)
[13:00:58] [info] mds-clear-lut: rebuilt N=240 entries (k_skip=0% k_keep=100%; curmap=11 map_size=60x60; rebuild #1 since boot)
[13:00:58] [info] backdrop thrash full-cover ENABLED (default) (set SDL_HINT_DOSKUTSU_THRASH_FULLCOVER=0 to disable)
[13:00:58] [info] [bd-diag] backdrop render-path diag disabled (default) (set SDL_HINT_DOSKUTSU_BACKDROP_DIAG=1 to enable)
[13:00:58] [info] gameloop: iter 2 ticks=19606 mapno=-1
[13:00:58] [info] gameloop: iter 3 ticks=19661 mapno=-1
[13:00:59] [info] flip-probe: flip #250 ok=true present=-3ms inter_flip_ms=56 drawcalls-since-flip=360 drawcalls-total=21754 fail-total=0 null-skips-total=0
[13:00:59] [info] backdrop cache: thrashing-detect engaged (streak=4, route=direct)
[13:00:59] [info] flip-probe: flip #260 ok=true present=-2ms inter_flip_ms=54 drawcalls-since-flip=43 drawcalls-total=22905 fail-total=0 null-skips-total=0
[13:00:59] [info] flip-probe: flip #270 ok=true present=-2ms inter_flip_ms=51 drawcalls-since-flip=43 drawcalls-total=23335 fail-total=0 null-skips-total=0
[13:01:00] [info] flip-probe: flip #280 ok=true present=-3ms inter_flip_ms=61 drawcalls-since-flip=45 drawcalls-total=23771 fail-total=0 null-skips-total=0
[13:01:00] [info] flip-probe: flip #290 ok=true present=-3ms inter_flip_ms=60 drawcalls-since-flip=45 drawcalls-total=24235 fail-total=0 null-skips-total=0
[13:01:00] [info] flip-probe: flip #300 ok=true present=52ms inter_flip_ms=-2 drawcalls-since-flip=45 drawcalls-total=24683 fail-total=0 null-skips-total=0
[13:01:00] [info] alpha audit block 0: 9119 total drawcalls, 0 with alpha<255 (block pct_x10=0; global 0/23219 pct_x10=0); alpha-mod skipped: block=0 global=0
[13:01:00] [info] fastpath audit block 0: taken=9119 (idx8=9119) skipped=0 pct_x10=1000; global taken=23219 (idx8=23219) skipped=0 pct_x10=1000
[13:01:00] [info] primitive tally block 0: clear=203(hr=203) fill=0(hr=0) rect=0(hr=0) line=0(hr=0) tint=0 spotlight=0 (over 100 flips ending at flip 300)
[13:01:00] [info] color/alpha audit block 0: cmod_white=728 cmod_black=728 (idx=728) cmod_general=0 (idx=0) cmod_fb=0; alpha_taken=0 alpha_skipped=0 (global cmod=2598/728/651/0 idx=728/651 alpha=0/0)
[13:01:00] [info] phase timing block 0: drawcalls=10787 dc_total_ms=888 flip_inner_total_ms=196 inter_flip_total_ms=3678 (per-flip avg x10: dc_ms=88 fi_ms=19 if_ms=367 derived audio+engine_ms=260; per-drawcall avg us_x10=823) [direct-vesa: presents=100 total_ms=195 avg_ms_x10=19 failed=0] [ablation: NO_DC_TIMING=0 CACHE_WINSURF=0 DIRECT_VESA=1]
[13:01:00] [info] kbd/audio block 0: kbd_irq=0 kbd_drain=0 ring_chunks=16 pump_pass=404 pic1_mask=0xb8 first_irq_ticks=0 install_ticks=0 vector_at_install=0x00849600 pic1_mask_live=0xb8 kbd_8042_stat=0x34 bios_kbd_head=0x0032 bios_kbd_tail=0x0032 bios_kbd_buf0=0x324d
[13:01:00] [info] [tile-speedup-stat n=100 drawtile_us=487.82 raw_blit_us=12.22 ratio=39.92]
[13:01:00] [info] dirty-rect block @flip=300: total_calls=100 dirty_rects_avg=1 dirty_pct_x10=1000 forced_full=0 first_n_force=0 threshold_exceeded=0 dirty_path_taken=0 full_flush_taken=0
[13:01:00] [info] prev-frame-diff block @flip=300: diff_calls=0 diff_rects_avg=0 diff_dirty_pct_x10=0 bbox_pct_x10=0 bbox_thresh_exceeded=0
[13:01:01] [info] flip-probe: flip #310 ok=true present=5ms inter_flip_ms=50 drawcalls-since-flip=45 drawcalls-total=25233 fail-total=0 null-skips-total=0
[13:01:01] [info] flip-probe: flip #320 ok=true present=6ms inter_flip_ms=50 drawcalls-since-flip=43 drawcalls-total=25671 fail-total=0 null-skips-total=0
[13:01:02] [info] flip-probe: flip #330 ok=true present=-2ms inter_flip_ms=54 drawcalls-since-flip=43 drawcalls-total=26101 fail-total=0 null-skips-total=0
[13:01:02] [info] flip-probe: flip #340 ok=true present=-3ms inter_flip_ms=58 drawcalls-since-flip=43 drawcalls-total=26531 fail-total=0 null-skips-total=0
[13:01:02] [info] backdrop cache: thrashing-detect engaged (streak=4, route=direct)
[13:01:02] [info] flip-probe: flip #350 ok=true present=5ms inter_flip_ms=53 drawcalls-since-flip=48 drawcalls-total=26977 fail-total=0 null-skips-total=0
[13:01:03] [info] flip-probe: flip #360 ok=true present=-3ms inter_flip_ms=-2 drawcalls-since-flip=44 drawcalls-total=27431 fail-total=0 null-skips-total=0
[13:01:03] [info] flip-probe: flip #370 ok=true present=6ms inter_flip_ms=54 drawcalls-since-flip=17 drawcalls-total=27706 fail-total=0 null-skips-total=0
[13:01:03] [info] flip-probe: flip #380 ok=true present=6ms inter_flip_ms=50 drawcalls-since-flip=17 drawcalls-total=27876 fail-total=0 null-skips-total=0
[13:01:03] [info] flip-probe: flip #390 ok=true present=-3ms inter_flip_ms=3 drawcalls-since-flip=17 drawcalls-total=28046 fail-total=0 null-skips-total=0
[13:01:04] [info] flip-probe: flip #400 ok=true present=-2ms inter_flip_ms=-1 drawcalls-since-flip=17 drawcalls-total=28216 fail-total=0 null-skips-total=0
[13:01:04] [info] alpha audit block 0: 2601 total drawcalls, 0 with alpha<255 (block pct_x10=0; global 0/25820 pct_x10=0); alpha-mod skipped: block=0 global=0
[13:01:04] [info] fastpath audit block 0: taken=2601 (idx8=2601) skipped=0 pct_x10=1000; global taken=25820 (idx8=25820) skipped=0 pct_x10=1000
[13:01:04] [info] primitive tally block 0: clear=200(hr=200) fill=0(hr=0) rect=0(hr=0) line=0(hr=0) tint=0 spotlight=0 (over 100 flips ending at flip 400)
[13:01:04] [info] color/alpha audit block 0: cmod_white=832 cmod_black=832 (idx=832) cmod_general=0 (idx=0) cmod_fb=0; alpha_taken=0 alpha_skipped=0 (global cmod=3430/1560/651/0 idx=1560/651 alpha=0/0)
[13:01:04] [info] phase timing block 0: drawcalls=4514 dc_total_ms=1107 flip_inner_total_ms=592 inter_flip_total_ms=3570 (per-flip avg x10: dc_ms=110 fi_ms=59 if_ms=357 derived audio+engine_ms=188; per-drawcall avg us_x10=2452) [direct-vesa: presents=100 total_ms=337 avg_ms_x10=33 failed=0] [ablation: NO_DC_TIMING=0 CACHE_WINSURF=0 DIRECT_VESA=1]
[13:01:04] [info] kbd/audio block 0: kbd_irq=0 kbd_drain=0 ring_chunks=16 pump_pass=589 pic1_mask=0xb8 first_irq_ticks=0 install_ticks=0 vector_at_install=0x00849600 pic1_mask_live=0xb8 kbd_8042_stat=0x34 bios_kbd_head=0x0032 bios_kbd_tail=0x0032 bios_kbd_buf0=0x324d
[13:01:04] [info] dirty-rect block @flip=400: total_calls=0 dirty_rects_avg=1 dirty_pct_x10=1000 forced_full=0 first_n_force=0 threshold_exceeded=0 dirty_path_taken=0 full_flush_taken=0
[13:01:04] [info] prev-frame-diff block @flip=400: diff_calls=0 diff_rects_avg=0 diff_dirty_pct_x10=0 bbox_pct_x10=0 bbox_thresh_exceeded=0
[13:01:04] [info] run_tick_fixed #600: heartbeat (loop alive)
[13:01:04] [info] backdrop cache: thrashing-detect engaged (streak=64, route=direct)
[13:01:04] [info] flip-probe: flip #410 ok=true present=5ms inter_flip_ms=50 drawcalls-since-flip=20 drawcalls-total=28400 fail-total=0 null-skips-total=0
[13:01:04] [info] flip-probe: flip #420 ok=true present=-3ms inter_flip_ms=53 drawcalls-since-flip=18 drawcalls-total=28589 fail-total=0 null-skips-total=0
[13:01:05] [info] flip-probe: flip #430 ok=true present=-3ms inter_flip_ms=5 drawcalls-since-flip=16 drawcalls-total=28764 fail-total=0 null-skips-total=0
[13:01:05] [info] flip-probe: flip #440 ok=true present=-2ms inter_flip_ms=61 drawcalls-since-flip=15 drawcalls-total=28915 fail-total=0 null-skips-total=0
[13:01:05] [info] flip-probe: flip #450 ok=true present=-3ms inter_flip_ms=55 drawcalls-since-flip=17 drawcalls-total=29073 fail-total=0 null-skips-total=0
[13:01:06] [info] flip-probe: flip #460 ok=true present=-3ms inter_flip_ms=1 drawcalls-since-flip=19 drawcalls-total=29251 fail-total=0 null-skips-total=0
[13:01:06] [info] backdrop cache: thrashing-detect engaged (streak=124, route=direct)
[13:01:06] [info] flip-probe: flip #470 ok=true present=-3ms inter_flip_ms=60 drawcalls-since-flip=16 drawcalls-total=29424 fail-total=0 null-skips-total=0
[13:01:06] [info] flip-probe: flip #480 ok=true present=-3ms inter_flip_ms=59 drawcalls-since-flip=15 drawcalls-total=29575 fail-total=0 null-skips-total=0
[13:01:06] [info] flip-probe: flip #490 ok=true present=6ms inter_flip_ms=-5 drawcalls-since-flip=15 drawcalls-total=29725 fail-total=0 null-skips-total=0
[13:01:07] [info] flip-probe: flip #500 ok=true present=-3ms inter_flip_ms=60 drawcalls-since-flip=15 drawcalls-total=29875 fail-total=0 null-skips-total=0
[13:01:07] [info] alpha audit block 0: 1559 total drawcalls, 0 with alpha<255 (block pct_x10=0; global 0/27379 pct_x10=0); alpha-mod skipped: block=0 global=0
[13:01:07] [info] fastpath audit block 0: taken=1559 (idx8=1559) skipped=0 pct_x10=1000; global taken=27379 (idx8=27379) skipped=0 pct_x10=1000
[13:01:07] [info] primitive tally block 0: clear=200(hr=200) fill=0(hr=0) rect=0(hr=0) line=0(hr=0) tint=0 spotlight=0 (over 100 flips ending at flip 500)
[13:01:07] [info] phase timing block 0: drawcalls=1759 dc_total_ms=573 flip_inner_total_ms=154 inter_flip_total_ms=3077 (per-flip avg x10: dc_ms=57 fi_ms=15 if_ms=307 derived audio+engine_ms=235; per-drawcall avg us_x10=3259) [direct-vesa: presents=100 total_ms=121 avg_ms_x10=12 failed=0] [ablation: NO_DC_TIMING=0 CACHE_WINSURF=0 DIRECT_VESA=1]
[13:01:07] [info] kbd/audio block 0: kbd_irq=0 kbd_drain=0 ring_chunks=16 pump_pass=750 pic1_mask=0xb8 first_irq_ticks=0 install_ticks=0 vector_at_install=0x00849600 pic1_mask_live=0xb8 kbd_8042_stat=0x34 bios_kbd_head=0x0032 bios_kbd_tail=0x0032 bios_kbd_buf0=0x324d
[13:01:07] [info] dirty-rect block @flip=500: total_calls=0 dirty_rects_avg=1 dirty_pct_x10=1000 forced_full=0 first_n_force=0 threshold_exceeded=0 dirty_path_taken=0 full_flush_taken=0
[13:01:07] [info] prev-frame-diff block @flip=500: diff_calls=0 diff_rects_avg=0 diff_dirty_pct_x10=0 bbox_pct_x10=0 bbox_thresh_exceeded=0
[13:01:07] [info] flip-probe: flip #510 ok=true present=-3ms inter_flip_ms=-3 drawcalls-since-flip=15 drawcalls-total=30025 fail-total=0 null-skips-total=0
[13:01:07] [info] flip-probe: flip #520 ok=true present=-3ms inter_flip_ms=60 drawcalls-since-flip=15 drawcalls-total=30175 fail-total=0 null-skips-total=0
[13:01:08] [info] backdrop cache: thrashing-detect engaged (streak=184, route=direct)
[13:01:08] [info] flip-probe: flip #530 ok=true present=-3ms inter_flip_ms=55 drawcalls-since-flip=15 drawcalls-total=30325 fail-total=0 null-skips-total=0
[13:01:08] [info] flip-probe: flip #540 ok=true present=6ms inter_flip_ms=55 drawcalls-since-flip=319 drawcalls-total=32660 fail-total=0 null-skips-total=0
[13:01:08] [info]  >> Entering stage 17: 'Yamashita Farm'.
[13:01:08] [info] [skip-sheet-flush] cave=4
[13:01:09] [info] [load-stage] preloading entry music song=13 (cave=4)
[13:01:09] [info] opl2 backend: on_song_stop
[13:01:09] [info] MidiScheduler::load: parsed 'data/orgmid2/plant.mid' = 6246 events at 48 PPQ
[13:01:09] [info] opl2 backend: on_song_start
[13:01:09] [info] gameloop: entered (curmap=17, running=1)
[13:01:09] [info] gameloop: iter 1 ticks=30535 mapno=-1
[13:01:09] [info] mds-clear-lut: rebuilt N=240 entries (k_skip=33% k_keep=67%; curmap=17 map_size=40x16; rebuild #2 since boot)
[13:01:09] [info] gameloop: iter 2 ticks=30701 mapno=-1
[13:01:09] [info] gameloop: iter 3 ticks=30757 mapno=-1
[13:01:10] [info] flip-probe: flip #550 ok=true present=-2ms inter_flip_ms=55 drawcalls-since-flip=355 drawcalls-total=35996 fail-total=0 null-skips-total=0
[13:01:10] [info] flip-probe: flip #560 ok=true present=5ms inter_flip_ms=53 drawcalls-since-flip=134 drawcalls-total=37942 fail-total=0 null-skips-total=0
[13:01:10] [info] flip-probe: flip #570 ok=true present=-3ms inter_flip_ms=57 drawcalls-since-flip=136 drawcalls-total=39301 fail-total=0 null-skips-total=0
[13:01:11] [info] flip-probe: flip #580 ok=true present=-3ms inter_flip_ms=3 drawcalls-since-flip=139 drawcalls-total=40668 fail-total=0 null-skips-total=0
[13:01:11] [info] flip-probe: flip #590 ok=true present=5ms inter_flip_ms=1 drawcalls-since-flip=141 drawcalls-total=42069 fail-total=0 null-skips-total=0
[13:01:12] [info] flip-probe: flip #600 ok=true present=5ms inter_flip_ms=1 drawcalls-since-flip=144 drawcalls-total=43479 fail-total=0 null-skips-total=0
[13:01:12] [info] alpha audit block 0: 12776 total drawcalls, 0 with alpha<255 (block pct_x10=0; global 0/40155 pct_x10=0); alpha-mod skipped: block=0 global=0
[13:01:12] [info] fastpath audit block 0: taken=12776 (idx8=12776) skipped=0 pct_x10=1000; global taken=40155 (idx8=40155) skipped=0 pct_x10=1000
[13:01:12] [info] primitive tally block 0: clear=201(hr=201) fill=0(hr=0) rect=0(hr=0) line=0(hr=0) tint=0 spotlight=0 (over 100 flips ending at flip 600)
[13:01:12] [info] color/alpha audit block 0: cmod_white=728 cmod_black=728 (idx=728) cmod_general=0 (idx=0) cmod_fb=0; alpha_taken=0 alpha_skipped=0 (global cmod=4158/2288/651/0 idx=2288/651 alpha=0/0)
[13:01:12] [info] phase timing block 0: drawcalls=14489 dc_total_ms=1318 flip_inner_total_ms=240 inter_flip_total_ms=4719 (per-flip avg x10: dc_ms=131 fi_ms=24 if_ms=471 derived audio+engine_ms=316; per-drawcall avg us_x10=910) [direct-vesa: presents=100 total_ms=83 avg_ms_x10=8 failed=0] [ablation: NO_DC_TIMING=0 CACHE_WINSURF=0 DIRECT_VESA=1]
[13:01:12] [info] kbd/audio block 0: kbd_irq=0 kbd_drain=0 ring_chunks=16 pump_pass=956 pic1_mask=0xb8 first_irq_ticks=0 install_ticks=0 vector_at_install=0x00849600 pic1_mask_live=0xb8 kbd_8042_stat=0x34 bios_kbd_head=0x0032 bios_kbd_tail=0x0032 bios_kbd_buf0=0x324d
[13:01:12] [info] dirty-rect block @flip=600: total_calls=0 dirty_rects_avg=1 dirty_pct_x10=1000 forced_full=0 first_n_force=0 threshold_exceeded=0 dirty_path_taken=0 full_flush_taken=0
[13:01:12] [info] prev-frame-diff block @flip=600: diff_calls=0 diff_rects_avg=0 diff_dirty_pct_x10=0 bbox_pct_x10=0 bbox_thresh_exceeded=0
[13:01:12] [info] backdrop cache: thrashing-detect engaged (streak=4, route=direct)
[13:01:12] [info] flip-probe: flip #610 ok=true present=-3ms inter_flip_ms=58 drawcalls-since-flip=131 drawcalls-total=44827 fail-total=0 null-skips-total=0
[13:01:12] [info] flip-probe: flip #620 ok=true present=6ms inter_flip_ms=-2 drawcalls-since-flip=134 drawcalls-total=46164 fail-total=0 null-skips-total=0
[13:01:13] [info] flip-probe: flip #630 ok=true present=-3ms inter_flip_ms=3 drawcalls-since-flip=139 drawcalls-total=47528 fail-total=0 null-skips-total=0
[13:01:13] [info] flip-probe: flip #640 ok=true present=-3ms inter_flip_ms=1 drawcalls-since-flip=139 drawcalls-total=48916 fail-total=0 null-skips-total=0
[13:01:14] [info] backdrop cache: thrashing-detect engaged (streak=4, route=direct)
[13:01:14] [info] flip-probe: flip #650 ok=true present=6ms inter_flip_ms=-6 drawcalls-since-flip=142 drawcalls-total=50333 fail-total=0 null-skips-total=0
[13:01:14] [info] flip-probe: flip #660 ok=true present=-3ms inter_flip_ms=57 drawcalls-since-flip=133 drawcalls-total=51740 fail-total=0 null-skips-total=0
[13:01:14] [info] flip-probe: flip #670 ok=true present=5ms inter_flip_ms=47 drawcalls-since-flip=109 drawcalls-total=52938 fail-total=0 null-skips-total=0
[13:01:15] [info] flip-probe: flip #680 ok=true present=-2ms inter_flip_ms=53 drawcalls-since-flip=104 drawcalls-total=53994 fail-total=0 null-skips-total=0
[13:01:15] [info] flip-probe: flip #690 ok=true present=5ms inter_flip_ms=52 drawcalls-since-flip=112 drawcalls-total=55001 fail-total=0 null-skips-total=0
[13:01:15] [info] backdrop cache: thrashing-detect engaged (streak=4, route=direct)
[13:01:16] [info] flip-probe: flip #700 ok=true present=-3ms inter_flip_ms=6 drawcalls-since-flip=110 drawcalls-total=56094 fail-total=0 null-skips-total=0
[13:01:16] [info] alpha audit block 0: 11683 total drawcalls, 0 with alpha<255 (block pct_x10=0; global 0/51838 pct_x10=0); alpha-mod skipped: block=0 global=0
[13:01:16] [info] fastpath audit block 0: taken=11683 (idx8=11683) skipped=0 pct_x10=1000; global taken=51838 (idx8=51838) skipped=0 pct_x10=1000
[13:01:16] [info] primitive tally block 0: clear=200(hr=200) fill=0(hr=0) rect=0(hr=0) line=0(hr=0) tint=0 spotlight=0 (over 100 flips ending at flip 700)
[13:01:16] [info] color/alpha audit block 0: cmod_white=832 cmod_black=832 (idx=832) cmod_general=0 (idx=0) cmod_fb=0; alpha_taken=0 alpha_skipped=0 (global cmod=4990/3120/651/0 idx=3120/651 alpha=0/0)
[13:01:16] [info] phase timing block 0: drawcalls=13562 dc_total_ms=987 flip_inner_total_ms=405 inter_flip_total_ms=4071 (per-flip avg x10: dc_ms=98 fi_ms=40 if_ms=407 derived audio+engine_ms=269; per-drawcall avg us_x10=728) [direct-vesa: presents=100 total_ms=240 avg_ms_x10=24 failed=0] [ablation: NO_DC_TIMING=0 CACHE_WINSURF=0 DIRECT_VESA=1]
[13:01:16] [info] kbd/audio block 0: kbd_irq=0 kbd_drain=0 ring_chunks=16 pump_pass=1169 pic1_mask=0xb8 first_irq_ticks=0 install_ticks=0 vector_at_install=0x00849600 pic1_mask_live=0xb8 kbd_8042_stat=0x34 bios_kbd_head=0x0032 bios_kbd_tail=0x0032 bios_kbd_buf0=0x324d
[13:01:16] [info] dirty-rect block @flip=700: total_calls=0 dirty_rects_avg=1 dirty_pct_x10=1000 forced_full=0 first_n_force=0 threshold_exceeded=0 dirty_path_taken=0 full_flush_taken=0
[13:01:16] [info] prev-frame-diff block @flip=700: diff_calls=0 diff_rects_avg=0 diff_dirty_pct_x10=0 bbox_pct_x10=0 bbox_thresh_exceeded=0
[13:01:16] [info] flip-probe: flip #710 ok=true present=5ms inter_flip_ms=52 drawcalls-since-flip=112 drawcalls-total=57214 fail-total=0 null-skips-total=0
[13:01:16] [info] flip-probe: flip #720 ok=true present=53ms inter_flip_ms=4 drawcalls-since-flip=109 drawcalls-total=58300 fail-total=0 null-skips-total=0
[13:01:17] [info] backdrop cache: thrashing-detect engaged (streak=4, route=direct)
[13:01:17] [info] flip-probe: flip #730 ok=true present=-3ms inter_flip_ms=53 drawcalls-since-flip=99 drawcalls-total=59318 fail-total=0 null-skips-total=0
[13:01:17] [info] flip-probe: flip #740 ok=true present=-3ms inter_flip_ms=59 drawcalls-since-flip=104 drawcalls-total=60341 fail-total=0 null-skips-total=0
[13:01:18] [info] flip-probe: flip #750 ok=true present=6ms inter_flip_ms=-2 drawcalls-since-flip=112 drawcalls-total=61429 fail-total=0 null-skips-total=0
[13:01:18] [info] flip-probe: flip #760 ok=true present=-3ms inter_flip_ms=-1 drawcalls-since-flip=111 drawcalls-total=62549 fail-total=0 null-skips-total=0
[13:01:18] [info] flip-probe: flip #770 ok=true present=-3ms inter_flip_ms=59 drawcalls-since-flip=117 drawcalls-total=63692 fail-total=0 null-skips-total=0
[13:01:19] [info] flip-probe: flip #780 ok=true present=6ms inter_flip_ms=51 drawcalls-since-flip=119 drawcalls-total=64867 fail-total=0 null-skips-total=0
[13:01:19] [info] backdrop cache: thrashing-detect engaged (streak=64, route=direct)
[13:01:19] [info] flip-probe: flip #790 ok=true present=-3ms inter_flip_ms=58 drawcalls-since-flip=106 drawcalls-total=66009 fail-total=0 null-skips-total=0
[13:01:20] [info] flip-probe: flip #800 ok=true present=5ms inter_flip_ms=-1 drawcalls-since-flip=120 drawcalls-total=67225 fail-total=0 null-skips-total=0
[13:01:20] [info] alpha audit block 0: 11031 total drawcalls, 0 with alpha<255 (block pct_x10=0; global 0/62869 pct_x10=0); alpha-mod skipped: block=0 global=0
[13:01:20] [info] fastpath audit block 0: taken=11031 (idx8=11031) skipped=0 pct_x10=1000; global taken=62869 (idx8=62869) skipped=0 pct_x10=1000
[13:01:20] [info] primitive tally block 0: clear=200(hr=200) fill=0(hr=0) rect=0(hr=0) line=0(hr=0) tint=0 spotlight=0 (over 100 flips ending at flip 800)
[13:01:20] [info] phase timing block 0: drawcalls=11235 dc_total_ms=1038 flip_inner_total_ms=540 inter_flip_total_ms=3892 (per-flip avg x10: dc_ms=103 fi_ms=54 if_ms=389 derived audio+engine_ms=232; per-drawcall avg us_x10=924) [direct-vesa: presents=100 total_ms=436 avg_ms_x10=43 failed=0] [ablation: NO_DC_TIMING=0 CACHE_WINSURF=0 DIRECT_VESA=1]
[13:01:20] [info] kbd/audio block 0: kbd_irq=0 kbd_drain=0 ring_chunks=16 pump_pass=1380 pic1_mask=0xb8 first_irq_ticks=0 install_ticks=0 vector_at_install=0x00849600 pic1_mask_live=0xb8 kbd_8042_stat=0x34 bios_kbd_head=0x0032 bios_kbd_tail=0x0032 bios_kbd_buf0=0x324d
[13:01:20] [info] dirty-rect block @flip=800: total_calls=0 dirty_rects_avg=1 dirty_pct_x10=1000 forced_full=0 first_n_force=0 threshold_exceeded=0 dirty_path_taken=0 full_flush_taken=0
[13:01:20] [info] prev-frame-diff block @flip=800: diff_calls=0 diff_rects_avg=0 diff_dirty_pct_x10=0 bbox_pct_x10=0 bbox_thresh_exceeded=0
[13:01:20] [info] flip-probe: flip #810 ok=true present=-2ms inter_flip_ms=60 drawcalls-since-flip=118 drawcalls-total=68390 fail-total=0 null-skips-total=0
[13:01:20] [info] flip-probe: flip #820 ok=true present=5ms inter_flip_ms=55 drawcalls-since-flip=115 drawcalls-total=69543 fail-total=0 null-skips-total=0
[13:01:21] [info] flip-probe: flip #830 ok=true present=6ms inter_flip_ms=53 drawcalls-since-flip=121 drawcalls-total=70738 fail-total=0 null-skips-total=0
[13:01:21] [info] flip-probe: flip #840 ok=true present=-3ms inter_flip_ms=59 drawcalls-since-flip=117 drawcalls-total=71895 fail-total=0 null-skips-total=0
[13:01:21] [info] backdrop cache: thrashing-detect engaged (streak=124, route=direct)
[13:01:21] [info] flip-probe: flip #850 ok=true present=-2ms inter_flip_ms=-3 drawcalls-since-flip=119 drawcalls-total=73083 fail-total=0 null-skips-total=0
[13:01:22] [info] flip-probe: flip #860 ok=true present=-2ms inter_flip_ms=54 drawcalls-since-flip=407 drawcalls-total=75766 fail-total=0 null-skips-total=0
[13:01:22] [info] run_tick_fixed #1500: heartbeat (loop alive)
[13:01:22] [info]  >> Entering stage 11: 'Mimiga Village'.
[13:01:22] [info] [skip-sheet-flush] cave=5
[13:01:22] [info] [load-stage] preloading entry music song=9 (cave=5)
[13:01:22] [info] opl2 backend: on_song_stop
[13:01:23] [info] MidiScheduler::load: parsed 'data/orgmid2/mura.mid' = 7123 events at 48 PPQ
[13:01:23] [info] opl2 backend: on_song_start
[13:01:23] [info] gameloop: entered (curmap=11, running=1)
[13:01:23] [info] gameloop: iter 1 ticks=44048 mapno=-1
[13:01:23] [info] mds-clear-lut: rebuilt N=240 entries (k_skip=0% k_keep=100%; curmap=11 map_size=60x60; rebuild #3 since boot)
[13:01:23] [info] gameloop: iter 2 ticks=44100 mapno=-1
[13:01:23] [info] gameloop: iter 3 ticks=44154 mapno=-1
[13:01:23] [info] flip-probe: flip #870 ok=true present=-2ms inter_flip_ms=58 drawcalls-since-flip=345 drawcalls-total=79287 fail-total=0 null-skips-total=0
[13:01:23] [info] backdrop cache: thrashing-detect engaged (streak=4, route=direct)
[13:01:23] [info] flip-probe: flip #880 ok=true present=-3ms inter_flip_ms=-2 drawcalls-since-flip=45 drawcalls-total=81162 fail-total=0 null-skips-total=0
[13:01:24] [info] flip-probe: flip #890 ok=true present=-3ms inter_flip_ms=2 drawcalls-since-flip=41 drawcalls-total=81576 fail-total=0 null-skips-total=0
[13:01:24] [info] flip-probe: flip #900 ok=true present=-3ms inter_flip_ms=59 drawcalls-since-flip=41 drawcalls-total=81986 fail-total=0 null-skips-total=0
[13:01:24] [info] alpha audit block 0: 14219 total drawcalls, 0 with alpha<255 (block pct_x10=0; global 0/77088 pct_x10=0); alpha-mod skipped: block=0 global=0
[13:01:24] [info] fastpath audit block 0: taken=14219 (idx8=14219) skipped=0 pct_x10=1000; global taken=77088 (idx8=77088) skipped=0 pct_x10=1000
[13:01:24] [info] primitive tally block 0: clear=201(hr=201) fill=0(hr=0) rect=0(hr=0) line=0(hr=0) tint=0 spotlight=0 (over 100 flips ending at flip 900)
[13:01:24] [info] color/alpha audit block 0: cmod_white=442 cmod_black=442 (idx=442) cmod_general=0 (idx=0) cmod_fb=0; alpha_taken=0 alpha_skipped=0 (global cmod=5432/3562/651/0 idx=3562/651 alpha=0/0)
[13:01:24] [info] phase timing block 0: drawcalls=15313 dc_total_ms=933 flip_inner_total_ms=446 inter_flip_total_ms=4509 (per-flip avg x10: dc_ms=93 fi_ms=44 if_ms=450 derived audio+engine_ms=313; per-drawcall avg us_x10=609) [direct-vesa: presents=100 total_ms=145 avg_ms_x10=14 failed=0] [ablation: NO_DC_TIMING=0 CACHE_WINSURF=0 DIRECT_VESA=1]
[13:01:24] [info] kbd/audio block 0: kbd_irq=0 kbd_drain=0 ring_chunks=16 pump_pass=1575 pic1_mask=0xb8 first_irq_ticks=0 install_ticks=0 vector_at_install=0x00849600 pic1_mask_live=0xb8 kbd_8042_stat=0x34 bios_kbd_head=0x0032 bios_kbd_tail=0x0032 bios_kbd_buf0=0x324d
[13:01:24] [info] dirty-rect block @flip=900: total_calls=0 dirty_rects_avg=1 dirty_pct_x10=1000 forced_full=0 first_n_force=0 threshold_exceeded=0 dirty_path_taken=0 full_flush_taken=0
[13:01:24] [info] prev-frame-diff block @flip=900: diff_calls=0 diff_rects_avg=0 diff_dirty_pct_x10=0 bbox_pct_x10=0 bbox_thresh_exceeded=0
[13:01:25] [info] flip-probe: flip #910 ok=true present=-3ms inter_flip_ms=56 drawcalls-since-flip=43 drawcalls-total=82402 fail-total=0 null-skips-total=0
[13:01:25] [info] flip-probe: flip #920 ok=true present=-2ms inter_flip_ms=-2 drawcalls-since-flip=42 drawcalls-total=82839 fail-total=0 null-skips-total=0
[13:01:25] [info] flip-probe: flip #930 ok=true present=-3ms inter_flip_ms=54 drawcalls-since-flip=41 drawcalls-total=83253 fail-total=0 null-skips-total=0
[13:01:25] [info] backdrop cache: thrashing-detect engaged (streak=64, route=direct)
[13:01:26] [info] flip-probe: flip #940 ok=true present=-3ms inter_flip_ms=60 drawcalls-since-flip=41 drawcalls-total=83663 fail-total=0 null-skips-total=0
[13:01:26] [info] flip-probe: flip #950 ok=true present=-3ms inter_flip_ms=51 drawcalls-since-flip=41 drawcalls-total=84073 fail-total=0 null-skips-total=0
[13:01:26] [info] flip-probe: flip #960 ok=true present=-3ms inter_flip_ms=5 drawcalls-since-flip=42 drawcalls-total=84486 fail-total=0 null-skips-total=0
[13:01:26] [info] flip-probe: flip #970 ok=true present=5ms inter_flip_ms=56 drawcalls-since-flip=41 drawcalls-total=84897 fail-total=0 null-skips-total=0
[13:01:27] [info] flip-probe: flip #980 ok=true present=-3ms inter_flip_ms=4 drawcalls-since-flip=41 drawcalls-total=85307 fail-total=0 null-skips-total=0
[13:01:27] [info] flip-probe: flip #990 ok=true present=-3ms inter_flip_ms=3 drawcalls-since-flip=15 drawcalls-total=85613 fail-total=0 null-skips-total=0
[13:01:27] [info] backdrop cache: thrashing-detect engaged (streak=124, route=direct)
[13:01:27] [info] flip-probe: flip #1000 ok=true present=-3ms inter_flip_ms=60 drawcalls-since-flip=17 drawcalls-total=85773 fail-total=0 null-skips-total=0
[13:01:27] [info] alpha audit block 0: 2569 total drawcalls, 0 with alpha<255 (block pct_x10=0; global 0/79657 pct_x10=0); alpha-mod skipped: block=0 global=0
[13:01:27] [info] fastpath audit block 0: taken=2569 (idx8=2569) skipped=0 pct_x10=1000; global taken=79657 (idx8=79657) skipped=0 pct_x10=1000
[13:01:27] [info] primitive tally block 0: clear=200(hr=200) fill=0(hr=0) rect=0(hr=0) line=0(hr=0) tint=0 spotlight=0 (over 100 flips ending at flip 1000)
[13:01:27] [info] color/alpha audit block 0: cmod_white=1118 cmod_black=1118 (idx=1118) cmod_general=0 (idx=0) cmod_fb=0; alpha_taken=0 alpha_skipped=0 (global cmod=6550/4680/651/0 idx=4680/651 alpha=0/0)
[13:01:27] [info] phase timing block 0: drawcalls=5005 dc_total_ms=469 flip_inner_total_ms=514 inter_flip_total_ms=3353 (per-flip avg x10: dc_ms=46 fi_ms=51 if_ms=335 derived audio+engine_ms=238; per-drawcall avg us_x10=937) [direct-vesa: presents=100 total_ms=437 avg_ms_x10=43 failed=0] [ablation: NO_DC_TIMING=0 CACHE_WINSURF=0 DIRECT_VESA=1]
[13:01:27] [info] kbd/audio block 0: kbd_irq=0 kbd_drain=0 ring_chunks=16 pump_pass=1736 pic1_mask=0xb8 first_irq_ticks=0 install_ticks=0 vector_at_install=0x00849600 pic1_mask_live=0xb8 kbd_8042_stat=0x34 bios_kbd_head=0x0032 bios_kbd_tail=0x0032 bios_kbd_buf0=0x324d
[13:01:27] [info] dirty-rect block @flip=1000: total_calls=0 dirty_rects_avg=1 dirty_pct_x10=1000 forced_full=0 first_n_force=0 threshold_exceeded=0 dirty_path_taken=0 full_flush_taken=0
[13:01:27] [info] prev-frame-diff block @flip=1000: diff_calls=0 diff_rects_avg=0 diff_dirty_pct_x10=0 bbox_pct_x10=0 bbox_thresh_exceeded=0
[13:01:28] [info] flip-probe: flip #1010 ok=true present=5ms inter_flip_ms=54 drawcalls-since-flip=17 drawcalls-total=85943 fail-total=0 null-skips-total=0
[13:01:28] [info] flip-probe: flip #1020 ok=true present=-3ms inter_flip_ms=61 drawcalls-since-flip=17 drawcalls-total=86105 fail-total=0 null-skips-total=0
[13:01:28] [info] flip-probe: flip #1030 ok=true present=-3ms inter_flip_ms=58 drawcalls-since-flip=17 drawcalls-total=86275 fail-total=0 null-skips-total=0
[13:01:29] [info] flip-probe: flip #1040 ok=true present=6ms inter_flip_ms=-5 drawcalls-since-flip=18 drawcalls-total=86450 fail-total=0 null-skips-total=0
[13:01:29] [info] flip-probe: flip #1050 ok=true present=6ms inter_flip_ms=-1 drawcalls-since-flip=18 drawcalls-total=86630 fail-total=0 null-skips-total=0
[13:01:29] [info] backdrop cache: thrashing-detect engaged (streak=184, route=direct)
[13:01:29] [info] flip-probe: flip #1060 ok=true present=-3ms inter_flip_ms=3 drawcalls-since-flip=18 drawcalls-total=86810 fail-total=0 null-skips-total=0
[13:01:29] [info] flip-probe: flip #1070 ok=true present=-3ms inter_flip_ms=6 drawcalls-since-flip=17 drawcalls-total=86988 fail-total=0 null-skips-total=0
[13:01:30] [info] flip-probe: flip #1080 ok=true present=-3ms inter_flip_ms=-1 drawcalls-since-flip=17 drawcalls-total=87158 fail-total=0 null-skips-total=0
[13:01:30] [info] flip-probe: flip #1090 ok=true present=-3ms inter_flip_ms=3 drawcalls-since-flip=16 drawcalls-total=87320 fail-total=0 null-skips-total=0
[13:01:30] [info] flip-probe: flip #1100 ok=true present=6ms inter_flip_ms=-5 drawcalls-since-flip=17 drawcalls-total=87490 fail-total=0 null-skips-total=0
[13:01:30] [info] alpha audit block 0: 1617 total drawcalls, 0 with alpha<255 (block pct_x10=0; global 0/81274 pct_x10=0); alpha-mod skipped: block=0 global=0
[13:01:30] [info] fastpath audit block 0: taken=1617 (idx8=1617) skipped=0 pct_x10=1000; global taken=81274 (idx8=81274) skipped=0 pct_x10=1000
[13:01:30] [info] primitive tally block 0: clear=200(hr=200) fill=0(hr=0) rect=0(hr=0) line=0(hr=0) tint=0 spotlight=0 (over 100 flips ending at flip 1100)
[13:01:30] [info] phase timing block 0: drawcalls=1817 dc_total_ms=293 flip_inner_total_ms=785 inter_flip_total_ms=2795 (per-flip avg x10: dc_ms=29 fi_ms=78 if_ms=279 derived audio+engine_ms=172; per-drawcall avg us_x10=1617) [direct-vesa: presents=100 total_ms=475 avg_ms_x10=47 failed=0] [ablation: NO_DC_TIMING=0 CACHE_WINSURF=0 DIRECT_VESA=1]
[13:01:30] [info] kbd/audio block 0: kbd_irq=0 kbd_drain=0 ring_chunks=16 pump_pass=1889 pic1_mask=0xb8 first_irq_ticks=0 install_ticks=0 vector_at_install=0x00849600 pic1_mask_live=0xb8 kbd_8042_stat=0x34 bios_kbd_head=0x0032 bios_kbd_tail=0x0032 bios_kbd_buf0=0x324d
[13:01:30] [info] dirty-rect block @flip=1100: total_calls=0 dirty_rects_avg=1 dirty_pct_x10=1000 forced_full=0 first_n_force=0 threshold_exceeded=0 dirty_path_taken=0 full_flush_taken=0
[13:01:30] [info] prev-frame-diff block @flip=1100: diff_calls=0 diff_rects_avg=0 diff_dirty_pct_x10=0 bbox_pct_x10=0 bbox_thresh_exceeded=0
[13:01:30] [info] flip-probe: flip #1110 ok=true present=5ms inter_flip_ms=1 drawcalls-since-flip=16 drawcalls-total=87651 fail-total=0 null-skips-total=0
[13:01:31] [info] backdrop cache: thrashing-detect engaged (streak=244, route=direct)
[13:01:31] [info] flip-probe: flip #1120 ok=true present=5ms inter_flip_ms=1 drawcalls-since-flip=16 drawcalls-total=87811 fail-total=0 null-skips-total=0
[13:01:31] [info] flip-probe: flip #1130 ok=true present=6ms inter_flip_ms=0 drawcalls-since-flip=16 drawcalls-total=87971 fail-total=0 null-skips-total=0
[13:01:31] [info] flip-probe: flip #1140 ok=true present=5ms inter_flip_ms=-3 drawcalls-since-flip=16 drawcalls-total=88131 fail-total=0 null-skips-total=0
[13:01:32] [info] flip-probe: flip #1150 ok=true present=-3ms inter_flip_ms=-2 drawcalls-since-flip=16 drawcalls-total=88291 fail-total=0 null-skips-total=0
[13:01:32] [info] flip-probe: flip #1160 ok=true present=-2ms inter_flip_ms=53 drawcalls-since-flip=27 drawcalls-total=88517 fail-total=0 null-skips-total=0
[13:01:32] [info] flip-probe: flip #1170 ok=true present=-3ms inter_flip_ms=0 drawcalls-since-flip=26 drawcalls-total=88784 fail-total=0 null-skips-total=0
[13:01:32] [info] backdrop cache: thrashing-detect engaged (streak=304, route=direct)
[13:01:32] [info] flip-probe: flip #1180 ok=true present=6ms inter_flip_ms=-4 drawcalls-since-flip=26 drawcalls-total=89036 fail-total=0 null-skips-total=0
[13:01:33] [info] flip-probe: flip #1190 ok=true present=53ms inter_flip_ms=2 drawcalls-since-flip=20 drawcalls-total=89243 fail-total=0 null-skips-total=0
[13:01:33] [info] flip-probe: flip #1200 ok=true present=-2ms inter_flip_ms=3 drawcalls-since-flip=215 drawcalls-total=89992 fail-total=0 null-skips-total=0
[13:01:33] [info] alpha audit block 0: 2402 total drawcalls, 0 with alpha<255 (block pct_x10=0; global 0/83676 pct_x10=0); alpha-mod skipped: block=0 global=0
[13:01:33] [info] fastpath audit block 0: taken=2402 (idx8=2402) skipped=0 pct_x10=1000; global taken=83676 (idx8=83676) skipped=0 pct_x10=1000
[13:01:33] [info] primitive tally block 0: clear=200(hr=200) fill=0(hr=0) rect=0(hr=0) line=0(hr=0) tint=0 spotlight=0 (over 100 flips ending at flip 1200)
[13:01:33] [info] phase timing block 0: drawcalls=2602 dc_total_ms=510 flip_inner_total_ms=349 inter_flip_total_ms=2913 (per-flip avg x10: dc_ms=51 fi_ms=34 if_ms=291 derived audio+engine_ms=206; per-drawcall avg us_x10=1960) [direct-vesa: presents=100 total_ms=244 avg_ms_x10=24 failed=0] [ablation: NO_DC_TIMING=0 CACHE_WINSURF=0 DIRECT_VESA=1]
[13:01:33] [info] kbd/audio block 0: kbd_irq=0 kbd_drain=0 ring_chunks=16 pump_pass=2060 pic1_mask=0xb8 first_irq_ticks=0 install_ticks=0 vector_at_install=0x00849600 pic1_mask_live=0xb8 kbd_8042_stat=0x34 bios_kbd_head=0x0032 bios_kbd_tail=0x0032 bios_kbd_buf0=0x324d
[13:01:33] [info] dirty-rect block @flip=1200: total_calls=0 dirty_rects_avg=1 dirty_pct_x10=1000 forced_full=0 first_n_force=0 threshold_exceeded=0 dirty_path_taken=0 full_flush_taken=0
[13:01:33] [info] prev-frame-diff block @flip=1200: diff_calls=0 diff_rects_avg=0 diff_dirty_pct_x10=0 bbox_pct_x10=0 bbox_thresh_exceeded=0
[13:01:34] [info] flip-probe: flip #1210 ok=true present=-3ms inter_flip_ms=54 drawcalls-since-flip=305 drawcalls-total=92967 fail-total=0 null-skips-total=0
[13:01:34] [info]  >> Entering stage 15: 'Reservoir'.
[13:01:34] [info] [skip-sheet-flush] cave=6
[13:01:34] [info] [load-stage] preloading entry music song=9 (cave=6)
[13:01:34] [info] gameloop: entered (curmap=15, running=1)
[13:01:34] [info] gameloop: iter 1 ticks=55308 mapno=-1
[13:01:34] [info] mds-clear-lut: rebuilt N=240 entries (k_skip=13% k_keep=87%; curmap=15 map_size=40x20; rebuild #4 since boot)
[13:01:34] [info] gameloop: iter 2 ticks=55413 mapno=-1
[13:01:34] [info] gameloop: iter 3 ticks=55467 mapno=-1
[13:01:34] [info] run_tick_fixed #2100: heartbeat (loop alive)
[13:01:34] [info] flip-probe: flip #1220 ok=true present=-3ms inter_flip_ms=54 drawcalls-since-flip=231 drawcalls-total=95816 fail-total=0 null-skips-total=0
[13:01:35] [info] flip-probe: flip #1230 ok=true present=-2ms inter_flip_ms=2 drawcalls-since-flip=32 drawcalls-total=96554 fail-total=0 null-skips-total=0
[13:01:35] [info] flip-probe: flip #1240 ok=true present=5ms inter_flip_ms=49 drawcalls-since-flip=32 drawcalls-total=96874 fail-total=0 null-skips-total=0
[13:01:36] [info] flip-probe: flip #1250 ok=true present=-3ms inter_flip_ms=3 drawcalls-since-flip=32 drawcalls-total=97194 fail-total=0 null-skips-total=0
[13:01:36] [info] flip-probe: flip #1260 ok=true present=-3ms inter_flip_ms=55 drawcalls-since-flip=32 drawcalls-total=97514 fail-total=0 null-skips-total=0
[13:01:36] [info] backdrop cache: thrashing-detect engaged (streak=4, route=direct)
[13:01:36] [info] flip-probe: flip #1270 ok=true present=-3ms inter_flip_ms=60 drawcalls-since-flip=32 drawcalls-total=97834 fail-total=0 null-skips-total=0
[13:01:37] [info] flip-probe: flip #1280 ok=true present=52ms inter_flip_ms=-1 drawcalls-since-flip=32 drawcalls-total=98154 fail-total=0 null-skips-total=0
[13:01:37] [info] flip-probe: flip #1290 ok=true present=6ms inter_flip_ms=48 drawcalls-since-flip=32 drawcalls-total=98474 fail-total=0 null-skips-total=0
[13:01:37] [info] flip-probe: flip #1300 ok=true present=-3ms inter_flip_ms=3 drawcalls-since-flip=32 drawcalls-total=98794 fail-total=0 null-skips-total=0
[13:01:37] [info] alpha audit block 0: 7901 total drawcalls, 0 with alpha<255 (block pct_x10=0; global 0/91577 pct_x10=0); alpha-mod skipped: block=0 global=0
[13:01:37] [info] fastpath audit block 0: taken=7901 (idx8=7901) skipped=0 pct_x10=1000; global taken=91577 (idx8=91577) skipped=0 pct_x10=1000
[13:01:37] [info] primitive tally block 0: clear=201(hr=201) fill=0(hr=0) rect=0(hr=0) line=0(hr=0) tint=0 spotlight=0 (over 100 flips ending at flip 1300)
[13:01:37] [info] color/alpha audit block 0: cmod_white=801 cmod_black=801 (idx=801) cmod_general=0 (idx=0) cmod_fb=0; alpha_taken=0 alpha_skipped=0 (global cmod=7351/5481/651/0 idx=5481/651 alpha=0/0)
[13:01:37] [info] phase timing block 0: drawcalls=9754 dc_total_ms=807 flip_inner_total_ms=652 inter_flip_total_ms=4013 (per-flip avg x10: dc_ms=80 fi_ms=65 if_ms=401 derived audio+engine_ms=256; per-drawcall avg us_x10=828) [direct-vesa: presents=100 total_ms=313 avg_ms_x10=31 failed=0] [ablation: NO_DC_TIMING=0 CACHE_WINSURF=0 DIRECT_VESA=1]
[13:01:37] [info] kbd/audio block 0: kbd_irq=0 kbd_drain=0 ring_chunks=16 pump_pass=2252 pic1_mask=0xb8 first_irq_ticks=0 install_ticks=0 vector_at_install=0x00849600 pic1_mask_live=0xb8 kbd_8042_stat=0x34 bios_kbd_head=0x0032 bios_kbd_tail=0x0032 bios_kbd_buf0=0x324d
[13:01:37] [info] dirty-rect block @flip=1300: total_calls=0 dirty_rects_avg=1 dirty_pct_x10=1000 forced_full=0 first_n_force=0 threshold_exceeded=0 dirty_path_taken=0 full_flush_taken=0
[13:01:37] [info] prev-frame-diff block @flip=1300: diff_calls=0 diff_rects_avg=0 diff_dirty_pct_x10=0 bbox_pct_x10=0 bbox_thresh_exceeded=0
[13:01:37] [info] flip-probe: flip #1310 ok=true present=-3ms inter_flip_ms=1 drawcalls-since-flip=32 drawcalls-total=99114 fail-total=0 null-skips-total=0
[13:01:38] [info] flip-probe: flip #1320 ok=true present=6ms inter_flip_ms=49 drawcalls-since-flip=34 drawcalls-total=99449 fail-total=0 null-skips-total=0
[13:01:38] [info] backdrop cache: thrashing-detect engaged (streak=64, route=direct)
[13:01:38] [info] flip-probe: flip #1330 ok=true present=-3ms inter_flip_ms=57 drawcalls-since-flip=35 drawcalls-total=99794 fail-total=0 null-skips-total=0
[13:01:38] [info] flip-probe: flip #1340 ok=true present=6ms inter_flip_ms=55 drawcalls-since-flip=17 drawcalls-total=99986 fail-total=0 null-skips-total=0
[13:01:39] [info] flip-probe: flip #1350 ok=true present=-2ms inter_flip_ms=58 drawcalls-since-flip=17 drawcalls-total=100156 fail-total=0 null-skips-total=0
[13:01:39] [info] flip-probe: flip #1360 ok=true present=-3ms inter_flip_ms=60 drawcalls-since-flip=17 drawcalls-total=100326 fail-total=0 null-skips-total=0
[13:01:39] [info] flip-probe: flip #1370 ok=true present=-2ms inter_flip_ms=59 drawcalls-since-flip=16 drawcalls-total=100492 fail-total=0 null-skips-total=0
[13:01:39] [info] flip-probe: flip #1380 ok=true present=5ms inter_flip_ms=56 drawcalls-since-flip=15 drawcalls-total=100643 fail-total=0 null-skips-total=0
[13:01:39] [info] backdrop cache: thrashing-detect engaged (streak=124, route=direct)
[13:01:40] [info] flip-probe: flip #1390 ok=true present=-2ms inter_flip_ms=56 drawcalls-since-flip=14 drawcalls-total=100786 fail-total=0 null-skips-total=0
[13:01:40] [info] flip-probe: flip #1400 ok=true present=6ms inter_flip_ms=53 drawcalls-since-flip=14 drawcalls-total=100926 fail-total=0 null-skips-total=0
[13:01:40] [info] alpha audit block 0: 1753 total drawcalls, 0 with alpha<255 (block pct_x10=0; global 0/93330 pct_x10=0); alpha-mod skipped: block=0 global=0
[13:01:40] [info] fastpath audit block 0: taken=1753 (idx8=1753) skipped=0 pct_x10=1000; global taken=93330 (idx8=93330) skipped=0 pct_x10=1000
[13:01:40] [info] primitive tally block 0: clear=200(hr=200) fill=0(hr=0) rect=0(hr=0) line=0(hr=0) tint=0 spotlight=0 (over 100 flips ending at flip 1400)
[13:01:40] [info] color/alpha audit block 0: cmod_white=279 cmod_black=279 (idx=279) cmod_general=0 (idx=0) cmod_fb=0; alpha_taken=0 alpha_skipped=0 (global cmod=7630/5760/651/0 idx=5760/651 alpha=0/0)
[13:01:40] [info] phase timing block 0: drawcalls=2511 dc_total_ms=506 flip_inner_total_ms=214 inter_flip_total_ms=2959 (per-flip avg x10: dc_ms=50 fi_ms=21 if_ms=295 derived audio+engine_ms=224; per-drawcall avg us_x10=2015) [direct-vesa: presents=100 total_ms=219 avg_ms_x10=21 failed=0] [ablation: NO_DC_TIMING=0 CACHE_WINSURF=0 DIRECT_VESA=1]
[13:01:40] [info] kbd/audio block 0: kbd_irq=0 kbd_drain=0 ring_chunks=16 pump_pass=2444 pic1_mask=0xb8 first_irq_ticks=0 install_ticks=0 vector_at_install=0x00849600 pic1_mask_live=0xb8 kbd_8042_stat=0x34 bios_kbd_head=0x0032 bios_kbd_tail=0x0032 bios_kbd_buf0=0x324d
[13:01:40] [info] dirty-rect block @flip=1400: total_calls=0 dirty_rects_avg=1 dirty_pct_x10=1000 forced_full=0 first_n_force=0 threshold_exceeded=0 dirty_path_taken=0 full_flush_taken=0
[13:01:40] [info] prev-frame-diff block @flip=1400: diff_calls=0 diff_rects_avg=0 diff_dirty_pct_x10=0 bbox_pct_x10=0 bbox_thresh_exceeded=0
[13:01:40] [info] flip-probe: flip #1410 ok=true present=-3ms inter_flip_ms=62 drawcalls-since-flip=14 drawcalls-total=101066 fail-total=0 null-skips-total=0
[13:01:41] [info] flip-probe: flip #1420 ok=true present=6ms inter_flip_ms=53 drawcalls-since-flip=14 drawcalls-total=101206 fail-total=0 null-skips-total=0
[13:01:41] [info] flip-probe: flip #1430 ok=true present=6ms inter_flip_ms=54 drawcalls-since-flip=16 drawcalls-total=101350 fail-total=0 null-skips-total=0
[13:01:41] [info] flip-probe: flip #1440 ok=true present=-3ms inter_flip_ms=54 drawcalls-since-flip=17 drawcalls-total=101518 fail-total=0 null-skips-total=0
[13:01:41] [info] backdrop cache: thrashing-detect engaged (streak=184, route=direct)
[13:01:41] [info] flip-probe: flip #1450 ok=true present=-3ms inter_flip_ms=57 drawcalls-since-flip=17 drawcalls-total=101692 fail-total=0 null-skips-total=0
[13:01:42] [info] flip-probe: flip #1460 ok=true present=-3ms inter_flip_ms=56 drawcalls-since-flip=15 drawcalls-total=101862 fail-total=0 null-skips-total=0
[13:01:42] [info] flip-probe: flip #1470 ok=true present=-3ms inter_flip_ms=62 drawcalls-since-flip=14 drawcalls-total=102007 fail-total=0 null-skips-total=0
[13:01:42] [info] flip-probe: flip #1480 ok=true present=-3ms inter_flip_ms=57 drawcalls-since-flip=153 drawcalls-total=102286 fail-total=0 null-skips-total=0
[13:01:43] [info] flip-probe: flip #1490 ok=true present=-2ms inter_flip_ms=55 drawcalls-since-flip=3 drawcalls-total=104581 fail-total=0 null-skips-total=0
[13:01:43] [info]  >> Entering stage 11: 'Mimiga Village'.
[13:01:43] [info] [skip-sheet-flush] cave=7
[13:01:43] [info] [load-stage] preloading entry music song=9 (cave=7)
[13:01:43] [info] gameloop: entered (curmap=11, running=1)
[13:01:43] [info] gameloop: iter 1 ticks=64480 mapno=-1
[13:01:43] [info] mds-clear-lut: rebuilt N=240 entries (k_skip=0% k_keep=100%; curmap=11 map_size=60x60; rebuild #5 since boot)
[13:01:43] [info] gameloop: iter 2 ticks=64533 mapno=-1
[13:01:43] [info] gameloop: iter 3 ticks=64590 mapno=-1
[13:01:44] [info] flip-probe: flip #1500 ok=true present=-3ms inter_flip_ms=2 drawcalls-since-flip=226 drawcalls-total=107368 fail-total=0 null-skips-total=0
[13:01:44] [info] alpha audit block 0: 6225 total drawcalls, 0 with alpha<255 (block pct_x10=0; global 0/99555 pct_x10=0); alpha-mod skipped: block=0 global=0
[13:01:44] [info] fastpath audit block 0: taken=6225 (idx8=6225) skipped=0 pct_x10=1000; global taken=99555 (idx8=99555) skipped=0 pct_x10=1000
[13:01:44] [info] primitive tally block 0: clear=203(hr=203) fill=0(hr=0) rect=0(hr=0) line=0(hr=0) tint=0 spotlight=0 (over 100 flips ending at flip 1500)
[13:01:44] [info] color/alpha audit block 0: cmod_white=117 cmod_black=117 (idx=117) cmod_general=0 (idx=0) cmod_fb=0; alpha_taken=0 alpha_skipped=0 (global cmod=7747/5877/651/0 idx=5877/651 alpha=0/0)
[13:01:44] [info] phase timing block 0: drawcalls=6671 dc_total_ms=697 flip_inner_total_ms=393 inter_flip_total_ms=3523 (per-flip avg x10: dc_ms=69 fi_ms=39 if_ms=352 derived audio+engine_ms=244; per-drawcall avg us_x10=1045) [direct-vesa: presents=100 total_ms=347 avg_ms_x10=34 failed=0] [ablation: NO_DC_TIMING=0 CACHE_WINSURF=0 DIRECT_VESA=1]
[13:01:44] [info] kbd/audio block 0: kbd_irq=0 kbd_drain=0 ring_chunks=16 pump_pass=2618 pic1_mask=0xb8 first_irq_ticks=0 install_ticks=0 vector_at_install=0x00849600 pic1_mask_live=0xb8 kbd_8042_stat=0x34 bios_kbd_head=0x0032 bios_kbd_tail=0x0032 bios_kbd_buf0=0x324d
[13:01:44] [info] dirty-rect block @flip=1500: total_calls=0 dirty_rects_avg=1 dirty_pct_x10=1000 forced_full=0 first_n_force=0 threshold_exceeded=0 dirty_path_taken=0 full_flush_taken=0
[13:01:44] [info] prev-frame-diff block @flip=1500: diff_calls=0 diff_rects_avg=0 diff_dirty_pct_x10=0 bbox_pct_x10=0 bbox_thresh_exceeded=0
[13:01:44] [info] flip-probe: flip #1510 ok=true present=53ms inter_flip_ms=2 drawcalls-since-flip=42 drawcalls-total=108044 fail-total=0 null-skips-total=0
[13:01:44] [info] flip-probe: flip #1520 ok=true present=-3ms inter_flip_ms=62 drawcalls-since-flip=42 drawcalls-total=108464 fail-total=0 null-skips-total=0
[13:01:45] [info] flip-probe: flip #1530 ok=true present=6ms inter_flip_ms=-3 drawcalls-since-flip=42 drawcalls-total=108884 fail-total=0 null-skips-total=0
[13:01:45] [info] flip-probe: flip #1540 ok=true present=-3ms inter_flip_ms=53 drawcalls-since-flip=53 drawcalls-total=109326 fail-total=0 null-skips-total=0
[13:01:45] [info] run_tick_fixed #2700: heartbeat (loop alive)
[13:01:45] [info] run_tick_fixed #2700: heartbeat (loop alive)
[13:01:45] [info] flip-probe: flip #1550 ok=true present=5ms inter_flip_ms=50 drawcalls-since-flip=49 drawcalls-total=109854 fail-total=0 null-skips-total=0
[13:01:45] [info] backdrop cache: thrashing-detect engaged (streak=4, route=direct)
[13:01:46] [info] flip-probe: flip #1560 ok=true present=-3ms inter_flip_ms=5 drawcalls-since-flip=49 drawcalls-total=110337 fail-total=0 null-skips-total=0
[13:01:46] [info] flip-probe: flip #1570 ok=true present=6ms inter_flip_ms=55 drawcalls-since-flip=46 drawcalls-total=110808 fail-total=0 null-skips-total=0
[13:01:46] [info] flip-probe: flip #1580 ok=true present=-3ms inter_flip_ms=4 drawcalls-since-flip=43 drawcalls-total=111257 fail-total=0 null-skips-total=0
[13:01:47] [info] flip-probe: flip #1590 ok=true present=5ms inter_flip_ms=-2 drawcalls-since-flip=45 drawcalls-total=111696 fail-total=0 null-skips-total=0
[13:01:47] [info] flip-probe: flip #1600 ok=true present=-3ms inter_flip_ms=60 drawcalls-since-flip=44 drawcalls-total=112140 fail-total=0 null-skips-total=0
[13:01:47] [info] alpha audit block 0: 3372 total drawcalls, 0 with alpha<255 (block pct_x10=0; global 0/102927 pct_x10=0); alpha-mod skipped: block=0 global=0
[13:01:47] [info] fastpath audit block 0: taken=3372 (idx8=3372) skipped=0 pct_x10=1000; global taken=102927 (idx8=102927) skipped=0 pct_x10=1000
[13:01:47] [info] primitive tally block 0: clear=200(hr=200) fill=0(hr=0) rect=0(hr=0) line=0(hr=0) tint=0 spotlight=0 (over 100 flips ending at flip 1600)
[13:01:47] [info] color/alpha audit block 0: cmod_white=1300 cmod_black=1300 (idx=1300) cmod_general=0 (idx=0) cmod_fb=0; alpha_taken=0 alpha_skipped=0 (global cmod=9047/7177/651/0 idx=7177/651 alpha=0/0)
[13:01:47] [info] phase timing block 0: drawcalls=6225 dc_total_ms=893 flip_inner_total_ms=177 inter_flip_total_ms=3293 (per-flip avg x10: dc_ms=89 fi_ms=17 if_ms=329 derived audio+engine_ms=223; per-drawcall avg us_x10=1435) [direct-vesa: presents=100 total_ms=77 avg_ms_x10=7 failed=0] [ablation: NO_DC_TIMING=0 CACHE_WINSURF=0 DIRECT_VESA=1]
[13:01:47] [info] kbd/audio block 0: kbd_irq=0 kbd_drain=0 ring_chunks=16 pump_pass=2796 pic1_mask=0xb8 first_irq_ticks=0 install_ticks=0 vector_at_install=0x00849600 pic1_mask_live=0xb8 kbd_8042_stat=0x34 bios_kbd_head=0x0032 bios_kbd_tail=0x0032 bios_kbd_buf0=0x324d
[13:01:47] [info] dirty-rect block @flip=1600: total_calls=0 dirty_rects_avg=1 dirty_pct_x10=1000 forced_full=0 first_n_force=0 threshold_exceeded=0 dirty_path_taken=0 full_flush_taken=0
[13:01:47] [info] prev-frame-diff block @flip=1600: diff_calls=0 diff_rects_avg=0 diff_dirty_pct_x10=0 bbox_pct_x10=0 bbox_thresh_exceeded=0
[13:01:47] [info] flip-probe: flip #1610 ok=true present=5ms inter_flip_ms=0 drawcalls-since-flip=46 drawcalls-total=112587 fail-total=0 null-skips-total=0
[13:01:47] [info] backdrop cache: thrashing-detect engaged (streak=64, route=direct)
[13:01:48] [info] flip-probe: flip #1620 ok=true present=-2ms inter_flip_ms=58 drawcalls-since-flip=19 drawcalls-total=112807 fail-total=0 null-skips-total=0
[13:01:48] [info] flip-probe: flip #1630 ok=true present=-3ms inter_flip_ms=0 drawcalls-since-flip=19 drawcalls-total=112997 fail-total=0 null-skips-total=0
[13:01:48] [info] flip-probe: flip #1640 ok=true present=6ms inter_flip_ms=54 drawcalls-since-flip=19 drawcalls-total=113187 fail-total=0 null-skips-total=0
[13:01:48] [info] flip-probe: flip #1650 ok=true present=-2ms inter_flip_ms=-2 drawcalls-since-flip=19 drawcalls-total=113377 fail-total=0 null-skips-total=0
[13:01:49] [info] flip-probe: flip #1660 ok=true present=-3ms inter_flip_ms=58 drawcalls-since-flip=19 drawcalls-total=113567 fail-total=0 null-skips-total=0
[13:01:49] [info] flip-probe: flip #1670 ok=true present=-3ms inter_flip_ms=2 drawcalls-since-flip=19 drawcalls-total=113757 fail-total=0 null-skips-total=0
[13:01:49] [info] backdrop cache: thrashing-detect engaged (streak=124, route=direct)
[13:01:49] [info] flip-probe: flip #1680 ok=true present=-3ms inter_flip_ms=53 drawcalls-since-flip=19 drawcalls-total=113947 fail-total=0 null-skips-total=0
[13:01:50] [info] flip-probe: flip #1690 ok=true present=-3ms inter_flip_ms=5 drawcalls-since-flip=19 drawcalls-total=114137 fail-total=0 null-skips-total=0
[13:01:50] [info] flip-probe: flip #1700 ok=true present=6ms inter_flip_ms=-3 drawcalls-since-flip=18 drawcalls-total=114324 fail-total=0 null-skips-total=0
[13:01:50] [info] alpha audit block 0: 1941 total drawcalls, 0 with alpha<255 (block pct_x10=0; global 0/104868 pct_x10=0); alpha-mod skipped: block=0 global=0
[13:01:50] [info] fastpath audit block 0: taken=1941 (idx8=1941) skipped=0 pct_x10=1000; global taken=104868 (idx8=104868) skipped=0 pct_x10=1000
[13:01:50] [info] primitive tally block 0: clear=200(hr=200) fill=0(hr=0) rect=0(hr=0) line=0(hr=0) tint=0 spotlight=0 (over 100 flips ending at flip 1700)
[13:01:50] [info] color/alpha audit block 0: cmod_white=143 cmod_black=143 (idx=143) cmod_general=0 (idx=0) cmod_fb=0; alpha_taken=0 alpha_skipped=0 (global cmod=9190/7320/651/0 idx=7320/651 alpha=0/0)
[13:01:50] [info] phase timing block 0: drawcalls=2427 dc_total_ms=908 flip_inner_total_ms=253 inter_flip_total_ms=3016 (per-flip avg x10: dc_ms=90 fi_ms=25 if_ms=301 derived audio+engine_ms=186; per-drawcall avg us_x10=3744) [direct-vesa: presents=100 total_ms=123 avg_ms_x10=12 failed=0] [ablation: NO_DC_TIMING=0 CACHE_WINSURF=0 DIRECT_VESA=1]
[13:01:50] [info] kbd/audio block 0: kbd_irq=0 kbd_drain=0 ring_chunks=16 pump_pass=2965 pic1_mask=0xb8 first_irq_ticks=0 install_ticks=0 vector_at_install=0x00849600 pic1_mask_live=0xb8 kbd_8042_stat=0x34 bios_kbd_head=0x0032 bios_kbd_tail=0x0032 bios_kbd_buf0=0x324d
[13:01:50] [info] dirty-rect block @flip=1700: total_calls=0 dirty_rects_avg=1 dirty_pct_x10=1000 forced_full=0 first_n_force=0 threshold_exceeded=0 dirty_path_taken=0 full_flush_taken=0
[13:01:50] [info] prev-frame-diff block @flip=1700: diff_calls=0 diff_rects_avg=0 diff_dirty_pct_x10=0 bbox_pct_x10=0 bbox_thresh_exceeded=0
[13:01:50] [info] flip-probe: flip #1710 ok=true present=-3ms inter_flip_ms=57 drawcalls-since-flip=18 drawcalls-total=114504 fail-total=0 null-skips-total=0
[13:01:51] [info] flip-probe: flip #1720 ok=true present=-3ms inter_flip_ms=57 drawcalls-since-flip=18 drawcalls-total=114684 fail-total=0 null-skips-total=0
[13:01:51] [info] run_tick_fixed #3000: heartbeat (loop alive)
[13:01:51] [info] run_tick_fixed #3000: heartbeat (loop alive)
[13:01:51] [info] flip-probe: flip #1730 ok=true present=-3ms inter_flip_ms=1 drawcalls-since-flip=17 drawcalls-total=114857 fail-total=0 null-skips-total=0
[13:01:51] [info] backdrop cache: thrashing-detect engaged (streak=184, route=direct)
[13:01:51] [info] flip-probe: flip #1740 ok=true present=6ms inter_flip_ms=56 drawcalls-since-flip=17 drawcalls-total=115027 fail-total=0 null-skips-total=0
[13:01:51] [info] flip-probe: flip #1750 ok=true present=53ms inter_flip_ms=-3 drawcalls-since-flip=18 drawcalls-total=115205 fail-total=0 null-skips-total=0
[13:01:52] [info] flip-probe: flip #1760 ok=true present=6ms inter_flip_ms=48 drawcalls-since-flip=19 drawcalls-total=115395 fail-total=0 null-skips-total=0
[13:01:52] [info] flip-probe: flip #1770 ok=true present=-3ms inter_flip_ms=2 drawcalls-since-flip=19 drawcalls-total=115585 fail-total=0 null-skips-total=0
[13:01:52] [info] flip-probe: flip #1780 ok=true present=5ms inter_flip_ms=-3 drawcalls-since-flip=19 drawcalls-total=115775 fail-total=0 null-skips-total=0
[13:01:53] [info] flip-probe: flip #1790 ok=true present=-3ms inter_flip_ms=56 drawcalls-since-flip=18 drawcalls-total=115963 fail-total=0 null-skips-total=0
[13:01:53] [info] backdrop cache: thrashing-detect engaged (streak=244, route=direct)
[13:01:53] [info] flip-probe: flip #1800 ok=true present=-3ms inter_flip_ms=52 drawcalls-since-flip=17 drawcalls-total=116142 fail-total=0 null-skips-total=0
[13:01:53] [info] alpha audit block 0: 1718 total drawcalls, 0 with alpha<255 (block pct_x10=0; global 0/106586 pct_x10=0); alpha-mod skipped: block=0 global=0
[13:01:53] [info] fastpath audit block 0: taken=1718 (idx8=1718) skipped=0 pct_x10=1000; global taken=106586 (idx8=106586) skipped=0 pct_x10=1000
[13:01:53] [info] primitive tally block 0: clear=200(hr=200) fill=0(hr=0) rect=0(hr=0) line=0(hr=0) tint=0 spotlight=0 (over 100 flips ending at flip 1800)
[13:01:53] [info] phase timing block 0: drawcalls=1918 dc_total_ms=287 flip_inner_total_ms=468 inter_flip_total_ms=3023 (per-flip avg x10: dc_ms=28 fi_ms=46 if_ms=302 derived audio+engine_ms=228; per-drawcall avg us_x10=1501) [direct-vesa: presents=100 total_ms=305 avg_ms_x10=30 failed=0] [ablation: NO_DC_TIMING=0 CACHE_WINSURF=0 DIRECT_VESA=1]
[13:01:53] [info] kbd/audio block 0: kbd_irq=0 kbd_drain=0 ring_chunks=16 pump_pass=3131 pic1_mask=0xb8 first_irq_ticks=0 install_ticks=0 vector_at_install=0x00849600 pic1_mask_live=0xb8 kbd_8042_stat=0x34 bios_kbd_head=0x0032 bios_kbd_tail=0x0032 bios_kbd_buf0=0x324d
[13:01:53] [info] dirty-rect block @flip=1800: total_calls=0 dirty_rects_avg=1 dirty_pct_x10=1000 forced_full=0 first_n_force=0 threshold_exceeded=0 dirty_path_taken=0 full_flush_taken=0
[13:01:53] [info] prev-frame-diff block @flip=1800: diff_calls=0 diff_rects_avg=0 diff_dirty_pct_x10=0 bbox_pct_x10=0 bbox_thresh_exceeded=0
[13:01:53] [info] flip-probe: flip #1810 ok=true present=-3ms inter_flip_ms=1 drawcalls-since-flip=18 drawcalls-total=116313 fail-total=0 null-skips-total=0
[13:01:54] [info] flip-probe: flip #1820 ok=true present=-2ms inter_flip_ms=0 drawcalls-since-flip=18 drawcalls-total=116493 fail-total=0 null-skips-total=0
[13:01:54] [info] flip-probe: flip #1830 ok=true present=6ms inter_flip_ms=48 drawcalls-since-flip=18 drawcalls-total=116673 fail-total=0 null-skips-total=0
[13:01:54] [info] flip-probe: flip #1840 ok=true present=-2ms inter_flip_ms=53 drawcalls-since-flip=19 drawcalls-total=116858 fail-total=0 null-skips-total=0
[13:01:54] [info] flip-probe: flip #1850 ok=true present=-2ms inter_flip_ms=2 drawcalls-since-flip=19 drawcalls-total=117048 fail-total=0 null-skips-total=0
[13:01:54] [info] backdrop cache: thrashing-detect engaged (streak=304, route=direct)
[13:01:55] [info] flip-probe: flip #1860 ok=true present=-3ms inter_flip_ms=63 drawcalls-since-flip=19 drawcalls-total=117238 fail-total=0 null-skips-total=0
[13:01:55] [info] flip-probe: flip #1870 ok=true present=-3ms inter_flip_ms=7 drawcalls-since-flip=19 drawcalls-total=117428 fail-total=0 null-skips-total=0
[13:01:55] [info] backdrop cache: thrashing-detect engaged (streak=4, route=direct)
[13:01:55] [info] flip-probe: flip #1880 ok=true present=6ms inter_flip_ms=-2 drawcalls-since-flip=20 drawcalls-total=117622 fail-total=0 null-skips-total=0
[13:01:56] [info] flip-probe: flip #1890 ok=true present=-3ms inter_flip_ms=56 drawcalls-since-flip=20 drawcalls-total=117822 fail-total=0 null-skips-total=0
[13:01:56] [info] flip-probe: flip #1900 ok=true present=6ms inter_flip_ms=-5 drawcalls-since-flip=20 drawcalls-total=118022 fail-total=0 null-skips-total=0
[13:01:56] [info] alpha audit block 0: 1780 total drawcalls, 0 with alpha<255 (block pct_x10=0; global 0/108366 pct_x10=0); alpha-mod skipped: block=0 global=0
[13:01:56] [info] fastpath audit block 0: taken=1780 (idx8=1780) skipped=0 pct_x10=1000; global taken=108366 (idx8=108366) skipped=0 pct_x10=1000
[13:01:56] [info] primitive tally block 0: clear=200(hr=200) fill=0(hr=0) rect=0(hr=0) line=0(hr=0) tint=0 spotlight=0 (over 100 flips ending at flip 1900)
[13:01:56] [info] phase timing block 0: drawcalls=1987 dc_total_ms=612 flip_inner_total_ms=295 inter_flip_total_ms=3018 (per-flip avg x10: dc_ms=61 fi_ms=29 if_ms=301 derived audio+engine_ms=211; per-drawcall avg us_x10=3083) [direct-vesa: presents=100 total_ms=161 avg_ms_x10=16 failed=0] [ablation: NO_DC_TIMING=0 CACHE_WINSURF=0 DIRECT_VESA=1]
[13:01:56] [info] kbd/audio block 0: kbd_irq=0 kbd_drain=0 ring_chunks=16 pump_pass=3297 pic1_mask=0xb8 first_irq_ticks=0 install_ticks=0 vector_at_install=0x00849600 pic1_mask_live=0xb8 kbd_8042_stat=0x34 bios_kbd_head=0x0032 bios_kbd_tail=0x0032 bios_kbd_buf0=0x324d
[13:01:56] [info] dirty-rect block @flip=1900: total_calls=0 dirty_rects_avg=1 dirty_pct_x10=1000 forced_full=0 first_n_force=0 threshold_exceeded=0 dirty_path_taken=0 full_flush_taken=0
[13:01:56] [info] prev-frame-diff block @flip=1900: diff_calls=0 diff_rects_avg=0 diff_dirty_pct_x10=0 bbox_pct_x10=0 bbox_thresh_exceeded=0
[13:01:56] [info] run_tick_fixed #3300: heartbeat (loop alive)
[13:01:56] [info] flip-probe: flip #1910 ok=true present=-3ms inter_flip_ms=57 drawcalls-since-flip=17 drawcalls-total=118216 fail-total=0 null-skips-total=0
[13:01:57] [info] flip-probe: flip #1920 ok=true present=6ms inter_flip_ms=49 drawcalls-since-flip=17 drawcalls-total=118386 fail-total=0 null-skips-total=0
[13:01:57] [info] flip-probe: flip #1930 ok=true present=-3ms inter_flip_ms=-2 drawcalls-since-flip=17 drawcalls-total=118556 fail-total=0 null-skips-total=0
[13:01:57] [info] backdrop cache: thrashing-detect engaged (streak=64, route=direct)
[13:01:57] [info] flip-probe: flip #1940 ok=true present=6ms inter_flip_ms=54 drawcalls-since-flip=17 drawcalls-total=118726 fail-total=0 null-skips-total=0
[13:01:57] [info] flip-probe: flip #1950 ok=true present=-2ms inter_flip_ms=57 drawcalls-since-flip=17 drawcalls-total=118896 fail-total=0 null-skips-total=0
[13:01:58] [info] flip-probe: flip #1960 ok=true present=53ms inter_flip_ms=6 drawcalls-since-flip=18 drawcalls-total=119080 fail-total=0 null-skips-total=0
[13:01:58] [info] flip-probe: flip #1970 ok=true present=5ms inter_flip_ms=49 drawcalls-since-flip=17 drawcalls-total=119258 fail-total=0 null-skips-total=0
[13:01:58] [info] flip-probe: flip #1980 ok=true present=6ms inter_flip_ms=-3 drawcalls-since-flip=17 drawcalls-total=119428 fail-total=0 null-skips-total=0
[13:01:59] [info] flip-probe: flip #1990 ok=true present=-3ms inter_flip_ms=57 drawcalls-since-flip=16 drawcalls-total=119591 fail-total=0 null-skips-total=0
[13:01:59] [info] backdrop cache: thrashing-detect engaged (streak=124, route=direct)
[13:01:59] [info] flip-probe: flip #2000 ok=true present=6ms inter_flip_ms=-5 drawcalls-since-flip=17 drawcalls-total=119760 fail-total=0 null-skips-total=0
[13:01:59] [info] alpha audit block 0: 1638 total drawcalls, 0 with alpha<255 (block pct_x10=0; global 0/110004 pct_x10=0); alpha-mod skipped: block=0 global=0
[13:01:59] [info] fastpath audit block 0: taken=1638 (idx8=1638) skipped=0 pct_x10=1000; global taken=110004 (idx8=110004) skipped=0 pct_x10=1000
[13:01:59] [info] primitive tally block 0: clear=200(hr=200) fill=0(hr=0) rect=0(hr=0) line=0(hr=0) tint=0 spotlight=0 (over 100 flips ending at flip 2000)
[13:01:59] [info] phase timing block 0: drawcalls=1838 dc_total_ms=250 flip_inner_total_ms=589 inter_flip_total_ms=3023 (per-flip avg x10: dc_ms=25 fi_ms=58 if_ms=302 derived audio+engine_ms=219; per-drawcall avg us_x10=1361) [direct-vesa: presents=100 total_ms=305 avg_ms_x10=30 failed=0] [ablation: NO_DC_TIMING=0 CACHE_WINSURF=0 DIRECT_VESA=1]
[13:01:59] [info] kbd/audio block 0: kbd_irq=0 kbd_drain=0 ring_chunks=16 pump_pass=3458 pic1_mask=0xb8 first_irq_ticks=0 install_ticks=0 vector_at_install=0x00849600 pic1_mask_live=0xb8 kbd_8042_stat=0x34 bios_kbd_head=0x0032 bios_kbd_tail=0x0032 bios_kbd_buf0=0x324d
[13:01:59] [info] dirty-rect block @flip=2000: total_calls=0 dirty_rects_avg=1 dirty_pct_x10=1000 forced_full=0 first_n_force=0 threshold_exceeded=0 dirty_path_taken=0 full_flush_taken=0
[13:01:59] [info] prev-frame-diff block @flip=2000: diff_calls=0 diff_rects_avg=0 diff_dirty_pct_x10=0 bbox_pct_x10=0 bbox_thresh_exceeded=0
[13:02:00] [info] flip-probe: flip #2010 ok=true present=-3ms inter_flip_ms=58 drawcalls-since-flip=17 drawcalls-total=119930 fail-total=0 null-skips-total=0
[13:02:00] [info] flip-probe: flip #2020 ok=true present=-1ms inter_flip_ms=53 drawcalls-since-flip=17 drawcalls-total=120100 fail-total=0 null-skips-total=0
[13:02:00] [info] flip-probe: flip #2030 ok=true present=-3ms inter_flip_ms=55 drawcalls-since-flip=18 drawcalls-total=120272 fail-total=0 null-skips-total=0
[13:02:00] [info] flip-probe: flip #2040 ok=true present=-3ms inter_flip_ms=59 drawcalls-since-flip=183 drawcalls-total=120744 fail-total=0 null-skips-total=0
[13:02:01] [info] flip-probe: flip #2050 ok=true present=5ms inter_flip_ms=52 drawcalls-since-flip=359 drawcalls-total=124130 fail-total=0 null-skips-total=0
[13:02:01] [info]  >> Entering stage 19: 'Assembly Hall'.
[13:02:01] [info] [skip-sheet-flush] cave=8
[13:02:01] [info] [load-stage] preloading entry music song=9 (cave=8)
[13:02:02] [info] gameloop: entered (curmap=19, running=1)
[13:02:02] [info] gameloop: iter 1 ticks=82882 mapno=-1
[13:02:02] [info] mds-clear-lut: rebuilt N=240 entries (k_skip=100% k_keep=0%; curmap=19 map_size=21x16; rebuild #6 since boot)
[13:02:02] [info] gameloop: iter 2 ticks=82932 mapno=-1
[13:02:02] [info] gameloop: iter 3 ticks=83045 mapno=-1
[13:02:02] [info] flip-probe: flip #2060 ok=true present=5ms inter_flip_ms=53 drawcalls-since-flip=379 drawcalls-total=128172 fail-total=0 null-skips-total=0
[13:02:02] [info] flip-probe: flip #2070 ok=true present=-3ms inter_flip_ms=2 drawcalls-since-flip=122 drawcalls-total=129645 fail-total=0 null-skips-total=0
[13:02:03] [info] flip-probe: flip #2080 ok=true present=5ms inter_flip_ms=55 drawcalls-since-flip=124 drawcalls-total=130873 fail-total=0 null-skips-total=0
[13:02:03] [info] flip-probe: flip #2090 ok=true present=-3ms inter_flip_ms=54 drawcalls-since-flip=124 drawcalls-total=132118 fail-total=0 null-skips-total=0
[13:02:03] [info] flip-probe: flip #2100 ok=true present=-3ms inter_flip_ms=51 drawcalls-since-flip=122 drawcalls-total=133343 fail-total=0 null-skips-total=0
[13:02:03] [info] alpha audit block 0: 12895 total drawcalls, 0 with alpha<255 (block pct_x10=0; global 0/122899 pct_x10=0); alpha-mod skipped: block=0 global=0
[13:02:03] [info] fastpath audit block 0: taken=12895 (idx8=12895) skipped=0 pct_x10=1000; global taken=122899 (idx8=122899) skipped=0 pct_x10=1000
[13:02:03] [info] primitive tally block 0: clear=201(hr=201) fill=0(hr=0) rect=0(hr=0) line=0(hr=0) tint=0 spotlight=0 (over 100 flips ending at flip 2100)
[13:02:03] [info] color/alpha audit block 0: cmod_white=588 cmod_black=588 (idx=588) cmod_general=0 (idx=0) cmod_fb=0; alpha_taken=0 alpha_skipped=0 (global cmod=9778/7908/651/0 idx=7908/651 alpha=0/0)
[13:02:03] [info] phase timing block 0: drawcalls=14321 dc_total_ms=1449 flip_inner_total_ms=265 inter_flip_total_ms=4395 (per-flip avg x10: dc_ms=144 fi_ms=26 if_ms=439 derived audio+engine_ms=269; per-drawcall avg us_x10=1012) [direct-vesa: presents=100 total_ms=257 avg_ms_x10=25 failed=0] [ablation: NO_DC_TIMING=0 CACHE_WINSURF=0 DIRECT_VESA=1]
[13:02:03] [info] kbd/audio block 0: kbd_irq=0 kbd_drain=0 ring_chunks=16 pump_pass=3659 pic1_mask=0xb8 first_irq_ticks=0 install_ticks=0 vector_at_install=0x00849600 pic1_mask_live=0xb8 kbd_8042_stat=0x34 bios_kbd_head=0x0032 bios_kbd_tail=0x0032 bios_kbd_buf0=0x324d
[13:02:03] [info] dirty-rect block @flip=2100: total_calls=0 dirty_rects_avg=1 dirty_pct_x10=1000 forced_full=0 first_n_force=0 threshold_exceeded=0 dirty_path_taken=0 full_flush_taken=0
[13:02:03] [info] prev-frame-diff block @flip=2100: diff_calls=0 diff_rects_avg=0 diff_dirty_pct_x10=0 bbox_pct_x10=0 bbox_thresh_exceeded=0
[13:02:04] [info] flip-probe: flip #2110 ok=true present=-3ms inter_flip_ms=0 drawcalls-since-flip=124 drawcalls-total=134573 fail-total=0 null-skips-total=0
[13:02:04] [info] flip-probe: flip #2120 ok=true present=6ms inter_flip_ms=-4 drawcalls-since-flip=123 drawcalls-total=135818 fail-total=0 null-skips-total=0
[13:02:04] [info] flip-probe: flip #2130 ok=true present=-2ms inter_flip_ms=55 drawcalls-since-flip=122 drawcalls-total=137040 fail-total=0 null-skips-total=0
[13:02:05] [info] flip-probe: flip #2140 ok=true present=-3ms inter_flip_ms=54 drawcalls-since-flip=122 drawcalls-total=138260 fail-total=0 null-skips-total=0
[13:02:05] [info] flip-probe: flip #2150 ok=true present=52ms inter_flip_ms=7 drawcalls-since-flip=122 drawcalls-total=139480 fail-total=0 null-skips-total=0
[13:02:05] [info] flip-probe: flip #2160 ok=true present=53ms inter_flip_ms=-4 drawcalls-since-flip=122 drawcalls-total=140700 fail-total=0 null-skips-total=0
[13:02:06] [info] flip-probe: flip #2170 ok=true present=6ms inter_flip_ms=54 drawcalls-since-flip=462 drawcalls-total=143660 fail-total=0 null-skips-total=0
[13:02:06] [info]  >> Entering stage 11: 'Mimiga Village'.
[13:02:06] [info] [skip-sheet-flush] cave=9
[13:02:06] [info] [load-stage] preloading entry music song=9 (cave=9)
[13:02:07] [info] gameloop: entered (curmap=11, running=1)
[13:02:07] [info] gameloop: iter 1 ticks=87879 mapno=-1
[13:02:07] [info] mds-clear-lut: rebuilt N=240 entries (k_skip=0% k_keep=100%; curmap=11 map_size=60x60; rebuild #7 since boot)
[13:02:07] [info] gameloop: iter 2 ticks=87933 mapno=-1
[13:02:07] [info] gameloop: iter 3 ticks=87982 mapno=-1
[13:02:07] [info] flip-probe: flip #2180 ok=true present=-3ms inter_flip_ms=61 drawcalls-since-flip=384 drawcalls-total=147496 fail-total=0 null-skips-total=0
[13:02:07] [info] backdrop cache: thrashing-detect engaged (streak=4, route=direct)
[13:02:07] [info] flip-probe: flip #2190 ok=true present=6ms inter_flip_ms=49 drawcalls-since-flip=32 drawcalls-total=149528 fail-total=0 null-skips-total=0
[13:02:08] [info] flip-probe: flip #2200 ok=true present=52ms inter_flip_ms=1 drawcalls-since-flip=43 drawcalls-total=149936 fail-total=0 null-skips-total=0
[13:02:08] [info] alpha audit block 0: 15329 total drawcalls, 0 with alpha<255 (block pct_x10=0; global 0/138228 pct_x10=0); alpha-mod skipped: block=0 global=0
[13:02:08] [info] fastpath audit block 0: taken=15329 (idx8=15329) skipped=0 pct_x10=1000; global taken=138228 (idx8=138228) skipped=0 pct_x10=1000
[13:02:08] [info] primitive tally block 0: clear=201(hr=201) fill=0(hr=0) rect=0(hr=0) line=0(hr=0) tint=0 spotlight=0 (over 100 flips ending at flip 2200)
[13:02:08] [info] color/alpha audit block 0: cmod_white=1164 cmod_black=1164 (idx=1164) cmod_general=0 (idx=0) cmod_fb=0; alpha_taken=0 alpha_skipped=0 (global cmod=10942/9072/651/0 idx=9072/651 alpha=0/0)
[13:02:08] [info] phase timing block 0: drawcalls=17946 dc_total_ms=1187 flip_inner_total_ms=342 inter_flip_total_ms=4177 (per-flip avg x10: dc_ms=118 fi_ms=34 if_ms=417 derived audio+engine_ms=265; per-drawcall avg us_x10=661) [direct-vesa: presents=100 total_ms=264 avg_ms_x10=26 failed=0] [ablation: NO_DC_TIMING=0 CACHE_WINSURF=0 DIRECT_VESA=1]
[13:02:08] [info] kbd/audio block 0: kbd_irq=0 kbd_drain=0 ring_chunks=16 pump_pass=3848 pic1_mask=0xb8 first_irq_ticks=0 install_ticks=0 vector_at_install=0x00849600 pic1_mask_live=0xb8 kbd_8042_stat=0x34 bios_kbd_head=0x0032 bios_kbd_tail=0x0032 bios_kbd_buf0=0x324d
[13:02:08] [info] dirty-rect block @flip=2200: total_calls=0 dirty_rects_avg=1 dirty_pct_x10=1000 forced_full=0 first_n_force=0 threshold_exceeded=0 dirty_path_taken=0 full_flush_taken=0
[13:02:08] [info] prev-frame-diff block @flip=2200: diff_calls=0 diff_rects_avg=0 diff_dirty_pct_x10=0 bbox_pct_x10=0 bbox_thresh_exceeded=0
[13:02:08] [info] flip-probe: flip #2210 ok=true present=-3ms inter_flip_ms=56 drawcalls-since-flip=43 drawcalls-total=150366 fail-total=0 null-skips-total=0
[13:02:08] [info] flip-probe: flip #2220 ok=true present=-2ms inter_flip_ms=59 drawcalls-since-flip=42 drawcalls-total=150787 fail-total=0 null-skips-total=0
[13:02:09] [info] flip-probe: flip #2230 ok=true present=-2ms inter_flip_ms=5 drawcalls-since-flip=42 drawcalls-total=151207 fail-total=0 null-skips-total=0
[13:02:09] [info] run_tick_fixed #3900: heartbeat (loop alive)
[13:02:09] [info] flip-probe: flip #2240 ok=true present=5ms inter_flip_ms=48 drawcalls-since-flip=43 drawcalls-total=151635 fail-total=0 null-skips-total=0
[13:02:09] [info] backdrop cache: thrashing-detect engaged (streak=64, route=direct)
[13:02:09] [info] flip-probe: flip #2250 ok=true present=-3ms inter_flip_ms=56 drawcalls-since-flip=44 drawcalls-total=152066 fail-total=0 null-skips-total=0
[13:02:09] [info] flip-probe: flip #2260 ok=true present=6ms inter_flip_ms=52 drawcalls-since-flip=45 drawcalls-total=152508 fail-total=0 null-skips-total=0
[13:02:10] [info] flip-probe: flip #2270 ok=true present=-3ms inter_flip_ms=52 drawcalls-since-flip=43 drawcalls-total=152948 fail-total=0 null-skips-total=0
[13:02:10] [info] flip-probe: flip #2280 ok=true present=-3ms inter_flip_ms=1 drawcalls-since-flip=46 drawcalls-total=153381 fail-total=0 null-skips-total=0
[13:02:10] [info] flip-probe: flip #2290 ok=true present=6ms inter_flip_ms=52 drawcalls-since-flip=46 drawcalls-total=153841 fail-total=0 null-skips-total=0
[13:02:11] [info] flip-probe: flip #2300 ok=true present=-2ms inter_flip_ms=57 drawcalls-since-flip=18 drawcalls-total=154185 fail-total=0 null-skips-total=0
[13:02:11] [info] alpha audit block 0: 2901 total drawcalls, 0 with alpha<255 (block pct_x10=0; global 0/141129 pct_x10=0); alpha-mod skipped: block=0 global=0
[13:02:11] [info] fastpath audit block 0: taken=2901 (idx8=2901) skipped=0 pct_x10=1000; global taken=141129 (idx8=141129) skipped=0 pct_x10=1000
[13:02:11] [info] primitive tally block 0: clear=200(hr=200) fill=0(hr=0) rect=0(hr=0) line=0(hr=0) tint=0 spotlight=0 (over 100 flips ending at flip 2300)
[13:02:11] [info] color/alpha audit block 0: cmod_white=1248 cmod_black=1248 (idx=1248) cmod_general=0 (idx=0) cmod_fb=0; alpha_taken=0 alpha_skipped=0 (global cmod=12190/10320/651/0 idx=10320/651 alpha=0/0)
[13:02:11] [info] phase timing block 0: drawcalls=5597 dc_total_ms=935 flip_inner_total_ms=181 inter_flip_total_ms=3240 (per-flip avg x10: dc_ms=93 fi_ms=18 if_ms=324 derived audio+engine_ms=213; per-drawcall avg us_x10=1671) [direct-vesa: presents=100 total_ms=184 avg_ms_x10=18 failed=0] [ablation: NO_DC_TIMING=0 CACHE_WINSURF=0 DIRECT_VESA=1]
[13:02:11] [info] kbd/audio block 0: kbd_irq=0 kbd_drain=0 ring_chunks=16 pump_pass=4017 pic1_mask=0xb8 first_irq_ticks=0 install_ticks=0 vector_at_install=0x00849600 pic1_mask_live=0xb8 kbd_8042_stat=0x34 bios_kbd_head=0x0032 bios_kbd_tail=0x0032 bios_kbd_buf0=0x324d
[13:02:11] [info] dirty-rect block @flip=2300: total_calls=0 dirty_rects_avg=1 dirty_pct_x10=1000 forced_full=0 first_n_force=0 threshold_exceeded=0 dirty_path_taken=0 full_flush_taken=0
[13:02:11] [info] prev-frame-diff block @flip=2300: diff_calls=0 diff_rects_avg=0 diff_dirty_pct_x10=0 bbox_pct_x10=0 bbox_thresh_exceeded=0
[13:02:11] [info] backdrop cache: thrashing-detect engaged (streak=124, route=direct)
[13:02:11] [info] flip-probe: flip #2310 ok=true present=-3ms inter_flip_ms=4 drawcalls-since-flip=18 drawcalls-total=154364 fail-total=0 null-skips-total=0
[13:02:11] [info] flip-probe: flip #2320 ok=true present=5ms inter_flip_ms=58 drawcalls-since-flip=18 drawcalls-total=154544 fail-total=0 null-skips-total=0
[13:02:12] [info] flip-probe: flip #2330 ok=true present=5ms inter_flip_ms=-3 drawcalls-since-flip=18 drawcalls-total=154724 fail-total=0 null-skips-total=0
[13:02:12] [info] flip-probe: flip #2340 ok=true present=6ms inter_flip_ms=52 drawcalls-since-flip=18 drawcalls-total=154904 fail-total=0 null-skips-total=0
[13:02:12] [info] flip-probe: flip #2350 ok=true present=-3ms inter_flip_ms=61 drawcalls-since-flip=17 drawcalls-total=155080 fail-total=0 null-skips-total=0
[13:02:13] [info] flip-probe: flip #2360 ok=true present=-3ms inter_flip_ms=2 drawcalls-since-flip=15 drawcalls-total=155236 fail-total=0 null-skips-total=0
[13:02:13] [info] backdrop cache: thrashing-detect engaged (streak=184, route=direct)
[13:02:13] [info] flip-probe: flip #2370 ok=true present=-3ms inter_flip_ms=53 drawcalls-since-flip=15 drawcalls-total=155386 fail-total=0 null-skips-total=0
[13:02:13] [info] flip-probe: flip #2380 ok=true present=6ms inter_flip_ms=-1 drawcalls-since-flip=15 drawcalls-total=155536 fail-total=0 null-skips-total=0
[13:02:13] [info] flip-probe: flip #2390 ok=true present=-3ms inter_flip_ms=60 drawcalls-since-flip=15 drawcalls-total=155686 fail-total=0 null-skips-total=0
[13:02:14] [info] flip-probe: flip #2400 ok=true present=-2ms inter_flip_ms=1 drawcalls-since-flip=18 drawcalls-total=155859 fail-total=0 null-skips-total=0
[13:02:14] [info] alpha audit block 0: 1574 total drawcalls, 0 with alpha<255 (block pct_x10=0; global 0/142703 pct_x10=0); alpha-mod skipped: block=0 global=0
[13:02:14] [info] fastpath audit block 0: taken=1574 (idx8=1574) skipped=0 pct_x10=1000; global taken=142703 (idx8=142703) skipped=0 pct_x10=1000
[13:02:14] [info] primitive tally block 0: clear=200(hr=200) fill=0(hr=0) rect=0(hr=0) line=0(hr=0) tint=0 spotlight=0 (over 100 flips ending at flip 2400)
[13:02:14] [info] phase timing block 0: drawcalls=1774 dc_total_ms=280 flip_inner_total_ms=547 inter_flip_total_ms=3022 (per-flip avg x10: dc_ms=28 fi_ms=54 if_ms=302 derived audio+engine_ms=220; per-drawcall avg us_x10=1579) [direct-vesa: presents=100 total_ms=399 avg_ms_x10=39 failed=0] [ablation: NO_DC_TIMING=0 CACHE_WINSURF=0 DIRECT_VESA=1]
[13:02:14] [info] kbd/audio block 0: kbd_irq=0 kbd_drain=0 ring_chunks=16 pump_pass=4196 pic1_mask=0xb8 first_irq_ticks=0 install_ticks=0 vector_at_install=0x00849600 pic1_mask_live=0xb8 kbd_8042_stat=0x34 bios_kbd_head=0x0032 bios_kbd_tail=0x0032 bios_kbd_buf0=0x324d
[13:02:14] [info] dirty-rect block @flip=2400: total_calls=0 dirty_rects_avg=1 dirty_pct_x10=1000 forced_full=0 first_n_force=0 threshold_exceeded=0 dirty_path_taken=0 full_flush_taken=0
[13:02:14] [info] prev-frame-diff block @flip=2400: diff_calls=0 diff_rects_avg=0 diff_dirty_pct_x10=0 bbox_pct_x10=0 bbox_thresh_exceeded=0
[13:02:14] [info] flip-probe: flip #2410 ok=true present=52ms inter_flip_ms=-1 drawcalls-since-flip=17 drawcalls-total=156038 fail-total=0 null-skips-total=0
[13:02:14] [info] flip-probe: flip #2420 ok=true present=-3ms inter_flip_ms=56 drawcalls-since-flip=15 drawcalls-total=156192 fail-total=0 null-skips-total=0
[13:02:15] [info] backdrop cache: thrashing-detect engaged (streak=244, route=direct)
[13:02:15] [info] flip-probe: flip #2430 ok=true present=5ms inter_flip_ms=0 drawcalls-since-flip=15 drawcalls-total=156342 fail-total=0 null-skips-total=0
[13:02:15] [info] flip-probe: flip #2440 ok=true present=6ms inter_flip_ms=50 drawcalls-since-flip=15 drawcalls-total=156492 fail-total=0 null-skips-total=0
[13:02:15] [info] flip-probe: flip #2450 ok=true present=53ms inter_flip_ms=-1 drawcalls-since-flip=15 drawcalls-total=156642 fail-total=0 null-skips-total=0
[13:02:16] [info] flip-probe: flip #2460 ok=true present=-3ms inter_flip_ms=59 drawcalls-since-flip=16 drawcalls-total=156802 fail-total=0 null-skips-total=0
[13:02:16] [info] flip-probe: flip #2470 ok=true present=-2ms inter_flip_ms=-2 drawcalls-since-flip=16 drawcalls-total=156962 fail-total=0 null-skips-total=0
[13:02:16] [info] flip-probe: flip #2480 ok=true present=-3ms inter_flip_ms=54 drawcalls-since-flip=15 drawcalls-total=157115 fail-total=0 null-skips-total=0
[13:02:17] [info] backdrop cache: thrashing-detect engaged (streak=304, route=direct)
[13:02:17] [info] flip-probe: flip #2490 ok=true present=-3ms inter_flip_ms=55 drawcalls-since-flip=15 drawcalls-total=157265 fail-total=0 null-skips-total=0
[13:02:17] [info] flip-probe: flip #2500 ok=true present=6ms inter_flip_ms=-2 drawcalls-since-flip=15 drawcalls-total=157415 fail-total=0 null-skips-total=0
[13:02:17] [info] alpha audit block 0: 1456 total drawcalls, 0 with alpha<255 (block pct_x10=0; global 0/144159 pct_x10=0); alpha-mod skipped: block=0 global=0
[13:02:17] [info] fastpath audit block 0: taken=1456 (idx8=1456) skipped=0 pct_x10=1000; global taken=144159 (idx8=144159) skipped=0 pct_x10=1000
[13:02:17] [info] primitive tally block 0: clear=200(hr=200) fill=0(hr=0) rect=0(hr=0) line=0(hr=0) tint=0 spotlight=0 (over 100 flips ending at flip 2500)
[13:02:17] [info] phase timing block 0: drawcalls=1656 dc_total_ms=618 flip_inner_total_ms=284 inter_flip_total_ms=3070 (per-flip avg x10: dc_ms=61 fi_ms=28 if_ms=307 derived audio+engine_ms=218; per-drawcall avg us_x10=3735) [direct-vesa: presents=100 total_ms=192 avg_ms_x10=19 failed=0] [ablation: NO_DC_TIMING=0 CACHE_WINSURF=0 DIRECT_VESA=1]
[13:02:17] [info] kbd/audio block 0: kbd_irq=0 kbd_drain=0 ring_chunks=16 pump_pass=4376 pic1_mask=0xb8 first_irq_ticks=0 install_ticks=0 vector_at_install=0x00849600 pic1_mask_live=0xb8 kbd_8042_stat=0x34 bios_kbd_head=0x0032 bios_kbd_tail=0x0032 bios_kbd_buf0=0x324d
[13:02:17] [info] dirty-rect block @flip=2500: total_calls=0 dirty_rects_avg=1 dirty_pct_x10=1000 forced_full=0 first_n_force=0 threshold_exceeded=0 dirty_path_taken=0 full_flush_taken=0
[13:02:17] [info] prev-frame-diff block @flip=2500: diff_calls=0 diff_rects_avg=0 diff_dirty_pct_x10=0 bbox_pct_x10=0 bbox_thresh_exceeded=0
[13:02:17] [info] flip-probe: flip #2510 ok=true present=6ms inter_flip_ms=-3 drawcalls-since-flip=15 drawcalls-total=157565 fail-total=0 null-skips-total=0
[13:02:18] [info] flip-probe: flip #2520 ok=true present=6ms inter_flip_ms=0 drawcalls-since-flip=17 drawcalls-total=157727 fail-total=0 null-skips-total=0
[13:02:18] [info] flip-probe: flip #2530 ok=true present=-3ms inter_flip_ms=55 drawcalls-since-flip=18 drawcalls-total=157905 fail-total=0 null-skips-total=0
[13:02:18] [info] flip-probe: flip #2540 ok=true present=-3ms inter_flip_ms=4 drawcalls-since-flip=15 drawcalls-total=158063 fail-total=0 null-skips-total=0
[13:02:18] [info] backdrop cache: thrashing-detect engaged (streak=364, route=direct)
[13:02:18] [info] flip-probe: flip #2550 ok=true present=-2ms inter_flip_ms=4 drawcalls-since-flip=15 drawcalls-total=158213 fail-total=0 null-skips-total=0
[13:02:19] [info] flip-probe: flip #2560 ok=true present=-3ms inter_flip_ms=55 drawcalls-since-flip=15 drawcalls-total=158363 fail-total=0 null-skips-total=0
[13:02:19] [info] flip-probe: flip #2570 ok=true present=-3ms inter_flip_ms=-2 drawcalls-since-flip=18 drawcalls-total=158536 fail-total=0 null-skips-total=0
[13:02:19] [info] flip-probe: flip #2580 ok=true present=-3ms inter_flip_ms=60 drawcalls-since-flip=18 drawcalls-total=158717 fail-total=0 null-skips-total=0
[13:02:20] [info] flip-probe: flip #2590 ok=true present=-3ms inter_flip_ms=54 drawcalls-since-flip=15 drawcalls-total=158873 fail-total=0 null-skips-total=0
[13:02:20] [info] flip-probe: flip #2600 ok=true present=53ms inter_flip_ms=0 drawcalls-since-flip=15 drawcalls-total=159023 fail-total=0 null-skips-total=0
[13:02:20] [info] alpha audit block 0: 1508 total drawcalls, 0 with alpha<255 (block pct_x10=0; global 0/145667 pct_x10=0); alpha-mod skipped: block=0 global=0
[13:02:20] [info] fastpath audit block 0: taken=1508 (idx8=1508) skipped=0 pct_x10=1000; global taken=145667 (idx8=145667) skipped=0 pct_x10=1000
[13:02:20] [info] primitive tally block 0: clear=200(hr=200) fill=0(hr=0) rect=0(hr=0) line=0(hr=0) tint=0 spotlight=0 (over 100 flips ending at flip 2600)
[13:02:20] [info] phase timing block 0: drawcalls=1708 dc_total_ms=525 flip_inner_total_ms=357 inter_flip_total_ms=3027 (per-flip avg x10: dc_ms=52 fi_ms=35 if_ms=302 derived audio+engine_ms=215; per-drawcall avg us_x10=3079) [direct-vesa: presents=100 total_ms=244 avg_ms_x10=24 failed=0] [ablation: NO_DC_TIMING=0 CACHE_WINSURF=0 DIRECT_VESA=1]
[13:02:20] [info] kbd/audio block 0: kbd_irq=0 kbd_drain=0 ring_chunks=16 pump_pass=4542 pic1_mask=0xb8 first_irq_ticks=0 install_ticks=0 vector_at_install=0x00849600 pic1_mask_live=0xb8 kbd_8042_stat=0x34 bios_kbd_head=0x0032 bios_kbd_tail=0x0032 bios_kbd_buf0=0x324d
[13:02:20] [info] dirty-rect block @flip=2600: total_calls=0 dirty_rects_avg=1 dirty_pct_x10=1000 forced_full=0 first_n_force=0 threshold_exceeded=0 dirty_path_taken=0 full_flush_taken=0
[13:02:20] [info] prev-frame-diff block @flip=2600: diff_calls=0 diff_rects_avg=0 diff_dirty_pct_x10=0 bbox_pct_x10=0 bbox_thresh_exceeded=0
[13:02:20] [info] backdrop cache: thrashing-detect engaged (streak=424, route=direct)
[13:02:20] [info] flip-probe: flip #2610 ok=true present=-3ms inter_flip_ms=55 drawcalls-since-flip=15 drawcalls-total=159173 fail-total=0 null-skips-total=0
[13:02:21] [info] flip-probe: flip #2620 ok=true present=-3ms inter_flip_ms=55 drawcalls-since-flip=15 drawcalls-total=159323 fail-total=0 null-skips-total=0
[13:02:21] [info] flip-probe: flip #2630 ok=true present=-3ms inter_flip_ms=4 drawcalls-since-flip=15 drawcalls-total=159473 fail-total=0 null-skips-total=0
[13:02:21] [info] flip-probe: flip #2640 ok=true present=5ms inter_flip_ms=-3 drawcalls-since-flip=15 drawcalls-total=159623 fail-total=0 null-skips-total=0
[13:02:21] [info] flip-probe: flip #2650 ok=true present=-3ms inter_flip_ms=1 drawcalls-since-flip=15 drawcalls-total=159773 fail-total=0 null-skips-total=0
[13:02:22] [info] flip-probe: flip #2660 ok=true present=-3ms inter_flip_ms=58 drawcalls-since-flip=16 drawcalls-total=159932 fail-total=0 null-skips-total=0
[13:02:22] [info] backdrop cache: thrashing-detect engaged (streak=484, route=direct)
[13:02:22] [info] flip-probe: flip #2670 ok=true present=5ms inter_flip_ms=-2 drawcalls-since-flip=16 drawcalls-total=160092 fail-total=0 null-skips-total=0
[13:02:22] [info] flip-probe: flip #2680 ok=true present=-3ms inter_flip_ms=58 drawcalls-since-flip=15 drawcalls-total=160246 fail-total=0 null-skips-total=0
[13:02:23] [info] flip-probe: flip #2690 ok=true present=6ms inter_flip_ms=-7 drawcalls-since-flip=15 drawcalls-total=160396 fail-total=0 null-skips-total=0
[13:02:23] [info] flip-probe: flip #2700 ok=true present=6ms inter_flip_ms=57 drawcalls-since-flip=15 drawcalls-total=160546 fail-total=0 null-skips-total=0
[13:02:23] [info] alpha audit block 0: 1423 total drawcalls, 0 with alpha<255 (block pct_x10=0; global 0/147090 pct_x10=0); alpha-mod skipped: block=0 global=0
[13:02:23] [info] fastpath audit block 0: taken=1423 (idx8=1423) skipped=0 pct_x10=1000; global taken=147090 (idx8=147090) skipped=0 pct_x10=1000
[13:02:23] [info] primitive tally block 0: clear=200(hr=200) fill=0(hr=0) rect=0(hr=0) line=0(hr=0) tint=0 spotlight=0 (over 100 flips ending at flip 2700)
[13:02:23] [info] phase timing block 0: drawcalls=1623 dc_total_ms=500 flip_inner_total_ms=452 inter_flip_total_ms=3072 (per-flip avg x10: dc_ms=50 fi_ms=45 if_ms=307 derived audio+engine_ms=212; per-drawcall avg us_x10=3085) [direct-vesa: presents=100 total_ms=361 avg_ms_x10=36 failed=0] [ablation: NO_DC_TIMING=0 CACHE_WINSURF=0 DIRECT_VESA=1]
[13:02:23] [info] kbd/audio block 0: kbd_irq=0 kbd_drain=0 ring_chunks=16 pump_pass=4703 pic1_mask=0xb8 first_irq_ticks=0 install_ticks=0 vector_at_install=0x00849600 pic1_mask_live=0xb8 kbd_8042_stat=0x34 bios_kbd_head=0x0032 bios_kbd_tail=0x0032 bios_kbd_buf0=0x324d
[13:02:23] [info] dirty-rect block @flip=2700: total_calls=0 dirty_rects_avg=1 dirty_pct_x10=1000 forced_full=0 first_n_force=0 threshold_exceeded=0 dirty_path_taken=0 full_flush_taken=0
[13:02:23] [info] prev-frame-diff block @flip=2700: diff_calls=0 diff_rects_avg=0 diff_dirty_pct_x10=0 bbox_pct_x10=0 bbox_thresh_exceeded=0
[13:02:23] [info] flip-probe: flip #2710 ok=true present=-3ms inter_flip_ms=58 drawcalls-since-flip=15 drawcalls-total=160696 fail-total=0 null-skips-total=0
[13:02:24] [info] flip-probe: flip #2720 ok=true present=-3ms inter_flip_ms=53 drawcalls-since-flip=15 drawcalls-total=160846 fail-total=0 null-skips-total=0
[13:02:24] [info] backdrop cache: thrashing-detect engaged (streak=544, route=direct)
[13:02:24] [info] flip-probe: flip #2730 ok=true present=5ms inter_flip_ms=50 drawcalls-since-flip=17 drawcalls-total=161009 fail-total=0 null-skips-total=0
[13:02:24] [info] flip-probe: flip #2740 ok=true present=-2ms inter_flip_ms=56 drawcalls-since-flip=18 drawcalls-total=161187 fail-total=0 null-skips-total=0
[13:02:25] [info] flip-probe: flip #2750 ok=true present=-3ms inter_flip_ms=2 drawcalls-since-flip=18 drawcalls-total=161367 fail-total=0 null-skips-total=0
[13:02:25] [info] flip-probe: flip #2760 ok=true present=53ms inter_flip_ms=1 drawcalls-since-flip=18 drawcalls-total=161547 fail-total=0 null-skips-total=0
[13:02:25] [info] flip-probe: flip #2770 ok=true present=-3ms inter_flip_ms=2 drawcalls-since-flip=17 drawcalls-total=161725 fail-total=0 null-skips-total=0
[13:02:25] [info] gameloop: iter 600 ticks=106769 mapno=-1
[13:02:26] [info] flip-probe: flip #2780 ok=true present=-3ms inter_flip_ms=56 drawcalls-since-flip=17 drawcalls-total=161895 fail-total=0 null-skips-total=0
[13:02:26] [info] backdrop cache: thrashing-detect engaged (streak=604, route=direct)
[13:02:26] [info] flip-probe: flip #2790 ok=true present=-1ms inter_flip_ms=1 drawcalls-since-flip=17 drawcalls-total=162065 fail-total=0 null-skips-total=0
[13:02:26] [info] flip-probe: flip #2800 ok=true present=-2ms inter_flip_ms=4 drawcalls-since-flip=19 drawcalls-total=162241 fail-total=0 null-skips-total=0
[13:02:26] [info] alpha audit block 0: 1595 total drawcalls, 0 with alpha<255 (block pct_x10=0; global 0/148685 pct_x10=0); alpha-mod skipped: block=0 global=0
[13:02:26] [info] fastpath audit block 0: taken=1595 (idx8=1595) skipped=0 pct_x10=1000; global taken=148685 (idx8=148685) skipped=0 pct_x10=1000
[13:02:26] [info] primitive tally block 0: clear=200(hr=200) fill=0(hr=0) rect=0(hr=0) line=0(hr=0) tint=0 spotlight=0 (over 100 flips ending at flip 2800)
[13:02:26] [info] phase timing block 0: drawcalls=1795 dc_total_ms=753 flip_inner_total_ms=509 inter_flip_total_ms=3189 (per-flip avg x10: dc_ms=75 fi_ms=50 if_ms=318 derived audio+engine_ms=193; per-drawcall avg us_x10=4197) [direct-vesa: presents=100 total_ms=371 avg_ms_x10=37 failed=0] [ablation: NO_DC_TIMING=0 CACHE_WINSURF=0 DIRECT_VESA=1]
[13:02:26] [info] kbd/audio block 0: kbd_irq=0 kbd_drain=0 ring_chunks=16 pump_pass=4874 pic1_mask=0xb8 first_irq_ticks=0 install_ticks=0 vector_at_install=0x00849600 pic1_mask_live=0xb8 kbd_8042_stat=0x34 bios_kbd_head=0x0032 bios_kbd_tail=0x0032 bios_kbd_buf0=0x324d
[13:02:26] [info] dirty-rect block @flip=2800: total_calls=0 dirty_rects_avg=1 dirty_pct_x10=1000 forced_full=0 first_n_force=0 threshold_exceeded=0 dirty_path_taken=0 full_flush_taken=0
[13:02:26] [info] prev-frame-diff block @flip=2800: diff_calls=0 diff_rects_avg=0 diff_dirty_pct_x10=0 bbox_pct_x10=0 bbox_thresh_exceeded=0
[13:02:27] [info] flip-probe: flip #2810 ok=true present=6ms inter_flip_ms=54 drawcalls-since-flip=19 drawcalls-total=162431 fail-total=0 null-skips-total=0
[13:02:27] [info] flip-probe: flip #2820 ok=true present=-3ms inter_flip_ms=3 drawcalls-since-flip=19 drawcalls-total=162621 fail-total=0 null-skips-total=0
[13:02:27] [info] flip-probe: flip #2830 ok=true present=-2ms inter_flip_ms=57 drawcalls-since-flip=19 drawcalls-total=162811 fail-total=0 null-skips-total=0
[13:02:27] [info] flip-probe: flip #2840 ok=true present=5ms inter_flip_ms=54 drawcalls-since-flip=19 drawcalls-total=163001 fail-total=0 null-skips-total=0
[13:02:28] [info] backdrop cache: thrashing-detect engaged (streak=664, route=direct)
[13:02:28] [info] flip-probe: flip #2850 ok=true present=-3ms inter_flip_ms=58 drawcalls-since-flip=19 drawcalls-total=163191 fail-total=0 null-skips-total=0
[13:02:28] [info] flip-probe: flip #2860 ok=true present=-3ms inter_flip_ms=0 drawcalls-since-flip=20 drawcalls-total=163385 fail-total=0 null-skips-total=0
[13:02:28] [info] flip-probe: flip #2870 ok=true present=-3ms inter_flip_ms=59 drawcalls-since-flip=21 drawcalls-total=163592 fail-total=0 null-skips-total=0
[13:02:29] [info] flip-probe: flip #2880 ok=true present=-3ms inter_flip_ms=0 drawcalls-since-flip=19 drawcalls-total=163791 fail-total=0 null-skips-total=0
[13:02:29] [info] flip-probe: flip #2890 ok=true present=5ms inter_flip_ms=51 drawcalls-since-flip=18 drawcalls-total=163977 fail-total=0 null-skips-total=0
[13:02:29] [info] flip-probe: flip #2900 ok=true present=5ms inter_flip_ms=-5 drawcalls-since-flip=18 drawcalls-total=164157 fail-total=0 null-skips-total=0
[13:02:29] [info] alpha audit block 0: 1816 total drawcalls, 0 with alpha<255 (block pct_x10=0; global 0/150501 pct_x10=0); alpha-mod skipped: block=0 global=0
[13:02:29] [info] fastpath audit block 0: taken=1816 (idx8=1816) skipped=0 pct_x10=1000; global taken=150501 (idx8=150501) skipped=0 pct_x10=1000
[13:02:29] [info] primitive tally block 0: clear=200(hr=200) fill=0(hr=0) rect=0(hr=0) line=0(hr=0) tint=0 spotlight=0 (over 100 flips ending at flip 2900)
[13:02:29] [info] phase timing block 0: drawcalls=2016 dc_total_ms=472 flip_inner_total_ms=526 inter_flip_total_ms=3073 (per-flip avg x10: dc_ms=47 fi_ms=52 if_ms=307 derived audio+engine_ms=208; per-drawcall avg us_x10=2342) [direct-vesa: presents=100 total_ms=449 avg_ms_x10=44 failed=0] [ablation: NO_DC_TIMING=0 CACHE_WINSURF=0 DIRECT_VESA=1]
[13:02:29] [info] kbd/audio block 0: kbd_irq=0 kbd_drain=0 ring_chunks=16 pump_pass=5037 pic1_mask=0xb8 first_irq_ticks=0 install_ticks=0 vector_at_install=0x00849600 pic1_mask_live=0xb8 kbd_8042_stat=0x34 bios_kbd_head=0x0032 bios_kbd_tail=0x0032 bios_kbd_buf0=0x324d
[13:02:29] [info] dirty-rect block @flip=2900: total_calls=0 dirty_rects_avg=1 dirty_pct_x10=1000 forced_full=0 first_n_force=0 threshold_exceeded=0 dirty_path_taken=0 full_flush_taken=0
[13:02:29] [info] prev-frame-diff block @flip=2900: diff_calls=0 diff_rects_avg=0 diff_dirty_pct_x10=0 bbox_pct_x10=0 bbox_thresh_exceeded=0
[13:02:30] [info] backdrop cache: thrashing-detect engaged (streak=724, route=direct)
[13:02:30] [info] flip-probe: flip #2910 ok=true present=5ms inter_flip_ms=55 drawcalls-since-flip=18 drawcalls-total=164337 fail-total=0 null-skips-total=0
[13:02:30] [info] flip-probe: flip #2920 ok=true present=6ms inter_flip_ms=-8 drawcalls-since-flip=18 drawcalls-total=164517 fail-total=0 null-skips-total=0
[13:02:30] [info] flip-probe: flip #2930 ok=true present=6ms inter_flip_ms=51 drawcalls-since-flip=59 drawcalls-total=165107 fail-total=0 null-skips-total=0
[13:02:31] [info] flip-probe: flip #2940 ok=true present=-3ms inter_flip_ms=51 drawcalls-since-flip=59 drawcalls-total=165697 fail-total=0 null-skips-total=0
[13:02:31] [info] flip-probe: flip #2950 ok=true present=-3ms inter_flip_ms=51 drawcalls-since-flip=59 drawcalls-total=166287 fail-total=0 null-skips-total=0
[13:02:31] [info] run_tick_fixed #5100: heartbeat (loop alive)
[13:02:31] [info] tas: end-of-replay auto-exit at tick 5104 (recording exhausted; set DOSKUTSU_TAS_REPLAY_HOLD=1 to disable + observe steady-state past recording end)
[13:02:31] [info] Script engine shutdown.
[13:02:31] [info] opl2 backend: on_song_stop
[13:02:31] [info] opl2 backend shutdown (all 9 voices KEY-OFF; 0xBD cleared; chip state safe for next process)
[13:02:31] [info] Organya init...
[13:02:32] [info] Organya init done
[13:02:32] [info] Sound system shutdown
[13:02:32] [info] Renderer::Close()
[13:02:32] [info] tas: replay file closed
[RUNMANIFEST-BEGIN]
schema_version=1
environment=realhw
binary_sha12=7a0ff254c441
wave_tag=GC5
scene=
env_block_sha=f45d0270c150
started_utc=2026-11-14T18:59:34Z
duration_s=114
exit_code=0
fps_p50=NA
fps_p95=NA
audio_vital_status=NA
regime=NA
banner_required_hit=0
banner_required_total=0
banner_forbidden_hit=0
banner_optional_hit=0
critical_count=0
warn_count=0
[RUNMANIFEST-END]
[13:02:32] [info] [runmanifest-emit] schema=v1 env=realhw sha12=7a0ff254c441 dur=114s tag='GC5' scene='' env_sha=f45d0270c150 (signals=0x4)
