Logger::init: wave-53 log level=INFO path='LOGS/A31.LOG'
[12:33:30] [info] config: loaded DOSKUTSU.CFG (3 keys)
[12:33:30] [info] tas: PRNG seed forced to 12345 via DOSKUTSU_TAS_PRNG_SEED
[12:33:30] [info] tas: auto-exit armed at tick 30000 via DOSKUTSU_TAS_AUTO_EXIT_TICK
[12:33:30] [info] tas: replay opened path='QA.TAS' header_seed=12345
[12:33:31] [info] data cache: DISABLED (default)
[12:33:31] [info] Joystick: skipped (default; set DOSKUTSU_USE_JOYSTICK=1 to enable -- skips SDL3-DOS gameport BIOS INT 15h polling, ~82 ms / flip on real HW)
[12:33:31] [info] Loading settings...
[12:33:31] [info] [input-bind] applied=0 invert_y=0 dos_axes=1
[12:33:31] [info] Renderer::initVideo: 8bpp mode requested via SDL_HINT_DOS_MAX_BPP=8 (wave 16); SDL3-DOS will pick the highest-bpp <= 8 mode at requested resolution
[12:33:31] [info] Renderer::initVideo: DOS resolution-label lock ENABLED (default)
[12:33:31] [info] Renderer::initVideo: using: software renderer
[12:33:33] [info] Renderer::initVideo: dirty-rect tracking ENABLED (wave 15, default ON; set SDL_HINT_DOSKUTSU_DIRTY_RECTS=0 to disable)
[12:33:33] [info] Renderer::initVideo: ablation flags: NO_DC_TIMING=0 CACHE_WINSURF=0 NO_INPUT_POLL=0 DIRECT_VESA=1
[12:33:33] [info] Renderer::initVideo: direct-VESA hot path ENABLED (default since wave 20 patch 0088; bypasses SDL_RenderPresent / SDL_UpdateWindowSurface and writes via SDL/0034's PresentFull helper; R2 mitigation handled by SDL/0034 generation counter -- no per-N-flip heartbeat needed; set SDL_HINT_DOSKUTSU_DIRECT_VESA=0 to revert)
[12:33:33] [info] Renderer::initVideo: flip-phase instrumentation DISABLED (default; set SDL_HINT_DOSKUTSU_FLIP_INSTR=1 to opt in for wave-20 Lever A diagnostic)
[12:33:33] [info] Renderer::initVideo: asm opaque-span blit lever DISABLED (default; set SDL_HINT_DOSKUTSU_ASM_BLIT=1 to opt in -- wave-51 _blit_indexed colorkey-blit lever)
[12:33:33] [info] Renderer::initVideo: blit-decomp instrumentation DISABLED (default; set SDL_HINT_DOSKUTSU_BLIT_DECOMP=1 to opt in -- wave-51 _blit_indexed sub-decomp sizing)
[12:33:33] [info] Renderer::initVideo: mds-scroll-decomp instrumentation DISABLED (default; set SDL_HINT_DOSKUTSU_MDS_DECOMP=1 to opt in -- wave-52 mode_draw_scene scrolling-block decomp)
[12:33:33] [info] Renderer::initVideo: DOSVESA pump yield: skipped (default) (per-flip explicit SDL_Delay(0) yield is always on; set SDL_HINT_DOSKUTSU_FORCE_PUMP_YIELD=1 to restore old per-pump yield)
[12:33:33] [info] Renderer::initVideo: indexed-mode (8bpp) ENABLED -- master palette + 107 per-asset remap LUTs loaded (wave 16, default ON; set SDL_HINT_DOSKUTSU_PIXEL_FORMAT_8=0 to disable)
[12:33:33] [info] Renderer::initVideo: master palette attached to window surface (format=SDL_PIXELFORMAT_INDEX8, ncolors=256)
[12:33:33] [info] Renderer::initVideo: indexed-mode smoke: idx0=(0,0,0) OK idx255=(255,0,255) OK
[12:33:33] [info] Renderer::initVideo: indexed-mode smoke: paletteRemapFor('MyChar.pbm') = present
[12:33:34] [info] Surface::loadImage palmap-diag #1: 'data/Loading.pbm' fmt=SDL_PIXELFORMAT_ABGR8888 remap=HIT -> path=truecolor
[12:33:34] [info] Renderer: prev-frame diff DISABLED (default since wave 17.6; set SDL_HINT_DOSKUTSU_PREVFRAME_DIFF=1 to opt in)
[12:33:34] [info] flip-probe: renderer=software window_ptr=8809400 colorspace=301991328 window_size=320x240 framebuffer_pixels=320x240 logical_present=320x240 mode=2
[12:33:34] [info] flip-probe: first flip ok=true present=42ms inter_flip_ms=0 drawcalls-since-flip=1 drawcalls-total=1
[12:33:34] [info] Sound system init
[12:33:34] [info] Sound system: 4-state audio enable (#31) -- music=on sfx=on (MUSIC_OFF/AUDIO_BACKEND=none -> music-off; SFX_OFF/SFX_DEVICE=none -> sfx-off; both gates are dispatch-level, the device still opens; AUDIO_OFF=1 is the device-level both-off).
[12:33:34] [info] Sound system: Tier-2 audio config (default since wave 21 patch 0093; 11025 Hz, 1 channel, buffer pinned to 256 frames). Measured savings on g2k Pentium OverDrive 83 MHz (W21A): heavy-music scenes ~+11 fps vs Tier-1 baseline (measured -10 to -15 ms/flip post-0094 audio fix; W21A's pre-fix -26.6 ms figure was inflated by stereo-vs-mono playback bug, see patch 0094). Audio quality is reduced vs Tier-1 (mono, 11025 Hz, simple-average L+R downmix) but recognizable; user accepted the trade per direction 2026-05-05. Set SDL_HINT_DOSKUTSU_AUDIO_TIER2=0 to revert to Tier-1 22050 stereo (full Cave Story 2004 audio quality; trades fps for fidelity).
[12:33:34] [info] Sound system: SDL_HINT_AUDIO_DEVICE_SAMPLE_FRAMES=256
[12:33:34] [info] Pixtone IRQ rate-divider: handed master_rate=11025 int16/s (SAMPLE_RATE=11025 x AUDIO_CHANNELS=1) to SDL for auto-RATEDIV (SDL/0074 computes shift_div from the resolved device freq).
[12:33:34] [info] Sound system: device frame-rate: requesting 11025 Hz match to master (SDL_DOSAudioSetDeviceFrameRate; SB16 opens at the engine frame rate instead of SDL's 44100 floor -- 4x less PCM/s + no resampler on the Organya/Pixtone path; killswitch SDL_HINT_DOSKUTSU_DOS_AUDIO_DEVICE_RATE_DEFAULT=0).
[12:33:34] [info] audio backend: opl3 (Phase 10 Stage 4 -- concrete OPL3 FM synthesis backend via SDL/0037+ OPL3 helpers; MidiScheduler routes music dispatch through 18 x 2-op voice allocator + small inline patch bank). SoundManager::init will probe OPL3 via Adlib timer-1 sequence + fall back to organya gracefully if the chip is absent. Pixtone SFX still active on SB16 DAC.
[12:33:34] [info] wave-13.6.1: ring_chunks=16 FORCE_PUMP_YIELD=off (set SDL_HINT_DOSKUTSU_AUDIO_RING_CHUNKS=4|8|16 to override; default 16 matches wave 13.6 behaviour)
[12:33:34] [info] MidiScheduler: MIDI source = 'orgmid2' (native-GM org2mid set; resolves to data/orgmid2/<name>.mid).
[12:33:34] [info] opl3 backend probing for OPL3 chip (Adlib timer-1 sequence)...
[12:33:34] [info] opl3 backend: opl3bank.dat loaded 128 programs from 'data/opl3bank.dat' (v1; 1536 bytes payload). Per-program GM patches now use the runtime bank; programs >= 128 fall back to 8-patch family bucket. Drum channel (MIDI ch 9) unchanged (uses PATCH_DRUM regardless of bank loading).
[12:33:34] [info] opl3 backend ready (OPL3 detected via Adlib timer-1; InitChip applied 18 x 2-op layout; voice allocator armed). Patch bank state: runtime opl3bank.dat ACTIVE (loaded_count=128; programs >= loaded_count fall back to 8-patch placeholder covering GM family categories piano/mallet/organ/guitar/strings/brass/reed/pad). Phase 10.5 path: ship a fuller community bank as data/opl3bank.dat (DOPL3v1 format; 12-byte SBI records per GM program; loader at MidiBackendOpl3 ctor).
[12:33:34] [info] opl3 backend: PATCH_ORGAN + PATCH_MALLET RR=8 (medium release; wub-wub fix per patch 0171; was RR=0 in slot 0103 placeholder -- KEY-OFF couldn't silence; H6 reg 0xBD wave-47 falsified; H1+H5/RR=0 byte-level bug root per WAVE-46/47 analysis)
[12:33:34] [info] Sound system: MidiScheduler armed with MidiBackendOpl3 (patch 0103 Phase 10 Stage 4). Music dispatch routes via SMF parser + 18 x 2-op OPL3 voice allocator + small inline patch bank (community-sourced from Apogee Sound System / AdLib SBI public-domain refs). Pixtone SFX still active on SB16 DAC.
[12:33:34] [info] Sound system: idle-pause skipped (default OFF since patch 0119; backend=opl3 would qualify but operator did not opt-in via SDL_HINT_DOSKUTSU_IDLE_PAUSE=1). DSP stays in continuous-stream mode. Re-enable for an A/B iter once SDL/0037 ForcePause non-engagement is rooted out (task #17).
[12:33:34] [warn] Music dir Ogg/ doesn't exist
[12:33:34] [warn] Music dir Ogg11/ doesn't exist
[12:33:34] [warn] Music dir Ogg17/ doesn't exist
[12:33:34] [warn] Music dir Ogg_ridic/ doesn't exist
[12:33:34] [info] Loading Sound FX...
[12:33:35] [info] [pxt-cache] init(): HIT (loaded cache; render skipped)
[12:33:40] [info] Organya init...
[12:33:40] [info] Organya init done
[12:33:47] [info] gus SFX gain [nx0259]: 70% (SDL_HINT_DOSKUTSU_GUS_SFX_GAIN; scales the GF1 SFX voice volume to balance against velocity/CC-scaled GUS music; default 70, clamp 0..150).
[12:33:47] [info] pixtone IRQ-mix: ENABLED (default; SDL backend engaged; set SDL_HINT_DOSKUTSU_PIXTONE_IRQ_MIX=0 to disable)
[12:33:47] [info] Pixtone::setVolume: L3 active -- mid-play SFX volume updates are no-op in v1 (v2 candidate: SDL_DOSPixtoneSetGain API). gain_x256=256 stored for subsequent SDL_DOSPixtoneStart calls; currently-playing L3 channels unaffected.
[12:33:47] [info] midi ISR tick: engine registered tick_isr callback (L2b active; default ON; set SDL_HINT_DOSKUTSU_MIDI_ISR_TICK=0 to disable)
[12:33:47] [info] menu slide-in fixed-timestep: ENABLED (default; slide advances at 50 Hz logic rate)
[12:33:47] [info] Reading npc.tbl...
[12:33:47] [info] Loading tilekey.dat.
[12:33:47] [info] Script engine init.
[12:33:47] [info] Entering main loop...
[12:33:47] [info] audio mid-gap pump: DISABLED (default)
[12:33:47] [info] TAS fixed-timestep guard: ENABLED (default) (patch 0280; load_stage wall-clock kept out of the FT accumulator so TAS replay advances at a true 50 Hz; set SDL_HINT_DOSKUTSU_TAS_FT_GUARD=0 to disable)
[12:33:47] [info] load_stage ring+DMA silence flush: ENABLED (default) (set SDL_HINT_DOSKUTSU_LOADSTAGE_SILENCE=0 to disable)
[12:33:47] [info] load-band audio-underrun probe: DISABLED (default) (opt-in SDL_HINT_DOSKUTSU_LOADBAND_STAT=1)
[12:33:47] [info]  >> Entering stage 72: 'u'.
[12:33:47] [info] skip sheet flush: ENABLED (default) (SFXPAUSE-012 SHIPPED FIX; sprite sheets stay resident across caves so no per-cave re-decode -> no fire-frame pause; map_flush_graphics tilemap cache still flushes; set SDL_HINT_DOSKUTSU_SKIP_SHEET_FLUSH=0 to restore the old per-cave flush)
[12:33:47] [info] [skip-sheet-flush] cave=1
[12:33:47] [info] eager action sheets: ENABLED (default) (first-fire hitch fix: pre-loads the weapon bullet + hit/muzzle/trail caret sheets at stage load so the first fire/impact does not lazy-decode mid-gameplay; set SDL_HINT_DOSKUTSU_EAGER_ACTION_SHEETS=0 to restore lazy load)
[12:33:48] [info] Surface::loadImage palmap-diag #2: 'data/Bullet.pbm' fmt=SDL_PIXELFORMAT_ABGR8888 remap=HIT -> path=truecolor
[12:33:48] [info] Surface::loadImage palmap-diag #3: 'data/Arms.pbm' fmt=SDL_PIXELFORMAT_ABGR8888 remap=HIT -> path=truecolor
[12:33:48] [info] Surface::loadImage palmap-diag #4: 'data/Caret.pbm' fmt=SDL_PIXELFORMAT_ABGR8888 remap=HIT -> path=truecolor
[12:33:48] [info] Surface::loadImage palmap-diag #5: 'data/Npc/NpcSym.pbm' fmt=SDL_PIXELFORMAT_ABGR8888 remap=HIT -> path=truecolor
[12:33:48] [info] [eager-action-sheets] cave=1 sheets=4 wall_ms=996
[12:33:49] [info] Surface::loadImage palmap-diag #6: 'data/Stage/PrtWhite.pbm' fmt=SDL_PIXELFORMAT_ABGR8888 remap=HIT -> path=truecolor
[12:33:49] [info] load_stage: entry-music preload ENABLED (default) (set SDL_HINT_DOSKUTSU_PRELOAD_STAGE_MUSIC=0 to disable)
[12:33:49] [info] Surface::loadImage palmap-diag #7: 'data/bk0.pbm' fmt=SDL_PIXELFORMAT_ABGR8888 remap=HIT -> path=truecolor
[12:33:49] [info] gameloop: entered (curmap=72, running=1)
[12:33:49] [info] gameloop: iter 1 ticks=19146 mapno=-1
[12:33:49] [info] fixed-timestep: ENABLED (default; logic 50 Hz, decoupled from render)
[12:33:49] [info] map: BG skip-when-unchanged DISABLED (default) (set SDL_HINT_DOSKUTSU_BG_SKIP_WHEN_UNCHANGED=1 to enable; default OFF since wave-61 -- abandoned, it shipped a backdrop-black flicker and its +0.87 fps was below the noise floor)
[12:33:49] [info] map: skip-redundant-clear lever ENABLED (default since wave-53 promotion)
[12:33:49] [info] perf-mode: level=0 (faithful (default))
[12:33:49] [info] Surface::loadImage palmap-diag #8: 'data/Npc/NpcKings.pbm' fmt=SDL_PIXELFORMAT_ABGR8888 remap=HIT -> path=truecolor
[12:33:50] [info] audio tick-boundary pump: DISABLED (default)
[12:33:50] [info] gameloop: iter 2 ticks=19449 mapno=-1
[12:33:50] [info] gameloop: iter 3 ticks=19491 mapno=-1
[12:33:50] [info] direct-vesa: snapshot @gen=2 use_dosmemput=0 banked_multibank=0 pitches_match=1 vram_w=320 vram_h=240 vram_pitch=320 bpp=1 fb_size=76800 vram_phys=0x78000000 vram_ptr=0x77c00000
[12:33:50] [info] flip-probe: flip #10 ok=true present=3ms inter_flip_ms=22 drawcalls-since-flip=6 drawcalls-total=43 fail-total=0 null-skips-total=0
[12:33:50] [info] flip-probe: flip #20 ok=true present=3ms inter_flip_ms=22 drawcalls-since-flip=4 drawcalls-total=92 fail-total=0 null-skips-total=0
[12:33:50] [info] flip-probe: flip #30 ok=true present=2ms inter_flip_ms=41 drawcalls-since-flip=326 drawcalls-total=2707 fail-total=0 null-skips-total=0
[12:33:51] [info] flip-probe: flip #40 ok=true present=3ms inter_flip_ms=36 drawcalls-since-flip=264 drawcalls-total=5837 fail-total=0 null-skips-total=0
[12:33:51] [info] flip-probe: flip #50 ok=true present=3ms inter_flip_ms=23 drawcalls-since-flip=67 drawcalls-total=7392 fail-total=0 null-skips-total=0
[12:33:51] [info] flip-probe: flip #60 ok=true present=3ms inter_flip_ms=20 drawcalls-since-flip=4 drawcalls-total=7502 fail-total=0 null-skips-total=0
[12:33:52] [info] flip-probe: flip #70 ok=true present=3ms inter_flip_ms=20 drawcalls-since-flip=6 drawcalls-total=7557 fail-total=0 null-skips-total=0
[12:33:52] [info] flip-probe: flip #80 ok=true present=3ms inter_flip_ms=20 drawcalls-since-flip=0 drawcalls-total=7586 fail-total=0 null-skips-total=0
[12:33:52] [info] gameloop: iter 600 ticks=21627 mapno=-1
[12:33:52] [info] flip-probe: flip #90 ok=true present=3ms inter_flip_ms=20 drawcalls-since-flip=0 drawcalls-total=7586 fail-total=0 null-skips-total=0
[12:33:52] [info] title: eager-title-IO phase tag ENABLED (default) (set SDL_HINT_DOSKUTSU_EAGER_TITLE_IO=0 to disable)
[12:33:53] [warn] MidiScheduler::_refresh_isr_buffer: track has 27749 events; ISR buffer is 16384 (truncated; events after 16384 will not dispatch under L2b ON -- the engine-thread tick() path still uses _events directly under L2b OFF)
[12:33:53] [info] MidiScheduler::load: parsed 'data/orgmid2/curly.mid' = 27749 events at 48 PPQ
[12:33:53] [info] opl3 backend: on_song_start
[12:33:53] [info] gameloop: entered (curmap=1005, running=1)
[12:33:53] [info] gameloop: iter 1 ticks=22848 mapno=-1
[12:33:53] [info] map: backdrop cache ENABLED (default) (set SDL_HINT_DOSKUTSU_BACKDROP_CACHE=0 to disable)
[12:33:53] [info] gameloop: iter 2 ticks=23381 mapno=-1
[12:33:54] [info] gameloop: iter 3 ticks=23415 mapno=-1
[12:33:54] [info] backdrop cache: thrashing-detect engaged (streak=4, route=direct)
[12:33:54] [info] flip-probe: flip #100 ok=true present=2ms inter_flip_ms=28 drawcalls-since-flip=75 drawcalls-total=7886 fail-total=0 null-skips-total=0
[12:33:54] [info] alpha audit block 0: 7798 total drawcalls, 0 with alpha<255 (block pct_x10=0; global 0/7798 pct_x10=0); alpha-mod skipped: block=0 global=0
[12:33:54] [info] fastpath audit block 0: taken=7798 (idx8=7798) skipped=0 pct_x10=1000; global taken=7798 (idx8=7798) skipped=0 pct_x10=1000
[12:33:54] [info] primitive tally block 0: clear=220(hr=220) fill=0(hr=0) rect=0(hr=0) line=0(hr=0) tint=0 spotlight=0 (over 100 flips ending at flip 100)
[12:33:54] [info] color/alpha audit block 0: cmod_white=104 cmod_black=0 (idx=0) cmod_general=84 (idx=84) cmod_fb=0; alpha_taken=0 alpha_skipped=0 (global cmod=104/0/84/0 idx=0/84 alpha=0/0)
[12:33:54] [info] phase timing block 0: drawcalls=8209 dc_total_ms=943 flip_inner_total_ms=507 inter_flip_total_ms=19915 (per-flip avg x10: dc_ms=94 fi_ms=50 if_ms=1991 derived audio+engine_ms=1847; per-drawcall avg us_x10=1149) [direct-vesa: presents=97 total_ms=263 avg_ms_x10=27 failed=0] [ablation: NO_DC_TIMING=0 CACHE_WINSURF=0 DIRECT_VESA=1]
[12:33:54] [info] kbd/audio block 0: kbd_irq=0 kbd_drain=0 ring_chunks=16 pump_pass=99 pic1_mask=0xb8 first_irq_ticks=0 install_ticks=0 vector_at_install=0x0083a088 pic1_mask_live=0x38 kbd_8042_stat=0x34 bios_kbd_head=0x0022 bios_kbd_tail=0x0022 bios_kbd_buf0=0x1c0d
[12:33:54] [info] audio/engine split block 0: audio_mixer_calls=0 audio_mixer_ms_x10=0 engine_tick_calls=99 engine_tick_ms_x10=356 audio_service_calls=0 audio_service_ms_x10=0 (per-flip avg; per-call us_x10: audio_mix=0 engine_tick=359829 audio_service=0; global ns: audio_mix=0 engine_tick=3562311639 audio_service=0)
[12:33:54] [info] pixtone multi-source probe: DISABLED (default)
[12:33:54] [info] dirty-rect block @flip=100: total_calls=0 dirty_rects_avg=0 dirty_pct_x10=990 forced_full=0 first_n_force=3 threshold_exceeded=2 dirty_path_taken=0 full_flush_taken=3
[12:33:54] [info] prev-frame-diff block @flip=100: diff_calls=0 diff_rects_avg=0 diff_dirty_pct_x10=0 bbox_pct_x10=0 bbox_thresh_exceeded=0
[12:33:54] [info] flip-probe: flip #110 ok=true present=3ms inter_flip_ms=22 drawcalls-since-flip=75 drawcalls-total=8636 fail-total=0 null-skips-total=0
[12:33:54] [info] flip-probe: flip #120 ok=true present=3ms inter_flip_ms=22 drawcalls-since-flip=75 drawcalls-total=9386 fail-total=0 null-skips-total=0
[12:33:54] [info] flip-probe: flip #130 ok=true present=3ms inter_flip_ms=20 drawcalls-since-flip=0 drawcalls-total=9986 fail-total=0 null-skips-total=0
[12:33:54] [info] Loading profile from profile.dat
[12:33:54] [error] profile_load: unable to open 'profile.dat'
[12:33:54] [info] Loading profile from profile2.dat
[12:33:54] [error] profile_load: unable to open 'profile2.dat'
[12:33:54] [info] Loading profile from profile3.dat
[12:33:54] [info] Loading profile from profile4.dat
[12:33:54] [error] profile_load: unable to open 'profile4.dat'
[12:33:55] [info] Loading profile from profile5.dat
[12:33:55] [info] flip-probe: flip #140 ok=true present=3ms inter_flip_ms=31 drawcalls-since-flip=214 drawcalls-total=10842 fail-total=0 null-skips-total=0
[12:33:55] [info] flip-probe: flip #150 ok=true present=3ms inter_flip_ms=39 drawcalls-since-flip=214 drawcalls-total=12982 fail-total=0 null-skips-total=0
[12:33:55] [info] Writing settings...
[12:33:55] [info] flip-probe: flip #160 ok=true present=3ms inter_flip_ms=20 drawcalls-since-flip=0 drawcalls-total=13846 fail-total=0 null-skips-total=0
[12:33:55] [info] gameloop: iter 600 ticks=25260 mapno=-1
[12:33:56] [info] flip-probe: flip #170 ok=true present=3ms inter_flip_ms=20 drawcalls-since-flip=0 drawcalls-total=13846 fail-total=0 null-skips-total=0
[12:33:56] [info] opl3 backend: on_song_stop
[12:33:56] [info] Loading profile from profile5.dat
[12:33:56] [info]  >> Entering stage 20: 'Save Point'.
[12:33:56] [info] [skip-sheet-flush] cave=2
[12:33:56] [info] MidiScheduler::load: parsed 'data/orgmid2/mura.mid' = 7123 events at 48 PPQ
[12:33:56] [info] opl3 backend: on_song_start
[12:33:56] [info] gameloop: entered (curmap=20, running=1)
[12:33:56] [info] gameloop: iter 1 ticks=26276 mapno=-1
[12:33:56] [info] TAS stall discount: ENABLED (default) (patch 0286; a replay frame over 150 ms is a load, not slow rendering, so it contributes 1 tick instead of its wall-clock; set SDL_HINT_DOSKUTSU_TAS_STALL_DISCOUNT=0 to disable)
[12:33:56] [info] TAS accumulator clamp: DISABLED (default) (patch 0281; caps the FT accumulator delta at one tick during TAS so a stalled frame cannot race the replay index; set SDL_HINT_DOSKUTSU_TAS_FT_GUARD=0 to disable)
[12:33:56] [info] gameloop: iter 2 ticks=26313 mapno=-1
[12:33:56] [info] gameloop: iter 3 ticks=26338 mapno=-1
[12:33:57] [info] flip-probe: flip #180 ok=true present=2ms inter_flip_ms=21 drawcalls-since-flip=17 drawcalls-total=13971 fail-total=0 null-skips-total=0
[12:33:57] [info] flip-probe: flip #190 ok=true present=3ms inter_flip_ms=21 drawcalls-since-flip=17 drawcalls-total=14141 fail-total=0 null-skips-total=0
[12:33:57] [info] flip-probe: flip #200 ok=true present=3ms inter_flip_ms=21 drawcalls-since-flip=17 drawcalls-total=14311 fail-total=0 null-skips-total=0
[12:33:57] [info] alpha audit block 0: 5788 total drawcalls, 0 with alpha<255 (block pct_x10=0; global 0/13586 pct_x10=0); alpha-mod skipped: block=0 global=0
[12:33:57] [info] fastpath audit block 0: taken=5788 (idx8=5788) skipped=0 pct_x10=1000; global taken=13586 (idx8=13586) skipped=0 pct_x10=1000
[12:33:57] [info] primitive tally block 0: clear=201(hr=201) fill=0(hr=0) rect=0(hr=0) line=0(hr=0) tint=0 spotlight=0 (over 100 flips ending at flip 200)
[12:33:57] [info] color/alpha audit block 0: cmod_white=1438 cmod_black=0 (idx=0) cmod_general=609 (idx=609) cmod_fb=0; alpha_taken=0 alpha_skipped=0 (global cmod=1542/0/693/0 idx=0/693 alpha=0/0)
[12:33:57] [info] phase timing block 0: drawcalls=8036 dc_total_ms=899 flip_inner_total_ms=432 inter_flip_total_ms=3333 (per-flip avg x10: dc_ms=89 fi_ms=43 if_ms=333 derived audio+engine_ms=201; per-drawcall avg us_x10=1119) [direct-vesa: presents=100 total_ms=266 avg_ms_x10=26 failed=0] [ablation: NO_DC_TIMING=0 CACHE_WINSURF=0 DIRECT_VESA=1]
[12:33:57] [info] kbd/audio block 0: kbd_irq=0 kbd_drain=0 ring_chunks=16 pump_pass=200 pic1_mask=0xb8 first_irq_ticks=0 install_ticks=0 vector_at_install=0x0083a088 pic1_mask_live=0x38 kbd_8042_stat=0x34 bios_kbd_head=0x0022 bios_kbd_tail=0x0022 bios_kbd_buf0=0x1c0d
[12:33:57] [info] audio/engine split block 0: audio_mixer_calls=0 audio_mixer_ms_x10=0 engine_tick_calls=76 engine_tick_ms_x10=132 audio_service_calls=0 audio_service_ms_x10=0 (per-flip avg; per-call us_x10: audio_mix=0 engine_tick=173973 audio_service=0; global ns: audio_mix=0 engine_tick=4884508621 audio_service=0)
[12:33:57] [info] dirty-rect block @flip=200: total_calls=0 dirty_rects_avg=1 dirty_pct_x10=1000 forced_full=0 first_n_force=0 threshold_exceeded=0 dirty_path_taken=0 full_flush_taken=0
[12:33:57] [info] prev-frame-diff block @flip=200: diff_calls=0 diff_rects_avg=0 diff_dirty_pct_x10=0 bbox_pct_x10=0 bbox_thresh_exceeded=0
[12:33:57] [info] flip-probe: flip #210 ok=true present=3ms inter_flip_ms=21 drawcalls-since-flip=17 drawcalls-total=14481 fail-total=0 null-skips-total=0
[12:33:57] [info] flip-probe: flip #220 ok=true present=2ms inter_flip_ms=21 drawcalls-since-flip=17 drawcalls-total=14651 fail-total=0 null-skips-total=0
[12:33:58] [info] flip-probe: flip #230 ok=true present=3ms inter_flip_ms=21 drawcalls-since-flip=17 drawcalls-total=14821 fail-total=0 null-skips-total=0
[12:33:58] [info] flip-probe: flip #240 ok=true present=3ms inter_flip_ms=22 drawcalls-since-flip=17 drawcalls-total=14991 fail-total=0 null-skips-total=0
[12:33:58] [info] flip-probe: flip #250 ok=true present=3ms inter_flip_ms=21 drawcalls-since-flip=17 drawcalls-total=15161 fail-total=0 null-skips-total=0
[12:33:58] [info] flip-probe: flip #260 ok=true present=3ms inter_flip_ms=23 drawcalls-since-flip=66 drawcalls-total=15409 fail-total=0 null-skips-total=0
[12:33:59] [info] flip-probe: flip #270 ok=true present=2ms inter_flip_ms=45 drawcalls-since-flip=358 drawcalls-total=18009 fail-total=0 null-skips-total=0
[12:33:59] [info]  >> Entering stage 11: 'Mimiga Village'.
[12:33:59] [info] [skip-sheet-flush] cave=3
[12:33:59] [info] [load-stage] preloading entry music song=9 (cave=3)
[12:33:59] [info] gameloop: entered (curmap=11, running=1)
[12:33:59] [info] gameloop: iter 1 ticks=29144 mapno=-1
[12:33:59] [info] map: mds_clear LUT ENABLED (default) (set SDL_HINT_DOSKUTSU_MDS_CLEAR_LUT=0 to disable; default ON; patch 0144 wave-49 bandwidth lever)
[12:33:59] [info] mds-clear-lut: rebuilt N=240 entries (k_skip=0% k_keep=100%; curmap=11 map_size=60x60; rebuild #1 since boot)
[12:33:59] [info] backdrop thrash full-cover ENABLED (default) (set SDL_HINT_DOSKUTSU_THRASH_FULLCOVER=0 to disable)
[12:33:59] [info] [bd-diag] backdrop render-path diag disabled (default) (set SDL_HINT_DOSKUTSU_BACKDROP_DIAG=1 to enable)
[12:33:59] [info] gameloop: iter 2 ticks=29236 mapno=-1
[12:33:59] [info] gameloop: iter 3 ticks=29300 mapno=-1
[12:34:00] [info] flip-probe: flip #280 ok=true present=3ms inter_flip_ms=62 drawcalls-since-flip=384 drawcalls-total=21341 fail-total=0 null-skips-total=0
[12:34:00] [info] backdrop cache: thrashing-detect engaged (streak=4, route=direct)
[12:34:00] [info] flip-probe: flip #290 ok=true present=3ms inter_flip_ms=32 drawcalls-since-flip=32 drawcalls-total=23013 fail-total=0 null-skips-total=0
[12:34:00] [info] flip-probe: flip #300 ok=true present=3ms inter_flip_ms=31 drawcalls-since-flip=43 drawcalls-total=23432 fail-total=0 null-skips-total=0
[12:34:00] [info] alpha audit block 0: 8785 total drawcalls, 0 with alpha<255 (block pct_x10=0; global 0/22371 pct_x10=0); alpha-mod skipped: block=0 global=0
[12:34:00] [info] fastpath audit block 0: taken=8785 (idx8=8785) skipped=0 pct_x10=1000; global taken=22371 (idx8=22371) skipped=0 pct_x10=1000
[12:34:00] [info] primitive tally block 0: clear=201(hr=201) fill=0(hr=0) rect=0(hr=0) line=0(hr=0) tint=0 spotlight=0 (over 100 flips ending at flip 300)
[12:34:00] [info] color/alpha audit block 0: cmod_white=312 cmod_black=312 (idx=312) cmod_general=0 (idx=0) cmod_fb=0; alpha_taken=0 alpha_skipped=0 (global cmod=1854/312/693/0 idx=312/693 alpha=0/0)
[12:34:00] [info] phase timing block 0: drawcalls=9616 dc_total_ms=863 flip_inner_total_ms=406 inter_flip_total_ms=3361 (per-flip avg x10: dc_ms=86 fi_ms=40 if_ms=336 derived audio+engine_ms=210; per-drawcall avg us_x10=897) [direct-vesa: presents=100 total_ms=267 avg_ms_x10=26 failed=0] [ablation: NO_DC_TIMING=0 CACHE_WINSURF=0 DIRECT_VESA=1]
[12:34:01] [info] kbd/audio block 0: kbd_irq=0 kbd_drain=0 ring_chunks=16 pump_pass=346 pic1_mask=0xb8 first_irq_ticks=0 install_ticks=0 vector_at_install=0x0083a088 pic1_mask_live=0x38 kbd_8042_stat=0x34 bios_kbd_head=0x0022 bios_kbd_tail=0x0022 bios_kbd_buf0=0x1c0d
[12:34:01] [info] [tile-speedup-stat n=100 drawtile_us=60.59 raw_blit_us=41.53 ratio=1.46]
[12:34:01] [info] dirty-rect block @flip=300: total_calls=100 dirty_rects_avg=1 dirty_pct_x10=1000 forced_full=0 first_n_force=0 threshold_exceeded=0 dirty_path_taken=0 full_flush_taken=0
[12:34:01] [info] prev-frame-diff block @flip=300: diff_calls=0 diff_rects_avg=0 diff_dirty_pct_x10=0 bbox_pct_x10=0 bbox_thresh_exceeded=0
[12:34:01] [info] tas: stall frame 313 ms -> contributing 1 tick (patch 0286)
[12:34:01] [info] flip-probe: flip #310 ok=true present=3ms inter_flip_ms=38 drawcalls-since-flip=45 drawcalls-total=23974 fail-total=0 null-skips-total=0
[12:34:01] [info] backdrop cache: thrashing-detect engaged (streak=4, route=direct)
[12:34:01] [info] flip-probe: flip #320 ok=true present=3ms inter_flip_ms=33 drawcalls-since-flip=46 drawcalls-total=24438 fail-total=0 null-skips-total=0
[12:34:02] [info] flip-probe: flip #330 ok=true present=3ms inter_flip_ms=31 drawcalls-since-flip=43 drawcalls-total=24875 fail-total=0 null-skips-total=0
[12:34:02] [info] flip-probe: flip #340 ok=true present=3ms inter_flip_ms=33 drawcalls-since-flip=43 drawcalls-total=25305 fail-total=0 null-skips-total=0
[12:34:02] [info] flip-probe: flip #350 ok=true present=3ms inter_flip_ms=33 drawcalls-since-flip=43 drawcalls-total=25735 fail-total=0 null-skips-total=0
[12:34:03] [info] flip-probe: flip #360 ok=true present=3ms inter_flip_ms=33 drawcalls-since-flip=43 drawcalls-total=26165 fail-total=0 null-skips-total=0
[12:34:03] [info] flip-probe: flip #370 ok=true present=2ms inter_flip_ms=34 drawcalls-since-flip=43 drawcalls-total=26595 fail-total=0 null-skips-total=0
[12:34:03] [info] backdrop cache: thrashing-detect engaged (streak=64, route=direct)
[12:34:03] [info] flip-probe: flip #380 ok=true present=3ms inter_flip_ms=29 drawcalls-since-flip=43 drawcalls-total=27025 fail-total=0 null-skips-total=0
[12:34:03] [info] flip-probe: flip #390 ok=true present=2ms inter_flip_ms=33 drawcalls-since-flip=43 drawcalls-total=27455 fail-total=0 null-skips-total=0
[12:34:04] [info] flip-probe: flip #400 ok=true present=3ms inter_flip_ms=27 drawcalls-since-flip=17 drawcalls-total=27781 fail-total=0 null-skips-total=0
[12:34:04] [info] alpha audit block 0: 3001 total drawcalls, 0 with alpha<255 (block pct_x10=0; global 0/25372 pct_x10=0); alpha-mod skipped: block=0 global=0
[12:34:04] [info] fastpath audit block 0: taken=3001 (idx8=3001) skipped=0 pct_x10=1000; global taken=25372 (idx8=25372) skipped=0 pct_x10=1000
[12:34:04] [info] primitive tally block 0: clear=200(hr=200) fill=0(hr=0) rect=0(hr=0) line=0(hr=0) tint=0 spotlight=0 (over 100 flips ending at flip 400)
[12:34:04] [info] color/alpha audit block 0: cmod_white=1248 cmod_black=1248 (idx=1248) cmod_general=0 (idx=0) cmod_fb=0; alpha_taken=0 alpha_skipped=0 (global cmod=3102/1560/693/0 idx=1560/693 alpha=0/0)
[12:34:04] [info] phase timing block 0: drawcalls=5701 dc_total_ms=633 flip_inner_total_ms=418 inter_flip_total_ms=3539 (per-flip avg x10: dc_ms=63 fi_ms=41 if_ms=353 derived audio+engine_ms=249; per-drawcall avg us_x10=1111) [direct-vesa: presents=100 total_ms=267 avg_ms_x10=26 failed=0] [ablation: NO_DC_TIMING=0 CACHE_WINSURF=0 DIRECT_VESA=1]
[12:34:04] [info] kbd/audio block 0: kbd_irq=0 kbd_drain=0 ring_chunks=16 pump_pass=508 pic1_mask=0xb8 first_irq_ticks=0 install_ticks=0 vector_at_install=0x0083a088 pic1_mask_live=0x38 kbd_8042_stat=0x34 bios_kbd_head=0x0022 bios_kbd_tail=0x0022 bios_kbd_buf0=0x1c0d
[12:34:04] [info] dirty-rect block @flip=400: total_calls=0 dirty_rects_avg=1 dirty_pct_x10=1000 forced_full=0 first_n_force=0 threshold_exceeded=0 dirty_path_taken=0 full_flush_taken=0
[12:34:04] [info] prev-frame-diff block @flip=400: diff_calls=0 diff_rects_avg=0 diff_dirty_pct_x10=0 bbox_pct_x10=0 bbox_thresh_exceeded=0
[12:34:04] [info] flip-probe: flip #410 ok=true present=3ms inter_flip_ms=29 drawcalls-since-flip=17 drawcalls-total=27951 fail-total=0 null-skips-total=0
[12:34:04] [info] flip-probe: flip #420 ok=true present=3ms inter_flip_ms=31 drawcalls-since-flip=17 drawcalls-total=28121 fail-total=0 null-skips-total=0
[12:34:05] [info] flip-probe: flip #430 ok=true present=3ms inter_flip_ms=31 drawcalls-since-flip=19 drawcalls-total=28305 fail-total=0 null-skips-total=0
[12:34:05] [info] backdrop cache: thrashing-detect engaged (streak=124, route=direct)
[12:34:05] [info] flip-probe: flip #440 ok=true present=2ms inter_flip_ms=31 drawcalls-since-flip=18 drawcalls-total=28496 fail-total=0 null-skips-total=0
[12:34:05] [info] flip-probe: flip #450 ok=true present=3ms inter_flip_ms=27 drawcalls-since-flip=17 drawcalls-total=28667 fail-total=0 null-skips-total=0
[12:34:06] [info] flip-probe: flip #460 ok=true present=3ms inter_flip_ms=31 drawcalls-since-flip=18 drawcalls-total=28837 fail-total=0 null-skips-total=0
[12:34:06] [info] flip-probe: flip #470 ok=true present=3ms inter_flip_ms=31 drawcalls-since-flip=18 drawcalls-total=29018 fail-total=0 null-skips-total=0
[12:34:06] [info] flip-probe: flip #480 ok=true present=3ms inter_flip_ms=29 drawcalls-since-flip=15 drawcalls-total=29177 fail-total=0 null-skips-total=0
[12:34:07] [info] flip-probe: flip #490 ok=true present=3ms inter_flip_ms=31 drawcalls-since-flip=17 drawcalls-total=29333 fail-total=0 null-skips-total=0
[12:34:07] [info] backdrop cache: thrashing-detect engaged (streak=184, route=direct)
[12:34:07] [info] flip-probe: flip #500 ok=true present=2ms inter_flip_ms=32 drawcalls-since-flip=19 drawcalls-total=29512 fail-total=0 null-skips-total=0
[12:34:07] [info] alpha audit block 0: 1631 total drawcalls, 0 with alpha<255 (block pct_x10=0; global 0/27003 pct_x10=0); alpha-mod skipped: block=0 global=0
[12:34:07] [info] fastpath audit block 0: taken=1631 (idx8=1631) skipped=0 pct_x10=1000; global taken=27003 (idx8=27003) skipped=0 pct_x10=1000
[12:34:07] [info] primitive tally block 0: clear=200(hr=200) fill=0(hr=0) rect=0(hr=0) line=0(hr=0) tint=0 spotlight=0 (over 100 flips ending at flip 500)
[12:34:07] [info] phase timing block 0: drawcalls=1831 dc_total_ms=486 flip_inner_total_ms=402 inter_flip_total_ms=3099 (per-flip avg x10: dc_ms=48 fi_ms=40 if_ms=309 derived audio+engine_ms=221; per-drawcall avg us_x10=2659) [direct-vesa: presents=100 total_ms=267 avg_ms_x10=26 failed=0] [ablation: NO_DC_TIMING=0 CACHE_WINSURF=0 DIRECT_VESA=1]
[12:34:07] [info] kbd/audio block 0: kbd_irq=0 kbd_drain=0 ring_chunks=16 pump_pass=663 pic1_mask=0xb8 first_irq_ticks=0 install_ticks=0 vector_at_install=0x0083a088 pic1_mask_live=0x38 kbd_8042_stat=0x34 bios_kbd_head=0x0022 bios_kbd_tail=0x0022 bios_kbd_buf0=0x1c0d
[12:34:07] [info] dirty-rect block @flip=500: total_calls=0 dirty_rects_avg=1 dirty_pct_x10=1000 forced_full=0 first_n_force=0 threshold_exceeded=0 dirty_path_taken=0 full_flush_taken=0
[12:34:07] [info] prev-frame-diff block @flip=500: diff_calls=0 diff_rects_avg=0 diff_dirty_pct_x10=0 bbox_pct_x10=0 bbox_thresh_exceeded=0
[12:34:07] [info] flip-probe: flip #510 ok=true present=3ms inter_flip_ms=31 drawcalls-since-flip=16 drawcalls-total=29679 fail-total=0 null-skips-total=0
[12:34:08] [info] flip-probe: flip #520 ok=true present=3ms inter_flip_ms=34 drawcalls-since-flip=15 drawcalls-total=29829 fail-total=0 null-skips-total=0
[12:34:08] [info] flip-probe: flip #530 ok=true present=2ms inter_flip_ms=33 drawcalls-since-flip=15 drawcalls-total=29979 fail-total=0 null-skips-total=0
[12:34:08] [info] flip-probe: flip #540 ok=true present=3ms inter_flip_ms=51 drawcalls-since-flip=304 drawcalls-total=31432 fail-total=0 null-skips-total=0
[12:34:09] [info]  >> Entering stage 17: 'Yamashita Farm'.
[12:34:09] [info] [skip-sheet-flush] cave=4
[12:34:09] [info] [load-stage] preloading entry music song=13 (cave=4)
[12:34:09] [info] opl3 backend: on_song_stop
[12:34:09] [info] MidiScheduler::load: parsed 'data/orgmid2/plant.mid' = 6246 events at 48 PPQ
[12:34:09] [info] opl3 backend: on_song_start
[12:34:09] [info] gameloop: entered (curmap=17, running=1)
[12:34:09] [info] gameloop: iter 1 ticks=39106 mapno=-1
[12:34:09] [info] mds-clear-lut: rebuilt N=240 entries (k_skip=33% k_keep=67%; curmap=17 map_size=40x16; rebuild #2 since boot)
[12:34:09] [info] gameloop: iter 2 ticks=39272 mapno=-1
[12:34:09] [info] tas: stall frame 168 ms -> contributing 1 tick (patch 0286)
[12:34:09] [info] gameloop: iter 3 ticks=39338 mapno=-1
[12:34:10] [info] flip-probe: flip #550 ok=true present=3ms inter_flip_ms=63 drawcalls-since-flip=404 drawcalls-total=34555 fail-total=0 null-skips-total=0
[12:34:10] [info] flip-probe: flip #560 ok=true present=3ms inter_flip_ms=41 drawcalls-since-flip=180 drawcalls-total=37753 fail-total=0 null-skips-total=0
[12:34:10] [info] flip-probe: flip #570 ok=true present=2ms inter_flip_ms=40 drawcalls-since-flip=138 drawcalls-total=39116 fail-total=0 null-skips-total=0
[12:34:11] [info] flip-probe: flip #580 ok=true present=3ms inter_flip_ms=39 drawcalls-since-flip=141 drawcalls-total=40526 fail-total=0 null-skips-total=0
[12:34:11] [info] flip-probe: flip #590 ok=true present=3ms inter_flip_ms=40 drawcalls-since-flip=143 drawcalls-total=41958 fail-total=0 null-skips-total=0
[12:34:12] [info] backdrop cache: thrashing-detect engaged (streak=4, route=direct)
[12:34:12] [info] flip-probe: flip #600 ok=true present=3ms inter_flip_ms=41 drawcalls-since-flip=130 drawcalls-total=43330 fail-total=0 null-skips-total=0
[12:34:12] [info] alpha audit block 0: 13029 total drawcalls, 0 with alpha<255 (block pct_x10=0; global 0/40032 pct_x10=0); alpha-mod skipped: block=0 global=0
[12:34:12] [info] fastpath audit block 0: taken=13029 (idx8=13029) skipped=0 pct_x10=1000; global taken=40032 (idx8=40032) skipped=0 pct_x10=1000
[12:34:12] [info] primitive tally block 0: clear=201(hr=201) fill=0(hr=0) rect=0(hr=0) line=0(hr=0) tint=0 spotlight=0 (over 100 flips ending at flip 600)
[12:34:12] [info] color/alpha audit block 0: cmod_white=689 cmod_black=689 (idx=689) cmod_general=0 (idx=0) cmod_fb=0; alpha_taken=0 alpha_skipped=0 (global cmod=3791/2249/693/0 idx=2249/693 alpha=0/0)
[12:34:12] [info] phase timing block 0: drawcalls=14657 dc_total_ms=1155 flip_inner_total_ms=421 inter_flip_total_ms=4744 (per-flip avg x10: dc_ms=115 fi_ms=42 if_ms=474 derived audio+engine_ms=317; per-drawcall avg us_x10=788) [direct-vesa: presents=100 total_ms=268 avg_ms_x10=26 failed=0] [ablation: NO_DC_TIMING=0 CACHE_WINSURF=0 DIRECT_VESA=1]
[12:34:12] [info] kbd/audio block 0: kbd_irq=0 kbd_drain=0 ring_chunks=16 pump_pass=864 pic1_mask=0xb8 first_irq_ticks=0 install_ticks=0 vector_at_install=0x0083a088 pic1_mask_live=0x38 kbd_8042_stat=0x34 bios_kbd_head=0x0022 bios_kbd_tail=0x0022 bios_kbd_buf0=0x1c0d
[12:34:12] [info] dirty-rect block @flip=600: total_calls=0 dirty_rects_avg=1 dirty_pct_x10=1000 forced_full=0 first_n_force=0 threshold_exceeded=0 dirty_path_taken=0 full_flush_taken=0
[12:34:12] [info] prev-frame-diff block @flip=600: diff_calls=0 diff_rects_avg=0 diff_dirty_pct_x10=0 bbox_pct_x10=0 bbox_thresh_exceeded=0
[12:34:12] [info] flip-probe: flip #610 ok=true present=3ms inter_flip_ms=41 drawcalls-since-flip=135 drawcalls-total=44663 fail-total=0 null-skips-total=0
[12:34:13] [info] flip-probe: flip #620 ok=true present=3ms inter_flip_ms=43 drawcalls-since-flip=141 drawcalls-total=46049 fail-total=0 null-skips-total=0
[12:34:13] [info] flip-probe: flip #630 ok=true present=3ms inter_flip_ms=43 drawcalls-since-flip=149 drawcalls-total=47506 fail-total=0 null-skips-total=0
[12:34:13] [info] backdrop cache: thrashing-detect engaged (streak=4, route=direct)
[12:34:13] [info] flip-probe: flip #640 ok=true present=3ms inter_flip_ms=47 drawcalls-since-flip=151 drawcalls-total=48980 fail-total=0 null-skips-total=0
[12:34:14] [info] flip-probe: flip #650 ok=true present=3ms inter_flip_ms=42 drawcalls-since-flip=143 drawcalls-total=50420 fail-total=0 null-skips-total=0
[12:34:14] [info] flip-probe: flip #660 ok=true present=2ms inter_flip_ms=41 drawcalls-since-flip=134 drawcalls-total=51803 fail-total=0 null-skips-total=0
[12:34:15] [info] flip-probe: flip #670 ok=true present=3ms inter_flip_ms=38 drawcalls-since-flip=105 drawcalls-total=53063 fail-total=0 null-skips-total=0
[12:34:15] [info] flip-probe: flip #680 ok=true present=2ms inter_flip_ms=39 drawcalls-since-flip=96 drawcalls-total=54068 fail-total=0 null-skips-total=0
[12:34:15] [info] flip-probe: flip #690 ok=true present=2ms inter_flip_ms=38 drawcalls-since-flip=104 drawcalls-total=55101 fail-total=0 null-skips-total=0
[12:34:16] [info] backdrop cache: thrashing-detect engaged (streak=64, route=direct)
[12:34:16] [info] flip-probe: flip #700 ok=true present=2ms inter_flip_ms=43 drawcalls-since-flip=108 drawcalls-total=56162 fail-total=0 null-skips-total=0
[12:34:16] [info] alpha audit block 0: 11861 total drawcalls, 0 with alpha<255 (block pct_x10=0; global 0/51893 pct_x10=0); alpha-mod skipped: block=0 global=0
[12:34:16] [info] fastpath audit block 0: taken=11861 (idx8=11861) skipped=0 pct_x10=1000; global taken=51893 (idx8=51893) skipped=0 pct_x10=1000
[12:34:16] [info] primitive tally block 0: clear=200(hr=200) fill=0(hr=0) rect=0(hr=0) line=0(hr=0) tint=0 spotlight=0 (over 100 flips ending at flip 700)
[12:34:16] [info] color/alpha audit block 0: cmod_white=871 cmod_black=871 (idx=871) cmod_general=0 (idx=0) cmod_fb=0; alpha_taken=0 alpha_skipped=0 (global cmod=4662/3120/693/0 idx=3120/693 alpha=0/0)
[12:34:16] [info] phase timing block 0: drawcalls=13807 dc_total_ms=753 flip_inner_total_ms=405 inter_flip_total_ms=4185 (per-flip avg x10: dc_ms=75 fi_ms=40 if_ms=418 derived audio+engine_ms=303; per-drawcall avg us_x10=545) [direct-vesa: presents=100 total_ms=267 avg_ms_x10=26 failed=0] [ablation: NO_DC_TIMING=0 CACHE_WINSURF=0 DIRECT_VESA=1]
[12:34:16] [info] kbd/audio block 0: kbd_irq=0 kbd_drain=0 ring_chunks=16 pump_pass=1074 pic1_mask=0xb8 first_irq_ticks=0 install_ticks=0 vector_at_install=0x0083a088 pic1_mask_live=0x38 kbd_8042_stat=0x34 bios_kbd_head=0x0022 bios_kbd_tail=0x0022 bios_kbd_buf0=0x1c0d
[12:34:16] [info] dirty-rect block @flip=700: total_calls=0 dirty_rects_avg=1 dirty_pct_x10=1000 forced_full=0 first_n_force=0 threshold_exceeded=0 dirty_path_taken=0 full_flush_taken=0
[12:34:16] [info] prev-frame-diff block @flip=700: diff_calls=0 diff_rects_avg=0 diff_dirty_pct_x10=0 bbox_pct_x10=0 bbox_thresh_exceeded=0
[12:34:16] [info] flip-probe: flip #710 ok=true present=3ms inter_flip_ms=34 drawcalls-since-flip=108 drawcalls-total=57238 fail-total=0 null-skips-total=0
[12:34:17] [info] flip-probe: flip #720 ok=true present=3ms inter_flip_ms=37 drawcalls-since-flip=105 drawcalls-total=58299 fail-total=0 null-skips-total=0
[12:34:17] [info] flip-probe: flip #730 ok=true present=2ms inter_flip_ms=38 drawcalls-since-flip=101 drawcalls-total=59329 fail-total=0 null-skips-total=0
[12:34:17] [info] flip-probe: flip #740 ok=true present=3ms inter_flip_ms=38 drawcalls-since-flip=109 drawcalls-total=60370 fail-total=0 null-skips-total=0
[12:34:18] [info] flip-probe: flip #750 ok=true present=3ms inter_flip_ms=39 drawcalls-since-flip=117 drawcalls-total=61475 fail-total=0 null-skips-total=0
[12:34:18] [info] backdrop cache: thrashing-detect engaged (streak=124, route=direct)
[12:34:18] [info] flip-probe: flip #760 ok=true present=3ms inter_flip_ms=45 drawcalls-since-flip=114 drawcalls-total=62632 fail-total=0 null-skips-total=0
[12:34:19] [info] flip-probe: flip #770 ok=true present=3ms inter_flip_ms=39 drawcalls-since-flip=107 drawcalls-total=63743 fail-total=0 null-skips-total=0
[12:34:19] [info] flip-probe: flip #780 ok=true present=3ms inter_flip_ms=39 drawcalls-since-flip=108 drawcalls-total=64840 fail-total=0 null-skips-total=0
[12:34:19] [info] flip-probe: flip #790 ok=true present=3ms inter_flip_ms=41 drawcalls-since-flip=116 drawcalls-total=65984 fail-total=0 null-skips-total=0
[12:34:20] [info] flip-probe: flip #800 ok=true present=3ms inter_flip_ms=41 drawcalls-since-flip=117 drawcalls-total=67150 fail-total=0 null-skips-total=0
[12:34:20] [info] alpha audit block 0: 10888 total drawcalls, 0 with alpha<255 (block pct_x10=0; global 0/62781 pct_x10=0); alpha-mod skipped: block=0 global=0
[12:34:20] [info] fastpath audit block 0: taken=10888 (idx8=10888) skipped=0 pct_x10=1000; global taken=62781 (idx8=62781) skipped=0 pct_x10=1000
[12:34:20] [info] primitive tally block 0: clear=200(hr=200) fill=0(hr=0) rect=0(hr=0) line=0(hr=0) tint=0 spotlight=0 (over 100 flips ending at flip 800)
[12:34:20] [info] phase timing block 0: drawcalls=11088 dc_total_ms=646 flip_inner_total_ms=412 inter_flip_total_ms=3971 (per-flip avg x10: dc_ms=64 fi_ms=41 if_ms=397 derived audio+engine_ms=292; per-drawcall avg us_x10=582) [direct-vesa: presents=100 total_ms=268 avg_ms_x10=26 failed=0] [ablation: NO_DC_TIMING=0 CACHE_WINSURF=0 DIRECT_VESA=1]
[12:34:20] [info] kbd/audio block 0: kbd_irq=0 kbd_drain=0 ring_chunks=16 pump_pass=1272 pic1_mask=0xb8 first_irq_ticks=0 install_ticks=0 vector_at_install=0x0083a088 pic1_mask_live=0x38 kbd_8042_stat=0x34 bios_kbd_head=0x0022 bios_kbd_tail=0x0022 bios_kbd_buf0=0x1c0d
[12:34:20] [info] dirty-rect block @flip=800: total_calls=0 dirty_rects_avg=1 dirty_pct_x10=1000 forced_full=0 first_n_force=0 threshold_exceeded=0 dirty_path_taken=0 full_flush_taken=0
[12:34:20] [info] prev-frame-diff block @flip=800: diff_calls=0 diff_rects_avg=0 diff_dirty_pct_x10=0 bbox_pct_x10=0 bbox_thresh_exceeded=0
[12:34:20] [info] flip-probe: flip #810 ok=true present=3ms inter_flip_ms=39 drawcalls-since-flip=111 drawcalls-total=68273 fail-total=0 null-skips-total=0
[12:34:21] [info] backdrop cache: thrashing-detect engaged (streak=184, route=direct)
[12:34:21] [info] flip-probe: flip #820 ok=true present=3ms inter_flip_ms=45 drawcalls-since-flip=113 drawcalls-total=69398 fail-total=0 null-skips-total=0
[12:34:21] [info] flip-probe: flip #830 ok=true present=3ms inter_flip_ms=39 drawcalls-since-flip=110 drawcalls-total=70514 fail-total=0 null-skips-total=0
[12:34:22] [info] flip-probe: flip #840 ok=true present=2ms inter_flip_ms=40 drawcalls-since-flip=113 drawcalls-total=71623 fail-total=0 null-skips-total=0
[12:34:22] [info] backdrop cache: thrashing-detect engaged (streak=4, route=direct)
[12:34:22] [info] flip-probe: flip #850 ok=true present=3ms inter_flip_ms=41 drawcalls-since-flip=123 drawcalls-total=72737 fail-total=0 null-skips-total=0
[12:34:22] [info] flip-probe: flip #860 ok=true present=2ms inter_flip_ms=40 drawcalls-since-flip=119 drawcalls-total=73947 fail-total=0 null-skips-total=0
[12:34:23] [info] flip-probe: flip #870 ok=true present=3ms inter_flip_ms=38 drawcalls-since-flip=114 drawcalls-total=75126 fail-total=0 null-skips-total=0
[12:34:23] [info] flip-probe: flip #880 ok=true present=3ms inter_flip_ms=39 drawcalls-since-flip=117 drawcalls-total=76295 fail-total=0 null-skips-total=0
[12:34:23] [info] flip-probe: flip #890 ok=true present=3ms inter_flip_ms=40 drawcalls-since-flip=119 drawcalls-total=77467 fail-total=0 null-skips-total=0
[12:34:24] [info] flip-probe: flip #900 ok=true present=3ms inter_flip_ms=38 drawcalls-since-flip=116 drawcalls-total=78639 fail-total=0 null-skips-total=0
[12:34:24] [info] alpha audit block 0: 11389 total drawcalls, 0 with alpha<255 (block pct_x10=0; global 0/74170 pct_x10=0); alpha-mod skipped: block=0 global=0
[12:34:24] [info] fastpath audit block 0: taken=11389 (idx8=11389) skipped=0 pct_x10=1000; global taken=74170 (idx8=74170) skipped=0 pct_x10=1000
[12:34:24] [info] primitive tally block 0: clear=200(hr=200) fill=0(hr=0) rect=0(hr=0) line=0(hr=0) tint=0 spotlight=0 (over 100 flips ending at flip 900)
[12:34:24] [info] phase timing block 0: drawcalls=11593 dc_total_ms=680 flip_inner_total_ms=620 inter_flip_total_ms=4034 (per-flip avg x10: dc_ms=68 fi_ms=62 if_ms=403 derived audio+engine_ms=273; per-drawcall avg us_x10=586) [direct-vesa: presents=100 total_ms=267 avg_ms_x10=26 failed=0] [ablation: NO_DC_TIMING=0 CACHE_WINSURF=0 DIRECT_VESA=1]
[12:34:24] [info] kbd/audio block 0: kbd_irq=0 kbd_drain=0 ring_chunks=16 pump_pass=1474 pic1_mask=0xb8 first_irq_ticks=0 install_ticks=0 vector_at_install=0x0083a088 pic1_mask_live=0x38 kbd_8042_stat=0x34 bios_kbd_head=0x0022 bios_kbd_tail=0x0022 bios_kbd_buf0=0x1c0d
[12:34:24] [info] dirty-rect block @flip=900: total_calls=0 dirty_rects_avg=1 dirty_pct_x10=1000 forced_full=0 first_n_force=0 threshold_exceeded=0 dirty_path_taken=0 full_flush_taken=0
[12:34:24] [info] prev-frame-diff block @flip=900: diff_calls=0 diff_rects_avg=0 diff_dirty_pct_x10=0 bbox_pct_x10=0 bbox_thresh_exceeded=0
[12:34:24] [info] tas: stall frame 298 ms -> contributing 1 tick (patch 0286)
[12:34:24] [info] backdrop cache: thrashing-detect engaged (streak=64, route=direct)
[12:34:24] [info] flip-probe: flip #910 ok=true present=3ms inter_flip_ms=41 drawcalls-since-flip=206 drawcalls-total=79875 fail-total=0 null-skips-total=0
[12:34:25] [info] flip-probe: flip #920 ok=true present=3ms inter_flip_ms=54 drawcalls-since-flip=401 drawcalls-total=83435 fail-total=0 null-skips-total=0
[12:34:25] [info]  >> Entering stage 11: 'Mimiga Village'.
[12:34:25] [info] [skip-sheet-flush] cave=5
[12:34:25] [info] [load-stage] preloading entry music song=9 (cave=5)
[12:34:25] [info] opl3 backend: on_song_stop
[12:34:26] [info] MidiScheduler::load: parsed 'data/orgmid2/mura.mid' = 7123 events at 48 PPQ
[12:34:26] [info] opl3 backend: on_song_start
[12:34:26] [info] gameloop: entered (curmap=11, running=1)
[12:34:26] [info] gameloop: iter 1 ticks=55560 mapno=-1
[12:34:26] [info] mds-clear-lut: rebuilt N=240 entries (k_skip=0% k_keep=100%; curmap=11 map_size=60x60; rebuild #3 since boot)
[12:34:26] [info] gameloop: iter 2 ticks=55633 mapno=-1
[12:34:26] [info] gameloop: iter 3 ticks=55692 mapno=-1
[12:34:26] [info] flip-probe: flip #930 ok=true present=3ms inter_flip_ms=54 drawcalls-since-flip=240 drawcalls-total=86518 fail-total=0 null-skips-total=0
[12:34:26] [info] backdrop cache: thrashing-detect engaged (streak=4, route=direct)
[12:34:27] [info] flip-probe: flip #940 ok=true present=3ms inter_flip_ms=32 drawcalls-since-flip=41 drawcalls-total=87391 fail-total=0 null-skips-total=0
[12:34:27] [info] flip-probe: flip #950 ok=true present=3ms inter_flip_ms=33 drawcalls-since-flip=41 drawcalls-total=87801 fail-total=0 null-skips-total=0
[12:34:27] [info] flip-probe: flip #960 ok=true present=3ms inter_flip_ms=29 drawcalls-since-flip=41 drawcalls-total=88211 fail-total=0 null-skips-total=0
[12:34:27] [info] flip-probe: flip #970 ok=true present=3ms inter_flip_ms=31 drawcalls-since-flip=41 drawcalls-total=88621 fail-total=0 null-skips-total=0
[12:34:28] [info] flip-probe: flip #980 ok=true present=3ms inter_flip_ms=33 drawcalls-since-flip=41 drawcalls-total=89031 fail-total=0 null-skips-total=0
[12:34:28] [info] flip-probe: flip #990 ok=true present=3ms inter_flip_ms=35 drawcalls-since-flip=43 drawcalls-total=89443 fail-total=0 null-skips-total=0
[12:34:28] [info] backdrop cache: thrashing-detect engaged (streak=64, route=direct)
[12:34:28] [info] flip-probe: flip #1000 ok=true present=3ms inter_flip_ms=35 drawcalls-since-flip=41 drawcalls-total=89861 fail-total=0 null-skips-total=0
[12:34:28] [info] alpha audit block 0: 10108 total drawcalls, 0 with alpha<255 (block pct_x10=0; global 0/84278 pct_x10=0); alpha-mod skipped: block=0 global=0
[12:34:28] [info] fastpath audit block 0: taken=10108 (idx8=10108) skipped=0 pct_x10=1000; global taken=84278 (idx8=84278) skipped=0 pct_x10=1000
[12:34:28] [info] primitive tally block 0: clear=201(hr=201) fill=0(hr=0) rect=0(hr=0) line=0(hr=0) tint=0 spotlight=0 (over 100 flips ending at flip 1000)
[12:34:28] [info] color/alpha audit block 0: cmod_white=1014 cmod_black=1014 (idx=1014) cmod_general=0 (idx=0) cmod_fb=0; alpha_taken=0 alpha_skipped=0 (global cmod=5676/4134/693/0 idx=4134/693 alpha=0/0)
[12:34:29] [info] phase timing block 0: drawcalls=12345 dc_total_ms=928 flip_inner_total_ms=416 inter_flip_total_ms=4632 (per-flip avg x10: dc_ms=92 fi_ms=41 if_ms=463 derived audio+engine_ms=330; per-drawcall avg us_x10=752) [direct-vesa: presents=100 total_ms=266 avg_ms_x10=26 failed=0] [ablation: NO_DC_TIMING=0 CACHE_WINSURF=0 DIRECT_VESA=1]
[12:34:29] [info] kbd/audio block 0: kbd_irq=0 kbd_drain=0 ring_chunks=16 pump_pass=1663 pic1_mask=0xb8 first_irq_ticks=0 install_ticks=0 vector_at_install=0x0083a088 pic1_mask_live=0x38 kbd_8042_stat=0x34 bios_kbd_head=0x0022 bios_kbd_tail=0x0022 bios_kbd_buf0=0x1c0d
[12:34:29] [info] dirty-rect block @flip=1000: total_calls=0 dirty_rects_avg=1 dirty_pct_x10=1000 forced_full=0 first_n_force=0 threshold_exceeded=0 dirty_path_taken=0 full_flush_taken=0
[12:34:29] [info] prev-frame-diff block @flip=1000: diff_calls=0 diff_rects_avg=0 diff_dirty_pct_x10=0 bbox_pct_x10=0 bbox_thresh_exceeded=0
[12:34:29] [info] flip-probe: flip #1010 ok=true present=3ms inter_flip_ms=31 drawcalls-since-flip=41 drawcalls-total=90275 fail-total=0 null-skips-total=0
[12:34:29] [info] flip-probe: flip #1020 ok=true present=2ms inter_flip_ms=31 drawcalls-since-flip=42 drawcalls-total=90690 fail-total=0 null-skips-total=0
[12:34:29] [info] flip-probe: flip #1030 ok=true present=3ms inter_flip_ms=30 drawcalls-since-flip=42 drawcalls-total=91110 fail-total=0 null-skips-total=0
[12:34:30] [info] flip-probe: flip #1040 ok=true present=3ms inter_flip_ms=32 drawcalls-since-flip=43 drawcalls-total=91537 fail-total=0 null-skips-total=0
[12:34:30] [info] flip-probe: flip #1050 ok=true present=3ms inter_flip_ms=29 drawcalls-since-flip=16 drawcalls-total=91752 fail-total=0 null-skips-total=0
[12:34:30] [info] backdrop cache: thrashing-detect engaged (streak=124, route=direct)
[12:34:30] [info] flip-probe: flip #1060 ok=true present=3ms inter_flip_ms=29 drawcalls-since-flip=16 drawcalls-total=91912 fail-total=0 null-skips-total=0
[12:34:31] [info] flip-probe: flip #1070 ok=true present=3ms inter_flip_ms=26 drawcalls-since-flip=16 drawcalls-total=92072 fail-total=0 null-skips-total=0
[12:34:31] [info] flip-probe: flip #1080 ok=true present=2ms inter_flip_ms=29 drawcalls-since-flip=17 drawcalls-total=92239 fail-total=0 null-skips-total=0
[12:34:31] [info] run_tick_fixed #1800: heartbeat (loop alive)
[12:34:31] [info] flip-probe: flip #1090 ok=true present=3ms inter_flip_ms=33 drawcalls-since-flip=18 drawcalls-total=92412 fail-total=0 null-skips-total=0
[12:34:32] [info] flip-probe: flip #1100 ok=true present=2ms inter_flip_ms=29 drawcalls-since-flip=18 drawcalls-total=92592 fail-total=0 null-skips-total=0
[12:34:32] [info] alpha audit block 0: 2085 total drawcalls, 0 with alpha<255 (block pct_x10=0; global 0/86363 pct_x10=0); alpha-mod skipped: block=0 global=0
[12:34:32] [info] fastpath audit block 0: taken=2085 (idx8=2085) skipped=0 pct_x10=1000; global taken=86363 (idx8=86363) skipped=0 pct_x10=1000
[12:34:32] [info] primitive tally block 0: clear=200(hr=200) fill=0(hr=0) rect=0(hr=0) line=0(hr=0) tint=0 spotlight=0 (over 100 flips ending at flip 1100)
[12:34:32] [info] color/alpha audit block 0: cmod_white=546 cmod_black=546 (idx=546) cmod_general=0 (idx=0) cmod_fb=0; alpha_taken=0 alpha_skipped=0 (global cmod=6222/4680/693/0 idx=4680/693 alpha=0/0)
[12:34:32] [info] phase timing block 0: drawcalls=3377 dc_total_ms=534 flip_inner_total_ms=413 inter_flip_total_ms=3070 (per-flip avg x10: dc_ms=53 fi_ms=41 if_ms=307 derived audio+engine_ms=213; per-drawcall avg us_x10=1582) [direct-vesa: presents=100 total_ms=266 avg_ms_x10=26 failed=0] [ablation: NO_DC_TIMING=0 CACHE_WINSURF=0 DIRECT_VESA=1]
[12:34:32] [info] kbd/audio block 0: kbd_irq=0 kbd_drain=0 ring_chunks=16 pump_pass=1816 pic1_mask=0xb8 first_irq_ticks=0 install_ticks=0 vector_at_install=0x0083a088 pic1_mask_live=0x38 kbd_8042_stat=0x34 bios_kbd_head=0x0022 bios_kbd_tail=0x0022 bios_kbd_buf0=0x1c0d
[12:34:32] [info] dirty-rect block @flip=1100: total_calls=0 dirty_rects_avg=1 dirty_pct_x10=1000 forced_full=0 first_n_force=0 threshold_exceeded=0 dirty_path_taken=0 full_flush_taken=0
[12:34:32] [info] prev-frame-diff block @flip=1100: diff_calls=0 diff_rects_avg=0 diff_dirty_pct_x10=0 bbox_pct_x10=0 bbox_thresh_exceeded=0
[12:34:32] [info] flip-probe: flip #1110 ok=true present=3ms inter_flip_ms=27 drawcalls-since-flip=18 drawcalls-total=92772 fail-total=0 null-skips-total=0
[12:34:32] [info] backdrop cache: thrashing-detect engaged (streak=184, route=direct)
[12:34:32] [info] flip-probe: flip #1120 ok=true present=3ms inter_flip_ms=26 drawcalls-since-flip=18 drawcalls-total=92952 fail-total=0 null-skips-total=0
[12:34:32] [info] flip-probe: flip #1130 ok=true present=2ms inter_flip_ms=31 drawcalls-since-flip=17 drawcalls-total=93122 fail-total=0 null-skips-total=0
[12:34:33] [info] flip-probe: flip #1140 ok=true present=3ms inter_flip_ms=28 drawcalls-since-flip=16 drawcalls-total=93286 fail-total=0 null-skips-total=0
[12:34:33] [info] flip-probe: flip #1150 ok=true present=3ms inter_flip_ms=31 drawcalls-since-flip=17 drawcalls-total=93456 fail-total=0 null-skips-total=0
[12:34:33] [info] flip-probe: flip #1160 ok=true present=3ms inter_flip_ms=27 drawcalls-since-flip=16 drawcalls-total=93617 fail-total=0 null-skips-total=0
[12:34:34] [info] flip-probe: flip #1170 ok=true present=3ms inter_flip_ms=27 drawcalls-since-flip=16 drawcalls-total=93777 fail-total=0 null-skips-total=0
[12:34:34] [info] backdrop cache: thrashing-detect engaged (streak=244, route=direct)
[12:34:34] [info] flip-probe: flip #1180 ok=true present=3ms inter_flip_ms=29 drawcalls-since-flip=16 drawcalls-total=93937 fail-total=0 null-skips-total=0
[12:34:34] [info] flip-probe: flip #1190 ok=true present=3ms inter_flip_ms=27 drawcalls-since-flip=16 drawcalls-total=94097 fail-total=0 null-skips-total=0
[12:34:34] [info] flip-probe: flip #1200 ok=true present=2ms inter_flip_ms=30 drawcalls-since-flip=16 drawcalls-total=94257 fail-total=0 null-skips-total=0
[12:34:34] [info] alpha audit block 0: 1565 total drawcalls, 0 with alpha<255 (block pct_x10=0; global 0/87928 pct_x10=0); alpha-mod skipped: block=0 global=0
[12:34:34] [info] fastpath audit block 0: taken=1565 (idx8=1565) skipped=0 pct_x10=1000; global taken=87928 (idx8=87928) skipped=0 pct_x10=1000
[12:34:35] [info] primitive tally block 0: clear=200(hr=200) fill=0(hr=0) rect=0(hr=0) line=0(hr=0) tint=0 spotlight=0 (over 100 flips ending at flip 1200)
[12:34:35] [info] phase timing block 0: drawcalls=1765 dc_total_ms=479 flip_inner_total_ms=408 inter_flip_total_ms=2929 (per-flip avg x10: dc_ms=47 fi_ms=40 if_ms=292 derived audio+engine_ms=205; per-drawcall avg us_x10=2714) [direct-vesa: presents=100 total_ms=267 avg_ms_x10=26 failed=0] [ablation: NO_DC_TIMING=0 CACHE_WINSURF=0 DIRECT_VESA=1]
[12:34:35] [info] kbd/audio block 0: kbd_irq=0 kbd_drain=0 ring_chunks=16 pump_pass=1963 pic1_mask=0xb8 first_irq_ticks=0 install_ticks=0 vector_at_install=0x0083a088 pic1_mask_live=0x38 kbd_8042_stat=0x34 bios_kbd_head=0x0022 bios_kbd_tail=0x0022 bios_kbd_buf0=0x1c0d
[12:34:35] [info] dirty-rect block @flip=1200: total_calls=0 dirty_rects_avg=1 dirty_pct_x10=1000 forced_full=0 first_n_force=0 threshold_exceeded=0 dirty_path_taken=0 full_flush_taken=0
[12:34:35] [info] prev-frame-diff block @flip=1200: diff_calls=0 diff_rects_avg=0 diff_dirty_pct_x10=0 bbox_pct_x10=0 bbox_thresh_exceeded=0
[12:34:35] [info] flip-probe: flip #1210 ok=true present=3ms inter_flip_ms=31 drawcalls-since-flip=22 drawcalls-total=94500 fail-total=0 null-skips-total=0
[12:34:35] [info] flip-probe: flip #1220 ok=true present=2ms inter_flip_ms=32 drawcalls-since-flip=20 drawcalls-total=94702 fail-total=0 null-skips-total=0
[12:34:35] [info] flip-probe: flip #1230 ok=true present=3ms inter_flip_ms=28 drawcalls-since-flip=20 drawcalls-total=94891 fail-total=0 null-skips-total=0
[12:34:35] [info] backdrop cache: thrashing-detect engaged (streak=304, route=direct)
[12:34:36] [info] flip-probe: flip #1240 ok=true present=3ms inter_flip_ms=31 drawcalls-since-flip=20 drawcalls-total=95082 fail-total=0 null-skips-total=0
[12:34:36] [info] flip-probe: flip #1250 ok=true present=3ms inter_flip_ms=28 drawcalls-since-flip=17 drawcalls-total=95270 fail-total=0 null-skips-total=0
[12:34:36] [info] flip-probe: flip #1260 ok=true present=3ms inter_flip_ms=48 drawcalls-since-flip=305 drawcalls-total=97510 fail-total=0 null-skips-total=0
[12:34:37] [info]  >> Entering stage 15: 'Reservoir'.
[12:34:37] [info] [skip-sheet-flush] cave=6
[12:34:37] [info] [load-stage] preloading entry music song=9 (cave=6)
[12:34:37] [info] gameloop: entered (curmap=15, running=1)
[12:34:37] [info] gameloop: iter 1 ticks=66909 mapno=-1
[12:34:37] [info] mds-clear-lut: rebuilt N=240 entries (k_skip=13% k_keep=87%; curmap=15 map_size=40x20; rebuild #4 since boot)
[12:34:37] [info] gameloop: iter 2 ticks=66979 mapno=-1
[12:34:37] [info] gameloop: iter 3 ticks=67039 mapno=-1
[12:34:37] [info] flip-probe: flip #1270 ok=true present=3ms inter_flip_ms=51 drawcalls-since-flip=336 drawcalls-total=100415 fail-total=0 null-skips-total=0
[12:34:38] [info] run_tick_fixed #2100: heartbeat (loop alive)
[12:34:38] [info] flip-probe: flip #1280 ok=true present=3ms inter_flip_ms=31 drawcalls-since-flip=51 drawcalls-total=102290 fail-total=0 null-skips-total=0
[12:34:38] [info] flip-probe: flip #1290 ok=true present=3ms inter_flip_ms=30 drawcalls-since-flip=32 drawcalls-total=102599 fail-total=0 null-skips-total=0
[12:34:38] [info] flip-probe: flip #1300 ok=true present=3ms inter_flip_ms=30 drawcalls-since-flip=32 drawcalls-total=102919 fail-total=0 null-skips-total=0
[12:34:38] [info] alpha audit block 0: 8247 total drawcalls, 0 with alpha<255 (block pct_x10=0; global 0/96175 pct_x10=0); alpha-mod skipped: block=0 global=0
[12:34:38] [info] fastpath audit block 0: taken=8247 (idx8=8247) skipped=0 pct_x10=1000; global taken=96175 (idx8=96175) skipped=0 pct_x10=1000
[12:34:38] [info] primitive tally block 0: clear=201(hr=201) fill=0(hr=0) rect=0(hr=0) line=0(hr=0) tint=0 spotlight=0 (over 100 flips ending at flip 1300)
[12:34:38] [info] color/alpha audit block 0: cmod_white=315 cmod_black=315 (idx=315) cmod_general=0 (idx=0) cmod_fb=0; alpha_taken=0 alpha_skipped=0 (global cmod=6537/4995/693/0 idx=4995/693 alpha=0/0)
[12:34:38] [info] phase timing block 0: drawcalls=9113 dc_total_ms=980 flip_inner_total_ms=411 inter_flip_total_ms=3825 (per-flip avg x10: dc_ms=98 fi_ms=41 if_ms=382 derived audio+engine_ms=243; per-drawcall avg us_x10=1076) [direct-vesa: presents=100 total_ms=266 avg_ms_x10=26 failed=0] [ablation: NO_DC_TIMING=0 CACHE_WINSURF=0 DIRECT_VESA=1]
[12:34:38] [info] kbd/audio block 0: kbd_irq=0 kbd_drain=0 ring_chunks=16 pump_pass=2134 pic1_mask=0xb8 first_irq_ticks=0 install_ticks=0 vector_at_install=0x0083a088 pic1_mask_live=0x38 kbd_8042_stat=0x34 bios_kbd_head=0x0022 bios_kbd_tail=0x0022 bios_kbd_buf0=0x1c0d
[12:34:38] [info] dirty-rect block @flip=1300: total_calls=0 dirty_rects_avg=1 dirty_pct_x10=1000 forced_full=0 first_n_force=0 threshold_exceeded=0 dirty_path_taken=0 full_flush_taken=0
[12:34:38] [info] prev-frame-diff block @flip=1300: diff_calls=0 diff_rects_avg=0 diff_dirty_pct_x10=0 bbox_pct_x10=0 bbox_thresh_exceeded=0
[12:34:39] [info] flip-probe: flip #1310 ok=true present=3ms inter_flip_ms=28 drawcalls-since-flip=32 drawcalls-total=103239 fail-total=0 null-skips-total=0
[12:34:39] [info] flip-probe: flip #1320 ok=true present=3ms inter_flip_ms=39 drawcalls-since-flip=34 drawcalls-total=103563 fail-total=0 null-skips-total=0
[12:34:39] [info] backdrop cache: thrashing-detect engaged (streak=4, route=direct)
[12:34:39] [info] flip-probe: flip #1330 ok=true present=3ms inter_flip_ms=30 drawcalls-since-flip=34 drawcalls-total=103907 fail-total=0 null-skips-total=0
[12:34:40] [info] flip-probe: flip #1340 ok=true present=3ms inter_flip_ms=31 drawcalls-since-flip=33 drawcalls-total=104252 fail-total=0 null-skips-total=0
[12:34:40] [info] flip-probe: flip #1350 ok=true present=3ms inter_flip_ms=31 drawcalls-since-flip=32 drawcalls-total=104573 fail-total=0 null-skips-total=0
[12:34:40] [info] flip-probe: flip #1360 ok=true present=3ms inter_flip_ms=31 drawcalls-since-flip=32 drawcalls-total=104893 fail-total=0 null-skips-total=0
[12:34:41] [info] flip-probe: flip #1370 ok=true present=3ms inter_flip_ms=29 drawcalls-since-flip=32 drawcalls-total=105213 fail-total=0 null-skips-total=0
[12:34:41] [info] flip-probe: flip #1380 ok=true present=3ms inter_flip_ms=29 drawcalls-since-flip=32 drawcalls-total=105533 fail-total=0 null-skips-total=0
[12:34:41] [info] tas: stall frame 161 ms -> contributing 1 tick (patch 0286)
[12:34:41] [info] backdrop cache: thrashing-detect engaged (streak=64, route=direct)
[12:34:41] [info] flip-probe: flip #1390 ok=true present=2ms inter_flip_ms=29 drawcalls-since-flip=16 drawcalls-total=105779 fail-total=0 null-skips-total=0
[12:34:42] [info] flip-probe: flip #1400 ok=true present=3ms inter_flip_ms=30 drawcalls-since-flip=16 drawcalls-total=105939 fail-total=0 null-skips-total=0
[12:34:42] [info] alpha audit block 0: 2155 total drawcalls, 0 with alpha<255 (block pct_x10=0; global 0/98330 pct_x10=0); alpha-mod skipped: block=0 global=0
[12:34:42] [info] fastpath audit block 0: taken=2155 (idx8=2155) skipped=0 pct_x10=1000; global taken=98330 (idx8=98330) skipped=0 pct_x10=1000
[12:34:42] [info] primitive tally block 0: clear=200(hr=200) fill=0(hr=0) rect=0(hr=0) line=0(hr=0) tint=0 spotlight=0 (over 100 flips ending at flip 1400)
[12:34:42] [info] color/alpha audit block 0: cmod_white=765 cmod_black=765 (idx=765) cmod_general=0 (idx=0) cmod_fb=0; alpha_taken=0 alpha_skipped=0 (global cmod=7302/5760/693/0 idx=5760/693 alpha=0/0)
[12:34:42] [info] phase timing block 0: drawcalls=3906 dc_total_ms=618 flip_inner_total_ms=408 inter_flip_total_ms=3294 (per-flip avg x10: dc_ms=61 fi_ms=40 if_ms=329 derived audio+engine_ms=228; per-drawcall avg us_x10=1583) [direct-vesa: presents=100 total_ms=265 avg_ms_x10=26 failed=0] [ablation: NO_DC_TIMING=0 CACHE_WINSURF=0 DIRECT_VESA=1]
[12:34:42] [info] kbd/audio block 0: kbd_irq=0 kbd_drain=0 ring_chunks=16 pump_pass=2291 pic1_mask=0xb8 first_irq_ticks=0 install_ticks=0 vector_at_install=0x0083a088 pic1_mask_live=0x38 kbd_8042_stat=0x34 bios_kbd_head=0x0022 bios_kbd_tail=0x0022 bios_kbd_buf0=0x1c0d
[12:34:42] [info] dirty-rect block @flip=1400: total_calls=0 dirty_rects_avg=1 dirty_pct_x10=1000 forced_full=0 first_n_force=0 threshold_exceeded=0 dirty_path_taken=0 full_flush_taken=0
[12:34:42] [info] prev-frame-diff block @flip=1400: diff_calls=0 diff_rects_avg=0 diff_dirty_pct_x10=0 bbox_pct_x10=0 bbox_thresh_exceeded=0
[12:34:42] [info] flip-probe: flip #1410 ok=true present=3ms inter_flip_ms=27 drawcalls-since-flip=17 drawcalls-total=106109 fail-total=0 null-skips-total=0
[12:34:42] [info] flip-probe: flip #1420 ok=true present=3ms inter_flip_ms=29 drawcalls-since-flip=17 drawcalls-total=106284 fail-total=0 null-skips-total=0
[12:34:42] [info] flip-probe: flip #1430 ok=true present=3ms inter_flip_ms=30 drawcalls-since-flip=18 drawcalls-total=106463 fail-total=0 null-skips-total=0
[12:34:43] [info] flip-probe: flip #1440 ok=true present=3ms inter_flip_ms=26 drawcalls-since-flip=18 drawcalls-total=106643 fail-total=0 null-skips-total=0
[12:34:43] [info] backdrop cache: thrashing-detect engaged (streak=124, route=direct)
[12:34:43] [info] flip-probe: flip #1450 ok=true present=3ms inter_flip_ms=27 drawcalls-since-flip=18 drawcalls-total=106823 fail-total=0 null-skips-total=0
[12:34:43] [info] flip-probe: flip #1460 ok=true present=3ms inter_flip_ms=28 drawcalls-since-flip=17 drawcalls-total=107002 fail-total=0 null-skips-total=0
[12:34:44] [info] tas: stall frame 246 ms -> contributing 1 tick (patch 0286)
[12:34:44] [info] flip-probe: flip #1470 ok=true present=3ms inter_flip_ms=28 drawcalls-since-flip=17 drawcalls-total=107172 fail-total=0 null-skips-total=0
[12:34:44] [info] run_tick_fixed #2400: heartbeat (loop alive)
[12:34:44] [info] flip-probe: flip #1480 ok=true present=3ms inter_flip_ms=28 drawcalls-since-flip=16 drawcalls-total=107338 fail-total=0 null-skips-total=0
[12:34:44] [info] flip-probe: flip #1490 ok=true present=3ms inter_flip_ms=28 drawcalls-since-flip=15 drawcalls-total=107495 fail-total=0 null-skips-total=0
[12:34:45] [info] flip-probe: flip #1500 ok=true present=3ms inter_flip_ms=28 drawcalls-since-flip=15 drawcalls-total=107645 fail-total=0 null-skips-total=0
[12:34:45] [info] alpha audit block 0: 1606 total drawcalls, 0 with alpha<255 (block pct_x10=0; global 0/99936 pct_x10=0); alpha-mod skipped: block=0 global=0
[12:34:45] [info] fastpath audit block 0: taken=1606 (idx8=1606) skipped=0 pct_x10=1000; global taken=99936 (idx8=99936) skipped=0 pct_x10=1000
[12:34:45] [info] primitive tally block 0: clear=200(hr=200) fill=0(hr=0) rect=0(hr=0) line=0(hr=0) tint=0 spotlight=0 (over 100 flips ending at flip 1500)
[12:34:45] [info] phase timing block 0: drawcalls=1806 dc_total_ms=452 flip_inner_total_ms=615 inter_flip_total_ms=3155 (per-flip avg x10: dc_ms=45 fi_ms=61 if_ms=315 derived audio+engine_ms=209; per-drawcall avg us_x10=2503) [direct-vesa: presents=100 total_ms=269 avg_ms_x10=26 failed=0] [ablation: NO_DC_TIMING=0 CACHE_WINSURF=0 DIRECT_VESA=1]
[12:34:45] [info] kbd/audio block 0: kbd_irq=0 kbd_drain=0 ring_chunks=16 pump_pass=2438 pic1_mask=0xb8 first_irq_ticks=0 install_ticks=0 vector_at_install=0x0083a088 pic1_mask_live=0x38 kbd_8042_stat=0x34 bios_kbd_head=0x0022 bios_kbd_tail=0x0022 bios_kbd_buf0=0x1c0d
[12:34:45] [info] dirty-rect block @flip=1500: total_calls=0 dirty_rects_avg=1 dirty_pct_x10=1000 forced_full=0 first_n_force=0 threshold_exceeded=0 dirty_path_taken=0 full_flush_taken=0
[12:34:45] [info] prev-frame-diff block @flip=1500: diff_calls=0 diff_rects_avg=0 diff_dirty_pct_x10=0 bbox_pct_x10=0 bbox_thresh_exceeded=0
[12:34:45] [info] backdrop cache: thrashing-detect engaged (streak=184, route=direct)
[12:34:45] [info] flip-probe: flip #1510 ok=true present=3ms inter_flip_ms=26 drawcalls-since-flip=16 drawcalls-total=107808 fail-total=0 null-skips-total=0
[12:34:45] [info] flip-probe: flip #1520 ok=true present=3ms inter_flip_ms=28 drawcalls-since-flip=17 drawcalls-total=107975 fail-total=0 null-skips-total=0
[12:34:46] [info] flip-probe: flip #1530 ok=true present=2ms inter_flip_ms=29 drawcalls-since-flip=17 drawcalls-total=108145 fail-total=0 null-skips-total=0
[12:34:46] [info] flip-probe: flip #1540 ok=true present=2ms inter_flip_ms=29 drawcalls-since-flip=16 drawcalls-total=108312 fail-total=0 null-skips-total=0
[12:34:46] [info] flip-probe: flip #1550 ok=true present=3ms inter_flip_ms=30 drawcalls-since-flip=14 drawcalls-total=108459 fail-total=0 null-skips-total=0
[12:34:47] [info] flip-probe: flip #1560 ok=true present=3ms inter_flip_ms=27 drawcalls-since-flip=15 drawcalls-total=108601 fail-total=0 null-skips-total=0
[12:34:47] [info] backdrop cache: thrashing-detect engaged (streak=244, route=direct)
[12:34:47] [info] flip-probe: flip #1570 ok=true present=2ms inter_flip_ms=30 drawcalls-since-flip=15 drawcalls-total=108751 fail-total=0 null-skips-total=0
[12:34:47] [info] flip-probe: flip #1580 ok=true present=3ms inter_flip_ms=31 drawcalls-since-flip=14 drawcalls-total=108898 fail-total=0 null-skips-total=0
[12:34:47] [info] flip-probe: flip #1590 ok=true present=2ms inter_flip_ms=32 drawcalls-since-flip=14 drawcalls-total=109038 fail-total=0 null-skips-total=0
[12:34:48] [info] flip-probe: flip #1600 ok=true present=3ms inter_flip_ms=32 drawcalls-since-flip=23 drawcalls-total=109243 fail-total=0 null-skips-total=0
[12:34:48] [info] alpha audit block 0: 1498 total drawcalls, 0 with alpha<255 (block pct_x10=0; global 0/101434 pct_x10=0); alpha-mod skipped: block=0 global=0
[12:34:48] [info] fastpath audit block 0: taken=1498 (idx8=1498) skipped=0 pct_x10=1000; global taken=101434 (idx8=101434) skipped=0 pct_x10=1000
[12:34:48] [info] primitive tally block 0: clear=200(hr=200) fill=0(hr=0) rect=0(hr=0) line=0(hr=0) tint=0 spotlight=0 (over 100 flips ending at flip 1600)
[12:34:48] [info] phase timing block 0: drawcalls=1698 dc_total_ms=442 flip_inner_total_ms=413 inter_flip_total_ms=2988 (per-flip avg x10: dc_ms=44 fi_ms=41 if_ms=298 derived audio+engine_ms=213; per-drawcall avg us_x10=2606) [direct-vesa: presents=100 total_ms=268 avg_ms_x10=26 failed=0] [ablation: NO_DC_TIMING=0 CACHE_WINSURF=0 DIRECT_VESA=1]
[12:34:48] [info] kbd/audio block 0: kbd_irq=0 kbd_drain=0 ring_chunks=16 pump_pass=2587 pic1_mask=0xb8 first_irq_ticks=0 install_ticks=0 vector_at_install=0x0083a088 pic1_mask_live=0x38 kbd_8042_stat=0x34 bios_kbd_head=0x0022 bios_kbd_tail=0x0022 bios_kbd_buf0=0x1c0d
[12:34:48] [info] dirty-rect block @flip=1600: total_calls=0 dirty_rects_avg=1 dirty_pct_x10=1000 forced_full=0 first_n_force=0 threshold_exceeded=0 dirty_path_taken=0 full_flush_taken=0
[12:34:48] [info] prev-frame-diff block @flip=1600: diff_calls=0 diff_rects_avg=0 diff_dirty_pct_x10=0 bbox_pct_x10=0 bbox_thresh_exceeded=0
[12:34:48] [info] flip-probe: flip #1610 ok=true present=3ms inter_flip_ms=30 drawcalls-since-flip=22 drawcalls-total=109490 fail-total=0 null-skips-total=0
[12:34:48] [info] flip-probe: flip #1620 ok=true present=3ms inter_flip_ms=31 drawcalls-since-flip=23 drawcalls-total=109726 fail-total=0 null-skips-total=0
[12:34:48] [info] backdrop cache: thrashing-detect engaged (streak=304, route=direct)
[12:34:49] [info] flip-probe: flip #1630 ok=true present=2ms inter_flip_ms=28 drawcalls-since-flip=19 drawcalls-total=109943 fail-total=0 null-skips-total=0
[12:34:49] [info] flip-probe: flip #1640 ok=true present=3ms inter_flip_ms=28 drawcalls-since-flip=15 drawcalls-total=110108 fail-total=0 null-skips-total=0
[12:34:49] [info] flip-probe: flip #1650 ok=true present=3ms inter_flip_ms=29 drawcalls-since-flip=14 drawcalls-total=110254 fail-total=0 null-skips-total=0
[12:34:50] [info] flip-probe: flip #1660 ok=true present=2ms inter_flip_ms=29 drawcalls-since-flip=14 drawcalls-total=110394 fail-total=0 null-skips-total=0
[12:34:50] [info] flip-probe: flip #1670 ok=true present=3ms inter_flip_ms=28 drawcalls-since-flip=14 drawcalls-total=110534 fail-total=0 null-skips-total=0
[12:34:50] [info] flip-probe: flip #1680 ok=true present=3ms inter_flip_ms=34 drawcalls-since-flip=123 drawcalls-total=110783 fail-total=0 null-skips-total=0
[12:34:50] [info] backdrop cache: thrashing-detect engaged (streak=364, route=direct)
[12:34:51] [info] flip-probe: flip #1690 ok=true present=3ms inter_flip_ms=49 drawcalls-since-flip=318 drawcalls-total=113348 fail-total=0 null-skips-total=0
[12:34:51] [info]  >> Entering stage 11: 'Mimiga Village'.
[12:34:51] [info] [skip-sheet-flush] cave=7
[12:34:51] [info] [load-stage] preloading entry music song=9 (cave=7)
[12:34:51] [info] gameloop: entered (curmap=11, running=1)
[12:34:51] [info] gameloop: iter 1 ticks=81006 mapno=-1
[12:34:51] [info] mds-clear-lut: rebuilt N=240 entries (k_skip=0% k_keep=100%; curmap=11 map_size=60x60; rebuild #5 since boot)
[12:34:51] [info] gameloop: iter 2 ticks=81072 mapno=-1
[12:34:51] [info] gameloop: iter 3 ticks=81132 mapno=-1
[12:34:51] [info] flip-probe: flip #1700 ok=true present=2ms inter_flip_ms=50 drawcalls-since-flip=331 drawcalls-total=116291 fail-total=0 null-skips-total=0
[12:34:51] [info] alpha audit block 0: 6870 total drawcalls, 0 with alpha<255 (block pct_x10=0; global 0/108304 pct_x10=0); alpha-mod skipped: block=0 global=0
[12:34:51] [info] fastpath audit block 0: taken=6870 (idx8=6870) skipped=0 pct_x10=1000; global taken=108304 (idx8=108304) skipped=0 pct_x10=1000
[12:34:52] [info] primitive tally block 0: clear=201(hr=201) fill=0(hr=0) rect=0(hr=0) line=0(hr=0) tint=0 spotlight=0 (over 100 flips ending at flip 1700)
[12:34:52] [info] color/alpha audit block 0: cmod_white=78 cmod_black=78 (idx=78) cmod_general=0 (idx=0) cmod_fb=0; alpha_taken=0 alpha_skipped=0 (global cmod=7380/5838/693/0 idx=5838/693 alpha=0/0)
[12:34:52] [info] phase timing block 0: drawcalls=7233 dc_total_ms=748 flip_inner_total_ms=407 inter_flip_total_ms=3712 (per-flip avg x10: dc_ms=74 fi_ms=40 if_ms=371 derived audio+engine_ms=257; per-drawcall avg us_x10=1034) [direct-vesa: presents=100 total_ms=267 avg_ms_x10=26 failed=0] [ablation: NO_DC_TIMING=0 CACHE_WINSURF=0 DIRECT_VESA=1]
[12:34:52] [info] kbd/audio block 0: kbd_irq=0 kbd_drain=0 ring_chunks=16 pump_pass=2750 pic1_mask=0xb8 first_irq_ticks=0 install_ticks=0 vector_at_install=0x0083a088 pic1_mask_live=0x38 kbd_8042_stat=0x34 bios_kbd_head=0x0022 bios_kbd_tail=0x0022 bios_kbd_buf0=0x1c0d
[12:34:52] [info] dirty-rect block @flip=1700: total_calls=0 dirty_rects_avg=1 dirty_pct_x10=1000 forced_full=0 first_n_force=0 threshold_exceeded=0 dirty_path_taken=0 full_flush_taken=0
[12:34:52] [info] prev-frame-diff block @flip=1700: diff_calls=0 diff_rects_avg=0 diff_dirty_pct_x10=0 bbox_pct_x10=0 bbox_thresh_exceeded=0
[12:34:52] [info] flip-probe: flip #1710 ok=true present=3ms inter_flip_ms=32 drawcalls-since-flip=42 drawcalls-total=117587 fail-total=0 null-skips-total=0
[12:34:52] [info] flip-probe: flip #1720 ok=true present=3ms inter_flip_ms=29 drawcalls-since-flip=42 drawcalls-total=118007 fail-total=0 null-skips-total=0
[12:34:52] [info] flip-probe: flip #1730 ok=true present=3ms inter_flip_ms=31 drawcalls-since-flip=42 drawcalls-total=118427 fail-total=0 null-skips-total=0
[12:34:53] [info] flip-probe: flip #1740 ok=true present=3ms inter_flip_ms=29 drawcalls-since-flip=42 drawcalls-total=118847 fail-total=0 null-skips-total=0
[12:34:53] [info] flip-probe: flip #1750 ok=true present=3ms inter_flip_ms=33 drawcalls-since-flip=53 drawcalls-total=119322 fail-total=0 null-skips-total=0
[12:34:53] [info] backdrop cache: thrashing-detect engaged (streak=4, route=direct)
[12:34:54] [info] flip-probe: flip #1760 ok=true present=3ms inter_flip_ms=32 drawcalls-since-flip=48 drawcalls-total=119840 fail-total=0 null-skips-total=0
[12:34:54] [info] flip-probe: flip #1770 ok=true present=3ms inter_flip_ms=31 drawcalls-since-flip=47 drawcalls-total=120312 fail-total=0 null-skips-total=0
[12:34:54] [info] flip-probe: flip #1780 ok=true present=3ms inter_flip_ms=29 drawcalls-since-flip=46 drawcalls-total=120766 fail-total=0 null-skips-total=0
[12:34:54] [info] flip-probe: flip #1790 ok=true present=3ms inter_flip_ms=29 drawcalls-since-flip=43 drawcalls-total=121220 fail-total=0 null-skips-total=0
[12:34:55] [info] flip-probe: flip #1800 ok=true present=3ms inter_flip_ms=31 drawcalls-since-flip=44 drawcalls-total=121654 fail-total=0 null-skips-total=0
[12:34:55] [info] alpha audit block 0: 3963 total drawcalls, 0 with alpha<255 (block pct_x10=0; global 0/112267 pct_x10=0); alpha-mod skipped: block=0 global=0
[12:34:55] [info] fastpath audit block 0: taken=3963 (idx8=3963) skipped=0 pct_x10=1000; global taken=112267 (idx8=112267) skipped=0 pct_x10=1000
[12:34:55] [info] primitive tally block 0: clear=200(hr=200) fill=0(hr=0) rect=0(hr=0) line=0(hr=0) tint=0 spotlight=0 (over 100 flips ending at flip 1800)
[12:34:55] [info] color/alpha audit block 0: cmod_white=1300 cmod_black=1300 (idx=1300) cmod_general=0 (idx=0) cmod_fb=0; alpha_taken=0 alpha_skipped=0 (global cmod=8680/7138/693/0 idx=7138/693 alpha=0/0)
[12:34:55] [info] phase timing block 0: drawcalls=6821 dc_total_ms=915 flip_inner_total_ms=419 inter_flip_total_ms=3342 (per-flip avg x10: dc_ms=91 fi_ms=41 if_ms=334 derived audio+engine_ms=202; per-drawcall avg us_x10=1341) [direct-vesa: presents=100 total_ms=268 avg_ms_x10=26 failed=0] [ablation: NO_DC_TIMING=0 CACHE_WINSURF=0 DIRECT_VESA=1]
[12:34:55] [info] kbd/audio block 0: kbd_irq=0 kbd_drain=0 ring_chunks=16 pump_pass=2919 pic1_mask=0xb8 first_irq_ticks=0 install_ticks=0 vector_at_install=0x0083a088 pic1_mask_live=0x38 kbd_8042_stat=0x34 bios_kbd_head=0x0022 bios_kbd_tail=0x0022 bios_kbd_buf0=0x1c0d
[12:34:55] [info] dirty-rect block @flip=1800: total_calls=0 dirty_rects_avg=1 dirty_pct_x10=1000 forced_full=0 first_n_force=0 threshold_exceeded=0 dirty_path_taken=0 full_flush_taken=0
[12:34:55] [info] prev-frame-diff block @flip=1800: diff_calls=0 diff_rects_avg=0 diff_dirty_pct_x10=0 bbox_pct_x10=0 bbox_thresh_exceeded=0
[12:34:55] [info] flip-probe: flip #1810 ok=true present=3ms inter_flip_ms=31 drawcalls-since-flip=44 drawcalls-total=122096 fail-total=0 null-skips-total=0
[12:34:55] [info] backdrop cache: thrashing-detect engaged (streak=64, route=direct)
[12:34:56] [info] flip-probe: flip #1820 ok=true present=2ms inter_flip_ms=30 drawcalls-since-flip=21 drawcalls-total=122383 fail-total=0 null-skips-total=0
[12:34:56] [info] flip-probe: flip #1830 ok=true present=3ms inter_flip_ms=32 drawcalls-since-flip=19 drawcalls-total=122580 fail-total=0 null-skips-total=0
[12:34:56] [info] flip-probe: flip #1840 ok=true present=3ms inter_flip_ms=30 drawcalls-since-flip=19 drawcalls-total=122770 fail-total=0 null-skips-total=0
[12:34:56] [info] flip-probe: flip #1850 ok=true present=2ms inter_flip_ms=33 drawcalls-since-flip=19 drawcalls-total=122960 fail-total=0 null-skips-total=0
[12:34:57] [info] flip-probe: flip #1860 ok=true present=3ms inter_flip_ms=30 drawcalls-since-flip=19 drawcalls-total=123150 fail-total=0 null-skips-total=0
[12:34:57] [info] flip-probe: flip #1870 ok=true present=3ms inter_flip_ms=32 drawcalls-since-flip=19 drawcalls-total=123340 fail-total=0 null-skips-total=0
[12:34:57] [info] backdrop cache: thrashing-detect engaged (streak=124, route=direct)
[12:34:57] [info] flip-probe: flip #1880 ok=true present=3ms inter_flip_ms=27 drawcalls-since-flip=19 drawcalls-total=123530 fail-total=0 null-skips-total=0
[12:34:58] [info] flip-probe: flip #1890 ok=true present=3ms inter_flip_ms=28 drawcalls-since-flip=18 drawcalls-total=123719 fail-total=0 null-skips-total=0
[12:34:58] [info] flip-probe: flip #1900 ok=true present=3ms inter_flip_ms=31 drawcalls-since-flip=18 drawcalls-total=123899 fail-total=0 null-skips-total=0
[12:34:58] [info] alpha audit block 0: 1963 total drawcalls, 0 with alpha<255 (block pct_x10=0; global 0/114230 pct_x10=0); alpha-mod skipped: block=0 global=0
[12:34:58] [info] fastpath audit block 0: taken=1963 (idx8=1963) skipped=0 pct_x10=1000; global taken=114230 (idx8=114230) skipped=0 pct_x10=1000
[12:34:58] [info] primitive tally block 0: clear=200(hr=200) fill=0(hr=0) rect=0(hr=0) line=0(hr=0) tint=0 spotlight=0 (over 100 flips ending at flip 1900)
[12:34:58] [info] color/alpha audit block 0: cmod_white=182 cmod_black=182 (idx=182) cmod_general=0 (idx=0) cmod_fb=0; alpha_taken=0 alpha_skipped=0 (global cmod=8862/7320/693/0 idx=7320/693 alpha=0/0)
[12:34:58] [info] phase timing block 0: drawcalls=2527 dc_total_ms=508 flip_inner_total_ms=405 inter_flip_total_ms=3142 (per-flip avg x10: dc_ms=50 fi_ms=40 if_ms=314 derived audio+engine_ms=224; per-drawcall avg us_x10=2011) [direct-vesa: presents=100 total_ms=266 avg_ms_x10=26 failed=0] [ablation: NO_DC_TIMING=0 CACHE_WINSURF=0 DIRECT_VESA=1]
[12:34:58] [info] kbd/audio block 0: kbd_irq=0 kbd_drain=0 ring_chunks=16 pump_pass=3076 pic1_mask=0xb8 first_irq_ticks=0 install_ticks=0 vector_at_install=0x0083a088 pic1_mask_live=0x38 kbd_8042_stat=0x34 bios_kbd_head=0x0022 bios_kbd_tail=0x0022 bios_kbd_buf0=0x1c0d
[12:34:58] [info] dirty-rect block @flip=1900: total_calls=0 dirty_rects_avg=1 dirty_pct_x10=1000 forced_full=0 first_n_force=0 threshold_exceeded=0 dirty_path_taken=0 full_flush_taken=0
[12:34:58] [info] prev-frame-diff block @flip=1900: diff_calls=0 diff_rects_avg=0 diff_dirty_pct_x10=0 bbox_pct_x10=0 bbox_thresh_exceeded=0
[12:34:58] [info] flip-probe: flip #1910 ok=true present=3ms inter_flip_ms=31 drawcalls-since-flip=18 drawcalls-total=124079 fail-total=0 null-skips-total=0
[12:34:59] [info] flip-probe: flip #1920 ok=true present=4ms inter_flip_ms=29 drawcalls-since-flip=17 drawcalls-total=124254 fail-total=0 null-skips-total=0
[12:34:59] [info] flip-probe: flip #1930 ok=true present=3ms inter_flip_ms=32 drawcalls-since-flip=17 drawcalls-total=124424 fail-total=0 null-skips-total=0
[12:34:59] [info] backdrop cache: thrashing-detect engaged (streak=184, route=direct)
[12:34:59] [info] flip-probe: flip #1940 ok=true present=3ms inter_flip_ms=31 drawcalls-since-flip=18 drawcalls-total=124598 fail-total=0 null-skips-total=0
[12:35:00] [info] flip-probe: flip #1950 ok=true present=3ms inter_flip_ms=30 drawcalls-since-flip=19 drawcalls-total=124782 fail-total=0 null-skips-total=0
[12:35:00] [info] flip-probe: flip #1960 ok=true present=2ms inter_flip_ms=32 drawcalls-since-flip=19 drawcalls-total=124972 fail-total=0 null-skips-total=0
[12:35:00] [info] flip-probe: flip #1970 ok=true present=2ms inter_flip_ms=32 drawcalls-since-flip=19 drawcalls-total=125162 fail-total=0 null-skips-total=0
[12:35:00] [info] flip-probe: flip #1980 ok=true present=3ms inter_flip_ms=31 drawcalls-since-flip=19 drawcalls-total=125352 fail-total=0 null-skips-total=0
[12:35:01] [info] flip-probe: flip #1990 ok=true present=3ms inter_flip_ms=29 drawcalls-since-flip=18 drawcalls-total=125534 fail-total=0 null-skips-total=0
[12:35:01] [info] backdrop cache: thrashing-detect engaged (streak=244, route=direct)
[12:35:01] [info] flip-probe: flip #2000 ok=true present=2ms inter_flip_ms=35 drawcalls-since-flip=17 drawcalls-total=125712 fail-total=0 null-skips-total=0
[12:35:01] [info] alpha audit block 0: 1713 total drawcalls, 0 with alpha<255 (block pct_x10=0; global 0/115943 pct_x10=0); alpha-mod skipped: block=0 global=0
[12:35:01] [info] fastpath audit block 0: taken=1713 (idx8=1713) skipped=0 pct_x10=1000; global taken=115943 (idx8=115943) skipped=0 pct_x10=1000
[12:35:01] [info] primitive tally block 0: clear=200(hr=200) fill=0(hr=0) rect=0(hr=0) line=0(hr=0) tint=0 spotlight=0 (over 100 flips ending at flip 2000)
[12:35:01] [info] phase timing block 0: drawcalls=1913 dc_total_ms=485 flip_inner_total_ms=416 inter_flip_total_ms=3083 (per-flip avg x10: dc_ms=48 fi_ms=41 if_ms=308 derived audio+engine_ms=219; per-drawcall avg us_x10=2539) [direct-vesa: presents=100 total_ms=267 avg_ms_x10=26 failed=0] [ablation: NO_DC_TIMING=0 CACHE_WINSURF=0 DIRECT_VESA=1]
[12:35:01] [info] kbd/audio block 0: kbd_irq=0 kbd_drain=0 ring_chunks=16 pump_pass=3230 pic1_mask=0xb8 first_irq_ticks=0 install_ticks=0 vector_at_install=0x0083a088 pic1_mask_live=0x38 kbd_8042_stat=0x34 bios_kbd_head=0x0022 bios_kbd_tail=0x0022 bios_kbd_buf0=0x1c0d
[12:35:01] [info] dirty-rect block @flip=2000: total_calls=0 dirty_rects_avg=1 dirty_pct_x10=1000 forced_full=0 first_n_force=0 threshold_exceeded=0 dirty_path_taken=0 full_flush_taken=0
[12:35:01] [info] prev-frame-diff block @flip=2000: diff_calls=0 diff_rects_avg=0 diff_dirty_pct_x10=0 bbox_pct_x10=0 bbox_thresh_exceeded=0
[12:35:01] [info] flip-probe: flip #2010 ok=true present=3ms inter_flip_ms=29 drawcalls-since-flip=18 drawcalls-total=125885 fail-total=0 null-skips-total=0
[12:35:02] [info] flip-probe: flip #2020 ok=true present=3ms inter_flip_ms=32 drawcalls-since-flip=18 drawcalls-total=126065 fail-total=0 null-skips-total=0
[12:35:02] [info] flip-probe: flip #2030 ok=true present=3ms inter_flip_ms=28 drawcalls-since-flip=18 drawcalls-total=126245 fail-total=0 null-skips-total=0
[12:35:02] [info] flip-probe: flip #2040 ok=true present=2ms inter_flip_ms=32 drawcalls-since-flip=19 drawcalls-total=126435 fail-total=0 null-skips-total=0
[12:35:02] [info] run_tick_fixed #3300: heartbeat (loop alive)
[12:35:03] [info] flip-probe: flip #2050 ok=true present=3ms inter_flip_ms=29 drawcalls-since-flip=19 drawcalls-total=126625 fail-total=0 null-skips-total=0
[12:35:03] [info] backdrop cache: thrashing-detect engaged (streak=304, route=direct)
[12:35:03] [info] flip-probe: flip #2060 ok=true present=2ms inter_flip_ms=31 drawcalls-since-flip=19 drawcalls-total=126815 fail-total=0 null-skips-total=0
[12:35:03] [info] flip-probe: flip #2070 ok=true present=3ms inter_flip_ms=29 drawcalls-since-flip=20 drawcalls-total=127010 fail-total=0 null-skips-total=0
[12:35:04] [info] flip-probe: flip #2080 ok=true present=2ms inter_flip_ms=30 drawcalls-since-flip=20 drawcalls-total=127210 fail-total=0 null-skips-total=0
[12:35:04] [info] flip-probe: flip #2090 ok=true present=3ms inter_flip_ms=29 drawcalls-since-flip=20 drawcalls-total=127410 fail-total=0 null-skips-total=0
[12:35:04] [info] tas: stall frame 248 ms -> contributing 1 tick (patch 0286)
[12:35:04] [info] flip-probe: flip #2100 ok=true present=2ms inter_flip_ms=30 drawcalls-since-flip=20 drawcalls-total=127610 fail-total=0 null-skips-total=0
[12:35:04] [info] alpha audit block 0: 1798 total drawcalls, 0 with alpha<255 (block pct_x10=0; global 0/117741 pct_x10=0); alpha-mod skipped: block=0 global=0
[12:35:04] [info] fastpath audit block 0: taken=1798 (idx8=1798) skipped=0 pct_x10=1000; global taken=117741 (idx8=117741) skipped=0 pct_x10=1000
[12:35:04] [info] primitive tally block 0: clear=200(hr=200) fill=0(hr=0) rect=0(hr=0) line=0(hr=0) tint=0 spotlight=0 (over 100 flips ending at flip 2100)
[12:35:04] [info] phase timing block 0: drawcalls=1998 dc_total_ms=488 flip_inner_total_ms=619 inter_flip_total_ms=3320 (per-flip avg x10: dc_ms=48 fi_ms=61 if_ms=332 derived audio+engine_ms=223; per-drawcall avg us_x10=2443) [direct-vesa: presents=100 total_ms=268 avg_ms_x10=26 failed=0] [ablation: NO_DC_TIMING=0 CACHE_WINSURF=0 DIRECT_VESA=1]
[12:35:04] [info] kbd/audio block 0: kbd_irq=0 kbd_drain=0 ring_chunks=16 pump_pass=3384 pic1_mask=0xb8 first_irq_ticks=0 install_ticks=0 vector_at_install=0x0083a088 pic1_mask_live=0x38 kbd_8042_stat=0x34 bios_kbd_head=0x0022 bios_kbd_tail=0x0022 bios_kbd_buf0=0x1c0d
[12:35:04] [info] dirty-rect block @flip=2100: total_calls=0 dirty_rects_avg=1 dirty_pct_x10=1000 forced_full=0 first_n_force=0 threshold_exceeded=0 dirty_path_taken=0 full_flush_taken=0
[12:35:04] [info] prev-frame-diff block @flip=2100: diff_calls=0 diff_rects_avg=0 diff_dirty_pct_x10=0 bbox_pct_x10=0 bbox_thresh_exceeded=0
[12:35:05] [info] flip-probe: flip #2110 ok=true present=3ms inter_flip_ms=31 drawcalls-since-flip=17 drawcalls-total=127798 fail-total=0 null-skips-total=0
[12:35:05] [info] backdrop cache: thrashing-detect engaged (streak=364, route=direct)
[12:35:05] [info] flip-probe: flip #2120 ok=true present=3ms inter_flip_ms=32 drawcalls-since-flip=17 drawcalls-total=127968 fail-total=0 null-skips-total=0
[12:35:05] [info] flip-probe: flip #2130 ok=true present=2ms inter_flip_ms=33 drawcalls-since-flip=17 drawcalls-total=128138 fail-total=0 null-skips-total=0
[12:35:06] [info] flip-probe: flip #2140 ok=true present=3ms inter_flip_ms=29 drawcalls-since-flip=17 drawcalls-total=128308 fail-total=0 null-skips-total=0
[12:35:06] [info] flip-probe: flip #2150 ok=true present=3ms inter_flip_ms=32 drawcalls-since-flip=19 drawcalls-total=128490 fail-total=0 null-skips-total=0
[12:35:06] [info] flip-probe: flip #2160 ok=true present=2ms inter_flip_ms=30 drawcalls-since-flip=18 drawcalls-total=128670 fail-total=0 null-skips-total=0
[12:35:07] [info] flip-probe: flip #2170 ok=true present=3ms inter_flip_ms=32 drawcalls-since-flip=17 drawcalls-total=128841 fail-total=0 null-skips-total=0
[12:35:07] [info] backdrop cache: thrashing-detect engaged (streak=424, route=direct)
[12:35:07] [info] flip-probe: flip #2180 ok=true present=3ms inter_flip_ms=32 drawcalls-since-flip=16 drawcalls-total=129005 fail-total=0 null-skips-total=0
[12:35:07] [info] flip-probe: flip #2190 ok=true present=3ms inter_flip_ms=29 drawcalls-since-flip=17 drawcalls-total=129169 fail-total=0 null-skips-total=0
[12:35:07] [info] flip-probe: flip #2200 ok=true present=3ms inter_flip_ms=30 drawcalls-since-flip=19 drawcalls-total=129345 fail-total=0 null-skips-total=0
[12:35:07] [info] alpha audit block 0: 1635 total drawcalls, 0 with alpha<255 (block pct_x10=0; global 0/119376 pct_x10=0); alpha-mod skipped: block=0 global=0
[12:35:07] [info] fastpath audit block 0: taken=1635 (idx8=1635) skipped=0 pct_x10=1000; global taken=119376 (idx8=119376) skipped=0 pct_x10=1000
[12:35:07] [info] primitive tally block 0: clear=200(hr=200) fill=0(hr=0) rect=0(hr=0) line=0(hr=0) tint=0 spotlight=0 (over 100 flips ending at flip 2200)
[12:35:07] [info] phase timing block 0: drawcalls=1835 dc_total_ms=484 flip_inner_total_ms=409 inter_flip_total_ms=3137 (per-flip avg x10: dc_ms=48 fi_ms=40 if_ms=313 derived audio+engine_ms=225; per-drawcall avg us_x10=2639) [direct-vesa: presents=100 total_ms=266 avg_ms_x10=26 failed=0] [ablation: NO_DC_TIMING=0 CACHE_WINSURF=0 DIRECT_VESA=1]
[12:35:08] [info] kbd/audio block 0: kbd_irq=0 kbd_drain=0 ring_chunks=16 pump_pass=3541 pic1_mask=0xb8 first_irq_ticks=0 install_ticks=0 vector_at_install=0x0083a088 pic1_mask_live=0x38 kbd_8042_stat=0x34 bios_kbd_head=0x0022 bios_kbd_tail=0x0022 bios_kbd_buf0=0x1c0d
[12:35:08] [info] dirty-rect block @flip=2200: total_calls=0 dirty_rects_avg=1 dirty_pct_x10=1000 forced_full=0 first_n_force=0 threshold_exceeded=0 dirty_path_taken=0 full_flush_taken=0
[12:35:08] [info] prev-frame-diff block @flip=2200: diff_calls=0 diff_rects_avg=0 diff_dirty_pct_x10=0 bbox_pct_x10=0 bbox_thresh_exceeded=0
[12:35:08] [info] flip-probe: flip #2210 ok=true present=3ms inter_flip_ms=32 drawcalls-since-flip=21 drawcalls-total=129539 fail-total=0 null-skips-total=0
[12:35:08] [info] flip-probe: flip #2220 ok=true present=3ms inter_flip_ms=30 drawcalls-since-flip=20 drawcalls-total=129746 fail-total=0 null-skips-total=0
[12:35:08] [info] flip-probe: flip #2230 ok=true present=3ms inter_flip_ms=32 drawcalls-since-flip=18 drawcalls-total=129927 fail-total=0 null-skips-total=0
[12:35:09] [info] backdrop cache: thrashing-detect engaged (streak=484, route=direct)
[12:35:09] [info] flip-probe: flip #2240 ok=true present=3ms inter_flip_ms=53 drawcalls-since-flip=355 drawcalls-total=131435 fail-total=0 null-skips-total=0
[12:35:09] [info]  >> Entering stage 19: 'Assembly Hall'.
[12:35:09] [info] [skip-sheet-flush] cave=8
[12:35:10] [info] [load-stage] preloading entry music song=9 (cave=8)
[12:35:10] [info] gameloop: entered (curmap=19, running=1)
[12:35:10] [info] gameloop: iter 1 ticks=99692 mapno=-1
[12:35:10] [info] mds-clear-lut: rebuilt N=240 entries (k_skip=100% k_keep=0%; curmap=19 map_size=21x16; rebuild #6 since boot)
[12:35:10] [info] gameloop: iter 2 ticks=99762 mapno=-1
[12:35:10] [info] gameloop: iter 3 ticks=99825 mapno=-1
[12:35:10] [info] flip-probe: flip #2250 ok=true present=2ms inter_flip_ms=62 drawcalls-since-flip=463 drawcalls-total=134985 fail-total=0 null-skips-total=0
[12:35:10] [info] flip-probe: flip #2260 ok=true present=2ms inter_flip_ms=33 drawcalls-since-flip=123 drawcalls-total=138215 fail-total=0 null-skips-total=0
[12:35:11] [info] flip-probe: flip #2270 ok=true present=3ms inter_flip_ms=33 drawcalls-since-flip=122 drawcalls-total=139402 fail-total=0 null-skips-total=0
[12:35:11] [info] flip-probe: flip #2280 ok=true present=3ms inter_flip_ms=32 drawcalls-since-flip=122 drawcalls-total=140622 fail-total=0 null-skips-total=0
[12:35:11] [info] flip-probe: flip #2290 ok=true present=3ms inter_flip_ms=31 drawcalls-since-flip=122 drawcalls-total=141842 fail-total=0 null-skips-total=0
[12:35:12] [info] flip-probe: flip #2300 ok=true present=3ms inter_flip_ms=34 drawcalls-since-flip=124 drawcalls-total=143070 fail-total=0 null-skips-total=0
[12:35:12] [info] alpha audit block 0: 12989 total drawcalls, 0 with alpha<255 (block pct_x10=0; global 0/132365 pct_x10=0); alpha-mod skipped: block=0 global=0
[12:35:12] [info] fastpath audit block 0: taken=12989 (idx8=12989) skipped=0 pct_x10=1000; global taken=132365 (idx8=132365) skipped=0 pct_x10=1000
[12:35:12] [info] primitive tally block 0: clear=201(hr=201) fill=0(hr=0) rect=0(hr=0) line=0(hr=0) tint=0 spotlight=0 (over 100 flips ending at flip 2300)
[12:35:12] [info] color/alpha audit block 0: cmod_white=636 cmod_black=636 (idx=636) cmod_general=0 (idx=0) cmod_fb=0; alpha_taken=0 alpha_skipped=0 (global cmod=9498/7956/693/0 idx=7956/693 alpha=0/0)
[12:35:12] [info] phase timing block 0: drawcalls=14515 dc_total_ms=1101 flip_inner_total_ms=410 inter_flip_total_ms=4262 (per-flip avg x10: dc_ms=110 fi_ms=41 if_ms=426 derived audio+engine_ms=275; per-drawcall avg us_x10=759) [direct-vesa: presents=100 total_ms=266 avg_ms_x10=26 failed=0] [ablation: NO_DC_TIMING=0 CACHE_WINSURF=0 DIRECT_VESA=1]
[12:35:12] [info] kbd/audio block 0: kbd_irq=0 kbd_drain=0 ring_chunks=16 pump_pass=3725 pic1_mask=0xb8 first_irq_ticks=0 install_ticks=0 vector_at_install=0x0083a088 pic1_mask_live=0x38 kbd_8042_stat=0x34 bios_kbd_head=0x0022 bios_kbd_tail=0x0022 bios_kbd_buf0=0x1c0d
[12:35:12] [info] dirty-rect block @flip=2300: total_calls=0 dirty_rects_avg=1 dirty_pct_x10=1000 forced_full=0 first_n_force=0 threshold_exceeded=0 dirty_path_taken=0 full_flush_taken=0
[12:35:12] [info] prev-frame-diff block @flip=2300: diff_calls=0 diff_rects_avg=0 diff_dirty_pct_x10=0 bbox_pct_x10=0 bbox_thresh_exceeded=0
[12:35:12] [info] flip-probe: flip #2310 ok=true present=3ms inter_flip_ms=32 drawcalls-since-flip=123 drawcalls-total=144314 fail-total=0 null-skips-total=0
[12:35:12] [info] flip-probe: flip #2320 ok=true present=2ms inter_flip_ms=34 drawcalls-since-flip=124 drawcalls-total=145538 fail-total=0 null-skips-total=0
[12:35:13] [info] flip-probe: flip #2330 ok=true present=3ms inter_flip_ms=31 drawcalls-since-flip=123 drawcalls-total=146773 fail-total=0 null-skips-total=0
[12:35:13] [info] flip-probe: flip #2340 ok=true present=3ms inter_flip_ms=31 drawcalls-since-flip=122 drawcalls-total=147993 fail-total=0 null-skips-total=0
[12:35:13] [info] flip-probe: flip #2350 ok=true present=3ms inter_flip_ms=33 drawcalls-since-flip=122 drawcalls-total=149213 fail-total=0 null-skips-total=0
[12:35:14] [info] flip-probe: flip #2360 ok=true present=3ms inter_flip_ms=32 drawcalls-since-flip=122 drawcalls-total=150433 fail-total=0 null-skips-total=0
[12:35:14] [info] flip-probe: flip #2370 ok=true present=2ms inter_flip_ms=31 drawcalls-since-flip=98 drawcalls-total=151581 fail-total=0 null-skips-total=0
[12:35:14] [info] flip-probe: flip #2380 ok=true present=2ms inter_flip_ms=30 drawcalls-since-flip=98 drawcalls-total=152561 fail-total=0 null-skips-total=0
[12:35:15] [info] flip-probe: flip #2390 ok=true present=2ms inter_flip_ms=52 drawcalls-since-flip=438 drawcalls-total=155249 fail-total=0 null-skips-total=0
[12:35:15] [info]  >> Entering stage 11: 'Mimiga Village'.
[12:35:15] [info] [skip-sheet-flush] cave=9
[12:35:16] [info] [load-stage] preloading entry music song=9 (cave=9)
[12:35:16] [info] gameloop: entered (curmap=11, running=1)
[12:35:16] [info] gameloop: iter 1 ticks=105530 mapno=-1
[12:35:16] [info] mds-clear-lut: rebuilt N=240 entries (k_skip=0% k_keep=100%; curmap=11 map_size=60x60; rebuild #7 since boot)
[12:35:16] [info] gameloop: iter 2 ticks=105601 mapno=-1
[12:35:16] [info] gameloop: iter 3 ticks=105673 mapno=-1
[12:35:16] [info] flip-probe: flip #2400 ok=true present=3ms inter_flip_ms=64 drawcalls-since-flip=384 drawcalls-total=159061 fail-total=0 null-skips-total=0
[12:35:16] [info] alpha audit block 0: 15035 total drawcalls, 0 with alpha<255 (block pct_x10=0; global 0/147400 pct_x10=0); alpha-mod skipped: block=0 global=0
[12:35:16] [info] fastpath audit block 0: taken=15035 (idx8=15035) skipped=0 pct_x10=1000; global taken=147400 (idx8=147400) skipped=0 pct_x10=1000
[12:35:16] [info] primitive tally block 0: clear=201(hr=201) fill=0(hr=0) rect=0(hr=0) line=0(hr=0) tint=0 spotlight=0 (over 100 flips ending at flip 2400)
[12:35:16] [info] color/alpha audit block 0: cmod_white=856 cmod_black=856 (idx=856) cmod_general=0 (idx=0) cmod_fb=0; alpha_taken=0 alpha_skipped=0 (global cmod=10354/8812/693/0 idx=8812/693 alpha=0/0)
[12:35:16] [info] phase timing block 0: drawcalls=17048 dc_total_ms=1269 flip_inner_total_ms=411 inter_flip_total_ms=4168 (per-flip avg x10: dc_ms=126 fi_ms=41 if_ms=416 derived audio+engine_ms=249; per-drawcall avg us_x10=744) [direct-vesa: presents=100 total_ms=267 avg_ms_x10=26 failed=0] [ablation: NO_DC_TIMING=0 CACHE_WINSURF=0 DIRECT_VESA=1]
[12:35:16] [info] kbd/audio block 0: kbd_irq=0 kbd_drain=0 ring_chunks=16 pump_pass=3902 pic1_mask=0xb8 first_irq_ticks=0 install_ticks=0 vector_at_install=0x0083a088 pic1_mask_live=0x38 kbd_8042_stat=0x34 bios_kbd_head=0x0022 bios_kbd_tail=0x0022 bios_kbd_buf0=0x1c0d
[12:35:16] [info] dirty-rect block @flip=2400: total_calls=0 dirty_rects_avg=1 dirty_pct_x10=1000 forced_full=0 first_n_force=0 threshold_exceeded=0 dirty_path_taken=0 full_flush_taken=0
[12:35:16] [info] prev-frame-diff block @flip=2400: diff_calls=0 diff_rects_avg=0 diff_dirty_pct_x10=0 bbox_pct_x10=0 bbox_thresh_exceeded=0
[12:35:16] [info] backdrop cache: thrashing-detect engaged (streak=4, route=direct)
[12:35:16] [info] flip-probe: flip #2410 ok=true present=2ms inter_flip_ms=31 drawcalls-since-flip=32 drawcalls-total=160517 fail-total=0 null-skips-total=0
[12:35:17] [info] flip-probe: flip #2420 ok=true present=3ms inter_flip_ms=32 drawcalls-since-flip=45 drawcalls-total=160961 fail-total=0 null-skips-total=0
[12:35:17] [info] flip-probe: flip #2430 ok=true present=3ms inter_flip_ms=34 drawcalls-since-flip=46 drawcalls-total=161422 fail-total=0 null-skips-total=0
[12:35:17] [info] flip-probe: flip #2440 ok=true present=3ms inter_flip_ms=31 drawcalls-since-flip=42 drawcalls-total=161850 fail-total=0 null-skips-total=0
[12:35:18] [info] flip-probe: flip #2450 ok=true present=3ms inter_flip_ms=33 drawcalls-since-flip=43 drawcalls-total=162278 fail-total=0 null-skips-total=0
[12:35:18] [info] flip-probe: flip #2460 ok=true present=3ms inter_flip_ms=33 drawcalls-since-flip=44 drawcalls-total=162714 fail-total=0 null-skips-total=0
[12:35:18] [info] backdrop cache: thrashing-detect engaged (streak=64, route=direct)
[12:35:18] [info] flip-probe: flip #2470 ok=true present=2ms inter_flip_ms=32 drawcalls-since-flip=44 drawcalls-total=163158 fail-total=0 null-skips-total=0
[12:35:19] [info] flip-probe: flip #2480 ok=true present=3ms inter_flip_ms=32 drawcalls-since-flip=43 drawcalls-total=163591 fail-total=0 null-skips-total=0
[12:35:19] [info] flip-probe: flip #2490 ok=true present=3ms inter_flip_ms=34 drawcalls-since-flip=46 drawcalls-total=164027 fail-total=0 null-skips-total=0
[12:35:19] [info] flip-probe: flip #2500 ok=true present=3ms inter_flip_ms=31 drawcalls-since-flip=45 drawcalls-total=164484 fail-total=0 null-skips-total=0
[12:35:19] [info] alpha audit block 0: 4023 total drawcalls, 0 with alpha<255 (block pct_x10=0; global 0/151423 pct_x10=0); alpha-mod skipped: block=0 global=0
[12:35:19] [info] fastpath audit block 0: taken=4023 (idx8=4023) skipped=0 pct_x10=1000; global taken=151423 (idx8=151423) skipped=0 pct_x10=1000
[12:35:19] [info] primitive tally block 0: clear=200(hr=200) fill=0(hr=0) rect=0(hr=0) line=0(hr=0) tint=0 spotlight=0 (over 100 flips ending at flip 2500)
[12:35:19] [info] color/alpha audit block 0: cmod_white=1300 cmod_black=1300 (idx=1300) cmod_general=0 (idx=0) cmod_fb=0; alpha_taken=0 alpha_skipped=0 (global cmod=11654/10112/693/0 idx=10112/693 alpha=0/0)
[12:35:19] [info] phase timing block 0: drawcalls=6825 dc_total_ms=670 flip_inner_total_ms=413 inter_flip_total_ms=3452 (per-flip avg x10: dc_ms=67 fi_ms=41 if_ms=345 derived audio+engine_ms=237; per-drawcall avg us_x10=982) [direct-vesa: presents=100 total_ms=266 avg_ms_x10=26 failed=0] [ablation: NO_DC_TIMING=0 CACHE_WINSURF=0 DIRECT_VESA=1]
[12:35:19] [info] kbd/audio block 0: kbd_irq=0 kbd_drain=0 ring_chunks=16 pump_pass=4076 pic1_mask=0xb8 first_irq_ticks=0 install_ticks=0 vector_at_install=0x0083a088 pic1_mask_live=0x38 kbd_8042_stat=0x34 bios_kbd_head=0x0022 bios_kbd_tail=0x0022 bios_kbd_buf0=0x1c0d
[12:35:19] [info] dirty-rect block @flip=2500: total_calls=0 dirty_rects_avg=1 dirty_pct_x10=1000 forced_full=0 first_n_force=0 threshold_exceeded=0 dirty_path_taken=0 full_flush_taken=0
[12:35:19] [info] prev-frame-diff block @flip=2500: diff_calls=0 diff_rects_avg=0 diff_dirty_pct_x10=0 bbox_pct_x10=0 bbox_thresh_exceeded=0
[12:35:20] [info] flip-probe: flip #2510 ok=true present=3ms inter_flip_ms=33 drawcalls-since-flip=45 drawcalls-total=164931 fail-total=0 null-skips-total=0
[12:35:20] [info] flip-probe: flip #2520 ok=true present=3ms inter_flip_ms=29 drawcalls-since-flip=18 drawcalls-total=165270 fail-total=0 null-skips-total=0
[12:35:20] [info] backdrop cache: thrashing-detect engaged (streak=124, route=direct)
[12:35:20] [info] flip-probe: flip #2530 ok=true present=3ms inter_flip_ms=32 drawcalls-since-flip=18 drawcalls-total=165450 fail-total=0 null-skips-total=0
[12:35:21] [info] flip-probe: flip #2540 ok=true present=3ms inter_flip_ms=32 drawcalls-since-flip=17 drawcalls-total=165627 fail-total=0 null-skips-total=0
[12:35:21] [info] flip-probe: flip #2550 ok=true present=3ms inter_flip_ms=32 drawcalls-since-flip=17 drawcalls-total=165797 fail-total=0 null-skips-total=0
[12:35:21] [info] flip-probe: flip #2560 ok=true present=3ms inter_flip_ms=31 drawcalls-since-flip=17 drawcalls-total=165967 fail-total=0 null-skips-total=0
[12:35:22] [info] flip-probe: flip #2570 ok=true present=3ms inter_flip_ms=31 drawcalls-since-flip=17 drawcalls-total=166137 fail-total=0 null-skips-total=0
[12:35:22] [info] run_tick_fixed #4200: heartbeat (loop alive)
[12:35:22] [info] flip-probe: flip #2580 ok=true present=3ms inter_flip_ms=37 drawcalls-since-flip=18 drawcalls-total=166316 fail-total=0 null-skips-total=0
[12:35:22] [info] backdrop cache: thrashing-detect engaged (streak=184, route=direct)
[12:35:22] [info] flip-probe: flip #2590 ok=true present=2ms inter_flip_ms=32 drawcalls-since-flip=18 drawcalls-total=166496 fail-total=0 null-skips-total=0
[12:35:22] [info] flip-probe: flip #2600 ok=true present=3ms inter_flip_ms=30 drawcalls-since-flip=19 drawcalls-total=166685 fail-total=0 null-skips-total=0
[12:35:23] [info] alpha audit block 0: 1893 total drawcalls, 0 with alpha<255 (block pct_x10=0; global 0/153316 pct_x10=0); alpha-mod skipped: block=0 global=0
[12:35:23] [info] fastpath audit block 0: taken=1893 (idx8=1893) skipped=0 pct_x10=1000; global taken=153316 (idx8=153316) skipped=0 pct_x10=1000
[12:35:23] [info] primitive tally block 0: clear=200(hr=200) fill=0(hr=0) rect=0(hr=0) line=0(hr=0) tint=0 spotlight=0 (over 100 flips ending at flip 2600)
[12:35:23] [info] color/alpha audit block 0: cmod_white=208 cmod_black=208 (idx=208) cmod_general=0 (idx=0) cmod_fb=0; alpha_taken=0 alpha_skipped=0 (global cmod=11862/10320/693/0 idx=10320/693 alpha=0/0)
[12:35:23] [info] phase timing block 0: drawcalls=2509 dc_total_ms=509 flip_inner_total_ms=408 inter_flip_total_ms=3136 (per-flip avg x10: dc_ms=50 fi_ms=40 if_ms=313 derived audio+engine_ms=223; per-drawcall avg us_x10=2030) [direct-vesa: presents=100 total_ms=267 avg_ms_x10=26 failed=0] [ablation: NO_DC_TIMING=0 CACHE_WINSURF=0 DIRECT_VESA=1]
[12:35:23] [info] kbd/audio block 0: kbd_irq=0 kbd_drain=0 ring_chunks=16 pump_pass=4233 pic1_mask=0xb8 first_irq_ticks=0 install_ticks=0 vector_at_install=0x0083a088 pic1_mask_live=0x38 kbd_8042_stat=0x34 bios_kbd_head=0x0022 bios_kbd_tail=0x0022 bios_kbd_buf0=0x1c0d
[12:35:23] [info] dirty-rect block @flip=2600: total_calls=0 dirty_rects_avg=1 dirty_pct_x10=1000 forced_full=0 first_n_force=0 threshold_exceeded=0 dirty_path_taken=0 full_flush_taken=0
[12:35:23] [info] prev-frame-diff block @flip=2600: diff_calls=0 diff_rects_avg=0 diff_dirty_pct_x10=0 bbox_pct_x10=0 bbox_thresh_exceeded=0
[12:35:23] [info] flip-probe: flip #2610 ok=true present=3ms inter_flip_ms=30 drawcalls-since-flip=18 drawcalls-total=166873 fail-total=0 null-skips-total=0
[12:35:23] [info] flip-probe: flip #2620 ok=true present=4ms inter_flip_ms=31 drawcalls-since-flip=15 drawcalls-total=167038 fail-total=0 null-skips-total=0
[12:35:23] [info] flip-probe: flip #2630 ok=true present=3ms inter_flip_ms=29 drawcalls-since-flip=15 drawcalls-total=167188 fail-total=0 null-skips-total=0
[12:35:24] [info] flip-probe: flip #2640 ok=true present=3ms inter_flip_ms=35 drawcalls-since-flip=116 drawcalls-total=167541 fail-total=0 null-skips-total=0
[12:35:24] [info] backdrop cache: thrashing-detect engaged (streak=244, route=direct)
[12:35:24] [info] flip-probe: flip #2650 ok=true present=3ms inter_flip_ms=58 drawcalls-since-flip=356 drawcalls-total=170761 fail-total=0 null-skips-total=0
[12:35:24] [info]  >> Entering stage 14: 'Shack'.
[12:35:24] [info] [skip-sheet-flush] cave=10
[12:35:25] [info] [load-stage] preloading entry music song=8 (cave=10)
[12:35:25] [info] opl3 backend: on_song_stop
[12:35:25] [info] MidiScheduler::load: parsed 'data/orgmid2/vivi.mid' = 11188 events at 48 PPQ
[12:35:25] [info] opl3 backend: on_song_start
[12:35:25] [info] gameloop: entered (curmap=14, running=1)
[12:35:25] [info] gameloop: iter 1 ticks=115181 mapno=-1
[12:35:25] [info] gameloop: iter 2 ticks=115232 mapno=-1
[12:35:25] [info] gameloop: iter 3 ticks=115286 mapno=-1
[12:35:26] [info] flip-probe: flip #2660 ok=true present=2ms inter_flip_ms=41 drawcalls-since-flip=305 drawcalls-total=173966 fail-total=0 null-skips-total=0
[12:35:26] [info] flip-probe: flip #2670 ok=true present=3ms inter_flip_ms=22 drawcalls-since-flip=13 drawcalls-total=174788 fail-total=0 null-skips-total=0
[12:35:26] [info] flip-probe: flip #2680 ok=true present=2ms inter_flip_ms=23 drawcalls-since-flip=24 drawcalls-total=175017 fail-total=0 null-skips-total=0
[12:35:26] [info] flip-probe: flip #2690 ok=true present=3ms inter_flip_ms=23 drawcalls-since-flip=24 drawcalls-total=175257 fail-total=0 null-skips-total=0
[12:35:27] [info] flip-probe: flip #2700 ok=true present=3ms inter_flip_ms=23 drawcalls-since-flip=24 drawcalls-total=175497 fail-total=0 null-skips-total=0
[12:35:27] [info] alpha audit block 0: 8516 total drawcalls, 0 with alpha<255 (block pct_x10=0; global 0/161832 pct_x10=0); alpha-mod skipped: block=0 global=0
[12:35:27] [info] fastpath audit block 0: taken=8516 (idx8=8516) skipped=0 pct_x10=1000; global taken=161832 (idx8=161832) skipped=0 pct_x10=1000
[12:35:27] [info] primitive tally block 0: clear=201(hr=201) fill=0(hr=0) rect=0(hr=0) line=0(hr=0) tint=0 spotlight=0 (over 100 flips ending at flip 2700)
[12:35:27] [info] color/alpha audit block 0: cmod_white=245 cmod_black=245 (idx=245) cmod_general=0 (idx=0) cmod_fb=0; alpha_taken=0 alpha_skipped=0 (global cmod=12107/10565/693/0 idx=10565/693 alpha=0/0)
[12:35:27] [info] phase timing block 0: drawcalls=9207 dc_total_ms=819 flip_inner_total_ms=407 inter_flip_total_ms=4207 (per-flip avg x10: dc_ms=81 fi_ms=40 if_ms=420 derived audio+engine_ms=299; per-drawcall avg us_x10=889) [direct-vesa: presents=100 total_ms=268 avg_ms_x10=26 failed=0] [ablation: NO_DC_TIMING=0 CACHE_WINSURF=0 DIRECT_VESA=1]
[12:35:27] [info] kbd/audio block 0: kbd_irq=0 kbd_drain=0 ring_chunks=16 pump_pass=4397 pic1_mask=0xb8 first_irq_ticks=0 install_ticks=0 vector_at_install=0x0083a088 pic1_mask_live=0x38 kbd_8042_stat=0x34 bios_kbd_head=0x0022 bios_kbd_tail=0x0022 bios_kbd_buf0=0x1c0d
[12:35:27] [info] dirty-rect block @flip=2700: total_calls=0 dirty_rects_avg=1 dirty_pct_x10=1000 forced_full=0 first_n_force=0 threshold_exceeded=0 dirty_path_taken=0 full_flush_taken=0
[12:35:27] [info] prev-frame-diff block @flip=2700: diff_calls=0 diff_rects_avg=0 diff_dirty_pct_x10=0 bbox_pct_x10=0 bbox_thresh_exceeded=0
[12:35:27] [info] flip-probe: flip #2710 ok=true present=3ms inter_flip_ms=23 drawcalls-since-flip=24 drawcalls-total=175737 fail-total=0 null-skips-total=0
[12:35:27] [info] flip-probe: flip #2720 ok=true present=3ms inter_flip_ms=24 drawcalls-since-flip=27 drawcalls-total=176000 fail-total=0 null-skips-total=0
[12:35:27] [info] flip-probe: flip #2730 ok=true present=3ms inter_flip_ms=26 drawcalls-since-flip=27 drawcalls-total=176274 fail-total=0 null-skips-total=0
[12:35:28] [info] flip-probe: flip #2740 ok=true present=3ms inter_flip_ms=24 drawcalls-since-flip=25 drawcalls-total=176530 fail-total=0 null-skips-total=0
[12:35:28] [info] flip-probe: flip #2750 ok=true present=3ms inter_flip_ms=25 drawcalls-since-flip=24 drawcalls-total=176770 fail-total=0 null-skips-total=0
[12:35:28] [info] flip-probe: flip #2760 ok=true present=3ms inter_flip_ms=23 drawcalls-since-flip=24 drawcalls-total=177010 fail-total=0 null-skips-total=0
[12:35:28] [info] flip-probe: flip #2770 ok=true present=2ms inter_flip_ms=24 drawcalls-since-flip=24 drawcalls-total=177250 fail-total=0 null-skips-total=0
[12:35:29] [info] flip-probe: flip #2780 ok=true present=3ms inter_flip_ms=22 drawcalls-since-flip=14 drawcalls-total=177400 fail-total=0 null-skips-total=0
[12:35:29] [info] run_tick_fixed #4500: heartbeat (loop alive)
[12:35:29] [info] flip-probe: flip #2790 ok=true present=2ms inter_flip_ms=25 drawcalls-since-flip=14 drawcalls-total=177540 fail-total=0 null-skips-total=0
[12:35:29] [info] flip-probe: flip #2800 ok=true present=2ms inter_flip_ms=23 drawcalls-since-flip=14 drawcalls-total=177680 fail-total=0 null-skips-total=0
[12:35:29] [info] alpha audit block 0: 1828 total drawcalls, 0 with alpha<255 (block pct_x10=0; global 0/163660 pct_x10=0); alpha-mod skipped: block=0 global=0
[12:35:29] [info] fastpath audit block 0: taken=1828 (idx8=1828) skipped=0 pct_x10=1000; global taken=163660 (idx8=163660) skipped=0 pct_x10=1000
[12:35:29] [info] primitive tally block 0: clear=200(hr=200) fill=0(hr=0) rect=0(hr=0) line=0(hr=0) tint=0 spotlight=0 (over 100 flips ending at flip 2800)
[12:35:29] [info] color/alpha audit block 0: cmod_white=355 cmod_black=355 (idx=355) cmod_general=0 (idx=0) cmod_fb=0; alpha_taken=0 alpha_skipped=0 (global cmod=12462/10920/693/0 idx=10920/693 alpha=0/0)
[12:35:29] [info] phase timing block 0: drawcalls=2738 dc_total_ms=497 flip_inner_total_ms=405 inter_flip_total_ms=2428 (per-flip avg x10: dc_ms=49 fi_ms=40 if_ms=242 derived audio+engine_ms=153; per-drawcall avg us_x10=1816) [direct-vesa: presents=100 total_ms=265 avg_ms_x10=26 failed=0] [ablation: NO_DC_TIMING=0 CACHE_WINSURF=0 DIRECT_VESA=1]
[12:35:29] [info] kbd/audio block 0: kbd_irq=0 kbd_drain=0 ring_chunks=16 pump_pass=4518 pic1_mask=0xb8 first_irq_ticks=0 install_ticks=0 vector_at_install=0x0083a088 pic1_mask_live=0x38 kbd_8042_stat=0x34 bios_kbd_head=0x0022 bios_kbd_tail=0x0022 bios_kbd_buf0=0x1c0d
[12:35:29] [info] dirty-rect block @flip=2800: total_calls=0 dirty_rects_avg=1 dirty_pct_x10=1000 forced_full=0 first_n_force=0 threshold_exceeded=0 dirty_path_taken=0 full_flush_taken=0
[12:35:29] [info] prev-frame-diff block @flip=2800: diff_calls=0 diff_rects_avg=0 diff_dirty_pct_x10=0 bbox_pct_x10=0 bbox_thresh_exceeded=0
[12:35:29] [info] flip-probe: flip #2810 ok=true present=2ms inter_flip_ms=23 drawcalls-since-flip=14 drawcalls-total=177820 fail-total=0 null-skips-total=0
[12:35:30] [info] flip-probe: flip #2820 ok=true present=2ms inter_flip_ms=23 drawcalls-since-flip=14 drawcalls-total=177960 fail-total=0 null-skips-total=0
[12:35:30] [info] flip-probe: flip #2830 ok=true present=3ms inter_flip_ms=23 drawcalls-since-flip=14 drawcalls-total=178100 fail-total=0 null-skips-total=0
[12:35:30] [info] flip-probe: flip #2840 ok=true present=3ms inter_flip_ms=23 drawcalls-since-flip=14 drawcalls-total=178240 fail-total=0 null-skips-total=0
[12:35:30] [info] flip-probe: flip #2850 ok=true present=2ms inter_flip_ms=26 drawcalls-since-flip=43 drawcalls-total=178409 fail-total=0 null-skips-total=0
[12:35:31] [info] flip-probe: flip #2860 ok=true present=3ms inter_flip_ms=46 drawcalls-since-flip=355 drawcalls-total=180843 fail-total=0 null-skips-total=0
[12:35:31] [info]  >> Entering stage 11: 'Mimiga Village'.
[12:35:31] [info] [skip-sheet-flush] cave=11
[12:35:31] [info] [load-stage] preloading entry music song=9 (cave=11)
[12:35:31] [info] opl3 backend: on_song_stop
[12:35:31] [info] MidiScheduler::load: parsed 'data/orgmid2/mura.mid' = 7123 events at 48 PPQ
[12:35:31] [info] opl3 backend: on_song_start
[12:35:32] [info] gameloop: entered (curmap=11, running=1)
[12:35:32] [info] gameloop: iter 1 ticks=121414 mapno=-1
[12:35:32] [info] gameloop: iter 2 ticks=121480 mapno=-1
[12:35:32] [info] gameloop: iter 3 ticks=121552 mapno=-1
[12:35:32] [info] flip-probe: flip #2870 ok=true present=3ms inter_flip_ms=65 drawcalls-since-flip=382 drawcalls-total=184149 fail-total=0 null-skips-total=0
[12:35:32] [info] backdrop cache: thrashing-detect engaged (streak=4, route=direct)
[12:35:32] [info] flip-probe: flip #2880 ok=true present=3ms inter_flip_ms=31 drawcalls-since-flip=30 drawcalls-total=185937 fail-total=0 null-skips-total=0
[12:35:33] [info] flip-probe: flip #2890 ok=true present=3ms inter_flip_ms=33 drawcalls-since-flip=41 drawcalls-total=186336 fail-total=0 null-skips-total=0
[12:35:33] [info] flip-probe: flip #2900 ok=true present=3ms inter_flip_ms=31 drawcalls-since-flip=43 drawcalls-total=186759 fail-total=0 null-skips-total=0
[12:35:33] [info] alpha audit block 0: 8603 total drawcalls, 0 with alpha<255 (block pct_x10=0; global 0/172263 pct_x10=0); alpha-mod skipped: block=0 global=0
[12:35:33] [info] fastpath audit block 0: taken=8603 (idx8=8603) skipped=0 pct_x10=1000; global taken=172263 (idx8=172263) skipped=0 pct_x10=1000
[12:35:33] [info] primitive tally block 0: clear=201(hr=201) fill=0(hr=0) rect=0(hr=0) line=0(hr=0) tint=0 spotlight=0 (over 100 flips ending at flip 2900)
[12:35:33] [info] color/alpha audit block 0: cmod_white=442 cmod_black=442 (idx=442) cmod_general=0 (idx=0) cmod_fb=0; alpha_taken=0 alpha_skipped=0 (global cmod=12904/11362/693/0 idx=11362/693 alpha=0/0)
[12:35:33] [info] phase timing block 0: drawcalls=9694 dc_total_ms=850 flip_inner_total_ms=406 inter_flip_total_ms=3737 (per-flip avg x10: dc_ms=85 fi_ms=40 if_ms=373 derived audio+engine_ms=248; per-drawcall avg us_x10=877) [direct-vesa: presents=100 total_ms=265 avg_ms_x10=26 failed=0] [ablation: NO_DC_TIMING=0 CACHE_WINSURF=0 DIRECT_VESA=1]
[12:35:33] [info] kbd/audio block 0: kbd_irq=0 kbd_drain=0 ring_chunks=16 pump_pass=4676 pic1_mask=0xb8 first_irq_ticks=0 install_ticks=0 vector_at_install=0x0083a088 pic1_mask_live=0x38 kbd_8042_stat=0x34 bios_kbd_head=0x0022 bios_kbd_tail=0x0022 bios_kbd_buf0=0x1c0d
[12:35:33] [info] dirty-rect block @flip=2900: total_calls=0 dirty_rects_avg=1 dirty_pct_x10=1000 forced_full=0 first_n_force=0 threshold_exceeded=0 dirty_path_taken=0 full_flush_taken=0
[12:35:33] [info] prev-frame-diff block @flip=2900: diff_calls=0 diff_rects_avg=0 diff_dirty_pct_x10=0 bbox_pct_x10=0 bbox_thresh_exceeded=0
[12:35:33] [info] flip-probe: flip #2910 ok=true present=3ms inter_flip_ms=32 drawcalls-since-flip=44 drawcalls-total=187199 fail-total=0 null-skips-total=0
[12:35:34] [info] flip-probe: flip #2920 ok=true present=3ms inter_flip_ms=32 drawcalls-since-flip=46 drawcalls-total=187645 fail-total=0 null-skips-total=0
[12:35:34] [info] flip-probe: flip #2930 ok=true present=3ms inter_flip_ms=32 drawcalls-since-flip=47 drawcalls-total=188115 fail-total=0 null-skips-total=0
[12:35:34] [info] backdrop cache: thrashing-detect engaged (streak=64, route=direct)
[12:35:34] [info] flip-probe: flip #2940 ok=true present=3ms inter_flip_ms=31 drawcalls-since-flip=43 drawcalls-total=188566 fail-total=0 null-skips-total=0
[12:35:35] [info] flip-probe: flip #2950 ok=true present=2ms inter_flip_ms=31 drawcalls-since-flip=43 drawcalls-total=188996 fail-total=0 null-skips-total=0
[12:35:35] [info] flip-probe: flip #2960 ok=true present=3ms inter_flip_ms=30 drawcalls-since-flip=43 drawcalls-total=189426 fail-total=0 null-skips-total=0
[12:35:35] [info] flip-probe: flip #2970 ok=true present=3ms inter_flip_ms=32 drawcalls-since-flip=47 drawcalls-total=189882 fail-total=0 null-skips-total=0
[12:35:35] [info] backdrop cache: thrashing-detect engaged (streak=4, route=direct)
[12:35:36] [info] flip-probe: flip #2980 ok=true present=3ms inter_flip_ms=32 drawcalls-since-flip=45 drawcalls-total=190336 fail-total=0 null-skips-total=0
[12:35:36] [info] flip-probe: flip #2990 ok=true present=3ms inter_flip_ms=30 drawcalls-since-flip=19 drawcalls-total=190682 fail-total=0 null-skips-total=0
[12:35:36] [info] flip-probe: flip #3000 ok=true present=3ms inter_flip_ms=37 drawcalls-since-flip=19 drawcalls-total=190872 fail-total=0 null-skips-total=0
[12:35:36] [info] alpha audit block 0: 2895 total drawcalls, 0 with alpha<255 (block pct_x10=0; global 0/175158 pct_x10=0); alpha-mod skipped: block=0 global=0
[12:35:36] [info] fastpath audit block 0: taken=2895 (idx8=2895) skipped=0 pct_x10=1000; global taken=175158 (idx8=175158) skipped=0 pct_x10=1000
[12:35:36] [info] primitive tally block 0: clear=200(hr=200) fill=0(hr=0) rect=0(hr=0) line=0(hr=0) tint=0 spotlight=0 (over 100 flips ending at flip 3000)
[12:35:36] [info] color/alpha audit block 0: cmod_white=1118 cmod_black=1118 (idx=1118) cmod_general=0 (idx=0) cmod_fb=0; alpha_taken=0 alpha_skipped=0 (global cmod=14022/12480/693/0 idx=12480/693 alpha=0/0)
[12:35:36] [info] phase timing block 0: drawcalls=5336 dc_total_ms=625 flip_inner_total_ms=420 inter_flip_total_ms=3327 (per-flip avg x10: dc_ms=62 fi_ms=42 if_ms=332 derived audio+engine_ms=228; per-drawcall avg us_x10=1171) [direct-vesa: presents=100 total_ms=267 avg_ms_x10=26 failed=0] [ablation: NO_DC_TIMING=0 CACHE_WINSURF=0 DIRECT_VESA=1]
[12:35:36] [info] kbd/audio block 0: kbd_irq=0 kbd_drain=0 ring_chunks=16 pump_pass=4842 pic1_mask=0xb8 first_irq_ticks=0 install_ticks=0 vector_at_install=0x0083a088 pic1_mask_live=0x38 kbd_8042_stat=0x34 bios_kbd_head=0x0022 bios_kbd_tail=0x0022 bios_kbd_buf0=0x1c0d
[12:35:36] [info] dirty-rect block @flip=3000: total_calls=0 dirty_rects_avg=1 dirty_pct_x10=1000 forced_full=0 first_n_force=0 threshold_exceeded=0 dirty_path_taken=0 full_flush_taken=0
[12:35:36] [info] prev-frame-diff block @flip=3000: diff_calls=0 diff_rects_avg=0 diff_dirty_pct_x10=0 bbox_pct_x10=0 bbox_thresh_exceeded=0
[12:35:37] [info] flip-probe: flip #3010 ok=true present=3ms inter_flip_ms=30 drawcalls-since-flip=20 drawcalls-total=191068 fail-total=0 null-skips-total=0
[12:35:37] [info] flip-probe: flip #3020 ok=true present=3ms inter_flip_ms=33 drawcalls-since-flip=20 drawcalls-total=191275 fail-total=0 null-skips-total=0
[12:35:37] [info] flip-probe: flip #3030 ok=true present=3ms inter_flip_ms=39 drawcalls-since-flip=19 drawcalls-total=191470 fail-total=0 null-skips-total=0
[12:35:37] [info] backdrop cache: thrashing-detect engaged (streak=4, route=direct)
[12:35:38] [info] flip-probe: flip #3040 ok=true present=3ms inter_flip_ms=31 drawcalls-since-flip=18 drawcalls-total=191651 fail-total=0 null-skips-total=0
[12:35:38] [info] flip-probe: flip #3050 ok=true present=2ms inter_flip_ms=32 drawcalls-since-flip=18 drawcalls-total=191831 fail-total=0 null-skips-total=0
[12:35:38] [info] backdrop cache: thrashing-detect engaged (streak=4, route=direct)
[12:35:38] [info] flip-probe: flip #3060 ok=true present=3ms inter_flip_ms=32 drawcalls-since-flip=19 drawcalls-total=192020 fail-total=0 null-skips-total=0
[12:35:39] [info] flip-probe: flip #3070 ok=true present=3ms inter_flip_ms=32 drawcalls-since-flip=20 drawcalls-total=192218 fail-total=0 null-skips-total=0
[12:35:39] [info] flip-probe: flip #3080 ok=true present=3ms inter_flip_ms=32 drawcalls-since-flip=21 drawcalls-total=192425 fail-total=0 null-skips-total=0
[12:35:39] [info] flip-probe: flip #3090 ok=true present=2ms inter_flip_ms=29 drawcalls-since-flip=20 drawcalls-total=192629 fail-total=0 null-skips-total=0
[12:35:39] [info] flip-probe: flip #3100 ok=true present=3ms inter_flip_ms=30 drawcalls-since-flip=19 drawcalls-total=192823 fail-total=0 null-skips-total=0
[12:35:39] [info] alpha audit block 0: 1851 total drawcalls, 0 with alpha<255 (block pct_x10=0; global 0/177009 pct_x10=0); alpha-mod skipped: block=0 global=0
[12:35:39] [info] fastpath audit block 0: taken=1851 (idx8=1851) skipped=0 pct_x10=1000; global taken=177009 (idx8=177009) skipped=0 pct_x10=1000
[12:35:39] [info] primitive tally block 0: clear=200(hr=200) fill=0(hr=0) rect=0(hr=0) line=0(hr=0) tint=0 spotlight=0 (over 100 flips ending at flip 3100)
[12:35:39] [info] phase timing block 0: drawcalls=2062 dc_total_ms=545 flip_inner_total_ms=396 inter_flip_total_ms=3230 (per-flip avg x10: dc_ms=54 fi_ms=39 if_ms=323 derived audio+engine_ms=230; per-drawcall avg us_x10=2646) [direct-vesa: presents=100 total_ms=265 avg_ms_x10=26 failed=0] [ablation: NO_DC_TIMING=0 CACHE_WINSURF=0 DIRECT_VESA=1]
[12:35:39] [info] kbd/audio block 0: kbd_irq=0 kbd_drain=0 ring_chunks=16 pump_pass=5004 pic1_mask=0xb8 first_irq_ticks=0 install_ticks=0 vector_at_install=0x0083a088 pic1_mask_live=0x38 kbd_8042_stat=0x34 bios_kbd_head=0x0022 bios_kbd_tail=0x0022 bios_kbd_buf0=0x1c0d
[12:35:39] [info] dirty-rect block @flip=3100: total_calls=0 dirty_rects_avg=1 dirty_pct_x10=1000 forced_full=0 first_n_force=0 threshold_exceeded=0 dirty_path_taken=0 full_flush_taken=0
[12:35:39] [info] prev-frame-diff block @flip=3100: diff_calls=0 diff_rects_avg=0 diff_dirty_pct_x10=0 bbox_pct_x10=0 bbox_thresh_exceeded=0
[12:35:40] [info] flip-probe: flip #3110 ok=true present=3ms inter_flip_ms=28 drawcalls-since-flip=19 drawcalls-total=193013 fail-total=0 null-skips-total=0
[12:35:40] [info] backdrop cache: thrashing-detect engaged (streak=64, route=direct)
[12:35:40] [info] flip-probe: flip #3120 ok=true present=3ms inter_flip_ms=30 drawcalls-since-flip=19 drawcalls-total=193203 fail-total=0 null-skips-total=0
[12:35:40] [info] flip-probe: flip #3130 ok=true present=3ms inter_flip_ms=33 drawcalls-since-flip=19 drawcalls-total=193393 fail-total=0 null-skips-total=0
[12:35:41] [info] flip-probe: flip #3140 ok=true present=3ms inter_flip_ms=30 drawcalls-since-flip=19 drawcalls-total=193583 fail-total=0 null-skips-total=0
[12:35:41] [info] flip-probe: flip #3150 ok=true present=2ms inter_flip_ms=30 drawcalls-since-flip=19 drawcalls-total=193773 fail-total=0 null-skips-total=0
[12:35:41] [info] flip-probe: flip #3160 ok=true present=3ms inter_flip_ms=32 drawcalls-since-flip=19 drawcalls-total=193963 fail-total=0 null-skips-total=0
[12:35:41] [info] run_tick_fixed #5100: heartbeat (loop alive)
[12:35:42] [info] flip-probe: flip #3170 ok=true present=2ms inter_flip_ms=32 drawcalls-since-flip=60 drawcalls-total=194399 fail-total=0 null-skips-total=0
[12:35:42] [info] backdrop cache: thrashing-detect engaged (streak=124, route=direct)
[12:35:42] [info] flip-probe: flip #3180 ok=true present=3ms inter_flip_ms=31 drawcalls-since-flip=60 drawcalls-total=194999 fail-total=0 null-skips-total=0
[12:35:42] [info] flip-probe: flip #3190 ok=true present=2ms inter_flip_ms=32 drawcalls-since-flip=60 drawcalls-total=195599 fail-total=0 null-skips-total=0
[12:35:43] [info] tas: end-of-replay auto-exit at tick 5140 (recording exhausted; set DOSKUTSU_TAS_REPLAY_HOLD=1 to disable + observe steady-state past recording end)
[12:35:43] [info] Script engine shutdown.
[12:35:43] [info] opl3 backend: on_song_stop
[12:35:43] [info] opl3 backend: cleared reg 0xBD chip-wide latch (wub-wub mitigation per flush-instr WAVE-46 H6)
[12:35:43] [info] opl3 backend shutdown (all 18 voices KEY-OFF unconditionally; OPL2 mode restored; chip state safe for next process)
[12:35:43] [info] Sound system shutdown
[12:35:43] [info] Renderer::Close()
[12:35:43] [info] tas: replay file closed
[12:35:43] [info] [fps-true] flips=3198 render_s=129 fps_mean=24.7 (clock-independent: flips / seconds since the FIRST flip; use THIS for the fps matrix, not inter_flip medians, which are invalid in any cell running the PIT/IRQ-0 music pump)
[RUNMANIFEST-BEGIN]
schema_version=1
environment=realhw
binary_sha12=f8d446b4b0e0
wave_tag=A31
scene=
env_block_sha=8b7bfd620ab2
started_utc=2026-11-19T05:38:16Z
duration_s=143
exit_code=0
fps_p50=NA
fps_p95=NA
audio_vital_status=NA
regime=NA
banner_required_hit=0
banner_required_total=0
banner_forbidden_hit=0
banner_optional_hit=0
critical_count=0
warn_count=0
[RUNMANIFEST-END]
[12:35:43] [info] [runmanifest-emit] schema=v1 env=realhw sha12=f8d446b4b0e0 dur=143s tag='A31' scene='' env_sha=8b7bfd620ab2 (signals=0x4)
