Logger::init: wave-53 log level=INFO path='LOGS/GP5K.LOG'
[22:03:40] [info] config: loaded DOSKUTSU.CFG (2 keys)
[22:03:40] [info] [cpu-witness] vendor=GenuineIntel cpuid=1 family=5 model=3 stepping=2 mhz_est=83 fpu=1 class=586 (boot-time attestation of the running CPU; MHZ_486_LOOP_DIV=16400 mirrors SETUP)
[22:03:40] [info] tas: PRNG seed forced to 12345 via DOSKUTSU_TAS_PRNG_SEED
[22:03:40] [info] tas: auto-exit armed at tick 30000 via DOSKUTSU_TAS_AUTO_EXIT_TICK
[22:03:40] [info] tas: replay opened path='QA.TAS' header_seed=12345
[22:03:40] [info] AUDIO_BACKEND=adlib -- omitting SDL_INIT_AUDIO (no Sound Blaster on a native-AdLib config; the OPL chip is driven by direct port I/O + the PIT/IRQ-0 music pump). SoundManager::init() STILL RUNS (unlike AUDIO_OFF) to bring up the OPL2 backend. MUSIC ONLY -- no PCM SFX on a DAC-less AdLib card.
[22:03:41] [info] data cache: DISABLED (default)
[22:03:41] [info] Joystick: skipped (default; set DOSKUTSU_USE_JOYSTICK=1 to enable -- skips SDL3-DOS gameport BIOS INT 15h polling, ~82 ms / flip on real HW)
[22:03:41] [info] Loading settings...
[22:03:41] [info] [input-bind] applied=0 invert_y=0 dos_axes=1
[22:03:41] [info] Renderer::initVideo: 8bpp mode requested via SDL_HINT_DOS_MAX_BPP=8 (wave 16); SDL3-DOS will pick the highest-bpp <= 8 mode at requested resolution
[22:03:41] [info] Renderer::initVideo: DOS resolution-label lock ENABLED (default)
[22:03:41] [info] center-oversized: not needed (surface matches the logical screen) surface=320x240 logical=320x240 offset=0,0
[22:03:41] [info] Renderer::initVideo: using: software renderer
[22:03:43] [info] Renderer::initVideo: dirty-rect tracking ENABLED (wave 15, default ON; set SDL_HINT_DOSKUTSU_DIRTY_RECTS=0 to disable)
[22:03:43] [info] Renderer::initVideo: ablation flags: NO_DC_TIMING=0 CACHE_WINSURF=0 NO_INPUT_POLL=0 DIRECT_VESA=1
[22:03:43] [info] Renderer::initVideo: direct-VESA hot path ENABLED (default since wave 20 patch 0088; bypasses SDL_RenderPresent / SDL_UpdateWindowSurface and writes via SDL/0034's PresentFull helper; R2 mitigation handled by SDL/0034 generation counter -- no per-N-flip heartbeat needed; set SDL_HINT_DOSKUTSU_DIRECT_VESA=0 to revert)
[22:03:43] [info] Renderer::initVideo: flip-phase instrumentation DISABLED (default; set SDL_HINT_DOSKUTSU_FLIP_INSTR=1 to opt in for wave-20 Lever A diagnostic)
[22:03:43] [info] Renderer::initVideo: asm opaque-span blit lever DISABLED (default; set SDL_HINT_DOSKUTSU_ASM_BLIT=1 to opt in -- wave-51 _blit_indexed colorkey-blit lever)
[22:03:43] [info] Renderer::initVideo: blit-decomp instrumentation DISABLED (default; set SDL_HINT_DOSKUTSU_BLIT_DECOMP=1 to opt in -- wave-51 _blit_indexed sub-decomp sizing)
[22:03:43] [info] Renderer::initVideo: mds-scroll-decomp instrumentation DISABLED (default; set SDL_HINT_DOSKUTSU_MDS_DECOMP=1 to opt in -- wave-52 mode_draw_scene scrolling-block decomp)
[22:03:43] [info] Renderer::initVideo: DOSVESA pump yield: skipped (default) (per-flip explicit SDL_Delay(0) yield is always on; set SDL_HINT_DOSKUTSU_FORCE_PUMP_YIELD=1 to restore old per-pump yield)
[22:03:43] [info] Renderer::initVideo: indexed-mode (8bpp) ENABLED -- master palette + 107 per-asset remap LUTs loaded (wave 16, default ON; set SDL_HINT_DOSKUTSU_PIXEL_FORMAT_8=0 to disable)
[22:03:43] [info] Renderer::initVideo: master palette attached to window surface (format=SDL_PIXELFORMAT_INDEX8, ncolors=256)
[22:03:43] [info] Renderer::initVideo: indexed-mode smoke: idx0=(0,0,0) OK idx255=(255,0,255) OK
[22:03:43] [info] Renderer::initVideo: indexed-mode smoke: paletteRemapFor('MyChar.pbm') = present
[22:03:43] [info] Surface::loadImage palmap-diag #1: 'data/Loading.pbm' fmt=SDL_PIXELFORMAT_ABGR8888 remap=HIT -> path=truecolor
[22:03:43] [info] Renderer: prev-frame diff DISABLED (default since wave 17.6; set SDL_HINT_DOSKUTSU_PREVFRAME_DIFF=1 to opt in)
[22:03:43] [info] flip-probe: renderer=software window_ptr=8825648 colorspace=301991328 window_size=320x240 framebuffer_pixels=320x240 logical_present=320x240 mode=2
[22:03:43] [info] flip-probe: first flip ok=true present=43ms inter_flip_ms=0 drawcalls-since-flip=1 drawcalls-total=1
[22:03:43] [info] Sound system init
[22:03:43] [info] Sound system: AdLib (OPL2) path -- AUDIO_BACKEND=adlib. Skipping SB16 + SDL_mixer bring-up (no SDL_INIT_AUDIO); music via native OPL2 FM on the PIT/IRQ-0 pump. MUSIC ONLY: a DAC-less AdLib card has no PCM SFX. See docs/internal/ADLIB-NATIVE-DESIGN.md.
[22:03:43] [info] Sound system: AdLib PC-speaker SFX beeps -- engine SFX->beep mapping WIRED (patch 0264; SDL owns default-ON killswitch SDL_HINT_DOSKUTSU_PCSPK_SFX=0 to disable). See docs/internal/ADLIB-PCSPK-SFX-DESIGN.md.
[22:03:43] [info] Sound system: 4-state audio enable (#31) -- music=on sfx=on (MUSIC_OFF/AUDIO_BACKEND=none -> music-off; SFX_OFF/SFX_DEVICE=none -> sfx-off; both gates are dispatch-level, the device still opens; AUDIO_OFF=1 is the device-level both-off).
[22:03:43] [info] Sound system: Tier-2 audio config (default since wave 21 patch 0093; 11025 Hz, 1 channel, buffer pinned to 256 frames). Measured savings on g2k Pentium OverDrive 83 MHz (W21A): heavy-music scenes ~+11 fps vs Tier-1 baseline (measured -10 to -15 ms/flip post-0094 audio fix; W21A's pre-fix -26.6 ms figure was inflated by stereo-vs-mono playback bug, see patch 0094). Audio quality is reduced vs Tier-1 (mono, 11025 Hz, simple-average L+R downmix) but recognizable; user accepted the trade per direction 2026-05-05. Set SDL_HINT_DOSKUTSU_AUDIO_TIER2=0 to revert to Tier-1 22050 stereo (full Cave Story 2004 audio quality; trades fps for fidelity).
[22:03:43] [info] Sound system: SDL_HINT_AUDIO_DEVICE_SAMPLE_FRAMES=256
[22:03:44] [info] Pixtone IRQ rate-divider: handed master_rate=11025 int16/s (SAMPLE_RATE=11025 x AUDIO_CHANNELS=1) to SDL for auto-RATEDIV (SDL/0074 computes shift_div from the resolved device freq).
[22:03:44] [info] Sound system: device frame-rate: requesting 11025 Hz match to master (SDL_DOSAudioSetDeviceFrameRate; SB16 opens at the engine frame rate instead of SDL's 44100 floor -- 4x less PCM/s + no resampler on the Organya/Pixtone path; killswitch SDL_HINT_DOSKUTSU_DOS_AUDIO_DEVICE_RATE_DEFAULT=0).
[22:03:44] [info] audio backend: adlib (Campaign 2 -- native OPL2 FM synthesis on a no-Sound-Blaster card; 9-voice single-bank allocator; music clock = PIT/IRQ-0 OPL pump, NOT SB IRQ-5). MUSIC ONLY -- no PCM SFX on a DAC-less AdLib card. SoundManager::init probes OPL2 at 0x388 via the Adlib timer-1 sequence; if absent, music is silent (the game still runs). Reuses data/opl3bank.dat (DMXOPL GM bank).
[22:03:44] [info] Sound system: AdLib path -- no SB16 mixer (music via the PIT pump; SFX disabled on this no-SB out-of-band path).
[22:03:44] [info] wave-13.6.1: ring_chunks=16 FORCE_PUMP_YIELD=off (set SDL_HINT_DOSKUTSU_AUDIO_RING_CHUNKS=4|8|16 to override; default 16 matches wave 13.6 behaviour)
[22:03:44] [info] MidiScheduler: MIDI source = 'orgmid2' (native-GM org2mid set; resolves to data/orgmid2/<name>.mid).
[22:03:44] [info] opl2 backend probing for OPL chip (Adlib timer-1 sequence on 0x388)...
[22:03:44] [info] opl2 backend: opl3bank.dat loaded 128 programs from 'data/opl3bank.dat' (1536 bytes). OPL2 ignores the SBI panning nibble; programs >= 128 fall back to the 8-patch family bucket; drum channel uses PATCH_DRUM.
[22:03:44] [info] opl2 backend ready (OPL2 detected; 9-voice single-bank allocator armed; bank=runtime opl3bank.dat ACTIVE; clock = PIT/IRQ-0 OPL music pump, NOT SB IRQ-5; MUSIC ONLY -- no PCM SFX on a DAC-less AdLib card).
[22:03:44] [info] Sound system: MidiScheduler armed with MidiBackendOpl2 (Campaign 2 AdLib -- native OPL2 FM, 9-voice single bank). Music dispatch routes via SMF parser + OPL2 voice allocator; the clock is the PIT/IRQ-0 OPL pump (SDL/0110), NOT the SB IRQ-5. MUSIC ONLY -- no Pixtone PCM SFX on a DAC-less card.
[22:03:44] [info] Sound system: idle-pause skipped (backend=adlib does not qualify; only opl3 supports idle-pause per patch 0115; default OFF since patch 0119 regardless of backend).
[22:03:44] [warn] Music dir Ogg/ doesn't exist
[22:03:44] [warn] Music dir Ogg11/ doesn't exist
[22:03:44] [warn] Music dir Ogg17/ doesn't exist
[22:03:44] [warn] Music dir Ogg_ridic/ doesn't exist
[22:03:44] [info] Sound system: AdLib path -- skipping Pixtone/SFX/Organya/mixer init (no SDL audio device; MUSIC ONLY -- a DAC-less AdLib card has no PCM SFX). No MIX_CreateTrack / SFX-render attempts; runtime SFX calls no-op.
[22:03:44] [info] adlib: music pump STARTED at 120 Hz (PIT ch0 / IRQ-0 drives MidiScheduler::tick_isr; BIOS 18.2 Hz tick chained; restored on exit). This is the music clock on a no-SB card.
[22:03:44] [info] menu slide-in fixed-timestep: ENABLED (default; slide advances at 50 Hz logic rate)
[22:03:44] [info] Reading npc.tbl...
[22:03:44] [info] Loading tilekey.dat.
[22:03:44] [info] Script engine init.
[22:03:44] [info] Entering main loop...
[22:03:44] [info] audio mid-gap pump: DISABLED (default)
[22:03:44] [info] TAS fixed-timestep guard: ENABLED (default) (patch 0280; load_stage wall-clock kept out of the FT accumulator so TAS replay advances at a true 50 Hz; set SDL_HINT_DOSKUTSU_TAS_FT_GUARD=0 to disable)
[22:03:44] [info] load_stage ring+DMA silence flush: ENABLED (default) (set SDL_HINT_DOSKUTSU_LOADSTAGE_SILENCE=0 to disable)
[22:03:44] [info] load-band audio-underrun probe: DISABLED (default) (opt-in SDL_HINT_DOSKUTSU_LOADBAND_STAT=1)
[22:03:44] [info]  >> Entering stage 72: 'u'.
[22:03:44] [info] skip sheet flush: ENABLED (default) (SFXPAUSE-012 SHIPPED FIX; sprite sheets stay resident across caves so no per-cave re-decode -> no fire-frame pause; map_flush_graphics tilemap cache still flushes; set SDL_HINT_DOSKUTSU_SKIP_SHEET_FLUSH=0 to restore the old per-cave flush)
[22:03:44] [info] [skip-sheet-flush] cave=1
[22:03:44] [info] eager action sheets: ENABLED (default) (first-fire hitch fix: pre-loads the weapon bullet + hit/muzzle/trail caret sheets at stage load so the first fire/impact does not lazy-decode mid-gameplay; set SDL_HINT_DOSKUTSU_EAGER_ACTION_SHEETS=0 to restore lazy load)
[22:03:44] [info] Surface::loadImage palmap-diag #2: 'data/Bullet.pbm' fmt=SDL_PIXELFORMAT_ABGR8888 remap=HIT -> path=truecolor
[22:03:45] [info] Surface::loadImage palmap-diag #3: 'data/Arms.pbm' fmt=SDL_PIXELFORMAT_ABGR8888 remap=HIT -> path=truecolor
[22:03:45] [info] Surface::loadImage palmap-diag #4: 'data/Caret.pbm' fmt=SDL_PIXELFORMAT_ABGR8888 remap=HIT -> path=truecolor
[22:03:45] [info] Surface::loadImage palmap-diag #5: 'data/Npc/NpcSym.pbm' fmt=SDL_PIXELFORMAT_ABGR8888 remap=HIT -> path=truecolor
[22:03:45] [info] [eager-action-sheets] cave=1 sheets=4 wall_ms=882
[22:03:45] [info] Surface::loadImage palmap-diag #6: 'data/Stage/PrtWhite.pbm' fmt=SDL_PIXELFORMAT_ABGR8888 remap=HIT -> path=truecolor
[22:03:46] [info] load_stage: entry-music preload ENABLED (default) (set SDL_HINT_DOSKUTSU_PRELOAD_STAGE_MUSIC=0 to disable)
[22:03:46] [info] Surface::loadImage palmap-diag #7: 'data/bk0.pbm' fmt=SDL_PIXELFORMAT_ABGR8888 remap=HIT -> path=truecolor
[22:03:46] [info] gameloop: entered (curmap=72, running=1)
[22:03:46] [info] gameloop: iter 1 ticks=5992 mapno=-1
[22:03:46] [info] fixed-timestep: ENABLED (default; logic 50 Hz, decoupled from render)
[22:03:46] [info] map: BG skip-when-unchanged DISABLED (default) (set SDL_HINT_DOSKUTSU_BG_SKIP_WHEN_UNCHANGED=1 to enable; default OFF since wave-61 -- abandoned, it shipped a backdrop-black flicker and its +0.87 fps was below the noise floor)
[22:03:46] [info] map: skip-redundant-clear lever ENABLED (default since wave-53 promotion)
[22:03:46] [info] perf-mode: level=0 (faithful (default))
[22:03:46] [info] Surface::loadImage palmap-diag #8: 'data/Npc/NpcKings.pbm' fmt=SDL_PIXELFORMAT_ABGR8888 remap=HIT -> path=truecolor
[22:03:46] [info] audio tick-boundary pump: DISABLED (default)
[22:03:46] [info] gameloop: iter 2 ticks=6268 mapno=-1
[22:03:46] [info] gameloop: iter 3 ticks=6320 mapno=-1
[22:03:46] [info] direct-vesa: snapshot @gen=2 use_dosmemput=0 banked_multibank=0 pitches_match=1 vram_w=320 vram_h=240 vram_pitch=320 bpp=1 fb_size=76800 vram_phys=0x78000000 vram_ptr=0x77c00000
[22:03:46] [info] flip-probe: flip #10 ok=true present=-2ms inter_flip_ms=55 drawcalls-since-flip=6 drawcalls-total=43 fail-total=0 null-skips-total=0
[22:03:47] [info] flip-probe: flip #20 ok=true present=-3ms inter_flip_ms=53 drawcalls-since-flip=4 drawcalls-total=92 fail-total=0 null-skips-total=0
[22:03:48] [info] flip-probe: flip #30 ok=true present=-2ms inter_flip_ms=53 drawcalls-since-flip=326 drawcalls-total=2707 fail-total=0 null-skips-total=0
[22:03:48] [info] flip-probe: flip #40 ok=true present=5ms inter_flip_ms=52 drawcalls-since-flip=264 drawcalls-total=5837 fail-total=0 null-skips-total=0
[22:03:49] [info] flip-probe: flip #50 ok=true present=-3ms inter_flip_ms=59 drawcalls-since-flip=67 drawcalls-total=7392 fail-total=0 null-skips-total=0
[22:03:49] [info] flip-probe: flip #60 ok=true present=-3ms inter_flip_ms=54 drawcalls-since-flip=4 drawcalls-total=7502 fail-total=0 null-skips-total=0
[22:03:50] [info] flip-probe: flip #70 ok=true present=-3ms inter_flip_ms=63 drawcalls-since-flip=6 drawcalls-total=7557 fail-total=0 null-skips-total=0
[22:03:51] [info] flip-probe: flip #80 ok=true present=6ms inter_flip_ms=53 drawcalls-since-flip=0 drawcalls-total=7586 fail-total=0 null-skips-total=0
[22:03:51] [info] flip-probe: flip #90 ok=true present=-3ms inter_flip_ms=55 drawcalls-since-flip=0 drawcalls-total=7586 fail-total=0 null-skips-total=0
[22:03:51] [info] title: eager-title-IO phase tag ENABLED (default) (set SDL_HINT_DOSKUTSU_EAGER_TITLE_IO=0 to disable)
[22:03:51] [info] [music-dispatch] tick=95 song=24 (prev 0)
[22:03:52] [info] MidiScheduler::load: parsed 'data/orgmid2/curly.mid' = 11294 events at 48 PPQ
[22:03:52] [info] opl2 backend: on_song_start
[22:03:52] [info] gameloop: entered (curmap=1005, running=1)
[22:03:52] [info] gameloop: iter 1 ticks=12147 mapno=-1
[22:03:52] [info] map: backdrop cache ENABLED (default) (set SDL_HINT_DOSKUTSU_BACKDROP_CACHE=0 to disable)
[22:03:52] [info] gameloop: iter 2 ticks=12691 mapno=-1
[22:03:52] [info] gameloop: iter 3 ticks=12695 mapno=-1
[22:03:53] [info] backdrop cache: thrashing-detect engaged (streak=4, route=direct)
[22:03:53] [info] flip-probe: flip #100 ok=true present=-2ms inter_flip_ms=52 drawcalls-since-flip=75 drawcalls-total=7886 fail-total=0 null-skips-total=0
[22:03:53] [info] alpha audit block 0: 7798 total drawcalls, 0 with alpha<255 (block pct_x10=0; global 0/7798 pct_x10=0); alpha-mod skipped: block=0 global=0
[22:03:53] [info] fastpath audit block 0: taken=7798 (idx8=7798) skipped=0 pct_x10=1000; global taken=7798 (idx8=7798) skipped=0 pct_x10=1000
[22:03:53] [info] primitive tally block 0: clear=220(hr=220) fill=0(hr=0) rect=0(hr=0) line=0(hr=0) tint=0 spotlight=0 (over 100 flips ending at flip 100)
[22:03:53] [info] color/alpha audit block 0: cmod_white=104 cmod_black=0 (idx=0) cmod_general=84 (idx=84) cmod_fb=0; alpha_taken=0 alpha_skipped=0 (global cmod=104/0/84/0 idx=0/84 alpha=0/0)
[22:03:53] [info] phase timing block 0: drawcalls=8209 dc_total_ms=354 flip_inner_total_ms=313 inter_flip_total_ms=9213 (per-flip avg x10: dc_ms=35 fi_ms=31 if_ms=921 derived audio+engine_ms=855; per-drawcall avg us_x10=431) [direct-vesa: presents=97 total_ms=18446744073701 avg_ms_x10=190172619315 failed=0] [ablation: NO_DC_TIMING=0 CACHE_WINSURF=0 DIRECT_VESA=1]
[22:03:53] [info] kbd/audio block 0: kbd_irq=0 kbd_drain=0 ring_chunks=16 pump_pass=99 pic1_mask=0xb8 first_irq_ticks=0 install_ticks=0 vector_at_install=0x0084e430 pic1_mask_live=0xb8 kbd_8042_stat=0x34 bios_kbd_head=0x0030 bios_kbd_tail=0x0030 bios_kbd_buf0=0x1c0d
[22:03:53] [info] audio/engine split block 0: audio_mixer_calls=0 audio_mixer_ms_x10=0 engine_tick_calls=99 engine_tick_ms_x10=148 audio_service_calls=0 audio_service_ms_x10=0 (per-flip avg; per-call us_x10: audio_mix=0 engine_tick=149704 audio_service=0; global ns: audio_mix=0 engine_tick=1482073121 audio_service=0)
[22:03:53] [info] pixtone multi-source probe: DISABLED (default)
[22:03:53] [info] dirty-rect block @flip=100: total_calls=0 dirty_rects_avg=0 dirty_pct_x10=990 forced_full=0 first_n_force=3 threshold_exceeded=2 dirty_path_taken=0 full_flush_taken=3
[22:03:53] [info] prev-frame-diff block @flip=100: diff_calls=0 diff_rects_avg=0 diff_dirty_pct_x10=0 bbox_pct_x10=0 bbox_thresh_exceeded=0
[22:03:53] [info] flip-probe: flip #110 ok=true present=-3ms inter_flip_ms=54 drawcalls-since-flip=75 drawcalls-total=8636 fail-total=0 null-skips-total=0
[22:03:54] [info] flip-probe: flip #120 ok=true present=-3ms inter_flip_ms=52 drawcalls-since-flip=75 drawcalls-total=9386 fail-total=0 null-skips-total=0
[22:03:54] [info] flip-probe: flip #130 ok=true present=-3ms inter_flip_ms=56 drawcalls-since-flip=0 drawcalls-total=9986 fail-total=0 null-skips-total=0
[22:03:55] [info] Loading profile from profile.dat
[22:03:55] [error] profile_load: unable to open 'profile.dat'
[22:03:55] [info] Loading profile from profile2.dat
[22:03:55] [error] profile_load: unable to open 'profile2.dat'
[22:03:55] [info] Loading profile from profile3.dat
[22:03:55] [info] Loading profile from profile4.dat
[22:03:55] [error] profile_load: unable to open 'profile4.dat'
[22:03:55] [info] Loading profile from profile5.dat
[22:03:55] [info] flip-probe: flip #140 ok=true present=-3ms inter_flip_ms=53 drawcalls-since-flip=210 drawcalls-total=10826 fail-total=0 null-skips-total=0
[22:03:55] [info] flip-probe: flip #150 ok=true present=-2ms inter_flip_ms=56 drawcalls-since-flip=210 drawcalls-total=12926 fail-total=0 null-skips-total=0
[22:03:56] [info] Writing settings...
[22:03:56] [info] flip-probe: flip #160 ok=true present=5ms inter_flip_ms=53 drawcalls-since-flip=0 drawcalls-total=13774 fail-total=0 null-skips-total=0
[22:03:57] [info] flip-probe: flip #170 ok=true present=-3ms inter_flip_ms=57 drawcalls-since-flip=0 drawcalls-total=13774 fail-total=0 null-skips-total=0
[22:03:57] [info] [music-dispatch] tick=175 song=0 (prev 24)
[22:03:57] [info] opl2 backend: on_song_stop
[22:03:57] [info] Loading profile from profile5.dat
[22:03:57] [info]  >> Entering stage 20: 'Save Point'.
[22:03:57] [info] [skip-sheet-flush] cave=2
[22:03:58] [info] [music-dispatch] tick=175 song=8 (prev 0)
[22:03:58] [info] MidiScheduler::load: parsed 'data/orgmid2/vivi.mid' = 4558 events at 48 PPQ
[22:03:58] [info] opl2 backend: on_song_start
[22:03:58] [info] gameloop: entered (curmap=20, running=1)
[22:03:58] [info] gameloop: iter 1 ticks=18075 mapno=-1
[22:03:58] [info] TAS stall discount: ENABLED (default) (patch 0286; a replay frame over 150 ms is a load, not slow rendering, so it contributes 1 tick instead of its wall-clock; set SDL_HINT_DOSKUTSU_TAS_STALL_DISCOUNT=0 to disable)
[22:03:58] [info] TAS accumulator clamp: DISABLED (default) (patch 0281; caps the FT accumulator delta at one tick during TAS so a stalled frame cannot race the replay index; set SDL_HINT_DOSKUTSU_TAS_FT_GUARD=0 to disable)
[22:03:58] [info] gameloop: iter 2 ticks=18135 mapno=-1
[22:03:58] [info] gameloop: iter 3 ticks=18189 mapno=-1
[22:03:58] [info] flip-probe: flip #180 ok=true present=-3ms inter_flip_ms=2 drawcalls-since-flip=16 drawcalls-total=13954 fail-total=0 null-skips-total=0
[22:03:58] [info] flip-probe: flip #190 ok=true present=5ms inter_flip_ms=57 drawcalls-since-flip=16 drawcalls-total=14114 fail-total=0 null-skips-total=0
[22:03:58] [info] flip-probe: flip #200 ok=true present=-2ms inter_flip_ms=1 drawcalls-since-flip=16 drawcalls-total=14274 fail-total=0 null-skips-total=0
[22:03:58] [info] alpha audit block 0: 5730 total drawcalls, 0 with alpha<255 (block pct_x10=0; global 0/13528 pct_x10=0); alpha-mod skipped: block=0 global=0
[22:03:58] [info] fastpath audit block 0: taken=5730 (idx8=5730) skipped=0 pct_x10=1000; global taken=13528 (idx8=13528) skipped=0 pct_x10=1000
[22:03:58] [info] primitive tally block 0: clear=202(hr=202) fill=0(hr=0) rect=0(hr=0) line=0(hr=0) tint=0 spotlight=0 (over 100 flips ending at flip 200)
[22:03:58] [info] color/alpha audit block 0: cmod_white=1428 cmod_black=0 (idx=0) cmod_general=630 (idx=630) cmod_fb=0; alpha_taken=0 alpha_skipped=0 (global cmod=1532/0/714/0 idx=0/714 alpha=0/0)
[22:03:58] [info] phase timing block 0: drawcalls=7990 dc_total_ms=140 flip_inner_total_ms=60 inter_flip_total_ms=5768 (per-flip avg x10: dc_ms=14 fi_ms=6 if_ms=576 derived audio+engine_ms=556; per-drawcall avg us_x10=175) [direct-vesa: presents=100 total_ms=18446744073695 avg_ms_x10=184467440735 failed=0] [ablation: NO_DC_TIMING=0 CACHE_WINSURF=0 DIRECT_VESA=1]
[22:03:58] [info] kbd/audio block 0: kbd_irq=0 kbd_drain=0 ring_chunks=16 pump_pass=197 pic1_mask=0xb8 first_irq_ticks=0 install_ticks=0 vector_at_install=0x0084e430 pic1_mask_live=0xb8 kbd_8042_stat=0x34 bios_kbd_head=0x0030 bios_kbd_tail=0x0030 bios_kbd_buf0=0x1c0d
[22:03:58] [info] audio/engine split block 0: audio_mixer_calls=0 audio_mixer_ms_x10=0 engine_tick_calls=76 engine_tick_ms_x10=73 audio_service_calls=0 audio_service_ms_x10=0 (per-flip avg; per-call us_x10: audio_mix=0 engine_tick=96321 audio_service=0; global ns: audio_mix=0 engine_tick=2214113560 audio_service=0)
[22:03:58] [info] dirty-rect block @flip=200: total_calls=0 dirty_rects_avg=1 dirty_pct_x10=1000 forced_full=0 first_n_force=0 threshold_exceeded=0 dirty_path_taken=0 full_flush_taken=0
[22:03:58] [info] prev-frame-diff block @flip=200: diff_calls=0 diff_rects_avg=0 diff_dirty_pct_x10=0 bbox_pct_x10=0 bbox_thresh_exceeded=0
[22:03:59] [info] flip-probe: flip #210 ok=true present=-3ms inter_flip_ms=57 drawcalls-since-flip=16 drawcalls-total=14434 fail-total=0 null-skips-total=0
[22:03:59] [info] flip-probe: flip #220 ok=true present=5ms inter_flip_ms=2 drawcalls-since-flip=16 drawcalls-total=14594 fail-total=0 null-skips-total=0
[22:03:59] [info] flip-probe: flip #230 ok=true present=6ms inter_flip_ms=1 drawcalls-since-flip=16 drawcalls-total=14754 fail-total=0 null-skips-total=0
[22:03:59] [info] flip-probe: flip #240 ok=true present=52ms inter_flip_ms=2 drawcalls-since-flip=16 drawcalls-total=14914 fail-total=0 null-skips-total=0
[22:03:59] [info] flip-probe: flip #250 ok=true present=-2ms inter_flip_ms=1 drawcalls-since-flip=16 drawcalls-total=15074 fail-total=0 null-skips-total=0
[22:04:00] [info] flip-probe: flip #260 ok=true present=-3ms inter_flip_ms=57 drawcalls-since-flip=16 drawcalls-total=15234 fail-total=0 null-skips-total=0
[22:04:00] [info] flip-probe: flip #270 ok=true present=5ms inter_flip_ms=52 drawcalls-since-flip=214 drawcalls-total=16156 fail-total=0 null-skips-total=0
[22:04:00] [info] flip-probe: flip #280 ok=true present=-3ms inter_flip_ms=61 drawcalls-since-flip=358 drawcalls-total=19604 fail-total=0 null-skips-total=0
[22:04:00] [info]  >> Entering stage 11: 'Mimiga Village'.
[22:04:00] [info] [skip-sheet-flush] cave=3
[22:04:01] [info] [load-stage] preloading entry music song=9 (cave=3)
[22:04:01] [info] [music-dispatch] tick=296 song=9 (prev 8)
[22:04:01] [info] opl2 backend: on_song_stop
[22:04:01] [info] MidiScheduler::load: parsed 'data/orgmid2/mura.mid' = 2863 events at 48 PPQ
[22:04:01] [info] opl2 backend: on_song_start
[22:04:01] [info] gameloop: entered (curmap=11, running=1)
[22:04:01] [info] gameloop: iter 1 ticks=20986 mapno=-1
[22:04:01] [info] map: mds_clear LUT ENABLED (default) (set SDL_HINT_DOSKUTSU_MDS_CLEAR_LUT=0 to disable; default ON; patch 0144 wave-49 bandwidth lever)
[22:04:01] [info] mds-clear-lut: rebuilt N=240 entries (k_skip=0% k_keep=100%; curmap=11 map_size=60x60; rebuild #1 since boot)
[22:04:01] [info] backdrop thrash full-cover ENABLED (default) (set SDL_HINT_DOSKUTSU_THRASH_FULLCOVER=0 to disable)
[22:04:01] [info] [bd-diag] backdrop render-path diag disabled (default) (set SDL_HINT_DOSKUTSU_BACKDROP_DIAG=1 to enable)
[22:04:01] [info] gameloop: iter 2 ticks=21210 mapno=-1
[22:04:01] [info] tas: stall frame 224 ms -> contributing 1 tick (patch 0286)
[22:04:01] [info] gameloop: iter 3 ticks=21264 mapno=-1
[22:04:01] [info] run_tick_fixed #300: heartbeat (loop alive)
[22:04:01] [info] backdrop cache: thrashing-detect engaged (streak=4, route=direct)
[22:04:01] [info] flip-probe: flip #290 ok=true present=5ms inter_flip_ms=53 drawcalls-since-flip=325 drawcalls-total=22977 fail-total=0 null-skips-total=0
[22:04:02] [info] flip-probe: flip #300 ok=true present=-3ms inter_flip_ms=56 drawcalls-since-flip=43 drawcalls-total=23843 fail-total=0 null-skips-total=0
[22:04:02] [info] alpha audit block 0: 9317 total drawcalls, 0 with alpha<255 (block pct_x10=0; global 0/22845 pct_x10=0); alpha-mod skipped: block=0 global=0
[22:04:02] [info] fastpath audit block 0: taken=9317 (idx8=9317) skipped=0 pct_x10=1000; global taken=22845 (idx8=22845) skipped=0 pct_x10=1000
[22:04:02] [info] primitive tally block 0: clear=201(hr=201) fill=0(hr=0) rect=0(hr=0) line=0(hr=0) tint=0 spotlight=0 (over 100 flips ending at flip 300)
[22:04:02] [info] color/alpha audit block 0: cmod_white=234 cmod_black=234 (idx=234) cmod_general=0 (idx=0) cmod_fb=0; alpha_taken=0 alpha_skipped=0 (global cmod=1766/234/714/0 idx=234/714 alpha=0/0)
[22:04:02] [info] phase timing block 0: drawcalls=9993 dc_total_ms=1101 flip_inner_total_ms=661 inter_flip_total_ms=3407 (per-flip avg x10: dc_ms=110 fi_ms=66 if_ms=340 derived audio+engine_ms=164; per-drawcall avg us_x10=1102) [direct-vesa: presents=100 total_ms=614 avg_ms_x10=61 failed=0] [ablation: NO_DC_TIMING=0 CACHE_WINSURF=0 DIRECT_VESA=1]
[22:04:02] [info] kbd/audio block 0: kbd_irq=0 kbd_drain=0 ring_chunks=16 pump_pass=333 pic1_mask=0xb8 first_irq_ticks=0 install_ticks=0 vector_at_install=0x0084e430 pic1_mask_live=0xb8 kbd_8042_stat=0x34 bios_kbd_head=0x0030 bios_kbd_tail=0x0030 bios_kbd_buf0=0x1c0d
[22:04:02] [info] [tile-speedup-stat n=100 drawtile_us=565.03 raw_blit_us=12.17 ratio=46.43]
[22:04:02] [info] dirty-rect block @flip=300: total_calls=100 dirty_rects_avg=1 dirty_pct_x10=1000 forced_full=0 first_n_force=0 threshold_exceeded=0 dirty_path_taken=0 full_flush_taken=0
[22:04:02] [info] prev-frame-diff block @flip=300: diff_calls=0 diff_rects_avg=0 diff_dirty_pct_x10=0 bbox_pct_x10=0 bbox_thresh_exceeded=0
[22:04:02] [info] flip-probe: flip #310 ok=true present=-3ms inter_flip_ms=55 drawcalls-since-flip=43 drawcalls-total=24380 fail-total=0 null-skips-total=0
[22:04:02] [info] flip-probe: flip #320 ok=true present=-3ms inter_flip_ms=54 drawcalls-since-flip=45 drawcalls-total=24834 fail-total=0 null-skips-total=0
[22:04:03] [info] flip-probe: flip #330 ok=true present=5ms inter_flip_ms=-3 drawcalls-since-flip=43 drawcalls-total=25280 fail-total=0 null-skips-total=0
[22:04:03] [info] flip-probe: flip #340 ok=true present=-3ms inter_flip_ms=58 drawcalls-since-flip=42 drawcalls-total=25701 fail-total=0 null-skips-total=0
[22:04:04] [info] flip-probe: flip #350 ok=true present=6ms inter_flip_ms=1 drawcalls-since-flip=42 drawcalls-total=26121 fail-total=0 null-skips-total=0
[22:04:04] [info] backdrop cache: thrashing-detect engaged (streak=4, route=direct)
[22:04:04] [info] flip-probe: flip #360 ok=true present=-3ms inter_flip_ms=53 drawcalls-since-flip=42 drawcalls-total=26541 fail-total=0 null-skips-total=0
[22:04:04] [info] flip-probe: flip #370 ok=true present=-2ms inter_flip_ms=3 drawcalls-since-flip=42 drawcalls-total=26961 fail-total=0 null-skips-total=0
[22:04:05] [info] flip-probe: flip #380 ok=true present=6ms inter_flip_ms=56 drawcalls-since-flip=42 drawcalls-total=27381 fail-total=0 null-skips-total=0
[22:04:05] [info] flip-probe: flip #390 ok=true present=-3ms inter_flip_ms=-1 drawcalls-since-flip=42 drawcalls-total=27801 fail-total=0 null-skips-total=0
[22:04:05] [info] flip-probe: flip #400 ok=true present=5ms inter_flip_ms=55 drawcalls-since-flip=43 drawcalls-total=28226 fail-total=0 null-skips-total=0
[22:04:05] [info] alpha audit block 0: 2983 total drawcalls, 0 with alpha<255 (block pct_x10=0; global 0/25828 pct_x10=0); alpha-mod skipped: block=0 global=0
[22:04:05] [info] fastpath audit block 0: taken=2983 (idx8=2983) skipped=0 pct_x10=1000; global taken=25828 (idx8=25828) skipped=0 pct_x10=1000
[22:04:05] [info] primitive tally block 0: clear=200(hr=200) fill=0(hr=0) rect=0(hr=0) line=0(hr=0) tint=0 spotlight=0 (over 100 flips ending at flip 400)
[22:04:05] [info] color/alpha audit block 0: cmod_white=1300 cmod_black=1300 (idx=1300) cmod_general=0 (idx=0) cmod_fb=0; alpha_taken=0 alpha_skipped=0 (global cmod=3066/1534/714/0 idx=1534/714 alpha=0/0)
[22:04:05] [info] phase timing block 0: drawcalls=5824 dc_total_ms=1077 flip_inner_total_ms=471 inter_flip_total_ms=3347 (per-flip avg x10: dc_ms=107 fi_ms=47 if_ms=334 derived audio+engine_ms=180; per-drawcall avg us_x10=1849) [direct-vesa: presents=100 total_ms=471 avg_ms_x10=47 failed=0] [ablation: NO_DC_TIMING=0 CACHE_WINSURF=0 DIRECT_VESA=1]
[22:04:05] [info] kbd/audio block 0: kbd_irq=0 kbd_drain=0 ring_chunks=16 pump_pass=502 pic1_mask=0xb8 first_irq_ticks=0 install_ticks=0 vector_at_install=0x0084e430 pic1_mask_live=0xb8 kbd_8042_stat=0x34 bios_kbd_head=0x0030 bios_kbd_tail=0x0030 bios_kbd_buf0=0x1c0d
[22:04:05] [info] dirty-rect block @flip=400: total_calls=0 dirty_rects_avg=1 dirty_pct_x10=1000 forced_full=0 first_n_force=0 threshold_exceeded=0 dirty_path_taken=0 full_flush_taken=0
[22:04:05] [info] prev-frame-diff block @flip=400: diff_calls=0 diff_rects_avg=0 diff_dirty_pct_x10=0 bbox_pct_x10=0 bbox_thresh_exceeded=0
[22:04:05] [info] flip-probe: flip #410 ok=true present=-2ms inter_flip_ms=54 drawcalls-since-flip=17 drawcalls-total=28448 fail-total=0 null-skips-total=0
[22:04:06] [info] backdrop cache: thrashing-detect engaged (streak=64, route=direct)
[22:04:06] [info] flip-probe: flip #420 ok=true present=-2ms inter_flip_ms=1 drawcalls-since-flip=17 drawcalls-total=28618 fail-total=0 null-skips-total=0
[22:04:06] [info] flip-probe: flip #430 ok=true present=5ms inter_flip_ms=-3 drawcalls-since-flip=18 drawcalls-total=28791 fail-total=0 null-skips-total=0
[22:04:06] [info] flip-probe: flip #440 ok=true present=-1ms inter_flip_ms=0 drawcalls-since-flip=19 drawcalls-total=28976 fail-total=0 null-skips-total=0
[22:04:07] [info] flip-probe: flip #450 ok=true present=-3ms inter_flip_ms=55 drawcalls-since-flip=16 drawcalls-total=29146 fail-total=0 null-skips-total=0
[22:04:07] [info] flip-probe: flip #460 ok=true present=-2ms inter_flip_ms=4 drawcalls-since-flip=17 drawcalls-total=29307 fail-total=0 null-skips-total=0
[22:04:07] [info] run_tick_fixed #600: heartbeat (loop alive)
[22:04:07] [info] run_tick_fixed #600: heartbeat (loop alive)
[22:04:07] [info] flip-probe: flip #470 ok=true present=-2ms inter_flip_ms=57 drawcalls-since-flip=17 drawcalls-total=29471 fail-total=0 null-skips-total=0
[22:04:07] [info] backdrop cache: thrashing-detect engaged (streak=124, route=direct)
[22:04:07] [info] flip-probe: flip #480 ok=true present=6ms inter_flip_ms=-1 drawcalls-since-flip=15 drawcalls-total=29638 fail-total=0 null-skips-total=0
[22:04:08] [info] flip-probe: flip #490 ok=true present=6ms inter_flip_ms=-2 drawcalls-since-flip=14 drawcalls-total=29781 fail-total=0 null-skips-total=0
[22:04:08] [info] flip-probe: flip #500 ok=true present=-2ms inter_flip_ms=55 drawcalls-since-flip=16 drawcalls-total=29933 fail-total=0 null-skips-total=0
[22:04:08] [info] alpha audit block 0: 1581 total drawcalls, 0 with alpha<255 (block pct_x10=0; global 0/27409 pct_x10=0); alpha-mod skipped: block=0 global=0
[22:04:08] [info] fastpath audit block 0: taken=1581 (idx8=1581) skipped=0 pct_x10=1000; global taken=27409 (idx8=27409) skipped=0 pct_x10=1000
[22:04:08] [info] primitive tally block 0: clear=200(hr=200) fill=0(hr=0) rect=0(hr=0) line=0(hr=0) tint=0 spotlight=0 (over 100 flips ending at flip 500)
[22:04:08] [info] color/alpha audit block 0: cmod_white=26 cmod_black=26 (idx=26) cmod_general=0 (idx=0) cmod_fb=0; alpha_taken=0 alpha_skipped=0 (global cmod=3092/1560/714/0 idx=1560/714 alpha=0/0)
[22:04:08] [info] phase timing block 0: drawcalls=1833 dc_total_ms=668 flip_inner_total_ms=384 inter_flip_total_ms=2914 (per-flip avg x10: dc_ms=66 fi_ms=38 if_ms=291 derived audio+engine_ms=187; per-drawcall avg us_x10=3647) [direct-vesa: presents=100 total_ms=275 avg_ms_x10=27 failed=0] [ablation: NO_DC_TIMING=0 CACHE_WINSURF=0 DIRECT_VESA=1]
[22:04:08] [info] kbd/audio block 0: kbd_irq=0 kbd_drain=0 ring_chunks=16 pump_pass=651 pic1_mask=0xb8 first_irq_ticks=0 install_ticks=0 vector_at_install=0x0084e430 pic1_mask_live=0xb8 kbd_8042_stat=0x34 bios_kbd_head=0x0030 bios_kbd_tail=0x0030 bios_kbd_buf0=0x1c0d
[22:04:08] [info] dirty-rect block @flip=500: total_calls=0 dirty_rects_avg=1 dirty_pct_x10=1000 forced_full=0 first_n_force=0 threshold_exceeded=0 dirty_path_taken=0 full_flush_taken=0
[22:04:08] [info] prev-frame-diff block @flip=500: diff_calls=0 diff_rects_avg=0 diff_dirty_pct_x10=0 bbox_pct_x10=0 bbox_thresh_exceeded=0
[22:04:08] [info] flip-probe: flip #510 ok=true present=-3ms inter_flip_ms=51 drawcalls-since-flip=17 drawcalls-total=30103 fail-total=0 null-skips-total=0
[22:04:09] [info] flip-probe: flip #520 ok=true present=-3ms inter_flip_ms=-1 drawcalls-since-flip=14 drawcalls-total=30248 fail-total=0 null-skips-total=0
[22:04:09] [info] flip-probe: flip #530 ok=true present=-3ms inter_flip_ms=5 drawcalls-since-flip=14 drawcalls-total=30388 fail-total=0 null-skips-total=0
[22:04:09] [info] backdrop cache: thrashing-detect engaged (streak=184, route=direct)
[22:04:09] [info] flip-probe: flip #540 ok=true present=6ms inter_flip_ms=51 drawcalls-since-flip=14 drawcalls-total=30528 fail-total=0 null-skips-total=0
[22:04:10] [info] flip-probe: flip #550 ok=true present=5ms inter_flip_ms=55 drawcalls-since-flip=319 drawcalls-total=32998 fail-total=0 null-skips-total=0
[22:04:10] [info]  >> Entering stage 17: 'Yamashita Farm'.
[22:04:10] [info] [skip-sheet-flush] cave=4
[22:04:10] [info] [load-stage] preloading entry music song=13 (cave=4)
[22:04:10] [info] [music-dispatch] tick=752 song=13 (prev 9)
[22:04:10] [info] opl2 backend: on_song_stop
[22:04:10] [info] MidiScheduler::load: parsed 'data/orgmid2/plant.mid' = 3000 events at 48 PPQ
[22:04:10] [info] opl2 backend: on_song_start
[22:04:10] [info] gameloop: entered (curmap=17, running=1)
[22:04:10] [info] gameloop: iter 1 ticks=30658 mapno=-1
[22:04:10] [info] mds-clear-lut: rebuilt N=240 entries (k_skip=33% k_keep=67%; curmap=17 map_size=40x16; rebuild #2 since boot)
[22:04:11] [info] gameloop: iter 2 ticks=30822 mapno=-1
[22:04:11] [info] tas: stall frame 160 ms -> contributing 1 tick (patch 0286)
[22:04:11] [info] gameloop: iter 3 ticks=30876 mapno=-1
[22:04:11] [info] flip-probe: flip #560 ok=true present=-3ms inter_flip_ms=53 drawcalls-since-flip=411 drawcalls-total=36386 fail-total=0 null-skips-total=0
[22:04:11] [info] flip-probe: flip #570 ok=true present=-3ms inter_flip_ms=56 drawcalls-since-flip=137 drawcalls-total=39033 fail-total=0 null-skips-total=0
[22:04:12] [info] flip-probe: flip #580 ok=true present=-3ms inter_flip_ms=5 drawcalls-since-flip=135 drawcalls-total=40367 fail-total=0 null-skips-total=0
[22:04:12] [info] flip-probe: flip #590 ok=true present=5ms inter_flip_ms=52 drawcalls-since-flip=139 drawcalls-total=41751 fail-total=0 null-skips-total=0
[22:04:12] [info] flip-probe: flip #600 ok=true present=-3ms inter_flip_ms=57 drawcalls-since-flip=140 drawcalls-total=43105 fail-total=0 null-skips-total=0
[22:04:12] [info] alpha audit block 0: 12474 total drawcalls, 0 with alpha<255 (block pct_x10=0; global 0/39883 pct_x10=0); alpha-mod skipped: block=0 global=0
[22:04:12] [info] fastpath audit block 0: taken=12474 (idx8=12474) skipped=0 pct_x10=1000; global taken=39883 (idx8=39883) skipped=0 pct_x10=1000
[22:04:12] [info] primitive tally block 0: clear=201(hr=201) fill=0(hr=0) rect=0(hr=0) line=0(hr=0) tint=0 spotlight=0 (over 100 flips ending at flip 600)
[22:04:12] [info] color/alpha audit block 0: cmod_white=598 cmod_black=598 (idx=598) cmod_general=0 (idx=0) cmod_fb=0; alpha_taken=0 alpha_skipped=0 (global cmod=3690/2158/714/0 idx=2158/714 alpha=0/0)
[22:04:12] [info] phase timing block 0: drawcalls=13917 dc_total_ms=1707 flip_inner_total_ms=256 inter_flip_total_ms=4396 (per-flip avg x10: dc_ms=170 fi_ms=25 if_ms=439 derived audio+engine_ms=244; per-drawcall avg us_x10=1226) [direct-vesa: presents=100 total_ms=45 avg_ms_x10=4 failed=0] [ablation: NO_DC_TIMING=0 CACHE_WINSURF=0 DIRECT_VESA=1]
[22:04:12] [info] kbd/audio block 0: kbd_irq=0 kbd_drain=0 ring_chunks=16 pump_pass=842 pic1_mask=0xb8 first_irq_ticks=0 install_ticks=0 vector_at_install=0x0084e430 pic1_mask_live=0xb8 kbd_8042_stat=0x34 bios_kbd_head=0x0030 bios_kbd_tail=0x0030 bios_kbd_buf0=0x1c0d
[22:04:12] [info] dirty-rect block @flip=600: total_calls=0 dirty_rects_avg=1 dirty_pct_x10=1000 forced_full=0 first_n_force=0 threshold_exceeded=0 dirty_path_taken=0 full_flush_taken=0
[22:04:12] [info] prev-frame-diff block @flip=600: diff_calls=0 diff_rects_avg=0 diff_dirty_pct_x10=0 bbox_pct_x10=0 bbox_thresh_exceeded=0
[22:04:13] [info] backdrop cache: thrashing-detect engaged (streak=4, route=direct)
[22:04:13] [info] flip-probe: flip #610 ok=true present=-3ms inter_flip_ms=61 drawcalls-since-flip=135 drawcalls-total=44432 fail-total=0 null-skips-total=0
[22:04:13] [info] flip-probe: flip #620 ok=true present=-2ms inter_flip_ms=61 drawcalls-since-flip=135 drawcalls-total=45779 fail-total=0 null-skips-total=0
[22:04:14] [info] run_tick_fixed #900: heartbeat (loop alive)
[22:04:14] [info] flip-probe: flip #630 ok=true present=6ms inter_flip_ms=49 drawcalls-since-flip=135 drawcalls-total=47145 fail-total=0 null-skips-total=0
[22:04:14] [info] flip-probe: flip #640 ok=true present=-3ms inter_flip_ms=59 drawcalls-since-flip=138 drawcalls-total=48511 fail-total=0 null-skips-total=0
[22:04:14] [info] flip-probe: flip #650 ok=true present=-3ms inter_flip_ms=60 drawcalls-since-flip=144 drawcalls-total=49924 fail-total=0 null-skips-total=0
[22:04:15] [info] flip-probe: flip #660 ok=true present=-3ms inter_flip_ms=-3 drawcalls-since-flip=142 drawcalls-total=51343 fail-total=0 null-skips-total=0
[22:04:15] [info] backdrop cache: thrashing-detect engaged (streak=64, route=direct)
[22:04:15] [info] flip-probe: flip #670 ok=true present=-2ms inter_flip_ms=59 drawcalls-since-flip=141 drawcalls-total=52766 fail-total=0 null-skips-total=0
[22:04:16] [info] flip-probe: flip #680 ok=true present=-3ms inter_flip_ms=61 drawcalls-since-flip=113 drawcalls-total=53982 fail-total=0 null-skips-total=0
[22:04:16] [info] flip-probe: flip #690 ok=true present=-3ms inter_flip_ms=-3 drawcalls-since-flip=105 drawcalls-total=55050 fail-total=0 null-skips-total=0
[22:04:16] [info] flip-probe: flip #700 ok=true present=-2ms inter_flip_ms=60 drawcalls-since-flip=91 drawcalls-total=56036 fail-total=0 null-skips-total=0
[22:04:16] [info] alpha audit block 0: 11869 total drawcalls, 0 with alpha<255 (block pct_x10=0; global 0/51752 pct_x10=0); alpha-mod skipped: block=0 global=0
[22:04:16] [info] fastpath audit block 0: taken=11869 (idx8=11869) skipped=0 pct_x10=1000; global taken=51752 (idx8=51752) skipped=0 pct_x10=1000
[22:04:16] [info] primitive tally block 0: clear=200(hr=200) fill=0(hr=0) rect=0(hr=0) line=0(hr=0) tint=0 spotlight=0 (over 100 flips ending at flip 700)
[22:04:16] [info] color/alpha audit block 0: cmod_white=962 cmod_black=962 (idx=962) cmod_general=0 (idx=0) cmod_fb=0; alpha_taken=0 alpha_skipped=0 (global cmod=4652/3120/714/0 idx=3120/714 alpha=0/0)
[22:04:16] [info] phase timing block 0: drawcalls=14007 dc_total_ms=666 flip_inner_total_ms=336 inter_flip_total_ms=4010 (per-flip avg x10: dc_ms=66 fi_ms=33 if_ms=401 derived audio+engine_ms=302; per-drawcall avg us_x10=476) [direct-vesa: presents=100 total_ms=243 avg_ms_x10=24 failed=0] [ablation: NO_DC_TIMING=0 CACHE_WINSURF=0 DIRECT_VESA=1]
[22:04:16] [info] kbd/audio block 0: kbd_irq=0 kbd_drain=0 ring_chunks=16 pump_pass=1043 pic1_mask=0xb8 first_irq_ticks=0 install_ticks=0 vector_at_install=0x0084e430 pic1_mask_live=0xb8 kbd_8042_stat=0x34 bios_kbd_head=0x0030 bios_kbd_tail=0x0030 bios_kbd_buf0=0x1c0d
[22:04:16] [info] dirty-rect block @flip=700: total_calls=0 dirty_rects_avg=1 dirty_pct_x10=1000 forced_full=0 first_n_force=0 threshold_exceeded=0 dirty_path_taken=0 full_flush_taken=0
[22:04:16] [info] prev-frame-diff block @flip=700: diff_calls=0 diff_rects_avg=0 diff_dirty_pct_x10=0 bbox_pct_x10=0 bbox_thresh_exceeded=0
[22:04:17] [info] flip-probe: flip #710 ok=true present=6ms inter_flip_ms=52 drawcalls-since-flip=105 drawcalls-total=57095 fail-total=0 null-skips-total=0
[22:04:17] [info] flip-probe: flip #720 ok=true present=-2ms inter_flip_ms=3 drawcalls-since-flip=99 drawcalls-total=58119 fail-total=0 null-skips-total=0
[22:04:18] [info] flip-probe: flip #730 ok=true present=-3ms inter_flip_ms=60 drawcalls-since-flip=99 drawcalls-total=59102 fail-total=0 null-skips-total=0
[22:04:18] [info] flip-probe: flip #740 ok=true present=53ms inter_flip_ms=5 drawcalls-since-flip=102 drawcalls-total=60104 fail-total=0 null-skips-total=0
[22:04:18] [info] flip-probe: flip #750 ok=true present=5ms inter_flip_ms=52 drawcalls-since-flip=106 drawcalls-total=61066 fail-total=0 null-skips-total=0
[22:04:18] [info] backdrop cache: thrashing-detect engaged (streak=4, route=direct)
[22:04:19] [info] flip-probe: flip #760 ok=true present=-2ms inter_flip_ms=58 drawcalls-since-flip=117 drawcalls-total=62203 fail-total=0 null-skips-total=0
[22:04:19] [info] flip-probe: flip #770 ok=true present=-3ms inter_flip_ms=61 drawcalls-since-flip=116 drawcalls-total=63371 fail-total=0 null-skips-total=0
[22:04:19] [info] tas: stall frame 274 ms -> contributing 1 tick (patch 0286)
[22:04:20] [info] flip-probe: flip #780 ok=true present=-3ms inter_flip_ms=53 drawcalls-since-flip=114 drawcalls-total=64521 fail-total=0 null-skips-total=0
[22:04:20] [info] backdrop cache: thrashing-detect engaged (streak=4, route=direct)
[22:04:20] [info] flip-probe: flip #790 ok=true present=-2ms inter_flip_ms=57 drawcalls-since-flip=111 drawcalls-total=65663 fail-total=0 null-skips-total=0
[22:04:21] [info] flip-probe: flip #800 ok=true present=-3ms inter_flip_ms=63 drawcalls-since-flip=111 drawcalls-total=66770 fail-total=0 null-skips-total=0
[22:04:21] [info] alpha audit block 0: 10634 total drawcalls, 0 with alpha<255 (block pct_x10=0; global 0/62386 pct_x10=0); alpha-mod skipped: block=0 global=0
[22:04:21] [info] fastpath audit block 0: taken=10634 (idx8=10634) skipped=0 pct_x10=1000; global taken=62386 (idx8=62386) skipped=0 pct_x10=1000
[22:04:21] [info] primitive tally block 0: clear=200(hr=200) fill=0(hr=0) rect=0(hr=0) line=0(hr=0) tint=0 spotlight=0 (over 100 flips ending at flip 800)
[22:04:21] [info] phase timing block 0: drawcalls=10891 dc_total_ms=840 flip_inner_total_ms=815 inter_flip_total_ms=4120 (per-flip avg x10: dc_ms=84 fi_ms=81 if_ms=412 derived audio+engine_ms=247; per-drawcall avg us_x10=771) [direct-vesa: presents=100 total_ms=475 avg_ms_x10=47 failed=0] [ablation: NO_DC_TIMING=0 CACHE_WINSURF=0 DIRECT_VESA=1]
[22:04:21] [info] kbd/audio block 0: kbd_irq=0 kbd_drain=0 ring_chunks=16 pump_pass=1238 pic1_mask=0xb8 first_irq_ticks=0 install_ticks=0 vector_at_install=0x0084e430 pic1_mask_live=0xb8 kbd_8042_stat=0x34 bios_kbd_head=0x0030 bios_kbd_tail=0x0030 bios_kbd_buf0=0x1c0d
[22:04:21] [info] dirty-rect block @flip=800: total_calls=0 dirty_rects_avg=1 dirty_pct_x10=1000 forced_full=0 first_n_force=0 threshold_exceeded=0 dirty_path_taken=0 full_flush_taken=0
[22:04:21] [info] prev-frame-diff block @flip=800: diff_calls=0 diff_rects_avg=0 diff_dirty_pct_x10=0 bbox_pct_x10=0 bbox_thresh_exceeded=0
[22:04:21] [info] flip-probe: flip #810 ok=true present=-2ms inter_flip_ms=53 drawcalls-since-flip=109 drawcalls-total=67870 fail-total=0 null-skips-total=0
[22:04:21] [info] flip-probe: flip #820 ok=true present=5ms inter_flip_ms=-4 drawcalls-since-flip=103 drawcalls-total=68918 fail-total=0 null-skips-total=0
[22:04:22] [info] flip-probe: flip #830 ok=true present=6ms inter_flip_ms=54 drawcalls-since-flip=102 drawcalls-total=69947 fail-total=0 null-skips-total=0
[22:04:22] [info] flip-probe: flip #840 ok=true present=53ms inter_flip_ms=5 drawcalls-since-flip=109 drawcalls-total=71004 fail-total=0 null-skips-total=0
[22:04:22] [info] backdrop cache: thrashing-detect engaged (streak=64, route=direct)
[22:04:22] [info] flip-probe: flip #850 ok=true present=-3ms inter_flip_ms=-1 drawcalls-since-flip=111 drawcalls-total=72118 fail-total=0 null-skips-total=0
[22:04:23] [info] flip-probe: flip #860 ok=true present=-3ms inter_flip_ms=63 drawcalls-since-flip=109 drawcalls-total=73234 fail-total=0 null-skips-total=0
[22:04:23] [info] flip-probe: flip #870 ok=true present=-3ms inter_flip_ms=55 drawcalls-since-flip=106 drawcalls-total=74284 fail-total=0 null-skips-total=0
[22:04:24] [info] flip-probe: flip #880 ok=true present=-2ms inter_flip_ms=53 drawcalls-since-flip=114 drawcalls-total=75436 fail-total=0 null-skips-total=0
[22:04:24] [info] flip-probe: flip #890 ok=true present=5ms inter_flip_ms=-2 drawcalls-since-flip=120 drawcalls-total=76611 fail-total=0 null-skips-total=0
[22:04:24] [info] flip-probe: flip #900 ok=true present=-2ms inter_flip_ms=60 drawcalls-since-flip=117 drawcalls-total=77803 fail-total=0 null-skips-total=0
[22:04:24] [info] alpha audit block 0: 10933 total drawcalls, 0 with alpha<255 (block pct_x10=0; global 0/73319 pct_x10=0); alpha-mod skipped: block=0 global=0
[22:04:24] [info] fastpath audit block 0: taken=10933 (idx8=10933) skipped=0 pct_x10=1000; global taken=73319 (idx8=73319) skipped=0 pct_x10=1000
[22:04:24] [info] primitive tally block 0: clear=200(hr=200) fill=0(hr=0) rect=0(hr=0) line=0(hr=0) tint=0 spotlight=0 (over 100 flips ending at flip 900)
[22:04:24] [info] phase timing block 0: drawcalls=11133 dc_total_ms=610 flip_inner_total_ms=300 inter_flip_total_ms=3733 (per-flip avg x10: dc_ms=61 fi_ms=30 if_ms=373 derived audio+engine_ms=282; per-drawcall avg us_x10=548) [direct-vesa: presents=100 total_ms=192 avg_ms_x10=19 failed=0] [ablation: NO_DC_TIMING=0 CACHE_WINSURF=0 DIRECT_VESA=1]
[22:04:24] [info] kbd/audio block 0: kbd_irq=0 kbd_drain=0 ring_chunks=16 pump_pass=1427 pic1_mask=0xb8 first_irq_ticks=0 install_ticks=0 vector_at_install=0x0084e430 pic1_mask_live=0xb8 kbd_8042_stat=0x34 bios_kbd_head=0x0030 bios_kbd_tail=0x0030 bios_kbd_buf0=0x1c0d
[22:04:24] [info] dirty-rect block @flip=900: total_calls=0 dirty_rects_avg=1 dirty_pct_x10=1000 forced_full=0 first_n_force=0 threshold_exceeded=0 dirty_path_taken=0 full_flush_taken=0
[22:04:24] [info] prev-frame-diff block @flip=900: diff_calls=0 diff_rects_avg=0 diff_dirty_pct_x10=0 bbox_pct_x10=0 bbox_thresh_exceeded=0
[22:04:24] [info] backdrop cache: thrashing-detect engaged (streak=124, route=direct)
[22:04:25] [info] flip-probe: flip #910 ok=true present=52ms inter_flip_ms=3 drawcalls-since-flip=113 drawcalls-total=78939 fail-total=0 null-skips-total=0
[22:04:25] [info] flip-probe: flip #920 ok=true present=-3ms inter_flip_ms=60 drawcalls-since-flip=114 drawcalls-total=80082 fail-total=0 null-skips-total=0
[22:04:25] [info] flip-probe: flip #930 ok=true present=-3ms inter_flip_ms=4 drawcalls-since-flip=114 drawcalls-total=81226 fail-total=0 null-skips-total=0
[22:04:26] [info] run_tick_fixed #1500: heartbeat (loop alive)
[22:04:26] [info] flip-probe: flip #940 ok=true present=6ms inter_flip_ms=54 drawcalls-since-flip=406 drawcalls-total=83709 fail-total=0 null-skips-total=0
[22:04:26] [info]  >> Entering stage 11: 'Mimiga Village'.
[22:04:26] [info] [skip-sheet-flush] cave=5
[22:04:26] [info] [load-stage] preloading entry music song=9 (cave=5)
[22:04:26] [info] [music-dispatch] tick=1522 song=9 (prev 13)
[22:04:26] [info] opl2 backend: on_song_stop
[22:04:26] [info] MidiScheduler::load: parsed 'data/orgmid2/mura.mid' = 2863 events at 48 PPQ
[22:04:26] [info] opl2 backend: on_song_start
[22:04:27] [info] gameloop: entered (curmap=11, running=1)
[22:04:27] [info] gameloop: iter 1 ticks=46806 mapno=-1
[22:04:27] [info] mds-clear-lut: rebuilt N=240 entries (k_skip=0% k_keep=100%; curmap=11 map_size=60x60; rebuild #3 since boot)
[22:04:27] [info] gameloop: iter 2 ticks=46859 mapno=-1
[22:04:27] [info] gameloop: iter 3 ticks=46969 mapno=-1
[22:04:27] [info] flip-probe: flip #950 ok=true present=-2ms inter_flip_ms=56 drawcalls-since-flip=345 drawcalls-total=87226 fail-total=0 null-skips-total=0
[22:04:27] [info] flip-probe: flip #960 ok=true present=-3ms inter_flip_ms=3 drawcalls-since-flip=45 drawcalls-total=89206 fail-total=0 null-skips-total=0
[22:04:28] [info] flip-probe: flip #970 ok=true present=-2ms inter_flip_ms=59 drawcalls-since-flip=40 drawcalls-total=89596 fail-total=0 null-skips-total=0
[22:04:28] [info] flip-probe: flip #980 ok=true present=-3ms inter_flip_ms=62 drawcalls-since-flip=40 drawcalls-total=89996 fail-total=0 null-skips-total=0
[22:04:28] [info] flip-probe: flip #990 ok=true present=-2ms inter_flip_ms=6 drawcalls-since-flip=40 drawcalls-total=90396 fail-total=0 null-skips-total=0
[22:04:29] [info] backdrop cache: thrashing-detect engaged (streak=4, route=direct)
[22:04:29] [info] flip-probe: flip #1000 ok=true present=5ms inter_flip_ms=54 drawcalls-since-flip=40 drawcalls-total=90796 fail-total=0 null-skips-total=0
[22:04:29] [info] alpha audit block 0: 12191 total drawcalls, 0 with alpha<255 (block pct_x10=0; global 0/85510 pct_x10=0); alpha-mod skipped: block=0 global=0
[22:04:29] [info] fastpath audit block 0: taken=12191 (idx8=12191) skipped=0 pct_x10=1000; global taken=85510 (idx8=85510) skipped=0 pct_x10=1000
[22:04:29] [info] primitive tally block 0: clear=201(hr=201) fill=0(hr=0) rect=0(hr=0) line=0(hr=0) tint=0 spotlight=0 (over 100 flips ending at flip 1000)
[22:04:29] [info] color/alpha audit block 0: cmod_white=702 cmod_black=702 (idx=702) cmod_general=0 (idx=0) cmod_fb=0; alpha_taken=0 alpha_skipped=0 (global cmod=5354/3822/714/0 idx=3822/714 alpha=0/0)
[22:04:29] [info] phase timing block 0: drawcalls=13844 dc_total_ms=1531 flip_inner_total_ms=144 inter_flip_total_ms=4500 (per-flip avg x10: dc_ms=153 fi_ms=14 if_ms=450 derived audio+engine_ms=283; per-drawcall avg us_x10=1105) [direct-vesa: presents=100 total_ms=127 avg_ms_x10=12 failed=0] [ablation: NO_DC_TIMING=0 CACHE_WINSURF=0 DIRECT_VESA=1]
[22:04:29] [info] kbd/audio block 0: kbd_irq=0 kbd_drain=0 ring_chunks=16 pump_pass=1629 pic1_mask=0xb8 first_irq_ticks=0 install_ticks=0 vector_at_install=0x0084e430 pic1_mask_live=0xb8 kbd_8042_stat=0x34 bios_kbd_head=0x0030 bios_kbd_tail=0x0030 bios_kbd_buf0=0x1c0d
[22:04:29] [info] dirty-rect block @flip=1000: total_calls=0 dirty_rects_avg=1 dirty_pct_x10=1000 forced_full=0 first_n_force=0 threshold_exceeded=0 dirty_path_taken=0 full_flush_taken=0
[22:04:29] [info] prev-frame-diff block @flip=1000: diff_calls=0 diff_rects_avg=0 diff_dirty_pct_x10=0 bbox_pct_x10=0 bbox_thresh_exceeded=0
[22:04:29] [info] flip-probe: flip #1010 ok=true present=-3ms inter_flip_ms=1 drawcalls-since-flip=42 drawcalls-total=91202 fail-total=0 null-skips-total=0
[22:04:29] [info] flip-probe: flip #1020 ok=true present=-2ms inter_flip_ms=55 drawcalls-since-flip=40 drawcalls-total=91608 fail-total=0 null-skips-total=0
[22:04:30] [info] flip-probe: flip #1030 ok=true present=6ms inter_flip_ms=-5 drawcalls-since-flip=40 drawcalls-total=92012 fail-total=0 null-skips-total=0
[22:04:30] [info] flip-probe: flip #1040 ok=true present=-3ms inter_flip_ms=54 drawcalls-since-flip=41 drawcalls-total=92416 fail-total=0 null-skips-total=0
[22:04:30] [info] flip-probe: flip #1050 ok=true present=-3ms inter_flip_ms=-3 drawcalls-since-flip=41 drawcalls-total=92826 fail-total=0 null-skips-total=0
[22:04:30] [info] backdrop cache: thrashing-detect engaged (streak=64, route=direct)
[22:04:31] [info] flip-probe: flip #1060 ok=true present=-3ms inter_flip_ms=56 drawcalls-since-flip=42 drawcalls-total=93242 fail-total=0 null-skips-total=0
[22:04:31] [info] flip-probe: flip #1070 ok=true present=5ms inter_flip_ms=53 drawcalls-since-flip=15 drawcalls-total=93554 fail-total=0 null-skips-total=0
[22:04:31] [info] tas: stall frame 275 ms -> contributing 1 tick (patch 0286)
[22:04:31] [info] flip-probe: flip #1080 ok=true present=52ms inter_flip_ms=3 drawcalls-since-flip=15 drawcalls-total=93704 fail-total=0 null-skips-total=0
[22:04:32] [info] flip-probe: flip #1090 ok=true present=52ms inter_flip_ms=2 drawcalls-since-flip=15 drawcalls-total=93854 fail-total=0 null-skips-total=0
[22:04:32] [info] flip-probe: flip #1100 ok=true present=5ms inter_flip_ms=2 drawcalls-since-flip=18 drawcalls-total=94007 fail-total=0 null-skips-total=0
[22:04:32] [info] alpha audit block 0: 2253 total drawcalls, 0 with alpha<255 (block pct_x10=0; global 0/87763 pct_x10=0); alpha-mod skipped: block=0 global=0
[22:04:32] [info] fastpath audit block 0: taken=2253 (idx8=2253) skipped=0 pct_x10=1000; global taken=87763 (idx8=87763) skipped=0 pct_x10=1000
[22:04:32] [info] primitive tally block 0: clear=200(hr=200) fill=0(hr=0) rect=0(hr=0) line=0(hr=0) tint=0 spotlight=0 (over 100 flips ending at flip 1100)
[22:04:32] [info] color/alpha audit block 0: cmod_white=858 cmod_black=858 (idx=858) cmod_general=0 (idx=0) cmod_fb=0; alpha_taken=0 alpha_skipped=0 (global cmod=6212/4680/714/0 idx=4680/714 alpha=0/0)
[22:04:32] [info] phase timing block 0: drawcalls=4169 dc_total_ms=632 flip_inner_total_ms=761 inter_flip_total_ms=3131 (per-flip avg x10: dc_ms=63 fi_ms=76 if_ms=313 derived audio+engine_ms=174; per-drawcall avg us_x10=1517) [direct-vesa: presents=100 total_ms=307 avg_ms_x10=30 failed=0] [ablation: NO_DC_TIMING=0 CACHE_WINSURF=0 DIRECT_VESA=1]
[22:04:32] [info] kbd/audio block 0: kbd_irq=0 kbd_drain=0 ring_chunks=16 pump_pass=1780 pic1_mask=0xb8 first_irq_ticks=0 install_ticks=0 vector_at_install=0x0084e430 pic1_mask_live=0xb8 kbd_8042_stat=0x34 bios_kbd_head=0x0030 bios_kbd_tail=0x0030 bios_kbd_buf0=0x1c0d
[22:04:32] [info] dirty-rect block @flip=1100: total_calls=0 dirty_rects_avg=1 dirty_pct_x10=1000 forced_full=0 first_n_force=0 threshold_exceeded=0 dirty_path_taken=0 full_flush_taken=0
[22:04:32] [info] prev-frame-diff block @flip=1100: diff_calls=0 diff_rects_avg=0 diff_dirty_pct_x10=0 bbox_pct_x10=0 bbox_thresh_exceeded=0
[22:04:32] [info] flip-probe: flip #1110 ok=true present=-2ms inter_flip_ms=-1 drawcalls-since-flip=18 drawcalls-total=94187 fail-total=0 null-skips-total=0
[22:04:32] [info] backdrop cache: thrashing-detect engaged (streak=124, route=direct)
[22:04:33] [info] flip-probe: flip #1120 ok=true present=-3ms inter_flip_ms=4 drawcalls-since-flip=18 drawcalls-total=94367 fail-total=0 null-skips-total=0
[22:04:33] [info] flip-probe: flip #1130 ok=true present=-2ms inter_flip_ms=3 drawcalls-since-flip=18 drawcalls-total=94547 fail-total=0 null-skips-total=0
[22:04:33] [info] flip-probe: flip #1140 ok=true present=6ms inter_flip_ms=-5 drawcalls-since-flip=18 drawcalls-total=94727 fail-total=0 null-skips-total=0
[22:04:33] [info] flip-probe: flip #1150 ok=true present=6ms inter_flip_ms=-6 drawcalls-since-flip=17 drawcalls-total=94904 fail-total=0 null-skips-total=0
[22:04:34] [info] flip-probe: flip #1160 ok=true present=6ms inter_flip_ms=-2 drawcalls-since-flip=17 drawcalls-total=95074 fail-total=0 null-skips-total=0
[22:04:34] [info] flip-probe: flip #1170 ok=true present=-3ms inter_flip_ms=3 drawcalls-since-flip=17 drawcalls-total=95236 fail-total=0 null-skips-total=0
[22:04:34] [info] backdrop cache: thrashing-detect engaged (streak=184, route=direct)
[22:04:34] [info] flip-probe: flip #1180 ok=true present=5ms inter_flip_ms=0 drawcalls-since-flip=16 drawcalls-total=95405 fail-total=0 null-skips-total=0
[22:04:34] [info] flip-probe: flip #1190 ok=true present=6ms inter_flip_ms=-4 drawcalls-since-flip=16 drawcalls-total=95565 fail-total=0 null-skips-total=0
[22:04:35] [info] flip-probe: flip #1200 ok=true present=-3ms inter_flip_ms=0 drawcalls-since-flip=16 drawcalls-total=95725 fail-total=0 null-skips-total=0
[22:04:35] [info] alpha audit block 0: 1618 total drawcalls, 0 with alpha<255 (block pct_x10=0; global 0/89381 pct_x10=0); alpha-mod skipped: block=0 global=0
[22:04:35] [info] fastpath audit block 0: taken=1618 (idx8=1618) skipped=0 pct_x10=1000; global taken=89381 (idx8=89381) skipped=0 pct_x10=1000
[22:04:35] [info] primitive tally block 0: clear=200(hr=200) fill=0(hr=0) rect=0(hr=0) line=0(hr=0) tint=0 spotlight=0 (over 100 flips ending at flip 1200)
[22:04:35] [info] phase timing block 0: drawcalls=1818 dc_total_ms=659 flip_inner_total_ms=263 inter_flip_total_ms=2802 (per-flip avg x10: dc_ms=65 fi_ms=26 if_ms=280 derived audio+engine_ms=189; per-drawcall avg us_x10=3625) [direct-vesa: presents=100 total_ms=149 avg_ms_x10=14 failed=0] [ablation: NO_DC_TIMING=0 CACHE_WINSURF=0 DIRECT_VESA=1]
[22:04:35] [info] kbd/audio block 0: kbd_irq=0 kbd_drain=0 ring_chunks=16 pump_pass=1922 pic1_mask=0xb8 first_irq_ticks=0 install_ticks=0 vector_at_install=0x0084e430 pic1_mask_live=0xb8 kbd_8042_stat=0x34 bios_kbd_head=0x0030 bios_kbd_tail=0x0030 bios_kbd_buf0=0x1c0d
[22:04:35] [info] dirty-rect block @flip=1200: total_calls=0 dirty_rects_avg=1 dirty_pct_x10=1000 forced_full=0 first_n_force=0 threshold_exceeded=0 dirty_path_taken=0 full_flush_taken=0
[22:04:35] [info] prev-frame-diff block @flip=1200: diff_calls=0 diff_rects_avg=0 diff_dirty_pct_x10=0 bbox_pct_x10=0 bbox_thresh_exceeded=0
[22:04:35] [info] flip-probe: flip #1210 ok=true present=-2ms inter_flip_ms=0 drawcalls-since-flip=16 drawcalls-total=95885 fail-total=0 null-skips-total=0
[22:04:35] [info] flip-probe: flip #1220 ok=true present=-3ms inter_flip_ms=52 drawcalls-since-flip=16 drawcalls-total=96045 fail-total=0 null-skips-total=0
[22:04:36] [info] flip-probe: flip #1230 ok=true present=-3ms inter_flip_ms=61 drawcalls-since-flip=16 drawcalls-total=96205 fail-total=0 null-skips-total=0
[22:04:36] [info] backdrop cache: thrashing-detect engaged (streak=244, route=direct)
[22:04:36] [info] flip-probe: flip #1240 ok=true present=-3ms inter_flip_ms=-3 drawcalls-since-flip=27 drawcalls-total=96453 fail-total=0 null-skips-total=0
[22:04:36] [info] flip-probe: flip #1250 ok=true present=6ms inter_flip_ms=-4 drawcalls-since-flip=27 drawcalls-total=96723 fail-total=0 null-skips-total=0
[22:04:36] [info] flip-probe: flip #1260 ok=true present=5ms inter_flip_ms=-2 drawcalls-since-flip=26 drawcalls-total=96988 fail-total=0 null-skips-total=0
[22:04:37] [info] flip-probe: flip #1270 ok=true present=-2ms inter_flip_ms=53 drawcalls-since-flip=24 drawcalls-total=97236 fail-total=0 null-skips-total=0
[22:04:37] [info] flip-probe: flip #1280 ok=true present=6ms inter_flip_ms=52 drawcalls-since-flip=17 drawcalls-total=97422 fail-total=0 null-skips-total=0
[22:04:37] [info] flip-probe: flip #1290 ok=true present=6ms inter_flip_ms=51 drawcalls-since-flip=306 drawcalls-total=99702 fail-total=0 null-skips-total=0
[22:04:38] [info] backdrop cache: thrashing-detect engaged (streak=304, route=direct)
[22:04:38] [info]  >> Entering stage 15: 'Reservoir'.
[22:04:38] [info] [skip-sheet-flush] cave=6
[22:04:38] [info] [load-stage] preloading entry music song=9 (cave=6)
[22:04:38] [info] gameloop: entered (curmap=15, running=1)
[22:04:38] [info] gameloop: iter 1 ticks=58280 mapno=-1
[22:04:38] [info] mds-clear-lut: rebuilt N=240 entries (k_skip=13% k_keep=87%; curmap=15 map_size=40x20; rebuild #4 since boot)
[22:04:38] [info] gameloop: iter 2 ticks=58340 mapno=-1
[22:04:38] [info] gameloop: iter 3 ticks=58395 mapno=-1
[22:04:38] [info] flip-probe: flip #1300 ok=true present=-3ms inter_flip_ms=57 drawcalls-since-flip=336 drawcalls-total=102582 fail-total=0 null-skips-total=0
[22:04:38] [info] alpha audit block 0: 6721 total drawcalls, 0 with alpha<255 (block pct_x10=0; global 0/96102 pct_x10=0); alpha-mod skipped: block=0 global=0
[22:04:38] [info] fastpath audit block 0: taken=6721 (idx8=6721) skipped=0 pct_x10=1000; global taken=96102 (idx8=96102) skipped=0 pct_x10=1000
[22:04:38] [info] primitive tally block 0: clear=201(hr=201) fill=0(hr=0) rect=0(hr=0) line=0(hr=0) tint=0 spotlight=0 (over 100 flips ending at flip 1300)
[22:04:38] [info] color/alpha audit block 0: cmod_white=36 cmod_black=36 (idx=36) cmod_general=0 (idx=0) cmod_fb=0; alpha_taken=0 alpha_skipped=0 (global cmod=6248/4716/714/0 idx=4716/714 alpha=0/0)
[22:04:38] [info] phase timing block 0: drawcalls=6998 dc_total_ms=927 flip_inner_total_ms=330 inter_flip_total_ms=3574 (per-flip avg x10: dc_ms=92 fi_ms=33 if_ms=357 derived audio+engine_ms=232; per-drawcall avg us_x10=1325) [direct-vesa: presents=100 total_ms=273 avg_ms_x10=27 failed=0] [ablation: NO_DC_TIMING=0 CACHE_WINSURF=0 DIRECT_VESA=1]
[22:04:38] [info] kbd/audio block 0: kbd_irq=0 kbd_drain=0 ring_chunks=16 pump_pass=2082 pic1_mask=0xb8 first_irq_ticks=0 install_ticks=0 vector_at_install=0x0084e430 pic1_mask_live=0xb8 kbd_8042_stat=0x34 bios_kbd_head=0x0030 bios_kbd_tail=0x0030 bios_kbd_buf0=0x1c0d
[22:04:38] [info] dirty-rect block @flip=1300: total_calls=0 dirty_rects_avg=1 dirty_pct_x10=1000 forced_full=0 first_n_force=0 threshold_exceeded=0 dirty_path_taken=0 full_flush_taken=0
[22:04:38] [info] prev-frame-diff block @flip=1300: diff_calls=0 diff_rects_avg=0 diff_dirty_pct_x10=0 bbox_pct_x10=0 bbox_thresh_exceeded=0
[22:04:39] [info] flip-probe: flip #1310 ok=true present=-3ms inter_flip_ms=4 drawcalls-since-flip=51 drawcalls-total=104412 fail-total=0 null-skips-total=0
[22:04:39] [info] flip-probe: flip #1320 ok=true present=-3ms inter_flip_ms=57 drawcalls-since-flip=31 drawcalls-total=104692 fail-total=0 null-skips-total=0
[22:04:39] [info] flip-probe: flip #1330 ok=true present=5ms inter_flip_ms=57 drawcalls-since-flip=31 drawcalls-total=105002 fail-total=0 null-skips-total=0
[22:04:40] [info] flip-probe: flip #1340 ok=true present=-3ms inter_flip_ms=3 drawcalls-since-flip=31 drawcalls-total=105312 fail-total=0 null-skips-total=0
[22:04:40] [info] flip-probe: flip #1350 ok=true present=6ms inter_flip_ms=49 drawcalls-since-flip=31 drawcalls-total=105622 fail-total=0 null-skips-total=0
[22:04:40] [info] flip-probe: flip #1360 ok=true present=-3ms inter_flip_ms=55 drawcalls-since-flip=33 drawcalls-total=105951 fail-total=0 null-skips-total=0
[22:04:41] [info] flip-probe: flip #1370 ok=true present=-3ms inter_flip_ms=-1 drawcalls-since-flip=32 drawcalls-total=106291 fail-total=0 null-skips-total=0
[22:04:41] [info] flip-probe: flip #1380 ok=true present=5ms inter_flip_ms=-2 drawcalls-since-flip=31 drawcalls-total=106603 fail-total=0 null-skips-total=0
[22:04:41] [info] flip-probe: flip #1390 ok=true present=5ms inter_flip_ms=56 drawcalls-since-flip=31 drawcalls-total=106913 fail-total=0 null-skips-total=0
[22:04:42] [info] flip-probe: flip #1400 ok=true present=-3ms inter_flip_ms=56 drawcalls-since-flip=32 drawcalls-total=107233 fail-total=0 null-skips-total=0
[22:04:42] [info] alpha audit block 0: 3651 total drawcalls, 0 with alpha<255 (block pct_x10=0; global 0/99753 pct_x10=0); alpha-mod skipped: block=0 global=0
[22:04:42] [info] fastpath audit block 0: taken=3651 (idx8=3651) skipped=0 pct_x10=1000; global taken=99753 (idx8=99753) skipped=0 pct_x10=1000
[22:04:42] [info] primitive tally block 0: clear=200(hr=200) fill=0(hr=0) rect=0(hr=0) line=0(hr=0) tint=0 spotlight=0 (over 100 flips ending at flip 1400)
[22:04:42] [info] color/alpha audit block 0: cmod_white=900 cmod_black=900 (idx=900) cmod_general=0 (idx=0) cmod_fb=0; alpha_taken=0 alpha_skipped=0 (global cmod=7148/5616/714/0 idx=5616/714 alpha=0/0)
[22:04:42] [info] phase timing block 0: drawcalls=5751 dc_total_ms=994 flip_inner_total_ms=559 inter_flip_total_ms=3294 (per-flip avg x10: dc_ms=99 fi_ms=55 if_ms=329 derived audio+engine_ms=175; per-drawcall avg us_x10=1729) [direct-vesa: presents=100 total_ms=400 avg_ms_x10=40 failed=0] [ablation: NO_DC_TIMING=0 CACHE_WINSURF=0 DIRECT_VESA=1]
[22:04:42] [info] kbd/audio block 0: kbd_irq=0 kbd_drain=0 ring_chunks=16 pump_pass=2249 pic1_mask=0xb8 first_irq_ticks=0 install_ticks=0 vector_at_install=0x0084e430 pic1_mask_live=0xb8 kbd_8042_stat=0x34 bios_kbd_head=0x0030 bios_kbd_tail=0x0030 bios_kbd_buf0=0x1c0d
[22:04:42] [info] dirty-rect block @flip=1400: total_calls=0 dirty_rects_avg=1 dirty_pct_x10=1000 forced_full=0 first_n_force=0 threshold_exceeded=0 dirty_path_taken=0 full_flush_taken=0
[22:04:42] [info] prev-frame-diff block @flip=1400: diff_calls=0 diff_rects_avg=0 diff_dirty_pct_x10=0 bbox_pct_x10=0 bbox_thresh_exceeded=0
[22:04:42] [info] tas: stall frame 278 ms -> contributing 1 tick (patch 0286)
[22:04:42] [info] backdrop cache: thrashing-detect engaged (streak=4, route=direct)
[22:04:42] [info] flip-probe: flip #1410 ok=true present=-3ms inter_flip_ms=4 drawcalls-since-flip=33 drawcalls-total=107555 fail-total=0 null-skips-total=0
[22:04:42] [info] flip-probe: flip #1420 ok=true present=53ms inter_flip_ms=1 drawcalls-since-flip=15 drawcalls-total=107813 fail-total=0 null-skips-total=0
[22:04:43] [info] flip-probe: flip #1430 ok=true present=-3ms inter_flip_ms=56 drawcalls-since-flip=17 drawcalls-total=107969 fail-total=0 null-skips-total=0
[22:04:43] [info] flip-probe: flip #1440 ok=true present=-3ms inter_flip_ms=59 drawcalls-since-flip=16 drawcalls-total=108137 fail-total=0 null-skips-total=0
[22:04:43] [info] tas: stall frame 274 ms -> contributing 1 tick (patch 0286)
[22:04:43] [info] flip-probe: flip #1450 ok=true present=-2ms inter_flip_ms=58 drawcalls-since-flip=17 drawcalls-total=108303 fail-total=0 null-skips-total=0
[22:04:44] [info] flip-probe: flip #1460 ok=true present=-3ms inter_flip_ms=55 drawcalls-since-flip=17 drawcalls-total=108473 fail-total=0 null-skips-total=0
[22:04:44] [info] backdrop cache: thrashing-detect engaged (streak=64, route=direct)
[22:04:44] [info] flip-probe: flip #1470 ok=true present=5ms inter_flip_ms=48 drawcalls-since-flip=16 drawcalls-total=108642 fail-total=0 null-skips-total=0
[22:04:44] [info] flip-probe: flip #1480 ok=true present=-2ms inter_flip_ms=55 drawcalls-since-flip=16 drawcalls-total=108802 fail-total=0 null-skips-total=0
[22:04:45] [info] flip-probe: flip #1490 ok=true present=6ms inter_flip_ms=53 drawcalls-since-flip=17 drawcalls-total=108963 fail-total=0 null-skips-total=0
[22:04:45] [info] flip-probe: flip #1500 ok=true present=5ms inter_flip_ms=56 drawcalls-since-flip=17 drawcalls-total=109133 fail-total=0 null-skips-total=0
[22:04:45] [info] alpha audit block 0: 1656 total drawcalls, 0 with alpha<255 (block pct_x10=0; global 0/101409 pct_x10=0); alpha-mod skipped: block=0 global=0
[22:04:45] [info] fastpath audit block 0: taken=1656 (idx8=1656) skipped=0 pct_x10=1000; global taken=101409 (idx8=101409) skipped=0 pct_x10=1000
[22:04:45] [info] primitive tally block 0: clear=200(hr=200) fill=0(hr=0) rect=0(hr=0) line=0(hr=0) tint=0 spotlight=0 (over 100 flips ending at flip 1500)
[22:04:45] [info] color/alpha audit block 0: cmod_white=144 cmod_black=144 (idx=144) cmod_general=0 (idx=0) cmod_fb=0; alpha_taken=0 alpha_skipped=0 (global cmod=7292/5760/714/0 idx=5760/714 alpha=0/0)
[22:04:45] [info] phase timing block 0: drawcalls=2147 dc_total_ms=756 flip_inner_total_ms=828 inter_flip_total_ms=3292 (per-flip avg x10: dc_ms=75 fi_ms=82 if_ms=329 derived audio+engine_ms=172; per-drawcall avg us_x10=3525) [direct-vesa: presents=100 total_ms=547 avg_ms_x10=54 failed=0] [ablation: NO_DC_TIMING=0 CACHE_WINSURF=0 DIRECT_VESA=1]
[22:04:45] [info] kbd/audio block 0: kbd_irq=0 kbd_drain=0 ring_chunks=16 pump_pass=2391 pic1_mask=0xb8 first_irq_ticks=0 install_ticks=0 vector_at_install=0x0084e430 pic1_mask_live=0xb8 kbd_8042_stat=0x34 bios_kbd_head=0x0030 bios_kbd_tail=0x0030 bios_kbd_buf0=0x1c0d
[22:04:45] [info] dirty-rect block @flip=1500: total_calls=0 dirty_rects_avg=1 dirty_pct_x10=1000 forced_full=0 first_n_force=0 threshold_exceeded=0 dirty_path_taken=0 full_flush_taken=0
[22:04:45] [info] prev-frame-diff block @flip=1500: diff_calls=0 diff_rects_avg=0 diff_dirty_pct_x10=0 bbox_pct_x10=0 bbox_thresh_exceeded=0
[22:04:45] [info] run_tick_fixed #2400: heartbeat (loop alive)
[22:04:45] [info] flip-probe: flip #1510 ok=true present=5ms inter_flip_ms=47 drawcalls-since-flip=17 drawcalls-total=109308 fail-total=0 null-skips-total=0
[22:04:45] [info] flip-probe: flip #1520 ok=true present=6ms inter_flip_ms=53 drawcalls-since-flip=17 drawcalls-total=109478 fail-total=0 null-skips-total=0
[22:04:46] [info] backdrop cache: thrashing-detect engaged (streak=124, route=direct)
[22:04:46] [info] flip-probe: flip #1530 ok=true present=-3ms inter_flip_ms=1 drawcalls-since-flip=15 drawcalls-total=109634 fail-total=0 null-skips-total=0
[22:04:46] [info] flip-probe: flip #1540 ok=true present=-2ms inter_flip_ms=5 drawcalls-since-flip=13 drawcalls-total=109774 fail-total=0 null-skips-total=0
[22:04:46] [info] flip-probe: flip #1550 ok=true present=5ms inter_flip_ms=48 drawcalls-since-flip=14 drawcalls-total=109909 fail-total=0 null-skips-total=0
[22:04:47] [info] flip-probe: flip #1560 ok=true present=6ms inter_flip_ms=-2 drawcalls-since-flip=16 drawcalls-total=110057 fail-total=0 null-skips-total=0
[22:04:47] [info] flip-probe: flip #1570 ok=true present=5ms inter_flip_ms=2 drawcalls-since-flip=16 drawcalls-total=110217 fail-total=0 null-skips-total=0
[22:04:47] [info] flip-probe: flip #1580 ok=true present=6ms inter_flip_ms=-2 drawcalls-since-flip=15 drawcalls-total=110376 fail-total=0 null-skips-total=0
[22:04:47] [info] backdrop cache: thrashing-detect engaged (streak=184, route=direct)
[22:04:47] [info] flip-probe: flip #1590 ok=true present=-2ms inter_flip_ms=-2 drawcalls-since-flip=15 drawcalls-total=110526 fail-total=0 null-skips-total=0
[22:04:48] [info] flip-probe: flip #1600 ok=true present=-3ms inter_flip_ms=2 drawcalls-since-flip=13 drawcalls-total=110660 fail-total=0 null-skips-total=0
[22:04:48] [info] alpha audit block 0: 1427 total drawcalls, 0 with alpha<255 (block pct_x10=0; global 0/102836 pct_x10=0); alpha-mod skipped: block=0 global=0
[22:04:48] [info] fastpath audit block 0: taken=1427 (idx8=1427) skipped=0 pct_x10=1000; global taken=102836 (idx8=102836) skipped=0 pct_x10=1000
[22:04:48] [info] primitive tally block 0: clear=200(hr=200) fill=0(hr=0) rect=0(hr=0) line=0(hr=0) tint=0 spotlight=0 (over 100 flips ending at flip 1600)
[22:04:48] [info] phase timing block 0: drawcalls=1627 dc_total_ms=359 flip_inner_total_ms=392 inter_flip_total_ms=2805 (per-flip avg x10: dc_ms=35 fi_ms=39 if_ms=280 derived audio+engine_ms=206; per-drawcall avg us_x10=2208) [direct-vesa: presents=100 total_ms=245 avg_ms_x10=24 failed=0] [ablation: NO_DC_TIMING=0 CACHE_WINSURF=0 DIRECT_VESA=1]
[22:04:48] [info] kbd/audio block 0: kbd_irq=0 kbd_drain=0 ring_chunks=16 pump_pass=2536 pic1_mask=0xb8 first_irq_ticks=0 install_ticks=0 vector_at_install=0x0084e430 pic1_mask_live=0xb8 kbd_8042_stat=0x34 bios_kbd_head=0x0030 bios_kbd_tail=0x0030 bios_kbd_buf0=0x1c0d
[22:04:48] [info] dirty-rect block @flip=1600: total_calls=0 dirty_rects_avg=1 dirty_pct_x10=1000 forced_full=0 first_n_force=0 threshold_exceeded=0 dirty_path_taken=0 full_flush_taken=0
[22:04:48] [info] prev-frame-diff block @flip=1600: diff_calls=0 diff_rects_avg=0 diff_dirty_pct_x10=0 bbox_pct_x10=0 bbox_thresh_exceeded=0
[22:04:48] [info] flip-probe: flip #1610 ok=true present=6ms inter_flip_ms=-5 drawcalls-since-flip=13 drawcalls-total=110790 fail-total=0 null-skips-total=0
[22:04:48] [info] flip-probe: flip #1620 ok=true present=-3ms inter_flip_ms=3 drawcalls-since-flip=13 drawcalls-total=110920 fail-total=0 null-skips-total=0
[22:04:49] [info] flip-probe: flip #1630 ok=true present=-2ms inter_flip_ms=57 drawcalls-since-flip=13 drawcalls-total=111050 fail-total=0 null-skips-total=0
[22:04:49] [info] flip-probe: flip #1640 ok=true present=-3ms inter_flip_ms=53 drawcalls-since-flip=13 drawcalls-total=111180 fail-total=0 null-skips-total=0
[22:04:49] [info] backdrop cache: thrashing-detect engaged (streak=244, route=direct)
[22:04:49] [info] flip-probe: flip #1650 ok=true present=5ms inter_flip_ms=53 drawcalls-since-flip=13 drawcalls-total=111310 fail-total=0 null-skips-total=0
[22:04:49] [info] flip-probe: flip #1660 ok=true present=-3ms inter_flip_ms=53 drawcalls-since-flip=13 drawcalls-total=111440 fail-total=0 null-skips-total=0
[22:04:50] [info] flip-probe: flip #1670 ok=true present=-3ms inter_flip_ms=54 drawcalls-since-flip=13 drawcalls-total=111570 fail-total=0 null-skips-total=0
[22:04:50] [info] flip-probe: flip #1680 ok=true present=-2ms inter_flip_ms=53 drawcalls-since-flip=13 drawcalls-total=111700 fail-total=0 null-skips-total=0
[22:04:50] [info] flip-probe: flip #1690 ok=true present=5ms inter_flip_ms=53 drawcalls-since-flip=13 drawcalls-total=111830 fail-total=0 null-skips-total=0
[22:04:50] [info] flip-probe: flip #1700 ok=true present=-2ms inter_flip_ms=-1 drawcalls-since-flip=13 drawcalls-total=111960 fail-total=0 null-skips-total=0
[22:04:51] [info] alpha audit block 0: 1200 total drawcalls, 0 with alpha<255 (block pct_x10=0; global 0/104036 pct_x10=0); alpha-mod skipped: block=0 global=0
[22:04:51] [info] fastpath audit block 0: taken=1200 (idx8=1200) skipped=0 pct_x10=1000; global taken=104036 (idx8=104036) skipped=0 pct_x10=1000
[22:04:51] [info] primitive tally block 0: clear=200(hr=200) fill=0(hr=0) rect=0(hr=0) line=0(hr=0) tint=0 spotlight=0 (over 100 flips ending at flip 1700)
[22:04:51] [info] phase timing block 0: drawcalls=1400 dc_total_ms=416 flip_inner_total_ms=340 inter_flip_total_ms=2800 (per-flip avg x10: dc_ms=41 fi_ms=34 if_ms=280 derived audio+engine_ms=205; per-drawcall avg us_x10=2976) [direct-vesa: presents=100 total_ms=269 avg_ms_x10=26 failed=0] [ablation: NO_DC_TIMING=0 CACHE_WINSURF=0 DIRECT_VESA=1]
[22:04:51] [info] kbd/audio block 0: kbd_irq=0 kbd_drain=0 ring_chunks=16 pump_pass=2680 pic1_mask=0xb8 first_irq_ticks=0 install_ticks=0 vector_at_install=0x0084e430 pic1_mask_live=0xb8 kbd_8042_stat=0x34 bios_kbd_head=0x0030 bios_kbd_tail=0x0030 bios_kbd_buf0=0x1c0d
[22:04:51] [info] dirty-rect block @flip=1700: total_calls=0 dirty_rects_avg=1 dirty_pct_x10=1000 forced_full=0 first_n_force=0 threshold_exceeded=0 dirty_path_taken=0 full_flush_taken=0
[22:04:51] [info] prev-frame-diff block @flip=1700: diff_calls=0 diff_rects_avg=0 diff_dirty_pct_x10=0 bbox_pct_x10=0 bbox_thresh_exceeded=0
[22:04:51] [info] backdrop cache: thrashing-detect engaged (streak=304, route=direct)
[22:04:51] [info] flip-probe: flip #1710 ok=true present=-3ms inter_flip_ms=5 drawcalls-since-flip=13 drawcalls-total=112090 fail-total=0 null-skips-total=0
[22:04:51] [info] flip-probe: flip #1720 ok=true present=-3ms inter_flip_ms=50 drawcalls-since-flip=213 drawcalls-total=112995 fail-total=0 null-skips-total=0
[22:04:52] [info] flip-probe: flip #1730 ok=true present=5ms inter_flip_ms=56 drawcalls-since-flip=318 drawcalls-total=116070 fail-total=0 null-skips-total=0
[22:04:52] [info]  >> Entering stage 11: 'Mimiga Village'.
[22:04:52] [info] [skip-sheet-flush] cave=7
[22:04:52] [info] [load-stage] preloading entry music song=9 (cave=7)
[22:04:52] [info] gameloop: entered (curmap=11, running=1)
[22:04:52] [info] gameloop: iter 1 ticks=72231 mapno=-1
[22:04:52] [info] mds-clear-lut: rebuilt N=240 entries (k_skip=0% k_keep=100%; curmap=11 map_size=60x60; rebuild #5 since boot)
[22:04:52] [info] gameloop: iter 2 ticks=72286 mapno=-1
[22:04:52] [info] gameloop: iter 3 ticks=72340 mapno=-1
[22:04:52] [info] flip-probe: flip #1740 ok=true present=6ms inter_flip_ms=55 drawcalls-since-flip=257 drawcalls-total=118881 fail-total=0 null-skips-total=0
[22:04:53] [info] flip-probe: flip #1750 ok=true present=-2ms inter_flip_ms=-3 drawcalls-since-flip=42 drawcalls-total=119886 fail-total=0 null-skips-total=0
[22:04:53] [info] flip-probe: flip #1760 ok=true present=6ms inter_flip_ms=-3 drawcalls-since-flip=42 drawcalls-total=120306 fail-total=0 null-skips-total=0
[22:04:53] [info] flip-probe: flip #1770 ok=true present=5ms inter_flip_ms=51 drawcalls-since-flip=42 drawcalls-total=120726 fail-total=0 null-skips-total=0
[22:04:54] [info] flip-probe: flip #1780 ok=true present=-2ms inter_flip_ms=-2 drawcalls-since-flip=42 drawcalls-total=121146 fail-total=0 null-skips-total=0
[22:04:54] [info] flip-probe: flip #1790 ok=true present=6ms inter_flip_ms=-3 drawcalls-since-flip=53 drawcalls-total=121610 fail-total=0 null-skips-total=0
[22:04:54] [info] flip-probe: flip #1800 ok=true present=6ms inter_flip_ms=-1 drawcalls-since-flip=48 drawcalls-total=122128 fail-total=0 null-skips-total=0
[22:04:54] [info] alpha audit block 0: 9171 total drawcalls, 0 with alpha<255 (block pct_x10=0; global 0/113207 pct_x10=0); alpha-mod skipped: block=0 global=0
[22:04:54] [info] fastpath audit block 0: taken=9171 (idx8=9171) skipped=0 pct_x10=1000; global taken=113207 (idx8=113207) skipped=0 pct_x10=1000
[22:04:54] [info] primitive tally block 0: clear=201(hr=201) fill=0(hr=0) rect=0(hr=0) line=0(hr=0) tint=0 spotlight=0 (over 100 flips ending at flip 1800)
[22:04:55] [info] color/alpha audit block 0: cmod_white=897 cmod_black=897 (idx=897) cmod_general=0 (idx=0) cmod_fb=0; alpha_taken=0 alpha_skipped=0 (global cmod=8189/6657/714/0 idx=6657/714 alpha=0/0)
[22:04:55] [info] phase timing block 0: drawcalls=11235 dc_total_ms=1373 flip_inner_total_ms=783 inter_flip_total_ms=3840 (per-flip avg x10: dc_ms=137 fi_ms=78 if_ms=384 derived audio+engine_ms=169; per-drawcall avg us_x10=1222) [direct-vesa: presents=100 total_ms=425 avg_ms_x10=42 failed=0] [ablation: NO_DC_TIMING=0 CACHE_WINSURF=0 DIRECT_VESA=1]
[22:04:55] [info] kbd/audio block 0: kbd_irq=0 kbd_drain=0 ring_chunks=16 pump_pass=2853 pic1_mask=0xb8 first_irq_ticks=0 install_ticks=0 vector_at_install=0x0084e430 pic1_mask_live=0xb8 kbd_8042_stat=0x34 bios_kbd_head=0x0030 bios_kbd_tail=0x0030 bios_kbd_buf0=0x1c0d
[22:04:55] [info] dirty-rect block @flip=1800: total_calls=0 dirty_rects_avg=1 dirty_pct_x10=1000 forced_full=0 first_n_force=0 threshold_exceeded=0 dirty_path_taken=0 full_flush_taken=0
[22:04:55] [info] prev-frame-diff block @flip=1800: diff_calls=0 diff_rects_avg=0 diff_dirty_pct_x10=0 bbox_pct_x10=0 bbox_thresh_exceeded=0
[22:04:55] [info] tas: stall frame 273 ms -> contributing 1 tick (patch 0286)
[22:04:55] [info] backdrop cache: thrashing-detect engaged (streak=4, route=direct)
[22:04:55] [info] flip-probe: flip #1810 ok=true present=5ms inter_flip_ms=1 drawcalls-since-flip=46 drawcalls-total=122607 fail-total=0 null-skips-total=0
[22:04:55] [info] flip-probe: flip #1820 ok=true present=-3ms inter_flip_ms=56 drawcalls-since-flip=47 drawcalls-total=123078 fail-total=0 null-skips-total=0
[22:04:56] [info] flip-probe: flip #1830 ok=true present=6ms inter_flip_ms=0 drawcalls-since-flip=44 drawcalls-total=123542 fail-total=0 null-skips-total=0
[22:04:56] [info] flip-probe: flip #1840 ok=true present=-3ms inter_flip_ms=54 drawcalls-since-flip=45 drawcalls-total=123987 fail-total=0 null-skips-total=0
[22:04:56] [info] flip-probe: flip #1850 ok=true present=-3ms inter_flip_ms=58 drawcalls-since-flip=44 drawcalls-total=124432 fail-total=0 null-skips-total=0
[22:04:56] [info] flip-probe: flip #1860 ok=true present=-2ms inter_flip_ms=3 drawcalls-since-flip=17 drawcalls-total=124626 fail-total=0 null-skips-total=0
[22:04:57] [info] backdrop cache: thrashing-detect engaged (streak=64, route=direct)
[22:04:57] [info] flip-probe: flip #1870 ok=true present=6ms inter_flip_ms=-6 drawcalls-since-flip=19 drawcalls-total=124816 fail-total=0 null-skips-total=0
[22:04:57] [info] flip-probe: flip #1880 ok=true present=-3ms inter_flip_ms=57 drawcalls-since-flip=18 drawcalls-total=124996 fail-total=0 null-skips-total=0
[22:04:57] [info] flip-probe: flip #1890 ok=true present=-2ms inter_flip_ms=-2 drawcalls-since-flip=18 drawcalls-total=125176 fail-total=0 null-skips-total=0
[22:04:58] [info] run_tick_fixed #3000: heartbeat (loop alive)
[22:04:58] [info] flip-probe: flip #1900 ok=true present=-2ms inter_flip_ms=54 drawcalls-since-flip=18 drawcalls-total=125356 fail-total=0 null-skips-total=0
[22:04:58] [info] alpha audit block 0: 2465 total drawcalls, 0 with alpha<255 (block pct_x10=0; global 0/115672 pct_x10=0); alpha-mod skipped: block=0 global=0
[22:04:58] [info] fastpath audit block 0: taken=2465 (idx8=2465) skipped=0 pct_x10=1000; global taken=115672 (idx8=115672) skipped=0 pct_x10=1000
[22:04:58] [info] primitive tally block 0: clear=200(hr=200) fill=0(hr=0) rect=0(hr=0) line=0(hr=0) tint=0 spotlight=0 (over 100 flips ending at flip 1900)
[22:04:58] [info] color/alpha audit block 0: cmod_white=663 cmod_black=663 (idx=663) cmod_general=0 (idx=0) cmod_fb=0; alpha_taken=0 alpha_skipped=0 (global cmod=8852/7320/714/0 idx=7320/714 alpha=0/0)
[22:04:58] [info] phase timing block 0: drawcalls=3993 dc_total_ms=449 flip_inner_total_ms=493 inter_flip_total_ms=3355 (per-flip avg x10: dc_ms=44 fi_ms=49 if_ms=335 derived audio+engine_ms=242; per-drawcall avg us_x10=1124) [direct-vesa: presents=100 total_ms=386 avg_ms_x10=38 failed=0] [ablation: NO_DC_TIMING=0 CACHE_WINSURF=0 DIRECT_VESA=1]
[22:04:58] [info] kbd/audio block 0: kbd_irq=0 kbd_drain=0 ring_chunks=16 pump_pass=3008 pic1_mask=0xb8 first_irq_ticks=0 install_ticks=0 vector_at_install=0x0084e430 pic1_mask_live=0xb8 kbd_8042_stat=0x34 bios_kbd_head=0x0030 bios_kbd_tail=0x0030 bios_kbd_buf0=0x1c0d
[22:04:58] [info] dirty-rect block @flip=1900: total_calls=0 dirty_rects_avg=1 dirty_pct_x10=1000 forced_full=0 first_n_force=0 threshold_exceeded=0 dirty_path_taken=0 full_flush_taken=0
[22:04:58] [info] prev-frame-diff block @flip=1900: diff_calls=0 diff_rects_avg=0 diff_dirty_pct_x10=0 bbox_pct_x10=0 bbox_thresh_exceeded=0
[22:04:58] [info] flip-probe: flip #1910 ok=true present=5ms inter_flip_ms=-5 drawcalls-since-flip=18 drawcalls-total=125536 fail-total=0 null-skips-total=0
[22:04:58] [info] flip-probe: flip #1920 ok=true present=5ms inter_flip_ms=-3 drawcalls-since-flip=18 drawcalls-total=125716 fail-total=0 null-skips-total=0
[22:04:58] [info] backdrop cache: thrashing-detect engaged (streak=124, route=direct)
[22:04:59] [info] flip-probe: flip #1930 ok=true present=-3ms inter_flip_ms=57 drawcalls-since-flip=18 drawcalls-total=125896 fail-total=0 null-skips-total=0
[22:04:59] [info] flip-probe: flip #1940 ok=true present=-2ms inter_flip_ms=5 drawcalls-since-flip=17 drawcalls-total=126068 fail-total=0 null-skips-total=0
[22:04:59] [info] flip-probe: flip #1950 ok=true present=6ms inter_flip_ms=-2 drawcalls-since-flip=17 drawcalls-total=126238 fail-total=0 null-skips-total=0
[22:04:59] [info] flip-probe: flip #1960 ok=true present=-2ms inter_flip_ms=56 drawcalls-since-flip=17 drawcalls-total=126408 fail-total=0 null-skips-total=0
[22:05:00] [info] flip-probe: flip #1970 ok=true present=-3ms inter_flip_ms=-3 drawcalls-since-flip=16 drawcalls-total=126568 fail-total=0 null-skips-total=0
[22:05:00] [info] flip-probe: flip #1980 ok=true present=6ms inter_flip_ms=-4 drawcalls-since-flip=16 drawcalls-total=126728 fail-total=0 null-skips-total=0
[22:05:00] [info] backdrop cache: thrashing-detect engaged (streak=184, route=direct)
[22:05:00] [info] flip-probe: flip #1990 ok=true present=6ms inter_flip_ms=47 drawcalls-since-flip=17 drawcalls-total=126897 fail-total=0 null-skips-total=0
[22:05:01] [info] flip-probe: flip #2000 ok=true present=-3ms inter_flip_ms=53 drawcalls-since-flip=18 drawcalls-total=127075 fail-total=0 null-skips-total=0
[22:05:01] [info] alpha audit block 0: 1619 total drawcalls, 0 with alpha<255 (block pct_x10=0; global 0/117291 pct_x10=0); alpha-mod skipped: block=0 global=0
[22:05:01] [info] fastpath audit block 0: taken=1619 (idx8=1619) skipped=0 pct_x10=1000; global taken=117291 (idx8=117291) skipped=0 pct_x10=1000
[22:05:01] [info] primitive tally block 0: clear=200(hr=200) fill=0(hr=0) rect=0(hr=0) line=0(hr=0) tint=0 spotlight=0 (over 100 flips ending at flip 2000)
[22:05:01] [info] phase timing block 0: drawcalls=1819 dc_total_ms=412 flip_inner_total_ms=399 inter_flip_total_ms=2966 (per-flip avg x10: dc_ms=41 fi_ms=39 if_ms=296 derived audio+engine_ms=216; per-drawcall avg us_x10=2268) [direct-vesa: presents=100 total_ms=336 avg_ms_x10=33 failed=0] [ablation: NO_DC_TIMING=0 CACHE_WINSURF=0 DIRECT_VESA=1]
[22:05:01] [info] kbd/audio block 0: kbd_irq=0 kbd_drain=0 ring_chunks=16 pump_pass=3159 pic1_mask=0xb8 first_irq_ticks=0 install_ticks=0 vector_at_install=0x0084e430 pic1_mask_live=0xb8 kbd_8042_stat=0x34 bios_kbd_head=0x0030 bios_kbd_tail=0x0030 bios_kbd_buf0=0x1c0d
[22:05:01] [info] dirty-rect block @flip=2000: total_calls=0 dirty_rects_avg=1 dirty_pct_x10=1000 forced_full=0 first_n_force=0 threshold_exceeded=0 dirty_path_taken=0 full_flush_taken=0
[22:05:01] [info] prev-frame-diff block @flip=2000: diff_calls=0 diff_rects_avg=0 diff_dirty_pct_x10=0 bbox_pct_x10=0 bbox_thresh_exceeded=0
[22:05:01] [info] flip-probe: flip #2010 ok=true present=-3ms inter_flip_ms=58 drawcalls-since-flip=18 drawcalls-total=127255 fail-total=0 null-skips-total=0
[22:05:01] [info] flip-probe: flip #2020 ok=true present=6ms inter_flip_ms=-5 drawcalls-since-flip=18 drawcalls-total=127435 fail-total=0 null-skips-total=0
[22:05:02] [info] flip-probe: flip #2030 ok=true present=52ms inter_flip_ms=0 drawcalls-since-flip=17 drawcalls-total=127612 fail-total=0 null-skips-total=0
[22:05:02] [info] flip-probe: flip #2040 ok=true present=6ms inter_flip_ms=47 drawcalls-since-flip=17 drawcalls-total=127782 fail-total=0 null-skips-total=0
[22:05:02] [info] backdrop cache: thrashing-detect engaged (streak=244, route=direct)
[22:05:02] [info] flip-probe: flip #2050 ok=true present=5ms inter_flip_ms=-3 drawcalls-since-flip=16 drawcalls-total=127944 fail-total=0 null-skips-total=0
[22:05:02] [info] flip-probe: flip #2060 ok=true present=5ms inter_flip_ms=-3 drawcalls-since-flip=17 drawcalls-total=128109 fail-total=0 null-skips-total=0
[22:05:03] [info] flip-probe: flip #2070 ok=true present=-3ms inter_flip_ms=57 drawcalls-since-flip=17 drawcalls-total=128279 fail-total=0 null-skips-total=0
[22:05:03] [info] flip-probe: flip #2080 ok=true present=-3ms inter_flip_ms=57 drawcalls-since-flip=18 drawcalls-total=128453 fail-total=0 null-skips-total=0
[22:05:03] [info] flip-probe: flip #2090 ok=true present=6ms inter_flip_ms=-2 drawcalls-since-flip=18 drawcalls-total=128633 fail-total=0 null-skips-total=0
[22:05:04] [info] flip-probe: flip #2100 ok=true present=6ms inter_flip_ms=2 drawcalls-since-flip=18 drawcalls-total=128813 fail-total=0 null-skips-total=0
[22:05:04] [info] alpha audit block 0: 1638 total drawcalls, 0 with alpha<255 (block pct_x10=0; global 0/118929 pct_x10=0); alpha-mod skipped: block=0 global=0
[22:05:04] [info] fastpath audit block 0: taken=1638 (idx8=1638) skipped=0 pct_x10=1000; global taken=118929 (idx8=118929) skipped=0 pct_x10=1000
[22:05:04] [info] primitive tally block 0: clear=200(hr=200) fill=0(hr=0) rect=0(hr=0) line=0(hr=0) tint=0 spotlight=0 (over 100 flips ending at flip 2100)
[22:05:04] [info] phase timing block 0: drawcalls=1838 dc_total_ms=487 flip_inner_total_ms=374 inter_flip_total_ms=2909 (per-flip avg x10: dc_ms=48 fi_ms=37 if_ms=290 derived audio+engine_ms=205; per-drawcall avg us_x10=2653) [direct-vesa: presents=100 total_ms=269 avg_ms_x10=26 failed=0] [ablation: NO_DC_TIMING=0 CACHE_WINSURF=0 DIRECT_VESA=1]
[22:05:04] [info] kbd/audio block 0: kbd_irq=0 kbd_drain=0 ring_chunks=16 pump_pass=3310 pic1_mask=0xb8 first_irq_ticks=0 install_ticks=0 vector_at_install=0x0084e430 pic1_mask_live=0xb8 kbd_8042_stat=0x34 bios_kbd_head=0x0030 bios_kbd_tail=0x0030 bios_kbd_buf0=0x1c0d
[22:05:04] [info] dirty-rect block @flip=2100: total_calls=0 dirty_rects_avg=1 dirty_pct_x10=1000 forced_full=0 first_n_force=0 threshold_exceeded=0 dirty_path_taken=0 full_flush_taken=0
[22:05:04] [info] prev-frame-diff block @flip=2100: diff_calls=0 diff_rects_avg=0 diff_dirty_pct_x10=0 bbox_pct_x10=0 bbox_thresh_exceeded=0
[22:05:04] [info] backdrop cache: thrashing-detect engaged (streak=304, route=direct)
[22:05:04] [info] flip-probe: flip #2110 ok=true present=5ms inter_flip_ms=49 drawcalls-since-flip=18 drawcalls-total=128993 fail-total=0 null-skips-total=0
[22:05:04] [info] flip-probe: flip #2120 ok=true present=-2ms inter_flip_ms=2 drawcalls-since-flip=19 drawcalls-total=129181 fail-total=0 null-skips-total=0
[22:05:05] [info] flip-probe: flip #2130 ok=true present=53ms inter_flip_ms=1 drawcalls-since-flip=20 drawcalls-total=129380 fail-total=0 null-skips-total=0
[22:05:05] [info] flip-probe: flip #2140 ok=true present=-3ms inter_flip_ms=62 drawcalls-since-flip=20 drawcalls-total=129580 fail-total=0 null-skips-total=0
[22:05:05] [info] flip-probe: flip #2150 ok=true present=-2ms inter_flip_ms=56 drawcalls-since-flip=20 drawcalls-total=129780 fail-total=0 null-skips-total=0
[22:05:05] [info] flip-probe: flip #2160 ok=true present=-3ms inter_flip_ms=2 drawcalls-since-flip=16 drawcalls-total=129962 fail-total=0 null-skips-total=0
[22:05:05] [info] backdrop cache: thrashing-detect engaged (streak=364, route=direct)
[22:05:06] [info] flip-probe: flip #2170 ok=true present=-3ms inter_flip_ms=57 drawcalls-since-flip=16 drawcalls-total=130122 fail-total=0 null-skips-total=0
[22:05:06] [info] flip-probe: flip #2180 ok=true present=-1ms inter_flip_ms=-2 drawcalls-since-flip=16 drawcalls-total=130282 fail-total=0 null-skips-total=0
[22:05:06] [info] flip-probe: flip #2190 ok=true present=5ms inter_flip_ms=52 drawcalls-since-flip=16 drawcalls-total=130442 fail-total=0 null-skips-total=0
[22:05:07] [info] flip-probe: flip #2200 ok=true present=-2ms inter_flip_ms=60 drawcalls-since-flip=18 drawcalls-total=130614 fail-total=0 null-skips-total=0
[22:05:07] [info] alpha audit block 0: 1701 total drawcalls, 0 with alpha<255 (block pct_x10=0; global 0/120630 pct_x10=0); alpha-mod skipped: block=0 global=0
[22:05:07] [info] fastpath audit block 0: taken=1701 (idx8=1701) skipped=0 pct_x10=1000; global taken=120630 (idx8=120630) skipped=0 pct_x10=1000
[22:05:07] [info] primitive tally block 0: clear=200(hr=200) fill=0(hr=0) rect=0(hr=0) line=0(hr=0) tint=0 spotlight=0 (over 100 flips ending at flip 2200)
[22:05:07] [info] phase timing block 0: drawcalls=1901 dc_total_ms=484 flip_inner_total_ms=479 inter_flip_total_ms=3025 (per-flip avg x10: dc_ms=48 fi_ms=47 if_ms=302 derived audio+engine_ms=207; per-drawcall avg us_x10=2550) [direct-vesa: presents=100 total_ms=349 avg_ms_x10=34 failed=0] [ablation: NO_DC_TIMING=0 CACHE_WINSURF=0 DIRECT_VESA=1]
[22:05:07] [info] kbd/audio block 0: kbd_irq=0 kbd_drain=0 ring_chunks=16 pump_pass=3462 pic1_mask=0xb8 first_irq_ticks=0 install_ticks=0 vector_at_install=0x0084e430 pic1_mask_live=0xb8 kbd_8042_stat=0x34 bios_kbd_head=0x0030 bios_kbd_tail=0x0030 bios_kbd_buf0=0x1c0d
[22:05:07] [info] dirty-rect block @flip=2200: total_calls=0 dirty_rects_avg=1 dirty_pct_x10=1000 forced_full=0 first_n_force=0 threshold_exceeded=0 dirty_path_taken=0 full_flush_taken=0
[22:05:07] [info] prev-frame-diff block @flip=2200: diff_calls=0 diff_rects_avg=0 diff_dirty_pct_x10=0 bbox_pct_x10=0 bbox_thresh_exceeded=0
[22:05:07] [info] tas: stall frame 329 ms -> contributing 1 tick (patch 0286)
[22:05:07] [info] flip-probe: flip #2210 ok=true present=6ms inter_flip_ms=49 drawcalls-since-flip=17 drawcalls-total=130786 fail-total=0 null-skips-total=0
[22:05:07] [info] flip-probe: flip #2220 ok=true present=5ms inter_flip_ms=-1 drawcalls-since-flip=16 drawcalls-total=130949 fail-total=0 null-skips-total=0
[22:05:08] [info] backdrop cache: thrashing-detect engaged (streak=424, route=direct)
[22:05:08] [info] flip-probe: flip #2230 ok=true present=5ms inter_flip_ms=50 drawcalls-since-flip=15 drawcalls-total=131105 fail-total=0 null-skips-total=0
[22:05:08] [info] flip-probe: flip #2240 ok=true present=-2ms inter_flip_ms=6 drawcalls-since-flip=16 drawcalls-total=131256 fail-total=0 null-skips-total=0
[22:05:08] [info] flip-probe: flip #2250 ok=true present=6ms inter_flip_ms=-6 drawcalls-since-flip=16 drawcalls-total=131416 fail-total=0 null-skips-total=0
[22:05:09] [info] flip-probe: flip #2260 ok=true present=-2ms inter_flip_ms=57 drawcalls-since-flip=17 drawcalls-total=131594 fail-total=0 null-skips-total=0
[22:05:09] [info] flip-probe: flip #2270 ok=true present=-3ms inter_flip_ms=0 drawcalls-since-flip=21 drawcalls-total=131786 fail-total=0 null-skips-total=0
[22:05:09] [info] flip-probe: flip #2280 ok=true present=6ms inter_flip_ms=49 drawcalls-since-flip=17 drawcalls-total=131974 fail-total=0 null-skips-total=0
[22:05:09] [info] backdrop cache: thrashing-detect engaged (streak=484, route=direct)
[22:05:09] [info] flip-probe: flip #2290 ok=true present=-2ms inter_flip_ms=7 drawcalls-since-flip=47 drawcalls-total=132177 fail-total=0 null-skips-total=0
[22:05:10] [info] run_tick_fixed #3600: heartbeat (loop alive)
[22:05:10] [info] flip-probe: flip #2300 ok=true present=6ms inter_flip_ms=50 drawcalls-since-flip=359 drawcalls-total=134863 fail-total=0 null-skips-total=0
[22:05:10] [info] alpha audit block 0: 4149 total drawcalls, 0 with alpha<255 (block pct_x10=0; global 0/124779 pct_x10=0); alpha-mod skipped: block=0 global=0
[22:05:10] [info] fastpath audit block 0: taken=4149 (idx8=4149) skipped=0 pct_x10=1000; global taken=124779 (idx8=124779) skipped=0 pct_x10=1000
[22:05:10] [info] primitive tally block 0: clear=200(hr=200) fill=0(hr=0) rect=0(hr=0) line=0(hr=0) tint=0 spotlight=0 (over 100 flips ending at flip 2300)
[22:05:10] [info] phase timing block 0: drawcalls=4349 dc_total_ms=406 flip_inner_total_ms=514 inter_flip_total_ms=3346 (per-flip avg x10: dc_ms=40 fi_ms=51 if_ms=334 derived audio+engine_ms=243; per-drawcall avg us_x10=935) [direct-vesa: presents=100 total_ms=377 avg_ms_x10=37 failed=0] [ablation: NO_DC_TIMING=0 CACHE_WINSURF=0 DIRECT_VESA=1]
[22:05:10] [info] kbd/audio block 0: kbd_irq=0 kbd_drain=0 ring_chunks=16 pump_pass=3617 pic1_mask=0xb8 first_irq_ticks=0 install_ticks=0 vector_at_install=0x0084e430 pic1_mask_live=0xb8 kbd_8042_stat=0x34 bios_kbd_head=0x0030 bios_kbd_tail=0x0030 bios_kbd_buf0=0x1c0d
[22:05:10] [info] dirty-rect block @flip=2300: total_calls=0 dirty_rects_avg=1 dirty_pct_x10=1000 forced_full=0 first_n_force=0 threshold_exceeded=0 dirty_path_taken=0 full_flush_taken=0
[22:05:10] [info] prev-frame-diff block @flip=2300: diff_calls=0 diff_rects_avg=0 diff_dirty_pct_x10=0 bbox_pct_x10=0 bbox_thresh_exceeded=0
[22:05:10] [info]  >> Entering stage 19: 'Assembly Hall'.
[22:05:10] [info] [skip-sheet-flush] cave=8
[22:05:11] [info] [load-stage] preloading entry music song=9 (cave=8)
[22:05:11] [info] gameloop: entered (curmap=19, running=1)
[22:05:11] [info] gameloop: iter 1 ticks=90906 mapno=-1
[22:05:11] [info] mds-clear-lut: rebuilt N=240 entries (k_skip=100% k_keep=0%; curmap=19 map_size=21x16; rebuild #6 since boot)
[22:05:11] [info] gameloop: iter 2 ticks=90967 mapno=-1
[22:05:11] [info] gameloop: iter 3 ticks=91022 mapno=-1
[22:05:11] [info] flip-probe: flip #2310 ok=true present=5ms inter_flip_ms=56 drawcalls-since-flip=459 drawcalls-total=138825 fail-total=0 null-skips-total=0
[22:05:11] [info] flip-probe: flip #2320 ok=true present=53ms inter_flip_ms=4 drawcalls-since-flip=111 drawcalls-total=140907 fail-total=0 null-skips-total=0
[22:05:12] [info] flip-probe: flip #2330 ok=true present=-3ms inter_flip_ms=7 drawcalls-since-flip=121 drawcalls-total=142117 fail-total=0 null-skips-total=0
[22:05:12] [info] flip-probe: flip #2340 ok=true present=6ms inter_flip_ms=53 drawcalls-since-flip=121 drawcalls-total=143327 fail-total=0 null-skips-total=0
[22:05:12] [info] flip-probe: flip #2350 ok=true present=-2ms inter_flip_ms=62 drawcalls-since-flip=121 drawcalls-total=144537 fail-total=0 null-skips-total=0
[22:05:13] [info] flip-probe: flip #2360 ok=true present=-3ms inter_flip_ms=-4 drawcalls-since-flip=123 drawcalls-total=145759 fail-total=0 null-skips-total=0
[22:05:13] [info] flip-probe: flip #2370 ok=true present=6ms inter_flip_ms=48 drawcalls-since-flip=122 drawcalls-total=146991 fail-total=0 null-skips-total=0
[22:05:13] [info] flip-probe: flip #2380 ok=true present=-3ms inter_flip_ms=62 drawcalls-since-flip=123 drawcalls-total=148206 fail-total=0 null-skips-total=0
[22:05:14] [info] flip-probe: flip #2390 ok=true present=52ms inter_flip_ms=4 drawcalls-since-flip=122 drawcalls-total=149431 fail-total=0 null-skips-total=0
[22:05:14] [info] flip-probe: flip #2400 ok=true present=-3ms inter_flip_ms=-1 drawcalls-since-flip=121 drawcalls-total=150641 fail-total=0 null-skips-total=0
[22:05:14] [info] alpha audit block 0: 14514 total drawcalls, 0 with alpha<255 (block pct_x10=0; global 0/139293 pct_x10=0); alpha-mod skipped: block=0 global=0
[22:05:14] [info] fastpath audit block 0: taken=14514 (idx8=14514) skipped=0 pct_x10=1000; global taken=139293 (idx8=139293) skipped=0 pct_x10=1000
[22:05:14] [info] primitive tally block 0: clear=201(hr=201) fill=0(hr=0) rect=0(hr=0) line=0(hr=0) tint=0 spotlight=0 (over 100 flips ending at flip 2400)
[22:05:14] [info] color/alpha audit block 0: cmod_white=1164 cmod_black=1164 (idx=1164) cmod_general=0 (idx=0) cmod_fb=0; alpha_taken=0 alpha_skipped=0 (global cmod=10016/8484/714/0 idx=8484/714 alpha=0/0)
[22:05:14] [info] phase timing block 0: drawcalls=17140 dc_total_ms=1145 flip_inner_total_ms=305 inter_flip_total_ms=4014 (per-flip avg x10: dc_ms=114 fi_ms=30 if_ms=401 derived audio+engine_ms=257; per-drawcall avg us_x10=668) [direct-vesa: presents=100 total_ms=270 avg_ms_x10=27 failed=0] [ablation: NO_DC_TIMING=0 CACHE_WINSURF=0 DIRECT_VESA=1]
[22:05:14] [info] kbd/audio block 0: kbd_irq=0 kbd_drain=0 ring_chunks=16 pump_pass=3792 pic1_mask=0xb8 first_irq_ticks=0 install_ticks=0 vector_at_install=0x0084e430 pic1_mask_live=0xb8 kbd_8042_stat=0x34 bios_kbd_head=0x0030 bios_kbd_tail=0x0030 bios_kbd_buf0=0x1c0d
[22:05:14] [info] dirty-rect block @flip=2400: total_calls=0 dirty_rects_avg=1 dirty_pct_x10=1000 forced_full=0 first_n_force=0 threshold_exceeded=0 dirty_path_taken=0 full_flush_taken=0
[22:05:14] [info] prev-frame-diff block @flip=2400: diff_calls=0 diff_rects_avg=0 diff_dirty_pct_x10=0 bbox_pct_x10=0 bbox_thresh_exceeded=0
[22:05:14] [info] flip-probe: flip #2410 ok=true present=-3ms inter_flip_ms=54 drawcalls-since-flip=121 drawcalls-total=151851 fail-total=0 null-skips-total=0
[22:05:15] [info] flip-probe: flip #2420 ok=true present=-3ms inter_flip_ms=62 drawcalls-since-flip=121 drawcalls-total=153061 fail-total=0 null-skips-total=0
[22:05:15] [info] flip-probe: flip #2430 ok=true present=6ms inter_flip_ms=-5 drawcalls-since-flip=97 drawcalls-total=154103 fail-total=0 null-skips-total=0
[22:05:15] [info] flip-probe: flip #2440 ok=true present=-3ms inter_flip_ms=54 drawcalls-since-flip=97 drawcalls-total=155073 fail-total=0 null-skips-total=0
[22:05:16] [info] flip-probe: flip #2450 ok=true present=-3ms inter_flip_ms=60 drawcalls-since-flip=438 drawcalls-total=158105 fail-total=0 null-skips-total=0
[22:05:16] [info]  >> Entering stage 11: 'Mimiga Village'.
[22:05:16] [info] [skip-sheet-flush] cave=9
[22:05:16] [info] [load-stage] preloading entry music song=9 (cave=9)
[22:05:16] [info] gameloop: entered (curmap=11, running=1)
[22:05:16] [info] gameloop: iter 1 ticks=96678 mapno=-1
[22:05:17] [info] mds-clear-lut: rebuilt N=240 entries (k_skip=0% k_keep=100%; curmap=11 map_size=60x60; rebuild #7 since boot)
[22:05:17] [info] gameloop: iter 2 ticks=96789 mapno=-1
[22:05:17] [info] gameloop: iter 3 ticks=96845 mapno=-1
[22:05:17] [info] flip-probe: flip #2460 ok=true present=-3ms inter_flip_ms=54 drawcalls-since-flip=384 drawcalls-total=161267 fail-total=0 null-skips-total=0
[22:05:17] [info] backdrop cache: thrashing-detect engaged (streak=4, route=direct)
[22:05:17] [info] flip-probe: flip #2470 ok=true present=-2ms inter_flip_ms=-2 drawcalls-since-flip=32 drawcalls-total=163467 fail-total=0 null-skips-total=0
[22:05:17] [info] flip-probe: flip #2480 ok=true present=-3ms inter_flip_ms=60 drawcalls-since-flip=44 drawcalls-total=163879 fail-total=0 null-skips-total=0
[22:05:18] [info] flip-probe: flip #2490 ok=true present=-3ms inter_flip_ms=55 drawcalls-since-flip=45 drawcalls-total=164329 fail-total=0 null-skips-total=0
[22:05:18] [info] flip-probe: flip #2500 ok=true present=6ms inter_flip_ms=0 drawcalls-since-flip=41 drawcalls-total=164760 fail-total=0 null-skips-total=0
[22:05:18] [info] alpha audit block 0: 13184 total drawcalls, 0 with alpha<255 (block pct_x10=0; global 0/152477 pct_x10=0); alpha-mod skipped: block=0 global=0
[22:05:18] [info] fastpath audit block 0: taken=13184 (idx8=13184) skipped=0 pct_x10=1000; global taken=152477 (idx8=152477) skipped=0 pct_x10=1000
[22:05:18] [info] primitive tally block 0: clear=203(hr=203) fill=0(hr=0) rect=0(hr=0) line=0(hr=0) tint=0 spotlight=0 (over 100 flips ending at flip 2500)
[22:05:18] [info] color/alpha audit block 0: cmod_white=835 cmod_black=835 (idx=835) cmod_general=0 (idx=0) cmod_fb=0; alpha_taken=0 alpha_skipped=0 (global cmod=10851/9319/714/0 idx=9319/714 alpha=0/0)
[22:05:18] [info] phase timing block 0: drawcalls=15123 dc_total_ms=1654 flip_inner_total_ms=84 inter_flip_total_ms=4115 (per-flip avg x10: dc_ms=165 fi_ms=8 if_ms=411 derived audio+engine_ms=238; per-drawcall avg us_x10=1093) [direct-vesa: presents=100 total_ms=20 avg_ms_x10=2 failed=0] [ablation: NO_DC_TIMING=0 CACHE_WINSURF=0 DIRECT_VESA=1]
[22:05:18] [info] kbd/audio block 0: kbd_irq=0 kbd_drain=0 ring_chunks=16 pump_pass=3973 pic1_mask=0xb8 first_irq_ticks=0 install_ticks=0 vector_at_install=0x0084e430 pic1_mask_live=0xb8 kbd_8042_stat=0x34 bios_kbd_head=0x0030 bios_kbd_tail=0x0030 bios_kbd_buf0=0x1c0d
[22:05:18] [info] dirty-rect block @flip=2500: total_calls=0 dirty_rects_avg=1 dirty_pct_x10=1000 forced_full=0 first_n_force=0 threshold_exceeded=0 dirty_path_taken=0 full_flush_taken=0
[22:05:18] [info] prev-frame-diff block @flip=2500: diff_calls=0 diff_rects_avg=0 diff_dirty_pct_x10=0 bbox_pct_x10=0 bbox_thresh_exceeded=0
[22:05:18] [info] tas: stall frame 271 ms -> contributing 1 tick (patch 0286)
[22:05:19] [info] flip-probe: flip #2510 ok=true present=6ms inter_flip_ms=51 drawcalls-since-flip=42 drawcalls-total=165176 fail-total=0 null-skips-total=0
[22:05:19] [info] flip-probe: flip #2520 ok=true present=5ms inter_flip_ms=56 drawcalls-since-flip=43 drawcalls-total=165597 fail-total=0 null-skips-total=0
[22:05:19] [info] backdrop cache: thrashing-detect engaged (streak=64, route=direct)
[22:05:19] [info] flip-probe: flip #2530 ok=true present=-2ms inter_flip_ms=5 drawcalls-since-flip=44 drawcalls-total=166030 fail-total=0 null-skips-total=0
[22:05:20] [info] flip-probe: flip #2540 ok=true present=-3ms inter_flip_ms=59 drawcalls-since-flip=42 drawcalls-total=166459 fail-total=0 null-skips-total=0
[22:05:20] [info] flip-probe: flip #2550 ok=true present=-3ms inter_flip_ms=2 drawcalls-since-flip=42 drawcalls-total=166879 fail-total=0 null-skips-total=0
[22:05:20] [info] flip-probe: flip #2560 ok=true present=-2ms inter_flip_ms=0 drawcalls-since-flip=45 drawcalls-total=167323 fail-total=0 null-skips-total=0
[22:05:21] [info] flip-probe: flip #2570 ok=true present=-2ms inter_flip_ms=60 drawcalls-since-flip=44 drawcalls-total=167766 fail-total=0 null-skips-total=0
[22:05:21] [info] flip-probe: flip #2580 ok=true present=-3ms inter_flip_ms=1 drawcalls-since-flip=17 drawcalls-total=168125 fail-total=0 null-skips-total=0
[22:05:21] [info] backdrop cache: thrashing-detect engaged (streak=124, route=direct)
[22:05:21] [info] flip-probe: flip #2590 ok=true present=-3ms inter_flip_ms=55 drawcalls-since-flip=17 drawcalls-total=168295 fail-total=0 null-skips-total=0
[22:05:21] [info] flip-probe: flip #2600 ok=true present=-3ms inter_flip_ms=56 drawcalls-since-flip=17 drawcalls-total=168465 fail-total=0 null-skips-total=0
[22:05:21] [info] alpha audit block 0: 2604 total drawcalls, 0 with alpha<255 (block pct_x10=0; global 0/155081 pct_x10=0); alpha-mod skipped: block=0 global=0
[22:05:21] [info] fastpath audit block 0: taken=2604 (idx8=2604) skipped=0 pct_x10=1000; global taken=155081 (idx8=155081) skipped=0 pct_x10=1000
[22:05:21] [info] primitive tally block 0: clear=200(hr=200) fill=0(hr=0) rect=0(hr=0) line=0(hr=0) tint=0 spotlight=0 (over 100 flips ending at flip 2600)
[22:05:21] [info] color/alpha audit block 0: cmod_white=1001 cmod_black=1001 (idx=1001) cmod_general=0 (idx=0) cmod_fb=0; alpha_taken=0 alpha_skipped=0 (global cmod=11852/10320/714/0 idx=10320/714 alpha=0/0)
[22:05:21] [info] phase timing block 0: drawcalls=4806 dc_total_ms=451 flip_inner_total_ms=353 inter_flip_total_ms=3354 (per-flip avg x10: dc_ms=45 fi_ms=35 if_ms=335 derived audio+engine_ms=255; per-drawcall avg us_x10=939) [direct-vesa: presents=100 total_ms=309 avg_ms_x10=30 failed=0] [ablation: NO_DC_TIMING=0 CACHE_WINSURF=0 DIRECT_VESA=1]
[22:05:21] [info] kbd/audio block 0: kbd_irq=0 kbd_drain=0 ring_chunks=16 pump_pass=4127 pic1_mask=0xb8 first_irq_ticks=0 install_ticks=0 vector_at_install=0x0084e430 pic1_mask_live=0xb8 kbd_8042_stat=0x34 bios_kbd_head=0x0030 bios_kbd_tail=0x0030 bios_kbd_buf0=0x1c0d
[22:05:21] [info] dirty-rect block @flip=2600: total_calls=0 dirty_rects_avg=1 dirty_pct_x10=1000 forced_full=0 first_n_force=0 threshold_exceeded=0 dirty_path_taken=0 full_flush_taken=0
[22:05:21] [info] prev-frame-diff block @flip=2600: diff_calls=0 diff_rects_avg=0 diff_dirty_pct_x10=0 bbox_pct_x10=0 bbox_thresh_exceeded=0
[22:05:22] [info] flip-probe: flip #2610 ok=true present=5ms inter_flip_ms=52 drawcalls-since-flip=16 drawcalls-total=168631 fail-total=0 null-skips-total=0
[22:05:22] [info] flip-probe: flip #2620 ok=true present=-3ms inter_flip_ms=55 drawcalls-since-flip=16 drawcalls-total=168791 fail-total=0 null-skips-total=0
[22:05:22] [info] flip-probe: flip #2630 ok=true present=6ms inter_flip_ms=-3 drawcalls-since-flip=16 drawcalls-total=168951 fail-total=0 null-skips-total=0
[22:05:23] [info] flip-probe: flip #2640 ok=true present=-3ms inter_flip_ms=53 drawcalls-since-flip=16 drawcalls-total=169111 fail-total=0 null-skips-total=0
[22:05:23] [info] backdrop cache: thrashing-detect engaged (streak=184, route=direct)
[22:05:23] [info] run_tick_fixed #4200: heartbeat (loop alive)
[22:05:23] [info] flip-probe: flip #2650 ok=true present=-2ms inter_flip_ms=2 drawcalls-since-flip=17 drawcalls-total=169281 fail-total=0 null-skips-total=0
[22:05:23] [info] flip-probe: flip #2660 ok=true present=53ms inter_flip_ms=1 drawcalls-since-flip=17 drawcalls-total=169451 fail-total=0 null-skips-total=0
[22:05:23] [info] flip-probe: flip #2670 ok=true present=5ms inter_flip_ms=49 drawcalls-since-flip=18 drawcalls-total=169631 fail-total=0 null-skips-total=0
[22:05:24] [info] flip-probe: flip #2680 ok=true present=6ms inter_flip_ms=-1 drawcalls-since-flip=17 drawcalls-total=169808 fail-total=0 null-skips-total=0
[22:05:24] [info] flip-probe: flip #2690 ok=true present=-2ms inter_flip_ms=53 drawcalls-since-flip=15 drawcalls-total=169968 fail-total=0 null-skips-total=0
[22:05:24] [info] flip-probe: flip #2700 ok=true present=-2ms inter_flip_ms=2 drawcalls-since-flip=14 drawcalls-total=170108 fail-total=0 null-skips-total=0
[22:05:24] [info] alpha audit block 0: 1543 total drawcalls, 0 with alpha<255 (block pct_x10=0; global 0/156624 pct_x10=0); alpha-mod skipped: block=0 global=0
[22:05:24] [info] fastpath audit block 0: taken=1543 (idx8=1543) skipped=0 pct_x10=1000; global taken=156624 (idx8=156624) skipped=0 pct_x10=1000
[22:05:24] [info] primitive tally block 0: clear=200(hr=200) fill=0(hr=0) rect=0(hr=0) line=0(hr=0) tint=0 spotlight=0 (over 100 flips ending at flip 2700)
[22:05:24] [info] phase timing block 0: drawcalls=1743 dc_total_ms=847 flip_inner_total_ms=66 inter_flip_total_ms=2967 (per-flip avg x10: dc_ms=84 fi_ms=6 if_ms=296 derived audio+engine_ms=206; per-drawcall avg us_x10=4864) [direct-vesa: presents=100 total_ms=18446744073652 avg_ms_x10=184467440731 failed=0] [ablation: NO_DC_TIMING=0 CACHE_WINSURF=0 DIRECT_VESA=1]
[22:05:24] [info] kbd/audio block 0: kbd_irq=0 kbd_drain=0 ring_chunks=16 pump_pass=4281 pic1_mask=0xb8 first_irq_ticks=0 install_ticks=0 vector_at_install=0x0084e430 pic1_mask_live=0xb8 kbd_8042_stat=0x34 bios_kbd_head=0x0030 bios_kbd_tail=0x0030 bios_kbd_buf0=0x1c0d
[22:05:24] [info] dirty-rect block @flip=2700: total_calls=0 dirty_rects_avg=1 dirty_pct_x10=1000 forced_full=0 first_n_force=0 threshold_exceeded=0 dirty_path_taken=0 full_flush_taken=0
[22:05:24] [info] prev-frame-diff block @flip=2700: diff_calls=0 diff_rects_avg=0 diff_dirty_pct_x10=0 bbox_pct_x10=0 bbox_thresh_exceeded=0
[22:05:25] [info] backdrop cache: thrashing-detect engaged (streak=244, route=direct)
[22:05:25] [info] flip-probe: flip #2710 ok=true present=5ms inter_flip_ms=51 drawcalls-since-flip=116 drawcalls-total=170482 fail-total=0 null-skips-total=0
[22:05:25] [info] flip-probe: flip #2720 ok=true present=-3ms inter_flip_ms=54 drawcalls-since-flip=356 drawcalls-total=173730 fail-total=0 null-skips-total=0
[22:05:25] [info]  >> Entering stage 14: 'Shack'.
[22:05:25] [info] [skip-sheet-flush] cave=10
[22:05:26] [info] [load-stage] preloading entry music song=8 (cave=10)
[22:05:26] [info] [music-dispatch] tick=4326 song=8 (prev 9)
[22:05:26] [info] opl2 backend: on_song_stop
[22:05:26] [info] MidiScheduler::load: parsed 'data/orgmid2/vivi.mid' = 4558 events at 48 PPQ
[22:05:26] [info] opl2 backend: on_song_start
[22:05:26] [info] gameloop: entered (curmap=14, running=1)
[22:05:26] [info] gameloop: iter 1 ticks=106066 mapno=-1
[22:05:26] [info] gameloop: iter 2 ticks=106122 mapno=-1
[22:05:26] [info] gameloop: iter 3 ticks=106175 mapno=-1
[22:05:26] [info] flip-probe: flip #2730 ok=true present=6ms inter_flip_ms=51 drawcalls-since-flip=325 drawcalls-total=176975 fail-total=0 null-skips-total=0
[22:05:27] [info] flip-probe: flip #2740 ok=true present=-2ms inter_flip_ms=-4 drawcalls-since-flip=13 drawcalls-total=178137 fail-total=0 null-skips-total=0
[22:05:27] [info] flip-probe: flip #2750 ok=true present=-2ms inter_flip_ms=4 drawcalls-since-flip=23 drawcalls-total=178327 fail-total=0 null-skips-total=0
[22:05:27] [info] flip-probe: flip #2760 ok=true present=-3ms inter_flip_ms=-1 drawcalls-since-flip=23 drawcalls-total=178557 fail-total=0 null-skips-total=0
[22:05:27] [info] flip-probe: flip #2770 ok=true present=5ms inter_flip_ms=-2 drawcalls-since-flip=23 drawcalls-total=178787 fail-total=0 null-skips-total=0
[22:05:27] [info] flip-probe: flip #2780 ok=true present=-3ms inter_flip_ms=-1 drawcalls-since-flip=23 drawcalls-total=179017 fail-total=0 null-skips-total=0
[22:05:28] [info] flip-probe: flip #2790 ok=true present=6ms inter_flip_ms=-2 drawcalls-since-flip=25 drawcalls-total=179255 fail-total=0 null-skips-total=0
[22:05:28] [info] flip-probe: flip #2800 ok=true present=5ms inter_flip_ms=54 drawcalls-since-flip=26 drawcalls-total=179512 fail-total=0 null-skips-total=0
[22:05:28] [info] alpha audit block 0: 8988 total drawcalls, 0 with alpha<255 (block pct_x10=0; global 0/165612 pct_x10=0); alpha-mod skipped: block=0 global=0
[22:05:28] [info] fastpath audit block 0: taken=8988 (idx8=8988) skipped=0 pct_x10=1000; global taken=165612 (idx8=165612) skipped=0 pct_x10=1000
[22:05:28] [info] primitive tally block 0: clear=201(hr=201) fill=0(hr=0) rect=0(hr=0) line=0(hr=0) tint=0 spotlight=0 (over 100 flips ending at flip 2800)
[22:05:28] [info] color/alpha audit block 0: cmod_white=395 cmod_black=395 (idx=395) cmod_general=0 (idx=0) cmod_fb=0; alpha_taken=0 alpha_skipped=0 (global cmod=12247/10715/714/0 idx=10715/714 alpha=0/0)
[22:05:28] [info] phase timing block 0: drawcalls=9979 dc_total_ms=868 flip_inner_total_ms=446 inter_flip_total_ms=3510 (per-flip avg x10: dc_ms=86 fi_ms=44 if_ms=351 derived audio+engine_ms=221; per-drawcall avg us_x10=870) [direct-vesa: presents=100 total_ms=433 avg_ms_x10=43 failed=0] [ablation: NO_DC_TIMING=0 CACHE_WINSURF=0 DIRECT_VESA=1]
[22:05:28] [info] kbd/audio block 0: kbd_irq=0 kbd_drain=0 ring_chunks=16 pump_pass=4427 pic1_mask=0xb8 first_irq_ticks=0 install_ticks=0 vector_at_install=0x0084e430 pic1_mask_live=0xb8 kbd_8042_stat=0x34 bios_kbd_head=0x0030 bios_kbd_tail=0x0030 bios_kbd_buf0=0x1c0d
[22:05:28] [info] dirty-rect block @flip=2800: total_calls=0 dirty_rects_avg=1 dirty_pct_x10=1000 forced_full=0 first_n_force=0 threshold_exceeded=0 dirty_path_taken=0 full_flush_taken=0
[22:05:28] [info] prev-frame-diff block @flip=2800: diff_calls=0 diff_rects_avg=0 diff_dirty_pct_x10=0 bbox_pct_x10=0 bbox_thresh_exceeded=0
[22:05:28] [info] flip-probe: flip #2810 ok=true present=-3ms inter_flip_ms=62 drawcalls-since-flip=24 drawcalls-total=179769 fail-total=0 null-skips-total=0
[22:05:28] [info] flip-probe: flip #2820 ok=true present=-2ms inter_flip_ms=53 drawcalls-since-flip=23 drawcalls-total=180004 fail-total=0 null-skips-total=0
[22:05:29] [info] flip-probe: flip #2830 ok=true present=5ms inter_flip_ms=54 drawcalls-since-flip=23 drawcalls-total=180234 fail-total=0 null-skips-total=0
[22:05:29] [info] flip-probe: flip #2840 ok=true present=-2ms inter_flip_ms=54 drawcalls-since-flip=23 drawcalls-total=180464 fail-total=0 null-skips-total=0
[22:05:29] [info] flip-probe: flip #2850 ok=true present=-2ms inter_flip_ms=60 drawcalls-since-flip=13 drawcalls-total=180604 fail-total=0 null-skips-total=0
[22:05:29] [info] flip-probe: flip #2860 ok=true present=6ms inter_flip_ms=52 drawcalls-since-flip=13 drawcalls-total=180734 fail-total=0 null-skips-total=0
[22:05:29] [info] flip-probe: flip #2870 ok=true present=5ms inter_flip_ms=56 drawcalls-since-flip=13 drawcalls-total=180864 fail-total=0 null-skips-total=0
[22:05:30] [info] flip-probe: flip #2880 ok=true present=-2ms inter_flip_ms=60 drawcalls-since-flip=13 drawcalls-total=180994 fail-total=0 null-skips-total=0
[22:05:30] [info] flip-probe: flip #2890 ok=true present=-3ms inter_flip_ms=53 drawcalls-since-flip=13 drawcalls-total=181124 fail-total=0 null-skips-total=0
[22:05:30] [info] tas: stall frame 277 ms -> contributing 1 tick (patch 0286)
[22:05:30] [info] flip-probe: flip #2900 ok=true present=5ms inter_flip_ms=-3 drawcalls-since-flip=13 drawcalls-total=181254 fail-total=0 null-skips-total=0
[22:05:30] [info] alpha audit block 0: 1537 total drawcalls, 0 with alpha<255 (block pct_x10=0; global 0/167149 pct_x10=0); alpha-mod skipped: block=0 global=0
[22:05:30] [info] fastpath audit block 0: taken=1537 (idx8=1537) skipped=0 pct_x10=1000; global taken=167149 (idx8=167149) skipped=0 pct_x10=1000
[22:05:30] [info] primitive tally block 0: clear=200(hr=200) fill=0(hr=0) rect=0(hr=0) line=0(hr=0) tint=0 spotlight=0 (over 100 flips ending at flip 2900)
[22:05:30] [info] color/alpha audit block 0: cmod_white=205 cmod_black=205 (idx=205) cmod_general=0 (idx=0) cmod_fb=0; alpha_taken=0 alpha_skipped=0 (global cmod=12452/10920/714/0 idx=10920/714 alpha=0/0)
[22:05:30] [info] phase timing block 0: drawcalls=2147 dc_total_ms=466 flip_inner_total_ms=609 inter_flip_total_ms=2417 (per-flip avg x10: dc_ms=46 fi_ms=60 if_ms=241 derived audio+engine_ms=135; per-drawcall avg us_x10=2173) [direct-vesa: presents=100 total_ms=313 avg_ms_x10=31 failed=0] [ablation: NO_DC_TIMING=0 CACHE_WINSURF=0 DIRECT_VESA=1]
[22:05:30] [info] kbd/audio block 0: kbd_irq=0 kbd_drain=0 ring_chunks=16 pump_pass=4542 pic1_mask=0xb8 first_irq_ticks=0 install_ticks=0 vector_at_install=0x0084e430 pic1_mask_live=0xb8 kbd_8042_stat=0x34 bios_kbd_head=0x0030 bios_kbd_tail=0x0030 bios_kbd_buf0=0x1c0d
[22:05:30] [info] dirty-rect block @flip=2900: total_calls=0 dirty_rects_avg=1 dirty_pct_x10=1000 forced_full=0 first_n_force=0 threshold_exceeded=0 dirty_path_taken=0 full_flush_taken=0
[22:05:30] [info] prev-frame-diff block @flip=2900: diff_calls=0 diff_rects_avg=0 diff_dirty_pct_x10=0 bbox_pct_x10=0 bbox_thresh_exceeded=0
[22:05:31] [info] flip-probe: flip #2910 ok=true present=5ms inter_flip_ms=-2 drawcalls-since-flip=13 drawcalls-total=181384 fail-total=0 null-skips-total=0
[22:05:31] [info] flip-probe: flip #2920 ok=true present=5ms inter_flip_ms=-2 drawcalls-since-flip=13 drawcalls-total=181514 fail-total=0 null-skips-total=0
[22:05:31] [info] flip-probe: flip #2930 ok=true present=6ms inter_flip_ms=-2 drawcalls-since-flip=43 drawcalls-total=181674 fail-total=0 null-skips-total=0
[22:05:31] [info] flip-probe: flip #2940 ok=true present=-3ms inter_flip_ms=0 drawcalls-since-flip=355 drawcalls-total=184176 fail-total=0 null-skips-total=0
[22:05:32] [info]  >> Entering stage 11: 'Mimiga Village'.
[22:05:32] [info] [skip-sheet-flush] cave=11
[22:05:32] [info] [load-stage] preloading entry music song=9 (cave=11)
[22:05:32] [info] [music-dispatch] tick=4609 song=9 (prev 8)
[22:05:32] [info] opl2 backend: on_song_stop
[22:05:32] [info] MidiScheduler::load: parsed 'data/orgmid2/mura.mid' = 2863 events at 48 PPQ
[22:05:32] [info] opl2 backend: on_song_start
[22:05:32] [info] gameloop: entered (curmap=11, running=1)
[22:05:32] [info] gameloop: iter 1 ticks=112329 mapno=-1
[22:05:32] [info] gameloop: iter 2 ticks=112381 mapno=-1
[22:05:32] [info] gameloop: iter 3 ticks=112437 mapno=-1
[22:05:32] [info] flip-probe: flip #2950 ok=true present=5ms inter_flip_ms=52 drawcalls-since-flip=382 drawcalls-total=187482 fail-total=0 null-skips-total=0
[22:05:33] [info] backdrop cache: thrashing-detect engaged (streak=4, route=direct)
[22:05:33] [info] flip-probe: flip #2960 ok=true present=-3ms inter_flip_ms=59 drawcalls-since-flip=30 drawcalls-total=189278 fail-total=0 null-skips-total=0
[22:05:33] [info] flip-probe: flip #2970 ok=true present=5ms inter_flip_ms=52 drawcalls-since-flip=40 drawcalls-total=189668 fail-total=0 null-skips-total=0
[22:05:33] [info] flip-probe: flip #2980 ok=true present=6ms inter_flip_ms=2 drawcalls-since-flip=42 drawcalls-total=190081 fail-total=0 null-skips-total=0
[22:05:34] [info] flip-probe: flip #2990 ok=true present=-2ms inter_flip_ms=56 drawcalls-since-flip=43 drawcalls-total=190510 fail-total=0 null-skips-total=0
[22:05:34] [info] flip-probe: flip #3000 ok=true present=-2ms inter_flip_ms=56 drawcalls-since-flip=43 drawcalls-total=190940 fail-total=0 null-skips-total=0
[22:05:34] [info] alpha audit block 0: 8930 total drawcalls, 0 with alpha<255 (block pct_x10=0; global 0/176079 pct_x10=0); alpha-mod skipped: block=0 global=0
[22:05:34] [info] fastpath audit block 0: taken=8930 (idx8=8930) skipped=0 pct_x10=1000; global taken=176079 (idx8=176079) skipped=0 pct_x10=1000
[22:05:34] [info] primitive tally block 0: clear=201(hr=201) fill=0(hr=0) rect=0(hr=0) line=0(hr=0) tint=0 spotlight=0 (over 100 flips ending at flip 3000)
[22:05:34] [info] color/alpha audit block 0: cmod_white=702 cmod_black=702 (idx=702) cmod_general=0 (idx=0) cmod_fb=0; alpha_taken=0 alpha_skipped=0 (global cmod=13154/11622/714/0 idx=11622/714 alpha=0/0)
[22:05:34] [info] phase timing block 0: drawcalls=10545 dc_total_ms=865 flip_inner_total_ms=327 inter_flip_total_ms=3738 (per-flip avg x10: dc_ms=86 fi_ms=32 if_ms=373 derived audio+engine_ms=255; per-drawcall avg us_x10=820) [direct-vesa: presents=100 total_ms=220 avg_ms_x10=22 failed=0] [ablation: NO_DC_TIMING=0 CACHE_WINSURF=0 DIRECT_VESA=1]
[22:05:34] [info] kbd/audio block 0: kbd_irq=0 kbd_drain=0 ring_chunks=16 pump_pass=4706 pic1_mask=0xb8 first_irq_ticks=0 install_ticks=0 vector_at_install=0x0084e430 pic1_mask_live=0xb8 kbd_8042_stat=0x34 bios_kbd_head=0x0030 bios_kbd_tail=0x0030 bios_kbd_buf0=0x1c0d
[22:05:34] [info] dirty-rect block @flip=3000: total_calls=0 dirty_rects_avg=1 dirty_pct_x10=1000 forced_full=0 first_n_force=0 threshold_exceeded=0 dirty_path_taken=0 full_flush_taken=0
[22:05:34] [info] prev-frame-diff block @flip=3000: diff_calls=0 diff_rects_avg=0 diff_dirty_pct_x10=0 bbox_pct_x10=0 bbox_thresh_exceeded=0
[22:05:34] [info] flip-probe: flip #3010 ok=true present=-2ms inter_flip_ms=2 drawcalls-since-flip=47 drawcalls-total=191399 fail-total=0 null-skips-total=0
[22:05:35] [info] backdrop cache: thrashing-detect engaged (streak=64, route=direct)
[22:05:35] [info] flip-probe: flip #3020 ok=true present=5ms inter_flip_ms=51 drawcalls-since-flip=43 drawcalls-total=191850 fail-total=0 null-skips-total=0
[22:05:35] [info] flip-probe: flip #3030 ok=true present=53ms inter_flip_ms=4 drawcalls-since-flip=42 drawcalls-total=192271 fail-total=0 null-skips-total=0
[22:05:35] [info] flip-probe: flip #3040 ok=true present=-3ms inter_flip_ms=59 drawcalls-since-flip=42 drawcalls-total=192691 fail-total=0 null-skips-total=0
[22:05:36] [info] flip-probe: flip #3050 ok=true present=-3ms inter_flip_ms=-3 drawcalls-since-flip=45 drawcalls-total=193124 fail-total=0 null-skips-total=0
[22:05:36] [info] flip-probe: flip #3060 ok=true present=-2ms inter_flip_ms=3 drawcalls-since-flip=44 drawcalls-total=193576 fail-total=0 null-skips-total=0
[22:05:36] [info] flip-probe: flip #3070 ok=true present=5ms inter_flip_ms=-4 drawcalls-since-flip=18 drawcalls-total=193912 fail-total=0 null-skips-total=0
[22:05:37] [info] flip-probe: flip #3080 ok=true present=-2ms inter_flip_ms=56 drawcalls-since-flip=18 drawcalls-total=194092 fail-total=0 null-skips-total=0
[22:05:37] [info] flip-probe: flip #3090 ok=true present=-3ms inter_flip_ms=57 drawcalls-since-flip=19 drawcalls-total=194274 fail-total=0 null-skips-total=0
[22:05:37] [info] flip-probe: flip #3100 ok=true present=-2ms inter_flip_ms=-4 drawcalls-since-flip=19 drawcalls-total=194469 fail-total=0 null-skips-total=0
[22:05:37] [info] alpha audit block 0: 2571 total drawcalls, 0 with alpha<255 (block pct_x10=0; global 0/178650 pct_x10=0); alpha-mod skipped: block=0 global=0
[22:05:37] [info] fastpath audit block 0: taken=2571 (idx8=2571) skipped=0 pct_x10=1000; global taken=178650 (idx8=178650) skipped=0 pct_x10=1000
[22:05:37] [info] primitive tally block 0: clear=200(hr=200) fill=0(hr=0) rect=0(hr=0) line=0(hr=0) tint=0 spotlight=0 (over 100 flips ending at flip 3100)
[22:05:37] [info] color/alpha audit block 0: cmod_white=858 cmod_black=858 (idx=858) cmod_general=0 (idx=0) cmod_fb=0; alpha_taken=0 alpha_skipped=0 (global cmod=14012/12480/714/0 idx=12480/714 alpha=0/0)
[22:05:37] [info] phase timing block 0: drawcalls=4528 dc_total_ms=1448 flip_inner_total_ms=456 inter_flip_total_ms=3240 (per-flip avg x10: dc_ms=144 fi_ms=45 if_ms=324 derived audio+engine_ms=135; per-drawcall avg us_x10=3198) [direct-vesa: presents=100 total_ms=305 avg_ms_x10=30 failed=0] [ablation: NO_DC_TIMING=0 CACHE_WINSURF=0 DIRECT_VESA=1]
[22:05:37] [info] kbd/audio block 0: kbd_irq=0 kbd_drain=0 ring_chunks=16 pump_pass=4873 pic1_mask=0xb8 first_irq_ticks=0 install_ticks=0 vector_at_install=0x0084e430 pic1_mask_live=0xb8 kbd_8042_stat=0x34 bios_kbd_head=0x0030 bios_kbd_tail=0x0030 bios_kbd_buf0=0x1c0d
[22:05:37] [info] dirty-rect block @flip=3100: total_calls=0 dirty_rects_avg=1 dirty_pct_x10=1000 forced_full=0 first_n_force=0 threshold_exceeded=0 dirty_path_taken=0 full_flush_taken=0
[22:05:37] [info] prev-frame-diff block @flip=3100: diff_calls=0 diff_rects_avg=0 diff_dirty_pct_x10=0 bbox_pct_x10=0 bbox_thresh_exceeded=0
[22:05:38] [info] flip-probe: flip #3110 ok=true present=-3ms inter_flip_ms=58 drawcalls-since-flip=18 drawcalls-total=194653 fail-total=0 null-skips-total=0
[22:05:38] [info] flip-probe: flip #3120 ok=true present=6ms inter_flip_ms=56 drawcalls-since-flip=17 drawcalls-total=194823 fail-total=0 null-skips-total=0
[22:05:38] [info] flip-probe: flip #3130 ok=true present=-2ms inter_flip_ms=57 drawcalls-since-flip=17 drawcalls-total=194993 fail-total=0 null-skips-total=0
[22:05:39] [info] flip-probe: flip #3140 ok=true present=-3ms inter_flip_ms=56 drawcalls-since-flip=18 drawcalls-total=195172 fail-total=0 null-skips-total=0
[22:05:39] [info] flip-probe: flip #3150 ok=true present=6ms inter_flip_ms=51 drawcalls-since-flip=19 drawcalls-total=195360 fail-total=0 null-skips-total=0
[22:05:39] [info] flip-probe: flip #3160 ok=true present=-3ms inter_flip_ms=57 drawcalls-since-flip=20 drawcalls-total=195559 fail-total=0 null-skips-total=0
[22:05:40] [info] flip-probe: flip #3170 ok=true present=-3ms inter_flip_ms=0 drawcalls-since-flip=18 drawcalls-total=195749 fail-total=0 null-skips-total=0
[22:05:40] [info] flip-probe: flip #3180 ok=true present=-3ms inter_flip_ms=59 drawcalls-since-flip=18 drawcalls-total=195929 fail-total=0 null-skips-total=0
[22:05:40] [info] backdrop cache: thrashing-detect engaged (streak=4, route=direct)
[22:05:40] [info] flip-probe: flip #3190 ok=true present=6ms inter_flip_ms=0 drawcalls-since-flip=18 drawcalls-total=196109 fail-total=0 null-skips-total=0
[22:05:41] [info] flip-probe: flip #3200 ok=true present=5ms inter_flip_ms=-2 drawcalls-since-flip=18 drawcalls-total=196289 fail-total=0 null-skips-total=0
[22:05:41] [info] alpha audit block 0: 1720 total drawcalls, 0 with alpha<255 (block pct_x10=0; global 0/180370 pct_x10=0); alpha-mod skipped: block=0 global=0
[22:05:41] [info] fastpath audit block 0: taken=1720 (idx8=1720) skipped=0 pct_x10=1000; global taken=180370 (idx8=180370) skipped=0 pct_x10=1000
[22:05:41] [info] primitive tally block 0: clear=200(hr=200) fill=0(hr=0) rect=0(hr=0) line=0(hr=0) tint=0 spotlight=0 (over 100 flips ending at flip 3200)
[22:05:41] [info] phase timing block 0: drawcalls=2000 dc_total_ms=934 flip_inner_total_ms=739 inter_flip_total_ms=3403 (per-flip avg x10: dc_ms=93 fi_ms=73 if_ms=340 derived audio+engine_ms=174; per-drawcall avg us_x10=4671) [direct-vesa: presents=100 total_ms=624 avg_ms_x10=62 failed=0] [ablation: NO_DC_TIMING=0 CACHE_WINSURF=0 DIRECT_VESA=1]
[22:05:41] [info] kbd/audio block 0: kbd_irq=0 kbd_drain=0 ring_chunks=16 pump_pass=5045 pic1_mask=0xb8 first_irq_ticks=0 install_ticks=0 vector_at_install=0x0084e430 pic1_mask_live=0xb8 kbd_8042_stat=0x34 bios_kbd_head=0x0030 bios_kbd_tail=0x0030 bios_kbd_buf0=0x1c0d
[22:05:41] [info] dirty-rect block @flip=3200: total_calls=0 dirty_rects_avg=1 dirty_pct_x10=1000 forced_full=0 first_n_force=0 threshold_exceeded=0 dirty_path_taken=0 full_flush_taken=0
[22:05:41] [info] prev-frame-diff block @flip=3200: diff_calls=0 diff_rects_avg=0 diff_dirty_pct_x10=0 bbox_pct_x10=0 bbox_thresh_exceeded=0
[22:05:41] [info] flip-probe: flip #3210 ok=true present=-2ms inter_flip_ms=57 drawcalls-since-flip=18 drawcalls-total=196469 fail-total=0 null-skips-total=0
[22:05:41] [info] flip-probe: flip #3220 ok=true present=-3ms inter_flip_ms=-2 drawcalls-since-flip=18 drawcalls-total=196649 fail-total=0 null-skips-total=0
[22:05:42] [info] flip-probe: flip #3230 ok=true present=-3ms inter_flip_ms=57 drawcalls-since-flip=18 drawcalls-total=196829 fail-total=0 null-skips-total=0
[22:05:42] [info] flip-probe: flip #3240 ok=true present=-2ms inter_flip_ms=2 drawcalls-since-flip=59 drawcalls-total=197091 fail-total=0 null-skips-total=0
[22:05:42] [info] backdrop cache: thrashing-detect engaged (streak=64, route=direct)
[22:05:42] [info] flip-probe: flip #3250 ok=true present=-3ms inter_flip_ms=58 drawcalls-since-flip=59 drawcalls-total=197681 fail-total=0 null-skips-total=0
[22:05:43] [info] flip-probe: flip #3260 ok=true present=5ms inter_flip_ms=2 drawcalls-since-flip=59 drawcalls-total=198271 fail-total=0 null-skips-total=0
[22:05:43] [info] flip-probe: flip #3270 ok=true present=-3ms inter_flip_ms=2 drawcalls-since-flip=59 drawcalls-total=198861 fail-total=0 null-skips-total=0
[22:05:43] [info] tas: end-of-replay auto-exit at tick 5140 (recording exhausted; set DOSKUTSU_TAS_REPLAY_HOLD=1 to disable + observe steady-state past recording end)
[22:05:43] [info] Script engine shutdown.
[22:05:43] [info] opl2 backend: on_song_stop
[22:05:43] [info] opl2 backend shutdown (all 9 voices KEY-OFF; 0xBD cleared; chip state safe for next process)
[22:05:43] [info] Organya init...
[22:05:44] [info] Organya init done
[22:05:44] [info] Sound system shutdown
[22:05:44] [info] Renderer::Close()
[22:05:44] [info] tas: replay file closed
[22:05:44] [info] [fps-true] flips=3272 render_s=121 fps_mean=27.0 (clock-independent: flips / seconds since the FIRST flip; use THIS for the fps matrix, not inter_flip medians, which are invalid in any cell running the PIT/IRQ-0 music pump)
[RUNMANIFEST-BEGIN]
schema_version=2
environment=realhw
binary_sha12=UNKNOWN
binary_sha12_src=unknown
build_sha12=1f79ce20e4ee
organya_cache_key=1f79ce20e4ee
wave_tag=GP5K
scene=
env_block_sha=44be21917288
started_rtc_local=2026-11-22T09:34:09
duration_s=135
exit_code=0
fps_true_flips=3272
fps_true_render_s=121
reel_ticks=5140
reel_game_seconds=102.8
per_loop_fps=31.8
overhead_s=19
music_pump_active=1
cpu_vendor=GenuineIntel
cpu_have_cpuid=1
cpu_family=5
cpu_model=3
cpu_stepping=2
cpu_mhz_est=83
cpu_has_fpu=1
cpu_class=586
audio_backend=adlib
video_logical_wxh=320x240
video_logical_bpp=8
video_vram_kb=4096
video_lfb_or_banked=lfb
audio_is_sb16=0
audio_dsp_ver=NA
audio_dma_path=8bit-low
audio_force_8bit=0
audio_dma_channel=-1
fps_p50=INVALID_PUMP
fps_p95=INVALID_PUMP
fps_sample_n=315
fps_sample_interval=10
pump_clock_state=pump-uncorrected
audio_vital_status=NA
regime=NA
banner_required_hit=0
banner_required_total=0
banner_forbidden_hit=0
banner_optional_hit=0
critical_count=0
warn_count=0
perstage_count=12
perstage_00=stage:72 ticks:95 flips:95 fps:50.0
perstage_01=stage:1005 ticks:80 flips:80 fps:50.0
perstage_02=stage:20 ticks:121 flips:106 fps:43.8
perstage_03=stage:11 ticks:456 flips:272 fps:29.8
perstage_04=stage:17 ticks:770 flips:392 fps:25.4
perstage_05=stage:11 ticks:549 flips:350 fps:31.8
perstage_06=stage:15 ticks:664 flips:435 fps:32.7
perstage_07=stage:11 ticks:893 flips:572 fps:32.0
perstage_08=stage:19 ticks:265 flips:154 fps:29.0
perstage_09=stage:11 ticks:433 flips:264 fps:30.4
perstage_10=stage:14 ticks:283 flips:225 fps:39.7
perstage_11=stage:11 ticks:531 flips:326 fps:30.6
[RUNMANIFEST-END]
[22:05:44] [info] [runmanifest-emit] schema=v2 env=realhw binary_sha12=UNKNOWN(unknown) build_sha12=1f79ce20e4ee per_loop_fps=31.8 overhead_s=19 pump=1 dur=135s tag='GP5K' scene='' (signals=0x4)
