Logger::init: wave-53 log level=INFO path='LOGS/GR4B.LOG'
[21:37:21] [info] config: loaded DOSKUTSU.CFG (3 keys)
[21:37:21] [info] [cpu-witness] vendor=GenuineIntel cpuid=1 family=5 model=3 stepping=2 mhz_est=83 fpu=1 class=586 (boot-time attestation of the running CPU; MHZ_486_LOOP_DIV=16400 mirrors SETUP)
[21:37:21] [info] tas: PRNG seed forced to 12345 via DOSKUTSU_TAS_PRNG_SEED
[21:37:21] [info] tas: auto-exit armed at tick 30000 via DOSKUTSU_TAS_AUTO_EXIT_TICK
[21:37:21] [info] tas: replay opened path='QA.TAS' header_seed=12345
[21:37:22] [info] data cache: DISABLED (default)
[21:37:22] [info] Joystick: skipped (default; set DOSKUTSU_USE_JOYSTICK=1 to enable -- skips SDL3-DOS gameport BIOS INT 15h polling, ~82 ms / flip on real HW)
[21:37:22] [info] Loading settings...
[21:37:22] [info] [input-bind] applied=0 invert_y=0 dos_axes=1
[21:37:22] [info] Renderer::initVideo: 8bpp mode requested via SDL_HINT_DOS_MAX_BPP=8 (wave 16); SDL3-DOS will pick the highest-bpp <= 8 mode at requested resolution
[21:37:22] [info] Renderer::initVideo: DOS resolution-label lock ENABLED (default)
[21:37:23] [info] center-oversized: not needed (surface matches the logical screen) surface=320x240 logical=320x240 offset=0,0
[21:37:23] [info] Renderer::initVideo: using: software renderer
[21:37:24] [info] Renderer::initVideo: dirty-rect tracking ENABLED (wave 15, default ON; set SDL_HINT_DOSKUTSU_DIRTY_RECTS=0 to disable)
[21:37:25] [info] Renderer::initVideo: ablation flags: NO_DC_TIMING=0 CACHE_WINSURF=0 NO_INPUT_POLL=0 DIRECT_VESA=1
[21:37:25] [info] Renderer::initVideo: direct-VESA hot path ENABLED (default since wave 20 patch 0088; bypasses SDL_RenderPresent / SDL_UpdateWindowSurface and writes via SDL/0034's PresentFull helper; R2 mitigation handled by SDL/0034 generation counter -- no per-N-flip heartbeat needed; set SDL_HINT_DOSKUTSU_DIRECT_VESA=0 to revert)
[21:37:25] [info] Renderer::initVideo: flip-phase instrumentation DISABLED (default; set SDL_HINT_DOSKUTSU_FLIP_INSTR=1 to opt in for wave-20 Lever A diagnostic)
[21:37:25] [info] Renderer::initVideo: asm opaque-span blit lever DISABLED (default; set SDL_HINT_DOSKUTSU_ASM_BLIT=1 to opt in -- wave-51 _blit_indexed colorkey-blit lever)
[21:37:25] [info] Renderer::initVideo: blit-decomp instrumentation DISABLED (default; set SDL_HINT_DOSKUTSU_BLIT_DECOMP=1 to opt in -- wave-51 _blit_indexed sub-decomp sizing)
[21:37:25] [info] Renderer::initVideo: mds-scroll-decomp instrumentation DISABLED (default; set SDL_HINT_DOSKUTSU_MDS_DECOMP=1 to opt in -- wave-52 mode_draw_scene scrolling-block decomp)
[21:37:25] [info] Renderer::initVideo: DOSVESA pump yield: skipped (default) (per-flip explicit SDL_Delay(0) yield is always on; set SDL_HINT_DOSKUTSU_FORCE_PUMP_YIELD=1 to restore old per-pump yield)
[21:37:25] [info] Renderer::initVideo: indexed-mode (8bpp) ENABLED -- master palette + 107 per-asset remap LUTs loaded (wave 16, default ON; set SDL_HINT_DOSKUTSU_PIXEL_FORMAT_8=0 to disable)
[21:37:25] [info] Renderer::initVideo: master palette attached to window surface (format=SDL_PIXELFORMAT_INDEX8, ncolors=256)
[21:37:25] [info] Renderer::initVideo: indexed-mode smoke: idx0=(0,0,0) OK idx255=(255,0,255) OK
[21:37:25] [info] Renderer::initVideo: indexed-mode smoke: paletteRemapFor('MyChar.pbm') = present
[21:37:25] [info] Surface::loadImage palmap-diag #1: 'data/Loading.pbm' fmt=SDL_PIXELFORMAT_ABGR8888 remap=HIT -> path=truecolor
[21:37:25] [info] Renderer: prev-frame diff DISABLED (default since wave 17.6; set SDL_HINT_DOSKUTSU_PREVFRAME_DIFF=1 to opt in)
[21:37:25] [info] flip-probe: renderer=software window_ptr=8826616 colorspace=301991328 window_size=320x240 framebuffer_pixels=320x240 logical_present=320x240 mode=2
[21:37:25] [info] flip-probe: first flip ok=true present=45ms inter_flip_ms=0 drawcalls-since-flip=1 drawcalls-total=1
[21:37:25] [info] Sound system init
[21:37:25] [info] Sound system: 4-state audio enable (#31) -- music=on sfx=on (MUSIC_OFF/AUDIO_BACKEND=none -> music-off; SFX_OFF/SFX_DEVICE=none -> sfx-off; both gates are dispatch-level, the device still opens; AUDIO_OFF=1 is the device-level both-off).
[21:37:25] [info] Sound system: Tier-2 audio config (default since wave 21 patch 0093; 11025 Hz, 1 channel, buffer pinned to 256 frames). Measured savings on g2k Pentium OverDrive 83 MHz (W21A): heavy-music scenes ~+11 fps vs Tier-1 baseline (measured -10 to -15 ms/flip post-0094 audio fix; W21A's pre-fix -26.6 ms figure was inflated by stereo-vs-mono playback bug, see patch 0094). Audio quality is reduced vs Tier-1 (mono, 11025 Hz, simple-average L+R downmix) but recognizable; user accepted the trade per direction 2026-05-05. Set SDL_HINT_DOSKUTSU_AUDIO_TIER2=0 to revert to Tier-1 22050 stereo (full Cave Story 2004 audio quality; trades fps for fidelity).
[21:37:25] [info] Sound system: SDL_HINT_AUDIO_DEVICE_SAMPLE_FRAMES=256
[21:37:25] [info] Pixtone IRQ rate-divider: handed master_rate=11025 int16/s (SAMPLE_RATE=11025 x AUDIO_CHANNELS=1) to SDL for auto-RATEDIV (SDL/0074 computes shift_div from the resolved device freq).
[21:37:25] [info] Sound system: device frame-rate: requesting 11025 Hz match to master (SDL_DOSAudioSetDeviceFrameRate; SB16 opens at the engine frame rate instead of SDL's 44100 floor -- 4x less PCM/s + no resampler on the Organya/Pixtone path; killswitch SDL_HINT_DOSKUTSU_DOS_AUDIO_DEVICE_RATE_DEFAULT=0).
[21:37:25] [info] audio backend: opl3 (Phase 10 Stage 4 -- concrete OPL3 FM synthesis backend via SDL/0037+ OPL3 helpers; MidiScheduler routes music dispatch through 18 x 2-op voice allocator + small inline patch bank). SoundManager::init will probe OPL3 via Adlib timer-1 sequence + fall back to organya gracefully if the chip is absent. Pixtone SFX still active on SB16 DAC.
[21:37:25] [info] wave-13.6.1: ring_chunks=16 FORCE_PUMP_YIELD=off (set SDL_HINT_DOSKUTSU_AUDIO_RING_CHUNKS=4|8|16 to override; default 16 matches wave 13.6 behaviour)
[21:37:25] [info] MidiScheduler: MIDI source = 'orgmid2' (native-GM org2mid set; resolves to data/orgmid2/<name>.mid).
[21:37:25] [info] opl3 backend probing for OPL3 chip (Adlib timer-1 sequence)...
[21:37:25] [info] opl3 backend: opl3bank.dat loaded 128 programs from 'data/opl3bank.dat' (v1; 1536 bytes payload). Per-program GM patches now use the runtime bank; programs >= 128 fall back to 8-patch family bucket. Drum channel (MIDI ch 9) unchanged (uses PATCH_DRUM regardless of bank loading).
[21:37:25] [info] opl3 backend ready (OPL3 detected via Adlib timer-1; InitChip applied 18 x 2-op layout; voice allocator armed). Patch bank state: runtime opl3bank.dat ACTIVE (loaded_count=128; programs >= loaded_count fall back to 8-patch placeholder covering GM family categories piano/mallet/organ/guitar/strings/brass/reed/pad). Phase 10.5 path: ship a fuller community bank as data/opl3bank.dat (DOPL3v1 format; 12-byte SBI records per GM program; loader at MidiBackendOpl3 ctor).
[21:37:25] [info] opl3 backend: PATCH_ORGAN + PATCH_MALLET RR=8 (medium release; wub-wub fix per patch 0171; was RR=0 in slot 0103 placeholder -- KEY-OFF couldn't silence; H6 reg 0xBD wave-47 falsified; H1+H5/RR=0 byte-level bug root per WAVE-46/47 analysis)
[21:37:25] [info] Sound system: MidiScheduler armed with MidiBackendOpl3 (patch 0103 Phase 10 Stage 4). Music dispatch routes via SMF parser + 18 x 2-op OPL3 voice allocator + small inline patch bank (community-sourced from Apogee Sound System / AdLib SBI public-domain refs). Pixtone SFX still active on SB16 DAC.
[21:37:25] [info] Sound system: idle-pause skipped (default OFF since patch 0119; backend=opl3 would qualify but operator did not opt-in via SDL_HINT_DOSKUTSU_IDLE_PAUSE=1). DSP stays in continuous-stream mode. Re-enable for an A/B iter once SDL/0037 ForcePause non-engagement is rooted out (task #17).
[21:37:26] [warn] Music dir Ogg/ doesn't exist
[21:37:26] [warn] Music dir Ogg11/ doesn't exist
[21:37:26] [warn] Music dir Ogg17/ doesn't exist
[21:37:26] [warn] Music dir Ogg_ridic/ doesn't exist
[21:37:26] [info] Loading Sound FX...
[21:37:26] [info] [pxt-cache] init(): HIT (loaded cache; render skipped)
[21:37:29] [info] Organya init...
[21:37:30] [info] Organya init done
[21:37:33] [info] gus SFX gain [nx0259]: 70% (SDL_HINT_DOSKUTSU_GUS_SFX_GAIN; scales the GF1 SFX voice volume to balance against velocity/CC-scaled GUS music; default 70, clamp 0..150).
[21:37:33] [info] pixtone IRQ-mix: ENABLED (default; SDL backend engaged; set SDL_HINT_DOSKUTSU_PIXTONE_IRQ_MIX=0 to disable)
[21:37:33] [info] Pixtone::setVolume: L3 active -- mid-play SFX volume updates are no-op in v1 (v2 candidate: SDL_DOSPixtoneSetGain API). gain_x256=256 stored for subsequent SDL_DOSPixtoneStart calls; currently-playing L3 channels unaffected.
[21:37:33] [info] midi ISR tick: engine registered tick_isr callback (L2b active; default ON; set SDL_HINT_DOSKUTSU_MIDI_ISR_TICK=0 to disable)
[21:37:33] [info] menu slide-in fixed-timestep: ENABLED (default; slide advances at 50 Hz logic rate)
[21:37:33] [info] Reading npc.tbl...
[21:37:33] [info] Loading tilekey.dat.
[21:37:33] [info] Script engine init.
[21:37:33] [info] Entering main loop...
[21:37:33] [info] audio mid-gap pump: DISABLED (default)
[21:37:33] [info] TAS fixed-timestep guard: ENABLED (default) (patch 0280; load_stage wall-clock kept out of the FT accumulator so TAS replay advances at a true 50 Hz; set SDL_HINT_DOSKUTSU_TAS_FT_GUARD=0 to disable)
[21:37:33] [info] load_stage ring+DMA silence flush: ENABLED (default) (set SDL_HINT_DOSKUTSU_LOADSTAGE_SILENCE=0 to disable)
[21:37:33] [info] load-band audio-underrun probe: DISABLED (default) (opt-in SDL_HINT_DOSKUTSU_LOADBAND_STAT=1)
[21:37:33] [info]  >> Entering stage 72: 'u'.
[21:37:33] [info] skip sheet flush: ENABLED (default) (SFXPAUSE-012 SHIPPED FIX; sprite sheets stay resident across caves so no per-cave re-decode -> no fire-frame pause; map_flush_graphics tilemap cache still flushes; set SDL_HINT_DOSKUTSU_SKIP_SHEET_FLUSH=0 to restore the old per-cave flush)
[21:37:33] [info] [skip-sheet-flush] cave=1
[21:37:33] [info] eager action sheets: ENABLED (default) (first-fire hitch fix: pre-loads the weapon bullet + hit/muzzle/trail caret sheets at stage load so the first fire/impact does not lazy-decode mid-gameplay; set SDL_HINT_DOSKUTSU_EAGER_ACTION_SHEETS=0 to restore lazy load)
[21:37:33] [info] Surface::loadImage palmap-diag #2: 'data/Bullet.pbm' fmt=SDL_PIXELFORMAT_ABGR8888 remap=HIT -> path=truecolor
[21:37:34] [info] Surface::loadImage palmap-diag #3: 'data/Arms.pbm' fmt=SDL_PIXELFORMAT_ABGR8888 remap=HIT -> path=truecolor
[21:37:34] [info] Surface::loadImage palmap-diag #4: 'data/Caret.pbm' fmt=SDL_PIXELFORMAT_ABGR8888 remap=HIT -> path=truecolor
[21:37:34] [info] Surface::loadImage palmap-diag #5: 'data/Npc/NpcSym.pbm' fmt=SDL_PIXELFORMAT_ABGR8888 remap=HIT -> path=truecolor
[21:37:34] [info] [eager-action-sheets] cave=1 sheets=4 wall_ms=1032
[21:37:34] [info] Surface::loadImage palmap-diag #6: 'data/Stage/PrtWhite.pbm' fmt=SDL_PIXELFORMAT_ABGR8888 remap=HIT -> path=truecolor
[21:37:35] [info] load_stage: entry-music preload ENABLED (default) (set SDL_HINT_DOSKUTSU_PRELOAD_STAGE_MUSIC=0 to disable)
[21:37:35] [info] Surface::loadImage palmap-diag #7: 'data/bk0.pbm' fmt=SDL_PIXELFORMAT_ABGR8888 remap=HIT -> path=truecolor
[21:37:35] [info] gameloop: entered (curmap=72, running=1)
[21:37:35] [info] gameloop: iter 1 ticks=13377 mapno=-1
[21:37:35] [info] fixed-timestep: ENABLED (default; logic 50 Hz, decoupled from render)
[21:37:35] [info] map: BG skip-when-unchanged DISABLED (default) (set SDL_HINT_DOSKUTSU_BG_SKIP_WHEN_UNCHANGED=1 to enable; default OFF since wave-61 -- abandoned, it shipped a backdrop-black flicker and its +0.87 fps was below the noise floor)
[21:37:35] [info] map: skip-redundant-clear lever ENABLED (default since wave-53 promotion)
[21:37:35] [info] perf-mode: level=0 (faithful (default))
[21:37:35] [info] Surface::loadImage palmap-diag #8: 'data/Npc/NpcKings.pbm' fmt=SDL_PIXELFORMAT_ABGR8888 remap=HIT -> path=truecolor
[21:37:35] [info] audio tick-boundary pump: DISABLED (default)
[21:37:35] [info] gameloop: iter 2 ticks=13680 mapno=-1
[21:37:35] [info] gameloop: iter 3 ticks=13724 mapno=-1
[21:37:35] [info] direct-vesa: snapshot @gen=2 use_dosmemput=0 banked_multibank=0 pitches_match=1 vram_w=320 vram_h=240 vram_pitch=320 bpp=1 fb_size=76800 vram_phys=0x78000000 vram_ptr=0x77c00000
[21:37:36] [info] flip-probe: flip #10 ok=true present=3ms inter_flip_ms=22 drawcalls-since-flip=6 drawcalls-total=43 fail-total=0 null-skips-total=0
[21:37:36] [info] flip-probe: flip #20 ok=true present=3ms inter_flip_ms=22 drawcalls-since-flip=4 drawcalls-total=92 fail-total=0 null-skips-total=0
[21:37:36] [info] flip-probe: flip #30 ok=true present=3ms inter_flip_ms=39 drawcalls-since-flip=326 drawcalls-total=2707 fail-total=0 null-skips-total=0
[21:37:37] [info] flip-probe: flip #40 ok=true present=3ms inter_flip_ms=34 drawcalls-since-flip=264 drawcalls-total=5837 fail-total=0 null-skips-total=0
[21:37:37] [info] flip-probe: flip #50 ok=true present=2ms inter_flip_ms=23 drawcalls-since-flip=67 drawcalls-total=7392 fail-total=0 null-skips-total=0
[21:37:37] [info] flip-probe: flip #60 ok=true present=3ms inter_flip_ms=19 drawcalls-since-flip=4 drawcalls-total=7502 fail-total=0 null-skips-total=0
[21:37:37] [info] flip-probe: flip #70 ok=true present=3ms inter_flip_ms=20 drawcalls-since-flip=6 drawcalls-total=7557 fail-total=0 null-skips-total=0
[21:37:38] [info] flip-probe: flip #80 ok=true present=3ms inter_flip_ms=22 drawcalls-since-flip=0 drawcalls-total=7586 fail-total=0 null-skips-total=0
[21:37:38] [info] flip-probe: flip #90 ok=true present=3ms inter_flip_ms=20 drawcalls-since-flip=0 drawcalls-total=7586 fail-total=0 null-skips-total=0
[21:37:38] [info] title: eager-title-IO phase tag ENABLED (default) (set SDL_HINT_DOSKUTSU_EAGER_TITLE_IO=0 to disable)
[21:37:38] [info] [music-dispatch] tick=95 song=24 (prev 0)
[21:37:38] [info] MidiScheduler::load: parsed 'data/orgmid2/curly.mid' = 11294 events at 48 PPQ
[21:37:38] [info] opl3 backend: on_song_start
[21:37:38] [info] gameloop: entered (curmap=1005, running=1)
[21:37:38] [info] gameloop: iter 1 ticks=16958 mapno=-1
[21:37:38] [info] map: backdrop cache ENABLED (default) (set SDL_HINT_DOSKUTSU_BACKDROP_CACHE=0 to disable)
[21:37:39] [info] gameloop: iter 2 ticks=17486 mapno=-1
[21:37:39] [info] gameloop: iter 3 ticks=17520 mapno=-1
[21:37:39] [info] backdrop cache: thrashing-detect engaged (streak=4, route=direct)
[21:37:39] [info] flip-probe: flip #100 ok=true present=3ms inter_flip_ms=28 drawcalls-since-flip=75 drawcalls-total=7886 fail-total=0 null-skips-total=0
[21:37:39] [info] alpha audit block 0: 7798 total drawcalls, 0 with alpha<255 (block pct_x10=0; global 0/7798 pct_x10=0); alpha-mod skipped: block=0 global=0
[21:37:39] [info] fastpath audit block 0: taken=7798 (idx8=7798) skipped=0 pct_x10=1000; global taken=7798 (idx8=7798) skipped=0 pct_x10=1000
[21:37:39] [info] primitive tally block 0: clear=220(hr=220) fill=0(hr=0) rect=0(hr=0) line=0(hr=0) tint=0 spotlight=0 (over 100 flips ending at flip 100)
[21:37:39] [info] color/alpha audit block 0: cmod_white=104 cmod_black=0 (idx=0) cmod_general=84 (idx=84) cmod_fb=0; alpha_taken=0 alpha_skipped=0 (global cmod=104/0/84/0 idx=0/84 alpha=0/0)
[21:37:39] [info] phase timing block 0: drawcalls=8209 dc_total_ms=914 flip_inner_total_ms=820 inter_flip_total_ms=13976 (per-flip avg x10: dc_ms=91 fi_ms=82 if_ms=1397 derived audio+engine_ms=1224; per-drawcall avg us_x10=1113) [direct-vesa: presents=97 total_ms=496 avg_ms_x10=51 failed=0] [ablation: NO_DC_TIMING=0 CACHE_WINSURF=0 DIRECT_VESA=1]
[21:37:39] [info] kbd/audio block 0: kbd_irq=0 kbd_drain=0 ring_chunks=16 pump_pass=99 pic1_mask=0xb8 first_irq_ticks=0 install_ticks=0 vector_at_install=0x0083e3b8 pic1_mask_live=0x38 kbd_8042_stat=0x34 bios_kbd_head=0x0034 bios_kbd_tail=0x0034 bios_kbd_buf0=0x1e61
[21:37:39] [info] audio/engine split block 0: audio_mixer_calls=0 audio_mixer_ms_x10=0 engine_tick_calls=99 engine_tick_ms_x10=312 audio_service_calls=0 audio_service_ms_x10=0 (per-flip avg; per-call us_x10: audio_mix=0 engine_tick=315449 audio_service=0; global ns: audio_mix=0 engine_tick=3122950433 audio_service=0)
[21:37:39] [info] pixtone multi-source probe: DISABLED (default)
[21:37:39] [info] dirty-rect block @flip=100: total_calls=0 dirty_rects_avg=0 dirty_pct_x10=990 forced_full=0 first_n_force=3 threshold_exceeded=2 dirty_path_taken=0 full_flush_taken=3
[21:37:39] [info] prev-frame-diff block @flip=100: diff_calls=0 diff_rects_avg=0 diff_dirty_pct_x10=0 bbox_pct_x10=0 bbox_thresh_exceeded=0
[21:37:39] [info] flip-probe: flip #110 ok=true present=3ms inter_flip_ms=22 drawcalls-since-flip=75 drawcalls-total=8636 fail-total=0 null-skips-total=0
[21:37:40] [info] flip-probe: flip #120 ok=true present=2ms inter_flip_ms=23 drawcalls-since-flip=75 drawcalls-total=9386 fail-total=0 null-skips-total=0
[21:37:40] [info] flip-probe: flip #130 ok=true present=2ms inter_flip_ms=20 drawcalls-since-flip=0 drawcalls-total=9986 fail-total=0 null-skips-total=0
[21:37:40] [info] Loading profile from profile.dat
[21:37:40] [error] profile_load: unable to open 'profile.dat'
[21:37:40] [info] Loading profile from profile2.dat
[21:37:40] [error] profile_load: unable to open 'profile2.dat'
[21:37:40] [info] Loading profile from profile3.dat
[21:37:40] [info] Loading profile from profile4.dat
[21:37:40] [error] profile_load: unable to open 'profile4.dat'
[21:37:40] [info] Loading profile from profile5.dat
[21:37:40] [info] flip-probe: flip #140 ok=true present=3ms inter_flip_ms=31 drawcalls-since-flip=210 drawcalls-total=10826 fail-total=0 null-skips-total=0
[21:37:41] [info] flip-probe: flip #150 ok=true present=3ms inter_flip_ms=30 drawcalls-since-flip=210 drawcalls-total=12926 fail-total=0 null-skips-total=0
[21:37:41] [info] Writing settings...
[21:37:41] [info] flip-probe: flip #160 ok=true present=3ms inter_flip_ms=20 drawcalls-since-flip=0 drawcalls-total=13774 fail-total=0 null-skips-total=0
[21:37:41] [info] flip-probe: flip #170 ok=true present=3ms inter_flip_ms=22 drawcalls-since-flip=0 drawcalls-total=13774 fail-total=0 null-skips-total=0
[21:37:41] [info] [music-dispatch] tick=175 song=0 (prev 24)
[21:37:41] [info] opl3 backend: on_song_stop
[21:37:41] [info] Loading profile from profile5.dat
[21:37:41] [info]  >> Entering stage 20: 'Save Point'.
[21:37:41] [info] [skip-sheet-flush] cave=2
[21:37:42] [info] [music-dispatch] tick=175 song=8 (prev 0)
[21:37:42] [info] MidiScheduler::load: parsed 'data/orgmid2/vivi.mid' = 4558 events at 48 PPQ
[21:37:42] [info] opl3 backend: on_song_start
[21:37:42] [info] gameloop: entered (curmap=20, running=1)
[21:37:42] [info] gameloop: iter 1 ticks=20594 mapno=-1
[21:37:42] [info] TAS stall discount: ENABLED (default) (patch 0286; a replay frame over 150 ms is a load, not slow rendering, so it contributes 1 tick instead of its wall-clock; set SDL_HINT_DOSKUTSU_TAS_STALL_DISCOUNT=0 to disable)
[21:37:42] [info] TAS accumulator clamp: DISABLED (default) (patch 0281; caps the FT accumulator delta at one tick during TAS so a stalled frame cannot race the replay index; set SDL_HINT_DOSKUTSU_TAS_FT_GUARD=0 to disable)
[21:37:42] [info] gameloop: iter 2 ticks=20632 mapno=-1
[21:37:42] [info] gameloop: iter 3 ticks=20658 mapno=-1
[21:37:42] [info] flip-probe: flip #180 ok=true present=3ms inter_flip_ms=20 drawcalls-since-flip=16 drawcalls-total=13896 fail-total=0 null-skips-total=0
[21:37:42] [info] flip-probe: flip #190 ok=true present=3ms inter_flip_ms=20 drawcalls-since-flip=16 drawcalls-total=14056 fail-total=0 null-skips-total=0
[21:37:43] [info] flip-probe: flip #200 ok=true present=3ms inter_flip_ms=20 drawcalls-since-flip=16 drawcalls-total=14216 fail-total=0 null-skips-total=0
[21:37:43] [info] alpha audit block 0: 5693 total drawcalls, 0 with alpha<255 (block pct_x10=0; global 0/13491 pct_x10=0); alpha-mod skipped: block=0 global=0
[21:37:43] [info] fastpath audit block 0: taken=5693 (idx8=5693) skipped=0 pct_x10=1000; global taken=13491 (idx8=13491) skipped=0 pct_x10=1000
[21:37:43] [info] primitive tally block 0: clear=201(hr=201) fill=0(hr=0) rect=0(hr=0) line=0(hr=0) tint=0 spotlight=0 (over 100 flips ending at flip 200)
[21:37:43] [info] color/alpha audit block 0: cmod_white=1402 cmod_black=0 (idx=0) cmod_general=609 (idx=609) cmod_fb=0; alpha_taken=0 alpha_skipped=0 (global cmod=1506/0/693/0 idx=0/693 alpha=0/0)
[21:37:43] [info] phase timing block 0: drawcalls=7905 dc_total_ms=869 flip_inner_total_ms=519 inter_flip_total_ms=3548 (per-flip avg x10: dc_ms=86 fi_ms=51 if_ms=354 derived audio+engine_ms=217; per-drawcall avg us_x10=1100) [direct-vesa: presents=100 total_ms=284 avg_ms_x10=28 failed=0] [ablation: NO_DC_TIMING=0 CACHE_WINSURF=0 DIRECT_VESA=1]
[21:37:43] [info] kbd/audio block 0: kbd_irq=0 kbd_drain=0 ring_chunks=16 pump_pass=200 pic1_mask=0xb8 first_irq_ticks=0 install_ticks=0 vector_at_install=0x0083e3b8 pic1_mask_live=0x38 kbd_8042_stat=0x34 bios_kbd_head=0x0034 bios_kbd_tail=0x0034 bios_kbd_buf0=0x1e61
[21:37:43] [info] audio/engine split block 0: audio_mixer_calls=0 audio_mixer_ms_x10=0 engine_tick_calls=76 engine_tick_ms_x10=151 audio_service_calls=0 audio_service_ms_x10=0 (per-flip avg; per-call us_x10: audio_mix=0 engine_tick=199306 audio_service=0; global ns: audio_mix=0 engine_tick=4637681654 audio_service=0)
[21:37:43] [info] dirty-rect block @flip=200: total_calls=0 dirty_rects_avg=1 dirty_pct_x10=1000 forced_full=0 first_n_force=0 threshold_exceeded=0 dirty_path_taken=0 full_flush_taken=0
[21:37:43] [info] prev-frame-diff block @flip=200: diff_calls=0 diff_rects_avg=0 diff_dirty_pct_x10=0 bbox_pct_x10=0 bbox_thresh_exceeded=0
[21:37:43] [info] flip-probe: flip #210 ok=true present=3ms inter_flip_ms=21 drawcalls-since-flip=16 drawcalls-total=14376 fail-total=0 null-skips-total=0
[21:37:43] [info] flip-probe: flip #220 ok=true present=2ms inter_flip_ms=21 drawcalls-since-flip=16 drawcalls-total=14536 fail-total=0 null-skips-total=0
[21:37:43] [info] flip-probe: flip #230 ok=true present=3ms inter_flip_ms=20 drawcalls-since-flip=16 drawcalls-total=14696 fail-total=0 null-skips-total=0
[21:37:43] [info] flip-probe: flip #240 ok=true present=3ms inter_flip_ms=20 drawcalls-since-flip=16 drawcalls-total=14856 fail-total=0 null-skips-total=0
[21:37:44] [info] flip-probe: flip #250 ok=true present=2ms inter_flip_ms=21 drawcalls-since-flip=16 drawcalls-total=15016 fail-total=0 null-skips-total=0
[21:37:44] [info] flip-probe: flip #260 ok=true present=3ms inter_flip_ms=23 drawcalls-since-flip=90 drawcalls-total=15300 fail-total=0 null-skips-total=0
[21:37:44] [info] flip-probe: flip #270 ok=true present=3ms inter_flip_ms=41 drawcalls-since-flip=358 drawcalls-total=18088 fail-total=0 null-skips-total=0
[21:37:45] [info]  >> Entering stage 11: 'Mimiga Village'.
[21:37:45] [info] [skip-sheet-flush] cave=3
[21:37:45] [info] [load-stage] preloading entry music song=9 (cave=3)
[21:37:45] [info] [music-dispatch] tick=297 song=9 (prev 8)
[21:37:45] [info] opl3 backend: on_song_stop
[21:37:45] [info] MidiScheduler::load: parsed 'data/orgmid2/mura.mid' = 2863 events at 48 PPQ
[21:37:45] [info] opl3 backend: on_song_start
[21:37:45] [info] gameloop: entered (curmap=11, running=1)
[21:37:45] [info] gameloop: iter 1 ticks=23563 mapno=-1
[21:37:45] [info] map: mds_clear LUT ENABLED (default) (set SDL_HINT_DOSKUTSU_MDS_CLEAR_LUT=0 to disable; default ON; patch 0144 wave-49 bandwidth lever)
[21:37:45] [info] mds-clear-lut: rebuilt N=240 entries (k_skip=0% k_keep=100%; curmap=11 map_size=60x60; rebuild #1 since boot)
[21:37:45] [info] backdrop thrash full-cover ENABLED (default) (set SDL_HINT_DOSKUTSU_THRASH_FULLCOVER=0 to disable)
[21:37:45] [info] [bd-diag] backdrop render-path diag disabled (default) (set SDL_HINT_DOSKUTSU_BACKDROP_DIAG=1 to enable)
[21:37:45] [info] gameloop: iter 2 ticks=23783 mapno=-1
[21:37:45] [info] tas: stall frame 223 ms -> contributing 1 tick (patch 0286)
[21:37:45] [info] gameloop: iter 3 ticks=23857 mapno=-1
[21:37:45] [info] flip-probe: flip #280 ok=true present=3ms inter_flip_ms=52 drawcalls-since-flip=385 drawcalls-total=21425 fail-total=0 null-skips-total=0
[21:37:46] [info] backdrop cache: thrashing-detect engaged (streak=4, route=direct)
[21:37:46] [info] flip-probe: flip #290 ok=true present=3ms inter_flip_ms=32 drawcalls-since-flip=37 drawcalls-total=23627 fail-total=0 null-skips-total=0
[21:37:46] [info] flip-probe: flip #300 ok=true present=3ms inter_flip_ms=31 drawcalls-since-flip=44 drawcalls-total=24044 fail-total=0 null-skips-total=0
[21:37:46] [info] alpha audit block 0: 9492 total drawcalls, 0 with alpha<255 (block pct_x10=0; global 0/22983 pct_x10=0); alpha-mod skipped: block=0 global=0
[21:37:46] [info] fastpath audit block 0: taken=9492 (idx8=9492) skipped=0 pct_x10=1000; global taken=22983 (idx8=22983) skipped=0 pct_x10=1000
[21:37:46] [info] primitive tally block 0: clear=201(hr=201) fill=0(hr=0) rect=0(hr=0) line=0(hr=0) tint=0 spotlight=0 (over 100 flips ending at flip 300)
[21:37:46] [info] color/alpha audit block 0: cmod_white=312 cmod_black=312 (idx=312) cmod_general=0 (idx=0) cmod_fb=0; alpha_taken=0 alpha_skipped=0 (global cmod=1818/312/693/0 idx=312/693 alpha=0/0)
[21:37:46] [info] phase timing block 0: drawcalls=10324 dc_total_ms=872 flip_inner_total_ms=501 inter_flip_total_ms=3635 (per-flip avg x10: dc_ms=87 fi_ms=50 if_ms=363 derived audio+engine_ms=226; per-drawcall avg us_x10=844) [direct-vesa: presents=100 total_ms=282 avg_ms_x10=28 failed=0] [ablation: NO_DC_TIMING=0 CACHE_WINSURF=0 DIRECT_VESA=1]
[21:37:46] [info] kbd/audio block 0: kbd_irq=0 kbd_drain=0 ring_chunks=16 pump_pass=345 pic1_mask=0xb8 first_irq_ticks=0 install_ticks=0 vector_at_install=0x0083e3b8 pic1_mask_live=0x38 kbd_8042_stat=0x34 bios_kbd_head=0x0034 bios_kbd_tail=0x0034 bios_kbd_buf0=0x1e61
[21:37:46] [info] [tile-speedup-stat n=100 drawtile_us=47.71 raw_blit_us=48.33 ratio=0.99]
[21:37:46] [info] dirty-rect block @flip=300: total_calls=100 dirty_rects_avg=1 dirty_pct_x10=1000 forced_full=0 first_n_force=0 threshold_exceeded=0 dirty_path_taken=0 full_flush_taken=0
[21:37:46] [info] prev-frame-diff block @flip=300: diff_calls=0 diff_rects_avg=0 diff_dirty_pct_x10=0 bbox_pct_x10=0 bbox_thresh_exceeded=0
[21:37:47] [info] flip-probe: flip #310 ok=true present=3ms inter_flip_ms=41 drawcalls-since-flip=46 drawcalls-total=24593 fail-total=0 null-skips-total=0
[21:37:47] [info] backdrop cache: thrashing-detect engaged (streak=4, route=direct)
[21:37:47] [info] flip-probe: flip #320 ok=true present=3ms inter_flip_ms=32 drawcalls-since-flip=43 drawcalls-total=25042 fail-total=0 null-skips-total=0
[21:37:47] [info] flip-probe: flip #330 ok=true present=3ms inter_flip_ms=31 drawcalls-since-flip=42 drawcalls-total=25465 fail-total=0 null-skips-total=0
[21:37:48] [info] flip-probe: flip #340 ok=true present=2ms inter_flip_ms=32 drawcalls-since-flip=42 drawcalls-total=25885 fail-total=0 null-skips-total=0
[21:37:48] [info] flip-probe: flip #350 ok=true present=3ms inter_flip_ms=31 drawcalls-since-flip=42 drawcalls-total=26305 fail-total=0 null-skips-total=0
[21:37:48] [info] flip-probe: flip #360 ok=true present=4ms inter_flip_ms=31 drawcalls-since-flip=42 drawcalls-total=26725 fail-total=0 null-skips-total=0
[21:37:49] [info] flip-probe: flip #370 ok=true present=3ms inter_flip_ms=31 drawcalls-since-flip=42 drawcalls-total=27145 fail-total=0 null-skips-total=0
[21:37:49] [info] backdrop cache: thrashing-detect engaged (streak=64, route=direct)
[21:37:49] [info] flip-probe: flip #380 ok=true present=2ms inter_flip_ms=33 drawcalls-since-flip=42 drawcalls-total=27565 fail-total=0 null-skips-total=0
[21:37:49] [info] flip-probe: flip #390 ok=true present=3ms inter_flip_ms=33 drawcalls-since-flip=43 drawcalls-total=27988 fail-total=0 null-skips-total=0
[21:37:50] [info] flip-probe: flip #400 ok=true present=3ms inter_flip_ms=31 drawcalls-since-flip=17 drawcalls-total=28314 fail-total=0 null-skips-total=0
[21:37:50] [info] alpha audit block 0: 2922 total drawcalls, 0 with alpha<255 (block pct_x10=0; global 0/25905 pct_x10=0); alpha-mod skipped: block=0 global=0
[21:37:50] [info] fastpath audit block 0: taken=2922 (idx8=2922) skipped=0 pct_x10=1000; global taken=25905 (idx8=25905) skipped=0 pct_x10=1000
[21:37:50] [info] primitive tally block 0: clear=200(hr=200) fill=0(hr=0) rect=0(hr=0) line=0(hr=0) tint=0 spotlight=0 (over 100 flips ending at flip 400)
[21:37:50] [info] color/alpha audit block 0: cmod_white=1248 cmod_black=1248 (idx=1248) cmod_general=0 (idx=0) cmod_fb=0; alpha_taken=0 alpha_skipped=0 (global cmod=3066/1560/693/0 idx=1560/693 alpha=0/0)
[21:37:50] [info] phase timing block 0: drawcalls=5622 dc_total_ms=624 flip_inner_total_ms=503 inter_flip_total_ms=3387 (per-flip avg x10: dc_ms=62 fi_ms=50 if_ms=338 derived audio+engine_ms=226; per-drawcall avg us_x10=1110) [direct-vesa: presents=100 total_ms=283 avg_ms_x10=28 failed=0] [ablation: NO_DC_TIMING=0 CACHE_WINSURF=0 DIRECT_VESA=1]
[21:37:50] [info] kbd/audio block 0: kbd_irq=0 kbd_drain=0 ring_chunks=16 pump_pass=515 pic1_mask=0xb8 first_irq_ticks=0 install_ticks=0 vector_at_install=0x0083e3b8 pic1_mask_live=0x38 kbd_8042_stat=0x34 bios_kbd_head=0x0034 bios_kbd_tail=0x0034 bios_kbd_buf0=0x1e61
[21:37:50] [info] dirty-rect block @flip=400: total_calls=0 dirty_rects_avg=1 dirty_pct_x10=1000 forced_full=0 first_n_force=0 threshold_exceeded=0 dirty_path_taken=0 full_flush_taken=0
[21:37:50] [info] prev-frame-diff block @flip=400: diff_calls=0 diff_rects_avg=0 diff_dirty_pct_x10=0 bbox_pct_x10=0 bbox_thresh_exceeded=0
[21:37:50] [info] flip-probe: flip #410 ok=true present=3ms inter_flip_ms=29 drawcalls-since-flip=17 drawcalls-total=28484 fail-total=0 null-skips-total=0
[21:37:50] [info] flip-probe: flip #420 ok=true present=3ms inter_flip_ms=28 drawcalls-since-flip=18 drawcalls-total=28656 fail-total=0 null-skips-total=0
[21:37:51] [info] flip-probe: flip #430 ok=true present=3ms inter_flip_ms=27 drawcalls-since-flip=19 drawcalls-total=28840 fail-total=0 null-skips-total=0
[21:37:51] [info] backdrop cache: thrashing-detect engaged (streak=124, route=direct)
[21:37:51] [info] flip-probe: flip #440 ok=true present=3ms inter_flip_ms=29 drawcalls-since-flip=16 drawcalls-total=29009 fail-total=0 null-skips-total=0
[21:37:51] [info] flip-probe: flip #450 ok=true present=2ms inter_flip_ms=29 drawcalls-since-flip=17 drawcalls-total=29171 fail-total=0 null-skips-total=0
[21:37:51] [info] run_tick_fixed #600: heartbeat (loop alive)
[21:37:51] [info] flip-probe: flip #460 ok=true present=3ms inter_flip_ms=30 drawcalls-since-flip=17 drawcalls-total=29335 fail-total=0 null-skips-total=0
[21:37:52] [info] flip-probe: flip #470 ok=true present=2ms inter_flip_ms=32 drawcalls-since-flip=15 drawcalls-total=29498 fail-total=0 null-skips-total=0
[21:37:52] [info] flip-probe: flip #480 ok=true present=3ms inter_flip_ms=28 drawcalls-since-flip=14 drawcalls-total=29640 fail-total=0 null-skips-total=0
[21:37:52] [info] flip-probe: flip #490 ok=true present=3ms inter_flip_ms=31 drawcalls-since-flip=17 drawcalls-total=29799 fail-total=0 null-skips-total=0
[21:37:53] [info] tas: stall frame 254 ms -> contributing 1 tick (patch 0286)
[21:37:53] [info] backdrop cache: thrashing-detect engaged (streak=184, route=direct)
[21:37:53] [info] flip-probe: flip #500 ok=true present=3ms inter_flip_ms=33 drawcalls-since-flip=16 drawcalls-total=29968 fail-total=0 null-skips-total=0
[21:37:53] [info] alpha audit block 0: 1554 total drawcalls, 0 with alpha<255 (block pct_x10=0; global 0/27459 pct_x10=0); alpha-mod skipped: block=0 global=0
[21:37:53] [info] fastpath audit block 0: taken=1554 (idx8=1554) skipped=0 pct_x10=1000; global taken=27459 (idx8=27459) skipped=0 pct_x10=1000
[21:37:53] [info] primitive tally block 0: clear=200(hr=200) fill=0(hr=0) rect=0(hr=0) line=0(hr=0) tint=0 spotlight=0 (over 100 flips ending at flip 500)
[21:37:53] [info] phase timing block 0: drawcalls=1754 dc_total_ms=485 flip_inner_total_ms=708 inter_flip_total_ms=3378 (per-flip avg x10: dc_ms=48 fi_ms=70 if_ms=337 derived audio+engine_ms=219; per-drawcall avg us_x10=2770) [direct-vesa: presents=100 total_ms=283 avg_ms_x10=28 failed=0] [ablation: NO_DC_TIMING=0 CACHE_WINSURF=0 DIRECT_VESA=1]
[21:37:53] [info] kbd/audio block 0: kbd_irq=0 kbd_drain=0 ring_chunks=16 pump_pass=672 pic1_mask=0xb8 first_irq_ticks=0 install_ticks=0 vector_at_install=0x0083e3b8 pic1_mask_live=0x38 kbd_8042_stat=0x34 bios_kbd_head=0x0034 bios_kbd_tail=0x0034 bios_kbd_buf0=0x1e61
[21:37:53] [info] dirty-rect block @flip=500: total_calls=0 dirty_rects_avg=1 dirty_pct_x10=1000 forced_full=0 first_n_force=0 threshold_exceeded=0 dirty_path_taken=0 full_flush_taken=0
[21:37:53] [info] prev-frame-diff block @flip=500: diff_calls=0 diff_rects_avg=0 diff_dirty_pct_x10=0 bbox_pct_x10=0 bbox_thresh_exceeded=0
[21:37:53] [info] flip-probe: flip #510 ok=true present=3ms inter_flip_ms=33 drawcalls-since-flip=14 drawcalls-total=30112 fail-total=0 null-skips-total=0
[21:37:54] [info] flip-probe: flip #520 ok=true present=3ms inter_flip_ms=31 drawcalls-since-flip=14 drawcalls-total=30252 fail-total=0 null-skips-total=0
[21:37:54] [info] flip-probe: flip #530 ok=true present=4ms inter_flip_ms=40 drawcalls-since-flip=184 drawcalls-total=30812 fail-total=0 null-skips-total=0
[21:37:55] [info] flip-probe: flip #540 ok=true present=3ms inter_flip_ms=34 drawcalls-since-flip=4 drawcalls-total=33477 fail-total=0 null-skips-total=0
[21:37:55] [info]  >> Entering stage 17: 'Yamashita Farm'.
[21:37:55] [info] [skip-sheet-flush] cave=4
[21:37:55] [info] [load-stage] preloading entry music song=13 (cave=4)
[21:37:55] [info] [music-dispatch] tick=752 song=13 (prev 9)
[21:37:55] [info] opl3 backend: on_song_stop
[21:37:55] [info] MidiScheduler::load: parsed 'data/orgmid2/plant.mid' = 3000 events at 48 PPQ
[21:37:55] [info] opl3 backend: on_song_start
[21:37:55] [info] gameloop: entered (curmap=17, running=1)
[21:37:55] [info] gameloop: iter 1 ticks=33591 mapno=-1
[21:37:55] [info] mds-clear-lut: rebuilt N=240 entries (k_skip=33% k_keep=67%; curmap=17 map_size=40x16; rebuild #2 since boot)
[21:37:55] [info] gameloop: iter 2 ticks=33757 mapno=-1
[21:37:55] [info] tas: stall frame 166 ms -> contributing 1 tick (patch 0286)
[21:37:55] [info] gameloop: iter 3 ticks=33819 mapno=-1
[21:37:56] [info] flip-probe: flip #550 ok=true present=3ms inter_flip_ms=50 drawcalls-since-flip=325 drawcalls-total=37016 fail-total=0 null-skips-total=0
[21:37:56] [info] flip-probe: flip #560 ok=true present=3ms inter_flip_ms=37 drawcalls-since-flip=131 drawcalls-total=38785 fail-total=0 null-skips-total=0
[21:37:56] [info] flip-probe: flip #570 ok=true present=2ms inter_flip_ms=39 drawcalls-since-flip=131 drawcalls-total=40137 fail-total=0 null-skips-total=0
[21:37:57] [info] flip-probe: flip #580 ok=true present=3ms inter_flip_ms=39 drawcalls-since-flip=139 drawcalls-total=41492 fail-total=0 null-skips-total=0
[21:37:57] [info] backdrop cache: thrashing-detect engaged (streak=4, route=direct)
[21:37:57] [info] flip-probe: flip #590 ok=true present=3ms inter_flip_ms=44 drawcalls-since-flip=126 drawcalls-total=42885 fail-total=0 null-skips-total=0
[21:37:58] [info] flip-probe: flip #600 ok=true present=3ms inter_flip_ms=40 drawcalls-since-flip=129 drawcalls-total=44169 fail-total=0 null-skips-total=0
[21:37:58] [info] alpha audit block 0: 13334 total drawcalls, 0 with alpha<255 (block pct_x10=0; global 0/40793 pct_x10=0); alpha-mod skipped: block=0 global=0
[21:37:58] [info] fastpath audit block 0: taken=13334 (idx8=13334) skipped=0 pct_x10=1000; global taken=40793 (idx8=40793) skipped=0 pct_x10=1000
[21:37:58] [info] primitive tally block 0: clear=202(hr=202) fill=0(hr=0) rect=0(hr=0) line=0(hr=0) tint=0 spotlight=0 (over 100 flips ending at flip 600)
[21:37:58] [info] color/alpha audit block 0: cmod_white=767 cmod_black=767 (idx=767) cmod_general=0 (idx=0) cmod_fb=0; alpha_taken=0 alpha_skipped=0 (global cmod=3833/2327/693/0 idx=2327/693 alpha=0/0)
[21:37:58] [info] phase timing block 0: drawcalls=15118 dc_total_ms=1118 flip_inner_total_ms=505 inter_flip_total_ms=4739 (per-flip avg x10: dc_ms=111 fi_ms=50 if_ms=473 derived audio+engine_ms=312; per-drawcall avg us_x10=739) [direct-vesa: presents=100 total_ms=283 avg_ms_x10=28 failed=0] [ablation: NO_DC_TIMING=0 CACHE_WINSURF=0 DIRECT_VESA=1]
[21:37:58] [info] kbd/audio block 0: kbd_irq=0 kbd_drain=0 ring_chunks=16 pump_pass=876 pic1_mask=0xb8 first_irq_ticks=0 install_ticks=0 vector_at_install=0x0083e3b8 pic1_mask_live=0x38 kbd_8042_stat=0x34 bios_kbd_head=0x0034 bios_kbd_tail=0x0034 bios_kbd_buf0=0x1e61
[21:37:58] [info] dirty-rect block @flip=600: total_calls=0 dirty_rects_avg=1 dirty_pct_x10=1000 forced_full=0 first_n_force=0 threshold_exceeded=0 dirty_path_taken=0 full_flush_taken=0
[21:37:58] [info] prev-frame-diff block @flip=600: diff_calls=0 diff_rects_avg=0 diff_dirty_pct_x10=0 bbox_pct_x10=0 bbox_thresh_exceeded=0
[21:37:58] [info] flip-probe: flip #610 ok=true present=3ms inter_flip_ms=40 drawcalls-since-flip=134 drawcalls-total=45468 fail-total=0 null-skips-total=0
[21:37:58] [info] run_tick_fixed #900: heartbeat (loop alive)
[21:37:59] [info] flip-probe: flip #620 ok=true present=3ms inter_flip_ms=41 drawcalls-since-flip=138 drawcalls-total=46826 fail-total=0 null-skips-total=0
[21:37:59] [info] flip-probe: flip #630 ok=true present=3ms inter_flip_ms=43 drawcalls-since-flip=147 drawcalls-total=48265 fail-total=0 null-skips-total=0
[21:37:59] [info] backdrop cache: thrashing-detect engaged (streak=4, route=direct)
[21:38:00] [info] flip-probe: flip #640 ok=true present=3ms inter_flip_ms=42 drawcalls-since-flip=142 drawcalls-total=49752 fail-total=0 null-skips-total=0
[21:38:00] [info] flip-probe: flip #650 ok=true present=2ms inter_flip_ms=41 drawcalls-since-flip=136 drawcalls-total=51157 fail-total=0 null-skips-total=0
[21:38:00] [info] flip-probe: flip #660 ok=true present=3ms inter_flip_ms=42 drawcalls-since-flip=132 drawcalls-total=52503 fail-total=0 null-skips-total=0
[21:38:01] [info] flip-probe: flip #670 ok=true present=3ms inter_flip_ms=39 drawcalls-since-flip=105 drawcalls-total=53581 fail-total=0 null-skips-total=0
[21:38:01] [info] backdrop cache: thrashing-detect engaged (streak=4, route=direct)
[21:38:01] [info] flip-probe: flip #680 ok=true present=3ms inter_flip_ms=39 drawcalls-since-flip=105 drawcalls-total=54597 fail-total=0 null-skips-total=0
[21:38:02] [info] flip-probe: flip #690 ok=true present=3ms inter_flip_ms=37 drawcalls-since-flip=104 drawcalls-total=55638 fail-total=0 null-skips-total=0
[21:38:02] [info] flip-probe: flip #700 ok=true present=3ms inter_flip_ms=37 drawcalls-since-flip=108 drawcalls-total=56717 fail-total=0 null-skips-total=0
[21:38:02] [info] alpha audit block 0: 11655 total drawcalls, 0 with alpha<255 (block pct_x10=0; global 0/52448 pct_x10=0); alpha-mod skipped: block=0 global=0
[21:38:02] [info] fastpath audit block 0: taken=11655 (idx8=11655) skipped=0 pct_x10=1000; global taken=52448 (idx8=52448) skipped=0 pct_x10=1000
[21:38:02] [info] primitive tally block 0: clear=200(hr=200) fill=0(hr=0) rect=0(hr=0) line=0(hr=0) tint=0 spotlight=0 (over 100 flips ending at flip 700)
[21:38:02] [info] color/alpha audit block 0: cmod_white=793 cmod_black=793 (idx=793) cmod_general=0 (idx=0) cmod_fb=0; alpha_taken=0 alpha_skipped=0 (global cmod=4626/3120/693/0 idx=3120/693 alpha=0/0)
[21:38:02] [info] phase timing block 0: drawcalls=13449 dc_total_ms=734 flip_inner_total_ms=499 inter_flip_total_ms=4209 (per-flip avg x10: dc_ms=73 fi_ms=49 if_ms=420 derived audio+engine_ms=298; per-drawcall avg us_x10=545) [direct-vesa: presents=100 total_ms=283 avg_ms_x10=28 failed=0] [ablation: NO_DC_TIMING=0 CACHE_WINSURF=0 DIRECT_VESA=1]
[21:38:02] [info] kbd/audio block 0: kbd_irq=0 kbd_drain=0 ring_chunks=16 pump_pass=1087 pic1_mask=0xb8 first_irq_ticks=0 install_ticks=0 vector_at_install=0x0083e3b8 pic1_mask_live=0x38 kbd_8042_stat=0x34 bios_kbd_head=0x0034 bios_kbd_tail=0x0034 bios_kbd_buf0=0x1e61
[21:38:02] [info] dirty-rect block @flip=700: total_calls=0 dirty_rects_avg=1 dirty_pct_x10=1000 forced_full=0 first_n_force=0 threshold_exceeded=0 dirty_path_taken=0 full_flush_taken=0
[21:38:02] [info] prev-frame-diff block @flip=700: diff_calls=0 diff_rects_avg=0 diff_dirty_pct_x10=0 bbox_pct_x10=0 bbox_thresh_exceeded=0
[21:38:02] [info] flip-probe: flip #710 ok=true present=2ms inter_flip_ms=37 drawcalls-since-flip=103 drawcalls-total=57744 fail-total=0 null-skips-total=0
[21:38:03] [info] flip-probe: flip #720 ok=true present=3ms inter_flip_ms=36 drawcalls-since-flip=92 drawcalls-total=58749 fail-total=0 null-skips-total=0
[21:38:03] [info] backdrop cache: thrashing-detect engaged (streak=4, route=direct)
[21:38:03] [info] flip-probe: flip #730 ok=true present=3ms inter_flip_ms=38 drawcalls-since-flip=106 drawcalls-total=59740 fail-total=0 null-skips-total=0
[21:38:04] [info] flip-probe: flip #740 ok=true present=3ms inter_flip_ms=38 drawcalls-since-flip=106 drawcalls-total=60791 fail-total=0 null-skips-total=0
[21:38:04] [info] flip-probe: flip #750 ok=true present=3ms inter_flip_ms=38 drawcalls-since-flip=112 drawcalls-total=61874 fail-total=0 null-skips-total=0
[21:38:04] [info] run_tick_fixed #1200: heartbeat (loop alive)
[21:38:04] [info] flip-probe: flip #760 ok=true present=2ms inter_flip_ms=38 drawcalls-since-flip=111 drawcalls-total=62990 fail-total=0 null-skips-total=0
[21:38:05] [info] flip-probe: flip #770 ok=true present=3ms inter_flip_ms=36 drawcalls-since-flip=108 drawcalls-total=64098 fail-total=0 null-skips-total=0
[21:38:05] [info] flip-probe: flip #780 ok=true present=3ms inter_flip_ms=37 drawcalls-since-flip=103 drawcalls-total=65130 fail-total=0 null-skips-total=0
[21:38:05] [info] backdrop cache: thrashing-detect engaged (streak=64, route=direct)
[21:38:06] [info] flip-probe: flip #790 ok=true present=3ms inter_flip_ms=39 drawcalls-since-flip=106 drawcalls-total=66166 fail-total=0 null-skips-total=0
[21:38:06] [info] flip-probe: flip #800 ok=true present=3ms inter_flip_ms=40 drawcalls-since-flip=112 drawcalls-total=67261 fail-total=0 null-skips-total=0
[21:38:06] [info] alpha audit block 0: 10444 total drawcalls, 0 with alpha<255 (block pct_x10=0; global 0/62892 pct_x10=0); alpha-mod skipped: block=0 global=0
[21:38:06] [info] fastpath audit block 0: taken=10444 (idx8=10444) skipped=0 pct_x10=1000; global taken=62892 (idx8=62892) skipped=0 pct_x10=1000
[21:38:06] [info] primitive tally block 0: clear=200(hr=200) fill=0(hr=0) rect=0(hr=0) line=0(hr=0) tint=0 spotlight=0 (over 100 flips ending at flip 800)
[21:38:06] [info] phase timing block 0: drawcalls=10648 dc_total_ms=637 flip_inner_total_ms=501 inter_flip_total_ms=4000 (per-flip avg x10: dc_ms=63 fi_ms=50 if_ms=400 derived audio+engine_ms=287; per-drawcall avg us_x10=598) [direct-vesa: presents=100 total_ms=281 avg_ms_x10=28 failed=0] [ablation: NO_DC_TIMING=0 CACHE_WINSURF=0 DIRECT_VESA=1]
[21:38:06] [info] kbd/audio block 0: kbd_irq=0 kbd_drain=0 ring_chunks=16 pump_pass=1287 pic1_mask=0xb8 first_irq_ticks=0 install_ticks=0 vector_at_install=0x0083e3b8 pic1_mask_live=0x38 kbd_8042_stat=0x34 bios_kbd_head=0x0034 bios_kbd_tail=0x0034 bios_kbd_buf0=0x1e61
[21:38:06] [info] dirty-rect block @flip=800: total_calls=0 dirty_rects_avg=1 dirty_pct_x10=1000 forced_full=0 first_n_force=0 threshold_exceeded=0 dirty_path_taken=0 full_flush_taken=0
[21:38:06] [info] prev-frame-diff block @flip=800: diff_calls=0 diff_rects_avg=0 diff_dirty_pct_x10=0 bbox_pct_x10=0 bbox_thresh_exceeded=0
[21:38:06] [info] flip-probe: flip #810 ok=true present=3ms inter_flip_ms=40 drawcalls-since-flip=116 drawcalls-total=68412 fail-total=0 null-skips-total=0
[21:38:07] [info] flip-probe: flip #820 ok=true present=3ms inter_flip_ms=37 drawcalls-since-flip=108 drawcalls-total=69510 fail-total=0 null-skips-total=0
[21:38:07] [info] flip-probe: flip #830 ok=true present=3ms inter_flip_ms=39 drawcalls-since-flip=107 drawcalls-total=70585 fail-total=0 null-skips-total=0
[21:38:08] [info] flip-probe: flip #840 ok=true present=3ms inter_flip_ms=45 drawcalls-since-flip=97 drawcalls-total=71604 fail-total=0 null-skips-total=0
[21:38:08] [info] backdrop cache: thrashing-detect engaged (streak=4, route=direct)
[21:38:08] [info] flip-probe: flip #850 ok=true present=2ms inter_flip_ms=37 drawcalls-since-flip=111 drawcalls-total=72702 fail-total=0 null-skips-total=0
[21:38:08] [info] flip-probe: flip #860 ok=true present=3ms inter_flip_ms=37 drawcalls-since-flip=113 drawcalls-total=73814 fail-total=0 null-skips-total=0
[21:38:09] [info] flip-probe: flip #870 ok=true present=3ms inter_flip_ms=38 drawcalls-since-flip=115 drawcalls-total=74941 fail-total=0 null-skips-total=0
[21:38:09] [info] flip-probe: flip #880 ok=true present=3ms inter_flip_ms=37 drawcalls-since-flip=115 drawcalls-total=76082 fail-total=0 null-skips-total=0
[21:38:10] [info] flip-probe: flip #890 ok=true present=3ms inter_flip_ms=39 drawcalls-since-flip=119 drawcalls-total=77266 fail-total=0 null-skips-total=0
[21:38:10] [info] flip-probe: flip #900 ok=true present=3ms inter_flip_ms=39 drawcalls-since-flip=118 drawcalls-total=78471 fail-total=0 null-skips-total=0
[21:38:10] [info] alpha audit block 0: 11110 total drawcalls, 0 with alpha<255 (block pct_x10=0; global 0/74002 pct_x10=0); alpha-mod skipped: block=0 global=0
[21:38:10] [info] fastpath audit block 0: taken=11110 (idx8=11110) skipped=0 pct_x10=1000; global taken=74002 (idx8=74002) skipped=0 pct_x10=1000
[21:38:10] [info] primitive tally block 0: clear=200(hr=200) fill=0(hr=0) rect=0(hr=0) line=0(hr=0) tint=0 spotlight=0 (over 100 flips ending at flip 900)
[21:38:10] [info] phase timing block 0: drawcalls=11314 dc_total_ms=645 flip_inner_total_ms=491 inter_flip_total_ms=3975 (per-flip avg x10: dc_ms=64 fi_ms=49 if_ms=397 derived audio+engine_ms=284; per-drawcall avg us_x10=570) [direct-vesa: presents=100 total_ms=282 avg_ms_x10=28 failed=0] [ablation: NO_DC_TIMING=0 CACHE_WINSURF=0 DIRECT_VESA=1]
[21:38:10] [info] kbd/audio block 0: kbd_irq=0 kbd_drain=0 ring_chunks=16 pump_pass=1486 pic1_mask=0xb8 first_irq_ticks=0 install_ticks=0 vector_at_install=0x0083e3b8 pic1_mask_live=0x38 kbd_8042_stat=0x34 bios_kbd_head=0x0034 bios_kbd_tail=0x0034 bios_kbd_buf0=0x1e61
[21:38:10] [info] dirty-rect block @flip=900: total_calls=0 dirty_rects_avg=1 dirty_pct_x10=1000 forced_full=0 first_n_force=0 threshold_exceeded=0 dirty_path_taken=0 full_flush_taken=0
[21:38:10] [info] prev-frame-diff block @flip=900: diff_calls=0 diff_rects_avg=0 diff_dirty_pct_x10=0 bbox_pct_x10=0 bbox_thresh_exceeded=0
[21:38:10] [info] backdrop cache: thrashing-detect engaged (streak=64, route=direct)
[21:38:10] [info] flip-probe: flip #910 ok=true present=3ms inter_flip_ms=55 drawcalls-since-flip=410 drawcalls-total=81636 fail-total=0 null-skips-total=0
[21:38:11] [info]  >> Entering stage 11: 'Mimiga Village'.
[21:38:11] [info] [skip-sheet-flush] cave=5
[21:38:11] [info] [load-stage] preloading entry music song=9 (cave=5)
[21:38:11] [info] [music-dispatch] tick=1523 song=9 (prev 13)
[21:38:11] [info] opl3 backend: on_song_stop
[21:38:11] [info] MidiScheduler::load: parsed 'data/orgmid2/mura.mid' = 2863 events at 48 PPQ
[21:38:11] [info] opl3 backend: on_song_start
[21:38:11] [info] gameloop: entered (curmap=11, running=1)
[21:38:11] [info] gameloop: iter 1 ticks=49678 mapno=-1
[21:38:11] [info] mds-clear-lut: rebuilt N=240 entries (k_skip=0% k_keep=100%; curmap=11 map_size=60x60; rebuild #3 since boot)
[21:38:11] [info] gameloop: iter 2 ticks=49751 mapno=-1
[21:38:11] [info] gameloop: iter 3 ticks=49811 mapno=-1
[21:38:11] [info] flip-probe: flip #920 ok=true present=3ms inter_flip_ms=59 drawcalls-since-flip=330 drawcalls-total=85028 fail-total=0 null-skips-total=0
[21:38:12] [info] backdrop cache: thrashing-detect engaged (streak=4, route=direct)
[21:38:12] [info] flip-probe: flip #930 ok=true present=3ms inter_flip_ms=33 drawcalls-since-flip=40 drawcalls-total=86343 fail-total=0 null-skips-total=0
[21:38:12] [info] flip-probe: flip #940 ok=true present=3ms inter_flip_ms=34 drawcalls-since-flip=40 drawcalls-total=86743 fail-total=0 null-skips-total=0
[21:38:13] [info] flip-probe: flip #950 ok=true present=3ms inter_flip_ms=32 drawcalls-since-flip=40 drawcalls-total=87143 fail-total=0 null-skips-total=0
[21:38:13] [info] flip-probe: flip #960 ok=true present=3ms inter_flip_ms=34 drawcalls-since-flip=40 drawcalls-total=87543 fail-total=0 null-skips-total=0
[21:38:13] [info] flip-probe: flip #970 ok=true present=3ms inter_flip_ms=31 drawcalls-since-flip=40 drawcalls-total=87943 fail-total=0 null-skips-total=0
[21:38:14] [info] flip-probe: flip #980 ok=true present=3ms inter_flip_ms=34 drawcalls-since-flip=42 drawcalls-total=88345 fail-total=0 null-skips-total=0
[21:38:14] [info] backdrop cache: thrashing-detect engaged (streak=64, route=direct)
[21:38:14] [info] flip-probe: flip #990 ok=true present=3ms inter_flip_ms=31 drawcalls-since-flip=40 drawcalls-total=88753 fail-total=0 null-skips-total=0
[21:38:14] [info] flip-probe: flip #1000 ok=true present=2ms inter_flip_ms=37 drawcalls-since-flip=40 drawcalls-total=89157 fail-total=0 null-skips-total=0
[21:38:14] [info] alpha audit block 0: 9468 total drawcalls, 0 with alpha<255 (block pct_x10=0; global 0/83470 pct_x10=0); alpha-mod skipped: block=0 global=0
[21:38:14] [info] fastpath audit block 0: taken=9468 (idx8=9468) skipped=0 pct_x10=1000; global taken=83470 (idx8=83470) skipped=0 pct_x10=1000
[21:38:14] [info] primitive tally block 0: clear=201(hr=201) fill=0(hr=0) rect=0(hr=0) line=0(hr=0) tint=0 spotlight=0 (over 100 flips ending at flip 1000)
[21:38:14] [info] color/alpha audit block 0: cmod_white=1118 cmod_black=1118 (idx=1118) cmod_general=0 (idx=0) cmod_fb=0; alpha_taken=0 alpha_skipped=0 (global cmod=5744/4238/693/0 idx=4238/693 alpha=0/0)
[21:38:14] [info] phase timing block 0: drawcalls=11913 dc_total_ms=883 flip_inner_total_ms=518 inter_flip_total_ms=4371 (per-flip avg x10: dc_ms=88 fi_ms=51 if_ms=437 derived audio+engine_ms=298; per-drawcall avg us_x10=741) [direct-vesa: presents=100 total_ms=280 avg_ms_x10=28 failed=0] [ablation: NO_DC_TIMING=0 CACHE_WINSURF=0 DIRECT_VESA=1]
[21:38:14] [info] kbd/audio block 0: kbd_irq=0 kbd_drain=0 ring_chunks=16 pump_pass=1679 pic1_mask=0xb8 first_irq_ticks=0 install_ticks=0 vector_at_install=0x0083e3b8 pic1_mask_live=0x38 kbd_8042_stat=0x34 bios_kbd_head=0x0034 bios_kbd_tail=0x0034 bios_kbd_buf0=0x1e61
[21:38:14] [info] dirty-rect block @flip=1000: total_calls=0 dirty_rects_avg=1 dirty_pct_x10=1000 forced_full=0 first_n_force=0 threshold_exceeded=0 dirty_path_taken=0 full_flush_taken=0
[21:38:14] [info] prev-frame-diff block @flip=1000: diff_calls=0 diff_rects_avg=0 diff_dirty_pct_x10=0 bbox_pct_x10=0 bbox_thresh_exceeded=0
[21:38:15] [info] flip-probe: flip #1010 ok=true present=3ms inter_flip_ms=32 drawcalls-since-flip=41 drawcalls-total=89562 fail-total=0 null-skips-total=0
[21:38:15] [info] flip-probe: flip #1020 ok=true present=4ms inter_flip_ms=31 drawcalls-since-flip=41 drawcalls-total=89972 fail-total=0 null-skips-total=0
[21:38:15] [info] flip-probe: flip #1030 ok=true present=3ms inter_flip_ms=29 drawcalls-since-flip=42 drawcalls-total=90390 fail-total=0 null-skips-total=0
[21:38:16] [info] flip-probe: flip #1040 ok=true present=3ms inter_flip_ms=28 drawcalls-since-flip=15 drawcalls-total=90646 fail-total=0 null-skips-total=0
[21:38:16] [info] backdrop cache: thrashing-detect engaged (streak=124, route=direct)
[21:38:16] [info] flip-probe: flip #1050 ok=true present=3ms inter_flip_ms=28 drawcalls-since-flip=15 drawcalls-total=90796 fail-total=0 null-skips-total=0
[21:38:16] [info] flip-probe: flip #1060 ok=true present=3ms inter_flip_ms=29 drawcalls-since-flip=15 drawcalls-total=90946 fail-total=0 null-skips-total=0
[21:38:16] [info] flip-probe: flip #1070 ok=true present=2ms inter_flip_ms=28 drawcalls-since-flip=18 drawcalls-total=91120 fail-total=0 null-skips-total=0
[21:38:17] [info] run_tick_fixed #1800: heartbeat (loop alive)
[21:38:17] [info] flip-probe: flip #1080 ok=true present=3ms inter_flip_ms=26 drawcalls-since-flip=18 drawcalls-total=91300 fail-total=0 null-skips-total=0
[21:38:17] [info] flip-probe: flip #1090 ok=true present=2ms inter_flip_ms=27 drawcalls-since-flip=18 drawcalls-total=91480 fail-total=0 null-skips-total=0
[21:38:17] [info] flip-probe: flip #1100 ok=true present=3ms inter_flip_ms=26 drawcalls-since-flip=18 drawcalls-total=91660 fail-total=0 null-skips-total=0
[21:38:17] [info] alpha audit block 0: 1961 total drawcalls, 0 with alpha<255 (block pct_x10=0; global 0/85431 pct_x10=0); alpha-mod skipped: block=0 global=0
[21:38:17] [info] fastpath audit block 0: taken=1961 (idx8=1961) skipped=0 pct_x10=1000; global taken=85431 (idx8=85431) skipped=0 pct_x10=1000
[21:38:17] [info] primitive tally block 0: clear=200(hr=200) fill=0(hr=0) rect=0(hr=0) line=0(hr=0) tint=0 spotlight=0 (over 100 flips ending at flip 1100)
[21:38:17] [info] color/alpha audit block 0: cmod_white=442 cmod_black=442 (idx=442) cmod_general=0 (idx=0) cmod_fb=0; alpha_taken=0 alpha_skipped=0 (global cmod=6186/4680/693/0 idx=4680/693 alpha=0/0)
[21:38:17] [info] phase timing block 0: drawcalls=3045 dc_total_ms=521 flip_inner_total_ms=502 inter_flip_total_ms=3075 (per-flip avg x10: dc_ms=52 fi_ms=50 if_ms=307 derived audio+engine_ms=205; per-drawcall avg us_x10=1713) [direct-vesa: presents=100 total_ms=284 avg_ms_x10=28 failed=0] [ablation: NO_DC_TIMING=0 CACHE_WINSURF=0 DIRECT_VESA=1]
[21:38:17] [info] kbd/audio block 0: kbd_irq=0 kbd_drain=0 ring_chunks=16 pump_pass=1833 pic1_mask=0xb8 first_irq_ticks=0 install_ticks=0 vector_at_install=0x0083e3b8 pic1_mask_live=0x38 kbd_8042_stat=0x34 bios_kbd_head=0x0034 bios_kbd_tail=0x0034 bios_kbd_buf0=0x1e61
[21:38:17] [info] dirty-rect block @flip=1100: total_calls=0 dirty_rects_avg=1 dirty_pct_x10=1000 forced_full=0 first_n_force=0 threshold_exceeded=0 dirty_path_taken=0 full_flush_taken=0
[21:38:17] [info] prev-frame-diff block @flip=1100: diff_calls=0 diff_rects_avg=0 diff_dirty_pct_x10=0 bbox_pct_x10=0 bbox_thresh_exceeded=0
[21:38:17] [info] backdrop cache: thrashing-detect engaged (streak=184, route=direct)
[21:38:18] [info] flip-probe: flip #1110 ok=true present=3ms inter_flip_ms=29 drawcalls-since-flip=17 drawcalls-total=91839 fail-total=0 null-skips-total=0
[21:38:18] [info] flip-probe: flip #1120 ok=true present=3ms inter_flip_ms=28 drawcalls-since-flip=17 drawcalls-total=92009 fail-total=0 null-skips-total=0
[21:38:18] [info] flip-probe: flip #1130 ok=true present=3ms inter_flip_ms=30 drawcalls-since-flip=17 drawcalls-total=92172 fail-total=0 null-skips-total=0
[21:38:19] [info] flip-probe: flip #1140 ok=true present=3ms inter_flip_ms=30 drawcalls-since-flip=16 drawcalls-total=92341 fail-total=0 null-skips-total=0
[21:38:19] [info] flip-probe: flip #1150 ok=true present=3ms inter_flip_ms=30 drawcalls-since-flip=16 drawcalls-total=92501 fail-total=0 null-skips-total=0
[21:38:19] [info] flip-probe: flip #1160 ok=true present=3ms inter_flip_ms=27 drawcalls-since-flip=16 drawcalls-total=92661 fail-total=0 null-skips-total=0
[21:38:19] [info] backdrop cache: thrashing-detect engaged (streak=244, route=direct)
[21:38:19] [info] flip-probe: flip #1170 ok=true present=3ms inter_flip_ms=28 drawcalls-since-flip=16 drawcalls-total=92821 fail-total=0 null-skips-total=0
[21:38:20] [info] flip-probe: flip #1180 ok=true present=3ms inter_flip_ms=27 drawcalls-since-flip=16 drawcalls-total=92981 fail-total=0 null-skips-total=0
[21:38:20] [info] flip-probe: flip #1190 ok=true present=3ms inter_flip_ms=27 drawcalls-since-flip=16 drawcalls-total=93141 fail-total=0 null-skips-total=0
[21:38:20] [info] flip-probe: flip #1200 ok=true present=2ms inter_flip_ms=29 drawcalls-since-flip=24 drawcalls-total=93403 fail-total=0 null-skips-total=0
[21:38:20] [info] alpha audit block 0: 1643 total drawcalls, 0 with alpha<255 (block pct_x10=0; global 0/87074 pct_x10=0); alpha-mod skipped: block=0 global=0
[21:38:20] [info] fastpath audit block 0: taken=1643 (idx8=1643) skipped=0 pct_x10=1000; global taken=87074 (idx8=87074) skipped=0 pct_x10=1000
[21:38:20] [info] primitive tally block 0: clear=200(hr=200) fill=0(hr=0) rect=0(hr=0) line=0(hr=0) tint=0 spotlight=0 (over 100 flips ending at flip 1200)
[21:38:20] [info] phase timing block 0: drawcalls=1843 dc_total_ms=486 flip_inner_total_ms=497 inter_flip_total_ms=3007 (per-flip avg x10: dc_ms=48 fi_ms=49 if_ms=300 derived audio+engine_ms=203; per-drawcall avg us_x10=2637) [direct-vesa: presents=100 total_ms=280 avg_ms_x10=28 failed=0] [ablation: NO_DC_TIMING=0 CACHE_WINSURF=0 DIRECT_VESA=1]
[21:38:20] [info] kbd/audio block 0: kbd_irq=0 kbd_drain=0 ring_chunks=16 pump_pass=1983 pic1_mask=0xb8 first_irq_ticks=0 install_ticks=0 vector_at_install=0x0083e3b8 pic1_mask_live=0x38 kbd_8042_stat=0x34 bios_kbd_head=0x0034 bios_kbd_tail=0x0034 bios_kbd_buf0=0x1e61
[21:38:21] [info] dirty-rect block @flip=1200: total_calls=0 dirty_rects_avg=1 dirty_pct_x10=1000 forced_full=0 first_n_force=0 threshold_exceeded=0 dirty_path_taken=0 full_flush_taken=0
[21:38:21] [info] prev-frame-diff block @flip=1200: diff_calls=0 diff_rects_avg=0 diff_dirty_pct_x10=0 bbox_pct_x10=0 bbox_thresh_exceeded=0
[21:38:21] [info] tas: stall frame 294 ms -> contributing 1 tick (patch 0286)
[21:38:21] [info] flip-probe: flip #1210 ok=true present=3ms inter_flip_ms=28 drawcalls-since-flip=19 drawcalls-total=93609 fail-total=0 null-skips-total=0
[21:38:21] [info] flip-probe: flip #1220 ok=true present=3ms inter_flip_ms=30 drawcalls-since-flip=17 drawcalls-total=93799 fail-total=0 null-skips-total=0
[21:38:21] [info] backdrop cache: thrashing-detect engaged (streak=304, route=direct)
[21:38:22] [info] flip-probe: flip #1230 ok=true present=3ms inter_flip_ms=28 drawcalls-since-flip=20 drawcalls-total=93993 fail-total=0 null-skips-total=0
[21:38:22] [info] flip-probe: flip #1240 ok=true present=3ms inter_flip_ms=36 drawcalls-since-flip=156 drawcalls-total=94517 fail-total=0 null-skips-total=0
[21:38:22] [info] flip-probe: flip #1250 ok=true present=3ms inter_flip_ms=47 drawcalls-since-flip=306 drawcalls-total=97277 fail-total=0 null-skips-total=0
[21:38:22] [info]  >> Entering stage 15: 'Reservoir'.
[21:38:22] [info] [skip-sheet-flush] cave=6
[21:38:23] [info] [load-stage] preloading entry music song=9 (cave=6)
[21:38:23] [info] gameloop: entered (curmap=15, running=1)
[21:38:23] [info] gameloop: iter 1 ticks=61283 mapno=-1
[21:38:23] [info] mds-clear-lut: rebuilt N=240 entries (k_skip=13% k_keep=87%; curmap=15 map_size=40x20; rebuild #4 since boot)
[21:38:23] [info] gameloop: iter 2 ticks=61353 mapno=-1
[21:38:23] [info] gameloop: iter 3 ticks=61410 mapno=-1
[21:38:23] [info] flip-probe: flip #1260 ok=true present=3ms inter_flip_ms=45 drawcalls-since-flip=276 drawcalls-total=100187 fail-total=0 null-skips-total=0
[21:38:23] [info] run_tick_fixed #2100: heartbeat (loop alive)
[21:38:24] [info] flip-probe: flip #1270 ok=true present=3ms inter_flip_ms=28 drawcalls-since-flip=31 drawcalls-total=101287 fail-total=0 null-skips-total=0
[21:38:24] [info] flip-probe: flip #1280 ok=true present=3ms inter_flip_ms=29 drawcalls-since-flip=31 drawcalls-total=101597 fail-total=0 null-skips-total=0
[21:38:24] [info] flip-probe: flip #1290 ok=true present=3ms inter_flip_ms=31 drawcalls-since-flip=31 drawcalls-total=101907 fail-total=0 null-skips-total=0
[21:38:24] [info] flip-probe: flip #1300 ok=true present=3ms inter_flip_ms=29 drawcalls-since-flip=31 drawcalls-total=102217 fail-total=0 null-skips-total=0
[21:38:24] [info] alpha audit block 0: 8282 total drawcalls, 0 with alpha<255 (block pct_x10=0; global 0/95356 pct_x10=0); alpha-mod skipped: block=0 global=0
[21:38:24] [info] fastpath audit block 0: taken=8282 (idx8=8282) skipped=0 pct_x10=1000; global taken=95356 (idx8=95356) skipped=0 pct_x10=1000
[21:38:24] [info] primitive tally block 0: clear=201(hr=201) fill=0(hr=0) rect=0(hr=0) line=0(hr=0) tint=0 spotlight=0 (over 100 flips ending at flip 1300)
[21:38:25] [info] color/alpha audit block 0: cmod_white=432 cmod_black=432 (idx=432) cmod_general=0 (idx=0) cmod_fb=0; alpha_taken=0 alpha_skipped=0 (global cmod=6618/5112/693/0 idx=5112/693 alpha=0/0)
[21:38:25] [info] phase timing block 0: drawcalls=9395 dc_total_ms=1020 flip_inner_total_ms=501 inter_flip_total_ms=4088 (per-flip avg x10: dc_ms=102 fi_ms=50 if_ms=408 derived audio+engine_ms=256; per-drawcall avg us_x10=1086) [direct-vesa: presents=100 total_ms=284 avg_ms_x10=28 failed=0] [ablation: NO_DC_TIMING=0 CACHE_WINSURF=0 DIRECT_VESA=1]
[21:38:25] [info] kbd/audio block 0: kbd_irq=0 kbd_drain=0 ring_chunks=16 pump_pass=2154 pic1_mask=0xb8 first_irq_ticks=0 install_ticks=0 vector_at_install=0x0083e3b8 pic1_mask_live=0x38 kbd_8042_stat=0x34 bios_kbd_head=0x0034 bios_kbd_tail=0x0034 bios_kbd_buf0=0x1e61
[21:38:25] [info] dirty-rect block @flip=1300: total_calls=0 dirty_rects_avg=1 dirty_pct_x10=1000 forced_full=0 first_n_force=0 threshold_exceeded=0 dirty_path_taken=0 full_flush_taken=0
[21:38:25] [info] prev-frame-diff block @flip=1300: diff_calls=0 diff_rects_avg=0 diff_dirty_pct_x10=0 bbox_pct_x10=0 bbox_thresh_exceeded=0
[21:38:25] [info] backdrop cache: thrashing-detect engaged (streak=4, route=direct)
[21:38:25] [info] flip-probe: flip #1310 ok=true present=3ms inter_flip_ms=31 drawcalls-since-flip=33 drawcalls-total=102539 fail-total=0 null-skips-total=0
[21:38:25] [info] flip-probe: flip #1320 ok=true present=3ms inter_flip_ms=33 drawcalls-since-flip=34 drawcalls-total=102878 fail-total=0 null-skips-total=0
[21:38:25] [info] flip-probe: flip #1330 ok=true present=3ms inter_flip_ms=31 drawcalls-since-flip=31 drawcalls-total=103202 fail-total=0 null-skips-total=0
[21:38:26] [info] flip-probe: flip #1340 ok=true present=2ms inter_flip_ms=30 drawcalls-since-flip=31 drawcalls-total=103512 fail-total=0 null-skips-total=0
[21:38:26] [info] flip-probe: flip #1350 ok=true present=3ms inter_flip_ms=31 drawcalls-since-flip=31 drawcalls-total=103822 fail-total=0 null-skips-total=0
[21:38:26] [info] flip-probe: flip #1360 ok=true present=2ms inter_flip_ms=30 drawcalls-since-flip=31 drawcalls-total=104132 fail-total=0 null-skips-total=0
[21:38:27] [info] backdrop cache: thrashing-detect engaged (streak=64, route=direct)
[21:38:27] [info] flip-probe: flip #1370 ok=true present=3ms inter_flip_ms=30 drawcalls-since-flip=32 drawcalls-total=104447 fail-total=0 null-skips-total=0
[21:38:27] [info] flip-probe: flip #1380 ok=true present=3ms inter_flip_ms=28 drawcalls-since-flip=16 drawcalls-total=104639 fail-total=0 null-skips-total=0
[21:38:27] [info] flip-probe: flip #1390 ok=true present=3ms inter_flip_ms=29 drawcalls-since-flip=18 drawcalls-total=104807 fail-total=0 null-skips-total=0
[21:38:28] [info] flip-probe: flip #1400 ok=true present=3ms inter_flip_ms=29 drawcalls-since-flip=19 drawcalls-total=104988 fail-total=0 null-skips-total=0
[21:38:28] [info] alpha audit block 0: 2023 total drawcalls, 0 with alpha<255 (block pct_x10=0; global 0/97379 pct_x10=0); alpha-mod skipped: block=0 global=0
[21:38:28] [info] fastpath audit block 0: taken=2023 (idx8=2023) skipped=0 pct_x10=1000; global taken=97379 (idx8=97379) skipped=0 pct_x10=1000
[21:38:28] [info] primitive tally block 0: clear=200(hr=200) fill=0(hr=0) rect=0(hr=0) line=0(hr=0) tint=0 spotlight=0 (over 100 flips ending at flip 1400)
[21:38:28] [info] color/alpha audit block 0: cmod_white=648 cmod_black=648 (idx=648) cmod_general=0 (idx=0) cmod_fb=0; alpha_taken=0 alpha_skipped=0 (global cmod=7266/5760/693/0 idx=5760/693 alpha=0/0)
[21:38:28] [info] phase timing block 0: drawcalls=3522 dc_total_ms=513 flip_inner_total_ms=503 inter_flip_total_ms=3199 (per-flip avg x10: dc_ms=51 fi_ms=50 if_ms=319 derived audio+engine_ms=218; per-drawcall avg us_x10=1458) [direct-vesa: presents=100 total_ms=283 avg_ms_x10=28 failed=0] [ablation: NO_DC_TIMING=0 CACHE_WINSURF=0 DIRECT_VESA=1]
[21:38:28] [info] kbd/audio block 0: kbd_irq=0 kbd_drain=0 ring_chunks=16 pump_pass=2314 pic1_mask=0xb8 first_irq_ticks=0 install_ticks=0 vector_at_install=0x0083e3b8 pic1_mask_live=0x38 kbd_8042_stat=0x34 bios_kbd_head=0x0034 bios_kbd_tail=0x0034 bios_kbd_buf0=0x1e61
[21:38:28] [info] dirty-rect block @flip=1400: total_calls=0 dirty_rects_avg=1 dirty_pct_x10=1000 forced_full=0 first_n_force=0 threshold_exceeded=0 dirty_path_taken=0 full_flush_taken=0
[21:38:28] [info] prev-frame-diff block @flip=1400: diff_calls=0 diff_rects_avg=0 diff_dirty_pct_x10=0 bbox_pct_x10=0 bbox_thresh_exceeded=0
[21:38:28] [info] flip-probe: flip #1410 ok=true present=3ms inter_flip_ms=28 drawcalls-since-flip=17 drawcalls-total=105172 fail-total=0 null-skips-total=0
[21:38:28] [info] flip-probe: flip #1420 ok=true present=3ms inter_flip_ms=28 drawcalls-since-flip=18 drawcalls-total=105350 fail-total=0 null-skips-total=0
[21:38:28] [info] backdrop cache: thrashing-detect engaged (streak=124, route=direct)
[21:38:29] [info] flip-probe: flip #1430 ok=true present=3ms inter_flip_ms=28 drawcalls-since-flip=17 drawcalls-total=105524 fail-total=0 null-skips-total=0
[21:38:29] [info] flip-probe: flip #1440 ok=true present=3ms inter_flip_ms=29 drawcalls-since-flip=17 drawcalls-total=105697 fail-total=0 null-skips-total=0
[21:38:29] [info] flip-probe: flip #1450 ok=true present=3ms inter_flip_ms=30 drawcalls-since-flip=16 drawcalls-total=105863 fail-total=0 null-skips-total=0
[21:38:29] [info] flip-probe: flip #1460 ok=true present=3ms inter_flip_ms=29 drawcalls-since-flip=15 drawcalls-total=106021 fail-total=0 null-skips-total=0
[21:38:30] [info] flip-probe: flip #1470 ok=true present=3ms inter_flip_ms=27 drawcalls-since-flip=16 drawcalls-total=106180 fail-total=0 null-skips-total=0
[21:38:30] [info] flip-probe: flip #1480 ok=true present=3ms inter_flip_ms=29 drawcalls-since-flip=15 drawcalls-total=106330 fail-total=0 null-skips-total=0
[21:38:30] [info] backdrop cache: thrashing-detect engaged (streak=184, route=direct)
[21:38:30] [info] flip-probe: flip #1490 ok=true present=3ms inter_flip_ms=28 drawcalls-since-flip=16 drawcalls-total=106489 fail-total=0 null-skips-total=0
[21:38:31] [info] flip-probe: flip #1500 ok=true present=3ms inter_flip_ms=29 drawcalls-since-flip=14 drawcalls-total=106636 fail-total=0 null-skips-total=0
[21:38:31] [info] alpha audit block 0: 1548 total drawcalls, 0 with alpha<255 (block pct_x10=0; global 0/98927 pct_x10=0); alpha-mod skipped: block=0 global=0
[21:38:31] [info] fastpath audit block 0: taken=1548 (idx8=1548) skipped=0 pct_x10=1000; global taken=98927 (idx8=98927) skipped=0 pct_x10=1000
[21:38:31] [info] primitive tally block 0: clear=200(hr=200) fill=0(hr=0) rect=0(hr=0) line=0(hr=0) tint=0 spotlight=0 (over 100 flips ending at flip 1500)
[21:38:31] [info] phase timing block 0: drawcalls=1748 dc_total_ms=448 flip_inner_total_ms=510 inter_flip_total_ms=3029 (per-flip avg x10: dc_ms=44 fi_ms=51 if_ms=302 derived audio+engine_ms=207; per-drawcall avg us_x10=2566) [direct-vesa: presents=100 total_ms=281 avg_ms_x10=28 failed=0] [ablation: NO_DC_TIMING=0 CACHE_WINSURF=0 DIRECT_VESA=1]
[21:38:31] [info] kbd/audio block 0: kbd_irq=0 kbd_drain=0 ring_chunks=16 pump_pass=2466 pic1_mask=0xb8 first_irq_ticks=0 install_ticks=0 vector_at_install=0x0083e3b8 pic1_mask_live=0x38 kbd_8042_stat=0x34 bios_kbd_head=0x0034 bios_kbd_tail=0x0034 bios_kbd_buf0=0x1e61
[21:38:31] [info] dirty-rect block @flip=1500: total_calls=0 dirty_rects_avg=1 dirty_pct_x10=1000 forced_full=0 first_n_force=0 threshold_exceeded=0 dirty_path_taken=0 full_flush_taken=0
[21:38:31] [info] prev-frame-diff block @flip=1500: diff_calls=0 diff_rects_avg=0 diff_dirty_pct_x10=0 bbox_pct_x10=0 bbox_thresh_exceeded=0
[21:38:31] [info] flip-probe: flip #1510 ok=true present=3ms inter_flip_ms=36 drawcalls-since-flip=14 drawcalls-total=106776 fail-total=0 null-skips-total=0
[21:38:31] [info] flip-probe: flip #1520 ok=true present=2ms inter_flip_ms=27 drawcalls-since-flip=13 drawcalls-total=106907 fail-total=0 null-skips-total=0
[21:38:32] [info] flip-probe: flip #1530 ok=true present=3ms inter_flip_ms=35 drawcalls-since-flip=13 drawcalls-total=107037 fail-total=0 null-skips-total=0
[21:38:32] [info] backdrop cache: thrashing-detect engaged (streak=4, route=direct)
[21:38:32] [info] flip-probe: flip #1540 ok=true present=3ms inter_flip_ms=30 drawcalls-since-flip=13 drawcalls-total=107167 fail-total=0 null-skips-total=0
[21:38:32] [info] flip-probe: flip #1550 ok=true present=3ms inter_flip_ms=30 drawcalls-since-flip=13 drawcalls-total=107297 fail-total=0 null-skips-total=0
[21:38:33] [info] flip-probe: flip #1560 ok=true present=3ms inter_flip_ms=27 drawcalls-since-flip=13 drawcalls-total=107427 fail-total=0 null-skips-total=0
[21:38:33] [info] flip-probe: flip #1570 ok=true present=3ms inter_flip_ms=30 drawcalls-since-flip=13 drawcalls-total=107557 fail-total=0 null-skips-total=0
[21:38:33] [info] flip-probe: flip #1580 ok=true present=2ms inter_flip_ms=29 drawcalls-since-flip=25 drawcalls-total=107788 fail-total=0 null-skips-total=0
[21:38:34] [info] flip-probe: flip #1590 ok=true present=3ms inter_flip_ms=31 drawcalls-since-flip=25 drawcalls-total=108023 fail-total=0 null-skips-total=0
[21:38:34] [info] backdrop cache: thrashing-detect engaged (streak=64, route=direct)
[21:38:34] [info] flip-probe: flip #1600 ok=true present=3ms inter_flip_ms=29 drawcalls-since-flip=17 drawcalls-total=108241 fail-total=0 null-skips-total=0
[21:38:34] [info] alpha audit block 0: 1505 total drawcalls, 0 with alpha<255 (block pct_x10=0; global 0/100432 pct_x10=0); alpha-mod skipped: block=0 global=0
[21:38:34] [info] fastpath audit block 0: taken=1505 (idx8=1505) skipped=0 pct_x10=1000; global taken=100432 (idx8=100432) skipped=0 pct_x10=1000
[21:38:34] [info] primitive tally block 0: clear=200(hr=200) fill=0(hr=0) rect=0(hr=0) line=0(hr=0) tint=0 spotlight=0 (over 100 flips ending at flip 1600)
[21:38:34] [info] phase timing block 0: drawcalls=1734 dc_total_ms=577 flip_inner_total_ms=494 inter_flip_total_ms=3134 (per-flip avg x10: dc_ms=57 fi_ms=49 if_ms=313 derived audio+engine_ms=207; per-drawcall avg us_x10=3330) [direct-vesa: presents=100 total_ms=282 avg_ms_x10=28 failed=0] [ablation: NO_DC_TIMING=0 CACHE_WINSURF=0 DIRECT_VESA=1]
[21:38:34] [info] kbd/audio block 0: kbd_irq=0 kbd_drain=0 ring_chunks=16 pump_pass=2623 pic1_mask=0xb8 first_irq_ticks=0 install_ticks=0 vector_at_install=0x0083e3b8 pic1_mask_live=0x38 kbd_8042_stat=0x34 bios_kbd_head=0x0034 bios_kbd_tail=0x0034 bios_kbd_buf0=0x1e61
[21:38:34] [info] dirty-rect block @flip=1600: total_calls=0 dirty_rects_avg=1 dirty_pct_x10=1000 forced_full=0 first_n_force=0 threshold_exceeded=0 dirty_path_taken=0 full_flush_taken=0
[21:38:34] [info] prev-frame-diff block @flip=1600: diff_calls=0 diff_rects_avg=0 diff_dirty_pct_x10=0 bbox_pct_x10=0 bbox_thresh_exceeded=0
[21:38:34] [info] flip-probe: flip #1610 ok=true present=3ms inter_flip_ms=30 drawcalls-since-flip=16 drawcalls-total=108428 fail-total=0 null-skips-total=0
[21:38:34] [info] flip-probe: flip #1620 ok=true present=3ms inter_flip_ms=28 drawcalls-since-flip=15 drawcalls-total=108582 fail-total=0 null-skips-total=0
[21:38:35] [info] flip-probe: flip #1630 ok=true present=3ms inter_flip_ms=29 drawcalls-since-flip=13 drawcalls-total=108717 fail-total=0 null-skips-total=0
[21:38:35] [info] flip-probe: flip #1640 ok=true present=3ms inter_flip_ms=27 drawcalls-since-flip=13 drawcalls-total=108847 fail-total=0 null-skips-total=0
[21:38:35] [info] flip-probe: flip #1650 ok=true present=3ms inter_flip_ms=28 drawcalls-since-flip=13 drawcalls-total=108977 fail-total=0 null-skips-total=0
[21:38:35] [info] backdrop cache: thrashing-detect engaged (streak=124, route=direct)
[21:38:35] [info] run_tick_fixed #2700: heartbeat (loop alive)
[21:38:36] [info] flip-probe: flip #1660 ok=true present=3ms inter_flip_ms=44 drawcalls-since-flip=288 drawcalls-total=110417 fail-total=0 null-skips-total=0
[21:38:36] [info]  >> Entering stage 11: 'Mimiga Village'.
[21:38:36] [info] [skip-sheet-flush] cave=7
[21:38:36] [info] [load-stage] preloading entry music song=9 (cave=7)
[21:38:36] [info] gameloop: entered (curmap=11, running=1)
[21:38:36] [info] gameloop: iter 1 ticks=74986 mapno=-1
[21:38:36] [info] mds-clear-lut: rebuilt N=240 entries (k_skip=0% k_keep=100%; curmap=11 map_size=60x60; rebuild #5 since boot)
[21:38:37] [info] gameloop: iter 2 ticks=75054 mapno=-1
[21:38:37] [info] flip-probe: flip #1670 ok=true present=3ms inter_flip_ms=60 drawcalls-since-flip=332 drawcalls-total=113310 fail-total=0 null-skips-total=0
[21:38:37] [info] gameloop: iter 3 ticks=75120 mapno=-1
[21:38:37] [info] flip-probe: flip #1680 ok=true present=3ms inter_flip_ms=37 drawcalls-since-flip=137 drawcalls-total=115925 fail-total=0 null-skips-total=0
[21:38:37] [info] flip-probe: flip #1690 ok=true present=3ms inter_flip_ms=29 drawcalls-since-flip=42 drawcalls-total=116440 fail-total=0 null-skips-total=0
[21:38:38] [info] flip-probe: flip #1700 ok=true present=3ms inter_flip_ms=30 drawcalls-since-flip=42 drawcalls-total=116860 fail-total=0 null-skips-total=0
[21:38:38] [info] alpha audit block 0: 8103 total drawcalls, 0 with alpha<255 (block pct_x10=0; global 0/108535 pct_x10=0); alpha-mod skipped: block=0 global=0
[21:38:38] [info] fastpath audit block 0: taken=8103 (idx8=8103) skipped=0 pct_x10=1000; global taken=108535 (idx8=108535) skipped=0 pct_x10=1000
[21:38:38] [info] primitive tally block 0: clear=201(hr=201) fill=0(hr=0) rect=0(hr=0) line=0(hr=0) tint=0 spotlight=0 (over 100 flips ending at flip 1700)
[21:38:38] [info] color/alpha audit block 0: cmod_white=416 cmod_black=416 (idx=416) cmod_general=0 (idx=0) cmod_fb=0; alpha_taken=0 alpha_skipped=0 (global cmod=7682/6176/693/0 idx=6176/693 alpha=0/0)
[21:38:38] [info] phase timing block 0: drawcalls=9168 dc_total_ms=928 flip_inner_total_ms=501 inter_flip_total_ms=3861 (per-flip avg x10: dc_ms=92 fi_ms=50 if_ms=386 derived audio+engine_ms=244; per-drawcall avg us_x10=1013) [direct-vesa: presents=100 total_ms=282 avg_ms_x10=28 failed=0] [ablation: NO_DC_TIMING=0 CACHE_WINSURF=0 DIRECT_VESA=1]
[21:38:38] [info] kbd/audio block 0: kbd_irq=0 kbd_drain=0 ring_chunks=16 pump_pass=2795 pic1_mask=0xb8 first_irq_ticks=0 install_ticks=0 vector_at_install=0x0083e3b8 pic1_mask_live=0x38 kbd_8042_stat=0x34 bios_kbd_head=0x0034 bios_kbd_tail=0x0034 bios_kbd_buf0=0x1e61
[21:38:38] [info] dirty-rect block @flip=1700: total_calls=0 dirty_rects_avg=1 dirty_pct_x10=1000 forced_full=0 first_n_force=0 threshold_exceeded=0 dirty_path_taken=0 full_flush_taken=0
[21:38:38] [info] prev-frame-diff block @flip=1700: diff_calls=0 diff_rects_avg=0 diff_dirty_pct_x10=0 bbox_pct_x10=0 bbox_thresh_exceeded=0
[21:38:38] [info] flip-probe: flip #1710 ok=true present=3ms inter_flip_ms=32 drawcalls-since-flip=42 drawcalls-total=117280 fail-total=0 null-skips-total=0
[21:38:38] [info] flip-probe: flip #1720 ok=true present=2ms inter_flip_ms=34 drawcalls-since-flip=53 drawcalls-total=117722 fail-total=0 null-skips-total=0
[21:38:39] [info] flip-probe: flip #1730 ok=true present=3ms inter_flip_ms=42 drawcalls-since-flip=50 drawcalls-total=118250 fail-total=0 null-skips-total=0
[21:38:39] [info] backdrop cache: thrashing-detect engaged (streak=4, route=direct)
[21:38:39] [info] flip-probe: flip #1740 ok=true present=3ms inter_flip_ms=32 drawcalls-since-flip=49 drawcalls-total=118770 fail-total=0 null-skips-total=0
[21:38:39] [info] flip-probe: flip #1750 ok=true present=2ms inter_flip_ms=32 drawcalls-since-flip=45 drawcalls-total=119266 fail-total=0 null-skips-total=0
[21:38:40] [info] flip-probe: flip #1760 ok=true present=3ms inter_flip_ms=31 drawcalls-since-flip=45 drawcalls-total=119742 fail-total=0 null-skips-total=0
[21:38:40] [info] flip-probe: flip #1770 ok=true present=2ms inter_flip_ms=36 drawcalls-since-flip=45 drawcalls-total=120192 fail-total=0 null-skips-total=0
[21:38:40] [info] flip-probe: flip #1780 ok=true present=3ms inter_flip_ms=31 drawcalls-since-flip=45 drawcalls-total=120641 fail-total=0 null-skips-total=0
[21:38:41] [info] flip-probe: flip #1790 ok=true present=3ms inter_flip_ms=29 drawcalls-since-flip=20 drawcalls-total=121022 fail-total=0 null-skips-total=0
[21:38:41] [info] backdrop cache: thrashing-detect engaged (streak=64, route=direct)
[21:38:41] [info] flip-probe: flip #1800 ok=true present=2ms inter_flip_ms=30 drawcalls-since-flip=18 drawcalls-total=121212 fail-total=0 null-skips-total=0
[21:38:41] [info] alpha audit block 0: 3108 total drawcalls, 0 with alpha<255 (block pct_x10=0; global 0/111643 pct_x10=0); alpha-mod skipped: block=0 global=0
[21:38:41] [info] fastpath audit block 0: taken=3108 (idx8=3108) skipped=0 pct_x10=1000; global taken=111643 (idx8=111643) skipped=0 pct_x10=1000
[21:38:41] [info] primitive tally block 0: clear=200(hr=200) fill=0(hr=0) rect=0(hr=0) line=0(hr=0) tint=0 spotlight=0 (over 100 flips ending at flip 1800)
[21:38:41] [info] color/alpha audit block 0: cmod_white=1144 cmod_black=1144 (idx=1144) cmod_general=0 (idx=0) cmod_fb=0; alpha_taken=0 alpha_skipped=0 (global cmod=8826/7320/693/0 idx=7320/693 alpha=0/0)
[21:38:41] [info] phase timing block 0: drawcalls=5627 dc_total_ms=739 flip_inner_total_ms=513 inter_flip_total_ms=3418 (per-flip avg x10: dc_ms=73 fi_ms=51 if_ms=341 derived audio+engine_ms=217; per-drawcall avg us_x10=1313) [direct-vesa: presents=100 total_ms=282 avg_ms_x10=28 failed=0] [ablation: NO_DC_TIMING=0 CACHE_WINSURF=0 DIRECT_VESA=1]
[21:38:41] [info] kbd/audio block 0: kbd_irq=0 kbd_drain=0 ring_chunks=16 pump_pass=2966 pic1_mask=0xb8 first_irq_ticks=0 install_ticks=0 vector_at_install=0x0083e3b8 pic1_mask_live=0x38 kbd_8042_stat=0x34 bios_kbd_head=0x0034 bios_kbd_tail=0x0034 bios_kbd_buf0=0x1e61
[21:38:41] [info] dirty-rect block @flip=1800: total_calls=0 dirty_rects_avg=1 dirty_pct_x10=1000 forced_full=0 first_n_force=0 threshold_exceeded=0 dirty_path_taken=0 full_flush_taken=0
[21:38:41] [info] prev-frame-diff block @flip=1800: diff_calls=0 diff_rects_avg=0 diff_dirty_pct_x10=0 bbox_pct_x10=0 bbox_thresh_exceeded=0
[21:38:41] [info] flip-probe: flip #1810 ok=true present=3ms inter_flip_ms=28 drawcalls-since-flip=18 drawcalls-total=121392 fail-total=0 null-skips-total=0
[21:38:42] [info] flip-probe: flip #1820 ok=true present=4ms inter_flip_ms=32 drawcalls-since-flip=18 drawcalls-total=121572 fail-total=0 null-skips-total=0
[21:38:42] [info] run_tick_fixed #3000: heartbeat (loop alive)
[21:38:42] [info] flip-probe: flip #1830 ok=true present=3ms inter_flip_ms=30 drawcalls-since-flip=18 drawcalls-total=121752 fail-total=0 null-skips-total=0
[21:38:42] [info] flip-probe: flip #1840 ok=true present=3ms inter_flip_ms=30 drawcalls-since-flip=18 drawcalls-total=121932 fail-total=0 null-skips-total=0
[21:38:43] [info] flip-probe: flip #1850 ok=true present=3ms inter_flip_ms=31 drawcalls-since-flip=18 drawcalls-total=122112 fail-total=0 null-skips-total=0
[21:38:43] [info] backdrop cache: thrashing-detect engaged (streak=124, route=direct)
[21:38:43] [info] flip-probe: flip #1860 ok=true present=3ms inter_flip_ms=30 drawcalls-since-flip=17 drawcalls-total=122289 fail-total=0 null-skips-total=0
[21:38:43] [info] flip-probe: flip #1870 ok=true present=3ms inter_flip_ms=29 drawcalls-since-flip=17 drawcalls-total=122459 fail-total=0 null-skips-total=0
[21:38:44] [info] flip-probe: flip #1880 ok=true present=3ms inter_flip_ms=30 drawcalls-since-flip=17 drawcalls-total=122629 fail-total=0 null-skips-total=0
[21:38:44] [info] flip-probe: flip #1890 ok=true present=3ms inter_flip_ms=29 drawcalls-since-flip=16 drawcalls-total=122793 fail-total=0 null-skips-total=0
[21:38:44] [info] flip-probe: flip #1900 ok=true present=4ms inter_flip_ms=31 drawcalls-since-flip=16 drawcalls-total=122953 fail-total=0 null-skips-total=0
[21:38:44] [info] alpha audit block 0: 1641 total drawcalls, 0 with alpha<255 (block pct_x10=0; global 0/113284 pct_x10=0); alpha-mod skipped: block=0 global=0
[21:38:44] [info] fastpath audit block 0: taken=1641 (idx8=1641) skipped=0 pct_x10=1000; global taken=113284 (idx8=113284) skipped=0 pct_x10=1000
[21:38:44] [info] primitive tally block 0: clear=200(hr=200) fill=0(hr=0) rect=0(hr=0) line=0(hr=0) tint=0 spotlight=0 (over 100 flips ending at flip 1900)
[21:38:44] [info] phase timing block 0: drawcalls=1841 dc_total_ms=489 flip_inner_total_ms=493 inter_flip_total_ms=3193 (per-flip avg x10: dc_ms=48 fi_ms=49 if_ms=319 derived audio+engine_ms=222; per-drawcall avg us_x10=2657) [direct-vesa: presents=100 total_ms=285 avg_ms_x10=28 failed=0] [ablation: NO_DC_TIMING=0 CACHE_WINSURF=0 DIRECT_VESA=1]
[21:38:44] [info] kbd/audio block 0: kbd_irq=0 kbd_drain=0 ring_chunks=16 pump_pass=3126 pic1_mask=0xb8 first_irq_ticks=0 install_ticks=0 vector_at_install=0x0083e3b8 pic1_mask_live=0x38 kbd_8042_stat=0x34 bios_kbd_head=0x0034 bios_kbd_tail=0x0034 bios_kbd_buf0=0x1e61
[21:38:44] [info] dirty-rect block @flip=1900: total_calls=0 dirty_rects_avg=1 dirty_pct_x10=1000 forced_full=0 first_n_force=0 threshold_exceeded=0 dirty_path_taken=0 full_flush_taken=0
[21:38:45] [info] prev-frame-diff block @flip=1900: diff_calls=0 diff_rects_avg=0 diff_dirty_pct_x10=0 bbox_pct_x10=0 bbox_thresh_exceeded=0
[21:38:45] [info] tas: stall frame 294 ms -> contributing 1 tick (patch 0286)
[21:38:45] [info] flip-probe: flip #1910 ok=true present=3ms inter_flip_ms=29 drawcalls-since-flip=17 drawcalls-total=123118 fail-total=0 null-skips-total=0
[21:38:45] [info] backdrop cache: thrashing-detect engaged (streak=184, route=direct)
[21:38:45] [info] flip-probe: flip #1920 ok=true present=3ms inter_flip_ms=29 drawcalls-since-flip=18 drawcalls-total=123294 fail-total=0 null-skips-total=0
[21:38:45] [info] flip-probe: flip #1930 ok=true present=3ms inter_flip_ms=30 drawcalls-since-flip=18 drawcalls-total=123474 fail-total=0 null-skips-total=0
[21:38:46] [info] flip-probe: flip #1940 ok=true present=3ms inter_flip_ms=31 drawcalls-since-flip=18 drawcalls-total=123654 fail-total=0 null-skips-total=0
[21:38:46] [info] flip-probe: flip #1950 ok=true present=3ms inter_flip_ms=29 drawcalls-since-flip=18 drawcalls-total=123834 fail-total=0 null-skips-total=0
[21:38:46] [info] flip-probe: flip #1960 ok=true present=3ms inter_flip_ms=31 drawcalls-since-flip=17 drawcalls-total=124004 fail-total=0 null-skips-total=0
[21:38:47] [info] flip-probe: flip #1970 ok=true present=3ms inter_flip_ms=30 drawcalls-since-flip=16 drawcalls-total=124169 fail-total=0 null-skips-total=0
[21:38:47] [info] backdrop cache: thrashing-detect engaged (streak=244, route=direct)
[21:38:47] [info] flip-probe: flip #1980 ok=true present=3ms inter_flip_ms=27 drawcalls-since-flip=17 drawcalls-total=124333 fail-total=0 null-skips-total=0
[21:38:47] [info] flip-probe: flip #1990 ok=true present=3ms inter_flip_ms=32 drawcalls-since-flip=17 drawcalls-total=124503 fail-total=0 null-skips-total=0
[21:38:48] [info] flip-probe: flip #2000 ok=true present=3ms inter_flip_ms=36 drawcalls-since-flip=18 drawcalls-total=124678 fail-total=0 null-skips-total=0
[21:38:48] [info] alpha audit block 0: 1625 total drawcalls, 0 with alpha<255 (block pct_x10=0; global 0/114909 pct_x10=0); alpha-mod skipped: block=0 global=0
[21:38:48] [info] fastpath audit block 0: taken=1625 (idx8=1625) skipped=0 pct_x10=1000; global taken=114909 (idx8=114909) skipped=0 pct_x10=1000
[21:38:48] [info] primitive tally block 0: clear=200(hr=200) fill=0(hr=0) rect=0(hr=0) line=0(hr=0) tint=0 spotlight=0 (over 100 flips ending at flip 2000)
[21:38:48] [info] phase timing block 0: drawcalls=1825 dc_total_ms=485 flip_inner_total_ms=500 inter_flip_total_ms=3364 (per-flip avg x10: dc_ms=48 fi_ms=50 if_ms=336 derived audio+engine_ms=238; per-drawcall avg us_x10=2657) [direct-vesa: presents=100 total_ms=282 avg_ms_x10=28 failed=0] [ablation: NO_DC_TIMING=0 CACHE_WINSURF=0 DIRECT_VESA=1]
[21:38:48] [info] kbd/audio block 0: kbd_irq=0 kbd_drain=0 ring_chunks=16 pump_pass=3280 pic1_mask=0xb8 first_irq_ticks=0 install_ticks=0 vector_at_install=0x0083e3b8 pic1_mask_live=0x38 kbd_8042_stat=0x34 bios_kbd_head=0x0034 bios_kbd_tail=0x0034 bios_kbd_buf0=0x1e61
[21:38:48] [info] dirty-rect block @flip=2000: total_calls=0 dirty_rects_avg=1 dirty_pct_x10=1000 forced_full=0 first_n_force=0 threshold_exceeded=0 dirty_path_taken=0 full_flush_taken=0
[21:38:48] [info] prev-frame-diff block @flip=2000: diff_calls=0 diff_rects_avg=0 diff_dirty_pct_x10=0 bbox_pct_x10=0 bbox_thresh_exceeded=0
[21:38:48] [info] flip-probe: flip #2010 ok=true present=3ms inter_flip_ms=29 drawcalls-since-flip=18 drawcalls-total=124858 fail-total=0 null-skips-total=0
[21:38:48] [info] run_tick_fixed #3300: heartbeat (loop alive)
[21:38:48] [info] flip-probe: flip #2020 ok=true present=3ms inter_flip_ms=30 drawcalls-since-flip=18 drawcalls-total=125038 fail-total=0 null-skips-total=0
[21:38:49] [info] flip-probe: flip #2030 ok=true present=3ms inter_flip_ms=30 drawcalls-since-flip=18 drawcalls-total=125218 fail-total=0 null-skips-total=0
[21:38:49] [info] backdrop cache: thrashing-detect engaged (streak=304, route=direct)
[21:38:49] [info] flip-probe: flip #2040 ok=true present=3ms inter_flip_ms=30 drawcalls-since-flip=20 drawcalls-total=125409 fail-total=0 null-skips-total=0
[21:38:49] [info] flip-probe: flip #2050 ok=true present=3ms inter_flip_ms=29 drawcalls-since-flip=20 drawcalls-total=125609 fail-total=0 null-skips-total=0
[21:38:50] [info] flip-probe: flip #2060 ok=true present=3ms inter_flip_ms=30 drawcalls-since-flip=20 drawcalls-total=125809 fail-total=0 null-skips-total=0
[21:38:50] [info] flip-probe: flip #2070 ok=true present=3ms inter_flip_ms=30 drawcalls-since-flip=20 drawcalls-total=126009 fail-total=0 null-skips-total=0
[21:38:50] [info] flip-probe: flip #2080 ok=true present=3ms inter_flip_ms=31 drawcalls-since-flip=16 drawcalls-total=126175 fail-total=0 null-skips-total=0
[21:38:51] [info] flip-probe: flip #2090 ok=true present=3ms inter_flip_ms=28 drawcalls-since-flip=16 drawcalls-total=126335 fail-total=0 null-skips-total=0
[21:38:51] [info] backdrop cache: thrashing-detect engaged (streak=364, route=direct)
[21:38:51] [info] flip-probe: flip #2100 ok=true present=3ms inter_flip_ms=29 drawcalls-since-flip=16 drawcalls-total=126495 fail-total=0 null-skips-total=0
[21:38:51] [info] alpha audit block 0: 1717 total drawcalls, 0 with alpha<255 (block pct_x10=0; global 0/116626 pct_x10=0); alpha-mod skipped: block=0 global=0
[21:38:51] [info] fastpath audit block 0: taken=1717 (idx8=1717) skipped=0 pct_x10=1000; global taken=116626 (idx8=116626) skipped=0 pct_x10=1000
[21:38:51] [info] primitive tally block 0: clear=200(hr=200) fill=0(hr=0) rect=0(hr=0) line=0(hr=0) tint=0 spotlight=0 (over 100 flips ending at flip 2100)
[21:38:51] [info] phase timing block 0: drawcalls=1917 dc_total_ms=491 flip_inner_total_ms=493 inter_flip_total_ms=3204 (per-flip avg x10: dc_ms=49 fi_ms=49 if_ms=320 derived audio+engine_ms=222; per-drawcall avg us_x10=2562) [direct-vesa: presents=100 total_ms=281 avg_ms_x10=28 failed=0] [ablation: NO_DC_TIMING=0 CACHE_WINSURF=0 DIRECT_VESA=1]
[21:38:51] [info] kbd/audio block 0: kbd_irq=0 kbd_drain=0 ring_chunks=16 pump_pass=3440 pic1_mask=0xb8 first_irq_ticks=0 install_ticks=0 vector_at_install=0x0083e3b8 pic1_mask_live=0x38 kbd_8042_stat=0x34 bios_kbd_head=0x0034 bios_kbd_tail=0x0034 bios_kbd_buf0=0x1e61
[21:38:51] [info] dirty-rect block @flip=2100: total_calls=0 dirty_rects_avg=1 dirty_pct_x10=1000 forced_full=0 first_n_force=0 threshold_exceeded=0 dirty_path_taken=0 full_flush_taken=0
[21:38:51] [info] prev-frame-diff block @flip=2100: diff_calls=0 diff_rects_avg=0 diff_dirty_pct_x10=0 bbox_pct_x10=0 bbox_thresh_exceeded=0
[21:38:51] [info] flip-probe: flip #2110 ok=true present=3ms inter_flip_ms=32 drawcalls-since-flip=17 drawcalls-total=126661 fail-total=0 null-skips-total=0
[21:38:52] [info] flip-probe: flip #2120 ok=true present=3ms inter_flip_ms=30 drawcalls-since-flip=17 drawcalls-total=126834 fail-total=0 null-skips-total=0
[21:38:52] [info] flip-probe: flip #2130 ok=true present=3ms inter_flip_ms=30 drawcalls-since-flip=16 drawcalls-total=126998 fail-total=0 null-skips-total=0
[21:38:52] [info] flip-probe: flip #2140 ok=true present=3ms inter_flip_ms=30 drawcalls-since-flip=15 drawcalls-total=127155 fail-total=0 null-skips-total=0
[21:38:52] [info] flip-probe: flip #2150 ok=true present=3ms inter_flip_ms=28 drawcalls-since-flip=16 drawcalls-total=127306 fail-total=0 null-skips-total=0
[21:38:53] [info] backdrop cache: thrashing-detect engaged (streak=424, route=direct)
[21:38:53] [info] flip-probe: flip #2160 ok=true present=3ms inter_flip_ms=33 drawcalls-since-flip=18 drawcalls-total=127468 fail-total=0 null-skips-total=0
[21:38:53] [info] flip-probe: flip #2170 ok=true present=3ms inter_flip_ms=29 drawcalls-since-flip=19 drawcalls-total=127650 fail-total=0 null-skips-total=0
[21:38:53] [info] flip-probe: flip #2180 ok=true present=2ms inter_flip_ms=31 drawcalls-since-flip=19 drawcalls-total=127847 fail-total=0 null-skips-total=0
[21:38:54] [info] flip-probe: flip #2190 ok=true present=2ms inter_flip_ms=31 drawcalls-since-flip=17 drawcalls-total=128024 fail-total=0 null-skips-total=0
[21:38:54] [info] flip-probe: flip #2200 ok=true present=3ms inter_flip_ms=41 drawcalls-since-flip=215 drawcalls-total=128652 fail-total=0 null-skips-total=0
[21:38:54] [info] alpha audit block 0: 2057 total drawcalls, 0 with alpha<255 (block pct_x10=0; global 0/118683 pct_x10=0); alpha-mod skipped: block=0 global=0
[21:38:54] [info] fastpath audit block 0: taken=2057 (idx8=2057) skipped=0 pct_x10=1000; global taken=118683 (idx8=118683) skipped=0 pct_x10=1000
[21:38:54] [info] primitive tally block 0: clear=200(hr=200) fill=0(hr=0) rect=0(hr=0) line=0(hr=0) tint=0 spotlight=0 (over 100 flips ending at flip 2200)
[21:38:54] [info] phase timing block 0: drawcalls=2257 dc_total_ms=502 flip_inner_total_ms=500 inter_flip_total_ms=3266 (per-flip avg x10: dc_ms=50 fi_ms=50 if_ms=326 derived audio+engine_ms=226; per-drawcall avg us_x10=2225) [direct-vesa: presents=100 total_ms=283 avg_ms_x10=28 failed=0] [ablation: NO_DC_TIMING=0 CACHE_WINSURF=0 DIRECT_VESA=1]
[21:38:54] [info] kbd/audio block 0: kbd_irq=0 kbd_drain=0 ring_chunks=16 pump_pass=3603 pic1_mask=0xb8 first_irq_ticks=0 install_ticks=0 vector_at_install=0x0083e3b8 pic1_mask_live=0x38 kbd_8042_stat=0x34 bios_kbd_head=0x0034 bios_kbd_tail=0x0034 bios_kbd_buf0=0x1e61
[21:38:54] [info] dirty-rect block @flip=2200: total_calls=0 dirty_rects_avg=1 dirty_pct_x10=1000 forced_full=0 first_n_force=0 threshold_exceeded=0 dirty_path_taken=0 full_flush_taken=0
[21:38:54] [info] prev-frame-diff block @flip=2200: diff_calls=0 diff_rects_avg=0 diff_dirty_pct_x10=0 bbox_pct_x10=0 bbox_thresh_exceeded=0
[21:38:55] [info]  >> Entering stage 19: 'Assembly Hall'.
[21:38:55] [info] [skip-sheet-flush] cave=8
[21:38:55] [info] [load-stage] preloading entry music song=9 (cave=8)
[21:38:55] [info] gameloop: entered (curmap=19, running=1)
[21:38:55] [info] gameloop: iter 1 ticks=93717 mapno=-1
[21:38:55] [info] mds-clear-lut: rebuilt N=240 entries (k_skip=100% k_keep=0%; curmap=19 map_size=21x16; rebuild #6 since boot)
[21:38:55] [info] flip-probe: flip #2210 ok=true present=3ms inter_flip_ms=621 drawcalls-since-flip=463 drawcalls-total=131966 fail-total=0 null-skips-total=0
[21:38:55] [info] gameloop: iter 2 ticks=93798 mapno=-1
[21:38:55] [info] gameloop: iter 3 ticks=93859 mapno=-1
[21:38:56] [info] flip-probe: flip #2220 ok=true present=3ms inter_flip_ms=38 drawcalls-since-flip=195 drawcalls-total=135864 fail-total=0 null-skips-total=0
[21:38:56] [info] flip-probe: flip #2230 ok=true present=3ms inter_flip_ms=31 drawcalls-since-flip=121 drawcalls-total=137060 fail-total=0 null-skips-total=0
[21:38:56] [info] flip-probe: flip #2240 ok=true present=3ms inter_flip_ms=33 drawcalls-since-flip=121 drawcalls-total=138270 fail-total=0 null-skips-total=0
[21:38:57] [info] flip-probe: flip #2250 ok=true present=3ms inter_flip_ms=32 drawcalls-since-flip=121 drawcalls-total=139480 fail-total=0 null-skips-total=0
[21:38:57] [info] flip-probe: flip #2260 ok=true present=3ms inter_flip_ms=34 drawcalls-since-flip=123 drawcalls-total=140696 fail-total=0 null-skips-total=0
[21:38:57] [info] flip-probe: flip #2270 ok=true present=3ms inter_flip_ms=33 drawcalls-since-flip=122 drawcalls-total=141932 fail-total=0 null-skips-total=0
[21:38:58] [info] flip-probe: flip #2280 ok=true present=3ms inter_flip_ms=33 drawcalls-since-flip=121 drawcalls-total=143146 fail-total=0 null-skips-total=0
[21:38:58] [info] flip-probe: flip #2290 ok=true present=3ms inter_flip_ms=33 drawcalls-since-flip=122 drawcalls-total=144373 fail-total=0 null-skips-total=0
[21:38:58] [info] flip-probe: flip #2300 ok=true present=3ms inter_flip_ms=33 drawcalls-since-flip=121 drawcalls-total=145584 fail-total=0 null-skips-total=0
[21:38:58] [info] alpha audit block 0: 15740 total drawcalls, 0 with alpha<255 (block pct_x10=0; global 0/134423 pct_x10=0); alpha-mod skipped: block=0 global=0
[21:38:58] [info] fastpath audit block 0: taken=15740 (idx8=15740) skipped=0 pct_x10=1000; global taken=134423 (idx8=134423) skipped=0 pct_x10=1000
[21:38:58] [info] primitive tally block 0: clear=201(hr=201) fill=0(hr=0) rect=0(hr=0) line=0(hr=0) tint=0 spotlight=0 (over 100 flips ending at flip 2300)
[21:38:58] [info] color/alpha audit block 0: cmod_white=1092 cmod_black=1092 (idx=1092) cmod_general=0 (idx=0) cmod_fb=0; alpha_taken=0 alpha_skipped=0 (global cmod=9918/8412/693/0 idx=8412/693 alpha=0/0)
[21:38:58] [info] phase timing block 0: drawcalls=18216 dc_total_ms=1246 flip_inner_total_ms=505 inter_flip_total_ms=4316 (per-flip avg x10: dc_ms=124 fi_ms=50 if_ms=431 derived audio+engine_ms=257; per-drawcall avg us_x10=684) [direct-vesa: presents=100 total_ms=281 avg_ms_x10=28 failed=0] [ablation: NO_DC_TIMING=0 CACHE_WINSURF=0 DIRECT_VESA=1]
[21:38:58] [info] kbd/audio block 0: kbd_irq=0 kbd_drain=0 ring_chunks=16 pump_pass=3791 pic1_mask=0xb8 first_irq_ticks=0 install_ticks=0 vector_at_install=0x0083e3b8 pic1_mask_live=0x38 kbd_8042_stat=0x34 bios_kbd_head=0x0034 bios_kbd_tail=0x0034 bios_kbd_buf0=0x1e61
[21:38:59] [info] dirty-rect block @flip=2300: total_calls=0 dirty_rects_avg=1 dirty_pct_x10=1000 forced_full=0 first_n_force=0 threshold_exceeded=0 dirty_path_taken=0 full_flush_taken=0
[21:38:59] [info] prev-frame-diff block @flip=2300: diff_calls=0 diff_rects_avg=0 diff_dirty_pct_x10=0 bbox_pct_x10=0 bbox_thresh_exceeded=0
[21:38:59] [info] flip-probe: flip #2310 ok=true present=3ms inter_flip_ms=33 drawcalls-since-flip=121 drawcalls-total=146794 fail-total=0 null-skips-total=0
[21:38:59] [info] flip-probe: flip #2320 ok=true present=3ms inter_flip_ms=32 drawcalls-since-flip=121 drawcalls-total=148004 fail-total=0 null-skips-total=0
[21:38:59] [info] flip-probe: flip #2330 ok=true present=3ms inter_flip_ms=30 drawcalls-since-flip=97 drawcalls-total=149190 fail-total=0 null-skips-total=0
[21:39:00] [info] flip-probe: flip #2340 ok=true present=2ms inter_flip_ms=30 drawcalls-since-flip=97 drawcalls-total=150160 fail-total=0 null-skips-total=0
[21:39:00] [info] flip-probe: flip #2350 ok=true present=3ms inter_flip_ms=52 drawcalls-since-flip=438 drawcalls-total=153544 fail-total=0 null-skips-total=0
[21:39:00] [info]  >> Entering stage 11: 'Mimiga Village'.
[21:39:00] [info] [skip-sheet-flush] cave=9
[21:39:01] [info] [load-stage] preloading entry music song=9 (cave=9)
[21:39:01] [info] gameloop: entered (curmap=11, running=1)
[21:39:01] [info] gameloop: iter 1 ticks=99532 mapno=-1
[21:39:01] [info] mds-clear-lut: rebuilt N=240 entries (k_skip=0% k_keep=100%; curmap=11 map_size=60x60; rebuild #7 since boot)
[21:39:01] [info] gameloop: iter 2 ticks=99609 mapno=-1
[21:39:01] [info] gameloop: iter 3 ticks=99672 mapno=-1
[21:39:01] [info] flip-probe: flip #2360 ok=true present=3ms inter_flip_ms=58 drawcalls-since-flip=372 drawcalls-total=157236 fail-total=0 null-skips-total=0
[21:39:01] [info] backdrop cache: thrashing-detect engaged (streak=4, route=direct)
[21:39:02] [info] flip-probe: flip #2370 ok=true present=4ms inter_flip_ms=30 drawcalls-since-flip=42 drawcalls-total=158362 fail-total=0 null-skips-total=0
[21:39:02] [info] flip-probe: flip #2380 ok=true present=3ms inter_flip_ms=31 drawcalls-since-flip=44 drawcalls-total=158796 fail-total=0 null-skips-total=0
[21:39:02] [info] flip-probe: flip #2390 ok=true present=3ms inter_flip_ms=30 drawcalls-since-flip=45 drawcalls-total=159248 fail-total=0 null-skips-total=0
[21:39:03] [info] flip-probe: flip #2400 ok=true present=3ms inter_flip_ms=33 drawcalls-since-flip=41 drawcalls-total=159666 fail-total=0 null-skips-total=0
[21:39:03] [info] alpha audit block 0: 13036 total drawcalls, 0 with alpha<255 (block pct_x10=0; global 0/147459 pct_x10=0); alpha-mod skipped: block=0 global=0
[21:39:03] [info] fastpath audit block 0: taken=13036 (idx8=13036) skipped=0 pct_x10=1000; global taken=147459 (idx8=147459) skipped=0 pct_x10=1000
[21:39:03] [info] primitive tally block 0: clear=201(hr=201) fill=0(hr=0) rect=0(hr=0) line=0(hr=0) tint=0 spotlight=0 (over 100 flips ending at flip 2400)
[21:39:03] [info] color/alpha audit block 0: cmod_white=946 cmod_black=946 (idx=946) cmod_general=0 (idx=0) cmod_fb=0; alpha_taken=0 alpha_skipped=0 (global cmod=10864/9358/693/0 idx=9358/693 alpha=0/0)
[21:39:03] [info] phase timing block 0: drawcalls=15189 dc_total_ms=1112 flip_inner_total_ms=509 inter_flip_total_ms=4312 (per-flip avg x10: dc_ms=111 fi_ms=50 if_ms=431 derived audio+engine_ms=270; per-drawcall avg us_x10=732) [direct-vesa: presents=100 total_ms=281 avg_ms_x10=28 failed=0] [ablation: NO_DC_TIMING=0 CACHE_WINSURF=0 DIRECT_VESA=1]
[21:39:03] [info] kbd/audio block 0: kbd_irq=0 kbd_drain=0 ring_chunks=16 pump_pass=3978 pic1_mask=0xb8 first_irq_ticks=0 install_ticks=0 vector_at_install=0x0083e3b8 pic1_mask_live=0x38 kbd_8042_stat=0x34 bios_kbd_head=0x0034 bios_kbd_tail=0x0034 bios_kbd_buf0=0x1e61
[21:39:03] [info] dirty-rect block @flip=2400: total_calls=0 dirty_rects_avg=1 dirty_pct_x10=1000 forced_full=0 first_n_force=0 threshold_exceeded=0 dirty_path_taken=0 full_flush_taken=0
[21:39:03] [info] prev-frame-diff block @flip=2400: diff_calls=0 diff_rects_avg=0 diff_dirty_pct_x10=0 bbox_pct_x10=0 bbox_thresh_exceeded=0
[21:39:03] [info] flip-probe: flip #2410 ok=true present=3ms inter_flip_ms=32 drawcalls-since-flip=42 drawcalls-total=160086 fail-total=0 null-skips-total=0
[21:39:03] [info] flip-probe: flip #2420 ok=true present=3ms inter_flip_ms=31 drawcalls-since-flip=43 drawcalls-total=160515 fail-total=0 null-skips-total=0
[21:39:03] [info] backdrop cache: thrashing-detect engaged (streak=64, route=direct)
[21:39:04] [info] flip-probe: flip #2430 ok=true present=3ms inter_flip_ms=32 drawcalls-since-flip=43 drawcalls-total=160949 fail-total=0 null-skips-total=0
[21:39:04] [info] flip-probe: flip #2440 ok=true present=3ms inter_flip_ms=30 drawcalls-since-flip=42 drawcalls-total=161369 fail-total=0 null-skips-total=0
[21:39:04] [info] flip-probe: flip #2450 ok=true present=3ms inter_flip_ms=33 drawcalls-since-flip=45 drawcalls-total=161804 fail-total=0 null-skips-total=0
[21:39:05] [info] flip-probe: flip #2460 ok=true present=3ms inter_flip_ms=33 drawcalls-since-flip=44 drawcalls-total=162248 fail-total=0 null-skips-total=0
[21:39:05] [info] flip-probe: flip #2470 ok=true present=3ms inter_flip_ms=33 drawcalls-since-flip=44 drawcalls-total=162685 fail-total=0 null-skips-total=0
[21:39:05] [info] flip-probe: flip #2480 ok=true present=3ms inter_flip_ms=29 drawcalls-since-flip=17 drawcalls-total=162961 fail-total=0 null-skips-total=0
[21:39:05] [info] backdrop cache: thrashing-detect engaged (streak=124, route=direct)
[21:39:06] [info] flip-probe: flip #2490 ok=true present=3ms inter_flip_ms=31 drawcalls-since-flip=17 drawcalls-total=163131 fail-total=0 null-skips-total=0
[21:39:06] [info] flip-probe: flip #2500 ok=true present=3ms inter_flip_ms=28 drawcalls-since-flip=16 drawcalls-total=163297 fail-total=0 null-skips-total=0
[21:39:06] [info] alpha audit block 0: 2569 total drawcalls, 0 with alpha<255 (block pct_x10=0; global 0/150028 pct_x10=0); alpha-mod skipped: block=0 global=0
[21:39:06] [info] fastpath audit block 0: taken=2569 (idx8=2569) skipped=0 pct_x10=1000; global taken=150028 (idx8=150028) skipped=0 pct_x10=1000
[21:39:06] [info] primitive tally block 0: clear=200(hr=200) fill=0(hr=0) rect=0(hr=0) line=0(hr=0) tint=0 spotlight=0 (over 100 flips ending at flip 2500)
[21:39:06] [info] color/alpha audit block 0: cmod_white=962 cmod_black=962 (idx=962) cmod_general=0 (idx=0) cmod_fb=0; alpha_taken=0 alpha_skipped=0 (global cmod=11826/10320/693/0 idx=10320/693 alpha=0/0)
[21:39:06] [info] phase timing block 0: drawcalls=4693 dc_total_ms=569 flip_inner_total_ms=508 inter_flip_total_ms=3303 (per-flip avg x10: dc_ms=56 fi_ms=50 if_ms=330 derived audio+engine_ms=224; per-drawcall avg us_x10=1214) [direct-vesa: presents=100 total_ms=283 avg_ms_x10=28 failed=0] [ablation: NO_DC_TIMING=0 CACHE_WINSURF=0 DIRECT_VESA=1]
[21:39:06] [info] kbd/audio block 0: kbd_irq=0 kbd_drain=0 ring_chunks=16 pump_pass=4143 pic1_mask=0xb8 first_irq_ticks=0 install_ticks=0 vector_at_install=0x0083e3b8 pic1_mask_live=0x38 kbd_8042_stat=0x34 bios_kbd_head=0x0034 bios_kbd_tail=0x0034 bios_kbd_buf0=0x1e61
[21:39:06] [info] dirty-rect block @flip=2500: total_calls=0 dirty_rects_avg=1 dirty_pct_x10=1000 forced_full=0 first_n_force=0 threshold_exceeded=0 dirty_path_taken=0 full_flush_taken=0
[21:39:06] [info] prev-frame-diff block @flip=2500: diff_calls=0 diff_rects_avg=0 diff_dirty_pct_x10=0 bbox_pct_x10=0 bbox_thresh_exceeded=0
[21:39:06] [info] flip-probe: flip #2510 ok=true present=3ms inter_flip_ms=30 drawcalls-since-flip=16 drawcalls-total=163457 fail-total=0 null-skips-total=0
[21:39:07] [info] flip-probe: flip #2520 ok=true present=3ms inter_flip_ms=31 drawcalls-since-flip=16 drawcalls-total=163617 fail-total=0 null-skips-total=0
[21:39:07] [info] flip-probe: flip #2530 ok=true present=3ms inter_flip_ms=27 drawcalls-since-flip=17 drawcalls-total=163778 fail-total=0 null-skips-total=0
[21:39:07] [info] flip-probe: flip #2540 ok=true present=3ms inter_flip_ms=30 drawcalls-since-flip=17 drawcalls-total=163948 fail-total=0 null-skips-total=0
[21:39:07] [info] backdrop cache: thrashing-detect engaged (streak=184, route=direct)
[21:39:08] [info] flip-probe: flip #2550 ok=true present=3ms inter_flip_ms=29 drawcalls-since-flip=17 drawcalls-total=164118 fail-total=0 null-skips-total=0
[21:39:08] [info] flip-probe: flip #2560 ok=true present=3ms inter_flip_ms=30 drawcalls-since-flip=19 drawcalls-total=164301 fail-total=0 null-skips-total=0
[21:39:08] [info] flip-probe: flip #2570 ok=true present=3ms inter_flip_ms=32 drawcalls-since-flip=17 drawcalls-total=164477 fail-total=0 null-skips-total=0
[21:39:09] [info] flip-probe: flip #2580 ok=true present=3ms inter_flip_ms=31 drawcalls-since-flip=14 drawcalls-total=164624 fail-total=0 null-skips-total=0
[21:39:09] [info] flip-probe: flip #2590 ok=true present=3ms inter_flip_ms=30 drawcalls-since-flip=14 drawcalls-total=164764 fail-total=0 null-skips-total=0
[21:39:09] [info] flip-probe: flip #2600 ok=true present=2ms inter_flip_ms=46 drawcalls-since-flip=272 drawcalls-total=165646 fail-total=0 null-skips-total=0
[21:39:09] [info] alpha audit block 0: 2249 total drawcalls, 0 with alpha<255 (block pct_x10=0; global 0/152277 pct_x10=0); alpha-mod skipped: block=0 global=0
[21:39:09] [info] fastpath audit block 0: taken=2249 (idx8=2249) skipped=0 pct_x10=1000; global taken=152277 (idx8=152277) skipped=0 pct_x10=1000
[21:39:09] [info] primitive tally block 0: clear=200(hr=200) fill=0(hr=0) rect=0(hr=0) line=0(hr=0) tint=0 spotlight=0 (over 100 flips ending at flip 2600)
[21:39:09] [info] phase timing block 0: drawcalls=2449 dc_total_ms=503 flip_inner_total_ms=497 inter_flip_total_ms=3220 (per-flip avg x10: dc_ms=50 fi_ms=49 if_ms=322 derived audio+engine_ms=223; per-drawcall avg us_x10=2054) [direct-vesa: presents=100 total_ms=281 avg_ms_x10=28 failed=0] [ablation: NO_DC_TIMING=0 CACHE_WINSURF=0 DIRECT_VESA=1]
[21:39:09] [info] kbd/audio block 0: kbd_irq=0 kbd_drain=0 ring_chunks=16 pump_pass=4303 pic1_mask=0xb8 first_irq_ticks=0 install_ticks=0 vector_at_install=0x0083e3b8 pic1_mask_live=0x38 kbd_8042_stat=0x34 bios_kbd_head=0x0034 bios_kbd_tail=0x0034 bios_kbd_buf0=0x1e61
[21:39:09] [info] dirty-rect block @flip=2600: total_calls=0 dirty_rects_avg=1 dirty_pct_x10=1000 forced_full=0 first_n_force=0 threshold_exceeded=0 dirty_path_taken=0 full_flush_taken=0
[21:39:09] [info] prev-frame-diff block @flip=2600: diff_calls=0 diff_rects_avg=0 diff_dirty_pct_x10=0 bbox_pct_x10=0 bbox_thresh_exceeded=0
[21:39:09] [info] backdrop cache: thrashing-detect engaged (streak=244, route=direct)
[21:39:10] [info]  >> Entering stage 14: 'Shack'.
[21:39:10] [info] [skip-sheet-flush] cave=10
[21:39:10] [info] [load-stage] preloading entry music song=8 (cave=10)
[21:39:10] [info] [music-dispatch] tick=4326 song=8 (prev 9)
[21:39:10] [info] opl3 backend: on_song_stop
[21:39:10] [info] MidiScheduler::load: parsed 'data/orgmid2/vivi.mid' = 4558 events at 48 PPQ
[21:39:10] [info] opl3 backend: on_song_start
[21:39:10] [info] gameloop: entered (curmap=14, running=1)
[21:39:10] [info] gameloop: iter 1 ticks=108821 mapno=-1
[21:39:10] [info] gameloop: iter 2 ticks=108870 mapno=-1
[21:39:10] [info] flip-probe: flip #2610 ok=true present=3ms inter_flip_ms=52 drawcalls-since-flip=365 drawcalls-total=168516 fail-total=0 null-skips-total=0
[21:39:11] [info] gameloop: iter 3 ticks=109146 mapno=-1
[21:39:11] [info] tas: stall frame 275 ms -> contributing 1 tick (patch 0286)
[21:39:11] [info] flip-probe: flip #2620 ok=true present=3ms inter_flip_ms=33 drawcalls-since-flip=189 drawcalls-total=171790 fail-total=0 null-skips-total=0
[21:39:11] [info] flip-probe: flip #2630 ok=true present=2ms inter_flip_ms=24 drawcalls-since-flip=23 drawcalls-total=172206 fail-total=0 null-skips-total=0
[21:39:12] [info] flip-probe: flip #2640 ok=true present=3ms inter_flip_ms=23 drawcalls-since-flip=23 drawcalls-total=172436 fail-total=0 null-skips-total=0
[21:39:12] [info] flip-probe: flip #2650 ok=true present=3ms inter_flip_ms=23 drawcalls-since-flip=23 drawcalls-total=172666 fail-total=0 null-skips-total=0
[21:39:12] [info] flip-probe: flip #2660 ok=true present=3ms inter_flip_ms=23 drawcalls-since-flip=23 drawcalls-total=172896 fail-total=0 null-skips-total=0
[21:39:12] [info] flip-probe: flip #2670 ok=true present=2ms inter_flip_ms=23 drawcalls-since-flip=23 drawcalls-total=173126 fail-total=0 null-skips-total=0
[21:39:13] [info] flip-probe: flip #2680 ok=true present=2ms inter_flip_ms=24 drawcalls-since-flip=26 drawcalls-total=173378 fail-total=0 null-skips-total=0
[21:39:13] [info] flip-probe: flip #2690 ok=true present=3ms inter_flip_ms=23 drawcalls-since-flip=26 drawcalls-total=173641 fail-total=0 null-skips-total=0
[21:39:13] [info] flip-probe: flip #2700 ok=true present=3ms inter_flip_ms=23 drawcalls-since-flip=24 drawcalls-total=173887 fail-total=0 null-skips-total=0
[21:39:13] [info] alpha audit block 0: 7773 total drawcalls, 0 with alpha<255 (block pct_x10=0; global 0/160050 pct_x10=0); alpha-mod skipped: block=0 global=0
[21:39:13] [info] fastpath audit block 0: taken=7773 (idx8=7773) skipped=0 pct_x10=1000; global taken=160050 (idx8=160050) skipped=0 pct_x10=1000
[21:39:13] [info] primitive tally block 0: clear=202(hr=202) fill=0(hr=0) rect=0(hr=0) line=0(hr=0) tint=0 spotlight=0 (over 100 flips ending at flip 2700)
[21:39:13] [info] color/alpha audit block 0: cmod_white=460 cmod_black=460 (idx=460) cmod_general=0 (idx=0) cmod_fb=0; alpha_taken=0 alpha_skipped=0 (global cmod=12286/10780/693/0 idx=10780/693 alpha=0/0)
[21:39:13] [info] phase timing block 0: drawcalls=8895 dc_total_ms=761 flip_inner_total_ms=716 inter_flip_total_ms=3720 (per-flip avg x10: dc_ms=76 fi_ms=71 if_ms=372 derived audio+engine_ms=225; per-drawcall avg us_x10=855) [direct-vesa: presents=100 total_ms=282 avg_ms_x10=28 failed=0] [ablation: NO_DC_TIMING=0 CACHE_WINSURF=0 DIRECT_VESA=1]
[21:39:13] [info] kbd/audio block 0: kbd_irq=0 kbd_drain=0 ring_chunks=16 pump_pass=4448 pic1_mask=0xb8 first_irq_ticks=0 install_ticks=0 vector_at_install=0x0083e3b8 pic1_mask_live=0x38 kbd_8042_stat=0x34 bios_kbd_head=0x0034 bios_kbd_tail=0x0034 bios_kbd_buf0=0x1e61
[21:39:13] [info] dirty-rect block @flip=2700: total_calls=0 dirty_rects_avg=1 dirty_pct_x10=1000 forced_full=0 first_n_force=0 threshold_exceeded=0 dirty_path_taken=0 full_flush_taken=0
[21:39:13] [info] prev-frame-diff block @flip=2700: diff_calls=0 diff_rects_avg=0 diff_dirty_pct_x10=0 bbox_pct_x10=0 bbox_thresh_exceeded=0
[21:39:13] [info] flip-probe: flip #2710 ok=true present=3ms inter_flip_ms=23 drawcalls-since-flip=23 drawcalls-total=174117 fail-total=0 null-skips-total=0
[21:39:14] [info] flip-probe: flip #2720 ok=true present=2ms inter_flip_ms=23 drawcalls-since-flip=23 drawcalls-total=174347 fail-total=0 null-skips-total=0
[21:39:14] [info] flip-probe: flip #2730 ok=true present=3ms inter_flip_ms=23 drawcalls-since-flip=13 drawcalls-total=174557 fail-total=0 null-skips-total=0
[21:39:14] [info] flip-probe: flip #2740 ok=true present=3ms inter_flip_ms=22 drawcalls-since-flip=13 drawcalls-total=174687 fail-total=0 null-skips-total=0
[21:39:14] [info] flip-probe: flip #2750 ok=true present=3ms inter_flip_ms=23 drawcalls-since-flip=13 drawcalls-total=174817 fail-total=0 null-skips-total=0
[21:39:14] [info] flip-probe: flip #2760 ok=true present=2ms inter_flip_ms=23 drawcalls-since-flip=13 drawcalls-total=174947 fail-total=0 null-skips-total=0
[21:39:15] [info] flip-probe: flip #2770 ok=true present=3ms inter_flip_ms=22 drawcalls-since-flip=13 drawcalls-total=175077 fail-total=0 null-skips-total=0
[21:39:15] [info] flip-probe: flip #2780 ok=true present=3ms inter_flip_ms=22 drawcalls-since-flip=13 drawcalls-total=175207 fail-total=0 null-skips-total=0
[21:39:15] [info] flip-probe: flip #2790 ok=true present=3ms inter_flip_ms=22 drawcalls-since-flip=13 drawcalls-total=175337 fail-total=0 null-skips-total=0
[21:39:15] [info] flip-probe: flip #2800 ok=true present=3ms inter_flip_ms=22 drawcalls-since-flip=13 drawcalls-total=175467 fail-total=0 null-skips-total=0
[21:39:15] [info] alpha audit block 0: 1440 total drawcalls, 0 with alpha<255 (block pct_x10=0; global 0/161490 pct_x10=0); alpha-mod skipped: block=0 global=0
[21:39:15] [info] fastpath audit block 0: taken=1440 (idx8=1440) skipped=0 pct_x10=1000; global taken=161490 (idx8=161490) skipped=0 pct_x10=1000
[21:39:15] [info] primitive tally block 0: clear=200(hr=200) fill=0(hr=0) rect=0(hr=0) line=0(hr=0) tint=0 spotlight=0 (over 100 flips ending at flip 2800)
[21:39:15] [info] color/alpha audit block 0: cmod_white=140 cmod_black=140 (idx=140) cmod_general=0 (idx=0) cmod_fb=0; alpha_taken=0 alpha_skipped=0 (global cmod=12426/10920/693/0 idx=10920/693 alpha=0/0)
[21:39:15] [info] phase timing block 0: drawcalls=1920 dc_total_ms=465 flip_inner_total_ms=502 inter_flip_total_ms=2429 (per-flip avg x10: dc_ms=46 fi_ms=50 if_ms=242 derived audio+engine_ms=146; per-drawcall avg us_x10=2422) [direct-vesa: presents=100 total_ms=283 avg_ms_x10=28 failed=0] [ablation: NO_DC_TIMING=0 CACHE_WINSURF=0 DIRECT_VESA=1]
[21:39:15] [info] kbd/audio block 0: kbd_irq=0 kbd_drain=0 ring_chunks=16 pump_pass=4570 pic1_mask=0xb8 first_irq_ticks=0 install_ticks=0 vector_at_install=0x0083e3b8 pic1_mask_live=0x38 kbd_8042_stat=0x34 bios_kbd_head=0x0034 bios_kbd_tail=0x0034 bios_kbd_buf0=0x1e61
[21:39:15] [info] dirty-rect block @flip=2800: total_calls=0 dirty_rects_avg=1 dirty_pct_x10=1000 forced_full=0 first_n_force=0 threshold_exceeded=0 dirty_path_taken=0 full_flush_taken=0
[21:39:15] [info] prev-frame-diff block @flip=2800: diff_calls=0 diff_rects_avg=0 diff_dirty_pct_x10=0 bbox_pct_x10=0 bbox_thresh_exceeded=0
[21:39:16] [info] flip-probe: flip #2810 ok=true present=3ms inter_flip_ms=37 drawcalls-since-flip=271 drawcalls-total=176393 fail-total=0 null-skips-total=0
[21:39:16] [info] flip-probe: flip #2820 ok=true present=3ms inter_flip_ms=45 drawcalls-since-flip=355 drawcalls-total=179891 fail-total=0 null-skips-total=0
[21:39:16] [info]  >> Entering stage 11: 'Mimiga Village'.
[21:39:16] [info] [skip-sheet-flush] cave=11
[21:39:17] [info] [load-stage] preloading entry music song=9 (cave=11)
[21:39:17] [info] [music-dispatch] tick=4610 song=9 (prev 8)
[21:39:17] [info] opl3 backend: on_song_stop
[21:39:17] [info] MidiScheduler::load: parsed 'data/orgmid2/mura.mid' = 2863 events at 48 PPQ
[21:39:17] [info] opl3 backend: on_song_start
[21:39:17] [info] gameloop: entered (curmap=11, running=1)
[21:39:17] [info] gameloop: iter 1 ticks=115243 mapno=-1
[21:39:17] [info] gameloop: iter 2 ticks=115310 mapno=-1
[21:39:17] [info] gameloop: iter 3 ticks=115371 mapno=-1
[21:39:17] [info] backdrop cache: thrashing-detect engaged (streak=4, route=direct)
[21:39:17] [info] flip-probe: flip #2830 ok=true present=3ms inter_flip_ms=50 drawcalls-since-flip=206 drawcalls-total=183028 fail-total=0 null-skips-total=0
[21:39:18] [info] flip-probe: flip #2840 ok=true present=3ms inter_flip_ms=31 drawcalls-since-flip=40 drawcalls-total=183520 fail-total=0 null-skips-total=0
[21:39:18] [info] flip-probe: flip #2850 ok=true present=3ms inter_flip_ms=33 drawcalls-since-flip=41 drawcalls-total=183924 fail-total=0 null-skips-total=0
[21:39:18] [info] flip-probe: flip #2860 ok=true present=3ms inter_flip_ms=29 drawcalls-since-flip=43 drawcalls-total=184346 fail-total=0 null-skips-total=0
[21:39:19] [info] flip-probe: flip #2870 ok=true present=4ms inter_flip_ms=30 drawcalls-since-flip=43 drawcalls-total=184776 fail-total=0 null-skips-total=0
[21:39:19] [info] flip-probe: flip #2880 ok=true present=2ms inter_flip_ms=33 drawcalls-since-flip=47 drawcalls-total=185222 fail-total=0 null-skips-total=0
[21:39:19] [info] backdrop cache: thrashing-detect engaged (streak=64, route=direct)
[21:39:19] [info] flip-probe: flip #2890 ok=true present=3ms inter_flip_ms=39 drawcalls-since-flip=46 drawcalls-total=185686 fail-total=0 null-skips-total=0
[21:39:20] [info] flip-probe: flip #2900 ok=true present=3ms inter_flip_ms=33 drawcalls-since-flip=42 drawcalls-total=186112 fail-total=0 null-skips-total=0
[21:39:20] [info] alpha audit block 0: 9539 total drawcalls, 0 with alpha<255 (block pct_x10=0; global 0/171029 pct_x10=0); alpha-mod skipped: block=0 global=0
[21:39:20] [info] fastpath audit block 0: taken=9539 (idx8=9539) skipped=0 pct_x10=1000; global taken=171029 (idx8=171029) skipped=0 pct_x10=1000
[21:39:20] [info] primitive tally block 0: clear=201(hr=201) fill=0(hr=0) rect=0(hr=0) line=0(hr=0) tint=0 spotlight=0 (over 100 flips ending at flip 2900)
[21:39:20] [info] color/alpha audit block 0: cmod_white=1027 cmod_black=1027 (idx=1027) cmod_general=0 (idx=0) cmod_fb=0; alpha_taken=0 alpha_skipped=0 (global cmod=13453/11947/693/0 idx=11947/693 alpha=0/0)
[21:39:20] [info] phase timing block 0: drawcalls=11802 dc_total_ms=902 flip_inner_total_ms=504 inter_flip_total_ms=4121 (per-flip avg x10: dc_ms=90 fi_ms=50 if_ms=412 derived audio+engine_ms=272; per-drawcall avg us_x10=764) [direct-vesa: presents=100 total_ms=281 avg_ms_x10=28 failed=0] [ablation: NO_DC_TIMING=0 CACHE_WINSURF=0 DIRECT_VESA=1]
[21:39:20] [info] kbd/audio block 0: kbd_irq=0 kbd_drain=0 ring_chunks=16 pump_pass=4751 pic1_mask=0xb8 first_irq_ticks=0 install_ticks=0 vector_at_install=0x0083e3b8 pic1_mask_live=0x38 kbd_8042_stat=0x34 bios_kbd_head=0x0034 bios_kbd_tail=0x0034 bios_kbd_buf0=0x1e61
[21:39:20] [info] dirty-rect block @flip=2900: total_calls=0 dirty_rects_avg=1 dirty_pct_x10=1000 forced_full=0 first_n_force=0 threshold_exceeded=0 dirty_path_taken=0 full_flush_taken=0
[21:39:20] [info] prev-frame-diff block @flip=2900: diff_calls=0 diff_rects_avg=0 diff_dirty_pct_x10=0 bbox_pct_x10=0 bbox_thresh_exceeded=0
[21:39:20] [info] flip-probe: flip #2910 ok=true present=3ms inter_flip_ms=32 drawcalls-since-flip=42 drawcalls-total=186532 fail-total=0 null-skips-total=0
[21:39:20] [info] flip-probe: flip #2920 ok=true present=3ms inter_flip_ms=33 drawcalls-since-flip=45 drawcalls-total=186963 fail-total=0 null-skips-total=0
[21:39:21] [info] flip-probe: flip #2930 ok=true present=3ms inter_flip_ms=33 drawcalls-since-flip=44 drawcalls-total=187413 fail-total=0 null-skips-total=0
[21:39:21] [info] flip-probe: flip #2940 ok=true present=3ms inter_flip_ms=31 drawcalls-since-flip=44 drawcalls-total=187853 fail-total=0 null-skips-total=0
[21:39:21] [info] backdrop cache: thrashing-detect engaged (streak=124, route=direct)
[21:39:21] [info] flip-probe: flip #2950 ok=true present=3ms inter_flip_ms=36 drawcalls-since-flip=18 drawcalls-total=188059 fail-total=0 null-skips-total=0
[21:39:22] [info] flip-probe: flip #2960 ok=true present=3ms inter_flip_ms=31 drawcalls-since-flip=19 drawcalls-total=188240 fail-total=0 null-skips-total=0
[21:39:22] [info] flip-probe: flip #2970 ok=true present=3ms inter_flip_ms=31 drawcalls-since-flip=20 drawcalls-total=188434 fail-total=0 null-skips-total=0
[21:39:22] [info] flip-probe: flip #2980 ok=true present=3ms inter_flip_ms=30 drawcalls-since-flip=19 drawcalls-total=188627 fail-total=0 null-skips-total=0
[21:39:23] [info] flip-probe: flip #2990 ok=true present=3ms inter_flip_ms=33 drawcalls-since-flip=17 drawcalls-total=188804 fail-total=0 null-skips-total=0
[21:39:23] [info] flip-probe: flip #3000 ok=true present=3ms inter_flip_ms=37 drawcalls-since-flip=17 drawcalls-total=188974 fail-total=0 null-skips-total=0
[21:39:23] [info] alpha audit block 0: 2229 total drawcalls, 0 with alpha<255 (block pct_x10=0; global 0/173258 pct_x10=0); alpha-mod skipped: block=0 global=0
[21:39:23] [info] fastpath audit block 0: taken=2229 (idx8=2229) skipped=0 pct_x10=1000; global taken=173258 (idx8=173258) skipped=0 pct_x10=1000
[21:39:23] [info] primitive tally block 0: clear=200(hr=200) fill=0(hr=0) rect=0(hr=0) line=0(hr=0) tint=0 spotlight=0 (over 100 flips ending at flip 3000)
[21:39:23] [info] color/alpha audit block 0: cmod_white=533 cmod_black=533 (idx=533) cmod_general=0 (idx=0) cmod_fb=0; alpha_taken=0 alpha_skipped=0 (global cmod=13986/12480/693/0 idx=12480/693 alpha=0/0)
[21:39:23] [info] phase timing block 0: drawcalls=3495 dc_total_ms=536 flip_inner_total_ms=514 inter_flip_total_ms=3303 (per-flip avg x10: dc_ms=53 fi_ms=51 if_ms=330 derived audio+engine_ms=226; per-drawcall avg us_x10=1536) [direct-vesa: presents=100 total_ms=282 avg_ms_x10=28 failed=0] [ablation: NO_DC_TIMING=0 CACHE_WINSURF=0 DIRECT_VESA=1]
[21:39:23] [info] kbd/audio block 0: kbd_irq=0 kbd_drain=0 ring_chunks=16 pump_pass=4916 pic1_mask=0xb8 first_irq_ticks=0 install_ticks=0 vector_at_install=0x0083e3b8 pic1_mask_live=0x38 kbd_8042_stat=0x34 bios_kbd_head=0x0034 bios_kbd_tail=0x0034 bios_kbd_buf0=0x1e61
[21:39:23] [info] dirty-rect block @flip=3000: total_calls=0 dirty_rects_avg=1 dirty_pct_x10=1000 forced_full=0 first_n_force=0 threshold_exceeded=0 dirty_path_taken=0 full_flush_taken=0
[21:39:23] [info] prev-frame-diff block @flip=3000: diff_calls=0 diff_rects_avg=0 diff_dirty_pct_x10=0 bbox_pct_x10=0 bbox_thresh_exceeded=0
[21:39:23] [info] backdrop cache: thrashing-detect engaged (streak=184, route=direct)
[21:39:23] [info] flip-probe: flip #3010 ok=true present=3ms inter_flip_ms=39 drawcalls-since-flip=18 drawcalls-total=189150 fail-total=0 null-skips-total=0
[21:39:24] [info] backdrop cache: thrashing-detect engaged (streak=4, route=direct)
[21:39:24] [info] flip-probe: flip #3020 ok=true present=3ms inter_flip_ms=37 drawcalls-since-flip=19 drawcalls-total=189334 fail-total=0 null-skips-total=0
[21:39:24] [info] flip-probe: flip #3030 ok=true present=2ms inter_flip_ms=31 drawcalls-since-flip=20 drawcalls-total=189528 fail-total=0 null-skips-total=0
[21:39:24] [info] flip-probe: flip #3040 ok=true present=3ms inter_flip_ms=32 drawcalls-since-flip=19 drawcalls-total=189724 fail-total=0 null-skips-total=0
[21:39:25] [info] flip-probe: flip #3050 ok=true present=3ms inter_flip_ms=32 drawcalls-since-flip=18 drawcalls-total=189910 fail-total=0 null-skips-total=0
[21:39:25] [info] flip-probe: flip #3060 ok=true present=3ms inter_flip_ms=30 drawcalls-since-flip=18 drawcalls-total=190090 fail-total=0 null-skips-total=0
[21:39:25] [info] flip-probe: flip #3070 ok=true present=3ms inter_flip_ms=30 drawcalls-since-flip=18 drawcalls-total=190270 fail-total=0 null-skips-total=0
[21:39:25] [info] backdrop cache: thrashing-detect engaged (streak=64, route=direct)
[21:39:25] [info] flip-probe: flip #3080 ok=true present=3ms inter_flip_ms=38 drawcalls-since-flip=18 drawcalls-total=190450 fail-total=0 null-skips-total=0
[21:39:26] [info] flip-probe: flip #3090 ok=true present=3ms inter_flip_ms=32 drawcalls-since-flip=18 drawcalls-total=190630 fail-total=0 null-skips-total=0
[21:39:26] [info] flip-probe: flip #3100 ok=true present=3ms inter_flip_ms=31 drawcalls-since-flip=18 drawcalls-total=190810 fail-total=0 null-skips-total=0
[21:39:26] [info] alpha audit block 0: 1736 total drawcalls, 0 with alpha<255 (block pct_x10=0; global 0/174994 pct_x10=0); alpha-mod skipped: block=0 global=0
[21:39:26] [info] fastpath audit block 0: taken=1736 (idx8=1736) skipped=0 pct_x10=1000; global taken=174994 (idx8=174994) skipped=0 pct_x10=1000
[21:39:26] [info] primitive tally block 0: clear=200(hr=200) fill=0(hr=0) rect=0(hr=0) line=0(hr=0) tint=0 spotlight=0 (over 100 flips ending at flip 3100)
[21:39:26] [info] phase timing block 0: drawcalls=1940 dc_total_ms=505 flip_inner_total_ms=493 inter_flip_total_ms=3285 (per-flip avg x10: dc_ms=50 fi_ms=49 if_ms=328 derived audio+engine_ms=229; per-drawcall avg us_x10=2607) [direct-vesa: presents=100 total_ms=281 avg_ms_x10=28 failed=0] [ablation: NO_DC_TIMING=0 CACHE_WINSURF=0 DIRECT_VESA=1]
[21:39:26] [info] kbd/audio block 0: kbd_irq=0 kbd_drain=0 ring_chunks=16 pump_pass=5080 pic1_mask=0xb8 first_irq_ticks=0 install_ticks=0 vector_at_install=0x0083e3b8 pic1_mask_live=0x38 kbd_8042_stat=0x34 bios_kbd_head=0x0034 bios_kbd_tail=0x0034 bios_kbd_buf0=0x1e61
[21:39:26] [info] dirty-rect block @flip=3100: total_calls=0 dirty_rects_avg=1 dirty_pct_x10=1000 forced_full=0 first_n_force=0 threshold_exceeded=0 dirty_path_taken=0 full_flush_taken=0
[21:39:26] [info] prev-frame-diff block @flip=3100: diff_calls=0 diff_rects_avg=0 diff_dirty_pct_x10=0 bbox_pct_x10=0 bbox_thresh_exceeded=0
[21:39:27] [info] flip-probe: flip #3110 ok=true present=3ms inter_flip_ms=32 drawcalls-since-flip=18 drawcalls-total=190990 fail-total=0 null-skips-total=0
[21:39:27] [info] flip-probe: flip #3120 ok=true present=4ms inter_flip_ms=31 drawcalls-since-flip=59 drawcalls-total=191375 fail-total=0 null-skips-total=0
[21:39:27] [info] flip-probe: flip #3130 ok=true present=3ms inter_flip_ms=32 drawcalls-since-flip=59 drawcalls-total=191965 fail-total=0 null-skips-total=0
[21:39:27] [info] backdrop cache: thrashing-detect engaged (streak=124, route=direct)
[21:39:28] [info] flip-probe: flip #3140 ok=true present=3ms inter_flip_ms=37 drawcalls-since-flip=59 drawcalls-total=192555 fail-total=0 null-skips-total=0
[21:39:28] [info] tas: end-of-replay auto-exit at tick 5140 (recording exhausted; set DOSKUTSU_TAS_REPLAY_HOLD=1 to disable + observe steady-state past recording end)
[21:39:28] [info] Script engine shutdown.
[21:39:28] [info] opl3 backend: on_song_stop
[21:39:28] [info] opl3 backend: cleared reg 0xBD chip-wide latch (wub-wub mitigation per flush-instr WAVE-46 H6)
[21:39:28] [info] opl3 backend shutdown (all 18 voices KEY-OFF unconditionally; OPL2 mode restored; chip state safe for next process)
[21:39:28] [info] Sound system shutdown
[21:39:28] [info] Renderer::Close()
[21:39:28] [info] tas: replay file closed
[21:39:28] [info] [fps-true] flips=3149 render_s=123 fps_mean=25.6 (clock-independent: flips / seconds since the FIRST flip; use THIS for the fps matrix, not inter_flip medians, which are invalid in any cell running the PIT/IRQ-0 music pump)
[RUNMANIFEST-BEGIN]
schema_version=2
environment=realhw
binary_sha12=UNKNOWN
binary_sha12_src=unknown
build_sha12=1f79ce20e4ee
organya_cache_key=1f79ce20e4ee
wave_tag=GR4B
scene=
env_block_sha=4603c3a7c7f8
started_rtc_local=2026-11-21T19:28:47
duration_s=137
exit_code=0
fps_true_flips=3149
fps_true_render_s=123
reel_ticks=5140
reel_game_seconds=102.8
per_loop_fps=30.6
overhead_s=21
music_pump_active=0
cpu_vendor=GenuineIntel
cpu_have_cpuid=1
cpu_family=5
cpu_model=3
cpu_stepping=2
cpu_mhz_est=83
cpu_has_fpu=1
cpu_class=586
audio_backend=opl3
video_logical_wxh=320x240
video_logical_bpp=8
video_vram_kb=4096
video_lfb_or_banked=lfb
audio_is_sb16=0
audio_dsp_ver=2.01
audio_dma_path=8bit-low
audio_force_8bit=0
audio_dma_channel=3
fps_p50=32.2
fps_p95=22.7
fps_sample_n=314
fps_sample_interval=10
pump_clock_state=no-pump
audio_vital_status=NA
regime=NA
banner_required_hit=0
banner_required_total=0
banner_forbidden_hit=0
banner_optional_hit=0
critical_count=0
warn_count=0
perstage_count=12
perstage_00=stage:72 ticks:95 flips:95 fps:50.0
perstage_01=stage:1005 ticks:80 flips:80 fps:50.0
perstage_02=stage:20 ticks:122 flips:100 fps:40.9
perstage_03=stage:11 ticks:455 flips:265 fps:29.1
perstage_04=stage:17 ticks:771 flips:373 fps:24.1
perstage_05=stage:11 ticks:547 flips:338 fps:30.8
perstage_06=stage:15 ticks:665 flips:416 fps:31.2
perstage_07=stage:11 ticks:894 flips:541 fps:30.2
perstage_08=stage:19 ticks:262 flips:145 fps:27.6
perstage_09=stage:11 ticks:435 flips:254 fps:29.1
perstage_10=stage:14 ticks:284 flips:213 fps:37.5
perstage_11=stage:11 ticks:530 flips:328 fps:30.9
[RUNMANIFEST-END]
[21:39:28] [info] [runmanifest-emit] schema=v2 env=realhw binary_sha12=UNKNOWN(unknown) build_sha12=1f79ce20e4ee per_loop_fps=30.6 overhead_s=21 pump=0 dur=137s tag='GR4B' scene='' (signals=0x4)
