Logger::init: wave-53 log level=INFO path='LOGS/GR5.LOG'
[21:42:10] [info] config: loaded DOSKUTSU.CFG (2 keys)
[21:42:11] [info] [cpu-witness] vendor=GenuineIntel cpuid=1 family=5 model=3 stepping=2 mhz_est=83 fpu=1 class=586 (boot-time attestation of the running CPU; MHZ_486_LOOP_DIV=16400 mirrors SETUP)
[21:42:11] [info] tas: PRNG seed forced to 12345 via DOSKUTSU_TAS_PRNG_SEED
[21:42:11] [info] tas: auto-exit armed at tick 30000 via DOSKUTSU_TAS_AUTO_EXIT_TICK
[21:42:11] [info] tas: replay opened path='QA.TAS' header_seed=12345
[21:42:11] [info] AUDIO_BACKEND=adlib -- omitting SDL_INIT_AUDIO (no Sound Blaster on a native-AdLib config; the OPL chip is driven by direct port I/O + the PIT/IRQ-0 music pump). SoundManager::init() STILL RUNS (unlike AUDIO_OFF) to bring up the OPL2 backend. MUSIC ONLY -- no PCM SFX on a DAC-less AdLib card.
[21:42:11] [info] data cache: DISABLED (default)
[21:42:11] [info] Joystick: skipped (default; set DOSKUTSU_USE_JOYSTICK=1 to enable -- skips SDL3-DOS gameport BIOS INT 15h polling, ~82 ms / flip on real HW)
[21:42:11] [info] Loading settings...
[21:42:11] [info] [input-bind] applied=0 invert_y=0 dos_axes=1
[21:42:11] [info] Renderer::initVideo: 8bpp mode requested via SDL_HINT_DOS_MAX_BPP=8 (wave 16); SDL3-DOS will pick the highest-bpp <= 8 mode at requested resolution
[21:42:11] [info] Renderer::initVideo: DOS resolution-label lock ENABLED (default)
[21:42:12] [info] center-oversized: not needed (surface matches the logical screen) surface=320x240 logical=320x240 offset=0,0
[21:42:12] [info] Renderer::initVideo: using: software renderer
[21:42:13] [info] Renderer::initVideo: dirty-rect tracking ENABLED (wave 15, default ON; set SDL_HINT_DOSKUTSU_DIRTY_RECTS=0 to disable)
[21:42:13] [info] Renderer::initVideo: ablation flags: NO_DC_TIMING=0 CACHE_WINSURF=0 NO_INPUT_POLL=0 DIRECT_VESA=1
[21:42:13] [info] Renderer::initVideo: direct-VESA hot path ENABLED (default since wave 20 patch 0088; bypasses SDL_RenderPresent / SDL_UpdateWindowSurface and writes via SDL/0034's PresentFull helper; R2 mitigation handled by SDL/0034 generation counter -- no per-N-flip heartbeat needed; set SDL_HINT_DOSKUTSU_DIRECT_VESA=0 to revert)
[21:42:13] [info] Renderer::initVideo: flip-phase instrumentation DISABLED (default; set SDL_HINT_DOSKUTSU_FLIP_INSTR=1 to opt in for wave-20 Lever A diagnostic)
[21:42:13] [info] Renderer::initVideo: asm opaque-span blit lever DISABLED (default; set SDL_HINT_DOSKUTSU_ASM_BLIT=1 to opt in -- wave-51 _blit_indexed colorkey-blit lever)
[21:42:13] [info] Renderer::initVideo: blit-decomp instrumentation DISABLED (default; set SDL_HINT_DOSKUTSU_BLIT_DECOMP=1 to opt in -- wave-51 _blit_indexed sub-decomp sizing)
[21:42:13] [info] Renderer::initVideo: mds-scroll-decomp instrumentation DISABLED (default; set SDL_HINT_DOSKUTSU_MDS_DECOMP=1 to opt in -- wave-52 mode_draw_scene scrolling-block decomp)
[21:42:13] [info] Renderer::initVideo: DOSVESA pump yield: skipped (default) (per-flip explicit SDL_Delay(0) yield is always on; set SDL_HINT_DOSKUTSU_FORCE_PUMP_YIELD=1 to restore old per-pump yield)
[21:42:13] [info] Renderer::initVideo: indexed-mode (8bpp) ENABLED -- master palette + 107 per-asset remap LUTs loaded (wave 16, default ON; set SDL_HINT_DOSKUTSU_PIXEL_FORMAT_8=0 to disable)
[21:42:13] [info] Renderer::initVideo: master palette attached to window surface (format=SDL_PIXELFORMAT_INDEX8, ncolors=256)
[21:42:13] [info] Renderer::initVideo: indexed-mode smoke: idx0=(0,0,0) OK idx255=(255,0,255) OK
[21:42:13] [info] Renderer::initVideo: indexed-mode smoke: paletteRemapFor('MyChar.pbm') = present
[21:42:14] [info] Surface::loadImage palmap-diag #1: 'data/Loading.pbm' fmt=SDL_PIXELFORMAT_ABGR8888 remap=HIT -> path=truecolor
[21:42:14] [info] Renderer: prev-frame diff DISABLED (default since wave 17.6; set SDL_HINT_DOSKUTSU_PREVFRAME_DIFF=1 to opt in)
[21:42:14] [info] flip-probe: renderer=software window_ptr=8825536 colorspace=301991328 window_size=320x240 framebuffer_pixels=320x240 logical_present=320x240 mode=2
[21:42:14] [info] flip-probe: first flip ok=true present=43ms inter_flip_ms=0 drawcalls-since-flip=1 drawcalls-total=1
[21:42:14] [info] Sound system init
[21:42:14] [info] Sound system: AdLib (OPL2) path -- AUDIO_BACKEND=adlib. Skipping SB16 + SDL_mixer bring-up (no SDL_INIT_AUDIO); music via native OPL2 FM on the PIT/IRQ-0 pump. MUSIC ONLY: a DAC-less AdLib card has no PCM SFX. See docs/internal/ADLIB-NATIVE-DESIGN.md.
[21:42:14] [info] Sound system: AdLib PC-speaker SFX beeps -- engine SFX->beep mapping WIRED (patch 0264; SDL owns default-ON killswitch SDL_HINT_DOSKUTSU_PCSPK_SFX=0 to disable). See docs/internal/ADLIB-PCSPK-SFX-DESIGN.md.
[21:42:14] [info] Sound system: 4-state audio enable (#31) -- music=on sfx=on (MUSIC_OFF/AUDIO_BACKEND=none -> music-off; SFX_OFF/SFX_DEVICE=none -> sfx-off; both gates are dispatch-level, the device still opens; AUDIO_OFF=1 is the device-level both-off).
[21:42:14] [info] Sound system: Tier-2 audio config (default since wave 21 patch 0093; 11025 Hz, 1 channel, buffer pinned to 256 frames). Measured savings on g2k Pentium OverDrive 83 MHz (W21A): heavy-music scenes ~+11 fps vs Tier-1 baseline (measured -10 to -15 ms/flip post-0094 audio fix; W21A's pre-fix -26.6 ms figure was inflated by stereo-vs-mono playback bug, see patch 0094). Audio quality is reduced vs Tier-1 (mono, 11025 Hz, simple-average L+R downmix) but recognizable; user accepted the trade per direction 2026-05-05. Set SDL_HINT_DOSKUTSU_AUDIO_TIER2=0 to revert to Tier-1 22050 stereo (full Cave Story 2004 audio quality; trades fps for fidelity).
[21:42:14] [info] Sound system: SDL_HINT_AUDIO_DEVICE_SAMPLE_FRAMES=256
[21:42:14] [info] Pixtone IRQ rate-divider: handed master_rate=11025 int16/s (SAMPLE_RATE=11025 x AUDIO_CHANNELS=1) to SDL for auto-RATEDIV (SDL/0074 computes shift_div from the resolved device freq).
[21:42:14] [info] Sound system: device frame-rate: requesting 11025 Hz match to master (SDL_DOSAudioSetDeviceFrameRate; SB16 opens at the engine frame rate instead of SDL's 44100 floor -- 4x less PCM/s + no resampler on the Organya/Pixtone path; killswitch SDL_HINT_DOSKUTSU_DOS_AUDIO_DEVICE_RATE_DEFAULT=0).
[21:42:14] [info] audio backend: adlib (Campaign 2 -- native OPL2 FM synthesis on a no-Sound-Blaster card; 9-voice single-bank allocator; music clock = PIT/IRQ-0 OPL pump, NOT SB IRQ-5). MUSIC ONLY -- no PCM SFX on a DAC-less AdLib card. SoundManager::init probes OPL2 at 0x388 via the Adlib timer-1 sequence; if absent, music is silent (the game still runs). Reuses data/opl3bank.dat (DMXOPL GM bank).
[21:42:14] [info] Sound system: AdLib path -- no SB16 mixer (music via the PIT pump; SFX disabled on this no-SB out-of-band path).
[21:42:14] [info] wave-13.6.1: ring_chunks=16 FORCE_PUMP_YIELD=off (set SDL_HINT_DOSKUTSU_AUDIO_RING_CHUNKS=4|8|16 to override; default 16 matches wave 13.6 behaviour)
[21:42:14] [info] MidiScheduler: MIDI source = 'orgmid2' (native-GM org2mid set; resolves to data/orgmid2/<name>.mid).
[21:42:14] [info] opl2 backend probing for OPL chip (Adlib timer-1 sequence on 0x388)...
[21:42:14] [info] opl2 backend: opl3bank.dat loaded 128 programs from 'data/opl3bank.dat' (1536 bytes). OPL2 ignores the SBI panning nibble; programs >= 128 fall back to the 8-patch family bucket; drum channel uses PATCH_DRUM.
[21:42:14] [info] opl2 backend ready (OPL2 detected; 9-voice single-bank allocator armed; bank=runtime opl3bank.dat ACTIVE; clock = PIT/IRQ-0 OPL music pump, NOT SB IRQ-5; MUSIC ONLY -- no PCM SFX on a DAC-less AdLib card).
[21:42:14] [info] Sound system: MidiScheduler armed with MidiBackendOpl2 (Campaign 2 AdLib -- native OPL2 FM, 9-voice single bank). Music dispatch routes via SMF parser + OPL2 voice allocator; the clock is the PIT/IRQ-0 OPL pump (SDL/0110), NOT the SB IRQ-5. MUSIC ONLY -- no Pixtone PCM SFX on a DAC-less card.
[21:42:14] [info] Sound system: idle-pause skipped (backend=adlib does not qualify; only opl3 supports idle-pause per patch 0115; default OFF since patch 0119 regardless of backend).
[21:42:15] [warn] Music dir Ogg/ doesn't exist
[21:42:15] [warn] Music dir Ogg11/ doesn't exist
[21:42:15] [warn] Music dir Ogg17/ doesn't exist
[21:42:15] [warn] Music dir Ogg_ridic/ doesn't exist
[21:42:15] [info] Sound system: AdLib path -- skipping Pixtone/SFX/Organya/mixer init (no SDL audio device; MUSIC ONLY -- a DAC-less AdLib card has no PCM SFX). No MIX_CreateTrack / SFX-render attempts; runtime SFX calls no-op.
[21:42:15] [info] adlib: music pump STARTED at 120 Hz (PIT ch0 / IRQ-0 drives MidiScheduler::tick_isr; BIOS 18.2 Hz tick chained; restored on exit). This is the music clock on a no-SB card.
[21:42:15] [info] menu slide-in fixed-timestep: ENABLED (default; slide advances at 50 Hz logic rate)
[21:42:15] [info] Reading npc.tbl...
[21:42:15] [info] Loading tilekey.dat.
[21:42:15] [info] Script engine init.
[21:42:15] [info] Entering main loop...
[21:42:15] [info] audio mid-gap pump: DISABLED (default)
[21:42:15] [info] TAS fixed-timestep guard: ENABLED (default) (patch 0280; load_stage wall-clock kept out of the FT accumulator so TAS replay advances at a true 50 Hz; set SDL_HINT_DOSKUTSU_TAS_FT_GUARD=0 to disable)
[21:42:15] [info] load_stage ring+DMA silence flush: ENABLED (default) (set SDL_HINT_DOSKUTSU_LOADSTAGE_SILENCE=0 to disable)
[21:42:15] [info] load-band audio-underrun probe: DISABLED (default) (opt-in SDL_HINT_DOSKUTSU_LOADBAND_STAT=1)
[21:42:15] [info]  >> Entering stage 72: 'u'.
[21:42:15] [info] skip sheet flush: ENABLED (default) (SFXPAUSE-012 SHIPPED FIX; sprite sheets stay resident across caves so no per-cave re-decode -> no fire-frame pause; map_flush_graphics tilemap cache still flushes; set SDL_HINT_DOSKUTSU_SKIP_SHEET_FLUSH=0 to restore the old per-cave flush)
[21:42:15] [info] [skip-sheet-flush] cave=1
[21:42:15] [info] eager action sheets: ENABLED (default) (first-fire hitch fix: pre-loads the weapon bullet + hit/muzzle/trail caret sheets at stage load so the first fire/impact does not lazy-decode mid-gameplay; set SDL_HINT_DOSKUTSU_EAGER_ACTION_SHEETS=0 to restore lazy load)
[21:42:15] [info] Surface::loadImage palmap-diag #2: 'data/Bullet.pbm' fmt=SDL_PIXELFORMAT_ABGR8888 remap=HIT -> path=truecolor
[21:42:15] [info] Surface::loadImage palmap-diag #3: 'data/Arms.pbm' fmt=SDL_PIXELFORMAT_ABGR8888 remap=HIT -> path=truecolor
[21:42:16] [info] Surface::loadImage palmap-diag #4: 'data/Caret.pbm' fmt=SDL_PIXELFORMAT_ABGR8888 remap=HIT -> path=truecolor
[21:42:16] [info] Surface::loadImage palmap-diag #5: 'data/Npc/NpcSym.pbm' fmt=SDL_PIXELFORMAT_ABGR8888 remap=HIT -> path=truecolor
[21:42:16] [info] [eager-action-sheets] cave=1 sheets=4 wall_ms=885
[21:42:16] [info] Surface::loadImage palmap-diag #6: 'data/Stage/PrtWhite.pbm' fmt=SDL_PIXELFORMAT_ABGR8888 remap=HIT -> path=truecolor
[21:42:17] [info] load_stage: entry-music preload ENABLED (default) (set SDL_HINT_DOSKUTSU_PRELOAD_STAGE_MUSIC=0 to disable)
[21:42:17] [info] Surface::loadImage palmap-diag #7: 'data/bk0.pbm' fmt=SDL_PIXELFORMAT_ABGR8888 remap=HIT -> path=truecolor
[21:42:17] [info] gameloop: entered (curmap=72, running=1)
[21:42:17] [info] gameloop: iter 1 ticks=6034 mapno=-1
[21:42:17] [info] fixed-timestep: ENABLED (default; logic 50 Hz, decoupled from render)
[21:42:17] [info] map: BG skip-when-unchanged DISABLED (default) (set SDL_HINT_DOSKUTSU_BG_SKIP_WHEN_UNCHANGED=1 to enable; default OFF since wave-61 -- abandoned, it shipped a backdrop-black flicker and its +0.87 fps was below the noise floor)
[21:42:17] [info] map: skip-redundant-clear lever ENABLED (default since wave-53 promotion)
[21:42:17] [info] perf-mode: level=0 (faithful (default))
[21:42:17] [info] Surface::loadImage palmap-diag #8: 'data/Npc/NpcKings.pbm' fmt=SDL_PIXELFORMAT_ABGR8888 remap=HIT -> path=truecolor
[21:42:17] [info] audio tick-boundary pump: DISABLED (default)
[21:42:17] [info] gameloop: iter 2 ticks=6338 mapno=-1
[21:42:17] [info] gameloop: iter 3 ticks=6377 mapno=-1
[21:42:17] [info] direct-vesa: snapshot @gen=2 use_dosmemput=0 banked_multibank=0 pitches_match=1 vram_w=320 vram_h=240 vram_pitch=320 bpp=1 fb_size=76800 vram_phys=0x78000000 vram_ptr=0x77c00000
[21:42:17] [info] flip-probe: flip #10 ok=true present=3ms inter_flip_ms=20 drawcalls-since-flip=6 drawcalls-total=43 fail-total=0 null-skips-total=0
[21:42:17] [info] flip-probe: flip #20 ok=true present=3ms inter_flip_ms=20 drawcalls-since-flip=4 drawcalls-total=92 fail-total=0 null-skips-total=0
[21:42:18] [info] flip-probe: flip #30 ok=true present=2ms inter_flip_ms=38 drawcalls-since-flip=326 drawcalls-total=2707 fail-total=0 null-skips-total=0
[21:42:18] [info] flip-probe: flip #40 ok=true present=3ms inter_flip_ms=32 drawcalls-since-flip=264 drawcalls-total=5837 fail-total=0 null-skips-total=0
[21:42:18] [info] flip-probe: flip #50 ok=true present=3ms inter_flip_ms=21 drawcalls-since-flip=67 drawcalls-total=7392 fail-total=0 null-skips-total=0
[21:42:19] [info] flip-probe: flip #60 ok=true present=2ms inter_flip_ms=20 drawcalls-since-flip=4 drawcalls-total=7502 fail-total=0 null-skips-total=0
[21:42:19] [info] gameloop: iter 600 ticks=8047 mapno=-1
[21:42:19] [info] flip-probe: flip #70 ok=true present=3ms inter_flip_ms=20 drawcalls-since-flip=6 drawcalls-total=7557 fail-total=0 null-skips-total=0
[21:42:19] [info] gameloop: iter 1200 ticks=8257 mapno=-1
[21:42:19] [info] flip-probe: flip #80 ok=true present=3ms inter_flip_ms=19 drawcalls-since-flip=0 drawcalls-total=7586 fail-total=0 null-skips-total=0
[21:42:19] [info] gameloop: iter 1800 ticks=8563 mapno=-1
[21:42:19] [info] flip-probe: flip #90 ok=true present=3ms inter_flip_ms=19 drawcalls-since-flip=0 drawcalls-total=7586 fail-total=0 null-skips-total=0
[21:42:19] [info] title: eager-title-IO phase tag ENABLED (default) (set SDL_HINT_DOSKUTSU_EAGER_TITLE_IO=0 to disable)
[21:42:19] [info] [music-dispatch] tick=95 song=24 (prev 0)
[21:42:20] [info] MidiScheduler::load: parsed 'data/orgmid2/curly.mid' = 11294 events at 48 PPQ
[21:42:20] [info] opl2 backend: on_song_start
[21:42:20] [info] gameloop: entered (curmap=1005, running=1)
[21:42:20] [info] gameloop: iter 1 ticks=9290 mapno=-1
[21:42:20] [info] map: backdrop cache ENABLED (default) (set SDL_HINT_DOSKUTSU_BACKDROP_CACHE=0 to disable)
[21:42:20] [info] gameloop: iter 2 ticks=9817 mapno=-1
[21:42:20] [info] gameloop: iter 3 ticks=9849 mapno=-1
[21:42:20] [info] backdrop cache: thrashing-detect engaged (streak=4, route=direct)
[21:42:21] [info] flip-probe: flip #100 ok=true present=3ms inter_flip_ms=26 drawcalls-since-flip=75 drawcalls-total=7886 fail-total=0 null-skips-total=0
[21:42:21] [info] alpha audit block 0: 7798 total drawcalls, 0 with alpha<255 (block pct_x10=0; global 0/7798 pct_x10=0); alpha-mod skipped: block=0 global=0
[21:42:21] [info] fastpath audit block 0: taken=7798 (idx8=7798) skipped=0 pct_x10=1000; global taken=7798 (idx8=7798) skipped=0 pct_x10=1000
[21:42:21] [info] primitive tally block 0: clear=220(hr=220) fill=0(hr=0) rect=0(hr=0) line=0(hr=0) tint=0 spotlight=0 (over 100 flips ending at flip 100)
[21:42:21] [info] color/alpha audit block 0: cmod_white=104 cmod_black=0 (idx=0) cmod_general=84 (idx=84) cmod_fb=0; alpha_taken=0 alpha_skipped=0 (global cmod=104/0/84/0 idx=0/84 alpha=0/0)
[21:42:21] [info] phase timing block 0: drawcalls=8209 dc_total_ms=896 flip_inner_total_ms=467 inter_flip_total_ms=6517 (per-flip avg x10: dc_ms=89 fi_ms=46 if_ms=651 derived audio+engine_ms=516; per-drawcall avg us_x10=1091) [direct-vesa: presents=97 total_ms=271 avg_ms_x10=27 failed=0] [ablation: NO_DC_TIMING=0 CACHE_WINSURF=0 DIRECT_VESA=1]
[21:42:21] [info] kbd/audio block 0: kbd_irq=0 kbd_drain=0 ring_chunks=16 pump_pass=99 pic1_mask=0xb8 first_irq_ticks=0 install_ticks=0 vector_at_install=0x0084e3c0 pic1_mask_live=0xb8 kbd_8042_stat=0x34 bios_kbd_head=0x0034 bios_kbd_tail=0x0038 bios_kbd_buf0=0x1e61
[21:42:21] [info] audio/engine split block 0: audio_mixer_calls=0 audio_mixer_ms_x10=0 engine_tick_calls=99 engine_tick_ms_x10=307 audio_service_calls=0 audio_service_ms_x10=0 (per-flip avg; per-call us_x10: audio_mix=0 engine_tick=310803 audio_service=0; global ns: audio_mix=0 engine_tick=3076959053 audio_service=0)
[21:42:21] [info] pixtone multi-source probe: DISABLED (default)
[21:42:21] [info] dirty-rect block @flip=100: total_calls=0 dirty_rects_avg=0 dirty_pct_x10=990 forced_full=0 first_n_force=3 threshold_exceeded=2 dirty_path_taken=0 full_flush_taken=3
[21:42:21] [info] prev-frame-diff block @flip=100: diff_calls=0 diff_rects_avg=0 diff_dirty_pct_x10=0 bbox_pct_x10=0 bbox_thresh_exceeded=0
[21:42:21] [info] flip-probe: flip #110 ok=true present=3ms inter_flip_ms=21 drawcalls-since-flip=75 drawcalls-total=8636 fail-total=0 null-skips-total=0
[21:42:21] [info] flip-probe: flip #120 ok=true present=2ms inter_flip_ms=22 drawcalls-since-flip=75 drawcalls-total=9386 fail-total=0 null-skips-total=0
[21:42:21] [info] flip-probe: flip #130 ok=true present=3ms inter_flip_ms=20 drawcalls-since-flip=0 drawcalls-total=9986 fail-total=0 null-skips-total=0
[21:42:21] [info] Loading profile from profile.dat
[21:42:21] [error] profile_load: unable to open 'profile.dat'
[21:42:21] [info] Loading profile from profile2.dat
[21:42:21] [error] profile_load: unable to open 'profile2.dat'
[21:42:21] [info] Loading profile from profile3.dat
[21:42:21] [info] Loading profile from profile4.dat
[21:42:21] [error] profile_load: unable to open 'profile4.dat'
[21:42:21] [info] Loading profile from profile5.dat
[21:42:22] [info] flip-probe: flip #140 ok=true present=3ms inter_flip_ms=29 drawcalls-since-flip=210 drawcalls-total=10826 fail-total=0 null-skips-total=0
[21:42:22] [info] flip-probe: flip #150 ok=true present=3ms inter_flip_ms=29 drawcalls-since-flip=210 drawcalls-total=12926 fail-total=0 null-skips-total=0
[21:42:22] [info] Writing settings...
[21:42:22] [info] flip-probe: flip #160 ok=true present=3ms inter_flip_ms=20 drawcalls-since-flip=0 drawcalls-total=13774 fail-total=0 null-skips-total=0
[21:42:22] [info] gameloop: iter 600 ticks=11671 mapno=-1
[21:42:22] [info] flip-probe: flip #170 ok=true present=3ms inter_flip_ms=20 drawcalls-since-flip=0 drawcalls-total=13774 fail-total=0 null-skips-total=0
[21:42:22] [info] [music-dispatch] tick=175 song=0 (prev 24)
[21:42:22] [info] opl2 backend: on_song_stop
[21:42:22] [info] Loading profile from profile5.dat
[21:42:23] [info]  >> Entering stage 20: 'Save Point'.
[21:42:23] [info] [skip-sheet-flush] cave=2
[21:42:23] [info] [music-dispatch] tick=175 song=8 (prev 0)
[21:42:23] [info] MidiScheduler::load: parsed 'data/orgmid2/vivi.mid' = 4558 events at 48 PPQ
[21:42:23] [info] opl2 backend: on_song_start
[21:42:23] [info] gameloop: entered (curmap=20, running=1)
[21:42:23] [info] gameloop: iter 1 ticks=12605 mapno=-1
[21:42:23] [info] TAS stall discount: ENABLED (default) (patch 0286; a replay frame over 150 ms is a load, not slow rendering, so it contributes 1 tick instead of its wall-clock; set SDL_HINT_DOSKUTSU_TAS_STALL_DISCOUNT=0 to disable)
[21:42:23] [info] TAS accumulator clamp: DISABLED (default) (patch 0281; caps the FT accumulator delta at one tick during TAS so a stalled frame cannot race the replay index; set SDL_HINT_DOSKUTSU_TAS_FT_GUARD=0 to disable)
[21:42:23] [info] gameloop: iter 2 ticks=12641 mapno=-1
[21:42:23] [info] gameloop: iter 3 ticks=12665 mapno=-1
[21:42:23] [info] flip-probe: flip #180 ok=true present=3ms inter_flip_ms=19 drawcalls-since-flip=16 drawcalls-total=13896 fail-total=0 null-skips-total=0
[21:42:23] [info] flip-probe: flip #190 ok=true present=3ms inter_flip_ms=19 drawcalls-since-flip=16 drawcalls-total=14056 fail-total=0 null-skips-total=0
[21:42:24] [info] flip-probe: flip #200 ok=true present=2ms inter_flip_ms=19 drawcalls-since-flip=16 drawcalls-total=14216 fail-total=0 null-skips-total=0
[21:42:24] [info] alpha audit block 0: 5693 total drawcalls, 0 with alpha<255 (block pct_x10=0; global 0/13491 pct_x10=0); alpha-mod skipped: block=0 global=0
[21:42:24] [info] fastpath audit block 0: taken=5693 (idx8=5693) skipped=0 pct_x10=1000; global taken=13491 (idx8=13491) skipped=0 pct_x10=1000
[21:42:24] [info] primitive tally block 0: clear=201(hr=201) fill=0(hr=0) rect=0(hr=0) line=0(hr=0) tint=0 spotlight=0 (over 100 flips ending at flip 200)
[21:42:24] [info] color/alpha audit block 0: cmod_white=1402 cmod_black=0 (idx=0) cmod_general=609 (idx=609) cmod_fb=0; alpha_taken=0 alpha_skipped=0 (global cmod=1506/0/693/0 idx=0/693 alpha=0/0)
[21:42:24] [info] phase timing block 0: drawcalls=7905 dc_total_ms=852 flip_inner_total_ms=376 inter_flip_total_ms=3194 (per-flip avg x10: dc_ms=85 fi_ms=37 if_ms=319 derived audio+engine_ms=197; per-drawcall avg us_x10=1078) [direct-vesa: presents=100 total_ms=274 avg_ms_x10=27 failed=0] [ablation: NO_DC_TIMING=0 CACHE_WINSURF=0 DIRECT_VESA=1]
[21:42:24] [info] kbd/audio block 0: kbd_irq=0 kbd_drain=0 ring_chunks=16 pump_pass=198 pic1_mask=0xb8 first_irq_ticks=0 install_ticks=0 vector_at_install=0x0084e3c0 pic1_mask_live=0xb8 kbd_8042_stat=0x34 bios_kbd_head=0x0034 bios_kbd_tail=0x0038 bios_kbd_buf0=0x1e61
[21:42:24] [info] audio/engine split block 0: audio_mixer_calls=0 audio_mixer_ms_x10=0 engine_tick_calls=76 engine_tick_ms_x10=128 audio_service_calls=0 audio_service_ms_x10=0 (per-flip avg; per-call us_x10: audio_mix=0 engine_tick=168846 audio_service=0; global ns: audio_mix=0 engine_tick=4360188743 audio_service=0)
[21:42:24] [info] dirty-rect block @flip=200: total_calls=0 dirty_rects_avg=1 dirty_pct_x10=1000 forced_full=0 first_n_force=0 threshold_exceeded=0 dirty_path_taken=0 full_flush_taken=0
[21:42:24] [info] prev-frame-diff block @flip=200: diff_calls=0 diff_rects_avg=0 diff_dirty_pct_x10=0 bbox_pct_x10=0 bbox_thresh_exceeded=0
[21:42:24] [info] flip-probe: flip #210 ok=true present=2ms inter_flip_ms=19 drawcalls-since-flip=16 drawcalls-total=14376 fail-total=0 null-skips-total=0
[21:42:24] [info] flip-probe: flip #220 ok=true present=2ms inter_flip_ms=19 drawcalls-since-flip=16 drawcalls-total=14536 fail-total=0 null-skips-total=0
[21:42:24] [info] flip-probe: flip #230 ok=true present=3ms inter_flip_ms=19 drawcalls-since-flip=16 drawcalls-total=14696 fail-total=0 null-skips-total=0
[21:42:25] [info] flip-probe: flip #240 ok=true present=3ms inter_flip_ms=19 drawcalls-since-flip=16 drawcalls-total=14856 fail-total=0 null-skips-total=0
[21:42:25] [info] flip-probe: flip #250 ok=true present=3ms inter_flip_ms=19 drawcalls-since-flip=16 drawcalls-total=15016 fail-total=0 null-skips-total=0
[21:42:25] [info] flip-probe: flip #260 ok=true present=3ms inter_flip_ms=17 drawcalls-since-flip=16 drawcalls-total=15176 fail-total=0 null-skips-total=0
[21:42:25] [info] flip-probe: flip #270 ok=true present=3ms inter_flip_ms=27 drawcalls-since-flip=182 drawcalls-total=15758 fail-total=0 null-skips-total=0
[21:42:26] [info] flip-probe: flip #280 ok=true present=3ms inter_flip_ms=40 drawcalls-since-flip=358 drawcalls-total=19022 fail-total=0 null-skips-total=0
[21:42:26] [info]  >> Entering stage 11: 'Mimiga Village'.
[21:42:26] [info] [skip-sheet-flush] cave=3
[21:42:26] [info] [load-stage] preloading entry music song=9 (cave=3)
[21:42:26] [info] [music-dispatch] tick=296 song=9 (prev 8)
[21:42:26] [info] opl2 backend: on_song_stop
[21:42:26] [info] MidiScheduler::load: parsed 'data/orgmid2/mura.mid' = 2863 events at 48 PPQ
[21:42:26] [info] opl2 backend: on_song_start
[21:42:26] [info] gameloop: entered (curmap=11, running=1)
[21:42:26] [info] gameloop: iter 1 ticks=15773 mapno=-1
[21:42:26] [info] map: mds_clear LUT ENABLED (default) (set SDL_HINT_DOSKUTSU_MDS_CLEAR_LUT=0 to disable; default ON; patch 0144 wave-49 bandwidth lever)
[21:42:26] [info] mds-clear-lut: rebuilt N=240 entries (k_skip=0% k_keep=100%; curmap=11 map_size=60x60; rebuild #1 since boot)
[21:42:26] [info] backdrop thrash full-cover ENABLED (default) (set SDL_HINT_DOSKUTSU_THRASH_FULLCOVER=0 to disable)
[21:42:26] [info] [bd-diag] backdrop render-path diag disabled (default) (set SDL_HINT_DOSKUTSU_BACKDROP_DIAG=1 to enable)
[21:42:26] [info] gameloop: iter 2 ticks=15863 mapno=-1
[21:42:27] [info] gameloop: iter 3 ticks=15928 mapno=-1
[21:42:27] [info] flip-probe: flip #290 ok=true present=3ms inter_flip_ms=56 drawcalls-since-flip=373 drawcalls-total=22400 fail-total=0 null-skips-total=0
[21:42:27] [info] backdrop cache: thrashing-detect engaged (streak=4, route=direct)
[21:42:27] [info] flip-probe: flip #300 ok=true present=3ms inter_flip_ms=31 drawcalls-since-flip=33 drawcalls-total=23546 fail-total=0 null-skips-total=0
[21:42:27] [info] alpha audit block 0: 9106 total drawcalls, 0 with alpha<255 (block pct_x10=0; global 0/22597 pct_x10=0); alpha-mod skipped: block=0 global=0
[21:42:27] [info] fastpath audit block 0: taken=9106 (idx8=9106) skipped=0 pct_x10=1000; global taken=22597 (idx8=22597) skipped=0 pct_x10=1000
[21:42:27] [info] primitive tally block 0: clear=201(hr=201) fill=0(hr=0) rect=0(hr=0) line=0(hr=0) tint=0 spotlight=0 (over 100 flips ending at flip 300)
[21:42:27] [info] color/alpha audit block 0: cmod_white=208 cmod_black=208 (idx=208) cmod_general=0 (idx=0) cmod_fb=0; alpha_taken=0 alpha_skipped=0 (global cmod=1714/208/693/0 idx=208/693 alpha=0/0)
[21:42:27] [info] phase timing block 0: drawcalls=9729 dc_total_ms=819 flip_inner_total_ms=373 inter_flip_total_ms=3414 (per-flip avg x10: dc_ms=81 fi_ms=37 if_ms=341 derived audio+engine_ms=223; per-drawcall avg us_x10=842) [direct-vesa: presents=100 total_ms=273 avg_ms_x10=27 failed=0] [ablation: NO_DC_TIMING=0 CACHE_WINSURF=0 DIRECT_VESA=1]
[21:42:27] [info] kbd/audio block 0: kbd_irq=0 kbd_drain=0 ring_chunks=16 pump_pass=332 pic1_mask=0xb8 first_irq_ticks=0 install_ticks=0 vector_at_install=0x0084e3c0 pic1_mask_live=0xb8 kbd_8042_stat=0x34 bios_kbd_head=0x0034 bios_kbd_tail=0x0038 bios_kbd_buf0=0x1e61
[21:42:27] [info] [tile-speedup-stat n=100 drawtile_us=48.23 raw_blit_us=48.11 ratio=1.00]
[21:42:27] [info] dirty-rect block @flip=300: total_calls=100 dirty_rects_avg=1 dirty_pct_x10=1000 forced_full=0 first_n_force=0 threshold_exceeded=0 dirty_path_taken=0 full_flush_taken=0
[21:42:27] [info] prev-frame-diff block @flip=300: diff_calls=0 diff_rects_avg=0 diff_dirty_pct_x10=0 bbox_pct_x10=0 bbox_thresh_exceeded=0
[21:42:27] [info] flip-probe: flip #310 ok=true present=3ms inter_flip_ms=30 drawcalls-since-flip=43 drawcalls-total=24082 fail-total=0 null-skips-total=0
[21:42:28] [info] backdrop cache: thrashing-detect engaged (streak=4, route=direct)
[21:42:28] [info] flip-probe: flip #320 ok=true present=3ms inter_flip_ms=30 drawcalls-since-flip=46 drawcalls-total=24534 fail-total=0 null-skips-total=0
[21:42:28] [info] flip-probe: flip #330 ok=true present=2ms inter_flip_ms=32 drawcalls-since-flip=43 drawcalls-total=24984 fail-total=0 null-skips-total=0
[21:42:28] [info] flip-probe: flip #340 ok=true present=3ms inter_flip_ms=31 drawcalls-since-flip=42 drawcalls-total=25408 fail-total=0 null-skips-total=0
[21:42:29] [info] flip-probe: flip #350 ok=true present=2ms inter_flip_ms=28 drawcalls-since-flip=42 drawcalls-total=25828 fail-total=0 null-skips-total=0
[21:42:29] [info] flip-probe: flip #360 ok=true present=3ms inter_flip_ms=32 drawcalls-since-flip=42 drawcalls-total=26248 fail-total=0 null-skips-total=0
[21:42:29] [info] flip-probe: flip #370 ok=true present=3ms inter_flip_ms=30 drawcalls-since-flip=42 drawcalls-total=26668 fail-total=0 null-skips-total=0
[21:42:30] [info] backdrop cache: thrashing-detect engaged (streak=64, route=direct)
[21:42:30] [info] flip-probe: flip #380 ok=true present=3ms inter_flip_ms=31 drawcalls-since-flip=42 drawcalls-total=27088 fail-total=0 null-skips-total=0
[21:42:30] [info] flip-probe: flip #390 ok=true present=3ms inter_flip_ms=29 drawcalls-since-flip=42 drawcalls-total=27508 fail-total=0 null-skips-total=0
[21:42:30] [info] flip-probe: flip #400 ok=true present=3ms inter_flip_ms=27 drawcalls-since-flip=42 drawcalls-total=27928 fail-total=0 null-skips-total=0
[21:42:30] [info] alpha audit block 0: 2982 total drawcalls, 0 with alpha<255 (block pct_x10=0; global 0/25579 pct_x10=0); alpha-mod skipped: block=0 global=0
[21:42:30] [info] fastpath audit block 0: taken=2982 (idx8=2982) skipped=0 pct_x10=1000; global taken=25579 (idx8=25579) skipped=0 pct_x10=1000
[21:42:30] [info] primitive tally block 0: clear=200(hr=200) fill=0(hr=0) rect=0(hr=0) line=0(hr=0) tint=0 spotlight=0 (over 100 flips ending at flip 400)
[21:42:30] [info] color/alpha audit block 0: cmod_white=1300 cmod_black=1300 (idx=1300) cmod_general=0 (idx=0) cmod_fb=0; alpha_taken=0 alpha_skipped=0 (global cmod=3014/1508/693/0 idx=1508/693 alpha=0/0)
[21:42:30] [info] phase timing block 0: drawcalls=5786 dc_total_ms=606 flip_inner_total_ms=374 inter_flip_total_ms=3188 (per-flip avg x10: dc_ms=60 fi_ms=37 if_ms=318 derived audio+engine_ms=221; per-drawcall avg us_x10=1047) [direct-vesa: presents=100 total_ms=274 avg_ms_x10=27 failed=0] [ablation: NO_DC_TIMING=0 CACHE_WINSURF=0 DIRECT_VESA=1]
[21:42:30] [info] kbd/audio block 0: kbd_irq=0 kbd_drain=0 ring_chunks=16 pump_pass=491 pic1_mask=0xb8 first_irq_ticks=0 install_ticks=0 vector_at_install=0x0084e3c0 pic1_mask_live=0xb8 kbd_8042_stat=0x34 bios_kbd_head=0x0034 bios_kbd_tail=0x0038 bios_kbd_buf0=0x1e61
[21:42:30] [info] dirty-rect block @flip=400: total_calls=0 dirty_rects_avg=1 dirty_pct_x10=1000 forced_full=0 first_n_force=0 threshold_exceeded=0 dirty_path_taken=0 full_flush_taken=0
[21:42:30] [info] prev-frame-diff block @flip=400: diff_calls=0 diff_rects_avg=0 diff_dirty_pct_x10=0 bbox_pct_x10=0 bbox_thresh_exceeded=0
[21:42:31] [info] flip-probe: flip #410 ok=true present=3ms inter_flip_ms=25 drawcalls-since-flip=17 drawcalls-total=28201 fail-total=0 null-skips-total=0
[21:42:31] [info] flip-probe: flip #420 ok=true present=3ms inter_flip_ms=29 drawcalls-since-flip=17 drawcalls-total=28371 fail-total=0 null-skips-total=0
[21:42:31] [info] flip-probe: flip #430 ok=true present=3ms inter_flip_ms=29 drawcalls-since-flip=17 drawcalls-total=28541 fail-total=0 null-skips-total=0
[21:42:31] [info] backdrop cache: thrashing-detect engaged (streak=124, route=direct)
[21:42:32] [info] flip-probe: flip #440 ok=true present=3ms inter_flip_ms=29 drawcalls-since-flip=18 drawcalls-total=28714 fail-total=0 null-skips-total=0
[21:42:32] [info] flip-probe: flip #450 ok=true present=3ms inter_flip_ms=27 drawcalls-since-flip=18 drawcalls-total=28900 fail-total=0 null-skips-total=0
[21:42:32] [info] flip-probe: flip #460 ok=true present=2ms inter_flip_ms=29 drawcalls-since-flip=16 drawcalls-total=29066 fail-total=0 null-skips-total=0
[21:42:32] [info] flip-probe: flip #470 ok=true present=3ms inter_flip_ms=29 drawcalls-since-flip=15 drawcalls-total=29226 fail-total=0 null-skips-total=0
[21:42:32] [info] run_tick_fixed #600: heartbeat (loop alive)
[21:42:33] [info] flip-probe: flip #480 ok=true present=2ms inter_flip_ms=26 drawcalls-since-flip=17 drawcalls-total=29391 fail-total=0 null-skips-total=0
[21:42:33] [info] flip-probe: flip #490 ok=true present=3ms inter_flip_ms=28 drawcalls-since-flip=15 drawcalls-total=29558 fail-total=0 null-skips-total=0
[21:42:33] [info] backdrop cache: thrashing-detect engaged (streak=184, route=direct)
[21:42:33] [info] flip-probe: flip #500 ok=true present=3ms inter_flip_ms=30 drawcalls-since-flip=14 drawcalls-total=29701 fail-total=0 null-skips-total=0
[21:42:33] [info] alpha audit block 0: 1621 total drawcalls, 0 with alpha<255 (block pct_x10=0; global 0/27200 pct_x10=0); alpha-mod skipped: block=0 global=0
[21:42:33] [info] fastpath audit block 0: taken=1621 (idx8=1621) skipped=0 pct_x10=1000; global taken=27200 (idx8=27200) skipped=0 pct_x10=1000
[21:42:33] [info] primitive tally block 0: clear=200(hr=200) fill=0(hr=0) rect=0(hr=0) line=0(hr=0) tint=0 spotlight=0 (over 100 flips ending at flip 500)
[21:42:33] [info] color/alpha audit block 0: cmod_white=52 cmod_black=52 (idx=52) cmod_general=0 (idx=0) cmod_fb=0; alpha_taken=0 alpha_skipped=0 (global cmod=3066/1560/693/0 idx=1560/693 alpha=0/0)
[21:42:33] [info] phase timing block 0: drawcalls=1925 dc_total_ms=477 flip_inner_total_ms=369 inter_flip_total_ms=2905 (per-flip avg x10: dc_ms=47 fi_ms=36 if_ms=290 derived audio+engine_ms=207; per-drawcall avg us_x10=2478) [direct-vesa: presents=100 total_ms=274 avg_ms_x10=27 failed=0] [ablation: NO_DC_TIMING=0 CACHE_WINSURF=0 DIRECT_VESA=1]
[21:42:33] [info] kbd/audio block 0: kbd_irq=0 kbd_drain=0 ring_chunks=16 pump_pass=637 pic1_mask=0xb8 first_irq_ticks=0 install_ticks=0 vector_at_install=0x0084e3c0 pic1_mask_live=0xb8 kbd_8042_stat=0x34 bios_kbd_head=0x0034 bios_kbd_tail=0x0038 bios_kbd_buf0=0x1e61
[21:42:33] [info] dirty-rect block @flip=500: total_calls=0 dirty_rects_avg=1 dirty_pct_x10=1000 forced_full=0 first_n_force=0 threshold_exceeded=0 dirty_path_taken=0 full_flush_taken=0
[21:42:33] [info] prev-frame-diff block @flip=500: diff_calls=0 diff_rects_avg=0 diff_dirty_pct_x10=0 bbox_pct_x10=0 bbox_thresh_exceeded=0
[21:42:34] [info] flip-probe: flip #510 ok=true present=3ms inter_flip_ms=32 drawcalls-since-flip=17 drawcalls-total=29860 fail-total=0 null-skips-total=0
[21:42:34] [info] flip-probe: flip #520 ok=true present=3ms inter_flip_ms=27 drawcalls-since-flip=17 drawcalls-total=30031 fail-total=0 null-skips-total=0
[21:42:34] [info] flip-probe: flip #530 ok=true present=2ms inter_flip_ms=28 drawcalls-since-flip=14 drawcalls-total=30179 fail-total=0 null-skips-total=0
[21:42:34] [info] flip-probe: flip #540 ok=true present=3ms inter_flip_ms=31 drawcalls-since-flip=14 drawcalls-total=30319 fail-total=0 null-skips-total=0
[21:42:35] [info] flip-probe: flip #550 ok=true present=3ms inter_flip_ms=30 drawcalls-since-flip=14 drawcalls-total=30459 fail-total=0 null-skips-total=0
[21:42:35] [info] backdrop cache: thrashing-detect engaged (streak=244, route=direct)
[21:42:35] [info] flip-probe: flip #560 ok=true present=3ms inter_flip_ms=49 drawcalls-since-flip=319 drawcalls-total=32304 fail-total=0 null-skips-total=0
[21:42:35] [info]  >> Entering stage 17: 'Yamashita Farm'.
[21:42:35] [info] [skip-sheet-flush] cave=4
[21:42:36] [info] [load-stage] preloading entry music song=13 (cave=4)
[21:42:36] [info] [music-dispatch] tick=751 song=13 (prev 9)
[21:42:36] [info] opl2 backend: on_song_stop
[21:42:36] [info] MidiScheduler::load: parsed 'data/orgmid2/plant.mid' = 3000 events at 48 PPQ
[21:42:36] [info] opl2 backend: on_song_start
[21:42:36] [info] gameloop: entered (curmap=17, running=1)
[21:42:36] [info] gameloop: iter 1 ticks=25362 mapno=-1
[21:42:36] [info] mds-clear-lut: rebuilt N=240 entries (k_skip=33% k_keep=67%; curmap=17 map_size=40x16; rebuild #2 since boot)
[21:42:36] [info] gameloop: iter 2 ticks=25527 mapno=-1
[21:42:36] [info] tas: stall frame 165 ms -> contributing 1 tick (patch 0286)
[21:42:36] [info] gameloop: iter 3 ticks=25589 mapno=-1
[21:42:36] [info] flip-probe: flip #570 ok=true present=3ms inter_flip_ms=53 drawcalls-since-flip=406 drawcalls-total=35511 fail-total=0 null-skips-total=0
[21:42:37] [info] flip-probe: flip #580 ok=true present=3ms inter_flip_ms=38 drawcalls-since-flip=177 drawcalls-total=38637 fail-total=0 null-skips-total=0
[21:42:37] [info] flip-probe: flip #590 ok=true present=3ms inter_flip_ms=34 drawcalls-since-flip=137 drawcalls-total=39964 fail-total=0 null-skips-total=0
[21:42:37] [info] flip-probe: flip #600 ok=true present=3ms inter_flip_ms=36 drawcalls-since-flip=134 drawcalls-total=41308 fail-total=0 null-skips-total=0
[21:42:37] [info] alpha audit block 0: 11065 total drawcalls, 0 with alpha<255 (block pct_x10=0; global 0/38265 pct_x10=0); alpha-mod skipped: block=0 global=0
[21:42:37] [info] fastpath audit block 0: taken=11065 (idx8=11065) skipped=0 pct_x10=1000; global taken=38265 (idx8=38265) skipped=0 pct_x10=1000
[21:42:37] [info] primitive tally block 0: clear=201(hr=201) fill=0(hr=0) rect=0(hr=0) line=0(hr=0) tint=0 spotlight=0 (over 100 flips ending at flip 600)
[21:42:37] [info] color/alpha audit block 0: cmod_white=442 cmod_black=442 (idx=442) cmod_general=0 (idx=0) cmod_fb=0; alpha_taken=0 alpha_skipped=0 (global cmod=3508/2002/693/0 idx=2002/693 alpha=0/0)
[21:42:38] [info] phase timing block 0: drawcalls=12184 dc_total_ms=986 flip_inner_total_ms=381 inter_flip_total_ms=4294 (per-flip avg x10: dc_ms=98 fi_ms=38 if_ms=429 derived audio+engine_ms=293; per-drawcall avg us_x10=809) [direct-vesa: presents=100 total_ms=274 avg_ms_x10=27 failed=0] [ablation: NO_DC_TIMING=0 CACHE_WINSURF=0 DIRECT_VESA=1]
[21:42:38] [info] kbd/audio block 0: kbd_irq=0 kbd_drain=0 ring_chunks=16 pump_pass=819 pic1_mask=0xb8 first_irq_ticks=0 install_ticks=0 vector_at_install=0x0084e3c0 pic1_mask_live=0xb8 kbd_8042_stat=0x34 bios_kbd_head=0x0034 bios_kbd_tail=0x0038 bios_kbd_buf0=0x1e61
[21:42:38] [info] dirty-rect block @flip=600: total_calls=0 dirty_rects_avg=1 dirty_pct_x10=1000 forced_full=0 first_n_force=0 threshold_exceeded=0 dirty_path_taken=0 full_flush_taken=0
[21:42:38] [info] prev-frame-diff block @flip=600: diff_calls=0 diff_rects_avg=0 diff_dirty_pct_x10=0 bbox_pct_x10=0 bbox_thresh_exceeded=0
[21:42:38] [info] flip-probe: flip #610 ok=true present=3ms inter_flip_ms=38 drawcalls-since-flip=141 drawcalls-total=42692 fail-total=0 null-skips-total=0
[21:42:38] [info] backdrop cache: thrashing-detect engaged (streak=4, route=direct)
[21:42:38] [info] flip-probe: flip #620 ok=true present=2ms inter_flip_ms=37 drawcalls-since-flip=127 drawcalls-total=44032 fail-total=0 null-skips-total=0
[21:42:39] [info] flip-probe: flip #630 ok=true present=4ms inter_flip_ms=37 drawcalls-since-flip=129 drawcalls-total=45320 fail-total=0 null-skips-total=0
[21:42:39] [info] flip-probe: flip #640 ok=true present=3ms inter_flip_ms=38 drawcalls-since-flip=134 drawcalls-total=46621 fail-total=0 null-skips-total=0
[21:42:39] [info] run_tick_fixed #900: heartbeat (loop alive)
[21:42:39] [info] flip-probe: flip #650 ok=true present=3ms inter_flip_ms=39 drawcalls-since-flip=138 drawcalls-total=47981 fail-total=0 null-skips-total=0
[21:42:40] [info] flip-probe: flip #660 ok=true present=2ms inter_flip_ms=40 drawcalls-since-flip=146 drawcalls-total=49410 fail-total=0 null-skips-total=0
[21:42:40] [info] backdrop cache: thrashing-detect engaged (streak=4, route=direct)
[21:42:40] [info] flip-probe: flip #670 ok=true present=3ms inter_flip_ms=40 drawcalls-since-flip=147 drawcalls-total=50908 fail-total=0 null-skips-total=0
[21:42:41] [info] flip-probe: flip #680 ok=true present=3ms inter_flip_ms=39 drawcalls-since-flip=140 drawcalls-total=52329 fail-total=0 null-skips-total=0
[21:42:41] [info] flip-probe: flip #690 ok=true present=3ms inter_flip_ms=34 drawcalls-since-flip=107 drawcalls-total=53585 fail-total=0 null-skips-total=0
[21:42:41] [info] flip-probe: flip #700 ok=true present=3ms inter_flip_ms=37 drawcalls-since-flip=105 drawcalls-total=54645 fail-total=0 null-skips-total=0
[21:42:41] [info] alpha audit block 0: 12119 total drawcalls, 0 with alpha<255 (block pct_x10=0; global 0/50384 pct_x10=0); alpha-mod skipped: block=0 global=0
[21:42:41] [info] fastpath audit block 0: taken=12119 (idx8=12119) skipped=0 pct_x10=1000; global taken=50384 (idx8=50384) skipped=0 pct_x10=1000
[21:42:41] [info] primitive tally block 0: clear=200(hr=200) fill=0(hr=0) rect=0(hr=0) line=0(hr=0) tint=0 spotlight=0 (over 100 flips ending at flip 700)
[21:42:41] [info] color/alpha audit block 0: cmod_white=1118 cmod_black=1118 (idx=1118) cmod_general=0 (idx=0) cmod_fb=0; alpha_taken=0 alpha_skipped=0 (global cmod=4626/3120/693/0 idx=3120/693 alpha=0/0)
[21:42:41] [info] phase timing block 0: drawcalls=14574 dc_total_ms=795 flip_inner_total_ms=373 inter_flip_total_ms=3997 (per-flip avg x10: dc_ms=79 fi_ms=37 if_ms=399 derived audio+engine_ms=283; per-drawcall avg us_x10=546) [direct-vesa: presents=100 total_ms=277 avg_ms_x10=27 failed=0] [ablation: NO_DC_TIMING=0 CACHE_WINSURF=0 DIRECT_VESA=1]
[21:42:41] [info] kbd/audio block 0: kbd_irq=0 kbd_drain=0 ring_chunks=16 pump_pass=1019 pic1_mask=0xb8 first_irq_ticks=0 install_ticks=0 vector_at_install=0x0084e3c0 pic1_mask_live=0xb8 kbd_8042_stat=0x34 bios_kbd_head=0x0034 bios_kbd_tail=0x0038 bios_kbd_buf0=0x1e61
[21:42:41] [info] dirty-rect block @flip=700: total_calls=0 dirty_rects_avg=1 dirty_pct_x10=1000 forced_full=0 first_n_force=0 threshold_exceeded=0 dirty_path_taken=0 full_flush_taken=0
[21:42:42] [info] prev-frame-diff block @flip=700: diff_calls=0 diff_rects_avg=0 diff_dirty_pct_x10=0 bbox_pct_x10=0 bbox_thresh_exceeded=0
[21:42:42] [info] flip-probe: flip #710 ok=true present=2ms inter_flip_ms=35 drawcalls-since-flip=98 drawcalls-total=55653 fail-total=0 null-skips-total=0
[21:42:42] [info] flip-probe: flip #720 ok=true present=3ms inter_flip_ms=36 drawcalls-since-flip=104 drawcalls-total=56711 fail-total=0 null-skips-total=0
[21:42:42] [info] backdrop cache: thrashing-detect engaged (streak=64, route=direct)
[21:42:43] [info] flip-probe: flip #730 ok=true present=3ms inter_flip_ms=36 drawcalls-since-flip=109 drawcalls-total=57765 fail-total=0 null-skips-total=0
[21:42:43] [info] flip-probe: flip #740 ok=true present=3ms inter_flip_ms=30 drawcalls-since-flip=105 drawcalls-total=58833 fail-total=0 null-skips-total=0
[21:42:43] [info] flip-probe: flip #750 ok=true present=2ms inter_flip_ms=36 drawcalls-since-flip=104 drawcalls-total=59857 fail-total=0 null-skips-total=0
[21:42:44] [info] tas: stall frame 257 ms -> contributing 1 tick (patch 0286)
[21:42:44] [info] flip-probe: flip #760 ok=true present=3ms inter_flip_ms=36 drawcalls-since-flip=92 drawcalls-total=60876 fail-total=0 null-skips-total=0
[21:42:44] [info] backdrop cache: thrashing-detect engaged (streak=4, route=direct)
[21:42:44] [info] flip-probe: flip #770 ok=true present=2ms inter_flip_ms=45 drawcalls-since-flip=103 drawcalls-total=61856 fail-total=0 null-skips-total=0
[21:42:45] [info] flip-probe: flip #780 ok=true present=2ms inter_flip_ms=37 drawcalls-since-flip=105 drawcalls-total=62907 fail-total=0 null-skips-total=0
[21:42:45] [info] flip-probe: flip #790 ok=true present=3ms inter_flip_ms=35 drawcalls-since-flip=107 drawcalls-total=63979 fail-total=0 null-skips-total=0
[21:42:45] [info] flip-probe: flip #800 ok=true present=2ms inter_flip_ms=37 drawcalls-since-flip=112 drawcalls-total=65092 fail-total=0 null-skips-total=0
[21:42:45] [info] alpha audit block 0: 10347 total drawcalls, 0 with alpha<255 (block pct_x10=0; global 0/60731 pct_x10=0); alpha-mod skipped: block=0 global=0
[21:42:45] [info] fastpath audit block 0: taken=10347 (idx8=10347) skipped=0 pct_x10=1000; global taken=60731 (idx8=60731) skipped=0 pct_x10=1000
[21:42:45] [info] primitive tally block 0: clear=200(hr=200) fill=0(hr=0) rect=0(hr=0) line=0(hr=0) tint=0 spotlight=0 (over 100 flips ending at flip 800)
[21:42:45] [info] phase timing block 0: drawcalls=10551 dc_total_ms=601 flip_inner_total_ms=586 inter_flip_total_ms=3871 (per-flip avg x10: dc_ms=60 fi_ms=58 if_ms=387 derived audio+engine_ms=269; per-drawcall avg us_x10=570) [direct-vesa: presents=100 total_ms=274 avg_ms_x10=27 failed=0] [ablation: NO_DC_TIMING=0 CACHE_WINSURF=0 DIRECT_VESA=1]
[21:42:45] [info] kbd/audio block 0: kbd_irq=0 kbd_drain=0 ring_chunks=16 pump_pass=1201 pic1_mask=0xb8 first_irq_ticks=0 install_ticks=0 vector_at_install=0x0084e3c0 pic1_mask_live=0xb8 kbd_8042_stat=0x34 bios_kbd_head=0x0034 bios_kbd_tail=0x0038 bios_kbd_buf0=0x1e61
[21:42:45] [info] dirty-rect block @flip=800: total_calls=0 dirty_rects_avg=1 dirty_pct_x10=1000 forced_full=0 first_n_force=0 threshold_exceeded=0 dirty_path_taken=0 full_flush_taken=0
[21:42:45] [info] prev-frame-diff block @flip=800: diff_calls=0 diff_rects_avg=0 diff_dirty_pct_x10=0 bbox_pct_x10=0 bbox_thresh_exceeded=0
[21:42:46] [info] flip-probe: flip #810 ok=true present=3ms inter_flip_ms=37 drawcalls-since-flip=110 drawcalls-total=66210 fail-total=0 null-skips-total=0
[21:42:46] [info] flip-probe: flip #820 ok=true present=3ms inter_flip_ms=32 drawcalls-since-flip=102 drawcalls-total=67264 fail-total=0 null-skips-total=0
[21:42:46] [info] backdrop cache: thrashing-detect engaged (streak=64, route=direct)
[21:42:46] [info] flip-probe: flip #830 ok=true present=3ms inter_flip_ms=41 drawcalls-since-flip=104 drawcalls-total=68282 fail-total=0 null-skips-total=0
[21:42:47] [info] flip-probe: flip #840 ok=true present=3ms inter_flip_ms=37 drawcalls-since-flip=110 drawcalls-total=69348 fail-total=0 null-skips-total=0
[21:42:47] [info] flip-probe: flip #850 ok=true present=3ms inter_flip_ms=38 drawcalls-since-flip=117 drawcalls-total=70480 fail-total=0 null-skips-total=0
[21:42:48] [info] flip-probe: flip #860 ok=true present=3ms inter_flip_ms=37 drawcalls-since-flip=110 drawcalls-total=71620 fail-total=0 null-skips-total=0
[21:42:48] [info] flip-probe: flip #870 ok=true present=2ms inter_flip_ms=35 drawcalls-since-flip=105 drawcalls-total=72706 fail-total=0 null-skips-total=0
[21:42:48] [info] flip-probe: flip #880 ok=true present=2ms inter_flip_ms=38 drawcalls-since-flip=104 drawcalls-total=73786 fail-total=0 null-skips-total=0
[21:42:49] [info] backdrop cache: thrashing-detect engaged (streak=124, route=direct)
[21:42:49] [info] flip-probe: flip #890 ok=true present=2ms inter_flip_ms=38 drawcalls-since-flip=97 drawcalls-total=74807 fail-total=0 null-skips-total=0
[21:42:49] [info] flip-probe: flip #900 ok=true present=3ms inter_flip_ms=32 drawcalls-since-flip=110 drawcalls-total=75888 fail-total=0 null-skips-total=0
[21:42:49] [info] alpha audit block 0: 10696 total drawcalls, 0 with alpha<255 (block pct_x10=0; global 0/71427 pct_x10=0); alpha-mod skipped: block=0 global=0
[21:42:49] [info] fastpath audit block 0: taken=10696 (idx8=10696) skipped=0 pct_x10=1000; global taken=71427 (idx8=71427) skipped=0 pct_x10=1000
[21:42:49] [info] primitive tally block 0: clear=200(hr=200) fill=0(hr=0) rect=0(hr=0) line=0(hr=0) tint=0 spotlight=0 (over 100 flips ending at flip 900)
[21:42:49] [info] phase timing block 0: drawcalls=10904 dc_total_ms=642 flip_inner_total_ms=367 inter_flip_total_ms=3754 (per-flip avg x10: dc_ms=64 fi_ms=36 if_ms=375 derived audio+engine_ms=275; per-drawcall avg us_x10=589) [direct-vesa: presents=100 total_ms=274 avg_ms_x10=27 failed=0] [ablation: NO_DC_TIMING=0 CACHE_WINSURF=0 DIRECT_VESA=1]
[21:42:49] [info] kbd/audio block 0: kbd_irq=0 kbd_drain=0 ring_chunks=16 pump_pass=1388 pic1_mask=0xb8 first_irq_ticks=0 install_ticks=0 vector_at_install=0x0084e3c0 pic1_mask_live=0xb8 kbd_8042_stat=0x34 bios_kbd_head=0x0034 bios_kbd_tail=0x0038 bios_kbd_buf0=0x1e61
[21:42:49] [info] dirty-rect block @flip=900: total_calls=0 dirty_rects_avg=1 dirty_pct_x10=1000 forced_full=0 first_n_force=0 threshold_exceeded=0 dirty_path_taken=0 full_flush_taken=0
[21:42:49] [info] prev-frame-diff block @flip=900: diff_calls=0 diff_rects_avg=0 diff_dirty_pct_x10=0 bbox_pct_x10=0 bbox_thresh_exceeded=0
[21:42:50] [info] flip-probe: flip #910 ok=true present=3ms inter_flip_ms=36 drawcalls-since-flip=114 drawcalls-total=76999 fail-total=0 null-skips-total=0
[21:42:50] [info] flip-probe: flip #920 ok=true present=2ms inter_flip_ms=38 drawcalls-since-flip=115 drawcalls-total=78126 fail-total=0 null-skips-total=0
[21:42:50] [info] flip-probe: flip #930 ok=true present=2ms inter_flip_ms=37 drawcalls-since-flip=115 drawcalls-total=79267 fail-total=0 null-skips-total=0
[21:42:51] [info] flip-probe: flip #940 ok=true present=2ms inter_flip_ms=37 drawcalls-since-flip=119 drawcalls-total=80449 fail-total=0 null-skips-total=0
[21:42:51] [info] flip-probe: flip #950 ok=true present=3ms inter_flip_ms=37 drawcalls-since-flip=121 drawcalls-total=81656 fail-total=0 null-skips-total=0
[21:42:51] [info] flip-probe: flip #960 ok=true present=3ms inter_flip_ms=49 drawcalls-since-flip=364 drawcalls-total=83795 fail-total=0 null-skips-total=0
[21:42:52] [info]  >> Entering stage 11: 'Mimiga Village'.
[21:42:52] [info] [skip-sheet-flush] cave=5
[21:42:52] [info] [load-stage] preloading entry music song=9 (cave=5)
[21:42:52] [info] [music-dispatch] tick=1523 song=9 (prev 13)
[21:42:52] [info] opl2 backend: on_song_stop
[21:42:52] [info] MidiScheduler::load: parsed 'data/orgmid2/mura.mid' = 2863 events at 48 PPQ
[21:42:52] [info] opl2 backend: on_song_start
[21:42:52] [info] gameloop: entered (curmap=11, running=1)
[21:42:52] [info] gameloop: iter 1 ticks=41696 mapno=-1
[21:42:52] [info] mds-clear-lut: rebuilt N=240 entries (k_skip=0% k_keep=100%; curmap=11 map_size=60x60; rebuild #3 since boot)
[21:42:52] [info] gameloop: iter 2 ticks=41765 mapno=-1
[21:42:52] [info] flip-probe: flip #970 ok=true present=3ms inter_flip_ms=67 drawcalls-since-flip=345 drawcalls-total=87441 fail-total=0 null-skips-total=0
[21:42:52] [info] gameloop: iter 3 ticks=41837 mapno=-1
[21:42:53] [info] backdrop cache: thrashing-detect engaged (streak=4, route=direct)
[21:42:53] [info] flip-probe: flip #980 ok=true present=3ms inter_flip_ms=36 drawcalls-since-flip=120 drawcalls-total=90006 fail-total=0 null-skips-total=0
[21:42:53] [info] flip-probe: flip #990 ok=true present=3ms inter_flip_ms=32 drawcalls-since-flip=40 drawcalls-total=90466 fail-total=0 null-skips-total=0
[21:42:54] [info] flip-probe: flip #1000 ok=true present=2ms inter_flip_ms=37 drawcalls-since-flip=40 drawcalls-total=90866 fail-total=0 null-skips-total=0
[21:42:54] [info] alpha audit block 0: 14462 total drawcalls, 0 with alpha<255 (block pct_x10=0; global 0/85889 pct_x10=0); alpha-mod skipped: block=0 global=0
[21:42:54] [info] fastpath audit block 0: taken=14462 (idx8=14462) skipped=0 pct_x10=1000; global taken=85889 (idx8=85889) skipped=0 pct_x10=1000
[21:42:54] [info] primitive tally block 0: clear=201(hr=201) fill=0(hr=0) rect=0(hr=0) line=0(hr=0) tint=0 spotlight=0 (over 100 flips ending at flip 1000)
[21:42:54] [info] color/alpha audit block 0: cmod_white=416 cmod_black=416 (idx=416) cmod_general=0 (idx=0) cmod_fb=0; alpha_taken=0 alpha_skipped=0 (global cmod=5042/3536/693/0 idx=3536/693 alpha=0/0)
[21:42:54] [info] phase timing block 0: drawcalls=15571 dc_total_ms=1217 flip_inner_total_ms=382 inter_flip_total_ms=4454 (per-flip avg x10: dc_ms=121 fi_ms=38 if_ms=445 derived audio+engine_ms=286; per-drawcall avg us_x10=781) [direct-vesa: presents=100 total_ms=276 avg_ms_x10=27 failed=0] [ablation: NO_DC_TIMING=0 CACHE_WINSURF=0 DIRECT_VESA=1]
[21:42:54] [info] kbd/audio block 0: kbd_irq=0 kbd_drain=0 ring_chunks=16 pump_pass=1586 pic1_mask=0xb8 first_irq_ticks=0 install_ticks=0 vector_at_install=0x0084e3c0 pic1_mask_live=0xb8 kbd_8042_stat=0x34 bios_kbd_head=0x0034 bios_kbd_tail=0x0038 bios_kbd_buf0=0x1e61
[21:42:54] [info] dirty-rect block @flip=1000: total_calls=0 dirty_rects_avg=1 dirty_pct_x10=1000 forced_full=0 first_n_force=0 threshold_exceeded=0 dirty_path_taken=0 full_flush_taken=0
[21:42:54] [info] prev-frame-diff block @flip=1000: diff_calls=0 diff_rects_avg=0 diff_dirty_pct_x10=0 bbox_pct_x10=0 bbox_thresh_exceeded=0
[21:42:54] [info] flip-probe: flip #1010 ok=true present=3ms inter_flip_ms=30 drawcalls-since-flip=40 drawcalls-total=91266 fail-total=0 null-skips-total=0
[21:42:54] [info] flip-probe: flip #1020 ok=true present=3ms inter_flip_ms=30 drawcalls-since-flip=40 drawcalls-total=91666 fail-total=0 null-skips-total=0
[21:42:55] [info] flip-probe: flip #1030 ok=true present=3ms inter_flip_ms=32 drawcalls-since-flip=40 drawcalls-total=92066 fail-total=0 null-skips-total=0
[21:42:55] [info] backdrop cache: thrashing-detect engaged (streak=64, route=direct)
[21:42:55] [info] flip-probe: flip #1040 ok=true present=3ms inter_flip_ms=31 drawcalls-since-flip=40 drawcalls-total=92474 fail-total=0 null-skips-total=0
[21:42:55] [info] flip-probe: flip #1050 ok=true present=2ms inter_flip_ms=30 drawcalls-since-flip=40 drawcalls-total=92882 fail-total=0 null-skips-total=0
[21:42:56] [info] flip-probe: flip #1060 ok=true present=3ms inter_flip_ms=31 drawcalls-since-flip=40 drawcalls-total=93286 fail-total=0 null-skips-total=0
[21:42:56] [info] flip-probe: flip #1070 ok=true present=3ms inter_flip_ms=29 drawcalls-since-flip=41 drawcalls-total=93691 fail-total=0 null-skips-total=0
[21:42:56] [info] flip-probe: flip #1080 ok=true present=3ms inter_flip_ms=28 drawcalls-since-flip=41 drawcalls-total=94101 fail-total=0 null-skips-total=0
[21:42:56] [info] flip-probe: flip #1090 ok=true present=3ms inter_flip_ms=29 drawcalls-since-flip=16 drawcalls-total=94465 fail-total=0 null-skips-total=0
[21:42:57] [info] backdrop cache: thrashing-detect engaged (streak=124, route=direct)
[21:42:57] [info] flip-probe: flip #1100 ok=true present=3ms inter_flip_ms=27 drawcalls-since-flip=15 drawcalls-total=94619 fail-total=0 null-skips-total=0
[21:42:57] [info] alpha audit block 0: 2509 total drawcalls, 0 with alpha<255 (block pct_x10=0; global 0/88398 pct_x10=0); alpha-mod skipped: block=0 global=0
[21:42:57] [info] fastpath audit block 0: taken=2509 (idx8=2509) skipped=0 pct_x10=1000; global taken=88398 (idx8=88398) skipped=0 pct_x10=1000
[21:42:57] [info] primitive tally block 0: clear=200(hr=200) fill=0(hr=0) rect=0(hr=0) line=0(hr=0) tint=0 spotlight=0 (over 100 flips ending at flip 1100)
[21:42:57] [info] color/alpha audit block 0: cmod_white=1144 cmod_black=1144 (idx=1144) cmod_general=0 (idx=0) cmod_fb=0; alpha_taken=0 alpha_skipped=0 (global cmod=6186/4680/693/0 idx=4680/693 alpha=0/0)
[21:42:57] [info] phase timing block 0: drawcalls=4997 dc_total_ms=560 flip_inner_total_ms=380 inter_flip_total_ms=3091 (per-flip avg x10: dc_ms=56 fi_ms=38 if_ms=309 derived audio+engine_ms=215; per-drawcall avg us_x10=1120) [direct-vesa: presents=100 total_ms=276 avg_ms_x10=27 failed=0] [ablation: NO_DC_TIMING=0 CACHE_WINSURF=0 DIRECT_VESA=1]
[21:42:57] [info] kbd/audio block 0: kbd_irq=0 kbd_drain=0 ring_chunks=16 pump_pass=1741 pic1_mask=0xb8 first_irq_ticks=0 install_ticks=0 vector_at_install=0x0084e3c0 pic1_mask_live=0xb8 kbd_8042_stat=0x34 bios_kbd_head=0x0034 bios_kbd_tail=0x0038 bios_kbd_buf0=0x1e61
[21:42:57] [info] dirty-rect block @flip=1100: total_calls=0 dirty_rects_avg=1 dirty_pct_x10=1000 forced_full=0 first_n_force=0 threshold_exceeded=0 dirty_path_taken=0 full_flush_taken=0
[21:42:57] [info] prev-frame-diff block @flip=1100: diff_calls=0 diff_rects_avg=0 diff_dirty_pct_x10=0 bbox_pct_x10=0 bbox_thresh_exceeded=0
[21:42:57] [info] flip-probe: flip #1110 ok=true present=3ms inter_flip_ms=27 drawcalls-since-flip=15 drawcalls-total=94769 fail-total=0 null-skips-total=0
[21:42:57] [info] flip-probe: flip #1120 ok=true present=3ms inter_flip_ms=27 drawcalls-since-flip=15 drawcalls-total=94919 fail-total=0 null-skips-total=0
[21:42:57] [info] flip-probe: flip #1130 ok=true present=3ms inter_flip_ms=26 drawcalls-since-flip=18 drawcalls-total=95084 fail-total=0 null-skips-total=0
[21:42:58] [info] flip-probe: flip #1140 ok=true present=3ms inter_flip_ms=25 drawcalls-since-flip=18 drawcalls-total=95264 fail-total=0 null-skips-total=0
[21:42:58] [info] run_tick_fixed #1800: heartbeat (loop alive)
[21:42:58] [info] flip-probe: flip #1150 ok=true present=3ms inter_flip_ms=27 drawcalls-since-flip=18 drawcalls-total=95444 fail-total=0 null-skips-total=0
[21:42:58] [info] backdrop cache: thrashing-detect engaged (streak=184, route=direct)
[21:42:58] [info] flip-probe: flip #1160 ok=true present=3ms inter_flip_ms=26 drawcalls-since-flip=18 drawcalls-total=95624 fail-total=0 null-skips-total=0
[21:42:59] [info] flip-probe: flip #1170 ok=true present=3ms inter_flip_ms=25 drawcalls-since-flip=18 drawcalls-total=95804 fail-total=0 null-skips-total=0
[21:42:59] [info] flip-probe: flip #1180 ok=true present=3ms inter_flip_ms=27 drawcalls-since-flip=17 drawcalls-total=95981 fail-total=0 null-skips-total=0
[21:42:59] [info] flip-probe: flip #1190 ok=true present=3ms inter_flip_ms=26 drawcalls-since-flip=17 drawcalls-total=96151 fail-total=0 null-skips-total=0
[21:42:59] [info] flip-probe: flip #1200 ok=true present=3ms inter_flip_ms=27 drawcalls-since-flip=17 drawcalls-total=96315 fail-total=0 null-skips-total=0
[21:42:59] [info] alpha audit block 0: 1596 total drawcalls, 0 with alpha<255 (block pct_x10=0; global 0/89994 pct_x10=0); alpha-mod skipped: block=0 global=0
[21:42:59] [info] fastpath audit block 0: taken=1596 (idx8=1596) skipped=0 pct_x10=1000; global taken=89994 (idx8=89994) skipped=0 pct_x10=1000
[21:42:59] [info] primitive tally block 0: clear=200(hr=200) fill=0(hr=0) rect=0(hr=0) line=0(hr=0) tint=0 spotlight=0 (over 100 flips ending at flip 1200)
[21:42:59] [info] phase timing block 0: drawcalls=1796 dc_total_ms=474 flip_inner_total_ms=370 inter_flip_total_ms=2792 (per-flip avg x10: dc_ms=47 fi_ms=37 if_ms=279 derived audio+engine_ms=195; per-drawcall avg us_x10=2641) [direct-vesa: presents=100 total_ms=273 avg_ms_x10=27 failed=0] [ablation: NO_DC_TIMING=0 CACHE_WINSURF=0 DIRECT_VESA=1]
[21:42:59] [info] kbd/audio block 0: kbd_irq=0 kbd_drain=0 ring_chunks=16 pump_pass=1880 pic1_mask=0xb8 first_irq_ticks=0 install_ticks=0 vector_at_install=0x0084e3c0 pic1_mask_live=0xb8 kbd_8042_stat=0x34 bios_kbd_head=0x0034 bios_kbd_tail=0x0038 bios_kbd_buf0=0x1e61
[21:42:59] [info] dirty-rect block @flip=1200: total_calls=0 dirty_rects_avg=1 dirty_pct_x10=1000 forced_full=0 first_n_force=0 threshold_exceeded=0 dirty_path_taken=0 full_flush_taken=0
[21:43:00] [info] prev-frame-diff block @flip=1200: diff_calls=0 diff_rects_avg=0 diff_dirty_pct_x10=0 bbox_pct_x10=0 bbox_thresh_exceeded=0
[21:43:00] [info] flip-probe: flip #1210 ok=true present=3ms inter_flip_ms=28 drawcalls-since-flip=16 drawcalls-total=96483 fail-total=0 null-skips-total=0
[21:43:00] [info] backdrop cache: thrashing-detect engaged (streak=244, route=direct)
[21:43:00] [info] flip-probe: flip #1220 ok=true present=2ms inter_flip_ms=28 drawcalls-since-flip=16 drawcalls-total=96643 fail-total=0 null-skips-total=0
[21:43:00] [info] flip-probe: flip #1230 ok=true present=3ms inter_flip_ms=26 drawcalls-since-flip=16 drawcalls-total=96803 fail-total=0 null-skips-total=0
[21:43:01] [info] flip-probe: flip #1240 ok=true present=2ms inter_flip_ms=26 drawcalls-since-flip=16 drawcalls-total=96963 fail-total=0 null-skips-total=0
[21:43:01] [info] flip-probe: flip #1250 ok=true present=2ms inter_flip_ms=28 drawcalls-since-flip=16 drawcalls-total=97123 fail-total=0 null-skips-total=0
[21:43:01] [info] flip-probe: flip #1260 ok=true present=3ms inter_flip_ms=26 drawcalls-since-flip=16 drawcalls-total=97283 fail-total=0 null-skips-total=0
[21:43:01] [info] flip-probe: flip #1270 ok=true present=3ms inter_flip_ms=27 drawcalls-since-flip=27 drawcalls-total=97520 fail-total=0 null-skips-total=0
[21:43:02] [info] backdrop cache: thrashing-detect engaged (streak=304, route=direct)
[21:43:02] [info] flip-probe: flip #1280 ok=true present=3ms inter_flip_ms=28 drawcalls-since-flip=20 drawcalls-total=97741 fail-total=0 null-skips-total=0
[21:43:02] [info] flip-probe: flip #1290 ok=true present=3ms inter_flip_ms=26 drawcalls-since-flip=20 drawcalls-total=97933 fail-total=0 null-skips-total=0
[21:43:02] [info] flip-probe: flip #1300 ok=true present=3ms inter_flip_ms=26 drawcalls-since-flip=17 drawcalls-total=98121 fail-total=0 null-skips-total=0
[21:43:02] [info] alpha audit block 0: 1706 total drawcalls, 0 with alpha<255 (block pct_x10=0; global 0/91700 pct_x10=0); alpha-mod skipped: block=0 global=0
[21:43:02] [info] fastpath audit block 0: taken=1706 (idx8=1706) skipped=0 pct_x10=1000; global taken=91700 (idx8=91700) skipped=0 pct_x10=1000
[21:43:02] [info] primitive tally block 0: clear=200(hr=200) fill=0(hr=0) rect=0(hr=0) line=0(hr=0) tint=0 spotlight=0 (over 100 flips ending at flip 1300)
[21:43:02] [info] phase timing block 0: drawcalls=1906 dc_total_ms=472 flip_inner_total_ms=369 inter_flip_total_ms=2801 (per-flip avg x10: dc_ms=47 fi_ms=36 if_ms=280 derived audio+engine_ms=197; per-drawcall avg us_x10=2477) [direct-vesa: presents=100 total_ms=274 avg_ms_x10=27 failed=0] [ablation: NO_DC_TIMING=0 CACHE_WINSURF=0 DIRECT_VESA=1]
[21:43:02] [info] kbd/audio block 0: kbd_irq=0 kbd_drain=0 ring_chunks=16 pump_pass=2020 pic1_mask=0xb8 first_irq_ticks=0 install_ticks=0 vector_at_install=0x0084e3c0 pic1_mask_live=0xb8 kbd_8042_stat=0x34 bios_kbd_head=0x0034 bios_kbd_tail=0x0038 bios_kbd_buf0=0x1e61
[21:43:02] [info] dirty-rect block @flip=1300: total_calls=0 dirty_rects_avg=1 dirty_pct_x10=1000 forced_full=0 first_n_force=0 threshold_exceeded=0 dirty_path_taken=0 full_flush_taken=0
[21:43:02] [info] prev-frame-diff block @flip=1300: diff_calls=0 diff_rects_avg=0 diff_dirty_pct_x10=0 bbox_pct_x10=0 bbox_thresh_exceeded=0
[21:43:03] [info] flip-probe: flip #1310 ok=true present=3ms inter_flip_ms=27 drawcalls-since-flip=20 drawcalls-total=98312 fail-total=0 null-skips-total=0
[21:43:03] [info] flip-probe: flip #1320 ok=true present=3ms inter_flip_ms=43 drawcalls-since-flip=306 drawcalls-total=100168 fail-total=0 null-skips-total=0
[21:43:03] [info]  >> Entering stage 15: 'Reservoir'.
[21:43:03] [info] [skip-sheet-flush] cave=6
[21:43:04] [info] [load-stage] preloading entry music song=9 (cave=6)
[21:43:04] [info] gameloop: entered (curmap=15, running=1)
[21:43:04] [info] gameloop: iter 1 ticks=53026 mapno=-1
[21:43:04] [info] mds-clear-lut: rebuilt N=240 entries (k_skip=13% k_keep=87%; curmap=15 map_size=40x20; rebuild #4 since boot)
[21:43:04] [info] gameloop: iter 2 ticks=53094 mapno=-1
[21:43:04] [info] gameloop: iter 3 ticks=53150 mapno=-1
[21:43:04] [info] flip-probe: flip #1330 ok=true present=3ms inter_flip_ms=54 drawcalls-since-flip=336 drawcalls-total=103018 fail-total=0 null-skips-total=0
[21:43:04] [info] flip-probe: flip #1340 ok=true present=3ms inter_flip_ms=33 drawcalls-since-flip=141 drawcalls-total=105568 fail-total=0 null-skips-total=0
[21:43:04] [info] run_tick_fixed #2100: heartbeat (loop alive)
[21:43:05] [info] flip-probe: flip #1350 ok=true present=3ms inter_flip_ms=29 drawcalls-since-flip=31 drawcalls-total=106033 fail-total=0 null-skips-total=0
[21:43:05] [info] flip-probe: flip #1360 ok=true present=3ms inter_flip_ms=28 drawcalls-since-flip=31 drawcalls-total=106343 fail-total=0 null-skips-total=0
[21:43:05] [info] flip-probe: flip #1370 ok=true present=3ms inter_flip_ms=30 drawcalls-since-flip=31 drawcalls-total=106653 fail-total=0 null-skips-total=0
[21:43:05] [info] flip-probe: flip #1380 ok=true present=3ms inter_flip_ms=35 drawcalls-since-flip=31 drawcalls-total=106963 fail-total=0 null-skips-total=0
[21:43:06] [info] backdrop cache: thrashing-detect engaged (streak=4, route=direct)
[21:43:06] [info] flip-probe: flip #1390 ok=true present=3ms inter_flip_ms=29 drawcalls-since-flip=33 drawcalls-total=107283 fail-total=0 null-skips-total=0
[21:43:06] [info] flip-probe: flip #1400 ok=true present=2ms inter_flip_ms=29 drawcalls-since-flip=34 drawcalls-total=107621 fail-total=0 null-skips-total=0
[21:43:06] [info] alpha audit block 0: 8743 total drawcalls, 0 with alpha<255 (block pct_x10=0; global 0/100443 pct_x10=0); alpha-mod skipped: block=0 global=0
[21:43:06] [info] fastpath audit block 0: taken=8743 (idx8=8743) skipped=0 pct_x10=1000; global taken=100443 (idx8=100443) skipped=0 pct_x10=1000
[21:43:06] [info] primitive tally block 0: clear=201(hr=201) fill=0(hr=0) rect=0(hr=0) line=0(hr=0) tint=0 spotlight=0 (over 100 flips ending at flip 1400)
[21:43:06] [info] color/alpha audit block 0: cmod_white=657 cmod_black=657 (idx=657) cmod_general=0 (idx=0) cmod_fb=0; alpha_taken=0 alpha_skipped=0 (global cmod=6843/5337/693/0 idx=5337/693 alpha=0/0)
[21:43:06] [info] phase timing block 0: drawcalls=10316 dc_total_ms=1076 flip_inner_total_ms=370 inter_flip_total_ms=3772 (per-flip avg x10: dc_ms=107 fi_ms=37 if_ms=377 derived audio+engine_ms=233; per-drawcall avg us_x10=1043) [direct-vesa: presents=100 total_ms=274 avg_ms_x10=27 failed=0] [ablation: NO_DC_TIMING=0 CACHE_WINSURF=0 DIRECT_VESA=1]
[21:43:06] [info] kbd/audio block 0: kbd_irq=0 kbd_drain=0 ring_chunks=16 pump_pass=2189 pic1_mask=0xb8 first_irq_ticks=0 install_ticks=0 vector_at_install=0x0084e3c0 pic1_mask_live=0xb8 kbd_8042_stat=0x34 bios_kbd_head=0x0034 bios_kbd_tail=0x0038 bios_kbd_buf0=0x1e61
[21:43:06] [info] dirty-rect block @flip=1400: total_calls=0 dirty_rects_avg=1 dirty_pct_x10=1000 forced_full=0 first_n_force=0 threshold_exceeded=0 dirty_path_taken=0 full_flush_taken=0
[21:43:06] [info] prev-frame-diff block @flip=1400: diff_calls=0 diff_rects_avg=0 diff_dirty_pct_x10=0 bbox_pct_x10=0 bbox_thresh_exceeded=0
[21:43:06] [info] flip-probe: flip #1410 ok=true present=3ms inter_flip_ms=28 drawcalls-since-flip=31 drawcalls-total=107945 fail-total=0 null-skips-total=0
[21:43:07] [info] flip-probe: flip #1420 ok=true present=3ms inter_flip_ms=28 drawcalls-since-flip=31 drawcalls-total=108255 fail-total=0 null-skips-total=0
[21:43:07] [info] flip-probe: flip #1430 ok=true present=2ms inter_flip_ms=28 drawcalls-since-flip=31 drawcalls-total=108565 fail-total=0 null-skips-total=0
[21:43:07] [info] tas: stall frame 250 ms -> contributing 1 tick (patch 0286)
[21:43:07] [info] flip-probe: flip #1440 ok=true present=3ms inter_flip_ms=29 drawcalls-since-flip=32 drawcalls-total=108878 fail-total=0 null-skips-total=0
[21:43:08] [info] backdrop cache: thrashing-detect engaged (streak=64, route=direct)
[21:43:08] [info] tas: stall frame 160 ms -> contributing 1 tick (patch 0286)
[21:43:08] [info] flip-probe: flip #1450 ok=true present=3ms inter_flip_ms=34 drawcalls-since-flip=16 drawcalls-total=109155 fail-total=0 null-skips-total=0
[21:43:08] [info] flip-probe: flip #1460 ok=true present=2ms inter_flip_ms=28 drawcalls-since-flip=17 drawcalls-total=109322 fail-total=0 null-skips-total=0
[21:43:08] [info] flip-probe: flip #1470 ok=true present=2ms inter_flip_ms=28 drawcalls-since-flip=17 drawcalls-total=109492 fail-total=0 null-skips-total=0
[21:43:09] [info] flip-probe: flip #1480 ok=true present=3ms inter_flip_ms=27 drawcalls-since-flip=16 drawcalls-total=109663 fail-total=0 null-skips-total=0
[21:43:09] [info] flip-probe: flip #1490 ok=true present=3ms inter_flip_ms=27 drawcalls-since-flip=18 drawcalls-total=109838 fail-total=0 null-skips-total=0
[21:43:09] [info] flip-probe: flip #1500 ok=true present=2ms inter_flip_ms=28 drawcalls-since-flip=17 drawcalls-total=110012 fail-total=0 null-skips-total=0
[21:43:09] [info] alpha audit block 0: 1868 total drawcalls, 0 with alpha<255 (block pct_x10=0; global 0/102311 pct_x10=0); alpha-mod skipped: block=0 global=0
[21:43:09] [info] fastpath audit block 0: taken=1868 (idx8=1868) skipped=0 pct_x10=1000; global taken=102311 (idx8=102311) skipped=0 pct_x10=1000
[21:43:09] [info] primitive tally block 0: clear=200(hr=200) fill=0(hr=0) rect=0(hr=0) line=0(hr=0) tint=0 spotlight=0 (over 100 flips ending at flip 1500)
[21:43:09] [info] color/alpha audit block 0: cmod_white=423 cmod_black=423 (idx=423) cmod_general=0 (idx=0) cmod_fb=0; alpha_taken=0 alpha_skipped=0 (global cmod=7266/5760/693/0 idx=5760/693 alpha=0/0)
[21:43:09] [info] phase timing block 0: drawcalls=2914 dc_total_ms=471 flip_inner_total_ms=593 inter_flip_total_ms=3268 (per-flip avg x10: dc_ms=47 fi_ms=59 if_ms=326 derived audio+engine_ms=220; per-drawcall avg us_x10=1618) [direct-vesa: presents=100 total_ms=274 avg_ms_x10=27 failed=0] [ablation: NO_DC_TIMING=0 CACHE_WINSURF=0 DIRECT_VESA=1]
[21:43:09] [info] kbd/audio block 0: kbd_irq=0 kbd_drain=0 ring_chunks=16 pump_pass=2334 pic1_mask=0xb8 first_irq_ticks=0 install_ticks=0 vector_at_install=0x0084e3c0 pic1_mask_live=0xb8 kbd_8042_stat=0x34 bios_kbd_head=0x0034 bios_kbd_tail=0x0038 bios_kbd_buf0=0x1e61
[21:43:09] [info] dirty-rect block @flip=1500: total_calls=0 dirty_rects_avg=1 dirty_pct_x10=1000 forced_full=0 first_n_force=0 threshold_exceeded=0 dirty_path_taken=0 full_flush_taken=0
[21:43:09] [info] prev-frame-diff block @flip=1500: diff_calls=0 diff_rects_avg=0 diff_dirty_pct_x10=0 bbox_pct_x10=0 bbox_thresh_exceeded=0
[21:43:10] [info] backdrop cache: thrashing-detect engaged (streak=124, route=direct)
[21:43:10] [info] flip-probe: flip #1510 ok=true present=3ms inter_flip_ms=26 drawcalls-since-flip=18 drawcalls-total=110189 fail-total=0 null-skips-total=0
[21:43:10] [info] flip-probe: flip #1520 ok=true present=3ms inter_flip_ms=27 drawcalls-since-flip=17 drawcalls-total=110365 fail-total=0 null-skips-total=0
[21:43:10] [info] flip-probe: flip #1530 ok=true present=2ms inter_flip_ms=29 drawcalls-since-flip=16 drawcalls-total=110531 fail-total=0 null-skips-total=0
[21:43:10] [info] flip-probe: flip #1540 ok=true present=2ms inter_flip_ms=28 drawcalls-since-flip=17 drawcalls-total=110700 fail-total=0 null-skips-total=0
[21:43:11] [info] run_tick_fixed #2400: heartbeat (loop alive)
[21:43:11] [info] flip-probe: flip #1550 ok=true present=3ms inter_flip_ms=26 drawcalls-since-flip=15 drawcalls-total=110860 fail-total=0 null-skips-total=0
[21:43:11] [info] flip-probe: flip #1560 ok=true present=3ms inter_flip_ms=27 drawcalls-since-flip=16 drawcalls-total=111017 fail-total=0 null-skips-total=0
[21:43:11] [info] backdrop cache: thrashing-detect engaged (streak=184, route=direct)
[21:43:11] [info] flip-probe: flip #1570 ok=true present=3ms inter_flip_ms=26 drawcalls-since-flip=15 drawcalls-total=111176 fail-total=0 null-skips-total=0
[21:43:12] [info] flip-probe: flip #1580 ok=true present=3ms inter_flip_ms=26 drawcalls-since-flip=15 drawcalls-total=111326 fail-total=0 null-skips-total=0
[21:43:12] [info] flip-probe: flip #1590 ok=true present=3ms inter_flip_ms=27 drawcalls-since-flip=13 drawcalls-total=111468 fail-total=0 null-skips-total=0
[21:43:12] [info] flip-probe: flip #1600 ok=true present=3ms inter_flip_ms=26 drawcalls-since-flip=13 drawcalls-total=111598 fail-total=0 null-skips-total=0
[21:43:12] [info] alpha audit block 0: 1486 total drawcalls, 0 with alpha<255 (block pct_x10=0; global 0/103797 pct_x10=0); alpha-mod skipped: block=0 global=0
[21:43:12] [info] fastpath audit block 0: taken=1486 (idx8=1486) skipped=0 pct_x10=1000; global taken=103797 (idx8=103797) skipped=0 pct_x10=1000
[21:43:12] [info] primitive tally block 0: clear=200(hr=200) fill=0(hr=0) rect=0(hr=0) line=0(hr=0) tint=0 spotlight=0 (over 100 flips ending at flip 1600)
[21:43:12] [info] phase timing block 0: drawcalls=1693 dc_total_ms=469 flip_inner_total_ms=365 inter_flip_total_ms=2821 (per-flip avg x10: dc_ms=46 fi_ms=36 if_ms=282 derived audio+engine_ms=200; per-drawcall avg us_x10=2775) [direct-vesa: presents=100 total_ms=275 avg_ms_x10=27 failed=0] [ablation: NO_DC_TIMING=0 CACHE_WINSURF=0 DIRECT_VESA=1]
[21:43:12] [info] kbd/audio block 0: kbd_irq=0 kbd_drain=0 ring_chunks=16 pump_pass=2475 pic1_mask=0xb8 first_irq_ticks=0 install_ticks=0 vector_at_install=0x0084e3c0 pic1_mask_live=0xb8 kbd_8042_stat=0x34 bios_kbd_head=0x0034 bios_kbd_tail=0x0038 bios_kbd_buf0=0x1e61
[21:43:12] [info] dirty-rect block @flip=1600: total_calls=0 dirty_rects_avg=1 dirty_pct_x10=1000 forced_full=0 first_n_force=0 threshold_exceeded=0 dirty_path_taken=0 full_flush_taken=0
[21:43:12] [info] prev-frame-diff block @flip=1600: diff_calls=0 diff_rects_avg=0 diff_dirty_pct_x10=0 bbox_pct_x10=0 bbox_thresh_exceeded=0
[21:43:12] [info] flip-probe: flip #1610 ok=true present=2ms inter_flip_ms=28 drawcalls-since-flip=13 drawcalls-total=111728 fail-total=0 null-skips-total=0
[21:43:13] [info] flip-probe: flip #1620 ok=true present=3ms inter_flip_ms=31 drawcalls-since-flip=13 drawcalls-total=111858 fail-total=0 null-skips-total=0
[21:43:13] [info] flip-probe: flip #1630 ok=true present=3ms inter_flip_ms=33 drawcalls-since-flip=13 drawcalls-total=111988 fail-total=0 null-skips-total=0
[21:43:13] [info] backdrop cache: thrashing-detect engaged (streak=4, route=direct)
[21:43:13] [info] flip-probe: flip #1640 ok=true present=3ms inter_flip_ms=27 drawcalls-since-flip=13 drawcalls-total=112118 fail-total=0 null-skips-total=0
[21:43:14] [info] flip-probe: flip #1650 ok=true present=3ms inter_flip_ms=26 drawcalls-since-flip=13 drawcalls-total=112248 fail-total=0 null-skips-total=0
[21:43:14] [info] flip-probe: flip #1660 ok=true present=3ms inter_flip_ms=27 drawcalls-since-flip=13 drawcalls-total=112378 fail-total=0 null-skips-total=0
[21:43:14] [info] flip-probe: flip #1670 ok=true present=2ms inter_flip_ms=28 drawcalls-since-flip=13 drawcalls-total=112508 fail-total=0 null-skips-total=0
[21:43:14] [info] flip-probe: flip #1680 ok=true present=3ms inter_flip_ms=29 drawcalls-since-flip=22 drawcalls-total=112743 fail-total=0 null-skips-total=0
[21:43:15] [info] flip-probe: flip #1690 ok=true present=3ms inter_flip_ms=29 drawcalls-since-flip=24 drawcalls-total=112971 fail-total=0 null-skips-total=0
[21:43:15] [info] backdrop cache: thrashing-detect engaged (streak=64, route=direct)
[21:43:15] [info] flip-probe: flip #1700 ok=true present=3ms inter_flip_ms=26 drawcalls-since-flip=19 drawcalls-total=113193 fail-total=0 null-skips-total=0
[21:43:15] [info] alpha audit block 0: 1495 total drawcalls, 0 with alpha<255 (block pct_x10=0; global 0/105292 pct_x10=0); alpha-mod skipped: block=0 global=0
[21:43:15] [info] fastpath audit block 0: taken=1495 (idx8=1495) skipped=0 pct_x10=1000; global taken=105292 (idx8=105292) skipped=0 pct_x10=1000
[21:43:15] [info] primitive tally block 0: clear=200(hr=200) fill=0(hr=0) rect=0(hr=0) line=0(hr=0) tint=0 spotlight=0 (over 100 flips ending at flip 1700)
[21:43:15] [info] phase timing block 0: drawcalls=1726 dc_total_ms=576 flip_inner_total_ms=364 inter_flip_total_ms=2946 (per-flip avg x10: dc_ms=57 fi_ms=36 if_ms=294 derived audio+engine_ms=201; per-drawcall avg us_x10=3341) [direct-vesa: presents=100 total_ms=274 avg_ms_x10=27 failed=0] [ablation: NO_DC_TIMING=0 CACHE_WINSURF=0 DIRECT_VESA=1]
[21:43:15] [info] kbd/audio block 0: kbd_irq=0 kbd_drain=0 ring_chunks=16 pump_pass=2622 pic1_mask=0xb8 first_irq_ticks=0 install_ticks=0 vector_at_install=0x0084e3c0 pic1_mask_live=0xb8 kbd_8042_stat=0x34 bios_kbd_head=0x0034 bios_kbd_tail=0x0038 bios_kbd_buf0=0x1e61
[21:43:15] [info] dirty-rect block @flip=1700: total_calls=0 dirty_rects_avg=1 dirty_pct_x10=1000 forced_full=0 first_n_force=0 threshold_exceeded=0 dirty_path_taken=0 full_flush_taken=0
[21:43:15] [info] prev-frame-diff block @flip=1700: diff_calls=0 diff_rects_avg=0 diff_dirty_pct_x10=0 bbox_pct_x10=0 bbox_thresh_exceeded=0
[21:43:15] [info] flip-probe: flip #1710 ok=true present=3ms inter_flip_ms=28 drawcalls-since-flip=18 drawcalls-total=113400 fail-total=0 null-skips-total=0
[21:43:16] [info] flip-probe: flip #1720 ok=true present=3ms inter_flip_ms=28 drawcalls-since-flip=15 drawcalls-total=113568 fail-total=0 null-skips-total=0
[21:43:16] [info] flip-probe: flip #1730 ok=true present=3ms inter_flip_ms=28 drawcalls-since-flip=13 drawcalls-total=113711 fail-total=0 null-skips-total=0
[21:43:16] [info] flip-probe: flip #1740 ok=true present=3ms inter_flip_ms=26 drawcalls-since-flip=13 drawcalls-total=113841 fail-total=0 null-skips-total=0
[21:43:16] [info] flip-probe: flip #1750 ok=true present=2ms inter_flip_ms=28 drawcalls-since-flip=13 drawcalls-total=113971 fail-total=0 null-skips-total=0
[21:43:17] [info] backdrop cache: thrashing-detect engaged (streak=124, route=direct)
[21:43:17] [info] run_tick_fixed #2700: heartbeat (loop alive)
[21:43:17] [info] flip-probe: flip #1760 ok=true present=3ms inter_flip_ms=35 drawcalls-since-flip=183 drawcalls-total=114616 fail-total=0 null-skips-total=0
[21:43:17] [info] flip-probe: flip #1770 ok=true present=3ms inter_flip_ms=45 drawcalls-since-flip=318 drawcalls-total=117556 fail-total=0 null-skips-total=0
[21:43:17] [info]  >> Entering stage 11: 'Mimiga Village'.
[21:43:17] [info] [skip-sheet-flush] cave=7
[21:43:18] [info] [load-stage] preloading entry music song=9 (cave=7)
[21:43:18] [info] gameloop: entered (curmap=11, running=1)
[21:43:18] [info] gameloop: iter 1 ticks=67106 mapno=-1
[21:43:18] [info] mds-clear-lut: rebuilt N=240 entries (k_skip=0% k_keep=100%; curmap=11 map_size=60x60; rebuild #5 since boot)
[21:43:18] [info] gameloop: iter 2 ticks=67169 mapno=-1
[21:43:18] [info] gameloop: iter 3 ticks=67228 mapno=-1
[21:43:18] [info] flip-probe: flip #1780 ok=true present=3ms inter_flip_ms=43 drawcalls-since-flip=287 drawcalls-total=120473 fail-total=0 null-skips-total=0
[21:43:18] [info] flip-probe: flip #1790 ok=true present=3ms inter_flip_ms=27 drawcalls-since-flip=32 drawcalls-total=121678 fail-total=0 null-skips-total=0
[21:43:19] [info] flip-probe: flip #1800 ok=true present=3ms inter_flip_ms=27 drawcalls-since-flip=42 drawcalls-total=122098 fail-total=0 null-skips-total=0
[21:43:19] [info] alpha audit block 0: 8441 total drawcalls, 0 with alpha<255 (block pct_x10=0; global 0/113733 pct_x10=0); alpha-mod skipped: block=0 global=0
[21:43:19] [info] fastpath audit block 0: taken=8441 (idx8=8441) skipped=0 pct_x10=1000; global taken=113733 (idx8=113733) skipped=0 pct_x10=1000
[21:43:19] [info] primitive tally block 0: clear=201(hr=201) fill=0(hr=0) rect=0(hr=0) line=0(hr=0) tint=0 spotlight=0 (over 100 flips ending at flip 1800)
[21:43:19] [info] color/alpha audit block 0: cmod_white=364 cmod_black=364 (idx=364) cmod_general=0 (idx=0) cmod_fb=0; alpha_taken=0 alpha_skipped=0 (global cmod=7630/6124/693/0 idx=6124/693 alpha=0/0)
[21:43:19] [info] phase timing block 0: drawcalls=9398 dc_total_ms=900 flip_inner_total_ms=385 inter_flip_total_ms=3690 (per-flip avg x10: dc_ms=90 fi_ms=38 if_ms=369 derived audio+engine_ms=241; per-drawcall avg us_x10=957) [direct-vesa: presents=100 total_ms=276 avg_ms_x10=27 failed=0] [ablation: NO_DC_TIMING=0 CACHE_WINSURF=0 DIRECT_VESA=1]
[21:43:19] [info] kbd/audio block 0: kbd_irq=0 kbd_drain=0 ring_chunks=16 pump_pass=2786 pic1_mask=0xb8 first_irq_ticks=0 install_ticks=0 vector_at_install=0x0084e3c0 pic1_mask_live=0xb8 kbd_8042_stat=0x34 bios_kbd_head=0x0034 bios_kbd_tail=0x0038 bios_kbd_buf0=0x1e61
[21:43:19] [info] dirty-rect block @flip=1800: total_calls=0 dirty_rects_avg=1 dirty_pct_x10=1000 forced_full=0 first_n_force=0 threshold_exceeded=0 dirty_path_taken=0 full_flush_taken=0
[21:43:19] [info] prev-frame-diff block @flip=1800: diff_calls=0 diff_rects_avg=0 diff_dirty_pct_x10=0 bbox_pct_x10=0 bbox_thresh_exceeded=0
[21:43:19] [info] flip-probe: flip #1810 ok=true present=3ms inter_flip_ms=30 drawcalls-since-flip=42 drawcalls-total=122518 fail-total=0 null-skips-total=0
[21:43:19] [info] flip-probe: flip #1820 ok=true present=3ms inter_flip_ms=30 drawcalls-since-flip=42 drawcalls-total=122938 fail-total=0 null-skips-total=0
[21:43:20] [info] flip-probe: flip #1830 ok=true present=3ms inter_flip_ms=38 drawcalls-since-flip=53 drawcalls-total=123413 fail-total=0 null-skips-total=0
[21:43:20] [info] backdrop cache: thrashing-detect engaged (streak=4, route=direct)
[21:43:20] [info] flip-probe: flip #1840 ok=true present=3ms inter_flip_ms=38 drawcalls-since-flip=53 drawcalls-total=123938 fail-total=0 null-skips-total=0
[21:43:20] [info] flip-probe: flip #1850 ok=true present=3ms inter_flip_ms=28 drawcalls-since-flip=50 drawcalls-total=124436 fail-total=0 null-skips-total=0
[21:43:21] [info] flip-probe: flip #1860 ok=true present=2ms inter_flip_ms=29 drawcalls-since-flip=42 drawcalls-total=124904 fail-total=0 null-skips-total=0
[21:43:21] [info] flip-probe: flip #1870 ok=true present=3ms inter_flip_ms=31 drawcalls-since-flip=46 drawcalls-total=125354 fail-total=0 null-skips-total=0
[21:43:21] [info] flip-probe: flip #1880 ok=true present=3ms inter_flip_ms=31 drawcalls-since-flip=43 drawcalls-total=125775 fail-total=0 null-skips-total=0
[21:43:22] [info] flip-probe: flip #1890 ok=true present=3ms inter_flip_ms=28 drawcalls-since-flip=43 drawcalls-total=126206 fail-total=0 null-skips-total=0
[21:43:22] [info] backdrop cache: thrashing-detect engaged (streak=64, route=direct)
[21:43:22] [info] flip-probe: flip #1900 ok=true present=3ms inter_flip_ms=31 drawcalls-since-flip=16 drawcalls-total=126428 fail-total=0 null-skips-total=0
[21:43:22] [info] alpha audit block 0: 3034 total drawcalls, 0 with alpha<255 (block pct_x10=0; global 0/116767 pct_x10=0); alpha-mod skipped: block=0 global=0
[21:43:22] [info] fastpath audit block 0: taken=3034 (idx8=3034) skipped=0 pct_x10=1000; global taken=116767 (idx8=116767) skipped=0 pct_x10=1000
[21:43:22] [info] primitive tally block 0: clear=200(hr=200) fill=0(hr=0) rect=0(hr=0) line=0(hr=0) tint=0 spotlight=0 (over 100 flips ending at flip 1900)
[21:43:22] [info] color/alpha audit block 0: cmod_white=1196 cmod_black=1196 (idx=1196) cmod_general=0 (idx=0) cmod_fb=0; alpha_taken=0 alpha_skipped=0 (global cmod=8826/7320/693/0 idx=7320/693 alpha=0/0)
[21:43:22] [info] phase timing block 0: drawcalls=5665 dc_total_ms=767 flip_inner_total_ms=375 inter_flip_total_ms=3165 (per-flip avg x10: dc_ms=76 fi_ms=37 if_ms=316 derived audio+engine_ms=203; per-drawcall avg us_x10=1355) [direct-vesa: presents=100 total_ms=275 avg_ms_x10=27 failed=0] [ablation: NO_DC_TIMING=0 CACHE_WINSURF=0 DIRECT_VESA=1]
[21:43:22] [info] kbd/audio block 0: kbd_irq=0 kbd_drain=0 ring_chunks=16 pump_pass=2944 pic1_mask=0xb8 first_irq_ticks=0 install_ticks=0 vector_at_install=0x0084e3c0 pic1_mask_live=0xb8 kbd_8042_stat=0x34 bios_kbd_head=0x0034 bios_kbd_tail=0x0038 bios_kbd_buf0=0x1e61
[21:43:22] [info] dirty-rect block @flip=1900: total_calls=0 dirty_rects_avg=1 dirty_pct_x10=1000 forced_full=0 first_n_force=0 threshold_exceeded=0 dirty_path_taken=0 full_flush_taken=0
[21:43:22] [info] prev-frame-diff block @flip=1900: diff_calls=0 diff_rects_avg=0 diff_dirty_pct_x10=0 bbox_pct_x10=0 bbox_thresh_exceeded=0
[21:43:22] [info] flip-probe: flip #1910 ok=true present=3ms inter_flip_ms=28 drawcalls-since-flip=19 drawcalls-total=126619 fail-total=0 null-skips-total=0
[21:43:23] [info] flip-probe: flip #1920 ok=true present=3ms inter_flip_ms=30 drawcalls-since-flip=18 drawcalls-total=126800 fail-total=0 null-skips-total=0
[21:43:23] [info] flip-probe: flip #1930 ok=true present=2ms inter_flip_ms=29 drawcalls-since-flip=18 drawcalls-total=126980 fail-total=0 null-skips-total=0
[21:43:23] [info] flip-probe: flip #1940 ok=true present=3ms inter_flip_ms=28 drawcalls-since-flip=18 drawcalls-total=127160 fail-total=0 null-skips-total=0
[21:43:23] [info] flip-probe: flip #1950 ok=true present=3ms inter_flip_ms=29 drawcalls-since-flip=18 drawcalls-total=127340 fail-total=0 null-skips-total=0
[21:43:24] [info] backdrop cache: thrashing-detect engaged (streak=124, route=direct)
[21:43:24] [info] flip-probe: flip #1960 ok=true present=3ms inter_flip_ms=33 drawcalls-since-flip=18 drawcalls-total=127520 fail-total=0 null-skips-total=0
[21:43:24] [info] flip-probe: flip #1970 ok=true present=3ms inter_flip_ms=30 drawcalls-since-flip=18 drawcalls-total=127700 fail-total=0 null-skips-total=0
[21:43:24] [info] flip-probe: flip #1980 ok=true present=3ms inter_flip_ms=28 drawcalls-since-flip=17 drawcalls-total=127875 fail-total=0 null-skips-total=0
[21:43:25] [info] flip-probe: flip #1990 ok=true present=3ms inter_flip_ms=27 drawcalls-since-flip=17 drawcalls-total=128045 fail-total=0 null-skips-total=0
[21:43:25] [info] flip-probe: flip #2000 ok=true present=3ms inter_flip_ms=36 drawcalls-since-flip=17 drawcalls-total=128215 fail-total=0 null-skips-total=0
[21:43:25] [info] alpha audit block 0: 1687 total drawcalls, 0 with alpha<255 (block pct_x10=0; global 0/118454 pct_x10=0); alpha-mod skipped: block=0 global=0
[21:43:25] [info] fastpath audit block 0: taken=1687 (idx8=1687) skipped=0 pct_x10=1000; global taken=118454 (idx8=118454) skipped=0 pct_x10=1000
[21:43:25] [info] primitive tally block 0: clear=200(hr=200) fill=0(hr=0) rect=0(hr=0) line=0(hr=0) tint=0 spotlight=0 (over 100 flips ending at flip 2000)
[21:43:25] [info] phase timing block 0: drawcalls=1887 dc_total_ms=473 flip_inner_total_ms=380 inter_flip_total_ms=3003 (per-flip avg x10: dc_ms=47 fi_ms=38 if_ms=300 derived audio+engine_ms=215; per-drawcall avg us_x10=2507) [direct-vesa: presents=100 total_ms=275 avg_ms_x10=27 failed=0] [ablation: NO_DC_TIMING=0 CACHE_WINSURF=0 DIRECT_VESA=1]
[21:43:25] [info] kbd/audio block 0: kbd_irq=0 kbd_drain=0 ring_chunks=16 pump_pass=3095 pic1_mask=0xb8 first_irq_ticks=0 install_ticks=0 vector_at_install=0x0084e3c0 pic1_mask_live=0xb8 kbd_8042_stat=0x34 bios_kbd_head=0x0034 bios_kbd_tail=0x0038 bios_kbd_buf0=0x1e61
[21:43:25] [info] dirty-rect block @flip=2000: total_calls=0 dirty_rects_avg=1 dirty_pct_x10=1000 forced_full=0 first_n_force=0 threshold_exceeded=0 dirty_path_taken=0 full_flush_taken=0
[21:43:25] [info] prev-frame-diff block @flip=2000: diff_calls=0 diff_rects_avg=0 diff_dirty_pct_x10=0 bbox_pct_x10=0 bbox_thresh_exceeded=0
[21:43:25] [info] flip-probe: flip #2010 ok=true present=3ms inter_flip_ms=31 drawcalls-since-flip=16 drawcalls-total=128377 fail-total=0 null-skips-total=0
[21:43:26] [info] backdrop cache: thrashing-detect engaged (streak=184, route=direct)
[21:43:26] [info] flip-probe: flip #2020 ok=true present=3ms inter_flip_ms=34 drawcalls-since-flip=16 drawcalls-total=128537 fail-total=0 null-skips-total=0
[21:43:26] [info] flip-probe: flip #2030 ok=true present=3ms inter_flip_ms=27 drawcalls-since-flip=17 drawcalls-total=128703 fail-total=0 null-skips-total=0
[21:43:26] [info] flip-probe: flip #2040 ok=true present=3ms inter_flip_ms=27 drawcalls-since-flip=18 drawcalls-total=128878 fail-total=0 null-skips-total=0
[21:43:26] [info] flip-probe: flip #2050 ok=true present=3ms inter_flip_ms=30 drawcalls-since-flip=18 drawcalls-total=129058 fail-total=0 null-skips-total=0
[21:43:27] [info] flip-probe: flip #2060 ok=true present=2ms inter_flip_ms=28 drawcalls-since-flip=18 drawcalls-total=129238 fail-total=0 null-skips-total=0
[21:43:27] [info] flip-probe: flip #2070 ok=true present=3ms inter_flip_ms=25 drawcalls-since-flip=18 drawcalls-total=129418 fail-total=0 null-skips-total=0
[21:43:27] [info] backdrop cache: thrashing-detect engaged (streak=244, route=direct)
[21:43:27] [info] flip-probe: flip #2080 ok=true present=3ms inter_flip_ms=34 drawcalls-since-flip=17 drawcalls-total=129591 fail-total=0 null-skips-total=0
[21:43:28] [info] flip-probe: flip #2090 ok=true present=2ms inter_flip_ms=28 drawcalls-since-flip=16 drawcalls-total=129760 fail-total=0 null-skips-total=0
[21:43:28] [info] flip-probe: flip #2100 ok=true present=3ms inter_flip_ms=28 drawcalls-since-flip=16 drawcalls-total=129920 fail-total=0 null-skips-total=0
[21:43:28] [info] alpha audit block 0: 1605 total drawcalls, 0 with alpha<255 (block pct_x10=0; global 0/120059 pct_x10=0); alpha-mod skipped: block=0 global=0
[21:43:28] [info] fastpath audit block 0: taken=1605 (idx8=1605) skipped=0 pct_x10=1000; global taken=120059 (idx8=120059) skipped=0 pct_x10=1000
[21:43:28] [info] primitive tally block 0: clear=200(hr=200) fill=0(hr=0) rect=0(hr=0) line=0(hr=0) tint=0 spotlight=0 (over 100 flips ending at flip 2100)
[21:43:28] [info] phase timing block 0: drawcalls=1805 dc_total_ms=471 flip_inner_total_ms=364 inter_flip_total_ms=2943 (per-flip avg x10: dc_ms=47 fi_ms=36 if_ms=294 derived audio+engine_ms=211; per-drawcall avg us_x10=2609) [direct-vesa: presents=100 total_ms=274 avg_ms_x10=27 failed=0] [ablation: NO_DC_TIMING=0 CACHE_WINSURF=0 DIRECT_VESA=1]
[21:43:28] [info] kbd/audio block 0: kbd_irq=0 kbd_drain=0 ring_chunks=16 pump_pass=3242 pic1_mask=0xb8 first_irq_ticks=0 install_ticks=0 vector_at_install=0x0084e3c0 pic1_mask_live=0xb8 kbd_8042_stat=0x34 bios_kbd_head=0x0034 bios_kbd_tail=0x0038 bios_kbd_buf0=0x1e61
[21:43:28] [info] dirty-rect block @flip=2100: total_calls=0 dirty_rects_avg=1 dirty_pct_x10=1000 forced_full=0 first_n_force=0 threshold_exceeded=0 dirty_path_taken=0 full_flush_taken=0
[21:43:28] [info] prev-frame-diff block @flip=2100: diff_calls=0 diff_rects_avg=0 diff_dirty_pct_x10=0 bbox_pct_x10=0 bbox_thresh_exceeded=0
[21:43:28] [info] flip-probe: flip #2110 ok=true present=3ms inter_flip_ms=28 drawcalls-since-flip=17 drawcalls-total=130090 fail-total=0 null-skips-total=0
[21:43:28] [info] flip-probe: flip #2120 ok=true present=3ms inter_flip_ms=27 drawcalls-since-flip=18 drawcalls-total=130263 fail-total=0 null-skips-total=0
[21:43:29] [info] flip-probe: flip #2130 ok=true present=3ms inter_flip_ms=28 drawcalls-since-flip=18 drawcalls-total=130440 fail-total=0 null-skips-total=0
[21:43:29] [info] backdrop cache: thrashing-detect engaged (streak=304, route=direct)
[21:43:29] [info] flip-probe: flip #2140 ok=true present=3ms inter_flip_ms=33 drawcalls-since-flip=18 drawcalls-total=130620 fail-total=0 null-skips-total=0
[21:43:29] [info] flip-probe: flip #2150 ok=true present=3ms inter_flip_ms=28 drawcalls-since-flip=18 drawcalls-total=130800 fail-total=0 null-skips-total=0
[21:43:30] [info] flip-probe: flip #2160 ok=true present=3ms inter_flip_ms=30 drawcalls-since-flip=18 drawcalls-total=130980 fail-total=0 null-skips-total=0
[21:43:30] [info] flip-probe: flip #2170 ok=true present=3ms inter_flip_ms=28 drawcalls-since-flip=20 drawcalls-total=131172 fail-total=0 null-skips-total=0
[21:43:30] [info] flip-probe: flip #2180 ok=true present=3ms inter_flip_ms=26 drawcalls-since-flip=20 drawcalls-total=131372 fail-total=0 null-skips-total=0
[21:43:31] [info] flip-probe: flip #2190 ok=true present=3ms inter_flip_ms=28 drawcalls-since-flip=20 drawcalls-total=131572 fail-total=0 null-skips-total=0
[21:43:31] [info] backdrop cache: thrashing-detect engaged (streak=364, route=direct)
[21:43:31] [info] flip-probe: flip #2200 ok=true present=3ms inter_flip_ms=31 drawcalls-since-flip=20 drawcalls-total=131772 fail-total=0 null-skips-total=0
[21:43:31] [info] alpha audit block 0: 1752 total drawcalls, 0 with alpha<255 (block pct_x10=0; global 0/121811 pct_x10=0); alpha-mod skipped: block=0 global=0
[21:43:31] [info] fastpath audit block 0: taken=1752 (idx8=1752) skipped=0 pct_x10=1000; global taken=121811 (idx8=121811) skipped=0 pct_x10=1000
[21:43:31] [info] primitive tally block 0: clear=200(hr=200) fill=0(hr=0) rect=0(hr=0) line=0(hr=0) tint=0 spotlight=0 (over 100 flips ending at flip 2200)
[21:43:31] [info] phase timing block 0: drawcalls=1952 dc_total_ms=477 flip_inner_total_ms=583 inter_flip_total_ms=2975 (per-flip avg x10: dc_ms=47 fi_ms=58 if_ms=297 derived audio+engine_ms=192; per-drawcall avg us_x10=2448) [direct-vesa: presents=100 total_ms=274 avg_ms_x10=27 failed=0] [ablation: NO_DC_TIMING=0 CACHE_WINSURF=0 DIRECT_VESA=1]
[21:43:31] [info] kbd/audio block 0: kbd_irq=0 kbd_drain=0 ring_chunks=16 pump_pass=3390 pic1_mask=0xb8 first_irq_ticks=0 install_ticks=0 vector_at_install=0x0084e3c0 pic1_mask_live=0xb8 kbd_8042_stat=0x34 bios_kbd_head=0x0034 bios_kbd_tail=0x0038 bios_kbd_buf0=0x1e61
[21:43:31] [info] dirty-rect block @flip=2200: total_calls=0 dirty_rects_avg=1 dirty_pct_x10=1000 forced_full=0 first_n_force=0 threshold_exceeded=0 dirty_path_taken=0 full_flush_taken=0
[21:43:31] [info] prev-frame-diff block @flip=2200: diff_calls=0 diff_rects_avg=0 diff_dirty_pct_x10=0 bbox_pct_x10=0 bbox_thresh_exceeded=0
[21:43:31] [info] tas: stall frame 298 ms -> contributing 1 tick (patch 0286)
[21:43:31] [info] flip-probe: flip #2210 ok=true present=3ms inter_flip_ms=28 drawcalls-since-flip=16 drawcalls-total=131950 fail-total=0 null-skips-total=0
[21:43:32] [info] flip-probe: flip #2220 ok=true present=3ms inter_flip_ms=29 drawcalls-since-flip=16 drawcalls-total=132110 fail-total=0 null-skips-total=0
[21:43:32] [info] flip-probe: flip #2230 ok=true present=3ms inter_flip_ms=29 drawcalls-since-flip=16 drawcalls-total=132270 fail-total=0 null-skips-total=0
[21:43:32] [info] flip-probe: flip #2240 ok=true present=3ms inter_flip_ms=31 drawcalls-since-flip=16 drawcalls-total=132430 fail-total=0 null-skips-total=0
[21:43:33] [info] flip-probe: flip #2250 ok=true present=3ms inter_flip_ms=30 drawcalls-since-flip=18 drawcalls-total=132601 fail-total=0 null-skips-total=0
[21:43:33] [info] backdrop cache: thrashing-detect engaged (streak=424, route=direct)
[21:43:33] [info] flip-probe: flip #2260 ok=true present=3ms inter_flip_ms=33 drawcalls-since-flip=17 drawcalls-total=132772 fail-total=0 null-skips-total=0
[21:43:33] [info] flip-probe: flip #2270 ok=true present=3ms inter_flip_ms=28 drawcalls-since-flip=16 drawcalls-total=132933 fail-total=0 null-skips-total=0
[21:43:33] [info] flip-probe: flip #2280 ok=true present=3ms inter_flip_ms=28 drawcalls-since-flip=15 drawcalls-total=133088 fail-total=0 null-skips-total=0
[21:43:34] [info] flip-probe: flip #2290 ok=true present=3ms inter_flip_ms=30 drawcalls-since-flip=16 drawcalls-total=133240 fail-total=0 null-skips-total=0
[21:43:34] [info] flip-probe: flip #2300 ok=true present=3ms inter_flip_ms=27 drawcalls-since-flip=16 drawcalls-total=133400 fail-total=0 null-skips-total=0
[21:43:34] [info] alpha audit block 0: 1528 total drawcalls, 0 with alpha<255 (block pct_x10=0; global 0/123339 pct_x10=0); alpha-mod skipped: block=0 global=0
[21:43:34] [info] fastpath audit block 0: taken=1528 (idx8=1528) skipped=0 pct_x10=1000; global taken=123339 (idx8=123339) skipped=0 pct_x10=1000
[21:43:34] [info] primitive tally block 0: clear=200(hr=200) fill=0(hr=0) rect=0(hr=0) line=0(hr=0) tint=0 spotlight=0 (over 100 flips ending at flip 2300)
[21:43:34] [info] phase timing block 0: drawcalls=1728 dc_total_ms=473 flip_inner_total_ms=365 inter_flip_total_ms=3213 (per-flip avg x10: dc_ms=47 fi_ms=36 if_ms=321 derived audio+engine_ms=238; per-drawcall avg us_x10=2742) [direct-vesa: presents=100 total_ms=275 avg_ms_x10=27 failed=0] [ablation: NO_DC_TIMING=0 CACHE_WINSURF=0 DIRECT_VESA=1]
[21:43:34] [info] kbd/audio block 0: kbd_irq=0 kbd_drain=0 ring_chunks=16 pump_pass=3537 pic1_mask=0xb8 first_irq_ticks=0 install_ticks=0 vector_at_install=0x0084e3c0 pic1_mask_live=0xb8 kbd_8042_stat=0x34 bios_kbd_head=0x0034 bios_kbd_tail=0x0038 bios_kbd_buf0=0x1e61
[21:43:34] [info] dirty-rect block @flip=2300: total_calls=0 dirty_rects_avg=1 dirty_pct_x10=1000 forced_full=0 first_n_force=0 threshold_exceeded=0 dirty_path_taken=0 full_flush_taken=0
[21:43:34] [info] prev-frame-diff block @flip=2300: diff_calls=0 diff_rects_avg=0 diff_dirty_pct_x10=0 bbox_pct_x10=0 bbox_thresh_exceeded=0
[21:43:34] [info] flip-probe: flip #2310 ok=true present=3ms inter_flip_ms=30 drawcalls-since-flip=19 drawcalls-total=133581 fail-total=0 null-skips-total=0
[21:43:35] [info] backdrop cache: thrashing-detect engaged (streak=484, route=direct)
[21:43:35] [info] flip-probe: flip #2320 ok=true present=3ms inter_flip_ms=33 drawcalls-since-flip=21 drawcalls-total=133778 fail-total=0 null-skips-total=0
[21:43:35] [info] flip-probe: flip #2330 ok=true present=2ms inter_flip_ms=29 drawcalls-since-flip=17 drawcalls-total=133956 fail-total=0 null-skips-total=0
[21:43:35] [info] flip-probe: flip #2340 ok=true present=3ms inter_flip_ms=34 drawcalls-since-flip=119 drawcalls-total=134309 fail-total=0 null-skips-total=0
[21:43:35] [info] run_tick_fixed #3600: heartbeat (loop alive)
[21:43:36] [info] flip-probe: flip #2350 ok=true present=3ms inter_flip_ms=51 drawcalls-since-flip=359 drawcalls-total=137527 fail-total=0 null-skips-total=0
[21:43:36] [info]  >> Entering stage 19: 'Assembly Hall'.
[21:43:36] [info] [skip-sheet-flush] cave=8
[21:43:36] [info] [load-stage] preloading entry music song=9 (cave=8)
[21:43:36] [info] gameloop: entered (curmap=19, running=1)
[21:43:36] [info] gameloop: iter 1 ticks=85830 mapno=-1
[21:43:36] [info] mds-clear-lut: rebuilt N=240 entries (k_skip=100% k_keep=0%; curmap=19 map_size=21x16; rebuild #6 since boot)
[21:43:36] [info] gameloop: iter 2 ticks=85900 mapno=-1
[21:43:37] [info] gameloop: iter 3 ticks=85960 mapno=-1
[21:43:37] [info] flip-probe: flip #2360 ok=true present=4ms inter_flip_ms=46 drawcalls-since-flip=403 drawcalls-total=141525 fail-total=0 null-skips-total=0
[21:43:37] [info] flip-probe: flip #2370 ok=true present=3ms inter_flip_ms=30 drawcalls-since-flip=121 drawcalls-total=143269 fail-total=0 null-skips-total=0
[21:43:38] [info] flip-probe: flip #2380 ok=true present=3ms inter_flip_ms=31 drawcalls-since-flip=121 drawcalls-total=144479 fail-total=0 null-skips-total=0
[21:43:38] [info] flip-probe: flip #2390 ok=true present=3ms inter_flip_ms=31 drawcalls-since-flip=121 drawcalls-total=145689 fail-total=0 null-skips-total=0
[21:43:38] [info] flip-probe: flip #2400 ok=true present=3ms inter_flip_ms=30 drawcalls-since-flip=121 drawcalls-total=146899 fail-total=0 null-skips-total=0
[21:43:38] [info] alpha audit block 0: 12823 total drawcalls, 0 with alpha<255 (block pct_x10=0; global 0/136162 pct_x10=0); alpha-mod skipped: block=0 global=0
[21:43:38] [info] fastpath audit block 0: taken=12823 (idx8=12823) skipped=0 pct_x10=1000; global taken=136162 (idx8=136162) skipped=0 pct_x10=1000
[21:43:38] [info] primitive tally block 0: clear=201(hr=201) fill=0(hr=0) rect=0(hr=0) line=0(hr=0) tint=0 spotlight=0 (over 100 flips ending at flip 2400)
[21:43:38] [info] color/alpha audit block 0: cmod_white=576 cmod_black=576 (idx=576) cmod_general=0 (idx=0) cmod_fb=0; alpha_taken=0 alpha_skipped=0 (global cmod=9402/7896/693/0 idx=7896/693 alpha=0/0)
[21:43:38] [info] phase timing block 0: drawcalls=14224 dc_total_ms=1032 flip_inner_total_ms=369 inter_flip_total_ms=4093 (per-flip avg x10: dc_ms=103 fi_ms=36 if_ms=409 derived audio+engine_ms=270; per-drawcall avg us_x10=726) [direct-vesa: presents=100 total_ms=273 avg_ms_x10=27 failed=0] [ablation: NO_DC_TIMING=0 CACHE_WINSURF=0 DIRECT_VESA=1]
[21:43:38] [info] kbd/audio block 0: kbd_irq=0 kbd_drain=0 ring_chunks=16 pump_pass=3713 pic1_mask=0xb8 first_irq_ticks=0 install_ticks=0 vector_at_install=0x0084e3c0 pic1_mask_live=0xb8 kbd_8042_stat=0x34 bios_kbd_head=0x0034 bios_kbd_tail=0x0038 bios_kbd_buf0=0x1e61
[21:43:38] [info] dirty-rect block @flip=2400: total_calls=0 dirty_rects_avg=1 dirty_pct_x10=1000 forced_full=0 first_n_force=0 threshold_exceeded=0 dirty_path_taken=0 full_flush_taken=0
[21:43:38] [info] prev-frame-diff block @flip=2400: diff_calls=0 diff_rects_avg=0 diff_dirty_pct_x10=0 bbox_pct_x10=0 bbox_thresh_exceeded=0
[21:43:39] [info] flip-probe: flip #2410 ok=true present=3ms inter_flip_ms=32 drawcalls-since-flip=124 drawcalls-total=148131 fail-total=0 null-skips-total=0
[21:43:39] [info] flip-probe: flip #2420 ok=true present=3ms inter_flip_ms=30 drawcalls-since-flip=121 drawcalls-total=149357 fail-total=0 null-skips-total=0
[21:43:39] [info] flip-probe: flip #2430 ok=true present=3ms inter_flip_ms=32 drawcalls-since-flip=123 drawcalls-total=150575 fail-total=0 null-skips-total=0
[21:43:39] [info] flip-probe: flip #2440 ok=true present=3ms inter_flip_ms=31 drawcalls-since-flip=121 drawcalls-total=151796 fail-total=0 null-skips-total=0
[21:43:40] [info] flip-probe: flip #2450 ok=true present=3ms inter_flip_ms=32 drawcalls-since-flip=121 drawcalls-total=153006 fail-total=0 null-skips-total=0
[21:43:40] [info] flip-probe: flip #2460 ok=true present=3ms inter_flip_ms=31 drawcalls-since-flip=121 drawcalls-total=154216 fail-total=0 null-skips-total=0
[21:43:40] [info] flip-probe: flip #2470 ok=true present=3ms inter_flip_ms=31 drawcalls-since-flip=121 drawcalls-total=155426 fail-total=0 null-skips-total=0
[21:43:41] [info] flip-probe: flip #2480 ok=true present=3ms inter_flip_ms=29 drawcalls-since-flip=97 drawcalls-total=156444 fail-total=0 null-skips-total=0
[21:43:41] [info] flip-probe: flip #2490 ok=true present=2ms inter_flip_ms=29 drawcalls-since-flip=97 drawcalls-total=157414 fail-total=0 null-skips-total=0
[21:43:41] [info] flip-probe: flip #2500 ok=true present=3ms inter_flip_ms=48 drawcalls-since-flip=438 drawcalls-total=160293 fail-total=0 null-skips-total=0
[21:43:41] [info] alpha audit block 0: 12430 total drawcalls, 0 with alpha<255 (block pct_x10=0; global 0/148592 pct_x10=0); alpha-mod skipped: block=0 global=0
[21:43:41] [info] fastpath audit block 0: taken=12430 (idx8=12430) skipped=0 pct_x10=1000; global taken=148592 (idx8=148592) skipped=0 pct_x10=1000
[21:43:41] [info] primitive tally block 0: clear=200(hr=200) fill=0(hr=0) rect=0(hr=0) line=0(hr=0) tint=0 spotlight=0 (over 100 flips ending at flip 2500)
[21:43:41] [info] color/alpha audit block 0: cmod_white=864 cmod_black=864 (idx=864) cmod_general=0 (idx=0) cmod_fb=0; alpha_taken=0 alpha_skipped=0 (global cmod=10266/8760/693/0 idx=8760/693 alpha=0/0)
[21:43:41] [info] phase timing block 0: drawcalls=14458 dc_total_ms=1069 flip_inner_total_ms=388 inter_flip_total_ms=3270 (per-flip avg x10: dc_ms=106 fi_ms=38 if_ms=327 derived audio+engine_ms=183; per-drawcall avg us_x10=739) [direct-vesa: presents=100 total_ms=274 avg_ms_x10=27 failed=0] [ablation: NO_DC_TIMING=0 CACHE_WINSURF=0 DIRECT_VESA=1]
[21:43:41] [info] kbd/audio block 0: kbd_irq=0 kbd_drain=0 ring_chunks=16 pump_pass=3876 pic1_mask=0xb8 first_irq_ticks=0 install_ticks=0 vector_at_install=0x0084e3c0 pic1_mask_live=0xb8 kbd_8042_stat=0x34 bios_kbd_head=0x0034 bios_kbd_tail=0x0038 bios_kbd_buf0=0x1e61
[21:43:41] [info] dirty-rect block @flip=2500: total_calls=0 dirty_rects_avg=1 dirty_pct_x10=1000 forced_full=0 first_n_force=0 threshold_exceeded=0 dirty_path_taken=0 full_flush_taken=0
[21:43:41] [info] prev-frame-diff block @flip=2500: diff_calls=0 diff_rects_avg=0 diff_dirty_pct_x10=0 bbox_pct_x10=0 bbox_thresh_exceeded=0
[21:43:42] [info]  >> Entering stage 11: 'Mimiga Village'.
[21:43:42] [info] [skip-sheet-flush] cave=9
[21:43:42] [info] [load-stage] preloading entry music song=9 (cave=9)
[21:43:42] [info] gameloop: entered (curmap=11, running=1)
[21:43:42] [info] gameloop: iter 1 ticks=91664 mapno=-1
[21:43:42] [info] mds-clear-lut: rebuilt N=240 entries (k_skip=0% k_keep=100%; curmap=11 map_size=60x60; rebuild #7 since boot)
[21:43:42] [info] gameloop: iter 2 ticks=91731 mapno=-1
[21:43:42] [info] gameloop: iter 3 ticks=91801 mapno=-1
[21:43:43] [info] flip-probe: flip #2510 ok=true present=2ms inter_flip_ms=52 drawcalls-since-flip=384 drawcalls-total=164051 fail-total=0 null-skips-total=0
[21:43:43] [info] backdrop cache: thrashing-detect engaged (streak=4, route=direct)
[21:43:43] [info] flip-probe: flip #2520 ok=true present=3ms inter_flip_ms=28 drawcalls-since-flip=32 drawcalls-total=165683 fail-total=0 null-skips-total=0
[21:43:43] [info] flip-probe: flip #2530 ok=true present=2ms inter_flip_ms=30 drawcalls-since-flip=44 drawcalls-total=166105 fail-total=0 null-skips-total=0
[21:43:44] [info] flip-probe: flip #2540 ok=true present=3ms inter_flip_ms=30 drawcalls-since-flip=45 drawcalls-total=166556 fail-total=0 null-skips-total=0
[21:43:44] [info] flip-probe: flip #2550 ok=true present=2ms inter_flip_ms=32 drawcalls-since-flip=41 drawcalls-total=166984 fail-total=0 null-skips-total=0
[21:43:44] [info] flip-probe: flip #2560 ok=true present=3ms inter_flip_ms=32 drawcalls-since-flip=42 drawcalls-total=167399 fail-total=0 null-skips-total=0
[21:43:44] [info] flip-probe: flip #2570 ok=true present=2ms inter_flip_ms=30 drawcalls-since-flip=43 drawcalls-total=167821 fail-total=0 null-skips-total=0
[21:43:45] [info] backdrop cache: thrashing-detect engaged (streak=64, route=direct)
[21:43:45] [info] flip-probe: flip #2580 ok=true present=3ms inter_flip_ms=30 drawcalls-since-flip=44 drawcalls-total=168253 fail-total=0 null-skips-total=0
[21:43:45] [info] flip-probe: flip #2590 ok=true present=3ms inter_flip_ms=33 drawcalls-since-flip=42 drawcalls-total=168682 fail-total=0 null-skips-total=0
[21:43:45] [info] flip-probe: flip #2600 ok=true present=3ms inter_flip_ms=28 drawcalls-since-flip=42 drawcalls-total=169102 fail-total=0 null-skips-total=0
[21:43:45] [info] alpha audit block 0: 7474 total drawcalls, 0 with alpha<255 (block pct_x10=0; global 0/156066 pct_x10=0); alpha-mod skipped: block=0 global=0
[21:43:45] [info] fastpath audit block 0: taken=7474 (idx8=7474) skipped=0 pct_x10=1000; global taken=156066 (idx8=156066) skipped=0 pct_x10=1000
[21:43:45] [info] primitive tally block 0: clear=201(hr=201) fill=0(hr=0) rect=0(hr=0) line=0(hr=0) tint=0 spotlight=0 (over 100 flips ending at flip 2600)
[21:43:45] [info] color/alpha audit block 0: cmod_white=1235 cmod_black=1235 (idx=1235) cmod_general=0 (idx=0) cmod_fb=0; alpha_taken=0 alpha_skipped=0 (global cmod=11501/9995/693/0 idx=9995/693 alpha=0/0)
[21:43:45] [info] phase timing block 0: drawcalls=10158 dc_total_ms=834 flip_inner_total_ms=374 inter_flip_total_ms=4033 (per-flip avg x10: dc_ms=83 fi_ms=37 if_ms=403 derived audio+engine_ms=283; per-drawcall avg us_x10=821) [direct-vesa: presents=100 total_ms=275 avg_ms_x10=27 failed=0] [ablation: NO_DC_TIMING=0 CACHE_WINSURF=0 DIRECT_VESA=1]
[21:43:45] [info] kbd/audio block 0: kbd_irq=0 kbd_drain=0 ring_chunks=16 pump_pass=4050 pic1_mask=0xb8 first_irq_ticks=0 install_ticks=0 vector_at_install=0x0084e3c0 pic1_mask_live=0xb8 kbd_8042_stat=0x34 bios_kbd_head=0x0034 bios_kbd_tail=0x0038 bios_kbd_buf0=0x1e61
[21:43:45] [info] dirty-rect block @flip=2600: total_calls=0 dirty_rects_avg=1 dirty_pct_x10=1000 forced_full=0 first_n_force=0 threshold_exceeded=0 dirty_path_taken=0 full_flush_taken=0
[21:43:45] [info] prev-frame-diff block @flip=2600: diff_calls=0 diff_rects_avg=0 diff_dirty_pct_x10=0 bbox_pct_x10=0 bbox_thresh_exceeded=0
[21:43:46] [info] flip-probe: flip #2610 ok=true present=3ms inter_flip_ms=30 drawcalls-since-flip=45 drawcalls-total=169546 fail-total=0 null-skips-total=0
[21:43:46] [info] flip-probe: flip #2620 ok=true present=3ms inter_flip_ms=29 drawcalls-since-flip=44 drawcalls-total=169988 fail-total=0 null-skips-total=0
[21:43:46] [info] flip-probe: flip #2630 ok=true present=3ms inter_flip_ms=28 drawcalls-since-flip=19 drawcalls-total=170296 fail-total=0 null-skips-total=0
[21:43:47] [info] backdrop cache: thrashing-detect engaged (streak=124, route=direct)
[21:43:47] [info] flip-probe: flip #2640 ok=true present=3ms inter_flip_ms=29 drawcalls-since-flip=17 drawcalls-total=170466 fail-total=0 null-skips-total=0
[21:43:47] [info] flip-probe: flip #2650 ok=true present=3ms inter_flip_ms=25 drawcalls-since-flip=17 drawcalls-total=170636 fail-total=0 null-skips-total=0
[21:43:47] [info] flip-probe: flip #2660 ok=true present=3ms inter_flip_ms=27 drawcalls-since-flip=16 drawcalls-total=170803 fail-total=0 null-skips-total=0
[21:43:48] [info] flip-probe: flip #2670 ok=true present=2ms inter_flip_ms=28 drawcalls-since-flip=16 drawcalls-total=170963 fail-total=0 null-skips-total=0
[21:43:48] [info] flip-probe: flip #2680 ok=true present=3ms inter_flip_ms=28 drawcalls-since-flip=16 drawcalls-total=171123 fail-total=0 null-skips-total=0
[21:43:48] [info] flip-probe: flip #2690 ok=true present=3ms inter_flip_ms=28 drawcalls-since-flip=16 drawcalls-total=171283 fail-total=0 null-skips-total=0
[21:43:48] [info] backdrop cache: thrashing-detect engaged (streak=184, route=direct)
[21:43:48] [info] flip-probe: flip #2700 ok=true present=3ms inter_flip_ms=26 drawcalls-since-flip=17 drawcalls-total=171450 fail-total=0 null-skips-total=0
[21:43:48] [info] alpha audit block 0: 1923 total drawcalls, 0 with alpha<255 (block pct_x10=0; global 0/157989 pct_x10=0); alpha-mod skipped: block=0 global=0
[21:43:48] [info] fastpath audit block 0: taken=1923 (idx8=1923) skipped=0 pct_x10=1000; global taken=157989 (idx8=157989) skipped=0 pct_x10=1000
[21:43:48] [info] primitive tally block 0: clear=200(hr=200) fill=0(hr=0) rect=0(hr=0) line=0(hr=0) tint=0 spotlight=0 (over 100 flips ending at flip 2700)
[21:43:48] [info] color/alpha audit block 0: cmod_white=325 cmod_black=325 (idx=325) cmod_general=0 (idx=0) cmod_fb=0; alpha_taken=0 alpha_skipped=0 (global cmod=11826/10320/693/0 idx=10320/693 alpha=0/0)
[21:43:48] [info] phase timing block 0: drawcalls=2773 dc_total_ms=499 flip_inner_total_ms=378 inter_flip_total_ms=2983 (per-flip avg x10: dc_ms=49 fi_ms=37 if_ms=298 derived audio+engine_ms=212; per-drawcall avg us_x10=1800) [direct-vesa: presents=100 total_ms=273 avg_ms_x10=27 failed=0] [ablation: NO_DC_TIMING=0 CACHE_WINSURF=0 DIRECT_VESA=1]
[21:43:48] [info] kbd/audio block 0: kbd_irq=0 kbd_drain=0 ring_chunks=16 pump_pass=4199 pic1_mask=0xb8 first_irq_ticks=0 install_ticks=0 vector_at_install=0x0084e3c0 pic1_mask_live=0xb8 kbd_8042_stat=0x34 bios_kbd_head=0x0034 bios_kbd_tail=0x0038 bios_kbd_buf0=0x1e61
[21:43:48] [info] dirty-rect block @flip=2700: total_calls=0 dirty_rects_avg=1 dirty_pct_x10=1000 forced_full=0 first_n_force=0 threshold_exceeded=0 dirty_path_taken=0 full_flush_taken=0
[21:43:48] [info] prev-frame-diff block @flip=2700: diff_calls=0 diff_rects_avg=0 diff_dirty_pct_x10=0 bbox_pct_x10=0 bbox_thresh_exceeded=0
[21:43:49] [info] flip-probe: flip #2710 ok=true present=3ms inter_flip_ms=30 drawcalls-since-flip=17 drawcalls-total=171620 fail-total=0 null-skips-total=0
[21:43:49] [info] flip-probe: flip #2720 ok=true present=3ms inter_flip_ms=28 drawcalls-since-flip=19 drawcalls-total=171798 fail-total=0 null-skips-total=0
[21:43:49] [info] flip-probe: flip #2730 ok=true present=3ms inter_flip_ms=31 drawcalls-since-flip=16 drawcalls-total=171976 fail-total=0 null-skips-total=0
[21:43:50] [info] flip-probe: flip #2740 ok=true present=3ms inter_flip_ms=28 drawcalls-since-flip=15 drawcalls-total=172140 fail-total=0 null-skips-total=0
[21:43:50] [info] flip-probe: flip #2750 ok=true present=3ms inter_flip_ms=28 drawcalls-since-flip=14 drawcalls-total=172283 fail-total=0 null-skips-total=0
[21:43:50] [info] backdrop cache: thrashing-detect engaged (streak=244, route=direct)
[21:43:50] [info] flip-probe: flip #2760 ok=true present=3ms inter_flip_ms=30 drawcalls-since-flip=14 drawcalls-total=172423 fail-total=0 null-skips-total=0
[21:43:51] [info] flip-probe: flip #2770 ok=true present=2ms inter_flip_ms=50 drawcalls-since-flip=356 drawcalls-total=174107 fail-total=0 null-skips-total=0
[21:43:51] [info]  >> Entering stage 14: 'Shack'.
[21:43:51] [info] [skip-sheet-flush] cave=10
[21:43:51] [info] [load-stage] preloading entry music song=8 (cave=10)
[21:43:51] [info] [music-dispatch] tick=4326 song=8 (prev 9)
[21:43:51] [info] opl2 backend: on_song_stop
[21:43:51] [info] MidiScheduler::load: parsed 'data/orgmid2/vivi.mid' = 4558 events at 48 PPQ
[21:43:51] [info] opl2 backend: on_song_start
[21:43:52] [info] gameloop: entered (curmap=14, running=1)
[21:43:52] [info] gameloop: iter 1 ticks=100937 mapno=-1
[21:43:52] [info] gameloop: iter 2 ticks=100985 mapno=-1
[21:43:52] [info] gameloop: iter 3 ticks=101034 mapno=-1
[21:43:52] [info] flip-probe: flip #2780 ok=true present=3ms inter_flip_ms=50 drawcalls-since-flip=365 drawcalls-total=176990 fail-total=0 null-skips-total=0
[21:43:52] [info] flip-probe: flip #2790 ok=true present=3ms inter_flip_ms=28 drawcalls-since-flip=125 drawcalls-total=179944 fail-total=0 null-skips-total=0
[21:43:52] [info] flip-probe: flip #2800 ok=true present=3ms inter_flip_ms=21 drawcalls-since-flip=23 drawcalls-total=180248 fail-total=0 null-skips-total=0
[21:43:52] [info] alpha audit block 0: 8606 total drawcalls, 0 with alpha<255 (block pct_x10=0; global 0/166595 pct_x10=0); alpha-mod skipped: block=0 global=0
[21:43:52] [info] fastpath audit block 0: taken=8606 (idx8=8606) skipped=0 pct_x10=1000; global taken=166595 (idx8=166595) skipped=0 pct_x10=1000
[21:43:52] [info] primitive tally block 0: clear=202(hr=202) fill=0(hr=0) rect=0(hr=0) line=0(hr=0) tint=0 spotlight=0 (over 100 flips ending at flip 2800)
[21:43:52] [info] color/alpha audit block 0: cmod_white=115 cmod_black=115 (idx=115) cmod_general=0 (idx=0) cmod_fb=0; alpha_taken=0 alpha_skipped=0 (global cmod=11941/10435/693/0 idx=10435/693 alpha=0/0)
[21:43:52] [info] phase timing block 0: drawcalls=9038 dc_total_ms=765 flip_inner_total_ms=376 inter_flip_total_ms=3854 (per-flip avg x10: dc_ms=76 fi_ms=37 if_ms=385 derived audio+engine_ms=272; per-drawcall avg us_x10=847) [direct-vesa: presents=100 total_ms=274 avg_ms_x10=27 failed=0] [ablation: NO_DC_TIMING=0 CACHE_WINSURF=0 DIRECT_VESA=1]
[21:43:52] [info] kbd/audio block 0: kbd_irq=0 kbd_drain=0 ring_chunks=16 pump_pass=4363 pic1_mask=0xb8 first_irq_ticks=0 install_ticks=0 vector_at_install=0x0084e3c0 pic1_mask_live=0xb8 kbd_8042_stat=0x34 bios_kbd_head=0x0034 bios_kbd_tail=0x0038 bios_kbd_buf0=0x1e61
[21:43:52] [info] dirty-rect block @flip=2800: total_calls=0 dirty_rects_avg=1 dirty_pct_x10=1000 forced_full=0 first_n_force=0 threshold_exceeded=0 dirty_path_taken=0 full_flush_taken=0
[21:43:52] [info] prev-frame-diff block @flip=2800: diff_calls=0 diff_rects_avg=0 diff_dirty_pct_x10=0 bbox_pct_x10=0 bbox_thresh_exceeded=0
[21:43:53] [info] flip-probe: flip #2810 ok=true present=2ms inter_flip_ms=22 drawcalls-since-flip=23 drawcalls-total=180478 fail-total=0 null-skips-total=0
[21:43:53] [info] flip-probe: flip #2820 ok=true present=3ms inter_flip_ms=21 drawcalls-since-flip=23 drawcalls-total=180708 fail-total=0 null-skips-total=0
[21:43:53] [info] flip-probe: flip #2830 ok=true present=3ms inter_flip_ms=21 drawcalls-since-flip=23 drawcalls-total=180938 fail-total=0 null-skips-total=0
[21:43:53] [info] flip-probe: flip #2840 ok=true present=3ms inter_flip_ms=21 drawcalls-since-flip=23 drawcalls-total=181168 fail-total=0 null-skips-total=0
[21:43:53] [info] flip-probe: flip #2850 ok=true present=3ms inter_flip_ms=23 drawcalls-since-flip=27 drawcalls-total=181420 fail-total=0 null-skips-total=0
[21:43:54] [info] flip-probe: flip #2860 ok=true present=2ms inter_flip_ms=23 drawcalls-since-flip=26 drawcalls-total=181684 fail-total=0 null-skips-total=0
[21:43:54] [info] flip-probe: flip #2870 ok=true present=3ms inter_flip_ms=21 drawcalls-since-flip=24 drawcalls-total=181936 fail-total=0 null-skips-total=0
[21:43:54] [info] tas: stall frame 244 ms -> contributing 1 tick (patch 0286)
[21:43:54] [info] flip-probe: flip #2880 ok=true present=3ms inter_flip_ms=22 drawcalls-since-flip=23 drawcalls-total=182169 fail-total=0 null-skips-total=0
[21:43:55] [info] flip-probe: flip #2890 ok=true present=3ms inter_flip_ms=21 drawcalls-since-flip=23 drawcalls-total=182399 fail-total=0 null-skips-total=0
[21:43:55] [info] flip-probe: flip #2900 ok=true present=3ms inter_flip_ms=21 drawcalls-since-flip=13 drawcalls-total=182599 fail-total=0 null-skips-total=0
[21:43:55] [info] alpha audit block 0: 1866 total drawcalls, 0 with alpha<255 (block pct_x10=0; global 0/168461 pct_x10=0); alpha-mod skipped: block=0 global=0
[21:43:55] [info] fastpath audit block 0: taken=1866 (idx8=1866) skipped=0 pct_x10=1000; global taken=168461 (idx8=168461) skipped=0 pct_x10=1000
[21:43:55] [info] primitive tally block 0: clear=200(hr=200) fill=0(hr=0) rect=0(hr=0) line=0(hr=0) tint=0 spotlight=0 (over 100 flips ending at flip 2900)
[21:43:55] [info] color/alpha audit block 0: cmod_white=485 cmod_black=485 (idx=485) cmod_general=0 (idx=0) cmod_fb=0; alpha_taken=0 alpha_skipped=0 (global cmod=12426/10920/693/0 idx=10920/693 alpha=0/0)
[21:43:55] [info] phase timing block 0: drawcalls=3036 dc_total_ms=491 flip_inner_total_ms=587 inter_flip_total_ms=2521 (per-flip avg x10: dc_ms=49 fi_ms=58 if_ms=252 derived audio+engine_ms=145; per-drawcall avg us_x10=1617) [direct-vesa: presents=100 total_ms=274 avg_ms_x10=27 failed=0] [ablation: NO_DC_TIMING=0 CACHE_WINSURF=0 DIRECT_VESA=1]
[21:43:55] [info] kbd/audio block 0: kbd_irq=0 kbd_drain=0 ring_chunks=16 pump_pass=4478 pic1_mask=0xb8 first_irq_ticks=0 install_ticks=0 vector_at_install=0x0084e3c0 pic1_mask_live=0xb8 kbd_8042_stat=0x34 bios_kbd_head=0x0034 bios_kbd_tail=0x0038 bios_kbd_buf0=0x1e61
[21:43:55] [info] dirty-rect block @flip=2900: total_calls=0 dirty_rects_avg=1 dirty_pct_x10=1000 forced_full=0 first_n_force=0 threshold_exceeded=0 dirty_path_taken=0 full_flush_taken=0
[21:43:55] [info] prev-frame-diff block @flip=2900: diff_calls=0 diff_rects_avg=0 diff_dirty_pct_x10=0 bbox_pct_x10=0 bbox_thresh_exceeded=0
[21:43:55] [info] flip-probe: flip #2910 ok=true present=3ms inter_flip_ms=21 drawcalls-since-flip=13 drawcalls-total=182729 fail-total=0 null-skips-total=0
[21:43:55] [info] run_tick_fixed #4500: heartbeat (loop alive)
[21:43:55] [info] flip-probe: flip #2920 ok=true present=3ms inter_flip_ms=22 drawcalls-since-flip=13 drawcalls-total=182859 fail-total=0 null-skips-total=0
[21:43:55] [info] flip-probe: flip #2930 ok=true present=2ms inter_flip_ms=21 drawcalls-since-flip=13 drawcalls-total=182989 fail-total=0 null-skips-total=0
[21:43:56] [info] flip-probe: flip #2940 ok=true present=3ms inter_flip_ms=20 drawcalls-since-flip=13 drawcalls-total=183119 fail-total=0 null-skips-total=0
[21:43:56] [info] flip-probe: flip #2950 ok=true present=3ms inter_flip_ms=20 drawcalls-since-flip=13 drawcalls-total=183249 fail-total=0 null-skips-total=0
[21:43:56] [info] flip-probe: flip #2960 ok=true present=3ms inter_flip_ms=21 drawcalls-since-flip=13 drawcalls-total=183379 fail-total=0 null-skips-total=0
[21:43:56] [info] flip-probe: flip #2970 ok=true present=3ms inter_flip_ms=20 drawcalls-since-flip=13 drawcalls-total=183509 fail-total=0 null-skips-total=0
[21:43:57] [info] flip-probe: flip #2980 ok=true present=3ms inter_flip_ms=21 drawcalls-since-flip=13 drawcalls-total=183639 fail-total=0 null-skips-total=0
[21:43:57] [info] flip-probe: flip #2990 ok=true present=3ms inter_flip_ms=22 drawcalls-since-flip=43 drawcalls-total=183799 fail-total=0 null-skips-total=0
[21:43:57] [info] flip-probe: flip #3000 ok=true present=3ms inter_flip_ms=46 drawcalls-since-flip=355 drawcalls-total=186289 fail-total=0 null-skips-total=0
[21:43:57] [info] alpha audit block 0: 3690 total drawcalls, 0 with alpha<255 (block pct_x10=0; global 0/172151 pct_x10=0); alpha-mod skipped: block=0 global=0
[21:43:57] [info] fastpath audit block 0: taken=3690 (idx8=3690) skipped=0 pct_x10=1000; global taken=172151 (idx8=172151) skipped=0 pct_x10=1000
[21:43:57] [info] primitive tally block 0: clear=200(hr=200) fill=0(hr=0) rect=0(hr=0) line=0(hr=0) tint=0 spotlight=0 (over 100 flips ending at flip 3000)
[21:43:57] [info] phase timing block 0: drawcalls=3890 dc_total_ms=530 flip_inner_total_ms=370 inter_flip_total_ms=2360 (per-flip avg x10: dc_ms=53 fi_ms=37 if_ms=236 derived audio+engine_ms=146; per-drawcall avg us_x10=1362) [direct-vesa: presents=100 total_ms=274 avg_ms_x10=27 failed=0] [ablation: NO_DC_TIMING=0 CACHE_WINSURF=0 DIRECT_VESA=1]
[21:43:57] [info] kbd/audio block 0: kbd_irq=0 kbd_drain=0 ring_chunks=16 pump_pass=4595 pic1_mask=0xb8 first_irq_ticks=0 install_ticks=0 vector_at_install=0x0084e3c0 pic1_mask_live=0xb8 kbd_8042_stat=0x34 bios_kbd_head=0x0034 bios_kbd_tail=0x0038 bios_kbd_buf0=0x1e61
[21:43:57] [info] dirty-rect block @flip=3000: total_calls=0 dirty_rects_avg=1 dirty_pct_x10=1000 forced_full=0 first_n_force=0 threshold_exceeded=0 dirty_path_taken=0 full_flush_taken=0
[21:43:57] [info] prev-frame-diff block @flip=3000: diff_calls=0 diff_rects_avg=0 diff_dirty_pct_x10=0 bbox_pct_x10=0 bbox_thresh_exceeded=0
[21:43:57] [info]  >> Entering stage 11: 'Mimiga Village'.
[21:43:57] [info] [skip-sheet-flush] cave=11
[21:43:58] [info] [load-stage] preloading entry music song=9 (cave=11)
[21:43:58] [info] [music-dispatch] tick=4609 song=9 (prev 8)
[21:43:58] [info] opl2 backend: on_song_stop
[21:43:58] [info] MidiScheduler::load: parsed 'data/orgmid2/mura.mid' = 2863 events at 48 PPQ
[21:43:58] [info] opl2 backend: on_song_start
[21:43:58] [info] gameloop: entered (curmap=11, running=1)
[21:43:58] [info] gameloop: iter 1 ticks=107317 mapno=-1
[21:43:58] [info] gameloop: iter 2 ticks=107381 mapno=-1
[21:43:58] [info] gameloop: iter 3 ticks=107440 mapno=-1
[21:43:58] [info] flip-probe: flip #3010 ok=true present=3ms inter_flip_ms=60 drawcalls-since-flip=382 drawcalls-total=189243 fail-total=0 null-skips-total=0
[21:43:58] [info] backdrop cache: thrashing-detect engaged (streak=4, route=direct)
[21:43:59] [info] flip-probe: flip #3020 ok=true present=3ms inter_flip_ms=30 drawcalls-since-flip=30 drawcalls-total=191207 fail-total=0 null-skips-total=0
[21:43:59] [info] flip-probe: flip #3030 ok=true present=3ms inter_flip_ms=31 drawcalls-since-flip=40 drawcalls-total=191587 fail-total=0 null-skips-total=0
[21:43:59] [info] flip-probe: flip #3040 ok=true present=3ms inter_flip_ms=29 drawcalls-since-flip=42 drawcalls-total=191997 fail-total=0 null-skips-total=0
[21:43:59] [info] flip-probe: flip #3050 ok=true present=4ms inter_flip_ms=29 drawcalls-since-flip=43 drawcalls-total=192424 fail-total=0 null-skips-total=0
[21:44:00] [info] flip-probe: flip #3060 ok=true present=2ms inter_flip_ms=32 drawcalls-since-flip=43 drawcalls-total=192854 fail-total=0 null-skips-total=0
[21:44:00] [info] flip-probe: flip #3070 ok=true present=3ms inter_flip_ms=32 drawcalls-since-flip=46 drawcalls-total=193301 fail-total=0 null-skips-total=0
[21:44:00] [info] backdrop cache: thrashing-detect engaged (streak=64, route=direct)
[21:44:00] [info] flip-probe: flip #3080 ok=true present=3ms inter_flip_ms=29 drawcalls-since-flip=46 drawcalls-total=193764 fail-total=0 null-skips-total=0
[21:44:01] [info] flip-probe: flip #3090 ok=true present=2ms inter_flip_ms=29 drawcalls-since-flip=42 drawcalls-total=194191 fail-total=0 null-skips-total=0
[21:44:01] [info] flip-probe: flip #3100 ok=true present=2ms inter_flip_ms=29 drawcalls-since-flip=42 drawcalls-total=194611 fail-total=0 null-skips-total=0
[21:44:01] [info] alpha audit block 0: 7006 total drawcalls, 0 with alpha<255 (block pct_x10=0; global 0/179157 pct_x10=0); alpha-mod skipped: block=0 global=0
[21:44:01] [info] fastpath audit block 0: taken=7006 (idx8=7006) skipped=0 pct_x10=1000; global taken=179157 (idx8=179157) skipped=0 pct_x10=1000
[21:44:01] [info] primitive tally block 0: clear=202(hr=202) fill=0(hr=0) rect=0(hr=0) line=0(hr=0) tint=0 spotlight=0 (over 100 flips ending at flip 3100)
[21:44:01] [info] color/alpha audit block 0: cmod_white=1222 cmod_black=1222 (idx=1222) cmod_general=0 (idx=0) cmod_fb=0; alpha_taken=0 alpha_skipped=0 (global cmod=13648/12142/693/0 idx=12142/693 alpha=0/0)
[21:44:01] [info] phase timing block 0: drawcalls=9660 dc_total_ms=797 flip_inner_total_ms=372 inter_flip_total_ms=3867 (per-flip avg x10: dc_ms=79 fi_ms=37 if_ms=386 derived audio+engine_ms=270; per-drawcall avg us_x10=825) [direct-vesa: presents=100 total_ms=274 avg_ms_x10=27 failed=0] [ablation: NO_DC_TIMING=0 CACHE_WINSURF=0 DIRECT_VESA=1]
[21:44:01] [info] kbd/audio block 0: kbd_irq=0 kbd_drain=0 ring_chunks=16 pump_pass=4764 pic1_mask=0xb8 first_irq_ticks=0 install_ticks=0 vector_at_install=0x0084e3c0 pic1_mask_live=0xb8 kbd_8042_stat=0x34 bios_kbd_head=0x0034 bios_kbd_tail=0x0038 bios_kbd_buf0=0x1e61
[21:44:01] [info] dirty-rect block @flip=3100: total_calls=0 dirty_rects_avg=1 dirty_pct_x10=1000 forced_full=0 first_n_force=0 threshold_exceeded=0 dirty_path_taken=0 full_flush_taken=0
[21:44:01] [info] prev-frame-diff block @flip=3100: diff_calls=0 diff_rects_avg=0 diff_dirty_pct_x10=0 bbox_pct_x10=0 bbox_thresh_exceeded=0
[21:44:01] [info] flip-probe: flip #3110 ok=true present=3ms inter_flip_ms=28 drawcalls-since-flip=45 drawcalls-total=195037 fail-total=0 null-skips-total=0
[21:44:02] [info] flip-probe: flip #3120 ok=true present=2ms inter_flip_ms=30 drawcalls-since-flip=45 drawcalls-total=195490 fail-total=0 null-skips-total=0
[21:44:02] [info] backdrop cache: thrashing-detect engaged (streak=4, route=direct)
[21:44:02] [info] flip-probe: flip #3130 ok=true present=3ms inter_flip_ms=30 drawcalls-since-flip=18 drawcalls-total=195827 fail-total=0 null-skips-total=0
[21:44:02] [info] flip-probe: flip #3140 ok=true present=3ms inter_flip_ms=28 drawcalls-since-flip=18 drawcalls-total=196007 fail-total=0 null-skips-total=0
[21:44:03] [info] flip-probe: flip #3150 ok=true present=3ms inter_flip_ms=28 drawcalls-since-flip=18 drawcalls-total=196187 fail-total=0 null-skips-total=0
[21:44:03] [info] flip-probe: flip #3160 ok=true present=3ms inter_flip_ms=31 drawcalls-since-flip=19 drawcalls-total=196374 fail-total=0 null-skips-total=0
[21:44:03] [info] flip-probe: flip #3170 ok=true present=3ms inter_flip_ms=30 drawcalls-since-flip=19 drawcalls-total=196572 fail-total=0 null-skips-total=0
[21:44:04] [info] flip-probe: flip #3180 ok=true present=3ms inter_flip_ms=31 drawcalls-since-flip=18 drawcalls-total=196757 fail-total=0 null-skips-total=0
[21:44:04] [info] flip-probe: flip #3190 ok=true present=3ms inter_flip_ms=30 drawcalls-since-flip=17 drawcalls-total=196929 fail-total=0 null-skips-total=0
[21:44:04] [info] flip-probe: flip #3200 ok=true present=3ms inter_flip_ms=28 drawcalls-since-flip=17 drawcalls-total=197099 fail-total=0 null-skips-total=0
[21:44:04] [info] alpha audit block 0: 2050 total drawcalls, 0 with alpha<255 (block pct_x10=0; global 0/181207 pct_x10=0); alpha-mod skipped: block=0 global=0
[21:44:04] [info] fastpath audit block 0: taken=2050 (idx8=2050) skipped=0 pct_x10=1000; global taken=181207 (idx8=181207) skipped=0 pct_x10=1000
[21:44:04] [info] primitive tally block 0: clear=200(hr=200) fill=0(hr=0) rect=0(hr=0) line=0(hr=0) tint=0 spotlight=0 (over 100 flips ending at flip 3200)
[21:44:04] [info] color/alpha audit block 0: cmod_white=338 cmod_black=338 (idx=338) cmod_general=0 (idx=0) cmod_fb=0; alpha_taken=0 alpha_skipped=0 (global cmod=13986/12480/693/0 idx=12480/693 alpha=0/0)
[21:44:04] [info] phase timing block 0: drawcalls=2949 dc_total_ms=614 flip_inner_total_ms=374 inter_flip_total_ms=3140 (per-flip avg x10: dc_ms=61 fi_ms=37 if_ms=314 derived audio+engine_ms=216; per-drawcall avg us_x10=2082) [direct-vesa: presents=100 total_ms=274 avg_ms_x10=27 failed=0] [ablation: NO_DC_TIMING=0 CACHE_WINSURF=0 DIRECT_VESA=1]
[21:44:04] [info] kbd/audio block 0: kbd_irq=0 kbd_drain=0 ring_chunks=16 pump_pass=4921 pic1_mask=0xb8 first_irq_ticks=0 install_ticks=0 vector_at_install=0x0084e3c0 pic1_mask_live=0xb8 kbd_8042_stat=0x34 bios_kbd_head=0x0034 bios_kbd_tail=0x0038 bios_kbd_buf0=0x1e61
[21:44:04] [info] dirty-rect block @flip=3200: total_calls=0 dirty_rects_avg=1 dirty_pct_x10=1000 forced_full=0 first_n_force=0 threshold_exceeded=0 dirty_path_taken=0 full_flush_taken=0
[21:44:04] [info] prev-frame-diff block @flip=3200: diff_calls=0 diff_rects_avg=0 diff_dirty_pct_x10=0 bbox_pct_x10=0 bbox_thresh_exceeded=0
[21:44:05] [info] flip-probe: flip #3210 ok=true present=3ms inter_flip_ms=38 drawcalls-since-flip=18 drawcalls-total=197277 fail-total=0 null-skips-total=0
[21:44:05] [info] backdrop cache: thrashing-detect engaged (streak=4, route=direct)
[21:44:05] [info] flip-probe: flip #3220 ok=true present=2ms inter_flip_ms=28 drawcalls-since-flip=19 drawcalls-total=197464 fail-total=0 null-skips-total=0
[21:44:05] [info] flip-probe: flip #3230 ok=true present=3ms inter_flip_ms=28 drawcalls-since-flip=20 drawcalls-total=197660 fail-total=0 null-skips-total=0
[21:44:05] [info] flip-probe: flip #3240 ok=true present=2ms inter_flip_ms=29 drawcalls-since-flip=19 drawcalls-total=197856 fail-total=0 null-skips-total=0
[21:44:06] [info] flip-probe: flip #3250 ok=true present=3ms inter_flip_ms=28 drawcalls-since-flip=18 drawcalls-total=198042 fail-total=0 null-skips-total=0
[21:44:06] [info] flip-probe: flip #3260 ok=true present=3ms inter_flip_ms=28 drawcalls-since-flip=18 drawcalls-total=198222 fail-total=0 null-skips-total=0
[21:44:06] [info] flip-probe: flip #3270 ok=true present=3ms inter_flip_ms=30 drawcalls-since-flip=18 drawcalls-total=198402 fail-total=0 null-skips-total=0
[21:44:06] [info] backdrop cache: thrashing-detect engaged (streak=64, route=direct)
[21:44:07] [info] flip-probe: flip #3280 ok=true present=3ms inter_flip_ms=28 drawcalls-since-flip=18 drawcalls-total=198582 fail-total=0 null-skips-total=0
[21:44:07] [info] flip-probe: flip #3290 ok=true present=3ms inter_flip_ms=28 drawcalls-since-flip=18 drawcalls-total=198762 fail-total=0 null-skips-total=0
[21:44:07] [info] flip-probe: flip #3300 ok=true present=3ms inter_flip_ms=28 drawcalls-since-flip=18 drawcalls-total=198942 fail-total=0 null-skips-total=0
[21:44:07] [info] alpha audit block 0: 1743 total drawcalls, 0 with alpha<255 (block pct_x10=0; global 0/182950 pct_x10=0); alpha-mod skipped: block=0 global=0
[21:44:07] [info] fastpath audit block 0: taken=1743 (idx8=1743) skipped=0 pct_x10=1000; global taken=182950 (idx8=182950) skipped=0 pct_x10=1000
[21:44:07] [info] primitive tally block 0: clear=200(hr=200) fill=0(hr=0) rect=0(hr=0) line=0(hr=0) tint=0 spotlight=0 (over 100 flips ending at flip 3300)
[21:44:07] [info] phase timing block 0: drawcalls=1953 dc_total_ms=527 flip_inner_total_ms=369 inter_flip_total_ms=3099 (per-flip avg x10: dc_ms=52 fi_ms=36 if_ms=309 derived audio+engine_ms=221; per-drawcall avg us_x10=2702) [direct-vesa: presents=100 total_ms=274 avg_ms_x10=27 failed=0] [ablation: NO_DC_TIMING=0 CACHE_WINSURF=0 DIRECT_VESA=1]
[21:44:07] [info] kbd/audio block 0: kbd_irq=0 kbd_drain=0 ring_chunks=16 pump_pass=5076 pic1_mask=0xb8 first_irq_ticks=0 install_ticks=0 vector_at_install=0x0084e3c0 pic1_mask_live=0xb8 kbd_8042_stat=0x34 bios_kbd_head=0x0034 bios_kbd_tail=0x0038 bios_kbd_buf0=0x1e61
[21:44:07] [info] dirty-rect block @flip=3300: total_calls=0 dirty_rects_avg=1 dirty_pct_x10=1000 forced_full=0 first_n_force=0 threshold_exceeded=0 dirty_path_taken=0 full_flush_taken=0
[21:44:07] [info] prev-frame-diff block @flip=3300: diff_calls=0 diff_rects_avg=0 diff_dirty_pct_x10=0 bbox_pct_x10=0 bbox_thresh_exceeded=0
[21:44:08] [info] flip-probe: flip #3310 ok=true present=3ms inter_flip_ms=30 drawcalls-since-flip=18 drawcalls-total=199122 fail-total=0 null-skips-total=0
[21:44:08] [info] run_tick_fixed #5100: heartbeat (loop alive)
[21:44:08] [info] flip-probe: flip #3320 ok=true present=3ms inter_flip_ms=31 drawcalls-since-flip=59 drawcalls-total=199384 fail-total=0 null-skips-total=0
[21:44:08] [info] flip-probe: flip #3330 ok=true present=3ms inter_flip_ms=30 drawcalls-since-flip=59 drawcalls-total=199974 fail-total=0 null-skips-total=0
[21:44:08] [info] backdrop cache: thrashing-detect engaged (streak=124, route=direct)
[21:44:09] [info] flip-probe: flip #3340 ok=true present=3ms inter_flip_ms=31 drawcalls-since-flip=59 drawcalls-total=200564 fail-total=0 null-skips-total=0
[21:44:09] [info] flip-probe: flip #3350 ok=true present=3ms inter_flip_ms=30 drawcalls-since-flip=59 drawcalls-total=201154 fail-total=0 null-skips-total=0
[21:44:09] [info] tas: end-of-replay auto-exit at tick 5140 (recording exhausted; set DOSKUTSU_TAS_REPLAY_HOLD=1 to disable + observe steady-state past recording end)
[21:44:09] [info] Script engine shutdown.
[21:44:09] [info] opl2 backend: on_song_stop
[21:44:09] [info] opl2 backend shutdown (all 9 voices KEY-OFF; 0xBD cleared; chip state safe for next process)
[21:44:09] [info] Organya init...
[21:44:10] [info] Organya init done
[21:44:10] [info] Sound system shutdown
[21:44:10] [info] Renderer::Close()
[21:44:10] [info] tas: replay file closed
[21:44:10] [info] [fps-true] flips=3352 render_s=116 fps_mean=28.8 (clock-independent: flips / seconds since the FIRST flip; use THIS for the fps matrix, not inter_flip medians, which are invalid in any cell running the PIT/IRQ-0 music pump)
[RUNMANIFEST-BEGIN]
schema_version=2
environment=realhw
binary_sha12=UNKNOWN
binary_sha12_src=unknown
build_sha12=1f79ce20e4ee
organya_cache_key=1f79ce20e4ee
wave_tag=GR5
scene=
env_block_sha=f4b42cd9a3a3
started_rtc_local=2026-11-21T19:34:16
duration_s=130
exit_code=0
fps_true_flips=3352
fps_true_render_s=116
reel_ticks=5140
reel_game_seconds=102.8
per_loop_fps=32.6
overhead_s=14
music_pump_active=1
cpu_vendor=GenuineIntel
cpu_have_cpuid=1
cpu_family=5
cpu_model=3
cpu_stepping=2
cpu_mhz_est=83
cpu_has_fpu=1
cpu_class=586
audio_backend=adlib
video_logical_wxh=320x240
video_logical_bpp=8
video_vram_kb=4096
video_lfb_or_banked=lfb
audio_is_sb16=0
audio_dsp_ver=NA
audio_dma_path=8bit-low
audio_force_8bit=0
audio_dma_channel=-1
fps_p50=34.4
fps_p95=23.2
fps_sample_n=335
fps_sample_interval=10
pump_clock_state=pump-timebase-ok
audio_vital_status=NA
regime=NA
banner_required_hit=0
banner_required_total=0
banner_forbidden_hit=0
banner_optional_hit=0
critical_count=0
warn_count=0
perstage_count=12
perstage_00=stage:72 ticks:95 flips:95 fps:50.0
perstage_01=stage:1005 ticks:80 flips:80 fps:50.0
perstage_02=stage:20 ticks:121 flips:108 fps:44.6
perstage_03=stage:11 ticks:455 flips:282 fps:30.9
perstage_04=stage:17 ticks:772 flips:402 fps:26.0
perstage_05=stage:11 ticks:547 flips:359 fps:32.8
perstage_06=stage:15 ticks:665 flips:445 fps:33.4
perstage_07=stage:11 ticks:894 flips:580 fps:32.4
perstage_08=stage:19 ticks:263 flips:153 fps:29.0
perstage_09=stage:11 ticks:434 flips:272 fps:31.3
perstage_10=stage:14 ticks:283 flips:229 fps:40.4
perstage_11=stage:11 ticks:531 flips:346 fps:32.5
[RUNMANIFEST-END]
[21:44:10] [info] [runmanifest-emit] schema=v2 env=realhw binary_sha12=UNKNOWN(unknown) build_sha12=1f79ce20e4ee per_loop_fps=32.6 overhead_s=14 pump=1 dur=130s tag='GR5' scene='' (signals=0x4)
