Logger::init: wave-53 log level=INFO path='LOGS/GX0.LOG'
[22:42:24] [info] config: loaded DOSKUTSU.CFG (3 keys)
[22:42:24] [info] [cpu-witness] vendor=GenuineIntel cpuid=1 family=5 model=3 stepping=2 mhz_est=83 fpu=1 class=586 (boot-time attestation of the running CPU; MHZ_486_LOOP_DIV=16400 mirrors SETUP)
[22:42:24] [info] tas: PRNG seed forced to 12345 via DOSKUTSU_TAS_PRNG_SEED
[22:42:24] [info] tas: auto-exit armed at tick 30000 via DOSKUTSU_TAS_AUTO_EXIT_TICK
[22:42:24] [info] tas: replay opened path='QA.TAS' header_seed=12345
[22:42:24] [info] SDL_HINT_DOSKUTSU_AUDIO_OFF=1 -- skipping SDL_INIT_AUDIO (W20A2 audio-off ablation; SB16 IRQ never hooked, audio subsystem not initialized; SoundManager::init() will also be skipped below)
[22:42:25] [info] data cache: DISABLED (default)
[22:42:25] [info] Joystick: skipped (default; set DOSKUTSU_USE_JOYSTICK=1 to enable -- skips SDL3-DOS gameport BIOS INT 15h polling, ~82 ms / flip on real HW)
[22:42:25] [info] Loading settings...
[22:42:25] [info] [input-bind] applied=0 invert_y=0 dos_axes=1
[22:42:25] [info] Renderer::initVideo: 8bpp mode requested via SDL_HINT_DOS_MAX_BPP=8 (wave 16); SDL3-DOS will pick the highest-bpp <= 8 mode at requested resolution
[22:42:25] [info] Renderer::initVideo: DOS resolution-label lock ENABLED (default)
[22:42:26] [info] center-oversized: not needed (surface matches the logical screen) surface=320x240 logical=320x240 offset=0,0
[22:42:26] [info] Renderer::initVideo: using: software renderer
[22:42:27] [info] Renderer::initVideo: dirty-rect tracking ENABLED (wave 15, default ON; set SDL_HINT_DOSKUTSU_DIRTY_RECTS=0 to disable)
[22:42:27] [info] Renderer::initVideo: ablation flags: NO_DC_TIMING=0 CACHE_WINSURF=0 NO_INPUT_POLL=0 DIRECT_VESA=1
[22:42:27] [info] Renderer::initVideo: direct-VESA hot path ENABLED (default since wave 20 patch 0088; bypasses SDL_RenderPresent / SDL_UpdateWindowSurface and writes via SDL/0034's PresentFull helper; R2 mitigation handled by SDL/0034 generation counter -- no per-N-flip heartbeat needed; set SDL_HINT_DOSKUTSU_DIRECT_VESA=0 to revert)
[22:42:27] [info] Renderer::initVideo: flip-phase instrumentation DISABLED (default; set SDL_HINT_DOSKUTSU_FLIP_INSTR=1 to opt in for wave-20 Lever A diagnostic)
[22:42:27] [info] Renderer::initVideo: asm opaque-span blit lever DISABLED (default; set SDL_HINT_DOSKUTSU_ASM_BLIT=1 to opt in -- wave-51 _blit_indexed colorkey-blit lever)
[22:42:27] [info] Renderer::initVideo: blit-decomp instrumentation DISABLED (default; set SDL_HINT_DOSKUTSU_BLIT_DECOMP=1 to opt in -- wave-51 _blit_indexed sub-decomp sizing)
[22:42:27] [info] Renderer::initVideo: mds-scroll-decomp instrumentation DISABLED (default; set SDL_HINT_DOSKUTSU_MDS_DECOMP=1 to opt in -- wave-52 mode_draw_scene scrolling-block decomp)
[22:42:27] [info] Renderer::initVideo: DOSVESA pump yield: skipped (default) (per-flip explicit SDL_Delay(0) yield is always on; set SDL_HINT_DOSKUTSU_FORCE_PUMP_YIELD=1 to restore old per-pump yield)
[22:42:27] [info] Renderer::initVideo: indexed-mode (8bpp) ENABLED -- master palette + 107 per-asset remap LUTs loaded (wave 16, default ON; set SDL_HINT_DOSKUTSU_PIXEL_FORMAT_8=0 to disable)
[22:42:27] [info] Renderer::initVideo: master palette attached to window surface (format=SDL_PIXELFORMAT_INDEX8, ncolors=256)
[22:42:27] [info] Renderer::initVideo: indexed-mode smoke: idx0=(0,0,0) OK idx255=(255,0,255) OK
[22:42:27] [info] Renderer::initVideo: indexed-mode smoke: paletteRemapFor('MyChar.pbm') = present
[22:42:28] [info] Surface::loadImage palmap-diag #1: 'data/Loading.pbm' fmt=SDL_PIXELFORMAT_ABGR8888 remap=HIT -> path=truecolor
[22:42:28] [info] Renderer: prev-frame diff DISABLED (default since wave 17.6; set SDL_HINT_DOSKUTSU_PREVFRAME_DIFF=1 to opt in)
[22:42:28] [info] flip-probe: renderer=software window_ptr=8644776 colorspace=301991328 window_size=320x240 framebuffer_pixels=320x240 logical_present=320x240 mode=2
[22:42:28] [info] flip-probe: first flip ok=true present=44ms inter_flip_ms=0 drawcalls-since-flip=1 drawcalls-total=1
[22:42:28] [info] SDL_HINT_DOSKUTSU_AUDIO_OFF=1 -- bypassing SoundManager::init() (deeper than DOSKUTSU_NO_AUDIO; SDL_INIT_AUDIO already omitted)
[22:42:28] [info] menu slide-in fixed-timestep: ENABLED (default; slide advances at 50 Hz logic rate)
[22:42:28] [info] Reading npc.tbl...
[22:42:28] [info] Loading tilekey.dat.
[22:42:28] [info] Script engine init.
[22:42:28] [info] Entering main loop...
[22:42:28] [info] audio mid-gap pump: DISABLED (default)
[22:42:28] [info] TAS fixed-timestep guard: ENABLED (default) (patch 0280; load_stage wall-clock kept out of the FT accumulator so TAS replay advances at a true 50 Hz; set SDL_HINT_DOSKUTSU_TAS_FT_GUARD=0 to disable)
[22:42:28] [info] load_stage ring+DMA silence flush: ENABLED (default) (set SDL_HINT_DOSKUTSU_LOADSTAGE_SILENCE=0 to disable)
[22:42:28] [info] load-band audio-underrun probe: DISABLED (default) (opt-in SDL_HINT_DOSKUTSU_LOADBAND_STAT=1)
[22:42:28] [info]  >> Entering stage 72: 'u'.
[22:42:28] [info] skip sheet flush: ENABLED (default) (SFXPAUSE-012 SHIPPED FIX; sprite sheets stay resident across caves so no per-cave re-decode -> no fire-frame pause; map_flush_graphics tilemap cache still flushes; set SDL_HINT_DOSKUTSU_SKIP_SHEET_FLUSH=0 to restore the old per-cave flush)
[22:42:28] [info] [skip-sheet-flush] cave=1
[22:42:28] [info] eager action sheets: ENABLED (default) (first-fire hitch fix: pre-loads the weapon bullet + hit/muzzle/trail caret sheets at stage load so the first fire/impact does not lazy-decode mid-gameplay; set SDL_HINT_DOSKUTSU_EAGER_ACTION_SHEETS=0 to restore lazy load)
[22:42:28] [info] Surface::loadImage palmap-diag #2: 'data/Bullet.pbm' fmt=SDL_PIXELFORMAT_ABGR8888 remap=HIT -> path=truecolor
[22:42:29] [info] Surface::loadImage palmap-diag #3: 'data/Arms.pbm' fmt=SDL_PIXELFORMAT_ABGR8888 remap=HIT -> path=truecolor
[22:42:29] [info] Surface::loadImage palmap-diag #4: 'data/Caret.pbm' fmt=SDL_PIXELFORMAT_ABGR8888 remap=HIT -> path=truecolor
[22:42:29] [info] Surface::loadImage palmap-diag #5: 'data/Npc/NpcSym.pbm' fmt=SDL_PIXELFORMAT_ABGR8888 remap=HIT -> path=truecolor
[22:42:29] [info] [eager-action-sheets] cave=1 sheets=4 wall_ms=874
[22:42:29] [info] Surface::loadImage palmap-diag #6: 'data/Stage/PrtWhite.pbm' fmt=SDL_PIXELFORMAT_ABGR8888 remap=HIT -> path=truecolor
[22:42:30] [info] load_stage: entry-music preload ENABLED (default) (set SDL_HINT_DOSKUTSU_PRELOAD_STAGE_MUSIC=0 to disable)
[22:42:30] [info] Surface::loadImage palmap-diag #7: 'data/bk0.pbm' fmt=SDL_PIXELFORMAT_ABGR8888 remap=HIT -> path=truecolor
[22:42:30] [info] gameloop: entered (curmap=72, running=1)
[22:42:30] [info] gameloop: iter 1 ticks=5671 mapno=-1
[22:42:30] [info] fixed-timestep: ENABLED (default; logic 50 Hz, decoupled from render)
[22:42:30] [info] map: BG skip-when-unchanged DISABLED (default) (set SDL_HINT_DOSKUTSU_BG_SKIP_WHEN_UNCHANGED=1 to enable; default OFF since wave-61 -- abandoned, it shipped a backdrop-black flicker and its +0.87 fps was below the noise floor)
[22:42:30] [info] map: skip-redundant-clear lever ENABLED (default since wave-53 promotion)
[22:42:30] [info] perf-mode: level=0 (faithful (default))
[22:42:30] [info] Surface::loadImage palmap-diag #8: 'data/Npc/NpcKings.pbm' fmt=SDL_PIXELFORMAT_ABGR8888 remap=HIT -> path=truecolor
[22:42:30] [info] audio tick-boundary pump: DISABLED (default)
[22:42:30] [info] Organya init...
[22:42:31] [info] Organya init done
[22:42:31] [info] gameloop: iter 2 ticks=6657 mapno=-1
[22:42:31] [info] gameloop: iter 3 ticks=6697 mapno=-1
[22:42:31] [info] direct-vesa: snapshot @gen=2 use_dosmemput=0 banked_multibank=0 pitches_match=1 vram_w=320 vram_h=240 vram_pitch=320 bpp=1 fb_size=76800 vram_phys=0x78000000 vram_ptr=0x77c00000
[22:42:31] [info] flip-probe: flip #10 ok=true present=3ms inter_flip_ms=20 drawcalls-since-flip=6 drawcalls-total=43 fail-total=0 null-skips-total=0
[22:42:31] [info] flip-probe: flip #20 ok=true present=2ms inter_flip_ms=20 drawcalls-since-flip=4 drawcalls-total=92 fail-total=0 null-skips-total=0
[22:42:32] [info] flip-probe: flip #30 ok=true present=3ms inter_flip_ms=37 drawcalls-since-flip=326 drawcalls-total=2707 fail-total=0 null-skips-total=0
[22:42:32] [info] flip-probe: flip #40 ok=true present=3ms inter_flip_ms=32 drawcalls-since-flip=264 drawcalls-total=5837 fail-total=0 null-skips-total=0
[22:42:32] [info] flip-probe: flip #50 ok=true present=3ms inter_flip_ms=21 drawcalls-since-flip=67 drawcalls-total=7392 fail-total=0 null-skips-total=0
[22:42:32] [info] flip-probe: flip #60 ok=true present=3ms inter_flip_ms=20 drawcalls-since-flip=4 drawcalls-total=7502 fail-total=0 null-skips-total=0
[22:42:33] [info] flip-probe: flip #70 ok=true present=2ms inter_flip_ms=21 drawcalls-since-flip=6 drawcalls-total=7557 fail-total=0 null-skips-total=0
[22:42:33] [info] gameloop: iter 600 ticks=8550 mapno=-1
[22:42:33] [info] flip-probe: flip #80 ok=true present=3ms inter_flip_ms=20 drawcalls-since-flip=0 drawcalls-total=7586 fail-total=0 null-skips-total=0
[22:42:33] [info] gameloop: iter 1200 ticks=8835 mapno=-1
[22:42:33] [info] flip-probe: flip #90 ok=true present=3ms inter_flip_ms=20 drawcalls-since-flip=0 drawcalls-total=7586 fail-total=0 null-skips-total=0
[22:42:33] [info] title: eager-title-IO phase tag ENABLED (default) (set SDL_HINT_DOSKUTSU_EAGER_TITLE_IO=0 to disable)
[22:42:33] [info] [music-dispatch] tick=95 song=24 (prev 0)
[22:42:34] [info] gameloop: entered (curmap=1005, running=1)
[22:42:34] [info] gameloop: iter 1 ticks=9360 mapno=-1
[22:42:34] [info] map: backdrop cache ENABLED (default) (set SDL_HINT_DOSKUTSU_BACKDROP_CACHE=0 to disable)
[22:42:34] [info] gameloop: iter 2 ticks=9872 mapno=-1
[22:42:34] [info] gameloop: iter 3 ticks=10115 mapno=-1
[22:42:34] [info] backdrop cache: thrashing-detect engaged (streak=4, route=direct)
[22:42:34] [info] flip-probe: flip #100 ok=true present=3ms inter_flip_ms=26 drawcalls-since-flip=75 drawcalls-total=7886 fail-total=0 null-skips-total=0
[22:42:34] [info] alpha audit block 0: 7798 total drawcalls, 0 with alpha<255 (block pct_x10=0; global 0/7798 pct_x10=0); alpha-mod skipped: block=0 global=0
[22:42:34] [info] fastpath audit block 0: taken=7798 (idx8=7798) skipped=0 pct_x10=1000; global taken=7798 (idx8=7798) skipped=0 pct_x10=1000
[22:42:34] [info] primitive tally block 0: clear=220(hr=220) fill=0(hr=0) rect=0(hr=0) line=0(hr=0) tint=0 spotlight=0 (over 100 flips ending at flip 100)
[22:42:34] [info] color/alpha audit block 0: cmod_white=104 cmod_black=0 (idx=0) cmod_general=84 (idx=84) cmod_fb=0; alpha_taken=0 alpha_skipped=0 (global cmod=104/0/84/0 idx=0/84 alpha=0/0)
[22:42:34] [info] phase timing block 0: drawcalls=8209 dc_total_ms=890 flip_inner_total_ms=471 inter_flip_total_ms=6440 (per-flip avg x10: dc_ms=89 fi_ms=47 if_ms=644 derived audio+engine_ms=508; per-drawcall avg us_x10=1084) [direct-vesa: presents=97 total_ms=271 avg_ms_x10=27 failed=0] [ablation: NO_DC_TIMING=0 CACHE_WINSURF=0 DIRECT_VESA=1]
[22:42:34] [info] kbd/audio block 0: kbd_irq=0 kbd_drain=0 ring_chunks=16 pump_pass=99 pic1_mask=0xb8 first_irq_ticks=0 install_ticks=0 vector_at_install=0x0083e470 pic1_mask_live=0xb8 kbd_8042_stat=0x34 bios_kbd_head=0x0030 bios_kbd_tail=0x0030 bios_kbd_buf0=0x1e61
[22:42:34] [info] audio/engine split block 0: audio_mixer_calls=0 audio_mixer_ms_x10=0 engine_tick_calls=99 engine_tick_ms_x10=278 audio_service_calls=0 audio_service_ms_x10=0 (per-flip avg; per-call us_x10: audio_mix=0 engine_tick=281801 audio_service=0; global ns: audio_mix=0 engine_tick=2789838073 audio_service=0)
[22:42:34] [info] pixtone multi-source probe: DISABLED (default)
[22:42:34] [info] dirty-rect block @flip=100: total_calls=0 dirty_rects_avg=0 dirty_pct_x10=990 forced_full=0 first_n_force=3 threshold_exceeded=2 dirty_path_taken=0 full_flush_taken=3
[22:42:34] [info] prev-frame-diff block @flip=100: diff_calls=0 diff_rects_avg=0 diff_dirty_pct_x10=0 bbox_pct_x10=0 bbox_thresh_exceeded=0
[22:42:35] [info] flip-probe: flip #110 ok=true present=3ms inter_flip_ms=21 drawcalls-since-flip=75 drawcalls-total=8636 fail-total=0 null-skips-total=0
[22:42:35] [info] flip-probe: flip #120 ok=true present=3ms inter_flip_ms=20 drawcalls-since-flip=75 drawcalls-total=9386 fail-total=0 null-skips-total=0
[22:42:35] [info] pixtone IRQ-mix: DISABLED (L3 requested but SDL backend refused; likely Organya audio backend selected -- falling back to SDL3_mixer for SFX. To engage L3 set SDL_HINT_DOSKUTSU_AUDIO_BACKEND to opl3 / wb / midi-stub.)
[22:42:35] [error] Pixtone::play: sound slot 18 not rendered
[22:42:35] [info] flip-probe: flip #130 ok=true present=3ms inter_flip_ms=20 drawcalls-since-flip=0 drawcalls-total=9986 fail-total=0 null-skips-total=0
[22:42:35] [info] Loading profile from profile.dat
[22:42:35] [error] profile_load: unable to open 'profile.dat'
[22:42:35] [info] Loading profile from profile2.dat
[22:42:35] [error] profile_load: unable to open 'profile2.dat'
[22:42:35] [info] Loading profile from profile3.dat
[22:42:35] [info] Loading profile from profile4.dat
[22:42:35] [error] profile_load: unable to open 'profile4.dat'
[22:42:35] [info] Loading profile from profile5.dat
[22:42:35] [info] flip-probe: flip #140 ok=true present=3ms inter_flip_ms=28 drawcalls-since-flip=210 drawcalls-total=10826 fail-total=0 null-skips-total=0
[22:42:36] [info] flip-probe: flip #150 ok=true present=3ms inter_flip_ms=29 drawcalls-since-flip=210 drawcalls-total=12926 fail-total=0 null-skips-total=0
[22:42:36] [info] Writing settings...
[22:42:36] [error] Pixtone::play: sound slot 18 not rendered
[22:42:36] [info] flip-probe: flip #160 ok=true present=3ms inter_flip_ms=20 drawcalls-since-flip=0 drawcalls-total=13774 fail-total=0 null-skips-total=0
[22:42:36] [info] gameloop: iter 600 ticks=11841 mapno=-1
[22:42:36] [info] flip-probe: flip #170 ok=true present=3ms inter_flip_ms=20 drawcalls-since-flip=0 drawcalls-total=13774 fail-total=0 null-skips-total=0
[22:42:36] [info] gameloop: iter 1200 ticks=12066 mapno=-1
[22:42:36] [info] [music-dispatch] tick=175 song=0 (prev 24)
[22:42:36] [info] Loading profile from profile5.dat
[22:42:36] [info]  >> Entering stage 20: 'Save Point'.
[22:42:36] [info] [skip-sheet-flush] cave=2
[22:42:37] [info] [music-dispatch] tick=175 song=8 (prev 0)
[22:42:37] [info] gameloop: entered (curmap=20, running=1)
[22:42:37] [info] gameloop: iter 1 ticks=12681 mapno=-1
[22:42:37] [info] TAS stall discount: ENABLED (default) (patch 0286; a replay frame over 150 ms is a load, not slow rendering, so it contributes 1 tick instead of its wall-clock; set SDL_HINT_DOSKUTSU_TAS_STALL_DISCOUNT=0 to disable)
[22:42:37] [info] TAS accumulator clamp: DISABLED (default) (patch 0281; caps the FT accumulator delta at one tick during TAS so a stalled frame cannot race the replay index; set SDL_HINT_DOSKUTSU_TAS_FT_GUARD=0 to disable)
[22:42:37] [info] gameloop: iter 2 ticks=12713 mapno=-1
[22:42:37] [info] gameloop: iter 3 ticks=12737 mapno=-1
[22:42:37] [info] flip-probe: flip #180 ok=true present=3ms inter_flip_ms=18 drawcalls-since-flip=16 drawcalls-total=13896 fail-total=0 null-skips-total=0
[22:42:37] [info] flip-probe: flip #190 ok=true present=3ms inter_flip_ms=19 drawcalls-since-flip=16 drawcalls-total=14056 fail-total=0 null-skips-total=0
[22:42:37] [info] flip-probe: flip #200 ok=true present=3ms inter_flip_ms=19 drawcalls-since-flip=16 drawcalls-total=14216 fail-total=0 null-skips-total=0
[22:42:37] [info] alpha audit block 0: 5693 total drawcalls, 0 with alpha<255 (block pct_x10=0; global 0/13491 pct_x10=0); alpha-mod skipped: block=0 global=0
[22:42:37] [info] fastpath audit block 0: taken=5693 (idx8=5693) skipped=0 pct_x10=1000; global taken=13491 (idx8=13491) skipped=0 pct_x10=1000
[22:42:37] [info] primitive tally block 0: clear=201(hr=201) fill=0(hr=0) rect=0(hr=0) line=0(hr=0) tint=0 spotlight=0 (over 100 flips ending at flip 200)
[22:42:37] [info] color/alpha audit block 0: cmod_white=1402 cmod_black=0 (idx=0) cmod_general=609 (idx=609) cmod_fb=0; alpha_taken=0 alpha_skipped=0 (global cmod=1506/0/693/0 idx=0/693 alpha=0/0)
[22:42:37] [info] phase timing block 0: drawcalls=7905 dc_total_ms=839 flip_inner_total_ms=370 inter_flip_total_ms=2995 (per-flip avg x10: dc_ms=83 fi_ms=37 if_ms=299 derived audio+engine_ms=179; per-drawcall avg us_x10=1062) [direct-vesa: presents=100 total_ms=271 avg_ms_x10=27 failed=0] [ablation: NO_DC_TIMING=0 CACHE_WINSURF=0 DIRECT_VESA=1]
[22:42:37] [info] kbd/audio block 0: kbd_irq=0 kbd_drain=0 ring_chunks=16 pump_pass=198 pic1_mask=0xb8 first_irq_ticks=0 install_ticks=0 vector_at_install=0x0083e470 pic1_mask_live=0xb8 kbd_8042_stat=0x34 bios_kbd_head=0x0030 bios_kbd_tail=0x0030 bios_kbd_buf0=0x1e61
[22:42:37] [info] audio/engine split block 0: audio_mixer_calls=0 audio_mixer_ms_x10=0 engine_tick_calls=76 engine_tick_ms_x10=126 audio_service_calls=0 audio_service_ms_x10=0 (per-flip avg; per-call us_x10: audio_mix=0 engine_tick=166725 audio_service=0; global ns: audio_mix=0 engine_tick=4056953672 audio_service=0)
[22:42:37] [info] dirty-rect block @flip=200: total_calls=0 dirty_rects_avg=1 dirty_pct_x10=1000 forced_full=0 first_n_force=0 threshold_exceeded=0 dirty_path_taken=0 full_flush_taken=0
[22:42:37] [info] prev-frame-diff block @flip=200: diff_calls=0 diff_rects_avg=0 diff_dirty_pct_x10=0 bbox_pct_x10=0 bbox_thresh_exceeded=0
[22:42:38] [info] flip-probe: flip #210 ok=true present=2ms inter_flip_ms=19 drawcalls-since-flip=16 drawcalls-total=14376 fail-total=0 null-skips-total=0
[22:42:38] [error] Pixtone::play: sound slot 24 not rendered
[22:42:38] [info] flip-probe: flip #220 ok=true present=3ms inter_flip_ms=19 drawcalls-since-flip=16 drawcalls-total=14536 fail-total=0 null-skips-total=0
[22:42:38] [error] Pixtone::play: sound slot 24 not rendered
[22:42:38] [info] flip-probe: flip #230 ok=true present=3ms inter_flip_ms=19 drawcalls-since-flip=16 drawcalls-total=14696 fail-total=0 null-skips-total=0
[22:42:38] [error] Pixtone::play: sound slot 24 not rendered
[22:42:38] [info] flip-probe: flip #240 ok=true present=3ms inter_flip_ms=19 drawcalls-since-flip=16 drawcalls-total=14856 fail-total=0 null-skips-total=0
[22:42:38] [error] Pixtone::play: sound slot 24 not rendered
[22:42:38] [info] flip-probe: flip #250 ok=true present=3ms inter_flip_ms=19 drawcalls-since-flip=16 drawcalls-total=15016 fail-total=0 null-skips-total=0
[22:42:39] [info] flip-probe: flip #260 ok=true present=3ms inter_flip_ms=19 drawcalls-since-flip=16 drawcalls-total=15176 fail-total=0 null-skips-total=0
[22:42:39] [info] tas: stall frame 237 ms -> contributing 1 tick (patch 0286)
[22:42:39] [info] flip-probe: flip #270 ok=true present=3ms inter_flip_ms=26 drawcalls-since-flip=182 drawcalls-total=15892 fail-total=0 null-skips-total=0
[22:42:39] [info] flip-probe: flip #280 ok=true present=3ms inter_flip_ms=40 drawcalls-since-flip=358 drawcalls-total=19224 fail-total=0 null-skips-total=0
[22:42:40] [info]  >> Entering stage 11: 'Mimiga Village'.
[22:42:40] [info] [skip-sheet-flush] cave=3
[22:42:40] [info] [load-stage] preloading entry music song=9 (cave=3)
[22:42:40] [info] [music-dispatch] tick=296 song=9 (prev 8)
[22:42:40] [info] gameloop: entered (curmap=11, running=1)
[22:42:40] [info] gameloop: iter 1 ticks=15734 mapno=-1
[22:42:40] [info] map: mds_clear LUT ENABLED (default) (set SDL_HINT_DOSKUTSU_MDS_CLEAR_LUT=0 to disable; default ON; patch 0144 wave-49 bandwidth lever)
[22:42:40] [info] mds-clear-lut: rebuilt N=240 entries (k_skip=0% k_keep=100%; curmap=11 map_size=60x60; rebuild #1 since boot)
[22:42:40] [info] backdrop thrash full-cover ENABLED (default) (set SDL_HINT_DOSKUTSU_THRASH_FULLCOVER=0 to disable)
[22:42:40] [info] [bd-diag] backdrop render-path diag disabled (default) (set SDL_HINT_DOSKUTSU_BACKDROP_DIAG=1 to enable)
[22:42:40] [info] gameloop: iter 2 ticks=15946 mapno=-1
[22:42:40] [info] tas: stall frame 213 ms -> contributing 1 tick (patch 0286)
[22:42:40] [info] gameloop: iter 3 ticks=16015 mapno=-1
[22:42:40] [info] flip-probe: flip #290 ok=true present=3ms inter_flip_ms=51 drawcalls-since-flip=385 drawcalls-total=22263 fail-total=0 null-skips-total=0
[22:42:41] [info] backdrop cache: thrashing-detect engaged (streak=4, route=direct)
[22:42:41] [info] flip-probe: flip #300 ok=true present=3ms inter_flip_ms=30 drawcalls-since-flip=33 drawcalls-total=23925 fail-total=0 null-skips-total=0
[22:42:41] [info] alpha audit block 0: 9485 total drawcalls, 0 with alpha<255 (block pct_x10=0; global 0/22976 pct_x10=0); alpha-mod skipped: block=0 global=0
[22:42:41] [info] fastpath audit block 0: taken=9485 (idx8=9485) skipped=0 pct_x10=1000; global taken=22976 (idx8=22976) skipped=0 pct_x10=1000
[22:42:41] [info] primitive tally block 0: clear=202(hr=202) fill=0(hr=0) rect=0(hr=0) line=0(hr=0) tint=0 spotlight=0 (over 100 flips ending at flip 300)
[22:42:41] [info] color/alpha audit block 0: cmod_white=208 cmod_black=208 (idx=208) cmod_general=0 (idx=0) cmod_fb=0; alpha_taken=0 alpha_skipped=0 (global cmod=1714/208/693/0 idx=208/693 alpha=0/0)
[22:42:41] [info] phase timing block 0: drawcalls=10112 dc_total_ms=844 flip_inner_total_ms=588 inter_flip_total_ms=3465 (per-flip avg x10: dc_ms=84 fi_ms=58 if_ms=346 derived audio+engine_ms=204; per-drawcall avg us_x10=834) [direct-vesa: presents=100 total_ms=271 avg_ms_x10=27 failed=0] [ablation: NO_DC_TIMING=0 CACHE_WINSURF=0 DIRECT_VESA=1]
[22:42:41] [info] kbd/audio block 0: kbd_irq=0 kbd_drain=0 ring_chunks=16 pump_pass=330 pic1_mask=0xb8 first_irq_ticks=0 install_ticks=0 vector_at_install=0x0083e470 pic1_mask_live=0xb8 kbd_8042_stat=0x34 bios_kbd_head=0x0030 bios_kbd_tail=0x0030 bios_kbd_buf0=0x1e61
[22:42:41] [info] [tile-speedup-stat n=100 drawtile_us=46.98 raw_blit_us=47.71 ratio=0.98]
[22:42:41] [info] dirty-rect block @flip=300: total_calls=100 dirty_rects_avg=1 dirty_pct_x10=1000 forced_full=0 first_n_force=0 threshold_exceeded=0 dirty_path_taken=0 full_flush_taken=0
[22:42:41] [info] prev-frame-diff block @flip=300: diff_calls=0 diff_rects_avg=0 diff_dirty_pct_x10=0 bbox_pct_x10=0 bbox_thresh_exceeded=0
[22:42:41] [error] Pixtone::play: sound slot 24 not rendered
[22:42:41] [info] flip-probe: flip #310 ok=true present=3ms inter_flip_ms=31 drawcalls-since-flip=43 drawcalls-total=24463 fail-total=0 null-skips-total=0
[22:42:41] [error] Pixtone::play: sound slot 24 not rendered
[22:42:41] [error] Pixtone::play: sound slot 32 not rendered
[22:42:41] [error] Pixtone::play: sound slot 24 not rendered
[22:42:41] [error] Pixtone::play: sound slot 32 not rendered
[22:42:41] [info] flip-probe: flip #320 ok=true present=3ms inter_flip_ms=32 drawcalls-since-flip=46 drawcalls-total=24912 fail-total=0 null-skips-total=0
[22:42:42] [error] Pixtone::play: sound slot 32 not rendered
[22:42:42] [error] Pixtone::play: sound slot 24 not rendered
[22:42:42] [info] flip-probe: flip #330 ok=true present=3ms inter_flip_ms=29 drawcalls-since-flip=45 drawcalls-total=25365 fail-total=0 null-skips-total=0
[22:42:42] [error] Pixtone::play: sound slot 24 not rendered
[22:42:42] [error] Pixtone::play: sound slot 24 not rendered
[22:42:42] [info] flip-probe: flip #340 ok=true present=3ms inter_flip_ms=31 drawcalls-since-flip=42 drawcalls-total=25790 fail-total=0 null-skips-total=0
[22:42:42] [error] Pixtone::play: sound slot 24 not rendered
[22:42:42] [error] Pixtone::play: sound slot 15 not rendered
[22:42:42] [info] flip-probe: flip #350 ok=true present=3ms inter_flip_ms=29 drawcalls-since-flip=42 drawcalls-total=26210 fail-total=0 null-skips-total=0
[22:42:43] [info] backdrop cache: thrashing-detect engaged (streak=64, route=direct)
[22:42:43] [info] flip-probe: flip #360 ok=true present=3ms inter_flip_ms=29 drawcalls-since-flip=42 drawcalls-total=26630 fail-total=0 null-skips-total=0
[22:42:43] [info] flip-probe: flip #370 ok=true present=3ms inter_flip_ms=29 drawcalls-since-flip=42 drawcalls-total=27050 fail-total=0 null-skips-total=0
[22:42:43] [error] Pixtone::play: sound slot 24 not rendered
[22:42:43] [info] flip-probe: flip #380 ok=true present=3ms inter_flip_ms=30 drawcalls-since-flip=42 drawcalls-total=27470 fail-total=0 null-skips-total=0
[22:42:43] [error] Pixtone::play: sound slot 15 not rendered
[22:42:44] [info] flip-probe: flip #390 ok=true present=2ms inter_flip_ms=29 drawcalls-since-flip=42 drawcalls-total=27890 fail-total=0 null-skips-total=0
[22:42:44] [info] flip-probe: flip #400 ok=true present=3ms inter_flip_ms=31 drawcalls-since-flip=42 drawcalls-total=28310 fail-total=0 null-skips-total=0
[22:42:44] [info] alpha audit block 0: 2985 total drawcalls, 0 with alpha<255 (block pct_x10=0; global 0/25961 pct_x10=0); alpha-mod skipped: block=0 global=0
[22:42:44] [info] fastpath audit block 0: taken=2985 (idx8=2985) skipped=0 pct_x10=1000; global taken=25961 (idx8=25961) skipped=0 pct_x10=1000
[22:42:44] [info] primitive tally block 0: clear=200(hr=200) fill=0(hr=0) rect=0(hr=0) line=0(hr=0) tint=0 spotlight=0 (over 100 flips ending at flip 400)
[22:42:44] [info] color/alpha audit block 0: cmod_white=1300 cmod_black=1300 (idx=1300) cmod_general=0 (idx=0) cmod_fb=0; alpha_taken=0 alpha_skipped=0 (global cmod=3014/1508/693/0 idx=1508/693 alpha=0/0)
[22:42:44] [info] phase timing block 0: drawcalls=5785 dc_total_ms=585 flip_inner_total_ms=372 inter_flip_total_ms=3181 (per-flip avg x10: dc_ms=58 fi_ms=37 if_ms=318 derived audio+engine_ms=223; per-drawcall avg us_x10=1012) [direct-vesa: presents=100 total_ms=271 avg_ms_x10=27 failed=0] [ablation: NO_DC_TIMING=0 CACHE_WINSURF=0 DIRECT_VESA=1]
[22:42:44] [info] kbd/audio block 0: kbd_irq=0 kbd_drain=0 ring_chunks=16 pump_pass=489 pic1_mask=0xb8 first_irq_ticks=0 install_ticks=0 vector_at_install=0x0083e470 pic1_mask_live=0xb8 kbd_8042_stat=0x34 bios_kbd_head=0x0030 bios_kbd_tail=0x0030 bios_kbd_buf0=0x1e61
[22:42:44] [info] dirty-rect block @flip=400: total_calls=0 dirty_rects_avg=1 dirty_pct_x10=1000 forced_full=0 first_n_force=0 threshold_exceeded=0 dirty_path_taken=0 full_flush_taken=0
[22:42:44] [info] prev-frame-diff block @flip=400: diff_calls=0 diff_rects_avg=0 diff_dirty_pct_x10=0 bbox_pct_x10=0 bbox_thresh_exceeded=0
[22:42:44] [info] flip-probe: flip #410 ok=true present=3ms inter_flip_ms=27 drawcalls-since-flip=17 drawcalls-total=28582 fail-total=0 null-skips-total=0
[22:42:44] [info] backdrop cache: thrashing-detect engaged (streak=124, route=direct)
[22:42:44] [error] Pixtone::play: sound slot 15 not rendered
[22:42:45] [info] tas: stall frame 244 ms -> contributing 1 tick (patch 0286)
[22:42:45] [info] flip-probe: flip #420 ok=true present=3ms inter_flip_ms=27 drawcalls-since-flip=17 drawcalls-total=28752 fail-total=0 null-skips-total=0
[22:42:45] [info] flip-probe: flip #430 ok=true present=2ms inter_flip_ms=27 drawcalls-since-flip=17 drawcalls-total=28922 fail-total=0 null-skips-total=0
[22:42:45] [error] Pixtone::play: sound slot 32 not rendered
[22:42:45] [info] flip-probe: flip #440 ok=true present=3ms inter_flip_ms=26 drawcalls-since-flip=18 drawcalls-total=29093 fail-total=0 null-skips-total=0
[22:42:45] [error] Pixtone::play: sound slot 28 not rendered
[22:42:45] [error] Pixtone::play: sound slot 32 not rendered
[22:42:46] [error] Pixtone::play: sound slot 28 not rendered
[22:42:46] [info] flip-probe: flip #450 ok=true present=3ms inter_flip_ms=30 drawcalls-since-flip=19 drawcalls-total=29278 fail-total=0 null-skips-total=0
[22:42:46] [error] Pixtone::play: sound slot 24 not rendered
[22:42:46] [error] Pixtone::play: sound slot 15 not rendered
[22:42:46] [info] flip-probe: flip #460 ok=true present=3ms inter_flip_ms=26 drawcalls-since-flip=16 drawcalls-total=29447 fail-total=0 null-skips-total=0
[22:42:46] [info] flip-probe: flip #470 ok=true present=3ms inter_flip_ms=25 drawcalls-since-flip=17 drawcalls-total=29608 fail-total=0 null-skips-total=0
[22:42:46] [info] backdrop cache: thrashing-detect engaged (streak=184, route=direct)
[22:42:46] [error] Pixtone::play: sound slot 32 not rendered
[22:42:46] [info] run_tick_fixed #600: heartbeat (loop alive)
[22:42:46] [error] Pixtone::play: sound slot 28 not rendered
[22:42:47] [info] flip-probe: flip #480 ok=true present=3ms inter_flip_ms=35 drawcalls-since-flip=17 drawcalls-total=29771 fail-total=0 null-skips-total=0
[22:42:47] [error] Pixtone::play: sound slot 32 not rendered
[22:42:47] [error] Pixtone::play: sound slot 28 not rendered
[22:42:47] [error] Pixtone::play: sound slot 24 not rendered
[22:42:47] [info] flip-probe: flip #490 ok=true present=3ms inter_flip_ms=32 drawcalls-since-flip=15 drawcalls-total=29936 fail-total=0 null-skips-total=0
[22:42:47] [error] Pixtone::play: sound slot 15 not rendered
[22:42:47] [info] flip-probe: flip #500 ok=true present=2ms inter_flip_ms=28 drawcalls-since-flip=14 drawcalls-total=30079 fail-total=0 null-skips-total=0
[22:42:47] [info] alpha audit block 0: 1617 total drawcalls, 0 with alpha<255 (block pct_x10=0; global 0/27578 pct_x10=0); alpha-mod skipped: block=0 global=0
[22:42:47] [info] fastpath audit block 0: taken=1617 (idx8=1617) skipped=0 pct_x10=1000; global taken=27578 (idx8=27578) skipped=0 pct_x10=1000
[22:42:47] [info] primitive tally block 0: clear=200(hr=200) fill=0(hr=0) rect=0(hr=0) line=0(hr=0) tint=0 spotlight=0 (over 100 flips ending at flip 500)
[22:42:47] [info] color/alpha audit block 0: cmod_white=52 cmod_black=52 (idx=52) cmod_general=0 (idx=0) cmod_fb=0; alpha_taken=0 alpha_skipped=0 (global cmod=3066/1560/693/0 idx=1560/693 alpha=0/0)
[22:42:47] [info] phase timing block 0: drawcalls=1921 dc_total_ms=467 flip_inner_total_ms=365 inter_flip_total_ms=3174 (per-flip avg x10: dc_ms=46 fi_ms=36 if_ms=317 derived audio+engine_ms=235; per-drawcall avg us_x10=2434) [direct-vesa: presents=100 total_ms=272 avg_ms_x10=27 failed=0] [ablation: NO_DC_TIMING=0 CACHE_WINSURF=0 DIRECT_VESA=1]
[22:42:47] [info] kbd/audio block 0: kbd_irq=0 kbd_drain=0 ring_chunks=16 pump_pass=636 pic1_mask=0xb8 first_irq_ticks=0 install_ticks=0 vector_at_install=0x0083e470 pic1_mask_live=0xb8 kbd_8042_stat=0x34 bios_kbd_head=0x0030 bios_kbd_tail=0x0030 bios_kbd_buf0=0x1e61
[22:42:47] [info] dirty-rect block @flip=500: total_calls=0 dirty_rects_avg=1 dirty_pct_x10=1000 forced_full=0 first_n_force=0 threshold_exceeded=0 dirty_path_taken=0 full_flush_taken=0
[22:42:47] [info] prev-frame-diff block @flip=500: diff_calls=0 diff_rects_avg=0 diff_dirty_pct_x10=0 bbox_pct_x10=0 bbox_thresh_exceeded=0
[22:42:47] [error] Pixtone::play: sound slot 32 not rendered
[22:42:47] [error] Pixtone::play: sound slot 32 not rendered
[22:42:47] [info] flip-probe: flip #510 ok=true present=3ms inter_flip_ms=37 drawcalls-since-flip=18 drawcalls-total=30235 fail-total=0 null-skips-total=0
[22:42:48] [error] Pixtone::play: sound slot 32 not rendered
[22:42:48] [info] flip-probe: flip #520 ok=true present=3ms inter_flip_ms=30 drawcalls-since-flip=17 drawcalls-total=30406 fail-total=0 null-skips-total=0
[22:42:48] [error] Pixtone::play: sound slot 23 not rendered
[22:42:48] [info] flip-probe: flip #530 ok=true present=3ms inter_flip_ms=35 drawcalls-since-flip=14 drawcalls-total=30556 fail-total=0 null-skips-total=0
[22:42:48] [error] Pixtone::play: sound slot 24 not rendered
[22:42:48] [info] backdrop cache: thrashing-detect engaged (streak=244, route=direct)
[22:42:48] [error] Pixtone::play: sound slot 24 not rendered
[22:42:48] [info] flip-probe: flip #540 ok=true present=3ms inter_flip_ms=36 drawcalls-since-flip=14 drawcalls-total=30696 fail-total=0 null-skips-total=0
[22:42:49] [error] Pixtone::play: sound slot 24 not rendered
[22:42:49] [info] flip-probe: flip #550 ok=true present=3ms inter_flip_ms=28 drawcalls-since-flip=14 drawcalls-total=30836 fail-total=0 null-skips-total=0
[22:42:49] [error] Pixtone::play: sound slot 24 not rendered
[22:42:49] [info] flip-probe: flip #560 ok=true present=2ms inter_flip_ms=48 drawcalls-since-flip=319 drawcalls-total=32806 fail-total=0 null-skips-total=0
[22:42:49] [info]  >> Entering stage 17: 'Yamashita Farm'.
[22:42:49] [info] [skip-sheet-flush] cave=4
[22:42:50] [info] [load-stage] preloading entry music song=13 (cave=4)
[22:42:50] [info] [music-dispatch] tick=751 song=13 (prev 9)
[22:42:50] [info] gameloop: entered (curmap=17, running=1)
[22:42:50] [info] gameloop: iter 1 ticks=25630 mapno=-1
[22:42:50] [info] mds-clear-lut: rebuilt N=240 entries (k_skip=33% k_keep=67%; curmap=17 map_size=40x16; rebuild #2 since boot)
[22:42:50] [info] gameloop: iter 2 ticks=25791 mapno=-1
[22:42:50] [info] tas: stall frame 160 ms -> contributing 1 tick (patch 0286)
[22:42:50] [info] gameloop: iter 3 ticks=25849 mapno=-1
[22:42:50] [info] flip-probe: flip #570 ok=true present=3ms inter_flip_ms=51 drawcalls-since-flip=406 drawcalls-total=36014 fail-total=0 null-skips-total=0
[22:42:51] [info] flip-probe: flip #580 ok=true present=2ms inter_flip_ms=37 drawcalls-since-flip=177 drawcalls-total=39110 fail-total=0 null-skips-total=0
[22:42:51] [error] Pixtone::play: sound slot 24 not rendered
[22:42:51] [info] flip-probe: flip #590 ok=true present=3ms inter_flip_ms=36 drawcalls-since-flip=137 drawcalls-total=40434 fail-total=0 null-skips-total=0
[22:42:51] [error] Pixtone::play: sound slot 24 not rendered
[22:42:51] [error] Pixtone::play: sound slot 24 not rendered
[22:42:51] [info] flip-probe: flip #600 ok=true present=3ms inter_flip_ms=36 drawcalls-since-flip=134 drawcalls-total=41777 fail-total=0 null-skips-total=0
[22:42:51] [info] alpha audit block 0: 11156 total drawcalls, 0 with alpha<255 (block pct_x10=0; global 0/38734 pct_x10=0); alpha-mod skipped: block=0 global=0
[22:42:51] [info] fastpath audit block 0: taken=11156 (idx8=11156) skipped=0 pct_x10=1000; global taken=38734 (idx8=38734) skipped=0 pct_x10=1000
[22:42:51] [info] primitive tally block 0: clear=201(hr=201) fill=0(hr=0) rect=0(hr=0) line=0(hr=0) tint=0 spotlight=0 (over 100 flips ending at flip 600)
[22:42:51] [info] color/alpha audit block 0: cmod_white=442 cmod_black=442 (idx=442) cmod_general=0 (idx=0) cmod_fb=0; alpha_taken=0 alpha_skipped=0 (global cmod=3508/2002/693/0 idx=2002/693 alpha=0/0)
[22:42:51] [info] phase timing block 0: drawcalls=12275 dc_total_ms=973 flip_inner_total_ms=373 inter_flip_total_ms=4179 (per-flip avg x10: dc_ms=97 fi_ms=37 if_ms=417 derived audio+engine_ms=283; per-drawcall avg us_x10=793) [direct-vesa: presents=100 total_ms=272 avg_ms_x10=27 failed=0] [ablation: NO_DC_TIMING=0 CACHE_WINSURF=0 DIRECT_VESA=1]
[22:42:51] [info] kbd/audio block 0: kbd_irq=0 kbd_drain=0 ring_chunks=16 pump_pass=819 pic1_mask=0xb8 first_irq_ticks=0 install_ticks=0 vector_at_install=0x0083e470 pic1_mask_live=0xb8 kbd_8042_stat=0x34 bios_kbd_head=0x0030 bios_kbd_tail=0x0030 bios_kbd_buf0=0x1e61
[22:42:51] [info] dirty-rect block @flip=600: total_calls=0 dirty_rects_avg=1 dirty_pct_x10=1000 forced_full=0 first_n_force=0 threshold_exceeded=0 dirty_path_taken=0 full_flush_taken=0
[22:42:51] [info] prev-frame-diff block @flip=600: diff_calls=0 diff_rects_avg=0 diff_dirty_pct_x10=0 bbox_pct_x10=0 bbox_thresh_exceeded=0
[22:42:51] [error] Pixtone::play: sound slot 15 not rendered
[22:42:52] [info] flip-probe: flip #610 ok=true present=3ms inter_flip_ms=37 drawcalls-since-flip=141 drawcalls-total=43161 fail-total=0 null-skips-total=0
[22:42:52] [error] Pixtone::play: sound slot 32 not rendered
[22:42:52] [info] backdrop cache: thrashing-detect engaged (streak=4, route=direct)
[22:42:52] [error] Pixtone::play: sound slot 32 not rendered
[22:42:52] [error] Pixtone::play: sound slot 32 not rendered
[22:42:52] [info] flip-probe: flip #620 ok=true present=3ms inter_flip_ms=46 drawcalls-since-flip=127 drawcalls-total=44500 fail-total=0 null-skips-total=0
[22:42:53] [error] Pixtone::play: sound slot 23 not rendered
[22:42:53] [error] Pixtone::play: sound slot 24 not rendered
[22:42:53] [info] flip-probe: flip #630 ok=true present=3ms inter_flip_ms=47 drawcalls-since-flip=129 drawcalls-total=45791 fail-total=0 null-skips-total=0
[22:42:53] [error] Pixtone::play: sound slot 24 not rendered
[22:42:53] [info] run_tick_fixed #900: heartbeat (loop alive)
[22:42:53] [error] Pixtone::play: sound slot 24 not rendered
[22:42:53] [info] flip-probe: flip #640 ok=true present=3ms inter_flip_ms=48 drawcalls-since-flip=135 drawcalls-total=47097 fail-total=0 null-skips-total=0
[22:42:53] [error] Pixtone::play: sound slot 15 not rendered
[22:42:53] [info] flip-probe: flip #650 ok=true present=3ms inter_flip_ms=34 drawcalls-since-flip=138 drawcalls-total=48462 fail-total=0 null-skips-total=0
[22:42:54] [error] Pixtone::play: sound slot 32 not rendered
[22:42:54] [info] flip-probe: flip #660 ok=true present=3ms inter_flip_ms=40 drawcalls-since-flip=147 drawcalls-total=49900 fail-total=0 null-skips-total=0
[22:42:54] [error] Pixtone::play: sound slot 32 not rendered
[22:42:54] [info] backdrop cache: thrashing-detect engaged (streak=4, route=direct)
[22:42:54] [error] Pixtone::play: sound slot 32 not rendered
[22:42:54] [error] Pixtone::play: sound slot 23 not rendered
[22:42:54] [error] Pixtone::play: sound slot 24 not rendered
[22:42:54] [info] flip-probe: flip #670 ok=true present=3ms inter_flip_ms=44 drawcalls-since-flip=143 drawcalls-total=51384 fail-total=0 null-skips-total=0
[22:42:54] [error] Pixtone::play: sound slot 15 not rendered
[22:42:55] [info] flip-probe: flip #680 ok=true present=3ms inter_flip_ms=38 drawcalls-since-flip=137 drawcalls-total=52795 fail-total=0 null-skips-total=0
[22:42:55] [info] flip-probe: flip #690 ok=true present=3ms inter_flip_ms=33 drawcalls-since-flip=107 drawcalls-total=54041 fail-total=0 null-skips-total=0
[22:42:55] [error] Pixtone::play: sound slot 32 not rendered
[22:42:55] [info] flip-probe: flip #700 ok=true present=3ms inter_flip_ms=36 drawcalls-since-flip=105 drawcalls-total=55100 fail-total=0 null-skips-total=0
[22:42:55] [info] alpha audit block 0: 12105 total drawcalls, 0 with alpha<255 (block pct_x10=0; global 0/50839 pct_x10=0); alpha-mod skipped: block=0 global=0
[22:42:55] [info] fastpath audit block 0: taken=12105 (idx8=12105) skipped=0 pct_x10=1000; global taken=50839 (idx8=50839) skipped=0 pct_x10=1000
[22:42:55] [info] primitive tally block 0: clear=200(hr=200) fill=0(hr=0) rect=0(hr=0) line=0(hr=0) tint=0 spotlight=0 (over 100 flips ending at flip 700)
[22:42:55] [info] color/alpha audit block 0: cmod_white=1118 cmod_black=1118 (idx=1118) cmod_general=0 (idx=0) cmod_fb=0; alpha_taken=0 alpha_skipped=0 (global cmod=4626/3120/693/0 idx=3120/693 alpha=0/0)
[22:42:55] [info] phase timing block 0: drawcalls=14560 dc_total_ms=783 flip_inner_total_ms=370 inter_flip_total_ms=4058 (per-flip avg x10: dc_ms=78 fi_ms=37 if_ms=405 derived audio+engine_ms=290; per-drawcall avg us_x10=538) [direct-vesa: presents=100 total_ms=271 avg_ms_x10=27 failed=0] [ablation: NO_DC_TIMING=0 CACHE_WINSURF=0 DIRECT_VESA=1]
[22:42:55] [info] kbd/audio block 0: kbd_irq=0 kbd_drain=0 ring_chunks=16 pump_pass=1022 pic1_mask=0xb8 first_irq_ticks=0 install_ticks=0 vector_at_install=0x0083e470 pic1_mask_live=0xb8 kbd_8042_stat=0x34 bios_kbd_head=0x0030 bios_kbd_tail=0x0030 bios_kbd_buf0=0x1e61
[22:42:55] [info] dirty-rect block @flip=700: total_calls=0 dirty_rects_avg=1 dirty_pct_x10=1000 forced_full=0 first_n_force=0 threshold_exceeded=0 dirty_path_taken=0 full_flush_taken=0
[22:42:55] [info] prev-frame-diff block @flip=700: diff_calls=0 diff_rects_avg=0 diff_dirty_pct_x10=0 bbox_pct_x10=0 bbox_thresh_exceeded=0
[22:42:55] [error] Pixtone::play: sound slot 23 not rendered
[22:42:55] [error] Pixtone::play: sound slot 24 not rendered
[22:42:56] [error] Pixtone::play: sound slot 24 not rendered
[22:42:56] [info] backdrop cache: thrashing-detect engaged (streak=4, route=direct)
[22:42:56] [info] flip-probe: flip #710 ok=true present=3ms inter_flip_ms=31 drawcalls-since-flip=112 drawcalls-total=56124 fail-total=0 null-skips-total=0
[22:42:56] [info] tas: stall frame 251 ms -> contributing 1 tick (patch 0286)
[22:42:56] [error] Pixtone::play: sound slot 24 not rendered
[22:42:56] [error] Pixtone::play: sound slot 24 not rendered
[22:42:56] [info] flip-probe: flip #720 ok=true present=3ms inter_flip_ms=35 drawcalls-since-flip=103 drawcalls-total=57176 fail-total=0 null-skips-total=0
[22:42:56] [error] Pixtone::play: sound slot 24 not rendered
[22:42:57] [info] flip-probe: flip #730 ok=true present=3ms inter_flip_ms=34 drawcalls-since-flip=108 drawcalls-total=58244 fail-total=0 null-skips-total=0
[22:42:57] [error] Pixtone::play: sound slot 24 not rendered
[22:42:57] [info] flip-probe: flip #740 ok=true present=2ms inter_flip_ms=34 drawcalls-since-flip=101 drawcalls-total=59293 fail-total=0 null-skips-total=0
[22:42:57] [error] Pixtone::play: sound slot 24 not rendered
[22:42:57] [info] flip-probe: flip #750 ok=true present=3ms inter_flip_ms=30 drawcalls-since-flip=102 drawcalls-total=60323 fail-total=0 null-skips-total=0
[22:42:57] [error] Pixtone::play: sound slot 24 not rendered
[22:42:58] [error] Pixtone::play: sound slot 24 not rendered
[22:42:58] [info] flip-probe: flip #760 ok=true present=3ms inter_flip_ms=39 drawcalls-since-flip=96 drawcalls-total=61317 fail-total=0 null-skips-total=0
[22:42:58] [error] Pixtone::play: sound slot 24 not rendered
[22:42:58] [info] backdrop cache: thrashing-detect engaged (streak=4, route=direct)
[22:42:58] [error] Pixtone::play: sound slot 24 not rendered
[22:42:58] [info] flip-probe: flip #770 ok=true present=3ms inter_flip_ms=36 drawcalls-since-flip=106 drawcalls-total=62334 fail-total=0 null-skips-total=0
[22:42:58] [error] Pixtone::play: sound slot 24 not rendered
[22:42:58] [error] Pixtone::play: sound slot 24 not rendered
[22:42:59] [info] flip-probe: flip #780 ok=true present=3ms inter_flip_ms=33 drawcalls-since-flip=109 drawcalls-total=63391 fail-total=0 null-skips-total=0
[22:42:59] [error] Pixtone::play: sound slot 24 not rendered
[22:42:59] [error] Pixtone::play: sound slot 24 not rendered
[22:42:59] [info] flip-probe: flip #790 ok=true present=3ms inter_flip_ms=35 drawcalls-since-flip=112 drawcalls-total=64475 fail-total=0 null-skips-total=0
[22:42:59] [error] Pixtone::play: sound slot 24 not rendered
[22:42:59] [info] backdrop cache: thrashing-detect engaged (streak=4, route=direct)
[22:42:59] [info] run_tick_fixed #1200: heartbeat (loop alive)
[22:42:59] [error] Pixtone::play: sound slot 24 not rendered
[22:42:59] [info] flip-probe: flip #800 ok=true present=3ms inter_flip_ms=37 drawcalls-since-flip=112 drawcalls-total=65590 fail-total=0 null-skips-total=0
[22:42:59] [info] alpha audit block 0: 10390 total drawcalls, 0 with alpha<255 (block pct_x10=0; global 0/61229 pct_x10=0); alpha-mod skipped: block=0 global=0
[22:42:59] [info] fastpath audit block 0: taken=10390 (idx8=10390) skipped=0 pct_x10=1000; global taken=61229 (idx8=61229) skipped=0 pct_x10=1000
[22:42:59] [info] primitive tally block 0: clear=200(hr=200) fill=0(hr=0) rect=0(hr=0) line=0(hr=0) tint=0 spotlight=0 (over 100 flips ending at flip 800)
[22:42:59] [info] phase timing block 0: drawcalls=10602 dc_total_ms=630 flip_inner_total_ms=572 inter_flip_total_ms=3991 (per-flip avg x10: dc_ms=63 fi_ms=57 if_ms=399 derived audio+engine_ms=279; per-drawcall avg us_x10=594) [direct-vesa: presents=100 total_ms=271 avg_ms_x10=27 failed=0] [ablation: NO_DC_TIMING=0 CACHE_WINSURF=0 DIRECT_VESA=1]
[22:42:59] [info] kbd/audio block 0: kbd_irq=0 kbd_drain=0 ring_chunks=16 pump_pass=1210 pic1_mask=0xb8 first_irq_ticks=0 install_ticks=0 vector_at_install=0x0083e470 pic1_mask_live=0xb8 kbd_8042_stat=0x34 bios_kbd_head=0x0030 bios_kbd_tail=0x0030 bios_kbd_buf0=0x1e61
[22:42:59] [info] dirty-rect block @flip=800: total_calls=0 dirty_rects_avg=1 dirty_pct_x10=1000 forced_full=0 first_n_force=0 threshold_exceeded=0 dirty_path_taken=0 full_flush_taken=0
[22:42:59] [info] prev-frame-diff block @flip=800: diff_calls=0 diff_rects_avg=0 diff_dirty_pct_x10=0 bbox_pct_x10=0 bbox_thresh_exceeded=0
[22:43:00] [info] flip-probe: flip #810 ok=true present=2ms inter_flip_ms=37 drawcalls-since-flip=106 drawcalls-total=66684 fail-total=0 null-skips-total=0
[22:43:00] [info] flip-probe: flip #820 ok=true present=3ms inter_flip_ms=34 drawcalls-since-flip=102 drawcalls-total=67710 fail-total=0 null-skips-total=0
[22:43:00] [info] flip-probe: flip #830 ok=true present=3ms inter_flip_ms=36 drawcalls-since-flip=106 drawcalls-total=68748 fail-total=0 null-skips-total=0
[22:43:01] [info] flip-probe: flip #840 ok=true present=3ms inter_flip_ms=37 drawcalls-since-flip=112 drawcalls-total=69841 fail-total=0 null-skips-total=0
[22:43:01] [info] flip-probe: flip #850 ok=true present=2ms inter_flip_ms=38 drawcalls-since-flip=114 drawcalls-total=70987 fail-total=0 null-skips-total=0
[22:43:01] [info] backdrop cache: thrashing-detect engaged (streak=64, route=direct)
[22:43:02] [info] flip-probe: flip #860 ok=true present=3ms inter_flip_ms=37 drawcalls-since-flip=110 drawcalls-total=72112 fail-total=0 null-skips-total=0
[22:43:02] [error] Pixtone::play: sound slot 24 not rendered
[22:43:02] [error] Pixtone::play: sound slot 24 not rendered
[22:43:02] [info] flip-probe: flip #870 ok=true present=3ms inter_flip_ms=36 drawcalls-since-flip=109 drawcalls-total=73188 fail-total=0 null-skips-total=0
[22:43:02] [error] Pixtone::play: sound slot 24 not rendered
[22:43:02] [error] Pixtone::play: sound slot 24 not rendered
[22:43:02] [info] flip-probe: flip #880 ok=true present=2ms inter_flip_ms=37 drawcalls-since-flip=106 drawcalls-total=74255 fail-total=0 null-skips-total=0
[22:43:02] [error] Pixtone::play: sound slot 24 not rendered
[22:43:03] [error] Pixtone::play: sound slot 24 not rendered
[22:43:03] [info] flip-probe: flip #890 ok=true present=3ms inter_flip_ms=40 drawcalls-since-flip=110 drawcalls-total=75275 fail-total=0 null-skips-total=0
[22:43:03] [error] Pixtone::play: sound slot 24 not rendered
[22:43:03] [error] Pixtone::play: sound slot 24 not rendered
[22:43:03] [info] flip-probe: flip #900 ok=true present=3ms inter_flip_ms=42 drawcalls-since-flip=110 drawcalls-total=76379 fail-total=0 null-skips-total=0
[22:43:03] [info] alpha audit block 0: 10689 total drawcalls, 0 with alpha<255 (block pct_x10=0; global 0/71918 pct_x10=0); alpha-mod skipped: block=0 global=0
[22:43:03] [info] fastpath audit block 0: taken=10689 (idx8=10689) skipped=0 pct_x10=1000; global taken=71918 (idx8=71918) skipped=0 pct_x10=1000
[22:43:03] [info] primitive tally block 0: clear=200(hr=200) fill=0(hr=0) rect=0(hr=0) line=0(hr=0) tint=0 spotlight=0 (over 100 flips ending at flip 900)
[22:43:03] [info] phase timing block 0: drawcalls=10900 dc_total_ms=645 flip_inner_total_ms=360 inter_flip_total_ms=3719 (per-flip avg x10: dc_ms=64 fi_ms=36 if_ms=371 derived audio+engine_ms=271; per-drawcall avg us_x10=592) [direct-vesa: presents=100 total_ms=271 avg_ms_x10=27 failed=0] [ablation: NO_DC_TIMING=0 CACHE_WINSURF=0 DIRECT_VESA=1]
[22:43:03] [info] kbd/audio block 0: kbd_irq=0 kbd_drain=0 ring_chunks=16 pump_pass=1396 pic1_mask=0xb8 first_irq_ticks=0 install_ticks=0 vector_at_install=0x0083e470 pic1_mask_live=0xb8 kbd_8042_stat=0x34 bios_kbd_head=0x0030 bios_kbd_tail=0x0030 bios_kbd_buf0=0x1e61
[22:43:03] [info] dirty-rect block @flip=900: total_calls=0 dirty_rects_avg=1 dirty_pct_x10=1000 forced_full=0 first_n_force=0 threshold_exceeded=0 dirty_path_taken=0 full_flush_taken=0
[22:43:03] [info] prev-frame-diff block @flip=900: diff_calls=0 diff_rects_avg=0 diff_dirty_pct_x10=0 bbox_pct_x10=0 bbox_thresh_exceeded=0
[22:43:03] [error] Pixtone::play: sound slot 15 not rendered
[22:43:03] [info] flip-probe: flip #910 ok=true present=2ms inter_flip_ms=32 drawcalls-since-flip=114 drawcalls-total=77502 fail-total=0 null-skips-total=0
[22:43:04] [info] flip-probe: flip #920 ok=true present=3ms inter_flip_ms=36 drawcalls-since-flip=114 drawcalls-total=78633 fail-total=0 null-skips-total=0
[22:43:04] [error] Pixtone::play: sound slot 24 not rendered
[22:43:04] [info] flip-probe: flip #930 ok=true present=3ms inter_flip_ms=33 drawcalls-since-flip=118 drawcalls-total=79784 fail-total=0 null-skips-total=0
[22:43:04] [error] Pixtone::play: sound slot 24 not rendered
[22:43:04] [error] Pixtone::play: sound slot 24 not rendered
[22:43:05] [info] flip-probe: flip #940 ok=true present=3ms inter_flip_ms=36 drawcalls-since-flip=122 drawcalls-total=80977 fail-total=0 null-skips-total=0
[22:43:05] [error] Pixtone::play: sound slot 24 not rendered
[22:43:05] [error] Pixtone::play: sound slot 24 not rendered
[22:43:05] [error] Pixtone::play: sound slot 24 not rendered
[22:43:05] [info] flip-probe: flip #950 ok=true present=3ms inter_flip_ms=40 drawcalls-since-flip=199 drawcalls-total=82259 fail-total=0 null-skips-total=0
[22:43:05] [info] flip-probe: flip #960 ok=true present=3ms inter_flip_ms=53 drawcalls-since-flip=409 drawcalls-total=85734 fail-total=0 null-skips-total=0
[22:43:06] [info]  >> Entering stage 11: 'Mimiga Village'.
[22:43:06] [info] [skip-sheet-flush] cave=5
[22:43:06] [info] [load-stage] preloading entry music song=9 (cave=5)
[22:43:06] [info] [music-dispatch] tick=1522 song=9 (prev 13)
[22:43:06] [info] gameloop: entered (curmap=11, running=1)
[22:43:06] [info] gameloop: iter 1 ticks=41830 mapno=-1
[22:43:06] [info] mds-clear-lut: rebuilt N=240 entries (k_skip=0% k_keep=100%; curmap=11 map_size=60x60; rebuild #3 since boot)
[22:43:06] [info] gameloop: iter 2 ticks=41900 mapno=-1
[22:43:06] [info] gameloop: iter 3 ticks=41957 mapno=-1
[22:43:06] [info] flip-probe: flip #970 ok=true present=3ms inter_flip_ms=54 drawcalls-since-flip=300 drawcalls-total=89029 fail-total=0 null-skips-total=0
[22:43:06] [info] backdrop cache: thrashing-detect engaged (streak=4, route=direct)
[22:43:07] [info] flip-probe: flip #980 ok=true present=3ms inter_flip_ms=31 drawcalls-since-flip=40 drawcalls-total=90254 fail-total=0 null-skips-total=0
[22:43:07] [error] Pixtone::play: sound slot 24 not rendered
[22:43:07] [info] flip-probe: flip #990 ok=true present=3ms inter_flip_ms=32 drawcalls-since-flip=40 drawcalls-total=90654 fail-total=0 null-skips-total=0
[22:43:07] [error] Pixtone::play: sound slot 24 not rendered
[22:43:07] [error] Pixtone::play: sound slot 24 not rendered
[22:43:07] [info] flip-probe: flip #1000 ok=true present=2ms inter_flip_ms=37 drawcalls-since-flip=40 drawcalls-total=91054 fail-total=0 null-skips-total=0
[22:43:07] [info] alpha audit block 0: 14094 total drawcalls, 0 with alpha<255 (block pct_x10=0; global 0/86012 pct_x10=0); alpha-mod skipped: block=0 global=0
[22:43:07] [info] fastpath audit block 0: taken=14094 (idx8=14094) skipped=0 pct_x10=1000; global taken=86012 (idx8=86012) skipped=0 pct_x10=1000
[22:43:07] [info] primitive tally block 0: clear=201(hr=201) fill=0(hr=0) rect=0(hr=0) line=0(hr=0) tint=0 spotlight=0 (over 100 flips ending at flip 1000)
[22:43:07] [info] color/alpha audit block 0: cmod_white=481 cmod_black=481 (idx=481) cmod_general=0 (idx=0) cmod_fb=0; alpha_taken=0 alpha_skipped=0 (global cmod=5107/3601/693/0 idx=3601/693 alpha=0/0)
[22:43:07] [info] phase timing block 0: drawcalls=15328 dc_total_ms=1178 flip_inner_total_ms=378 inter_flip_total_ms=4337 (per-flip avg x10: dc_ms=117 fi_ms=37 if_ms=433 derived audio+engine_ms=279; per-drawcall avg us_x10=768) [direct-vesa: presents=100 total_ms=271 avg_ms_x10=27 failed=0] [ablation: NO_DC_TIMING=0 CACHE_WINSURF=0 DIRECT_VESA=1]
[22:43:07] [info] kbd/audio block 0: kbd_irq=0 kbd_drain=0 ring_chunks=16 pump_pass=1593 pic1_mask=0xb8 first_irq_ticks=0 install_ticks=0 vector_at_install=0x0083e470 pic1_mask_live=0xb8 kbd_8042_stat=0x34 bios_kbd_head=0x0030 bios_kbd_tail=0x0030 bios_kbd_buf0=0x1e61
[22:43:07] [info] dirty-rect block @flip=1000: total_calls=0 dirty_rects_avg=1 dirty_pct_x10=1000 forced_full=0 first_n_force=0 threshold_exceeded=0 dirty_path_taken=0 full_flush_taken=0
[22:43:07] [info] prev-frame-diff block @flip=1000: diff_calls=0 diff_rects_avg=0 diff_dirty_pct_x10=0 bbox_pct_x10=0 bbox_thresh_exceeded=0
[22:43:08] [error] Pixtone::play: sound slot 24 not rendered
[22:43:08] [error] Pixtone::play: sound slot 24 not rendered
[22:43:08] [info] flip-probe: flip #1010 ok=true present=2ms inter_flip_ms=32 drawcalls-since-flip=40 drawcalls-total=91454 fail-total=0 null-skips-total=0
[22:43:08] [error] Pixtone::play: sound slot 24 not rendered
[22:43:08] [error] Pixtone::play: sound slot 15 not rendered
[22:43:08] [info] flip-probe: flip #1020 ok=true present=2ms inter_flip_ms=32 drawcalls-since-flip=40 drawcalls-total=91854 fail-total=0 null-skips-total=0
[22:43:08] [error] Pixtone::play: sound slot 3 not rendered
[22:43:08] [info] flip-probe: flip #1030 ok=true present=2ms inter_flip_ms=38 drawcalls-since-flip=40 drawcalls-total=92254 fail-total=0 null-skips-total=0
[22:43:08] [info] backdrop cache: thrashing-detect engaged (streak=64, route=direct)
[22:43:09] [info] flip-probe: flip #1040 ok=true present=3ms inter_flip_ms=31 drawcalls-since-flip=40 drawcalls-total=92666 fail-total=0 null-skips-total=0
[22:43:09] [error] Pixtone::play: sound slot 23 not rendered
[22:43:09] [error] Pixtone::play: sound slot 24 not rendered
[22:43:09] [info] flip-probe: flip #1050 ok=true present=2ms inter_flip_ms=38 drawcalls-since-flip=40 drawcalls-total=93070 fail-total=0 null-skips-total=0
[22:43:09] [info] flip-probe: flip #1060 ok=true present=3ms inter_flip_ms=26 drawcalls-since-flip=40 drawcalls-total=93470 fail-total=0 null-skips-total=0
[22:43:09] [error] Pixtone::play: sound slot 23 not rendered
[22:43:09] [error] Pixtone::play: sound slot 24 not rendered
[22:43:10] [info] flip-probe: flip #1070 ok=true present=3ms inter_flip_ms=26 drawcalls-since-flip=41 drawcalls-total=93880 fail-total=0 null-skips-total=0
[22:43:10] [error] Pixtone::play: sound slot 24 not rendered
[22:43:10] [error] Pixtone::play: sound slot 24 not rendered
[22:43:10] [info] flip-probe: flip #1080 ok=true present=3ms inter_flip_ms=33 drawcalls-since-flip=42 drawcalls-total=94291 fail-total=0 null-skips-total=0
[22:43:10] [error] Pixtone::play: sound slot 15 not rendered
[22:43:10] [info] flip-probe: flip #1090 ok=true present=3ms inter_flip_ms=26 drawcalls-since-flip=16 drawcalls-total=94529 fail-total=0 null-skips-total=0
[22:43:10] [info] backdrop cache: thrashing-detect engaged (streak=124, route=direct)
[22:43:10] [info] flip-probe: flip #1100 ok=true present=3ms inter_flip_ms=24 drawcalls-since-flip=15 drawcalls-total=94679 fail-total=0 null-skips-total=0
[22:43:10] [info] alpha audit block 0: 2446 total drawcalls, 0 with alpha<255 (block pct_x10=0; global 0/88458 pct_x10=0); alpha-mod skipped: block=0 global=0
[22:43:10] [info] fastpath audit block 0: taken=2446 (idx8=2446) skipped=0 pct_x10=1000; global taken=88458 (idx8=88458) skipped=0 pct_x10=1000
[22:43:10] [info] primitive tally block 0: clear=200(hr=200) fill=0(hr=0) rect=0(hr=0) line=0(hr=0) tint=0 spotlight=0 (over 100 flips ending at flip 1100)
[22:43:10] [info] color/alpha audit block 0: cmod_white=1079 cmod_black=1079 (idx=1079) cmod_general=0 (idx=0) cmod_fb=0; alpha_taken=0 alpha_skipped=0 (global cmod=6186/4680/693/0 idx=4680/693 alpha=0/0)
[22:43:10] [info] phase timing block 0: drawcalls=4804 dc_total_ms=544 flip_inner_total_ms=365 inter_flip_total_ms=3066 (per-flip avg x10: dc_ms=54 fi_ms=36 if_ms=306 derived audio+engine_ms=216; per-drawcall avg us_x10=1134) [direct-vesa: presents=100 total_ms=271 avg_ms_x10=27 failed=0] [ablation: NO_DC_TIMING=0 CACHE_WINSURF=0 DIRECT_VESA=1]
[22:43:10] [info] kbd/audio block 0: kbd_irq=0 kbd_drain=0 ring_chunks=16 pump_pass=1746 pic1_mask=0xb8 first_irq_ticks=0 install_ticks=0 vector_at_install=0x0083e470 pic1_mask_live=0xb8 kbd_8042_stat=0x34 bios_kbd_head=0x0030 bios_kbd_tail=0x0030 bios_kbd_buf0=0x1e61
[22:43:11] [info] dirty-rect block @flip=1100: total_calls=0 dirty_rects_avg=1 dirty_pct_x10=1000 forced_full=0 first_n_force=0 threshold_exceeded=0 dirty_path_taken=0 full_flush_taken=0
[22:43:11] [info] prev-frame-diff block @flip=1100: diff_calls=0 diff_rects_avg=0 diff_dirty_pct_x10=0 bbox_pct_x10=0 bbox_thresh_exceeded=0
[22:43:11] [info] flip-probe: flip #1110 ok=true present=3ms inter_flip_ms=26 drawcalls-since-flip=15 drawcalls-total=94829 fail-total=0 null-skips-total=0
[22:43:11] [info] flip-probe: flip #1120 ok=true present=3ms inter_flip_ms=26 drawcalls-since-flip=15 drawcalls-total=94979 fail-total=0 null-skips-total=0
[22:43:11] [info] flip-probe: flip #1130 ok=true present=3ms inter_flip_ms=28 drawcalls-since-flip=18 drawcalls-total=95156 fail-total=0 null-skips-total=0
[22:43:12] [info] run_tick_fixed #1800: heartbeat (loop alive)
[22:43:12] [error] Pixtone::play: sound slot 24 not rendered
[22:43:12] [info] flip-probe: flip #1140 ok=true present=3ms inter_flip_ms=37 drawcalls-since-flip=18 drawcalls-total=95336 fail-total=0 null-skips-total=0
[22:43:12] [error] Pixtone::play: sound slot 15 not rendered
[22:43:12] [info] flip-probe: flip #1150 ok=true present=3ms inter_flip_ms=25 drawcalls-since-flip=18 drawcalls-total=95516 fail-total=0 null-skips-total=0
[22:43:12] [info] backdrop cache: thrashing-detect engaged (streak=184, route=direct)
[22:43:12] [info] flip-probe: flip #1160 ok=true present=2ms inter_flip_ms=27 drawcalls-since-flip=18 drawcalls-total=95696 fail-total=0 null-skips-total=0
[22:43:12] [info] flip-probe: flip #1170 ok=true present=3ms inter_flip_ms=28 drawcalls-since-flip=18 drawcalls-total=95876 fail-total=0 null-skips-total=0
[22:43:13] [info] flip-probe: flip #1180 ok=true present=3ms inter_flip_ms=24 drawcalls-since-flip=17 drawcalls-total=96048 fail-total=0 null-skips-total=0
[22:43:13] [info] flip-probe: flip #1190 ok=true present=3ms inter_flip_ms=26 drawcalls-since-flip=16 drawcalls-total=96215 fail-total=0 null-skips-total=0
[22:43:13] [info] flip-probe: flip #1200 ok=true present=2ms inter_flip_ms=26 drawcalls-since-flip=17 drawcalls-total=96381 fail-total=0 null-skips-total=0
[22:43:13] [info] alpha audit block 0: 1602 total drawcalls, 0 with alpha<255 (block pct_x10=0; global 0/90060 pct_x10=0); alpha-mod skipped: block=0 global=0
[22:43:13] [info] fastpath audit block 0: taken=1602 (idx8=1602) skipped=0 pct_x10=1000; global taken=90060 (idx8=90060) skipped=0 pct_x10=1000
[22:43:13] [info] primitive tally block 0: clear=200(hr=200) fill=0(hr=0) rect=0(hr=0) line=0(hr=0) tint=0 spotlight=0 (over 100 flips ending at flip 1200)
[22:43:13] [info] phase timing block 0: drawcalls=1802 dc_total_ms=466 flip_inner_total_ms=370 inter_flip_total_ms=2774 (per-flip avg x10: dc_ms=46 fi_ms=37 if_ms=277 derived audio+engine_ms=194; per-drawcall avg us_x10=2589) [direct-vesa: presents=100 total_ms=271 avg_ms_x10=27 failed=0] [ablation: NO_DC_TIMING=0 CACHE_WINSURF=0 DIRECT_VESA=1]
[22:43:13] [info] kbd/audio block 0: kbd_irq=0 kbd_drain=0 ring_chunks=16 pump_pass=1885 pic1_mask=0xb8 first_irq_ticks=0 install_ticks=0 vector_at_install=0x0083e470 pic1_mask_live=0xb8 kbd_8042_stat=0x34 bios_kbd_head=0x0030 bios_kbd_tail=0x0030 bios_kbd_buf0=0x1e61
[22:43:13] [info] dirty-rect block @flip=1200: total_calls=0 dirty_rects_avg=1 dirty_pct_x10=1000 forced_full=0 first_n_force=0 threshold_exceeded=0 dirty_path_taken=0 full_flush_taken=0
[22:43:13] [info] prev-frame-diff block @flip=1200: diff_calls=0 diff_rects_avg=0 diff_dirty_pct_x10=0 bbox_pct_x10=0 bbox_thresh_exceeded=0
[22:43:14] [error] Pixtone::play: sound slot 24 not rendered
[22:43:14] [error] Pixtone::play: sound slot 15 not rendered
[22:43:14] [info] flip-probe: flip #1210 ok=true present=3ms inter_flip_ms=34 drawcalls-since-flip=16 drawcalls-total=96545 fail-total=0 null-skips-total=0
[22:43:14] [info] backdrop cache: thrashing-detect engaged (streak=244, route=direct)
[22:43:14] [info] flip-probe: flip #1220 ok=true present=3ms inter_flip_ms=25 drawcalls-since-flip=16 drawcalls-total=96705 fail-total=0 null-skips-total=0
[22:43:14] [info] flip-probe: flip #1230 ok=true present=3ms inter_flip_ms=26 drawcalls-since-flip=16 drawcalls-total=96865 fail-total=0 null-skips-total=0
[22:43:14] [info] tas: stall frame 245 ms -> contributing 1 tick (patch 0286)
[22:43:15] [info] flip-probe: flip #1240 ok=true present=3ms inter_flip_ms=25 drawcalls-since-flip=16 drawcalls-total=97025 fail-total=0 null-skips-total=0
[22:43:15] [info] flip-probe: flip #1250 ok=true present=3ms inter_flip_ms=25 drawcalls-since-flip=16 drawcalls-total=97185 fail-total=0 null-skips-total=0
[22:43:15] [info] flip-probe: flip #1260 ok=true present=3ms inter_flip_ms=28 drawcalls-since-flip=16 drawcalls-total=97345 fail-total=0 null-skips-total=0
[22:43:15] [error] Pixtone::play: sound slot 56 not rendered
[22:43:15] [error] Pixtone::play: sound slot 24 not rendered
[22:43:15] [info] flip-probe: flip #1270 ok=true present=2ms inter_flip_ms=27 drawcalls-since-flip=27 drawcalls-total=97604 fail-total=0 null-skips-total=0
[22:43:15] [info] backdrop cache: thrashing-detect engaged (streak=304, route=direct)
[22:43:15] [error] Pixtone::play: sound slot 24 not rendered
[22:43:16] [error] Pixtone::play: sound slot 15 not rendered
[22:43:16] [info] flip-probe: flip #1280 ok=true present=3ms inter_flip_ms=29 drawcalls-since-flip=26 drawcalls-total=97869 fail-total=0 null-skips-total=0
[22:43:16] [info] flip-probe: flip #1290 ok=true present=3ms inter_flip_ms=26 drawcalls-since-flip=24 drawcalls-total=98116 fail-total=0 null-skips-total=0
[22:43:16] [error] Pixtone::play: sound slot 24 not rendered
[22:43:16] [info] flip-probe: flip #1300 ok=true present=3ms inter_flip_ms=26 drawcalls-since-flip=18 drawcalls-total=98321 fail-total=0 null-skips-total=0
[22:43:16] [info] alpha audit block 0: 1840 total drawcalls, 0 with alpha<255 (block pct_x10=0; global 0/91900 pct_x10=0); alpha-mod skipped: block=0 global=0
[22:43:16] [info] fastpath audit block 0: taken=1840 (idx8=1840) skipped=0 pct_x10=1000; global taken=91900 (idx8=91900) skipped=0 pct_x10=1000
[22:43:16] [info] primitive tally block 0: clear=200(hr=200) fill=0(hr=0) rect=0(hr=0) line=0(hr=0) tint=0 spotlight=0 (over 100 flips ending at flip 1300)
[22:43:16] [info] phase timing block 0: drawcalls=2040 dc_total_ms=468 flip_inner_total_ms=577 inter_flip_total_ms=3025 (per-flip avg x10: dc_ms=46 fi_ms=57 if_ms=302 derived audio+engine_ms=199; per-drawcall avg us_x10=2297) [direct-vesa: presents=100 total_ms=271 avg_ms_x10=27 failed=0] [ablation: NO_DC_TIMING=0 CACHE_WINSURF=0 DIRECT_VESA=1]
[22:43:16] [info] kbd/audio block 0: kbd_irq=0 kbd_drain=0 ring_chunks=16 pump_pass=2025 pic1_mask=0xb8 first_irq_ticks=0 install_ticks=0 vector_at_install=0x0083e470 pic1_mask_live=0xb8 kbd_8042_stat=0x34 bios_kbd_head=0x0030 bios_kbd_tail=0x0030 bios_kbd_buf0=0x1e61
[22:43:16] [info] dirty-rect block @flip=1300: total_calls=0 dirty_rects_avg=1 dirty_pct_x10=1000 forced_full=0 first_n_force=0 threshold_exceeded=0 dirty_path_taken=0 full_flush_taken=0
[22:43:16] [info] prev-frame-diff block @flip=1300: diff_calls=0 diff_rects_avg=0 diff_dirty_pct_x10=0 bbox_pct_x10=0 bbox_thresh_exceeded=0
[22:43:16] [error] Pixtone::play: sound slot 24 not rendered
[22:43:16] [error] Pixtone::play: sound slot 24 not rendered
[22:43:17] [info] flip-probe: flip #1310 ok=true present=3ms inter_flip_ms=30 drawcalls-since-flip=126 drawcalls-total=98710 fail-total=0 null-skips-total=0
[22:43:17] [info] flip-probe: flip #1320 ok=true present=3ms inter_flip_ms=44 drawcalls-since-flip=306 drawcalls-total=101275 fail-total=0 null-skips-total=0
[22:43:17] [info]  >> Entering stage 15: 'Reservoir'.
[22:43:17] [info] [skip-sheet-flush] cave=6
[22:43:17] [info] [load-stage] preloading entry music song=9 (cave=6)
[22:43:18] [info] gameloop: entered (curmap=15, running=1)
[22:43:18] [info] gameloop: iter 1 ticks=53388 mapno=-1
[22:43:18] [info] mds-clear-lut: rebuilt N=240 entries (k_skip=13% k_keep=87%; curmap=15 map_size=40x20; rebuild #4 since boot)
[22:43:18] [info] gameloop: iter 2 ticks=53454 mapno=-1
[22:43:18] [info] gameloop: iter 3 ticks=53508 mapno=-1
[22:43:18] [info] flip-probe: flip #1330 ok=true present=3ms inter_flip_ms=47 drawcalls-since-flip=336 drawcalls-total=104215 fail-total=0 null-skips-total=0
[22:43:18] [info] run_tick_fixed #2100: heartbeat (loop alive)
[22:43:18] [info] flip-probe: flip #1340 ok=true present=3ms inter_flip_ms=29 drawcalls-since-flip=66 drawcalls-total=106030 fail-total=0 null-skips-total=0
[22:43:18] [error] Pixtone::play: sound slot 24 not rendered
[22:43:18] [info] flip-probe: flip #1350 ok=true present=3ms inter_flip_ms=28 drawcalls-since-flip=31 drawcalls-total=106335 fail-total=0 null-skips-total=0
[22:43:19] [error] Pixtone::play: sound slot 24 not rendered
[22:43:19] [info] flip-probe: flip #1360 ok=true present=2ms inter_flip_ms=27 drawcalls-since-flip=31 drawcalls-total=106645 fail-total=0 null-skips-total=0
[22:43:19] [error] Pixtone::play: sound slot 24 not rendered
[22:43:19] [error] Pixtone::play: sound slot 24 not rendered
[22:43:19] [info] flip-probe: flip #1370 ok=true present=3ms inter_flip_ms=34 drawcalls-since-flip=31 drawcalls-total=106955 fail-total=0 null-skips-total=0
[22:43:19] [error] Pixtone::play: sound slot 15 not rendered
[22:43:19] [info] flip-probe: flip #1380 ok=true present=3ms inter_flip_ms=27 drawcalls-since-flip=31 drawcalls-total=107265 fail-total=0 null-skips-total=0
[22:43:19] [error] Pixtone::play: sound slot 32 not rendered
[22:43:20] [info] backdrop cache: thrashing-detect engaged (streak=4, route=direct)
[22:43:20] [error] Pixtone::play: sound slot 28 not rendered
[22:43:20] [error] Pixtone::play: sound slot 32 not rendered
[22:43:20] [info] flip-probe: flip #1390 ok=true present=3ms inter_flip_ms=30 drawcalls-since-flip=34 drawcalls-total=107595 fail-total=0 null-skips-total=0
[22:43:20] [error] Pixtone::play: sound slot 32 not rendered
[22:43:20] [info] flip-probe: flip #1400 ok=true present=3ms inter_flip_ms=30 drawcalls-since-flip=34 drawcalls-total=107934 fail-total=0 null-skips-total=0
[22:43:20] [info] alpha audit block 0: 8829 total drawcalls, 0 with alpha<255 (block pct_x10=0; global 0/100729 pct_x10=0); alpha-mod skipped: block=0 global=0
[22:43:20] [info] fastpath audit block 0: taken=8829 (idx8=8829) skipped=0 pct_x10=1000; global taken=100729 (idx8=100729) skipped=0 pct_x10=1000
[22:43:20] [info] primitive tally block 0: clear=201(hr=201) fill=0(hr=0) rect=0(hr=0) line=0(hr=0) tint=0 spotlight=0 (over 100 flips ending at flip 1400)
[22:43:20] [info] color/alpha audit block 0: cmod_white=684 cmod_black=684 (idx=684) cmod_general=0 (idx=0) cmod_fb=0; alpha_taken=0 alpha_skipped=0 (global cmod=6870/5364/693/0 idx=5364/693 alpha=0/0)
[22:43:20] [info] phase timing block 0: drawcalls=10457 dc_total_ms=1067 flip_inner_total_ms=369 inter_flip_total_ms=3790 (per-flip avg x10: dc_ms=106 fi_ms=36 if_ms=379 derived audio+engine_ms=237; per-drawcall avg us_x10=1021) [direct-vesa: presents=100 total_ms=271 avg_ms_x10=27 failed=0] [ablation: NO_DC_TIMING=0 CACHE_WINSURF=0 DIRECT_VESA=1]
[22:43:20] [info] kbd/audio block 0: kbd_irq=0 kbd_drain=0 ring_chunks=16 pump_pass=2196 pic1_mask=0xb8 first_irq_ticks=0 install_ticks=0 vector_at_install=0x0083e470 pic1_mask_live=0xb8 kbd_8042_stat=0x34 bios_kbd_head=0x0030 bios_kbd_tail=0x0030 bios_kbd_buf0=0x1e61
[22:43:20] [info] dirty-rect block @flip=1400: total_calls=0 dirty_rects_avg=1 dirty_pct_x10=1000 forced_full=0 first_n_force=0 threshold_exceeded=0 dirty_path_taken=0 full_flush_taken=0
[22:43:20] [info] prev-frame-diff block @flip=1400: diff_calls=0 diff_rects_avg=0 diff_dirty_pct_x10=0 bbox_pct_x10=0 bbox_thresh_exceeded=0
[22:43:20] [error] Pixtone::play: sound slot 24 not rendered
[22:43:20] [error] Pixtone::play: sound slot 24 not rendered
[22:43:20] [info] flip-probe: flip #1410 ok=true present=3ms inter_flip_ms=33 drawcalls-since-flip=31 drawcalls-total=108247 fail-total=0 null-skips-total=0
[22:43:21] [error] Pixtone::play: sound slot 24 not rendered
[22:43:21] [info] flip-probe: flip #1420 ok=true present=3ms inter_flip_ms=30 drawcalls-since-flip=32 drawcalls-total=108563 fail-total=0 null-skips-total=0
[22:43:21] [error] Pixtone::play: sound slot 24 not rendered
[22:43:21] [error] Pixtone::play: sound slot 15 not rendered
[22:43:21] [info] flip-probe: flip #1430 ok=true present=3ms inter_flip_ms=28 drawcalls-since-flip=35 drawcalls-total=108898 fail-total=0 null-skips-total=0
[22:43:21] [info] flip-probe: flip #1440 ok=true present=2ms inter_flip_ms=28 drawcalls-since-flip=34 drawcalls-total=109239 fail-total=0 null-skips-total=0
[22:43:21] [info] backdrop cache: thrashing-detect engaged (streak=64, route=direct)
[22:43:22] [info] flip-probe: flip #1450 ok=true present=2ms inter_flip_ms=28 drawcalls-since-flip=15 drawcalls-total=109469 fail-total=0 null-skips-total=0
[22:43:22] [info] flip-probe: flip #1460 ok=true present=2ms inter_flip_ms=27 drawcalls-since-flip=15 drawcalls-total=109619 fail-total=0 null-skips-total=0
[22:43:22] [info] flip-probe: flip #1470 ok=true present=3ms inter_flip_ms=26 drawcalls-since-flip=15 drawcalls-total=109766 fail-total=0 null-skips-total=0
[22:43:22] [error] Pixtone::play: sound slot 23 not rendered
[22:43:22] [error] Pixtone::play: sound slot 24 not rendered
[22:43:22] [error] Pixtone::play: sound slot 24 not rendered
[22:43:22] [info] flip-probe: flip #1480 ok=true present=3ms inter_flip_ms=26 drawcalls-since-flip=16 drawcalls-total=109917 fail-total=0 null-skips-total=0
[22:43:23] [error] Pixtone::play: sound slot 24 not rendered
[22:43:23] [info] flip-probe: flip #1490 ok=true present=3ms inter_flip_ms=26 drawcalls-since-flip=16 drawcalls-total=110077 fail-total=0 null-skips-total=0
[22:43:23] [info] flip-probe: flip #1500 ok=true present=3ms inter_flip_ms=28 drawcalls-since-flip=17 drawcalls-total=110244 fail-total=0 null-skips-total=0
[22:43:23] [info] alpha audit block 0: 1814 total drawcalls, 0 with alpha<255 (block pct_x10=0; global 0/102543 pct_x10=0); alpha-mod skipped: block=0 global=0
[22:43:23] [info] fastpath audit block 0: taken=1814 (idx8=1814) skipped=0 pct_x10=1000; global taken=102543 (idx8=102543) skipped=0 pct_x10=1000
[22:43:23] [info] primitive tally block 0: clear=200(hr=200) fill=0(hr=0) rect=0(hr=0) line=0(hr=0) tint=0 spotlight=0 (over 100 flips ending at flip 1500)
[22:43:23] [info] color/alpha audit block 0: cmod_white=396 cmod_black=396 (idx=396) cmod_general=0 (idx=0) cmod_fb=0; alpha_taken=0 alpha_skipped=0 (global cmod=7266/5760/693/0 idx=5760/693 alpha=0/0)
[22:43:23] [info] phase timing block 0: drawcalls=2806 dc_total_ms=461 flip_inner_total_ms=366 inter_flip_total_ms=2918 (per-flip avg x10: dc_ms=46 fi_ms=36 if_ms=291 derived audio+engine_ms=209; per-drawcall avg us_x10=1644) [direct-vesa: presents=100 total_ms=271 avg_ms_x10=27 failed=0] [ablation: NO_DC_TIMING=0 CACHE_WINSURF=0 DIRECT_VESA=1]
[22:43:23] [info] kbd/audio block 0: kbd_irq=0 kbd_drain=0 ring_chunks=16 pump_pass=2342 pic1_mask=0xb8 first_irq_ticks=0 install_ticks=0 vector_at_install=0x0083e470 pic1_mask_live=0xb8 kbd_8042_stat=0x34 bios_kbd_head=0x0030 bios_kbd_tail=0x0030 bios_kbd_buf0=0x1e61
[22:43:23] [info] dirty-rect block @flip=1500: total_calls=0 dirty_rects_avg=1 dirty_pct_x10=1000 forced_full=0 first_n_force=0 threshold_exceeded=0 dirty_path_taken=0 full_flush_taken=0
[22:43:23] [info] prev-frame-diff block @flip=1500: diff_calls=0 diff_rects_avg=0 diff_dirty_pct_x10=0 bbox_pct_x10=0 bbox_thresh_exceeded=0
[22:43:23] [error] Pixtone::play: sound slot 24 not rendered
[22:43:23] [error] Pixtone::play: sound slot 24 not rendered
[22:43:23] [info] backdrop cache: thrashing-detect engaged (streak=124, route=direct)
[22:43:23] [info] flip-probe: flip #1510 ok=true present=2ms inter_flip_ms=27 drawcalls-since-flip=17 drawcalls-total=110414 fail-total=0 null-skips-total=0
[22:43:24] [info] flip-probe: flip #1520 ok=true present=2ms inter_flip_ms=27 drawcalls-since-flip=18 drawcalls-total=110594 fail-total=0 null-skips-total=0
[22:43:24] [info] flip-probe: flip #1530 ok=true present=2ms inter_flip_ms=28 drawcalls-since-flip=16 drawcalls-total=110760 fail-total=0 null-skips-total=0
[22:43:24] [info] flip-probe: flip #1540 ok=true present=2ms inter_flip_ms=27 drawcalls-since-flip=16 drawcalls-total=110920 fail-total=0 null-skips-total=0
[22:43:24] [info] flip-probe: flip #1550 ok=true present=3ms inter_flip_ms=26 drawcalls-since-flip=14 drawcalls-total=111069 fail-total=0 null-skips-total=0
[22:43:25] [info] flip-probe: flip #1560 ok=true present=3ms inter_flip_ms=27 drawcalls-since-flip=14 drawcalls-total=111209 fail-total=0 null-skips-total=0
[22:43:25] [info] backdrop cache: thrashing-detect engaged (streak=184, route=direct)
[22:43:25] [info] flip-probe: flip #1570 ok=true present=2ms inter_flip_ms=26 drawcalls-since-flip=14 drawcalls-total=111349 fail-total=0 null-skips-total=0
[22:43:25] [info] flip-probe: flip #1580 ok=true present=3ms inter_flip_ms=25 drawcalls-since-flip=14 drawcalls-total=111489 fail-total=0 null-skips-total=0
[22:43:25] [info] flip-probe: flip #1590 ok=true present=2ms inter_flip_ms=33 drawcalls-since-flip=13 drawcalls-total=111619 fail-total=0 null-skips-total=0
[22:43:26] [info] flip-probe: flip #1600 ok=true present=3ms inter_flip_ms=26 drawcalls-since-flip=13 drawcalls-total=111749 fail-total=0 null-skips-total=0
[22:43:26] [info] alpha audit block 0: 1405 total drawcalls, 0 with alpha<255 (block pct_x10=0; global 0/103948 pct_x10=0); alpha-mod skipped: block=0 global=0
[22:43:26] [info] fastpath audit block 0: taken=1405 (idx8=1405) skipped=0 pct_x10=1000; global taken=103948 (idx8=103948) skipped=0 pct_x10=1000
[22:43:26] [info] primitive tally block 0: clear=200(hr=200) fill=0(hr=0) rect=0(hr=0) line=0(hr=0) tint=0 spotlight=0 (over 100 flips ending at flip 1600)
[22:43:26] [info] phase timing block 0: drawcalls=1618 dc_total_ms=487 flip_inner_total_ms=364 inter_flip_total_ms=2781 (per-flip avg x10: dc_ms=48 fi_ms=36 if_ms=278 derived audio+engine_ms=194; per-drawcall avg us_x10=3010) [direct-vesa: presents=100 total_ms=271 avg_ms_x10=27 failed=0] [ablation: NO_DC_TIMING=0 CACHE_WINSURF=0 DIRECT_VESA=1]
[22:43:26] [info] kbd/audio block 0: kbd_irq=0 kbd_drain=0 ring_chunks=16 pump_pass=2481 pic1_mask=0xb8 first_irq_ticks=0 install_ticks=0 vector_at_install=0x0083e470 pic1_mask_live=0xb8 kbd_8042_stat=0x34 bios_kbd_head=0x0030 bios_kbd_tail=0x0030 bios_kbd_buf0=0x1e61
[22:43:26] [info] dirty-rect block @flip=1600: total_calls=0 dirty_rects_avg=1 dirty_pct_x10=1000 forced_full=0 first_n_force=0 threshold_exceeded=0 dirty_path_taken=0 full_flush_taken=0
[22:43:26] [info] prev-frame-diff block @flip=1600: diff_calls=0 diff_rects_avg=0 diff_dirty_pct_x10=0 bbox_pct_x10=0 bbox_thresh_exceeded=0
[22:43:26] [info] flip-probe: flip #1610 ok=true present=3ms inter_flip_ms=26 drawcalls-since-flip=13 drawcalls-total=111879 fail-total=0 null-skips-total=0
[22:43:26] [error] Pixtone::play: sound slot 24 not rendered
[22:43:26] [error] Pixtone::play: sound slot 15 not rendered
[22:43:26] [info] flip-probe: flip #1620 ok=true present=3ms inter_flip_ms=32 drawcalls-since-flip=13 drawcalls-total=112009 fail-total=0 null-skips-total=0
[22:43:27] [info] backdrop cache: thrashing-detect engaged (streak=4, route=direct)
[22:43:27] [info] flip-probe: flip #1630 ok=true present=2ms inter_flip_ms=28 drawcalls-since-flip=13 drawcalls-total=112139 fail-total=0 null-skips-total=0
[22:43:27] [info] flip-probe: flip #1640 ok=true present=3ms inter_flip_ms=27 drawcalls-since-flip=13 drawcalls-total=112269 fail-total=0 null-skips-total=0
[22:43:27] [info] flip-probe: flip #1650 ok=true present=2ms inter_flip_ms=26 drawcalls-since-flip=13 drawcalls-total=112399 fail-total=0 null-skips-total=0
[22:43:28] [info] flip-probe: flip #1660 ok=true present=3ms inter_flip_ms=27 drawcalls-since-flip=13 drawcalls-total=112529 fail-total=0 null-skips-total=0
[22:43:28] [error] Pixtone::play: sound slot 56 not rendered
[22:43:28] [error] Pixtone::play: sound slot 24 not rendered
[22:43:28] [info] flip-probe: flip #1670 ok=true present=3ms inter_flip_ms=30 drawcalls-since-flip=25 drawcalls-total=112703 fail-total=0 null-skips-total=0
[22:43:28] [error] Pixtone::play: sound slot 24 not rendered
[22:43:28] [error] Pixtone::play: sound slot 15 not rendered
[22:43:28] [info] flip-probe: flip #1680 ok=true present=3ms inter_flip_ms=28 drawcalls-since-flip=22 drawcalls-total=112938 fail-total=0 null-skips-total=0
[22:43:28] [info] backdrop cache: thrashing-detect engaged (streak=64, route=direct)
[22:43:28] [info] flip-probe: flip #1690 ok=true present=3ms inter_flip_ms=28 drawcalls-since-flip=22 drawcalls-total=113164 fail-total=0 null-skips-total=0
[22:43:29] [info] tas: stall frame 249 ms -> contributing 1 tick (patch 0286)
[22:43:29] [info] flip-probe: flip #1700 ok=true present=3ms inter_flip_ms=27 drawcalls-since-flip=20 drawcalls-total=113361 fail-total=0 null-skips-total=0
[22:43:29] [info] alpha audit block 0: 1512 total drawcalls, 0 with alpha<255 (block pct_x10=0; global 0/105460 pct_x10=0); alpha-mod skipped: block=0 global=0
[22:43:29] [info] fastpath audit block 0: taken=1512 (idx8=1512) skipped=0 pct_x10=1000; global taken=105460 (idx8=105460) skipped=0 pct_x10=1000
[22:43:29] [info] primitive tally block 0: clear=200(hr=200) fill=0(hr=0) rect=0(hr=0) line=0(hr=0) tint=0 spotlight=0 (over 100 flips ending at flip 1700)
[22:43:29] [info] phase timing block 0: drawcalls=1739 dc_total_ms=551 flip_inner_total_ms=582 inter_flip_total_ms=3153 (per-flip avg x10: dc_ms=55 fi_ms=58 if_ms=315 derived audio+engine_ms=202; per-drawcall avg us_x10=3170) [direct-vesa: presents=100 total_ms=271 avg_ms_x10=27 failed=0] [ablation: NO_DC_TIMING=0 CACHE_WINSURF=0 DIRECT_VESA=1]
[22:43:29] [info] kbd/audio block 0: kbd_irq=0 kbd_drain=0 ring_chunks=16 pump_pass=2627 pic1_mask=0xb8 first_irq_ticks=0 install_ticks=0 vector_at_install=0x0083e470 pic1_mask_live=0xb8 kbd_8042_stat=0x34 bios_kbd_head=0x0030 bios_kbd_tail=0x0030 bios_kbd_buf0=0x1e61
[22:43:29] [info] dirty-rect block @flip=1700: total_calls=0 dirty_rects_avg=1 dirty_pct_x10=1000 forced_full=0 first_n_force=0 threshold_exceeded=0 dirty_path_taken=0 full_flush_taken=0
[22:43:29] [info] prev-frame-diff block @flip=1700: diff_calls=0 diff_rects_avg=0 diff_dirty_pct_x10=0 bbox_pct_x10=0 bbox_thresh_exceeded=0
[22:43:29] [error] Pixtone::play: sound slot 24 not rendered
[22:43:29] [info] flip-probe: flip #1710 ok=true present=3ms inter_flip_ms=33 drawcalls-since-flip=15 drawcalls-total=113532 fail-total=0 null-skips-total=0
[22:43:29] [info] flip-probe: flip #1720 ok=true present=3ms inter_flip_ms=26 drawcalls-since-flip=13 drawcalls-total=113669 fail-total=0 null-skips-total=0
[22:43:30] [error] Pixtone::play: sound slot 23 not rendered
[22:43:30] [error] Pixtone::play: sound slot 24 not rendered
[22:43:30] [info] flip-probe: flip #1730 ok=true present=3ms inter_flip_ms=25 drawcalls-since-flip=13 drawcalls-total=113799 fail-total=0 null-skips-total=0
[22:43:30] [error] Pixtone::play: sound slot 24 not rendered
[22:43:30] [error] Pixtone::play: sound slot 24 not rendered
[22:43:30] [info] flip-probe: flip #1740 ok=true present=3ms inter_flip_ms=31 drawcalls-since-flip=13 drawcalls-total=113929 fail-total=0 null-skips-total=0
[22:43:30] [error] Pixtone::play: sound slot 24 not rendered
[22:43:30] [info] backdrop cache: thrashing-detect engaged (streak=124, route=direct)
[22:43:30] [error] Pixtone::play: sound slot 24 not rendered
[22:43:30] [info] flip-probe: flip #1750 ok=true present=3ms inter_flip_ms=30 drawcalls-since-flip=13 drawcalls-total=114059 fail-total=0 null-skips-total=0
[22:43:30] [info] run_tick_fixed #2700: heartbeat (loop alive)
[22:43:31] [info] flip-probe: flip #1760 ok=true present=3ms inter_flip_ms=41 drawcalls-since-flip=273 drawcalls-total=115409 fail-total=0 null-skips-total=0
[22:43:31] [info] flip-probe: flip #1770 ok=true present=3ms inter_flip_ms=28 drawcalls-since-flip=3 drawcalls-total=117944 fail-total=0 null-skips-total=0
[22:43:31] [info]  >> Entering stage 11: 'Mimiga Village'.
[22:43:31] [info] [skip-sheet-flush] cave=7
[22:43:31] [info] [load-stage] preloading entry music song=9 (cave=7)
[22:43:31] [info] gameloop: entered (curmap=11, running=1)
[22:43:31] [info] gameloop: iter 1 ticks=67326 mapno=-1
[22:43:31] [info] mds-clear-lut: rebuilt N=240 entries (k_skip=0% k_keep=100%; curmap=11 map_size=60x60; rebuild #5 since boot)
[22:43:32] [info] gameloop: iter 2 ticks=67392 mapno=-1
[22:43:32] [info] gameloop: iter 3 ticks=67447 mapno=-1
[22:43:32] [info] flip-probe: flip #1780 ok=true present=2ms inter_flip_ms=40 drawcalls-since-flip=227 drawcalls-total=121024 fail-total=0 null-skips-total=0
[22:43:32] [info] flip-probe: flip #1790 ok=true present=3ms inter_flip_ms=29 drawcalls-since-flip=42 drawcalls-total=121889 fail-total=0 null-skips-total=0
[22:43:32] [error] Pixtone::play: sound slot 24 not rendered
[22:43:33] [info] flip-probe: flip #1800 ok=true present=3ms inter_flip_ms=29 drawcalls-since-flip=42 drawcalls-total=122309 fail-total=0 null-skips-total=0
[22:43:33] [info] alpha audit block 0: 8458 total drawcalls, 0 with alpha<255 (block pct_x10=0; global 0/113918 pct_x10=0); alpha-mod skipped: block=0 global=0
[22:43:33] [info] fastpath audit block 0: taken=8458 (idx8=8458) skipped=0 pct_x10=1000; global taken=113918 (idx8=113918) skipped=0 pct_x10=1000
[22:43:33] [info] primitive tally block 0: clear=202(hr=202) fill=0(hr=0) rect=0(hr=0) line=0(hr=0) tint=0 spotlight=0 (over 100 flips ending at flip 1800)
[22:43:33] [info] color/alpha audit block 0: cmod_white=390 cmod_black=390 (idx=390) cmod_general=0 (idx=0) cmod_fb=0; alpha_taken=0 alpha_skipped=0 (global cmod=7656/6150/693/0 idx=6150/693 alpha=0/0)
[22:43:33] [info] phase timing block 0: drawcalls=9470 dc_total_ms=904 flip_inner_total_ms=370 inter_flip_total_ms=3646 (per-flip avg x10: dc_ms=90 fi_ms=37 if_ms=364 derived audio+engine_ms=237; per-drawcall avg us_x10=955) [direct-vesa: presents=100 total_ms=271 avg_ms_x10=27 failed=0] [ablation: NO_DC_TIMING=0 CACHE_WINSURF=0 DIRECT_VESA=1]
[22:43:33] [info] kbd/audio block 0: kbd_irq=0 kbd_drain=0 ring_chunks=16 pump_pass=2790 pic1_mask=0xb8 first_irq_ticks=0 install_ticks=0 vector_at_install=0x0083e470 pic1_mask_live=0xb8 kbd_8042_stat=0x34 bios_kbd_head=0x0030 bios_kbd_tail=0x0030 bios_kbd_buf0=0x1e61
[22:43:33] [info] dirty-rect block @flip=1800: total_calls=0 dirty_rects_avg=1 dirty_pct_x10=1000 forced_full=0 first_n_force=0 threshold_exceeded=0 dirty_path_taken=0 full_flush_taken=0
[22:43:33] [info] prev-frame-diff block @flip=1800: diff_calls=0 diff_rects_avg=0 diff_dirty_pct_x10=0 bbox_pct_x10=0 bbox_thresh_exceeded=0
[22:43:33] [error] Pixtone::play: sound slot 24 not rendered
[22:43:33] [error] Pixtone::play: sound slot 24 not rendered
[22:43:33] [info] flip-probe: flip #1810 ok=true present=3ms inter_flip_ms=29 drawcalls-since-flip=42 drawcalls-total=122729 fail-total=0 null-skips-total=0
[22:43:33] [error] Pixtone::play: sound slot 24 not rendered
[22:43:33] [info] flip-probe: flip #1820 ok=true present=3ms inter_flip_ms=29 drawcalls-since-flip=42 drawcalls-total=123149 fail-total=0 null-skips-total=0
[22:43:33] [error] Pixtone::play: sound slot 56 not rendered
[22:43:33] [error] Pixtone::play: sound slot 15 not rendered
[22:43:34] [info] flip-probe: flip #1830 ok=true present=2ms inter_flip_ms=31 drawcalls-since-flip=53 drawcalls-total=123646 fail-total=0 null-skips-total=0
[22:43:34] [info] backdrop cache: thrashing-detect engaged (streak=4, route=direct)
[22:43:34] [info] flip-probe: flip #1840 ok=true present=2ms inter_flip_ms=30 drawcalls-since-flip=52 drawcalls-total=124173 fail-total=0 null-skips-total=0
[22:43:34] [error] Pixtone::play: sound slot 24 not rendered
[22:43:34] [info] flip-probe: flip #1850 ok=true present=2ms inter_flip_ms=31 drawcalls-since-flip=47 drawcalls-total=124666 fail-total=0 null-skips-total=0
[22:43:34] [error] Pixtone::play: sound slot 24 not rendered
[22:43:34] [error] Pixtone::play: sound slot 24 not rendered
[22:43:35] [info] flip-probe: flip #1860 ok=true present=3ms inter_flip_ms=31 drawcalls-since-flip=47 drawcalls-total=125140 fail-total=0 null-skips-total=0
[22:43:35] [error] Pixtone::play: sound slot 24 not rendered
[22:43:35] [info] flip-probe: flip #1870 ok=true present=3ms inter_flip_ms=30 drawcalls-since-flip=44 drawcalls-total=125601 fail-total=0 null-skips-total=0
[22:43:35] [info] flip-probe: flip #1880 ok=true present=3ms inter_flip_ms=28 drawcalls-since-flip=45 drawcalls-total=126045 fail-total=0 null-skips-total=0
[22:43:35] [info] flip-probe: flip #1890 ok=true present=3ms inter_flip_ms=29 drawcalls-since-flip=45 drawcalls-total=126487 fail-total=0 null-skips-total=0
[22:43:36] [error] Pixtone::play: sound slot 24 not rendered
[22:43:36] [info] backdrop cache: thrashing-detect engaged (streak=64, route=direct)
[22:43:36] [info] flip-probe: flip #1900 ok=true present=3ms inter_flip_ms=29 drawcalls-since-flip=18 drawcalls-total=126666 fail-total=0 null-skips-total=0
[22:43:36] [info] alpha audit block 0: 3087 total drawcalls, 0 with alpha<255 (block pct_x10=0; global 0/117005 pct_x10=0); alpha-mod skipped: block=0 global=0
[22:43:36] [info] fastpath audit block 0: taken=3087 (idx8=3087) skipped=0 pct_x10=1000; global taken=117005 (idx8=117005) skipped=0 pct_x10=1000
[22:43:36] [info] primitive tally block 0: clear=200(hr=200) fill=0(hr=0) rect=0(hr=0) line=0(hr=0) tint=0 spotlight=0 (over 100 flips ending at flip 1900)
[22:43:36] [info] color/alpha audit block 0: cmod_white=1170 cmod_black=1170 (idx=1170) cmod_general=0 (idx=0) cmod_fb=0; alpha_taken=0 alpha_skipped=0 (global cmod=8826/7320/693/0 idx=7320/693 alpha=0/0)
[22:43:36] [info] phase timing block 0: drawcalls=5663 dc_total_ms=738 flip_inner_total_ms=369 inter_flip_total_ms=3183 (per-flip avg x10: dc_ms=73 fi_ms=36 if_ms=318 derived audio+engine_ms=209; per-drawcall avg us_x10=1304) [direct-vesa: presents=100 total_ms=270 avg_ms_x10=27 failed=0] [ablation: NO_DC_TIMING=0 CACHE_WINSURF=0 DIRECT_VESA=1]
[22:43:36] [info] kbd/audio block 0: kbd_irq=0 kbd_drain=0 ring_chunks=16 pump_pass=2949 pic1_mask=0xb8 first_irq_ticks=0 install_ticks=0 vector_at_install=0x0083e470 pic1_mask_live=0xb8 kbd_8042_stat=0x34 bios_kbd_head=0x0030 bios_kbd_tail=0x0030 bios_kbd_buf0=0x1e61
[22:43:36] [info] dirty-rect block @flip=1900: total_calls=0 dirty_rects_avg=1 dirty_pct_x10=1000 forced_full=0 first_n_force=0 threshold_exceeded=0 dirty_path_taken=0 full_flush_taken=0
[22:43:36] [info] prev-frame-diff block @flip=1900: diff_calls=0 diff_rects_avg=0 diff_dirty_pct_x10=0 bbox_pct_x10=0 bbox_thresh_exceeded=0
[22:43:36] [info] flip-probe: flip #1910 ok=true present=3ms inter_flip_ms=30 drawcalls-since-flip=18 drawcalls-total=126857 fail-total=0 null-skips-total=0
[22:43:36] [info] flip-probe: flip #1920 ok=true present=3ms inter_flip_ms=30 drawcalls-since-flip=18 drawcalls-total=127037 fail-total=0 null-skips-total=0
[22:43:37] [info] flip-probe: flip #1930 ok=true present=3ms inter_flip_ms=27 drawcalls-since-flip=18 drawcalls-total=127217 fail-total=0 null-skips-total=0
[22:43:37] [info] run_tick_fixed #3000: heartbeat (loop alive)
[22:43:37] [info] flip-probe: flip #1940 ok=true present=3ms inter_flip_ms=28 drawcalls-since-flip=18 drawcalls-total=127397 fail-total=0 null-skips-total=0
[22:43:37] [error] Pixtone::play: sound slot 24 not rendered
[22:43:37] [info] flip-probe: flip #1950 ok=true present=3ms inter_flip_ms=26 drawcalls-since-flip=18 drawcalls-total=127577 fail-total=0 null-skips-total=0
[22:43:37] [error] Pixtone::play: sound slot 24 not rendered
[22:43:37] [error] Pixtone::play: sound slot 24 not rendered
[22:43:37] [info] backdrop cache: thrashing-detect engaged (streak=124, route=direct)
[22:43:38] [info] flip-probe: flip #1960 ok=true present=3ms inter_flip_ms=26 drawcalls-since-flip=18 drawcalls-total=127757 fail-total=0 null-skips-total=0
[22:43:38] [info] flip-probe: flip #1970 ok=true present=3ms inter_flip_ms=29 drawcalls-since-flip=18 drawcalls-total=127937 fail-total=0 null-skips-total=0
[22:43:38] [error] Pixtone::play: sound slot 15 not rendered
[22:43:38] [info] flip-probe: flip #1980 ok=true present=3ms inter_flip_ms=29 drawcalls-since-flip=17 drawcalls-total=128110 fail-total=0 null-skips-total=0
[22:43:38] [info] flip-probe: flip #1990 ok=true present=3ms inter_flip_ms=25 drawcalls-since-flip=17 drawcalls-total=128280 fail-total=0 null-skips-total=0
[22:43:39] [info] flip-probe: flip #2000 ok=true present=3ms inter_flip_ms=35 drawcalls-since-flip=17 drawcalls-total=128450 fail-total=0 null-skips-total=0
[22:43:39] [info] alpha audit block 0: 1684 total drawcalls, 0 with alpha<255 (block pct_x10=0; global 0/118689 pct_x10=0); alpha-mod skipped: block=0 global=0
[22:43:39] [info] fastpath audit block 0: taken=1684 (idx8=1684) skipped=0 pct_x10=1000; global taken=118689 (idx8=118689) skipped=0 pct_x10=1000
[22:43:39] [info] primitive tally block 0: clear=200(hr=200) fill=0(hr=0) rect=0(hr=0) line=0(hr=0) tint=0 spotlight=0 (over 100 flips ending at flip 2000)
[22:43:39] [info] phase timing block 0: drawcalls=1884 dc_total_ms=466 flip_inner_total_ms=369 inter_flip_total_ms=2960 (per-flip avg x10: dc_ms=46 fi_ms=36 if_ms=296 derived audio+engine_ms=214; per-drawcall avg us_x10=2474) [direct-vesa: presents=100 total_ms=272 avg_ms_x10=27 failed=0] [ablation: NO_DC_TIMING=0 CACHE_WINSURF=0 DIRECT_VESA=1]
[22:43:39] [info] kbd/audio block 0: kbd_irq=0 kbd_drain=0 ring_chunks=16 pump_pass=3097 pic1_mask=0xb8 first_irq_ticks=0 install_ticks=0 vector_at_install=0x0083e470 pic1_mask_live=0xb8 kbd_8042_stat=0x34 bios_kbd_head=0x0030 bios_kbd_tail=0x0030 bios_kbd_buf0=0x1e61
[22:43:39] [info] dirty-rect block @flip=2000: total_calls=0 dirty_rects_avg=1 dirty_pct_x10=1000 forced_full=0 first_n_force=0 threshold_exceeded=0 dirty_path_taken=0 full_flush_taken=0
[22:43:39] [info] prev-frame-diff block @flip=2000: diff_calls=0 diff_rects_avg=0 diff_dirty_pct_x10=0 bbox_pct_x10=0 bbox_thresh_exceeded=0
[22:43:39] [error] Pixtone::play: sound slot 24 not rendered
[22:43:39] [error] Pixtone::play: sound slot 15 not rendered
[22:43:39] [info] flip-probe: flip #2010 ok=true present=3ms inter_flip_ms=27 drawcalls-since-flip=16 drawcalls-total=128611 fail-total=0 null-skips-total=0
[22:43:39] [info] backdrop cache: thrashing-detect engaged (streak=184, route=direct)
[22:43:39] [info] flip-probe: flip #2020 ok=true present=3ms inter_flip_ms=29 drawcalls-since-flip=16 drawcalls-total=128771 fail-total=0 null-skips-total=0
[22:43:40] [info] flip-probe: flip #2030 ok=true present=3ms inter_flip_ms=28 drawcalls-since-flip=17 drawcalls-total=128938 fail-total=0 null-skips-total=0
[22:43:40] [info] flip-probe: flip #2040 ok=true present=3ms inter_flip_ms=29 drawcalls-since-flip=18 drawcalls-total=129114 fail-total=0 null-skips-total=0
[22:43:40] [error] Pixtone::play: sound slot 15 not rendered
[22:43:40] [info] flip-probe: flip #2050 ok=true present=3ms inter_flip_ms=28 drawcalls-since-flip=18 drawcalls-total=129294 fail-total=0 null-skips-total=0
[22:43:40] [info] flip-probe: flip #2060 ok=true present=3ms inter_flip_ms=27 drawcalls-since-flip=18 drawcalls-total=129474 fail-total=0 null-skips-total=0
[22:43:41] [info] flip-probe: flip #2070 ok=true present=3ms inter_flip_ms=27 drawcalls-since-flip=18 drawcalls-total=129654 fail-total=0 null-skips-total=0
[22:43:41] [info] backdrop cache: thrashing-detect engaged (streak=244, route=direct)
[22:43:41] [error] Pixtone::play: sound slot 15 not rendered
[22:43:41] [info] flip-probe: flip #2080 ok=true present=3ms inter_flip_ms=27 drawcalls-since-flip=17 drawcalls-total=129826 fail-total=0 null-skips-total=0
[22:43:41] [info] flip-probe: flip #2090 ok=true present=3ms inter_flip_ms=27 drawcalls-since-flip=16 drawcalls-total=129994 fail-total=0 null-skips-total=0
[22:43:42] [info] flip-probe: flip #2100 ok=true present=3ms inter_flip_ms=29 drawcalls-since-flip=16 drawcalls-total=130154 fail-total=0 null-skips-total=0
[22:43:42] [info] alpha audit block 0: 1604 total drawcalls, 0 with alpha<255 (block pct_x10=0; global 0/120293 pct_x10=0); alpha-mod skipped: block=0 global=0
[22:43:42] [info] fastpath audit block 0: taken=1604 (idx8=1604) skipped=0 pct_x10=1000; global taken=120293 (idx8=120293) skipped=0 pct_x10=1000
[22:43:42] [info] primitive tally block 0: clear=200(hr=200) fill=0(hr=0) rect=0(hr=0) line=0(hr=0) tint=0 spotlight=0 (over 100 flips ending at flip 2100)
[22:43:42] [info] phase timing block 0: drawcalls=1804 dc_total_ms=462 flip_inner_total_ms=367 inter_flip_total_ms=2915 (per-flip avg x10: dc_ms=46 fi_ms=36 if_ms=291 derived audio+engine_ms=209; per-drawcall avg us_x10=2565) [direct-vesa: presents=100 total_ms=271 avg_ms_x10=27 failed=0] [ablation: NO_DC_TIMING=0 CACHE_WINSURF=0 DIRECT_VESA=1]
[22:43:42] [info] kbd/audio block 0: kbd_irq=0 kbd_drain=0 ring_chunks=16 pump_pass=3243 pic1_mask=0xb8 first_irq_ticks=0 install_ticks=0 vector_at_install=0x0083e470 pic1_mask_live=0xb8 kbd_8042_stat=0x34 bios_kbd_head=0x0030 bios_kbd_tail=0x0030 bios_kbd_buf0=0x1e61
[22:43:42] [info] dirty-rect block @flip=2100: total_calls=0 dirty_rects_avg=1 dirty_pct_x10=1000 forced_full=0 first_n_force=0 threshold_exceeded=0 dirty_path_taken=0 full_flush_taken=0
[22:43:42] [info] prev-frame-diff block @flip=2100: diff_calls=0 diff_rects_avg=0 diff_dirty_pct_x10=0 bbox_pct_x10=0 bbox_thresh_exceeded=0
[22:43:42] [error] Pixtone::play: sound slot 15 not rendered
[22:43:42] [info] flip-probe: flip #2110 ok=true present=2ms inter_flip_ms=33 drawcalls-since-flip=17 drawcalls-total=130324 fail-total=0 null-skips-total=0
[22:43:42] [info] flip-probe: flip #2120 ok=true present=3ms inter_flip_ms=26 drawcalls-since-flip=18 drawcalls-total=130498 fail-total=0 null-skips-total=0
[22:43:43] [info] flip-probe: flip #2130 ok=true present=3ms inter_flip_ms=28 drawcalls-since-flip=18 drawcalls-total=130676 fail-total=0 null-skips-total=0
[22:43:43] [info] backdrop cache: thrashing-detect engaged (streak=304, route=direct)
[22:43:43] [info] flip-probe: flip #2140 ok=true present=3ms inter_flip_ms=28 drawcalls-since-flip=18 drawcalls-total=130856 fail-total=0 null-skips-total=0
[22:43:43] [error] Pixtone::play: sound slot 15 not rendered
[22:43:43] [info] flip-probe: flip #2150 ok=true present=2ms inter_flip_ms=30 drawcalls-since-flip=18 drawcalls-total=131036 fail-total=0 null-skips-total=0
[22:43:43] [info] flip-probe: flip #2160 ok=true present=3ms inter_flip_ms=26 drawcalls-since-flip=18 drawcalls-total=131216 fail-total=0 null-skips-total=0
[22:43:44] [info] flip-probe: flip #2170 ok=true present=3ms inter_flip_ms=30 drawcalls-since-flip=20 drawcalls-total=131407 fail-total=0 null-skips-total=0
[22:43:44] [info] flip-probe: flip #2180 ok=true present=2ms inter_flip_ms=28 drawcalls-since-flip=20 drawcalls-total=131607 fail-total=0 null-skips-total=0
[22:43:44] [error] Pixtone::play: sound slot 15 not rendered
[22:43:44] [info] flip-probe: flip #2190 ok=true present=3ms inter_flip_ms=26 drawcalls-since-flip=20 drawcalls-total=131807 fail-total=0 null-skips-total=0
[22:43:44] [info] backdrop cache: thrashing-detect engaged (streak=364, route=direct)
[22:43:45] [info] flip-probe: flip #2200 ok=true present=2ms inter_flip_ms=28 drawcalls-since-flip=20 drawcalls-total=132007 fail-total=0 null-skips-total=0
[22:43:45] [info] alpha audit block 0: 1753 total drawcalls, 0 with alpha<255 (block pct_x10=0; global 0/122046 pct_x10=0); alpha-mod skipped: block=0 global=0
[22:43:45] [info] fastpath audit block 0: taken=1753 (idx8=1753) skipped=0 pct_x10=1000; global taken=122046 (idx8=122046) skipped=0 pct_x10=1000
[22:43:45] [info] primitive tally block 0: clear=200(hr=200) fill=0(hr=0) rect=0(hr=0) line=0(hr=0) tint=0 spotlight=0 (over 100 flips ending at flip 2200)
[22:43:45] [info] phase timing block 0: drawcalls=1953 dc_total_ms=469 flip_inner_total_ms=358 inter_flip_total_ms=2931 (per-flip avg x10: dc_ms=46 fi_ms=35 if_ms=293 derived audio+engine_ms=212; per-drawcall avg us_x10=2403) [direct-vesa: presents=100 total_ms=271 avg_ms_x10=27 failed=0] [ablation: NO_DC_TIMING=0 CACHE_WINSURF=0 DIRECT_VESA=1]
[22:43:45] [info] kbd/audio block 0: kbd_irq=0 kbd_drain=0 ring_chunks=16 pump_pass=3389 pic1_mask=0xb8 first_irq_ticks=0 install_ticks=0 vector_at_install=0x0083e470 pic1_mask_live=0xb8 kbd_8042_stat=0x34 bios_kbd_head=0x0030 bios_kbd_tail=0x0030 bios_kbd_buf0=0x1e61
[22:43:45] [info] dirty-rect block @flip=2200: total_calls=0 dirty_rects_avg=1 dirty_pct_x10=1000 forced_full=0 first_n_force=0 threshold_exceeded=0 dirty_path_taken=0 full_flush_taken=0
[22:43:45] [info] prev-frame-diff block @flip=2200: diff_calls=0 diff_rects_avg=0 diff_dirty_pct_x10=0 bbox_pct_x10=0 bbox_thresh_exceeded=0
[22:43:45] [info] flip-probe: flip #2210 ok=true present=3ms inter_flip_ms=29 drawcalls-since-flip=16 drawcalls-total=132181 fail-total=0 null-skips-total=0
[22:43:45] [error] Pixtone::play: sound slot 24 not rendered
[22:43:45] [info] flip-probe: flip #2220 ok=true present=2ms inter_flip_ms=26 drawcalls-since-flip=16 drawcalls-total=132341 fail-total=0 null-skips-total=0
[22:43:45] [error] Pixtone::play: sound slot 24 not rendered
[22:43:45] [error] Pixtone::play: sound slot 24 not rendered
[22:43:45] [info] flip-probe: flip #2230 ok=true present=3ms inter_flip_ms=36 drawcalls-since-flip=16 drawcalls-total=132501 fail-total=0 null-skips-total=0
[22:43:46] [info] tas: stall frame 255 ms -> contributing 1 tick (patch 0286)
[22:43:46] [error] Pixtone::play: sound slot 24 not rendered
[22:43:46] [info] flip-probe: flip #2240 ok=true present=3ms inter_flip_ms=29 drawcalls-since-flip=16 drawcalls-total=132661 fail-total=0 null-skips-total=0
[22:43:46] [error] Pixtone::play: sound slot 24 not rendered
[22:43:46] [info] flip-probe: flip #2250 ok=true present=3ms inter_flip_ms=30 drawcalls-since-flip=18 drawcalls-total=132834 fail-total=0 null-skips-total=0
[22:43:46] [error] Pixtone::play: sound slot 24 not rendered
[22:43:46] [error] Pixtone::play: sound slot 15 not rendered
[22:43:46] [info] backdrop cache: thrashing-detect engaged (streak=424, route=direct)
[22:43:47] [info] flip-probe: flip #2260 ok=true present=3ms inter_flip_ms=29 drawcalls-since-flip=17 drawcalls-total=133005 fail-total=0 null-skips-total=0
[22:43:47] [info] flip-probe: flip #2270 ok=true present=2ms inter_flip_ms=28 drawcalls-since-flip=16 drawcalls-total=133166 fail-total=0 null-skips-total=0
[22:43:47] [info] flip-probe: flip #2280 ok=true present=2ms inter_flip_ms=28 drawcalls-since-flip=15 drawcalls-total=133321 fail-total=0 null-skips-total=0
[22:43:47] [info] flip-probe: flip #2290 ok=true present=3ms inter_flip_ms=29 drawcalls-since-flip=16 drawcalls-total=133473 fail-total=0 null-skips-total=0
[22:43:48] [error] Pixtone::play: sound slot 23 not rendered
[22:43:48] [error] Pixtone::play: sound slot 24 not rendered
[22:43:48] [error] Pixtone::play: sound slot 32 not rendered
[22:43:48] [info] flip-probe: flip #2300 ok=true present=2ms inter_flip_ms=38 drawcalls-since-flip=18 drawcalls-total=133635 fail-total=0 null-skips-total=0
[22:43:48] [info] alpha audit block 0: 1528 total drawcalls, 0 with alpha<255 (block pct_x10=0; global 0/123574 pct_x10=0); alpha-mod skipped: block=0 global=0
[22:43:48] [info] fastpath audit block 0: taken=1528 (idx8=1528) skipped=0 pct_x10=1000; global taken=123574 (idx8=123574) skipped=0 pct_x10=1000
[22:43:48] [info] primitive tally block 0: clear=200(hr=200) fill=0(hr=0) rect=0(hr=0) line=0(hr=0) tint=0 spotlight=0 (over 100 flips ending at flip 2300)
[22:43:48] [info] phase timing block 0: drawcalls=1728 dc_total_ms=462 flip_inner_total_ms=581 inter_flip_total_ms=3216 (per-flip avg x10: dc_ms=46 fi_ms=58 if_ms=321 derived audio+engine_ms=217; per-drawcall avg us_x10=2675) [direct-vesa: presents=100 total_ms=271 avg_ms_x10=27 failed=0] [ablation: NO_DC_TIMING=0 CACHE_WINSURF=0 DIRECT_VESA=1]
[22:43:48] [info] kbd/audio block 0: kbd_irq=0 kbd_drain=0 ring_chunks=16 pump_pass=3538 pic1_mask=0xb8 first_irq_ticks=0 install_ticks=0 vector_at_install=0x0083e470 pic1_mask_live=0xb8 kbd_8042_stat=0x34 bios_kbd_head=0x0030 bios_kbd_tail=0x0030 bios_kbd_buf0=0x1e61
[22:43:48] [info] dirty-rect block @flip=2300: total_calls=0 dirty_rects_avg=1 dirty_pct_x10=1000 forced_full=0 first_n_force=0 threshold_exceeded=0 dirty_path_taken=0 full_flush_taken=0
[22:43:48] [info] prev-frame-diff block @flip=2300: diff_calls=0 diff_rects_avg=0 diff_dirty_pct_x10=0 bbox_pct_x10=0 bbox_thresh_exceeded=0
[22:43:48] [error] Pixtone::play: sound slot 24 not rendered
[22:43:48] [error] Pixtone::play: sound slot 32 not rendered
[22:43:48] [error] Pixtone::play: sound slot 24 not rendered
[22:43:48] [info] flip-probe: flip #2310 ok=true present=3ms inter_flip_ms=34 drawcalls-since-flip=19 drawcalls-total=133817 fail-total=0 null-skips-total=0
[22:43:48] [error] Pixtone::play: sound slot 32 not rendered
[22:43:48] [error] Pixtone::play: sound slot 32 not rendered
[22:43:48] [error] Pixtone::play: sound slot 24 not rendered
[22:43:48] [info] backdrop cache: thrashing-detect engaged (streak=484, route=direct)
[22:43:48] [info] flip-probe: flip #2320 ok=true present=3ms inter_flip_ms=28 drawcalls-since-flip=19 drawcalls-total=134012 fail-total=0 null-skips-total=0
[22:43:48] [error] Pixtone::play: sound slot 24 not rendered
[22:43:49] [error] Pixtone::play: sound slot 24 not rendered
[22:43:49] [info] flip-probe: flip #2330 ok=true present=3ms inter_flip_ms=30 drawcalls-since-flip=17 drawcalls-total=134188 fail-total=0 null-skips-total=0
[22:43:49] [error] Pixtone::play: sound slot 24 not rendered
[22:43:49] [error] Pixtone::play: sound slot 11 not rendered
[22:43:49] [info] run_tick_fixed #3600: heartbeat (loop alive)
[22:43:49] [info] flip-probe: flip #2340 ok=true present=3ms inter_flip_ms=40 drawcalls-since-flip=247 drawcalls-total=134961 fail-total=0 null-skips-total=0
[22:43:50] [info] flip-probe: flip #2350 ok=true present=3ms inter_flip_ms=31 drawcalls-since-flip=7 drawcalls-total=138115 fail-total=0 null-skips-total=0
[22:43:50] [info]  >> Entering stage 19: 'Assembly Hall'.
[22:43:50] [info] [skip-sheet-flush] cave=8
[22:43:50] [info] [load-stage] preloading entry music song=9 (cave=8)
[22:43:50] [info] gameloop: entered (curmap=19, running=1)
[22:43:50] [info] gameloop: iter 1 ticks=85954 mapno=-1
[22:43:50] [info] mds-clear-lut: rebuilt N=240 entries (k_skip=100% k_keep=0%; curmap=19 map_size=21x16; rebuild #6 since boot)
[22:43:50] [info] gameloop: iter 2 ticks=86023 mapno=-1
[22:43:50] [info] gameloop: iter 3 ticks=86081 mapno=-1
[22:43:51] [info] flip-probe: flip #2360 ok=true present=3ms inter_flip_ms=38 drawcalls-since-flip=287 drawcalls-total=142385 fail-total=0 null-skips-total=0
[22:43:51] [info] flip-probe: flip #2370 ok=true present=3ms inter_flip_ms=30 drawcalls-since-flip=121 drawcalls-total=143733 fail-total=0 null-skips-total=0
[22:43:51] [error] Pixtone::play: sound slot 24 not rendered
[22:43:51] [info] flip-probe: flip #2380 ok=true present=3ms inter_flip_ms=36 drawcalls-since-flip=121 drawcalls-total=144943 fail-total=0 null-skips-total=0
[22:43:51] [error] Pixtone::play: sound slot 15 not rendered
[22:43:52] [info] flip-probe: flip #2390 ok=true present=2ms inter_flip_ms=31 drawcalls-since-flip=121 drawcalls-total=146153 fail-total=0 null-skips-total=0
[22:43:52] [info] flip-probe: flip #2400 ok=true present=3ms inter_flip_ms=30 drawcalls-since-flip=121 drawcalls-total=147363 fail-total=0 null-skips-total=0
[22:43:52] [info] alpha audit block 0: 13028 total drawcalls, 0 with alpha<255 (block pct_x10=0; global 0/136602 pct_x10=0); alpha-mod skipped: block=0 global=0
[22:43:52] [info] fastpath audit block 0: taken=13028 (idx8=13028) skipped=0 pct_x10=1000; global taken=136602 (idx8=136602) skipped=0 pct_x10=1000
[22:43:52] [info] primitive tally block 0: clear=201(hr=201) fill=0(hr=0) rect=0(hr=0) line=0(hr=0) tint=0 spotlight=0 (over 100 flips ending at flip 2400)
[22:43:52] [info] color/alpha audit block 0: cmod_white=600 cmod_black=600 (idx=600) cmod_general=0 (idx=0) cmod_fb=0; alpha_taken=0 alpha_skipped=0 (global cmod=9426/7920/693/0 idx=7920/693 alpha=0/0)
[22:43:52] [info] phase timing block 0: drawcalls=14479 dc_total_ms=1023 flip_inner_total_ms=366 inter_flip_total_ms=4087 (per-flip avg x10: dc_ms=102 fi_ms=36 if_ms=408 derived audio+engine_ms=270; per-drawcall avg us_x10=707) [direct-vesa: presents=100 total_ms=271 avg_ms_x10=27 failed=0] [ablation: NO_DC_TIMING=0 CACHE_WINSURF=0 DIRECT_VESA=1]
[22:43:52] [info] kbd/audio block 0: kbd_irq=0 kbd_drain=0 ring_chunks=16 pump_pass=3715 pic1_mask=0xb8 first_irq_ticks=0 install_ticks=0 vector_at_install=0x0083e470 pic1_mask_live=0xb8 kbd_8042_stat=0x34 bios_kbd_head=0x0030 bios_kbd_tail=0x0030 bios_kbd_buf0=0x1e61
[22:43:52] [info] dirty-rect block @flip=2400: total_calls=0 dirty_rects_avg=1 dirty_pct_x10=1000 forced_full=0 first_n_force=0 threshold_exceeded=0 dirty_path_taken=0 full_flush_taken=0
[22:43:52] [info] prev-frame-diff block @flip=2400: diff_calls=0 diff_rects_avg=0 diff_dirty_pct_x10=0 bbox_pct_x10=0 bbox_thresh_exceeded=0
[22:43:52] [error] Pixtone::play: sound slot 32 not rendered
[22:43:52] [error] Pixtone::play: sound slot 32 not rendered
[22:43:52] [info] flip-probe: flip #2410 ok=true present=2ms inter_flip_ms=32 drawcalls-since-flip=124 drawcalls-total=148598 fail-total=0 null-skips-total=0
[22:43:53] [info] flip-probe: flip #2420 ok=true present=2ms inter_flip_ms=30 drawcalls-since-flip=121 drawcalls-total=149821 fail-total=0 null-skips-total=0
[22:43:53] [error] Pixtone::play: sound slot 23 not rendered
[22:43:53] [error] Pixtone::play: sound slot 32 not rendered
[22:43:53] [error] Pixtone::play: sound slot 24 not rendered
[22:43:53] [info] flip-probe: flip #2430 ok=true present=3ms inter_flip_ms=31 drawcalls-since-flip=123 drawcalls-total=151041 fail-total=0 null-skips-total=0
[22:43:53] [error] Pixtone::play: sound slot 24 not rendered
[22:43:53] [info] flip-probe: flip #2440 ok=true present=3ms inter_flip_ms=29 drawcalls-since-flip=121 drawcalls-total=152260 fail-total=0 null-skips-total=0
[22:43:53] [error] Pixtone::play: sound slot 24 not rendered
[22:43:53] [error] Pixtone::play: sound slot 24 not rendered
[22:43:53] [info] flip-probe: flip #2450 ok=true present=2ms inter_flip_ms=30 drawcalls-since-flip=121 drawcalls-total=153470 fail-total=0 null-skips-total=0
[22:43:54] [error] Pixtone::play: sound slot 24 not rendered
[22:43:54] [error] Pixtone::play: sound slot 24 not rendered
[22:43:54] [info] flip-probe: flip #2460 ok=true present=3ms inter_flip_ms=30 drawcalls-since-flip=121 drawcalls-total=154680 fail-total=0 null-skips-total=0
[22:43:54] [error] Pixtone::play: sound slot 24 not rendered
[22:43:54] [info] flip-probe: flip #2470 ok=true present=3ms inter_flip_ms=30 drawcalls-since-flip=121 drawcalls-total=155890 fail-total=0 null-skips-total=0
[22:43:54] [info] flip-probe: flip #2480 ok=true present=3ms inter_flip_ms=28 drawcalls-since-flip=97 drawcalls-total=156860 fail-total=0 null-skips-total=0
[22:43:54] [error] Pixtone::play: sound slot 24 not rendered
[22:43:55] [error] Pixtone::play: sound slot 24 not rendered
[22:43:55] [info] flip-probe: flip #2490 ok=true present=3ms inter_flip_ms=28 drawcalls-since-flip=97 drawcalls-total=157830 fail-total=0 null-skips-total=0
[22:43:55] [error] Pixtone::play: sound slot 11 not rendered
[22:43:55] [info] flip-probe: flip #2500 ok=true present=3ms inter_flip_ms=48 drawcalls-since-flip=438 drawcalls-total=161190 fail-total=0 null-skips-total=0
[22:43:55] [info] alpha audit block 0: 12887 total drawcalls, 0 with alpha<255 (block pct_x10=0; global 0/149489 pct_x10=0); alpha-mod skipped: block=0 global=0
[22:43:55] [info] fastpath audit block 0: taken=12887 (idx8=12887) skipped=0 pct_x10=1000; global taken=149489 (idx8=149489) skipped=0 pct_x10=1000
[22:43:55] [info] primitive tally block 0: clear=200(hr=200) fill=0(hr=0) rect=0(hr=0) line=0(hr=0) tint=0 spotlight=0 (over 100 flips ending at flip 2500)
[22:43:55] [info] color/alpha audit block 0: cmod_white=840 cmod_black=840 (idx=840) cmod_general=0 (idx=0) cmod_fb=0; alpha_taken=0 alpha_skipped=0 (global cmod=10266/8760/693/0 idx=8760/693 alpha=0/0)
[22:43:55] [info] phase timing block 0: drawcalls=14867 dc_total_ms=1069 flip_inner_total_ms=366 inter_flip_total_ms=3305 (per-flip avg x10: dc_ms=106 fi_ms=36 if_ms=330 derived audio+engine_ms=188; per-drawcall avg us_x10=719) [direct-vesa: presents=100 total_ms=271 avg_ms_x10=27 failed=0] [ablation: NO_DC_TIMING=0 CACHE_WINSURF=0 DIRECT_VESA=1]
[22:43:55] [info] kbd/audio block 0: kbd_irq=0 kbd_drain=0 ring_chunks=16 pump_pass=3879 pic1_mask=0xb8 first_irq_ticks=0 install_ticks=0 vector_at_install=0x0083e470 pic1_mask_live=0xb8 kbd_8042_stat=0x34 bios_kbd_head=0x0030 bios_kbd_tail=0x0030 bios_kbd_buf0=0x1e61
[22:43:55] [info] dirty-rect block @flip=2500: total_calls=0 dirty_rects_avg=1 dirty_pct_x10=1000 forced_full=0 first_n_force=0 threshold_exceeded=0 dirty_path_taken=0 full_flush_taken=0
[22:43:55] [info] prev-frame-diff block @flip=2500: diff_calls=0 diff_rects_avg=0 diff_dirty_pct_x10=0 bbox_pct_x10=0 bbox_thresh_exceeded=0
[22:43:55] [info]  >> Entering stage 11: 'Mimiga Village'.
[22:43:55] [info] [skip-sheet-flush] cave=9
[22:43:56] [info] [load-stage] preloading entry music song=9 (cave=9)
[22:43:56] [info] gameloop: entered (curmap=11, running=1)
[22:43:56] [info] gameloop: iter 1 ticks=91774 mapno=-1
[22:43:56] [info] mds-clear-lut: rebuilt N=240 entries (k_skip=0% k_keep=100%; curmap=11 map_size=60x60; rebuild #7 since boot)
[22:43:56] [info] gameloop: iter 2 ticks=91844 mapno=-1
[22:43:56] [info] gameloop: iter 3 ticks=91902 mapno=-1
[22:43:56] [info] flip-probe: flip #2510 ok=true present=2ms inter_flip_ms=57 drawcalls-since-flip=384 drawcalls-total=164894 fail-total=0 null-skips-total=0
[22:43:56] [info] backdrop cache: thrashing-detect engaged (streak=4, route=direct)
[22:43:57] [info] flip-probe: flip #2520 ok=true present=3ms inter_flip_ms=28 drawcalls-since-flip=32 drawcalls-total=166214 fail-total=0 null-skips-total=0
[22:43:57] [error] Pixtone::play: sound slot 32 not rendered
[22:43:57] [error] Pixtone::play: sound slot 24 not rendered
[22:43:57] [info] flip-probe: flip #2530 ok=true present=2ms inter_flip_ms=30 drawcalls-since-flip=44 drawcalls-total=166646 fail-total=0 null-skips-total=0
[22:43:57] [error] Pixtone::play: sound slot 32 not rendered
[22:43:57] [error] Pixtone::play: sound slot 24 not rendered
[22:43:57] [error] Pixtone::play: sound slot 32 not rendered
[22:43:57] [error] Pixtone::play: sound slot 24 not rendered
[22:43:57] [info] flip-probe: flip #2540 ok=true present=3ms inter_flip_ms=31 drawcalls-since-flip=45 drawcalls-total=167098 fail-total=0 null-skips-total=0
[22:43:57] [error] Pixtone::play: sound slot 28 not rendered
[22:43:57] [error] Pixtone::play: sound slot 24 not rendered
[22:43:58] [info] flip-probe: flip #2550 ok=true present=3ms inter_flip_ms=29 drawcalls-since-flip=41 drawcalls-total=167520 fail-total=0 null-skips-total=0
[22:43:58] [error] Pixtone::play: sound slot 24 not rendered
[22:43:58] [error] Pixtone::play: sound slot 15 not rendered
[22:43:58] [info] flip-probe: flip #2560 ok=true present=3ms inter_flip_ms=27 drawcalls-since-flip=42 drawcalls-total=167937 fail-total=0 null-skips-total=0
[22:43:58] [info] flip-probe: flip #2570 ok=true present=3ms inter_flip_ms=27 drawcalls-since-flip=43 drawcalls-total=168361 fail-total=0 null-skips-total=0
[22:43:58] [info] backdrop cache: thrashing-detect engaged (streak=64, route=direct)
[22:43:59] [info] flip-probe: flip #2580 ok=true present=3ms inter_flip_ms=30 drawcalls-since-flip=44 drawcalls-total=168795 fail-total=0 null-skips-total=0
[22:43:59] [info] flip-probe: flip #2590 ok=true present=3ms inter_flip_ms=29 drawcalls-since-flip=42 drawcalls-total=169222 fail-total=0 null-skips-total=0
[22:43:59] [info] flip-probe: flip #2600 ok=true present=3ms inter_flip_ms=29 drawcalls-since-flip=42 drawcalls-total=169642 fail-total=0 null-skips-total=0
[22:43:59] [info] alpha audit block 0: 7104 total drawcalls, 0 with alpha<255 (block pct_x10=0; global 0/156593 pct_x10=0); alpha-mod skipped: block=0 global=0
[22:43:59] [info] fastpath audit block 0: taken=7104 (idx8=7104) skipped=0 pct_x10=1000; global taken=156593 (idx8=156593) skipped=0 pct_x10=1000
[22:43:59] [info] primitive tally block 0: clear=201(hr=201) fill=0(hr=0) rect=0(hr=0) line=0(hr=0) tint=0 spotlight=0 (over 100 flips ending at flip 2600)
[22:43:59] [info] color/alpha audit block 0: cmod_white=1248 cmod_black=1248 (idx=1248) cmod_general=0 (idx=0) cmod_fb=0; alpha_taken=0 alpha_skipped=0 (global cmod=11514/10008/693/0 idx=10008/693 alpha=0/0)
[22:43:59] [info] phase timing block 0: drawcalls=9813 dc_total_ms=803 flip_inner_total_ms=369 inter_flip_total_ms=3981 (per-flip avg x10: dc_ms=80 fi_ms=36 if_ms=398 derived audio+engine_ms=282; per-drawcall avg us_x10=818) [direct-vesa: presents=100 total_ms=272 avg_ms_x10=27 failed=0] [ablation: NO_DC_TIMING=0 CACHE_WINSURF=0 DIRECT_VESA=1]
[22:43:59] [info] kbd/audio block 0: kbd_irq=0 kbd_drain=0 ring_chunks=16 pump_pass=4052 pic1_mask=0xb8 first_irq_ticks=0 install_ticks=0 vector_at_install=0x0083e470 pic1_mask_live=0xb8 kbd_8042_stat=0x34 bios_kbd_head=0x0030 bios_kbd_tail=0x0030 bios_kbd_buf0=0x1e61
[22:43:59] [info] dirty-rect block @flip=2600: total_calls=0 dirty_rects_avg=1 dirty_pct_x10=1000 forced_full=0 first_n_force=0 threshold_exceeded=0 dirty_path_taken=0 full_flush_taken=0
[22:43:59] [info] prev-frame-diff block @flip=2600: diff_calls=0 diff_rects_avg=0 diff_dirty_pct_x10=0 bbox_pct_x10=0 bbox_thresh_exceeded=0
[22:43:59] [info] flip-probe: flip #2610 ok=true present=2ms inter_flip_ms=30 drawcalls-since-flip=45 drawcalls-total=170089 fail-total=0 null-skips-total=0
[22:44:00] [info] flip-probe: flip #2620 ok=true present=3ms inter_flip_ms=31 drawcalls-since-flip=44 drawcalls-total=170530 fail-total=0 null-skips-total=0
[22:44:00] [error] Pixtone::play: sound slot 23 not rendered
[22:44:00] [info] flip-probe: flip #2630 ok=true present=3ms inter_flip_ms=33 drawcalls-since-flip=17 drawcalls-total=170811 fail-total=0 null-skips-total=0
[22:44:00] [info] backdrop cache: thrashing-detect engaged (streak=124, route=direct)
[22:44:00] [error] Pixtone::play: sound slot 24 not rendered
[22:44:00] [error] Pixtone::play: sound slot 24 not rendered
[22:44:00] [info] flip-probe: flip #2640 ok=true present=3ms inter_flip_ms=37 drawcalls-since-flip=17 drawcalls-total=170981 fail-total=0 null-skips-total=0
[22:44:01] [info] flip-probe: flip #2650 ok=true present=3ms inter_flip_ms=27 drawcalls-since-flip=17 drawcalls-total=171151 fail-total=0 null-skips-total=0
[22:44:01] [info] flip-probe: flip #2660 ok=true present=3ms inter_flip_ms=29 drawcalls-since-flip=16 drawcalls-total=171317 fail-total=0 null-skips-total=0
[22:44:01] [info] flip-probe: flip #2670 ok=true present=3ms inter_flip_ms=27 drawcalls-since-flip=16 drawcalls-total=171477 fail-total=0 null-skips-total=0
[22:44:02] [info] flip-probe: flip #2680 ok=true present=3ms inter_flip_ms=29 drawcalls-since-flip=16 drawcalls-total=171637 fail-total=0 null-skips-total=0
[22:44:02] [error] Pixtone::play: sound slot 24 not rendered
[22:44:02] [info] flip-probe: flip #2690 ok=true present=3ms inter_flip_ms=27 drawcalls-since-flip=16 drawcalls-total=171797 fail-total=0 null-skips-total=0
[22:44:02] [error] Pixtone::play: sound slot 24 not rendered
[22:44:02] [info] backdrop cache: thrashing-detect engaged (streak=184, route=direct)
[22:44:02] [error] Pixtone::play: sound slot 15 not rendered
[22:44:02] [info] run_tick_fixed #4200: heartbeat (loop alive)
[22:44:02] [info] flip-probe: flip #2700 ok=true present=3ms inter_flip_ms=35 drawcalls-since-flip=17 drawcalls-total=171966 fail-total=0 null-skips-total=0
[22:44:02] [info] alpha audit block 0: 1912 total drawcalls, 0 with alpha<255 (block pct_x10=0; global 0/158505 pct_x10=0); alpha-mod skipped: block=0 global=0
[22:44:02] [info] fastpath audit block 0: taken=1912 (idx8=1912) skipped=0 pct_x10=1000; global taken=158505 (idx8=158505) skipped=0 pct_x10=1000
[22:44:02] [info] primitive tally block 0: clear=200(hr=200) fill=0(hr=0) rect=0(hr=0) line=0(hr=0) tint=0 spotlight=0 (over 100 flips ending at flip 2700)
[22:44:02] [info] color/alpha audit block 0: cmod_white=312 cmod_black=312 (idx=312) cmod_general=0 (idx=0) cmod_fb=0; alpha_taken=0 alpha_skipped=0 (global cmod=11826/10320/693/0 idx=10320/693 alpha=0/0)
[22:44:02] [info] phase timing block 0: drawcalls=2736 dc_total_ms=489 flip_inner_total_ms=587 inter_flip_total_ms=2995 (per-flip avg x10: dc_ms=48 fi_ms=58 if_ms=299 derived audio+engine_ms=193; per-drawcall avg us_x10=1789) [direct-vesa: presents=100 total_ms=271 avg_ms_x10=27 failed=0] [ablation: NO_DC_TIMING=0 CACHE_WINSURF=0 DIRECT_VESA=1]
[22:44:02] [info] kbd/audio block 0: kbd_irq=0 kbd_drain=0 ring_chunks=16 pump_pass=4202 pic1_mask=0xb8 first_irq_ticks=0 install_ticks=0 vector_at_install=0x0083e470 pic1_mask_live=0xb8 kbd_8042_stat=0x34 bios_kbd_head=0x0030 bios_kbd_tail=0x0030 bios_kbd_buf0=0x1e61
[22:44:02] [info] dirty-rect block @flip=2700: total_calls=0 dirty_rects_avg=1 dirty_pct_x10=1000 forced_full=0 first_n_force=0 threshold_exceeded=0 dirty_path_taken=0 full_flush_taken=0
[22:44:02] [info] prev-frame-diff block @flip=2700: diff_calls=0 diff_rects_avg=0 diff_dirty_pct_x10=0 bbox_pct_x10=0 bbox_thresh_exceeded=0
[22:44:02] [info] tas: stall frame 297 ms -> contributing 1 tick (patch 0286)
[22:44:03] [info] flip-probe: flip #2710 ok=true present=2ms inter_flip_ms=28 drawcalls-since-flip=17 drawcalls-total=172136 fail-total=0 null-skips-total=0
[22:44:03] [error] Pixtone::play: sound slot 32 not rendered
[22:44:03] [info] flip-probe: flip #2720 ok=true present=3ms inter_flip_ms=28 drawcalls-since-flip=19 drawcalls-total=172312 fail-total=0 null-skips-total=0
[22:44:03] [error] Pixtone::play: sound slot 32 not rendered
[22:44:03] [info] flip-probe: flip #2730 ok=true present=3ms inter_flip_ms=28 drawcalls-since-flip=18 drawcalls-total=172494 fail-total=0 null-skips-total=0
[22:44:03] [error] Pixtone::play: sound slot 32 not rendered
[22:44:03] [error] Pixtone::play: sound slot 23 not rendered
[22:44:03] [error] Pixtone::play: sound slot 24 not rendered
[22:44:04] [info] flip-probe: flip #2740 ok=true present=2ms inter_flip_ms=26 drawcalls-since-flip=15 drawcalls-total=172660 fail-total=0 null-skips-total=0
[22:44:04] [error] Pixtone::play: sound slot 24 not rendered
[22:44:04] [error] Pixtone::play: sound slot 24 not rendered
[22:44:04] [error] Pixtone::play: sound slot 24 not rendered
[22:44:04] [info] flip-probe: flip #2750 ok=true present=3ms inter_flip_ms=33 drawcalls-since-flip=14 drawcalls-total=172803 fail-total=0 null-skips-total=0
[22:44:04] [info] backdrop cache: thrashing-detect engaged (streak=244, route=direct)
[22:44:04] [error] Pixtone::play: sound slot 24 not rendered
[22:44:04] [info] flip-probe: flip #2760 ok=true present=2ms inter_flip_ms=29 drawcalls-since-flip=14 drawcalls-total=172943 fail-total=0 null-skips-total=0
[22:44:04] [error] Pixtone::play: sound slot 11 not rendered
[22:44:05] [info] flip-probe: flip #2770 ok=true present=3ms inter_flip_ms=47 drawcalls-since-flip=356 drawcalls-total=174771 fail-total=0 null-skips-total=0
[22:44:05] [info]  >> Entering stage 14: 'Shack'.
[22:44:05] [info] [skip-sheet-flush] cave=10
[22:44:05] [info] [load-stage] preloading entry music song=8 (cave=10)
[22:44:05] [info] [music-dispatch] tick=4327 song=8 (prev 9)
[22:44:05] [info] gameloop: entered (curmap=14, running=1)
[22:44:05] [info] gameloop: iter 1 ticks=101194 mapno=-1
[22:44:05] [info] gameloop: iter 2 ticks=101239 mapno=-1
[22:44:05] [info] gameloop: iter 3 ticks=101289 mapno=-1
[22:44:05] [info] flip-probe: flip #2780 ok=true present=2ms inter_flip_ms=49 drawcalls-since-flip=365 drawcalls-total=177654 fail-total=0 null-skips-total=0
[22:44:06] [info] flip-probe: flip #2790 ok=true present=3ms inter_flip_ms=28 drawcalls-since-flip=157 drawcalls-total=180720 fail-total=0 null-skips-total=0
[22:44:06] [info] flip-probe: flip #2800 ok=true present=3ms inter_flip_ms=21 drawcalls-since-flip=23 drawcalls-total=181072 fail-total=0 null-skips-total=0
[22:44:06] [info] alpha audit block 0: 8914 total drawcalls, 0 with alpha<255 (block pct_x10=0; global 0/167419 pct_x10=0); alpha-mod skipped: block=0 global=0
[22:44:06] [info] fastpath audit block 0: taken=8914 (idx8=8914) skipped=0 pct_x10=1000; global taken=167419 (idx8=167419) skipped=0 pct_x10=1000
[22:44:06] [info] primitive tally block 0: clear=202(hr=202) fill=0(hr=0) rect=0(hr=0) line=0(hr=0) tint=0 spotlight=0 (over 100 flips ending at flip 2800)
[22:44:06] [info] color/alpha audit block 0: cmod_white=115 cmod_black=115 (idx=115) cmod_general=0 (idx=0) cmod_fb=0; alpha_taken=0 alpha_skipped=0 (global cmod=11941/10435/693/0 idx=10435/693 alpha=0/0)
[22:44:06] [info] phase timing block 0: drawcalls=9346 dc_total_ms=770 flip_inner_total_ms=367 inter_flip_total_ms=3954 (per-flip avg x10: dc_ms=77 fi_ms=36 if_ms=395 derived audio+engine_ms=282; per-drawcall avg us_x10=824) [direct-vesa: presents=100 total_ms=272 avg_ms_x10=27 failed=0] [ablation: NO_DC_TIMING=0 CACHE_WINSURF=0 DIRECT_VESA=1]
[22:44:06] [info] kbd/audio block 0: kbd_irq=0 kbd_drain=0 ring_chunks=16 pump_pass=4364 pic1_mask=0xb8 first_irq_ticks=0 install_ticks=0 vector_at_install=0x0083e470 pic1_mask_live=0xb8 kbd_8042_stat=0x34 bios_kbd_head=0x0030 bios_kbd_tail=0x0030 bios_kbd_buf0=0x1e61
[22:44:06] [info] dirty-rect block @flip=2800: total_calls=0 dirty_rects_avg=1 dirty_pct_x10=1000 forced_full=0 first_n_force=0 threshold_exceeded=0 dirty_path_taken=0 full_flush_taken=0
[22:44:06] [info] prev-frame-diff block @flip=2800: diff_calls=0 diff_rects_avg=0 diff_dirty_pct_x10=0 bbox_pct_x10=0 bbox_thresh_exceeded=0
[22:44:06] [info] flip-probe: flip #2810 ok=true present=3ms inter_flip_ms=21 drawcalls-since-flip=23 drawcalls-total=181302 fail-total=0 null-skips-total=0
[22:44:06] [error] Pixtone::play: sound slot 24 not rendered
[22:44:07] [info] flip-probe: flip #2820 ok=true present=2ms inter_flip_ms=22 drawcalls-since-flip=23 drawcalls-total=181532 fail-total=0 null-skips-total=0
[22:44:07] [error] Pixtone::play: sound slot 15 not rendered
[22:44:07] [info] flip-probe: flip #2830 ok=true present=3ms inter_flip_ms=21 drawcalls-since-flip=23 drawcalls-total=181762 fail-total=0 null-skips-total=0
[22:44:07] [info] flip-probe: flip #2840 ok=true present=3ms inter_flip_ms=21 drawcalls-since-flip=23 drawcalls-total=181992 fail-total=0 null-skips-total=0
[22:44:07] [error] Pixtone::play: sound slot 32 not rendered
[22:44:07] [error] Pixtone::play: sound slot 32 not rendered
[22:44:07] [info] flip-probe: flip #2850 ok=true present=3ms inter_flip_ms=22 drawcalls-since-flip=26 drawcalls-total=182245 fail-total=0 null-skips-total=0
[22:44:07] [error] Pixtone::play: sound slot 32 not rendered
[22:44:07] [info] flip-probe: flip #2860 ok=true present=3ms inter_flip_ms=22 drawcalls-since-flip=26 drawcalls-total=182507 fail-total=0 null-skips-total=0
[22:44:08] [info] flip-probe: flip #2870 ok=true present=3ms inter_flip_ms=23 drawcalls-since-flip=24 drawcalls-total=182755 fail-total=0 null-skips-total=0
[22:44:08] [error] Pixtone::play: sound slot 23 not rendered
[22:44:08] [info] flip-probe: flip #2880 ok=true present=3ms inter_flip_ms=22 drawcalls-since-flip=23 drawcalls-total=182986 fail-total=0 null-skips-total=0
[22:44:08] [error] Pixtone::play: sound slot 24 not rendered
[22:44:08] [info] flip-probe: flip #2890 ok=true present=3ms inter_flip_ms=22 drawcalls-since-flip=23 drawcalls-total=183216 fail-total=0 null-skips-total=0
[22:44:08] [error] Pixtone::play: sound slot 24 not rendered
[22:44:08] [error] Pixtone::play: sound slot 24 not rendered
[22:44:08] [info] flip-probe: flip #2900 ok=true present=3ms inter_flip_ms=26 drawcalls-since-flip=13 drawcalls-total=183416 fail-total=0 null-skips-total=0
[22:44:08] [info] alpha audit block 0: 1859 total drawcalls, 0 with alpha<255 (block pct_x10=0; global 0/169278 pct_x10=0); alpha-mod skipped: block=0 global=0
[22:44:08] [info] fastpath audit block 0: taken=1859 (idx8=1859) skipped=0 pct_x10=1000; global taken=169278 (idx8=169278) skipped=0 pct_x10=1000
[22:44:08] [info] primitive tally block 0: clear=200(hr=200) fill=0(hr=0) rect=0(hr=0) line=0(hr=0) tint=0 spotlight=0 (over 100 flips ending at flip 2900)
[22:44:08] [info] color/alpha audit block 0: cmod_white=485 cmod_black=485 (idx=485) cmod_general=0 (idx=0) cmod_fb=0; alpha_taken=0 alpha_skipped=0 (global cmod=12426/10920/693/0 idx=10920/693 alpha=0/0)
[22:44:08] [info] phase timing block 0: drawcalls=3029 dc_total_ms=483 flip_inner_total_ms=378 inter_flip_total_ms=2346 (per-flip avg x10: dc_ms=48 fi_ms=37 if_ms=234 derived audio+engine_ms=149; per-drawcall avg us_x10=1596) [direct-vesa: presents=100 total_ms=271 avg_ms_x10=27 failed=0] [ablation: NO_DC_TIMING=0 CACHE_WINSURF=0 DIRECT_VESA=1]
[22:44:08] [info] kbd/audio block 0: kbd_irq=0 kbd_drain=0 ring_chunks=16 pump_pass=4481 pic1_mask=0xb8 first_irq_ticks=0 install_ticks=0 vector_at_install=0x0083e470 pic1_mask_live=0xb8 kbd_8042_stat=0x34 bios_kbd_head=0x0030 bios_kbd_tail=0x0030 bios_kbd_buf0=0x1e61
[22:44:08] [info] dirty-rect block @flip=2900: total_calls=0 dirty_rects_avg=1 dirty_pct_x10=1000 forced_full=0 first_n_force=0 threshold_exceeded=0 dirty_path_taken=0 full_flush_taken=0
[22:44:08] [info] prev-frame-diff block @flip=2900: diff_calls=0 diff_rects_avg=0 diff_dirty_pct_x10=0 bbox_pct_x10=0 bbox_thresh_exceeded=0
[22:44:09] [error] Pixtone::play: sound slot 24 not rendered
[22:44:09] [info] flip-probe: flip #2910 ok=true present=2ms inter_flip_ms=21 drawcalls-since-flip=13 drawcalls-total=183546 fail-total=0 null-skips-total=0
[22:44:09] [info] run_tick_fixed #4500: heartbeat (loop alive)
[22:44:09] [error] Pixtone::play: sound slot 24 not rendered
[22:44:09] [info] flip-probe: flip #2920 ok=true present=3ms inter_flip_ms=21 drawcalls-since-flip=13 drawcalls-total=183676 fail-total=0 null-skips-total=0
[22:44:09] [error] Pixtone::play: sound slot 24 not rendered
[22:44:09] [error] Pixtone::play: sound slot 24 not rendered
[22:44:09] [info] flip-probe: flip #2930 ok=true present=3ms inter_flip_ms=22 drawcalls-since-flip=13 drawcalls-total=183806 fail-total=0 null-skips-total=0
[22:44:09] [info] flip-probe: flip #2940 ok=true present=3ms inter_flip_ms=20 drawcalls-since-flip=13 drawcalls-total=183936 fail-total=0 null-skips-total=0
[22:44:10] [info] flip-probe: flip #2950 ok=true present=3ms inter_flip_ms=21 drawcalls-since-flip=13 drawcalls-total=184066 fail-total=0 null-skips-total=0
[22:44:10] [error] Pixtone::play: sound slot 24 not rendered
[22:44:10] [info] flip-probe: flip #2960 ok=true present=3ms inter_flip_ms=26 drawcalls-since-flip=13 drawcalls-total=184196 fail-total=0 null-skips-total=0
[22:44:10] [error] Pixtone::play: sound slot 24 not rendered
[22:44:10] [info] flip-probe: flip #2970 ok=true present=3ms inter_flip_ms=21 drawcalls-since-flip=13 drawcalls-total=184326 fail-total=0 null-skips-total=0
[22:44:10] [error] Pixtone::play: sound slot 24 not rendered
[22:44:10] [info] flip-probe: flip #2980 ok=true present=3ms inter_flip_ms=21 drawcalls-since-flip=13 drawcalls-total=184456 fail-total=0 null-skips-total=0
[22:44:10] [error] Pixtone::play: sound slot 11 not rendered
[22:44:11] [info] flip-probe: flip #2990 ok=true present=3ms inter_flip_ms=30 drawcalls-since-flip=211 drawcalls-total=185206 fail-total=0 null-skips-total=0
[22:44:11] [info] flip-probe: flip #3000 ok=true present=3ms inter_flip_ms=47 drawcalls-since-flip=355 drawcalls-total=188620 fail-total=0 null-skips-total=0
[22:44:11] [info] alpha audit block 0: 5204 total drawcalls, 0 with alpha<255 (block pct_x10=0; global 0/174482 pct_x10=0); alpha-mod skipped: block=0 global=0
[22:44:11] [info] fastpath audit block 0: taken=5204 (idx8=5204) skipped=0 pct_x10=1000; global taken=174482 (idx8=174482) skipped=0 pct_x10=1000
[22:44:11] [info] primitive tally block 0: clear=200(hr=200) fill=0(hr=0) rect=0(hr=0) line=0(hr=0) tint=0 spotlight=0 (over 100 flips ending at flip 3000)
[22:44:11] [info] phase timing block 0: drawcalls=5404 dc_total_ms=593 flip_inner_total_ms=365 inter_flip_total_ms=2487 (per-flip avg x10: dc_ms=59 fi_ms=36 if_ms=248 derived audio+engine_ms=153; per-drawcall avg us_x10=1097) [direct-vesa: presents=100 total_ms=271 avg_ms_x10=27 failed=0] [ablation: NO_DC_TIMING=0 CACHE_WINSURF=0 DIRECT_VESA=1]
[22:44:11] [info] kbd/audio block 0: kbd_irq=0 kbd_drain=0 ring_chunks=16 pump_pass=4604 pic1_mask=0xb8 first_irq_ticks=0 install_ticks=0 vector_at_install=0x0083e470 pic1_mask_live=0xb8 kbd_8042_stat=0x34 bios_kbd_head=0x0030 bios_kbd_tail=0x0030 bios_kbd_buf0=0x1e61
[22:44:11] [info] dirty-rect block @flip=3000: total_calls=0 dirty_rects_avg=1 dirty_pct_x10=1000 forced_full=0 first_n_force=0 threshold_exceeded=0 dirty_path_taken=0 full_flush_taken=0
[22:44:11] [info] prev-frame-diff block @flip=3000: diff_calls=0 diff_rects_avg=0 diff_dirty_pct_x10=0 bbox_pct_x10=0 bbox_thresh_exceeded=0
[22:44:11] [info]  >> Entering stage 11: 'Mimiga Village'.
[22:44:11] [info] [skip-sheet-flush] cave=11
[22:44:11] [info] [load-stage] preloading entry music song=9 (cave=11)
[22:44:11] [info] [music-dispatch] tick=4609 song=9 (prev 8)
[22:44:11] [info] gameloop: entered (curmap=11, running=1)
[22:44:11] [info] gameloop: iter 1 ticks=107226 mapno=-1
[22:44:11] [info] gameloop: iter 2 ticks=107286 mapno=-1
[22:44:12] [info] gameloop: iter 3 ticks=107352 mapno=-1
[22:44:12] [info] backdrop cache: thrashing-detect engaged (streak=4, route=direct)
[22:44:12] [info] flip-probe: flip #3010 ok=true present=3ms inter_flip_ms=42 drawcalls-since-flip=238 drawcalls-total=191833 fail-total=0 null-skips-total=0
[22:44:12] [info] flip-probe: flip #3020 ok=true present=3ms inter_flip_ms=29 drawcalls-since-flip=40 drawcalls-total=192405 fail-total=0 null-skips-total=0
[22:44:12] [error] Pixtone::play: sound slot 24 not rendered
[22:44:12] [info] flip-probe: flip #3030 ok=true present=3ms inter_flip_ms=31 drawcalls-since-flip=41 drawcalls-total=192808 fail-total=0 null-skips-total=0
[22:44:12] [error] Pixtone::play: sound slot 24 not rendered
[22:44:13] [error] Pixtone::play: sound slot 15 not rendered
[22:44:13] [info] flip-probe: flip #3040 ok=true present=3ms inter_flip_ms=31 drawcalls-since-flip=43 drawcalls-total=193226 fail-total=0 null-skips-total=0
[22:44:13] [info] flip-probe: flip #3050 ok=true present=2ms inter_flip_ms=31 drawcalls-since-flip=43 drawcalls-total=193656 fail-total=0 null-skips-total=0
[22:44:13] [error] Pixtone::play: sound slot 32 not rendered
[22:44:13] [info] flip-probe: flip #3060 ok=true present=3ms inter_flip_ms=29 drawcalls-since-flip=45 drawcalls-total=194092 fail-total=0 null-skips-total=0
[22:44:14] [error] Pixtone::play: sound slot 32 not rendered
[22:44:14] [error] Pixtone::play: sound slot 32 not rendered
[22:44:14] [info] backdrop cache: thrashing-detect engaged (streak=64, route=direct)
[22:44:14] [info] flip-probe: flip #3070 ok=true present=2ms inter_flip_ms=31 drawcalls-since-flip=47 drawcalls-total=194553 fail-total=0 null-skips-total=0
[22:44:14] [info] flip-probe: flip #3080 ok=true present=2ms inter_flip_ms=27 drawcalls-since-flip=43 drawcalls-total=194998 fail-total=0 null-skips-total=0
[22:44:14] [error] Pixtone::play: sound slot 15 not rendered
[22:44:14] [info] flip-probe: flip #3090 ok=true present=3ms inter_flip_ms=27 drawcalls-since-flip=42 drawcalls-total=195418 fail-total=0 null-skips-total=0
[22:44:15] [info] flip-probe: flip #3100 ok=true present=3ms inter_flip_ms=27 drawcalls-since-flip=42 drawcalls-total=195838 fail-total=0 null-skips-total=0
[22:44:15] [info] alpha audit block 0: 5832 total drawcalls, 0 with alpha<255 (block pct_x10=0; global 0/180314 pct_x10=0); alpha-mod skipped: block=0 global=0
[22:44:15] [info] fastpath audit block 0: taken=5832 (idx8=5832) skipped=0 pct_x10=1000; global taken=180314 (idx8=180314) skipped=0 pct_x10=1000
[22:44:15] [info] primitive tally block 0: clear=201(hr=201) fill=0(hr=0) rect=0(hr=0) line=0(hr=0) tint=0 spotlight=0 (over 100 flips ending at flip 3100)
[22:44:15] [info] color/alpha audit block 0: cmod_white=1287 cmod_black=1287 (idx=1287) cmod_general=0 (idx=0) cmod_fb=0; alpha_taken=0 alpha_skipped=0 (global cmod=13713/12207/693/0 idx=12207/693 alpha=0/0)
[22:44:15] [info] phase timing block 0: drawcalls=8614 dc_total_ms=730 flip_inner_total_ms=590 inter_flip_total_ms=3735 (per-flip avg x10: dc_ms=73 fi_ms=59 if_ms=373 derived audio+engine_ms=241; per-drawcall avg us_x10=848) [direct-vesa: presents=100 total_ms=271 avg_ms_x10=27 failed=0] [ablation: NO_DC_TIMING=0 CACHE_WINSURF=0 DIRECT_VESA=1]
[22:44:15] [info] kbd/audio block 0: kbd_irq=0 kbd_drain=0 ring_chunks=16 pump_pass=4772 pic1_mask=0xb8 first_irq_ticks=0 install_ticks=0 vector_at_install=0x0083e470 pic1_mask_live=0xb8 kbd_8042_stat=0x34 bios_kbd_head=0x0030 bios_kbd_tail=0x0030 bios_kbd_buf0=0x1e61
[22:44:15] [info] dirty-rect block @flip=3100: total_calls=0 dirty_rects_avg=1 dirty_pct_x10=1000 forced_full=0 first_n_force=0 threshold_exceeded=0 dirty_path_taken=0 full_flush_taken=0
[22:44:15] [info] prev-frame-diff block @flip=3100: diff_calls=0 diff_rects_avg=0 diff_dirty_pct_x10=0 bbox_pct_x10=0 bbox_thresh_exceeded=0
[22:44:15] [info] tas: stall frame 294 ms -> contributing 1 tick (patch 0286)
[22:44:15] [error] Pixtone::play: sound slot 32 not rendered
[22:44:15] [info] flip-probe: flip #3110 ok=true present=3ms inter_flip_ms=28 drawcalls-since-flip=45 drawcalls-total=196273 fail-total=0 null-skips-total=0
[22:44:15] [error] Pixtone::play: sound slot 28 not rendered
[22:44:16] [info] run_tick_fixed #4800: heartbeat (loop alive)
[22:44:16] [error] Pixtone::play: sound slot 23 not rendered
[22:44:16] [error] Pixtone::play: sound slot 24 not rendered
[22:44:16] [info] flip-probe: flip #3120 ok=true present=3ms inter_flip_ms=38 drawcalls-since-flip=44 drawcalls-total=196723 fail-total=0 null-skips-total=0
[22:44:16] [info] backdrop cache: thrashing-detect engaged (streak=4, route=direct)
[22:44:16] [error] Pixtone::play: sound slot 24 not rendered
[22:44:16] [info] flip-probe: flip #3130 ok=true present=3ms inter_flip_ms=28 drawcalls-since-flip=18 drawcalls-total=196929 fail-total=0 null-skips-total=0
[22:44:16] [error] Pixtone::play: sound slot 24 not rendered
[22:44:16] [error] Pixtone::play: sound slot 24 not rendered
[22:44:16] [info] flip-probe: flip #3140 ok=true present=3ms inter_flip_ms=30 drawcalls-since-flip=18 drawcalls-total=197109 fail-total=0 null-skips-total=0
[22:44:16] [error] Pixtone::play: sound slot 24 not rendered
[22:44:17] [info] flip-probe: flip #3150 ok=true present=3ms inter_flip_ms=28 drawcalls-since-flip=19 drawcalls-total=197290 fail-total=0 null-skips-total=0
[22:44:17] [error] Pixtone::play: sound slot 24 not rendered
[22:44:17] [error] Pixtone::play: sound slot 24 not rendered
[22:44:17] [info] flip-probe: flip #3160 ok=true present=3ms inter_flip_ms=29 drawcalls-since-flip=20 drawcalls-total=197483 fail-total=0 null-skips-total=0
[22:44:17] [error] Pixtone::play: sound slot 24 not rendered
[22:44:17] [info] flip-probe: flip #3170 ok=true present=3ms inter_flip_ms=28 drawcalls-since-flip=19 drawcalls-total=197677 fail-total=0 null-skips-total=0
[22:44:17] [error] Pixtone::play: sound slot 24 not rendered
[22:44:17] [error] Pixtone::play: sound slot 24 not rendered
[22:44:17] [info] flip-probe: flip #3180 ok=true present=3ms inter_flip_ms=29 drawcalls-since-flip=17 drawcalls-total=197856 fail-total=0 null-skips-total=0
[22:44:17] [info] backdrop cache: thrashing-detect engaged (streak=64, route=direct)
[22:44:18] [error] Pixtone::play: sound slot 24 not rendered
[22:44:18] [info] flip-probe: flip #3190 ok=true present=3ms inter_flip_ms=29 drawcalls-since-flip=17 drawcalls-total=198026 fail-total=0 null-skips-total=0
[22:44:18] [info] flip-probe: flip #3200 ok=true present=3ms inter_flip_ms=29 drawcalls-since-flip=17 drawcalls-total=198196 fail-total=0 null-skips-total=0
[22:44:18] [info] alpha audit block 0: 1985 total drawcalls, 0 with alpha<255 (block pct_x10=0; global 0/182299 pct_x10=0); alpha-mod skipped: block=0 global=0
[22:44:18] [info] fastpath audit block 0: taken=1985 (idx8=1985) skipped=0 pct_x10=1000; global taken=182299 (idx8=182299) skipped=0 pct_x10=1000
[22:44:18] [info] primitive tally block 0: clear=200(hr=200) fill=0(hr=0) rect=0(hr=0) line=0(hr=0) tint=0 spotlight=0 (over 100 flips ending at flip 3200)
[22:44:18] [info] color/alpha audit block 0: cmod_white=273 cmod_black=273 (idx=273) cmod_general=0 (idx=0) cmod_fb=0; alpha_taken=0 alpha_skipped=0 (global cmod=13986/12480/693/0 idx=12480/693 alpha=0/0)
[22:44:18] [info] phase timing block 0: drawcalls=2735 dc_total_ms=511 flip_inner_total_ms=369 inter_flip_total_ms=3374 (per-flip avg x10: dc_ms=51 fi_ms=36 if_ms=337 derived audio+engine_ms=250; per-drawcall avg us_x10=1869) [direct-vesa: presents=100 total_ms=271 avg_ms_x10=27 failed=0] [ablation: NO_DC_TIMING=0 CACHE_WINSURF=0 DIRECT_VESA=1]
[22:44:18] [info] kbd/audio block 0: kbd_irq=0 kbd_drain=0 ring_chunks=16 pump_pass=4927 pic1_mask=0xb8 first_irq_ticks=0 install_ticks=0 vector_at_install=0x0083e470 pic1_mask_live=0xb8 kbd_8042_stat=0x34 bios_kbd_head=0x0030 bios_kbd_tail=0x0030 bios_kbd_buf0=0x1e61
[22:44:18] [info] dirty-rect block @flip=3200: total_calls=0 dirty_rects_avg=1 dirty_pct_x10=1000 forced_full=0 first_n_force=0 threshold_exceeded=0 dirty_path_taken=0 full_flush_taken=0
[22:44:18] [info] prev-frame-diff block @flip=3200: diff_calls=0 diff_rects_avg=0 diff_dirty_pct_x10=0 bbox_pct_x10=0 bbox_thresh_exceeded=0
[22:44:18] [info] flip-probe: flip #3210 ok=true present=3ms inter_flip_ms=37 drawcalls-since-flip=18 drawcalls-total=198376 fail-total=0 null-skips-total=0
[22:44:18] [info] backdrop cache: thrashing-detect engaged (streak=4, route=direct)
[22:44:19] [info] flip-probe: flip #3220 ok=true present=3ms inter_flip_ms=30 drawcalls-since-flip=19 drawcalls-total=198566 fail-total=0 null-skips-total=0
[22:44:19] [info] flip-probe: flip #3230 ok=true present=2ms inter_flip_ms=31 drawcalls-since-flip=20 drawcalls-total=198765 fail-total=0 null-skips-total=0
[22:44:19] [info] flip-probe: flip #3240 ok=true present=3ms inter_flip_ms=28 drawcalls-since-flip=19 drawcalls-total=198958 fail-total=0 null-skips-total=0
[22:44:20] [info] flip-probe: flip #3250 ok=true present=3ms inter_flip_ms=27 drawcalls-since-flip=18 drawcalls-total=199141 fail-total=0 null-skips-total=0
[22:44:20] [info] flip-probe: flip #3260 ok=true present=3ms inter_flip_ms=30 drawcalls-since-flip=18 drawcalls-total=199321 fail-total=0 null-skips-total=0
[22:44:20] [info] flip-probe: flip #3270 ok=true present=3ms inter_flip_ms=28 drawcalls-since-flip=18 drawcalls-total=199501 fail-total=0 null-skips-total=0
[22:44:20] [info] backdrop cache: thrashing-detect engaged (streak=64, route=direct)
[22:44:21] [info] flip-probe: flip #3280 ok=true present=3ms inter_flip_ms=26 drawcalls-since-flip=18 drawcalls-total=199681 fail-total=0 null-skips-total=0
[22:44:21] [info] flip-probe: flip #3290 ok=true present=3ms inter_flip_ms=30 drawcalls-since-flip=18 drawcalls-total=199861 fail-total=0 null-skips-total=0
[22:44:21] [info] flip-probe: flip #3300 ok=true present=3ms inter_flip_ms=29 drawcalls-since-flip=18 drawcalls-total=200041 fail-total=0 null-skips-total=0
[22:44:21] [info] alpha audit block 0: 1745 total drawcalls, 0 with alpha<255 (block pct_x10=0; global 0/184044 pct_x10=0); alpha-mod skipped: block=0 global=0
[22:44:21] [info] fastpath audit block 0: taken=1745 (idx8=1745) skipped=0 pct_x10=1000; global taken=184044 (idx8=184044) skipped=0 pct_x10=1000
[22:44:21] [info] primitive tally block 0: clear=200(hr=200) fill=0(hr=0) rect=0(hr=0) line=0(hr=0) tint=0 spotlight=0 (over 100 flips ending at flip 3300)
[22:44:21] [info] phase timing block 0: drawcalls=1952 dc_total_ms=502 flip_inner_total_ms=369 inter_flip_total_ms=3053 (per-flip avg x10: dc_ms=50 fi_ms=36 if_ms=305 derived audio+engine_ms=219; per-drawcall avg us_x10=2573) [direct-vesa: presents=100 total_ms=272 avg_ms_x10=27 failed=0] [ablation: NO_DC_TIMING=0 CACHE_WINSURF=0 DIRECT_VESA=1]
[22:44:21] [info] kbd/audio block 0: kbd_irq=0 kbd_drain=0 ring_chunks=16 pump_pass=5080 pic1_mask=0xb8 first_irq_ticks=0 install_ticks=0 vector_at_install=0x0083e470 pic1_mask_live=0xb8 kbd_8042_stat=0x34 bios_kbd_head=0x0030 bios_kbd_tail=0x0030 bios_kbd_buf0=0x1e61
[22:44:21] [info] dirty-rect block @flip=3300: total_calls=0 dirty_rects_avg=1 dirty_pct_x10=1000 forced_full=0 first_n_force=0 threshold_exceeded=0 dirty_path_taken=0 full_flush_taken=0
[22:44:21] [info] prev-frame-diff block @flip=3300: diff_calls=0 diff_rects_avg=0 diff_dirty_pct_x10=0 bbox_pct_x10=0 bbox_thresh_exceeded=0
[22:44:21] [info] flip-probe: flip #3310 ok=true present=3ms inter_flip_ms=28 drawcalls-since-flip=18 drawcalls-total=200221 fail-total=0 null-skips-total=0
[22:44:21] [info] run_tick_fixed #5100: heartbeat (loop alive)
[22:44:22] [info] flip-probe: flip #3320 ok=true present=3ms inter_flip_ms=30 drawcalls-since-flip=59 drawcalls-total=200565 fail-total=0 null-skips-total=0
[22:44:22] [info] flip-probe: flip #3330 ok=true present=3ms inter_flip_ms=30 drawcalls-since-flip=59 drawcalls-total=201155 fail-total=0 null-skips-total=0
[22:44:22] [info] backdrop cache: thrashing-detect engaged (streak=124, route=direct)
[22:44:22] [error] Pixtone::play: sound slot 1 not rendered
[22:44:22] [info] flip-probe: flip #3340 ok=true present=2ms inter_flip_ms=31 drawcalls-since-flip=59 drawcalls-total=201745 fail-total=0 null-skips-total=0
[22:44:23] [info] flip-probe: flip #3350 ok=true present=3ms inter_flip_ms=30 drawcalls-since-flip=59 drawcalls-total=202335 fail-total=0 null-skips-total=0
[22:44:23] [info] tas: end-of-replay auto-exit at tick 5140 (recording exhausted; set DOSKUTSU_TAS_REPLAY_HOLD=1 to disable + observe steady-state past recording end)
[22:44:23] [info] Script engine shutdown.
[22:44:23] [info] Sound system shutdown
[22:44:23] [info] Renderer::Close()
[22:44:23] [info] tas: replay file closed
[22:44:23] [info] [fps-true] flips=3350 render_s=115 fps_mean=29.1 (clock-independent: flips / seconds since the FIRST flip; use THIS for the fps matrix, not inter_flip medians, which are invalid in any cell running the PIT/IRQ-0 music pump)
[RUNMANIFEST-BEGIN]
schema_version=2
environment=realhw
binary_sha12=UNKNOWN
binary_sha12_src=unknown
build_sha12=1f79ce20e4ee
organya_cache_key=1f79ce20e4ee
wave_tag=GX0
scene=
env_block_sha=ebcc58d30719
started_rtc_local=2026-11-21T20:35:50
duration_s=129
exit_code=0
fps_true_flips=3350
fps_true_render_s=115
reel_ticks=5140
reel_game_seconds=102.8
per_loop_fps=32.5
overhead_s=13
music_pump_active=0
cpu_vendor=GenuineIntel
cpu_have_cpuid=1
cpu_family=5
cpu_model=3
cpu_stepping=2
cpu_mhz_est=83
cpu_has_fpu=1
cpu_class=586
audio_backend=none
video_logical_wxh=320x240
video_logical_bpp=8
video_vram_kb=4096
video_lfb_or_banked=lfb
audio_is_sb16=0
audio_dsp_ver=NA
audio_dma_path=8bit-low
audio_force_8bit=0
audio_dma_channel=-1
fps_p50=34.4
fps_p95=23.8
fps_sample_n=335
fps_sample_interval=10
pump_clock_state=no-pump
audio_vital_status=NA
regime=NA
banner_required_hit=0
banner_required_total=0
banner_forbidden_hit=0
banner_optional_hit=0
critical_count=0
warn_count=0
perstage_count=12
perstage_00=stage:72 ticks:95 flips:95 fps:50.0
perstage_01=stage:1005 ticks:80 flips:80 fps:50.0
perstage_02=stage:20 ticks:121 flips:108 fps:44.6
perstage_03=stage:11 ticks:455 flips:282 fps:30.9
perstage_04=stage:17 ticks:771 flips:397 fps:25.7
perstage_05=stage:11 ticks:548 flips:361 fps:32.9
perstage_06=stage:15 ticks:666 flips:446 fps:33.4
perstage_07=stage:11 ticks:892 flips:580 fps:32.5
perstage_08=stage:19 ticks:264 flips:154 fps:29.1
perstage_09=stage:11 ticks:435 flips:273 fps:31.3
perstage_10=stage:14 ticks:282 flips:224 fps:39.7
perstage_11=stage:11 ticks:531 flips:349 fps:32.8
[RUNMANIFEST-END]
[22:44:23] [info] [runmanifest-emit] schema=v2 env=realhw binary_sha12=UNKNOWN(unknown) build_sha12=1f79ce20e4ee per_loop_fps=32.5 overhead_s=13 pump=0 dur=129s tag='GX0' scene='' (signals=0x4)
