Logger::init: wave-53 log level=INFO path='LOGS/AR4.LOG'
[15:06:13] [info] config: loaded DOSKUTSU.CFG (3 keys)
[15:06:13] [info] [cpu-witness] vendor=AuthenticAMD cpuid=1 family=4 model=14 stepping=4 mhz_est=91 fpu=1 class=486_mid (boot-time attestation of the running CPU; MHZ_486_LOOP_DIV=16400 mirrors SETUP)
[15:06:13] [info] tas: PRNG seed forced to 12345 via DOSKUTSU_TAS_PRNG_SEED
[15:06:13] [info] tas: auto-exit armed at tick 30000 via DOSKUTSU_TAS_AUTO_EXIT_TICK
[15:06:13] [info] tas: replay opened path='QA.TAS' header_seed=12345
[15:06:14] [info] data cache: DISABLED (default)
[15:06:14] [info] Joystick: skipped (default; set DOSKUTSU_USE_JOYSTICK=1 to enable -- skips SDL3-DOS gameport BIOS INT 15h polling, ~82 ms / flip on real HW)
[15:06:14] [info] Loading settings...
[15:06:14] [info] [input-bind] applied=0 invert_y=0 dos_axes=1
[15:06:14] [info] Renderer::initVideo: 8bpp mode requested via SDL_HINT_DOS_MAX_BPP=8 (wave 16); SDL3-DOS will pick the highest-bpp <= 8 mode at requested resolution
[15:06:14] [info] Renderer::initVideo: DOS resolution-label lock ENABLED (default)
[15:06:15] [info] center-oversized: not needed (surface matches the logical screen) surface=320x240 logical=320x240 offset=0,0
[15:06:15] [info] Renderer::initVideo: using: software renderer
[15:06:16] [info] Renderer::initVideo: dirty-rect tracking ENABLED (wave 15, default ON; set SDL_HINT_DOSKUTSU_DIRTY_RECTS=0 to disable)
[15:06:16] [info] Renderer::initVideo: ablation flags: NO_DC_TIMING=0 CACHE_WINSURF=0 NO_INPUT_POLL=0 DIRECT_VESA=1
[15:06:16] [info] Renderer::initVideo: direct-VESA hot path ENABLED (default since wave 20 patch 0088; bypasses SDL_RenderPresent / SDL_UpdateWindowSurface and writes via SDL/0034's PresentFull helper; R2 mitigation handled by SDL/0034 generation counter -- no per-N-flip heartbeat needed; set SDL_HINT_DOSKUTSU_DIRECT_VESA=0 to revert)
[15:06:16] [info] Renderer::initVideo: flip-phase instrumentation DISABLED (default; set SDL_HINT_DOSKUTSU_FLIP_INSTR=1 to opt in for wave-20 Lever A diagnostic)
[15:06:16] [info] Renderer::initVideo: asm opaque-span blit lever DISABLED (default; set SDL_HINT_DOSKUTSU_ASM_BLIT=1 to opt in -- wave-51 _blit_indexed colorkey-blit lever)
[15:06:16] [info] Renderer::initVideo: blit-decomp instrumentation DISABLED (default; set SDL_HINT_DOSKUTSU_BLIT_DECOMP=1 to opt in -- wave-51 _blit_indexed sub-decomp sizing)
[15:06:16] [info] Renderer::initVideo: mds-scroll-decomp instrumentation DISABLED (default; set SDL_HINT_DOSKUTSU_MDS_DECOMP=1 to opt in -- wave-52 mode_draw_scene scrolling-block decomp)
[15:06:16] [info] Renderer::initVideo: DOSVESA pump yield: skipped (default) (per-flip explicit SDL_Delay(0) yield is always on; set SDL_HINT_DOSKUTSU_FORCE_PUMP_YIELD=1 to restore old per-pump yield)
[15:06:16] [info] Renderer::initVideo: indexed-mode (8bpp) ENABLED -- master palette + 107 per-asset remap LUTs loaded (wave 16, default ON; set SDL_HINT_DOSKUTSU_PIXEL_FORMAT_8=0 to disable)
[15:06:16] [info] Renderer::initVideo: master palette attached to window surface (format=SDL_PIXELFORMAT_INDEX8, ncolors=256)
[15:06:16] [info] Renderer::initVideo: indexed-mode smoke: idx0=(0,0,0) OK idx255=(255,0,255) OK
[15:06:16] [info] Renderer::initVideo: indexed-mode smoke: paletteRemapFor('MyChar.pbm') = present
[15:06:17] [info] Surface::loadImage palmap-diag #1: 'data/Loading.pbm' fmt=SDL_PIXELFORMAT_ABGR8888 remap=HIT -> path=truecolor
[15:06:17] [info] Renderer: prev-frame diff DISABLED (default since wave 17.6; set SDL_HINT_DOSKUTSU_PREVFRAME_DIFF=1 to opt in)
[15:06:17] [info] flip-probe: renderer=software window_ptr=8826568 colorspace=301991328 window_size=320x240 framebuffer_pixels=320x240 logical_present=320x240 mode=2
[15:06:17] [info] flip-probe: first flip ok=true present=52ms inter_flip_ms=0 drawcalls-since-flip=1 drawcalls-total=1
[15:06:17] [info] Sound system init
[15:06:17] [info] Sound system: 4-state audio enable (#31) -- music=on sfx=on (MUSIC_OFF/AUDIO_BACKEND=none -> music-off; SFX_OFF/SFX_DEVICE=none -> sfx-off; both gates are dispatch-level, the device still opens; AUDIO_OFF=1 is the device-level both-off).
[15:06:17] [info] Sound system: Tier-2 audio config (default since wave 21 patch 0093; 11025 Hz, 1 channel, buffer pinned to 256 frames). Measured savings on g2k Pentium OverDrive 83 MHz (W21A): heavy-music scenes ~+11 fps vs Tier-1 baseline (measured -10 to -15 ms/flip post-0094 audio fix; W21A's pre-fix -26.6 ms figure was inflated by stereo-vs-mono playback bug, see patch 0094). Audio quality is reduced vs Tier-1 (mono, 11025 Hz, simple-average L+R downmix) but recognizable; user accepted the trade per direction 2026-05-05. Set SDL_HINT_DOSKUTSU_AUDIO_TIER2=0 to revert to Tier-1 22050 stereo (full Cave Story 2004 audio quality; trades fps for fidelity).
[15:06:17] [info] Sound system: SDL_HINT_AUDIO_DEVICE_SAMPLE_FRAMES=256
[15:06:17] [info] Pixtone IRQ rate-divider: handed master_rate=11025 int16/s (SAMPLE_RATE=11025 x AUDIO_CHANNELS=1) to SDL for auto-RATEDIV (SDL/0074 computes shift_div from the resolved device freq).
[15:06:17] [info] Sound system: device frame-rate: requesting 11025 Hz match to master (SDL_DOSAudioSetDeviceFrameRate; SB16 opens at the engine frame rate instead of SDL's 44100 floor -- 4x less PCM/s + no resampler on the Organya/Pixtone path; killswitch SDL_HINT_DOSKUTSU_DOS_AUDIO_DEVICE_RATE_DEFAULT=0).
[15:06:17] [info] audio backend: opl3 (Phase 10 Stage 4 -- concrete OPL3 FM synthesis backend via SDL/0037+ OPL3 helpers; MidiScheduler routes music dispatch through 18 x 2-op voice allocator + small inline patch bank). SoundManager::init will probe OPL3 via Adlib timer-1 sequence + fall back to organya gracefully if the chip is absent. Pixtone SFX still active on SB16 DAC.
[15:06:17] [info] wave-13.6.1: ring_chunks=16 FORCE_PUMP_YIELD=off (set SDL_HINT_DOSKUTSU_AUDIO_RING_CHUNKS=4|8|16 to override; default 16 matches wave 13.6 behaviour)
[15:06:17] [info] MidiScheduler: MIDI source = 'orgmid2' (native-GM org2mid set; resolves to data/orgmid2/<name>.mid).
[15:06:17] [info] opl3 backend probing for OPL3 chip (Adlib timer-1 sequence)...
[15:06:17] [info] opl3 backend: opl3bank.dat loaded 128 programs from 'data/opl3bank.dat' (v1; 1536 bytes payload). Per-program GM patches now use the runtime bank; programs >= 128 fall back to 8-patch family bucket. Drum channel (MIDI ch 9) unchanged (uses PATCH_DRUM regardless of bank loading).
[15:06:17] [info] opl3 backend ready (OPL3 detected via Adlib timer-1; InitChip applied 18 x 2-op layout; voice allocator armed). Patch bank state: runtime opl3bank.dat ACTIVE (loaded_count=128; programs >= loaded_count fall back to 8-patch placeholder covering GM family categories piano/mallet/organ/guitar/strings/brass/reed/pad). Phase 10.5 path: ship a fuller community bank as data/opl3bank.dat (DOPL3v1 format; 12-byte SBI records per GM program; loader at MidiBackendOpl3 ctor).
[15:06:17] [info] opl3 backend: PATCH_ORGAN + PATCH_MALLET RR=8 (medium release; wub-wub fix per patch 0171; was RR=0 in slot 0103 placeholder -- KEY-OFF couldn't silence; H6 reg 0xBD wave-47 falsified; H1+H5/RR=0 byte-level bug root per WAVE-46/47 analysis)
[15:06:17] [info] Sound system: MidiScheduler armed with MidiBackendOpl3 (patch 0103 Phase 10 Stage 4). Music dispatch routes via SMF parser + 18 x 2-op OPL3 voice allocator + small inline patch bank (community-sourced from Apogee Sound System / AdLib SBI public-domain refs). Pixtone SFX still active on SB16 DAC.
[15:06:17] [info] Sound system: idle-pause skipped (default OFF since patch 0119; backend=opl3 would qualify but operator did not opt-in via SDL_HINT_DOSKUTSU_IDLE_PAUSE=1). DSP stays in continuous-stream mode. Re-enable for an A/B iter once SDL/0037 ForcePause non-engagement is rooted out (task #17).
[15:06:18] [warn] Music dir Ogg/ doesn't exist
[15:06:18] [warn] Music dir Ogg11/ doesn't exist
[15:06:18] [warn] Music dir Ogg17/ doesn't exist
[15:06:18] [warn] Music dir Ogg_ridic/ doesn't exist
[15:06:18] [info] Loading Sound FX...
[15:06:18] [info] [pxt-cache] init(): HIT (loaded cache; render skipped)
[15:06:23] [info] Organya init...
[15:06:24] [info] Organya init done
[15:06:30] [info] gus SFX gain [nx0259]: 70% (SDL_HINT_DOSKUTSU_GUS_SFX_GAIN; scales the GF1 SFX voice volume to balance against velocity/CC-scaled GUS music; default 70, clamp 0..150).
[15:06:30] [info] pixtone IRQ-mix: ENABLED (default; SDL backend engaged; set SDL_HINT_DOSKUTSU_PIXTONE_IRQ_MIX=0 to disable)
[15:06:30] [info] Pixtone::setVolume: L3 active -- mid-play SFX volume updates are no-op in v1 (v2 candidate: SDL_DOSPixtoneSetGain API). gain_x256=256 stored for subsequent SDL_DOSPixtoneStart calls; currently-playing L3 channels unaffected.
[15:06:30] [info] midi ISR tick: engine registered tick_isr callback (L2b active; default ON; set SDL_HINT_DOSKUTSU_MIDI_ISR_TICK=0 to disable)
[15:06:30] [info] menu slide-in fixed-timestep: ENABLED (default; slide advances at 50 Hz logic rate)
[15:06:30] [info] Reading npc.tbl...
[15:06:30] [info] Loading tilekey.dat.
[15:06:30] [info] Script engine init.
[15:06:31] [info] Entering main loop...
[15:06:31] [info] audio mid-gap pump: DISABLED (default)
[15:06:31] [info] TAS fixed-timestep guard: ENABLED (default) (patch 0280; load_stage wall-clock kept out of the FT accumulator so TAS replay advances at a true 50 Hz; set SDL_HINT_DOSKUTSU_TAS_FT_GUARD=0 to disable)
[15:06:31] [info] load_stage ring+DMA silence flush: ENABLED (default) (set SDL_HINT_DOSKUTSU_LOADSTAGE_SILENCE=0 to disable)
[15:06:31] [info] load-band audio-underrun probe: DISABLED (default) (opt-in SDL_HINT_DOSKUTSU_LOADBAND_STAT=1)
[15:06:31] [info]  >> Entering stage 72: 'u'.
[15:06:31] [info] skip sheet flush: ENABLED (default) (SFXPAUSE-012 SHIPPED FIX; sprite sheets stay resident across caves so no per-cave re-decode -> no fire-frame pause; map_flush_graphics tilemap cache still flushes; set SDL_HINT_DOSKUTSU_SKIP_SHEET_FLUSH=0 to restore the old per-cave flush)
[15:06:31] [info] [skip-sheet-flush] cave=1
[15:06:31] [info] eager action sheets: ENABLED (default) (first-fire hitch fix: pre-loads the weapon bullet + hit/muzzle/trail caret sheets at stage load so the first fire/impact does not lazy-decode mid-gameplay; set SDL_HINT_DOSKUTSU_EAGER_ACTION_SHEETS=0 to restore lazy load)
[15:06:31] [info] Surface::loadImage palmap-diag #2: 'data/Bullet.pbm' fmt=SDL_PIXELFORMAT_ABGR8888 remap=HIT -> path=truecolor
[15:06:31] [info] Surface::loadImage palmap-diag #3: 'data/Arms.pbm' fmt=SDL_PIXELFORMAT_ABGR8888 remap=HIT -> path=truecolor
[15:06:31] [info] Surface::loadImage palmap-diag #4: 'data/Caret.pbm' fmt=SDL_PIXELFORMAT_ABGR8888 remap=HIT -> path=truecolor
[15:06:32] [info] Surface::loadImage palmap-diag #5: 'data/Npc/NpcSym.pbm' fmt=SDL_PIXELFORMAT_ABGR8888 remap=HIT -> path=truecolor
[15:06:32] [info] [eager-action-sheets] cave=1 sheets=4 wall_ms=1004
[15:06:32] [info] Surface::loadImage palmap-diag #6: 'data/Stage/PrtWhite.pbm' fmt=SDL_PIXELFORMAT_ABGR8888 remap=HIT -> path=truecolor
[15:06:32] [info] load_stage: entry-music preload ENABLED (default) (set SDL_HINT_DOSKUTSU_PRELOAD_STAGE_MUSIC=0 to disable)
[15:06:32] [info] Surface::loadImage palmap-diag #7: 'data/bk0.pbm' fmt=SDL_PIXELFORMAT_ABGR8888 remap=HIT -> path=truecolor
[15:06:32] [info] gameloop: entered (curmap=72, running=1)
[15:06:32] [info] gameloop: iter 1 ticks=18937 mapno=-1
[15:06:32] [info] fixed-timestep: ENABLED (default; logic 50 Hz, decoupled from render)
[15:06:32] [info] map: BG skip-when-unchanged DISABLED (default) (set SDL_HINT_DOSKUTSU_BG_SKIP_WHEN_UNCHANGED=1 to enable; default OFF since wave-61 -- abandoned, it shipped a backdrop-black flicker and its +0.87 fps was below the noise floor)
[15:06:32] [info] map: skip-redundant-clear lever ENABLED (default since wave-53 promotion)
[15:06:32] [info] perf-mode: level=0 (faithful (default))
[15:06:32] [info] Surface::loadImage palmap-diag #8: 'data/Npc/NpcKings.pbm' fmt=SDL_PIXELFORMAT_ABGR8888 remap=HIT -> path=truecolor
[15:06:33] [info] audio tick-boundary pump: DISABLED (default)
[15:06:33] [info] gameloop: iter 2 ticks=19249 mapno=-1
[15:06:33] [info] gameloop: iter 3 ticks=19300 mapno=-1
[15:06:33] [info] direct-vesa: snapshot @gen=2 use_dosmemput=0 banked_multibank=0 pitches_match=1 vram_w=320 vram_h=240 vram_pitch=320 bpp=1 fb_size=76800 vram_phys=0x78000000 vram_ptr=0x77c00000
[15:06:33] [info] flip-probe: flip #10 ok=true present=3ms inter_flip_ms=22 drawcalls-since-flip=6 drawcalls-total=43 fail-total=0 null-skips-total=0
[15:06:33] [info] flip-probe: flip #20 ok=true present=3ms inter_flip_ms=22 drawcalls-since-flip=4 drawcalls-total=92 fail-total=0 null-skips-total=0
[15:06:34] [info] flip-probe: flip #30 ok=true present=2ms inter_flip_ms=42 drawcalls-since-flip=326 drawcalls-total=2707 fail-total=0 null-skips-total=0
[15:06:34] [info] flip-probe: flip #40 ok=true present=3ms inter_flip_ms=36 drawcalls-since-flip=264 drawcalls-total=5837 fail-total=0 null-skips-total=0
[15:06:34] [info] flip-probe: flip #50 ok=true present=3ms inter_flip_ms=24 drawcalls-since-flip=67 drawcalls-total=7392 fail-total=0 null-skips-total=0
[15:06:35] [info] flip-probe: flip #60 ok=true present=2ms inter_flip_ms=20 drawcalls-since-flip=4 drawcalls-total=7502 fail-total=0 null-skips-total=0
[15:06:35] [info] flip-probe: flip #70 ok=true present=3ms inter_flip_ms=20 drawcalls-since-flip=6 drawcalls-total=7557 fail-total=0 null-skips-total=0
[15:06:35] [info] flip-probe: flip #80 ok=true present=3ms inter_flip_ms=22 drawcalls-since-flip=0 drawcalls-total=7586 fail-total=0 null-skips-total=0
[15:06:35] [info] flip-probe: flip #90 ok=true present=3ms inter_flip_ms=21 drawcalls-since-flip=0 drawcalls-total=7586 fail-total=0 null-skips-total=0
[15:06:35] [info] title: eager-title-IO phase tag ENABLED (default) (set SDL_HINT_DOSKUTSU_EAGER_TITLE_IO=0 to disable)
[15:06:35] [info] [music-dispatch] tick=95 song=24 (prev 0)
[15:06:36] [info] MidiScheduler::load: parsed 'data/orgmid2/curly.mid' = 11294 events at 48 PPQ
[15:06:36] [info] opl3 backend: on_song_start
[15:06:36] [info] gameloop: entered (curmap=1005, running=1)
[15:06:36] [info] gameloop: iter 1 ticks=22373 mapno=-1
[15:06:36] [info] map: backdrop cache ENABLED (default) (set SDL_HINT_DOSKUTSU_BACKDROP_CACHE=0 to disable)
[15:06:36] [info] gameloop: iter 2 ticks=22898 mapno=-1
[15:06:36] [info] gameloop: iter 3 ticks=22933 mapno=-1
[15:06:36] [info] backdrop cache: thrashing-detect engaged (streak=4, route=direct)
[15:06:36] [info] flip-probe: flip #100 ok=true present=3ms inter_flip_ms=29 drawcalls-since-flip=75 drawcalls-total=7886 fail-total=0 null-skips-total=0
[15:06:36] [info] alpha audit block 0: 7798 total drawcalls, 0 with alpha<255 (block pct_x10=0; global 0/7798 pct_x10=0); alpha-mod skipped: block=0 global=0
[15:06:36] [info] fastpath audit block 0: taken=7798 (idx8=7798) skipped=0 pct_x10=1000; global taken=7798 (idx8=7798) skipped=0 pct_x10=1000
[15:06:36] [info] primitive tally block 0: clear=220(hr=220) fill=0(hr=0) rect=0(hr=0) line=0(hr=0) tint=0 spotlight=0 (over 100 flips ending at flip 100)
[15:06:36] [info] color/alpha audit block 0: cmod_white=104 cmod_black=0 (idx=0) cmod_general=84 (idx=84) cmod_fb=0; alpha_taken=0 alpha_skipped=0 (global cmod=104/0/84/0 idx=0/84 alpha=0/0)
[15:06:36] [info] phase timing block 0: drawcalls=8209 dc_total_ms=940 flip_inner_total_ms=606 inter_flip_total_ms=19518 (per-flip avg x10: dc_ms=94 fi_ms=60 if_ms=1951 derived audio+engine_ms=1797; per-drawcall avg us_x10=1145) [direct-vesa: presents=97 total_ms=266 avg_ms_x10=27 failed=0] [ablation: NO_DC_TIMING=0 CACHE_WINSURF=0 DIRECT_VESA=1]
[15:06:36] [info] kbd/audio block 0: kbd_irq=0 kbd_drain=0 ring_chunks=16 pump_pass=99 pic1_mask=0xb8 first_irq_ticks=0 install_ticks=0 vector_at_install=0x0083e398 pic1_mask_live=0x38 kbd_8042_stat=0x34 bios_kbd_head=0x0030 bios_kbd_tail=0x0030 bios_kbd_buf0=0x1071
[15:06:37] [info] audio/engine split block 0: audio_mixer_calls=0 audio_mixer_ms_x10=0 engine_tick_calls=99 engine_tick_ms_x10=320 audio_service_calls=0 audio_service_ms_x10=0 (per-flip avg; per-call us_x10: audio_mix=0 engine_tick=323602 audio_service=0; global ns: audio_mix=0 engine_tick=3203667504 audio_service=0)
[15:06:37] [info] pixtone multi-source probe: DISABLED (default)
[15:06:37] [info] dirty-rect block @flip=100: total_calls=0 dirty_rects_avg=0 dirty_pct_x10=990 forced_full=0 first_n_force=3 threshold_exceeded=2 dirty_path_taken=0 full_flush_taken=3
[15:06:37] [info] prev-frame-diff block @flip=100: diff_calls=0 diff_rects_avg=0 diff_dirty_pct_x10=0 bbox_pct_x10=0 bbox_thresh_exceeded=0
[15:06:37] [info] flip-probe: flip #110 ok=true present=3ms inter_flip_ms=22 drawcalls-since-flip=75 drawcalls-total=8636 fail-total=0 null-skips-total=0
[15:06:37] [info] flip-probe: flip #120 ok=true present=3ms inter_flip_ms=22 drawcalls-since-flip=75 drawcalls-total=9386 fail-total=0 null-skips-total=0
[15:06:37] [info] flip-probe: flip #130 ok=true present=3ms inter_flip_ms=19 drawcalls-since-flip=0 drawcalls-total=9986 fail-total=0 null-skips-total=0
[15:06:37] [info] Loading profile from profile.dat
[15:06:37] [error] profile_load: unable to open 'profile.dat'
[15:06:37] [info] Loading profile from profile2.dat
[15:06:37] [error] profile_load: unable to open 'profile2.dat'
[15:06:37] [info] Loading profile from profile3.dat
[15:06:37] [info] Loading profile from profile4.dat
[15:06:37] [error] profile_load: unable to open 'profile4.dat'
[15:06:37] [info] Loading profile from profile5.dat
[15:06:38] [info] flip-probe: flip #140 ok=true present=3ms inter_flip_ms=32 drawcalls-since-flip=210 drawcalls-total=10826 fail-total=0 null-skips-total=0
[15:06:38] [info] flip-probe: flip #150 ok=true present=3ms inter_flip_ms=32 drawcalls-since-flip=210 drawcalls-total=12926 fail-total=0 null-skips-total=0
[15:06:38] [info] Writing settings...
[15:06:38] [info] flip-probe: flip #160 ok=true present=3ms inter_flip_ms=19 drawcalls-since-flip=0 drawcalls-total=13774 fail-total=0 null-skips-total=0
[15:06:38] [info] flip-probe: flip #170 ok=true present=3ms inter_flip_ms=20 drawcalls-since-flip=0 drawcalls-total=13774 fail-total=0 null-skips-total=0
[15:06:39] [info] [music-dispatch] tick=175 song=0 (prev 24)
[15:06:39] [info] opl3 backend: on_song_stop
[15:06:39] [info] Loading profile from profile5.dat
[15:06:39] [info]  >> Entering stage 20: 'Save Point'.
[15:06:39] [info] [skip-sheet-flush] cave=2
[15:06:39] [info] [music-dispatch] tick=175 song=8 (prev 0)
[15:06:39] [info] MidiScheduler::load: parsed 'data/orgmid2/vivi.mid' = 4558 events at 48 PPQ
[15:06:39] [info] opl3 backend: on_song_start
[15:06:39] [info] gameloop: entered (curmap=20, running=1)
[15:06:39] [info] gameloop: iter 1 ticks=25837 mapno=-1
[15:06:39] [info] TAS stall discount: ENABLED (default) (patch 0286; a replay frame over 150 ms is a load, not slow rendering, so it contributes 1 tick instead of its wall-clock; set SDL_HINT_DOSKUTSU_TAS_STALL_DISCOUNT=0 to disable)
[15:06:39] [info] TAS accumulator clamp: DISABLED (default) (patch 0281; caps the FT accumulator delta at one tick during TAS so a stalled frame cannot race the replay index; set SDL_HINT_DOSKUTSU_TAS_FT_GUARD=0 to disable)
[15:06:39] [info] gameloop: iter 2 ticks=25875 mapno=-1
[15:06:39] [info] gameloop: iter 3 ticks=25904 mapno=-1
[15:06:39] [info] flip-probe: flip #180 ok=true present=3ms inter_flip_ms=21 drawcalls-since-flip=16 drawcalls-total=13896 fail-total=0 null-skips-total=0
[15:06:40] [info] flip-probe: flip #190 ok=true present=3ms inter_flip_ms=20 drawcalls-since-flip=16 drawcalls-total=14056 fail-total=0 null-skips-total=0
[15:06:40] [info] flip-probe: flip #200 ok=true present=2ms inter_flip_ms=21 drawcalls-since-flip=16 drawcalls-total=14216 fail-total=0 null-skips-total=0
[15:06:40] [info] alpha audit block 0: 5693 total drawcalls, 0 with alpha<255 (block pct_x10=0; global 0/13491 pct_x10=0); alpha-mod skipped: block=0 global=0
[15:06:40] [info] fastpath audit block 0: taken=5693 (idx8=5693) skipped=0 pct_x10=1000; global taken=13491 (idx8=13491) skipped=0 pct_x10=1000
[15:06:40] [info] primitive tally block 0: clear=201(hr=201) fill=0(hr=0) rect=0(hr=0) line=0(hr=0) tint=0 spotlight=0 (over 100 flips ending at flip 200)
[15:06:40] [info] color/alpha audit block 0: cmod_white=1402 cmod_black=0 (idx=0) cmod_general=609 (idx=609) cmod_fb=0; alpha_taken=0 alpha_skipped=0 (global cmod=1506/0/693/0 idx=0/693 alpha=0/0)
[15:06:40] [info] phase timing block 0: drawcalls=7905 dc_total_ms=898 flip_inner_total_ms=710 inter_flip_total_ms=3390 (per-flip avg x10: dc_ms=89 fi_ms=71 if_ms=339 derived audio+engine_ms=179; per-drawcall avg us_x10=1136) [direct-vesa: presents=100 total_ms=267 avg_ms_x10=26 failed=0] [ablation: NO_DC_TIMING=0 CACHE_WINSURF=0 DIRECT_VESA=1]
[15:06:40] [info] kbd/audio block 0: kbd_irq=0 kbd_drain=0 ring_chunks=16 pump_pass=200 pic1_mask=0xb8 first_irq_ticks=0 install_ticks=0 vector_at_install=0x0083e398 pic1_mask_live=0x38 kbd_8042_stat=0x34 bios_kbd_head=0x0030 bios_kbd_tail=0x0030 bios_kbd_buf0=0x1071
[15:06:40] [info] audio/engine split block 0: audio_mixer_calls=0 audio_mixer_ms_x10=0 engine_tick_calls=76 engine_tick_ms_x10=134 audio_service_calls=0 audio_service_ms_x10=0 (per-flip avg; per-call us_x10: audio_mix=0 engine_tick=177237 audio_service=0; global ns: audio_mix=0 engine_tick=4550668788 audio_service=0)
[15:06:40] [info] dirty-rect block @flip=200: total_calls=0 dirty_rects_avg=1 dirty_pct_x10=1000 forced_full=0 first_n_force=0 threshold_exceeded=0 dirty_path_taken=0 full_flush_taken=0
[15:06:40] [info] prev-frame-diff block @flip=200: diff_calls=0 diff_rects_avg=0 diff_dirty_pct_x10=0 bbox_pct_x10=0 bbox_thresh_exceeded=0
[15:06:40] [info] tas: stall frame 302 ms -> contributing 1 tick (patch 0286)
[15:06:40] [info] flip-probe: flip #210 ok=true present=3ms inter_flip_ms=20 drawcalls-since-flip=16 drawcalls-total=14376 fail-total=0 null-skips-total=0
[15:06:41] [info] flip-probe: flip #220 ok=true present=3ms inter_flip_ms=20 drawcalls-since-flip=16 drawcalls-total=14536 fail-total=0 null-skips-total=0
[15:06:41] [info] flip-probe: flip #230 ok=true present=2ms inter_flip_ms=21 drawcalls-since-flip=16 drawcalls-total=14696 fail-total=0 null-skips-total=0
[15:06:41] [info] flip-probe: flip #240 ok=true present=2ms inter_flip_ms=21 drawcalls-since-flip=16 drawcalls-total=14856 fail-total=0 null-skips-total=0
[15:06:41] [info] flip-probe: flip #250 ok=true present=3ms inter_flip_ms=20 drawcalls-since-flip=16 drawcalls-total=15016 fail-total=0 null-skips-total=0
[15:06:41] [info] flip-probe: flip #260 ok=true present=2ms inter_flip_ms=23 drawcalls-since-flip=46 drawcalls-total=15206 fail-total=0 null-skips-total=0
[15:06:42] [info] flip-probe: flip #270 ok=true present=3ms inter_flip_ms=41 drawcalls-since-flip=358 drawcalls-total=17726 fail-total=0 null-skips-total=0
[15:06:42] [info]  >> Entering stage 11: 'Mimiga Village'.
[15:06:42] [info] [skip-sheet-flush] cave=3
[15:06:42] [info] [load-stage] preloading entry music song=9 (cave=3)
[15:06:42] [info] [music-dispatch] tick=296 song=9 (prev 8)
[15:06:42] [info] opl3 backend: on_song_stop
[15:06:42] [info] MidiScheduler::load: parsed 'data/orgmid2/mura.mid' = 2863 events at 48 PPQ
[15:06:42] [info] opl3 backend: on_song_start
[15:06:43] [info] gameloop: entered (curmap=11, running=1)
[15:06:43] [info] gameloop: iter 1 ticks=29097 mapno=-1
[15:06:43] [info] map: mds_clear LUT ENABLED (default) (set SDL_HINT_DOSKUTSU_MDS_CLEAR_LUT=0 to disable; default ON; patch 0144 wave-49 bandwidth lever)
[15:06:43] [info] mds-clear-lut: rebuilt N=240 entries (k_skip=0% k_keep=100%; curmap=11 map_size=60x60; rebuild #1 since boot)
[15:06:43] [info] backdrop thrash full-cover ENABLED (default) (set SDL_HINT_DOSKUTSU_THRASH_FULLCOVER=0 to disable)
[15:06:43] [info] [bd-diag] backdrop render-path diag disabled (default) (set SDL_HINT_DOSKUTSU_BACKDROP_DIAG=1 to enable)
[15:06:43] [info] gameloop: iter 2 ticks=29195 mapno=-1
[15:06:43] [info] gameloop: iter 3 ticks=29257 mapno=-1
[15:06:43] [info] flip-probe: flip #280 ok=true present=2ms inter_flip_ms=65 drawcalls-since-flip=385 drawcalls-total=20683 fail-total=0 null-skips-total=0
[15:06:43] [info] backdrop cache: thrashing-detect engaged (streak=4, route=direct)
[15:06:43] [info] flip-probe: flip #290 ok=true present=3ms inter_flip_ms=32 drawcalls-since-flip=33 drawcalls-total=22745 fail-total=0 null-skips-total=0
[15:06:44] [info] flip-probe: flip #300 ok=true present=3ms inter_flip_ms=31 drawcalls-since-flip=44 drawcalls-total=23163 fail-total=0 null-skips-total=0
[15:06:44] [info] alpha audit block 0: 8625 total drawcalls, 0 with alpha<255 (block pct_x10=0; global 0/22116 pct_x10=0); alpha-mod skipped: block=0 global=0
[15:06:44] [info] fastpath audit block 0: taken=8625 (idx8=8625) skipped=0 pct_x10=1000; global taken=22116 (idx8=22116) skipped=0 pct_x10=1000
[15:06:44] [info] primitive tally block 0: clear=202(hr=202) fill=0(hr=0) rect=0(hr=0) line=0(hr=0) tint=0 spotlight=0 (over 100 flips ending at flip 300)
[15:06:44] [info] color/alpha audit block 0: cmod_white=299 cmod_black=299 (idx=299) cmod_general=0 (idx=0) cmod_fb=0; alpha_taken=0 alpha_skipped=0 (global cmod=1805/299/693/0 idx=299/693 alpha=0/0)
[15:06:44] [info] phase timing block 0: drawcalls=9431 dc_total_ms=825 flip_inner_total_ms=488 inter_flip_total_ms=3719 (per-flip avg x10: dc_ms=82 fi_ms=48 if_ms=371 derived audio+engine_ms=241; per-drawcall avg us_x10=875) [direct-vesa: presents=100 total_ms=267 avg_ms_x10=26 failed=0] [ablation: NO_DC_TIMING=0 CACHE_WINSURF=0 DIRECT_VESA=1]
[15:06:44] [info] kbd/audio block 0: kbd_irq=0 kbd_drain=0 ring_chunks=16 pump_pass=345 pic1_mask=0xb8 first_irq_ticks=0 install_ticks=0 vector_at_install=0x0083e398 pic1_mask_live=0x38 kbd_8042_stat=0x34 bios_kbd_head=0x0030 bios_kbd_tail=0x0030 bios_kbd_buf0=0x1071
[15:06:44] [info] [tile-speedup-stat n=100 drawtile_us=52.19 raw_blit_us=39.09 ratio=1.34]
[15:06:44] [info] dirty-rect block @flip=300: total_calls=100 dirty_rects_avg=1 dirty_pct_x10=1000 forced_full=0 first_n_force=0 threshold_exceeded=0 dirty_path_taken=0 full_flush_taken=0
[15:06:44] [info] prev-frame-diff block @flip=300: diff_calls=0 diff_rects_avg=0 diff_dirty_pct_x10=0 bbox_pct_x10=0 bbox_thresh_exceeded=0
[15:06:44] [info] backdrop cache: thrashing-detect engaged (streak=4, route=direct)
[15:06:44] [info] flip-probe: flip #310 ok=true present=3ms inter_flip_ms=45 drawcalls-since-flip=46 drawcalls-total=23713 fail-total=0 null-skips-total=0
[15:06:44] [info] flip-probe: flip #320 ok=true present=3ms inter_flip_ms=31 drawcalls-since-flip=43 drawcalls-total=24160 fail-total=0 null-skips-total=0
[15:06:45] [info] flip-probe: flip #330 ok=true present=3ms inter_flip_ms=33 drawcalls-since-flip=42 drawcalls-total=24583 fail-total=0 null-skips-total=0
[15:06:45] [info] flip-probe: flip #340 ok=true present=3ms inter_flip_ms=33 drawcalls-since-flip=42 drawcalls-total=25003 fail-total=0 null-skips-total=0
[15:06:45] [info] flip-probe: flip #350 ok=true present=3ms inter_flip_ms=31 drawcalls-since-flip=42 drawcalls-total=25423 fail-total=0 null-skips-total=0
[15:06:46] [info] flip-probe: flip #360 ok=true present=3ms inter_flip_ms=30 drawcalls-since-flip=42 drawcalls-total=25843 fail-total=0 null-skips-total=0
[15:06:46] [info] backdrop cache: thrashing-detect engaged (streak=64, route=direct)
[15:06:46] [info] flip-probe: flip #370 ok=true present=3ms inter_flip_ms=40 drawcalls-since-flip=42 drawcalls-total=26263 fail-total=0 null-skips-total=0
[15:06:46] [info] flip-probe: flip #380 ok=true present=2ms inter_flip_ms=29 drawcalls-since-flip=42 drawcalls-total=26683 fail-total=0 null-skips-total=0
[15:06:47] [info] flip-probe: flip #390 ok=true present=3ms inter_flip_ms=29 drawcalls-since-flip=43 drawcalls-total=27106 fail-total=0 null-skips-total=0
[15:06:47] [info] flip-probe: flip #400 ok=true present=2ms inter_flip_ms=29 drawcalls-since-flip=17 drawcalls-total=27458 fail-total=0 null-skips-total=0
[15:06:47] [info] alpha audit block 0: 2934 total drawcalls, 0 with alpha<255 (block pct_x10=0; global 0/25050 pct_x10=0); alpha-mod skipped: block=0 global=0
[15:06:47] [info] fastpath audit block 0: taken=2934 (idx8=2934) skipped=0 pct_x10=1000; global taken=25050 (idx8=25050) skipped=0 pct_x10=1000
[15:06:47] [info] primitive tally block 0: clear=200(hr=200) fill=0(hr=0) rect=0(hr=0) line=0(hr=0) tint=0 spotlight=0 (over 100 flips ending at flip 400)
[15:06:47] [info] color/alpha audit block 0: cmod_white=1261 cmod_black=1261 (idx=1261) cmod_general=0 (idx=0) cmod_fb=0; alpha_taken=0 alpha_skipped=0 (global cmod=3066/1560/693/0 idx=1560/693 alpha=0/0)
[15:06:47] [info] phase timing block 0: drawcalls=5660 dc_total_ms=623 flip_inner_total_ms=495 inter_flip_total_ms=3405 (per-flip avg x10: dc_ms=62 fi_ms=49 if_ms=340 derived audio+engine_ms=229; per-drawcall avg us_x10=1102) [direct-vesa: presents=100 total_ms=268 avg_ms_x10=26 failed=0] [ablation: NO_DC_TIMING=0 CACHE_WINSURF=0 DIRECT_VESA=1]
[15:06:47] [info] kbd/audio block 0: kbd_irq=0 kbd_drain=0 ring_chunks=16 pump_pass=515 pic1_mask=0xb8 first_irq_ticks=0 install_ticks=0 vector_at_install=0x0083e398 pic1_mask_live=0x38 kbd_8042_stat=0x34 bios_kbd_head=0x0030 bios_kbd_tail=0x0030 bios_kbd_buf0=0x1071
[15:06:47] [info] dirty-rect block @flip=400: total_calls=0 dirty_rects_avg=1 dirty_pct_x10=1000 forced_full=0 first_n_force=0 threshold_exceeded=0 dirty_path_taken=0 full_flush_taken=0
[15:06:47] [info] prev-frame-diff block @flip=400: diff_calls=0 diff_rects_avg=0 diff_dirty_pct_x10=0 bbox_pct_x10=0 bbox_thresh_exceeded=0
[15:06:47] [info] flip-probe: flip #410 ok=true present=3ms inter_flip_ms=28 drawcalls-since-flip=17 drawcalls-total=27628 fail-total=0 null-skips-total=0
[15:06:48] [info] flip-probe: flip #420 ok=true present=3ms inter_flip_ms=26 drawcalls-since-flip=18 drawcalls-total=27799 fail-total=0 null-skips-total=0
[15:06:48] [info] backdrop cache: thrashing-detect engaged (streak=124, route=direct)
[15:06:48] [info] flip-probe: flip #430 ok=true present=3ms inter_flip_ms=35 drawcalls-since-flip=19 drawcalls-total=27984 fail-total=0 null-skips-total=0
[15:06:48] [info] flip-probe: flip #440 ok=true present=3ms inter_flip_ms=30 drawcalls-since-flip=16 drawcalls-total=28151 fail-total=0 null-skips-total=0
[15:06:49] [info] flip-probe: flip #450 ok=true present=3ms inter_flip_ms=30 drawcalls-since-flip=15 drawcalls-total=28312 fail-total=0 null-skips-total=0
[15:06:49] [info] run_tick_fixed #600: heartbeat (loop alive)
[15:06:49] [info] flip-probe: flip #460 ok=true present=3ms inter_flip_ms=30 drawcalls-since-flip=18 drawcalls-total=28479 fail-total=0 null-skips-total=0
[15:06:49] [info] flip-probe: flip #470 ok=true present=3ms inter_flip_ms=29 drawcalls-since-flip=15 drawcalls-total=28639 fail-total=0 null-skips-total=0
[15:06:49] [info] flip-probe: flip #480 ok=true present=3ms inter_flip_ms=32 drawcalls-since-flip=14 drawcalls-total=28780 fail-total=0 null-skips-total=0
[15:06:50] [info] backdrop cache: thrashing-detect engaged (streak=184, route=direct)
[15:06:50] [info] flip-probe: flip #490 ok=true present=3ms inter_flip_ms=37 drawcalls-since-flip=17 drawcalls-total=28942 fail-total=0 null-skips-total=0
[15:06:50] [info] flip-probe: flip #500 ok=true present=2ms inter_flip_ms=31 drawcalls-since-flip=15 drawcalls-total=29110 fail-total=0 null-skips-total=0
[15:06:50] [info] alpha audit block 0: 1552 total drawcalls, 0 with alpha<255 (block pct_x10=0; global 0/26602 pct_x10=0); alpha-mod skipped: block=0 global=0
[15:06:50] [info] fastpath audit block 0: taken=1552 (idx8=1552) skipped=0 pct_x10=1000; global taken=26602 (idx8=26602) skipped=0 pct_x10=1000
[15:06:50] [info] primitive tally block 0: clear=200(hr=200) fill=0(hr=0) rect=0(hr=0) line=0(hr=0) tint=0 spotlight=0 (over 100 flips ending at flip 500)
[15:06:50] [info] phase timing block 0: drawcalls=1752 dc_total_ms=476 flip_inner_total_ms=480 inter_flip_total_ms=3176 (per-flip avg x10: dc_ms=47 fi_ms=48 if_ms=317 derived audio+engine_ms=222; per-drawcall avg us_x10=2718) [direct-vesa: presents=100 total_ms=269 avg_ms_x10=26 failed=0] [ablation: NO_DC_TIMING=0 CACHE_WINSURF=0 DIRECT_VESA=1]
[15:06:50] [info] kbd/audio block 0: kbd_irq=0 kbd_drain=0 ring_chunks=16 pump_pass=674 pic1_mask=0xb8 first_irq_ticks=0 install_ticks=0 vector_at_install=0x0083e398 pic1_mask_live=0x38 kbd_8042_stat=0x34 bios_kbd_head=0x0030 bios_kbd_tail=0x0030 bios_kbd_buf0=0x1071
[15:06:50] [info] dirty-rect block @flip=500: total_calls=0 dirty_rects_avg=1 dirty_pct_x10=1000 forced_full=0 first_n_force=0 threshold_exceeded=0 dirty_path_taken=0 full_flush_taken=0
[15:06:50] [info] prev-frame-diff block @flip=500: diff_calls=0 diff_rects_avg=0 diff_dirty_pct_x10=0 bbox_pct_x10=0 bbox_thresh_exceeded=0
[15:06:51] [info] flip-probe: flip #510 ok=true present=3ms inter_flip_ms=30 drawcalls-since-flip=14 drawcalls-total=29252 fail-total=0 null-skips-total=0
[15:06:51] [info] flip-probe: flip #520 ok=true present=3ms inter_flip_ms=30 drawcalls-since-flip=14 drawcalls-total=29392 fail-total=0 null-skips-total=0
[15:06:51] [info] flip-probe: flip #530 ok=true present=3ms inter_flip_ms=44 drawcalls-since-flip=214 drawcalls-total=30152 fail-total=0 null-skips-total=0
[15:06:52] [info] flip-probe: flip #540 ok=true present=3ms inter_flip_ms=33 drawcalls-since-flip=4 drawcalls-total=32907 fail-total=0 null-skips-total=0
[15:06:52] [info]  >> Entering stage 17: 'Yamashita Farm'.
[15:06:52] [info] [skip-sheet-flush] cave=4
[15:06:52] [info] [load-stage] preloading entry music song=13 (cave=4)
[15:06:52] [info] [music-dispatch] tick=752 song=13 (prev 9)
[15:06:52] [info] opl3 backend: on_song_stop
[15:06:52] [info] MidiScheduler::load: parsed 'data/orgmid2/plant.mid' = 3000 events at 48 PPQ
[15:06:52] [info] opl3 backend: on_song_start
[15:06:52] [info] gameloop: entered (curmap=17, running=1)
[15:06:52] [info] gameloop: iter 1 ticks=38730 mapno=-1
[15:06:52] [info] mds-clear-lut: rebuilt N=240 entries (k_skip=33% k_keep=67%; curmap=17 map_size=40x16; rebuild #2 since boot)
[15:06:52] [info] gameloop: iter 2 ticks=38897 mapno=-1
[15:06:52] [info] tas: stall frame 167 ms -> contributing 1 tick (patch 0286)
[15:06:52] [info] gameloop: iter 3 ticks=38960 mapno=-1
[15:06:53] [info] flip-probe: flip #550 ok=true present=3ms inter_flip_ms=48 drawcalls-since-flip=282 drawcalls-total=36715 fail-total=0 null-skips-total=0
[15:06:53] [info] flip-probe: flip #560 ok=true present=3ms inter_flip_ms=39 drawcalls-since-flip=133 drawcalls-total=38292 fail-total=0 null-skips-total=0
[15:06:54] [info] flip-probe: flip #570 ok=true present=2ms inter_flip_ms=39 drawcalls-since-flip=139 drawcalls-total=39657 fail-total=0 null-skips-total=0
[15:06:54] [info] flip-probe: flip #580 ok=true present=3ms inter_flip_ms=38 drawcalls-since-flip=134 drawcalls-total=41016 fail-total=0 null-skips-total=0
[15:06:54] [info] backdrop cache: thrashing-detect engaged (streak=4, route=direct)
[15:06:54] [info] flip-probe: flip #590 ok=true present=3ms inter_flip_ms=44 drawcalls-since-flip=127 drawcalls-total=42383 fail-total=0 null-skips-total=0
[15:06:55] [info] flip-probe: flip #600 ok=true present=3ms inter_flip_ms=40 drawcalls-since-flip=133 drawcalls-total=43713 fail-total=0 null-skips-total=0
[15:06:55] [info] alpha audit block 0: 13723 total drawcalls, 0 with alpha<255 (block pct_x10=0; global 0/40325 pct_x10=0); alpha-mod skipped: block=0 global=0
[15:06:55] [info] fastpath audit block 0: taken=13723 (idx8=13723) skipped=0 pct_x10=1000; global taken=40325 (idx8=40325) skipped=0 pct_x10=1000
[15:06:55] [info] primitive tally block 0: clear=201(hr=201) fill=0(hr=0) rect=0(hr=0) line=0(hr=0) tint=0 spotlight=0 (over 100 flips ending at flip 600)
[15:06:55] [info] color/alpha audit block 0: cmod_white=780 cmod_black=780 (idx=780) cmod_general=0 (idx=0) cmod_fb=0; alpha_taken=0 alpha_skipped=0 (global cmod=3846/2340/693/0 idx=2340/693 alpha=0/0)
[15:06:55] [info] phase timing block 0: drawcalls=15532 dc_total_ms=1144 flip_inner_total_ms=503 inter_flip_total_ms=4768 (per-flip avg x10: dc_ms=114 fi_ms=50 if_ms=476 derived audio+engine_ms=312; per-drawcall avg us_x10=737) [direct-vesa: presents=100 total_ms=267 avg_ms_x10=26 failed=0] [ablation: NO_DC_TIMING=0 CACHE_WINSURF=0 DIRECT_VESA=1]
[15:06:55] [info] kbd/audio block 0: kbd_irq=0 kbd_drain=0 ring_chunks=16 pump_pass=879 pic1_mask=0xb8 first_irq_ticks=0 install_ticks=0 vector_at_install=0x0083e398 pic1_mask_live=0x38 kbd_8042_stat=0x34 bios_kbd_head=0x0030 bios_kbd_tail=0x0030 bios_kbd_buf0=0x1071
[15:06:55] [info] dirty-rect block @flip=600: total_calls=0 dirty_rects_avg=1 dirty_pct_x10=1000 forced_full=0 first_n_force=0 threshold_exceeded=0 dirty_path_taken=0 full_flush_taken=0
[15:06:55] [info] prev-frame-diff block @flip=600: diff_calls=0 diff_rects_avg=0 diff_dirty_pct_x10=0 bbox_pct_x10=0 bbox_thresh_exceeded=0
[15:06:55] [info] flip-probe: flip #610 ok=true present=3ms inter_flip_ms=41 drawcalls-since-flip=137 drawcalls-total=45078 fail-total=0 null-skips-total=0
[15:06:56] [info] flip-probe: flip #620 ok=true present=2ms inter_flip_ms=41 drawcalls-since-flip=138 drawcalls-total=46441 fail-total=0 null-skips-total=0
[15:06:56] [info] flip-probe: flip #630 ok=true present=3ms inter_flip_ms=42 drawcalls-since-flip=144 drawcalls-total=47852 fail-total=0 null-skips-total=0
[15:06:57] [info] flip-probe: flip #640 ok=true present=2ms inter_flip_ms=42 drawcalls-since-flip=142 drawcalls-total=49272 fail-total=0 null-skips-total=0
[15:06:57] [info] backdrop cache: thrashing-detect engaged (streak=64, route=direct)
[15:06:57] [info] flip-probe: flip #650 ok=true present=2ms inter_flip_ms=46 drawcalls-since-flip=138 drawcalls-total=50695 fail-total=0 null-skips-total=0
[15:06:57] [info] flip-probe: flip #660 ok=true present=3ms inter_flip_ms=41 drawcalls-since-flip=138 drawcalls-total=52069 fail-total=0 null-skips-total=0
[15:06:58] [info] flip-probe: flip #670 ok=true present=2ms inter_flip_ms=46 drawcalls-since-flip=103 drawcalls-total=53123 fail-total=0 null-skips-total=0
[15:06:58] [info] backdrop cache: thrashing-detect engaged (streak=4, route=direct)
[15:06:58] [info] flip-probe: flip #680 ok=true present=3ms inter_flip_ms=39 drawcalls-since-flip=106 drawcalls-total=54114 fail-total=0 null-skips-total=0
[15:06:59] [info] flip-probe: flip #690 ok=true present=3ms inter_flip_ms=37 drawcalls-since-flip=106 drawcalls-total=55174 fail-total=0 null-skips-total=0
[15:06:59] [info] flip-probe: flip #700 ok=true present=2ms inter_flip_ms=36 drawcalls-since-flip=101 drawcalls-total=56190 fail-total=0 null-skips-total=0
[15:06:59] [info] alpha audit block 0: 11597 total drawcalls, 0 with alpha<255 (block pct_x10=0; global 0/51922 pct_x10=0); alpha-mod skipped: block=0 global=0
[15:06:59] [info] fastpath audit block 0: taken=11597 (idx8=11597) skipped=0 pct_x10=1000; global taken=51922 (idx8=51922) skipped=0 pct_x10=1000
[15:06:59] [info] primitive tally block 0: clear=200(hr=200) fill=0(hr=0) rect=0(hr=0) line=0(hr=0) tint=0 spotlight=0 (over 100 flips ending at flip 700)
[15:06:59] [info] color/alpha audit block 0: cmod_white=780 cmod_black=780 (idx=780) cmod_general=0 (idx=0) cmod_fb=0; alpha_taken=0 alpha_skipped=0 (global cmod=4626/3120/693/0 idx=3120/693 alpha=0/0)
[15:06:59] [info] phase timing block 0: drawcalls=13361 dc_total_ms=704 flip_inner_total_ms=485 inter_flip_total_ms=4153 (per-flip avg x10: dc_ms=70 fi_ms=48 if_ms=415 derived audio+engine_ms=297; per-drawcall avg us_x10=527) [direct-vesa: presents=100 total_ms=268 avg_ms_x10=26 failed=0] [ablation: NO_DC_TIMING=0 CACHE_WINSURF=0 DIRECT_VESA=1]
[15:06:59] [info] kbd/audio block 0: kbd_irq=0 kbd_drain=0 ring_chunks=16 pump_pass=1087 pic1_mask=0xb8 first_irq_ticks=0 install_ticks=0 vector_at_install=0x0083e398 pic1_mask_live=0x38 kbd_8042_stat=0x34 bios_kbd_head=0x0030 bios_kbd_tail=0x0030 bios_kbd_buf0=0x1071
[15:06:59] [info] dirty-rect block @flip=700: total_calls=0 dirty_rects_avg=1 dirty_pct_x10=1000 forced_full=0 first_n_force=0 threshold_exceeded=0 dirty_path_taken=0 full_flush_taken=0
[15:06:59] [info] prev-frame-diff block @flip=700: diff_calls=0 diff_rects_avg=0 diff_dirty_pct_x10=0 bbox_pct_x10=0 bbox_thresh_exceeded=0
[15:06:59] [info] tas: stall frame 315 ms -> contributing 1 tick (patch 0286)
[15:07:00] [info] flip-probe: flip #710 ok=true present=3ms inter_flip_ms=37 drawcalls-since-flip=99 drawcalls-total=57169 fail-total=0 null-skips-total=0
[15:07:00] [info] flip-probe: flip #720 ok=true present=3ms inter_flip_ms=37 drawcalls-since-flip=106 drawcalls-total=58177 fail-total=0 null-skips-total=0
[15:07:00] [info] flip-probe: flip #730 ok=true present=3ms inter_flip_ms=46 drawcalls-since-flip=103 drawcalls-total=59143 fail-total=0 null-skips-total=0
[15:07:01] [info] backdrop cache: thrashing-detect engaged (streak=4, route=direct)
[15:07:01] [info] flip-probe: flip #740 ok=true present=2ms inter_flip_ms=41 drawcalls-since-flip=117 drawcalls-total=60287 fail-total=0 null-skips-total=0
[15:07:01] [info] flip-probe: flip #750 ok=true present=3ms inter_flip_ms=38 drawcalls-since-flip=116 drawcalls-total=61454 fail-total=0 null-skips-total=0
[15:07:02] [info] flip-probe: flip #760 ok=true present=4ms inter_flip_ms=38 drawcalls-since-flip=116 drawcalls-total=62602 fail-total=0 null-skips-total=0
[15:07:02] [info] flip-probe: flip #770 ok=true present=3ms inter_flip_ms=37 drawcalls-since-flip=112 drawcalls-total=63733 fail-total=0 null-skips-total=0
[15:07:02] [info] flip-probe: flip #780 ok=true present=3ms inter_flip_ms=39 drawcalls-since-flip=110 drawcalls-total=64835 fail-total=0 null-skips-total=0
[15:07:03] [info] flip-probe: flip #790 ok=true present=3ms inter_flip_ms=38 drawcalls-since-flip=105 drawcalls-total=65921 fail-total=0 null-skips-total=0
[15:07:03] [info] backdrop cache: thrashing-detect engaged (streak=64, route=direct)
[15:07:03] [info] flip-probe: flip #800 ok=true present=3ms inter_flip_ms=39 drawcalls-since-flip=103 drawcalls-total=66964 fail-total=0 null-skips-total=0
[15:07:03] [info] alpha audit block 0: 10674 total drawcalls, 0 with alpha<255 (block pct_x10=0; global 0/62596 pct_x10=0); alpha-mod skipped: block=0 global=0
[15:07:03] [info] fastpath audit block 0: taken=10674 (idx8=10674) skipped=0 pct_x10=1000; global taken=62596 (idx8=62596) skipped=0 pct_x10=1000
[15:07:03] [info] primitive tally block 0: clear=200(hr=200) fill=0(hr=0) rect=0(hr=0) line=0(hr=0) tint=0 spotlight=0 (over 100 flips ending at flip 800)
[15:07:03] [info] phase timing block 0: drawcalls=10878 dc_total_ms=628 flip_inner_total_ms=487 inter_flip_total_ms=4262 (per-flip avg x10: dc_ms=62 fi_ms=48 if_ms=426 derived audio+engine_ms=316; per-drawcall avg us_x10=577) [direct-vesa: presents=100 total_ms=268 avg_ms_x10=26 failed=0] [ablation: NO_DC_TIMING=0 CACHE_WINSURF=0 DIRECT_VESA=1]
[15:07:03] [info] kbd/audio block 0: kbd_irq=0 kbd_drain=0 ring_chunks=16 pump_pass=1285 pic1_mask=0xb8 first_irq_ticks=0 install_ticks=0 vector_at_install=0x0083e398 pic1_mask_live=0x38 kbd_8042_stat=0x34 bios_kbd_head=0x0030 bios_kbd_tail=0x0030 bios_kbd_buf0=0x1071
[15:07:03] [info] dirty-rect block @flip=800: total_calls=0 dirty_rects_avg=1 dirty_pct_x10=1000 forced_full=0 first_n_force=0 threshold_exceeded=0 dirty_path_taken=0 full_flush_taken=0
[15:07:03] [info] prev-frame-diff block @flip=800: diff_calls=0 diff_rects_avg=0 diff_dirty_pct_x10=0 bbox_pct_x10=0 bbox_thresh_exceeded=0
[15:07:04] [info] flip-probe: flip #810 ok=true present=3ms inter_flip_ms=38 drawcalls-since-flip=106 drawcalls-total=68002 fail-total=0 null-skips-total=0
[15:07:04] [info] flip-probe: flip #820 ok=true present=3ms inter_flip_ms=38 drawcalls-since-flip=112 drawcalls-total=69107 fail-total=0 null-skips-total=0
[15:07:05] [info] flip-probe: flip #830 ok=true present=2ms inter_flip_ms=40 drawcalls-since-flip=110 drawcalls-total=70224 fail-total=0 null-skips-total=0
[15:07:05] [info] flip-probe: flip #840 ok=true present=3ms inter_flip_ms=39 drawcalls-since-flip=107 drawcalls-total=71282 fail-total=0 null-skips-total=0
[15:07:05] [info] flip-probe: flip #850 ok=true present=3ms inter_flip_ms=34 drawcalls-since-flip=113 drawcalls-total=72422 fail-total=0 null-skips-total=0
[15:07:06] [info] flip-probe: flip #860 ok=true present=3ms inter_flip_ms=38 drawcalls-since-flip=118 drawcalls-total=73585 fail-total=0 null-skips-total=0
[15:07:06] [info] flip-probe: flip #870 ok=true present=3ms inter_flip_ms=39 drawcalls-since-flip=117 drawcalls-total=74781 fail-total=0 null-skips-total=0
[15:07:07] [info] flip-probe: flip #880 ok=true present=3ms inter_flip_ms=33 drawcalls-since-flip=111 drawcalls-total=75920 fail-total=0 null-skips-total=0
[15:07:07] [info] flip-probe: flip #890 ok=true present=3ms inter_flip_ms=38 drawcalls-since-flip=116 drawcalls-total=77064 fail-total=0 null-skips-total=0
[15:07:07] [info] flip-probe: flip #900 ok=true present=3ms inter_flip_ms=37 drawcalls-since-flip=113 drawcalls-total=78205 fail-total=0 null-skips-total=0
[15:07:07] [info] alpha audit block 0: 11141 total drawcalls, 0 with alpha<255 (block pct_x10=0; global 0/73737 pct_x10=0); alpha-mod skipped: block=0 global=0
[15:07:07] [info] fastpath audit block 0: taken=11141 (idx8=11141) skipped=0 pct_x10=1000; global taken=73737 (idx8=73737) skipped=0 pct_x10=1000
[15:07:07] [info] primitive tally block 0: clear=200(hr=200) fill=0(hr=0) rect=0(hr=0) line=0(hr=0) tint=0 spotlight=0 (over 100 flips ending at flip 900)
[15:07:07] [info] phase timing block 0: drawcalls=11397 dc_total_ms=889 flip_inner_total_ms=478 inter_flip_total_ms=3992 (per-flip avg x10: dc_ms=88 fi_ms=47 if_ms=399 derived audio+engine_ms=264; per-drawcall avg us_x10=780) [direct-vesa: presents=100 total_ms=267 avg_ms_x10=26 failed=0] [ablation: NO_DC_TIMING=0 CACHE_WINSURF=0 DIRECT_VESA=1]
[15:07:07] [info] kbd/audio block 0: kbd_irq=0 kbd_drain=0 ring_chunks=16 pump_pass=1485 pic1_mask=0xb8 first_irq_ticks=0 install_ticks=0 vector_at_install=0x0083e398 pic1_mask_live=0x38 kbd_8042_stat=0x34 bios_kbd_head=0x0030 bios_kbd_tail=0x0030 bios_kbd_buf0=0x1071
[15:07:07] [info] dirty-rect block @flip=900: total_calls=0 dirty_rects_avg=1 dirty_pct_x10=1000 forced_full=0 first_n_force=0 threshold_exceeded=0 dirty_path_taken=0 full_flush_taken=0
[15:07:07] [info] prev-frame-diff block @flip=900: diff_calls=0 diff_rects_avg=0 diff_dirty_pct_x10=0 bbox_pct_x10=0 bbox_thresh_exceeded=0
[15:07:08] [info] flip-probe: flip #910 ok=true present=3ms inter_flip_ms=55 drawcalls-since-flip=406 drawcalls-total=81285 fail-total=0 null-skips-total=0
[15:07:08] [info]  >> Entering stage 11: 'Mimiga Village'.
[15:07:08] [info] [skip-sheet-flush] cave=5
[15:07:08] [info] [load-stage] preloading entry music song=9 (cave=5)
[15:07:08] [info] [music-dispatch] tick=1523 song=9 (prev 13)
[15:07:08] [info] opl3 backend: on_song_stop
[15:07:08] [info] MidiScheduler::load: parsed 'data/orgmid2/mura.mid' = 2863 events at 48 PPQ
[15:07:08] [info] opl3 backend: on_song_start
[15:07:09] [info] gameloop: entered (curmap=11, running=1)
[15:07:09] [info] gameloop: iter 1 ticks=55119 mapno=-1
[15:07:09] [info] mds-clear-lut: rebuilt N=240 entries (k_skip=0% k_keep=100%; curmap=11 map_size=60x60; rebuild #3 since boot)
[15:07:09] [info] gameloop: iter 2 ticks=55187 mapno=-1
[15:07:09] [info] gameloop: iter 3 ticks=55258 mapno=-1
[15:07:09] [info] flip-probe: flip #920 ok=true present=3ms inter_flip_ms=60 drawcalls-since-flip=330 drawcalls-total=84665 fail-total=0 null-skips-total=0
[15:07:09] [info] backdrop cache: thrashing-detect engaged (streak=4, route=direct)
[15:07:09] [info] flip-probe: flip #930 ok=true present=3ms inter_flip_ms=33 drawcalls-since-flip=40 drawcalls-total=85980 fail-total=0 null-skips-total=0
[15:07:10] [info] flip-probe: flip #940 ok=true present=3ms inter_flip_ms=33 drawcalls-since-flip=40 drawcalls-total=86380 fail-total=0 null-skips-total=0
[15:07:10] [info] flip-probe: flip #950 ok=true present=3ms inter_flip_ms=34 drawcalls-since-flip=40 drawcalls-total=86780 fail-total=0 null-skips-total=0
[15:07:10] [info] flip-probe: flip #960 ok=true present=3ms inter_flip_ms=31 drawcalls-since-flip=40 drawcalls-total=87180 fail-total=0 null-skips-total=0
[15:07:11] [info] flip-probe: flip #970 ok=true present=2ms inter_flip_ms=30 drawcalls-since-flip=40 drawcalls-total=87580 fail-total=0 null-skips-total=0
[15:07:11] [info] flip-probe: flip #980 ok=true present=3ms inter_flip_ms=34 drawcalls-since-flip=42 drawcalls-total=87984 fail-total=0 null-skips-total=0
[15:07:11] [info] backdrop cache: thrashing-detect engaged (streak=64, route=direct)
[15:07:11] [info] flip-probe: flip #990 ok=true present=2ms inter_flip_ms=33 drawcalls-since-flip=40 drawcalls-total=88392 fail-total=0 null-skips-total=0
[15:07:12] [info] flip-probe: flip #1000 ok=true present=3ms inter_flip_ms=35 drawcalls-since-flip=40 drawcalls-total=88796 fail-total=0 null-skips-total=0
[15:07:12] [info] alpha audit block 0: 9373 total drawcalls, 0 with alpha<255 (block pct_x10=0; global 0/83110 pct_x10=0); alpha-mod skipped: block=0 global=0
[15:07:12] [info] fastpath audit block 0: taken=9373 (idx8=9373) skipped=0 pct_x10=1000; global taken=83110 (idx8=83110) skipped=0 pct_x10=1000
[15:07:12] [info] primitive tally block 0: clear=201(hr=201) fill=0(hr=0) rect=0(hr=0) line=0(hr=0) tint=0 spotlight=0 (over 100 flips ending at flip 1000)
[15:07:12] [info] color/alpha audit block 0: cmod_white=1118 cmod_black=1118 (idx=1118) cmod_general=0 (idx=0) cmod_fb=0; alpha_taken=0 alpha_skipped=0 (global cmod=5744/4238/693/0 idx=4238/693 alpha=0/0)
[15:07:12] [info] phase timing block 0: drawcalls=11832 dc_total_ms=954 flip_inner_total_ms=499 inter_flip_total_ms=4396 (per-flip avg x10: dc_ms=95 fi_ms=49 if_ms=439 derived audio+engine_ms=295; per-drawcall avg us_x10=806) [direct-vesa: presents=100 total_ms=267 avg_ms_x10=26 failed=0] [ablation: NO_DC_TIMING=0 CACHE_WINSURF=0 DIRECT_VESA=1]
[15:07:12] [info] kbd/audio block 0: kbd_irq=0 kbd_drain=0 ring_chunks=16 pump_pass=1678 pic1_mask=0xb8 first_irq_ticks=0 install_ticks=0 vector_at_install=0x0083e398 pic1_mask_live=0x38 kbd_8042_stat=0x34 bios_kbd_head=0x0030 bios_kbd_tail=0x0030 bios_kbd_buf0=0x1071
[15:07:12] [info] dirty-rect block @flip=1000: total_calls=0 dirty_rects_avg=1 dirty_pct_x10=1000 forced_full=0 first_n_force=0 threshold_exceeded=0 dirty_path_taken=0 full_flush_taken=0
[15:07:12] [info] prev-frame-diff block @flip=1000: diff_calls=0 diff_rects_avg=0 diff_dirty_pct_x10=0 bbox_pct_x10=0 bbox_thresh_exceeded=0
[15:07:12] [info] flip-probe: flip #1010 ok=true present=3ms inter_flip_ms=32 drawcalls-since-flip=41 drawcalls-total=89201 fail-total=0 null-skips-total=0
[15:07:12] [info] flip-probe: flip #1020 ok=true present=3ms inter_flip_ms=33 drawcalls-since-flip=41 drawcalls-total=89611 fail-total=0 null-skips-total=0
[15:07:13] [info] flip-probe: flip #1030 ok=true present=3ms inter_flip_ms=30 drawcalls-since-flip=42 drawcalls-total=90029 fail-total=0 null-skips-total=0
[15:07:13] [info] flip-probe: flip #1040 ok=true present=2ms inter_flip_ms=30 drawcalls-since-flip=15 drawcalls-total=90285 fail-total=0 null-skips-total=0
[15:07:13] [info] backdrop cache: thrashing-detect engaged (streak=124, route=direct)
[15:07:13] [info] flip-probe: flip #1050 ok=true present=3ms inter_flip_ms=28 drawcalls-since-flip=15 drawcalls-total=90435 fail-total=0 null-skips-total=0
[15:07:14] [info] flip-probe: flip #1060 ok=true present=3ms inter_flip_ms=28 drawcalls-since-flip=15 drawcalls-total=90585 fail-total=0 null-skips-total=0
[15:07:14] [info] flip-probe: flip #1070 ok=true present=2ms inter_flip_ms=30 drawcalls-since-flip=18 drawcalls-total=90759 fail-total=0 null-skips-total=0
[15:07:14] [info] flip-probe: flip #1080 ok=true present=2ms inter_flip_ms=31 drawcalls-since-flip=18 drawcalls-total=90939 fail-total=0 null-skips-total=0
[15:07:15] [info] flip-probe: flip #1090 ok=true present=3ms inter_flip_ms=30 drawcalls-since-flip=18 drawcalls-total=91119 fail-total=0 null-skips-total=0
[15:07:15] [info] flip-probe: flip #1100 ok=true present=3ms inter_flip_ms=26 drawcalls-since-flip=18 drawcalls-total=91299 fail-total=0 null-skips-total=0
[15:07:15] [info] alpha audit block 0: 1961 total drawcalls, 0 with alpha<255 (block pct_x10=0; global 0/85071 pct_x10=0); alpha-mod skipped: block=0 global=0
[15:07:15] [info] fastpath audit block 0: taken=1961 (idx8=1961) skipped=0 pct_x10=1000; global taken=85071 (idx8=85071) skipped=0 pct_x10=1000
[15:07:15] [info] primitive tally block 0: clear=200(hr=200) fill=0(hr=0) rect=0(hr=0) line=0(hr=0) tint=0 spotlight=0 (over 100 flips ending at flip 1100)
[15:07:15] [info] color/alpha audit block 0: cmod_white=442 cmod_black=442 (idx=442) cmod_general=0 (idx=0) cmod_fb=0; alpha_taken=0 alpha_skipped=0 (global cmod=6186/4680/693/0 idx=4680/693 alpha=0/0)
[15:07:15] [info] phase timing block 0: drawcalls=3045 dc_total_ms=517 flip_inner_total_ms=480 inter_flip_total_ms=3109 (per-flip avg x10: dc_ms=51 fi_ms=48 if_ms=310 derived audio+engine_ms=211; per-drawcall avg us_x10=1699) [direct-vesa: presents=100 total_ms=267 avg_ms_x10=26 failed=0] [ablation: NO_DC_TIMING=0 CACHE_WINSURF=0 DIRECT_VESA=1]
[15:07:15] [info] kbd/audio block 0: kbd_irq=0 kbd_drain=0 ring_chunks=16 pump_pass=1834 pic1_mask=0xb8 first_irq_ticks=0 install_ticks=0 vector_at_install=0x0083e398 pic1_mask_live=0x38 kbd_8042_stat=0x34 bios_kbd_head=0x0030 bios_kbd_tail=0x0030 bios_kbd_buf0=0x1071
[15:07:15] [info] dirty-rect block @flip=1100: total_calls=0 dirty_rects_avg=1 dirty_pct_x10=1000 forced_full=0 first_n_force=0 threshold_exceeded=0 dirty_path_taken=0 full_flush_taken=0
[15:07:15] [info] prev-frame-diff block @flip=1100: diff_calls=0 diff_rects_avg=0 diff_dirty_pct_x10=0 bbox_pct_x10=0 bbox_thresh_exceeded=0
[15:07:15] [info] backdrop cache: thrashing-detect engaged (streak=184, route=direct)
[15:07:15] [info] flip-probe: flip #1110 ok=true present=3ms inter_flip_ms=28 drawcalls-since-flip=17 drawcalls-total=91477 fail-total=0 null-skips-total=0
[15:07:15] [info] flip-probe: flip #1120 ok=true present=3ms inter_flip_ms=30 drawcalls-since-flip=17 drawcalls-total=91647 fail-total=0 null-skips-total=0
[15:07:16] [info] flip-probe: flip #1130 ok=true present=3ms inter_flip_ms=31 drawcalls-since-flip=17 drawcalls-total=91811 fail-total=0 null-skips-total=0
[15:07:16] [info] flip-probe: flip #1140 ok=true present=2ms inter_flip_ms=32 drawcalls-since-flip=16 drawcalls-total=91979 fail-total=0 null-skips-total=0
[15:07:16] [info] flip-probe: flip #1150 ok=true present=3ms inter_flip_ms=27 drawcalls-since-flip=16 drawcalls-total=92139 fail-total=0 null-skips-total=0
[15:07:17] [info] flip-probe: flip #1160 ok=true present=2ms inter_flip_ms=27 drawcalls-since-flip=16 drawcalls-total=92299 fail-total=0 null-skips-total=0
[15:07:17] [info] backdrop cache: thrashing-detect engaged (streak=244, route=direct)
[15:07:17] [info] flip-probe: flip #1170 ok=true present=3ms inter_flip_ms=29 drawcalls-since-flip=16 drawcalls-total=92459 fail-total=0 null-skips-total=0
[15:07:17] [info] flip-probe: flip #1180 ok=true present=2ms inter_flip_ms=27 drawcalls-since-flip=16 drawcalls-total=92619 fail-total=0 null-skips-total=0
[15:07:18] [info] flip-probe: flip #1190 ok=true present=2ms inter_flip_ms=31 drawcalls-since-flip=27 drawcalls-total=92790 fail-total=0 null-skips-total=0
[15:07:18] [info] flip-probe: flip #1200 ok=true present=3ms inter_flip_ms=28 drawcalls-since-flip=25 drawcalls-total=93054 fail-total=0 null-skips-total=0
[15:07:18] [info] alpha audit block 0: 1655 total drawcalls, 0 with alpha<255 (block pct_x10=0; global 0/86726 pct_x10=0); alpha-mod skipped: block=0 global=0
[15:07:18] [info] fastpath audit block 0: taken=1655 (idx8=1655) skipped=0 pct_x10=1000; global taken=86726 (idx8=86726) skipped=0 pct_x10=1000
[15:07:18] [info] primitive tally block 0: clear=200(hr=200) fill=0(hr=0) rect=0(hr=0) line=0(hr=0) tint=0 spotlight=0 (over 100 flips ending at flip 1200)
[15:07:18] [info] phase timing block 0: drawcalls=1855 dc_total_ms=478 flip_inner_total_ms=487 inter_flip_total_ms=3027 (per-flip avg x10: dc_ms=47 fi_ms=48 if_ms=302 derived audio+engine_ms=207; per-drawcall avg us_x10=2581) [direct-vesa: presents=100 total_ms=267 avg_ms_x10=26 failed=0] [ablation: NO_DC_TIMING=0 CACHE_WINSURF=0 DIRECT_VESA=1]
[15:07:18] [info] kbd/audio block 0: kbd_irq=0 kbd_drain=0 ring_chunks=16 pump_pass=1985 pic1_mask=0xb8 first_irq_ticks=0 install_ticks=0 vector_at_install=0x0083e398 pic1_mask_live=0x38 kbd_8042_stat=0x34 bios_kbd_head=0x0030 bios_kbd_tail=0x0030 bios_kbd_buf0=0x1071
[15:07:18] [info] dirty-rect block @flip=1200: total_calls=0 dirty_rects_avg=1 dirty_pct_x10=1000 forced_full=0 first_n_force=0 threshold_exceeded=0 dirty_path_taken=0 full_flush_taken=0
[15:07:18] [info] prev-frame-diff block @flip=1200: diff_calls=0 diff_rects_avg=0 diff_dirty_pct_x10=0 bbox_pct_x10=0 bbox_thresh_exceeded=0
[15:07:18] [info] flip-probe: flip #1210 ok=true present=3ms inter_flip_ms=27 drawcalls-since-flip=20 drawcalls-total=93254 fail-total=0 null-skips-total=0
[15:07:18] [info] flip-probe: flip #1220 ok=true present=3ms inter_flip_ms=27 drawcalls-since-flip=20 drawcalls-total=93445 fail-total=0 null-skips-total=0
[15:07:19] [info] backdrop cache: thrashing-detect engaged (streak=304, route=direct)
[15:07:19] [info] flip-probe: flip #1230 ok=true present=3ms inter_flip_ms=27 drawcalls-since-flip=20 drawcalls-total=93636 fail-total=0 null-skips-total=0
[15:07:19] [info] flip-probe: flip #1240 ok=true present=3ms inter_flip_ms=43 drawcalls-since-flip=261 drawcalls-total=94935 fail-total=0 null-skips-total=0
[15:07:20] [info]  >> Entering stage 15: 'Reservoir'.
[15:07:20] [info] [skip-sheet-flush] cave=6
[15:07:20] [info] [load-stage] preloading entry music song=9 (cave=6)
[15:07:20] [info] gameloop: entered (curmap=15, running=1)
[15:07:20] [info] gameloop: iter 1 ticks=66480 mapno=-1
[15:07:20] [info] mds-clear-lut: rebuilt N=240 entries (k_skip=13% k_keep=87%; curmap=15 map_size=40x20; rebuild #4 since boot)
[15:07:20] [info] flip-probe: flip #1250 ok=true present=3ms inter_flip_ms=451 drawcalls-since-flip=336 drawcalls-total=97425 fail-total=0 null-skips-total=0
[15:07:20] [info] gameloop: iter 2 ticks=66558 mapno=-1
[15:07:20] [info] gameloop: iter 3 ticks=66615 mapno=-1
[15:07:20] [info] flip-probe: flip #1260 ok=true present=3ms inter_flip_ms=37 drawcalls-since-flip=171 drawcalls-total=100290 fail-total=0 null-skips-total=0
[15:07:21] [info] flip-probe: flip #1270 ok=true present=2ms inter_flip_ms=29 drawcalls-since-flip=31 drawcalls-total=100870 fail-total=0 null-skips-total=0
[15:07:21] [info] flip-probe: flip #1280 ok=true present=2ms inter_flip_ms=30 drawcalls-since-flip=31 drawcalls-total=101180 fail-total=0 null-skips-total=0
[15:07:21] [info] flip-probe: flip #1290 ok=true present=3ms inter_flip_ms=28 drawcalls-since-flip=31 drawcalls-total=101490 fail-total=0 null-skips-total=0
[15:07:22] [info] flip-probe: flip #1300 ok=true present=2ms inter_flip_ms=29 drawcalls-since-flip=31 drawcalls-total=101800 fail-total=0 null-skips-total=0
[15:07:22] [info] alpha audit block 0: 8187 total drawcalls, 0 with alpha<255 (block pct_x10=0; global 0/94913 pct_x10=0); alpha-mod skipped: block=0 global=0
[15:07:22] [info] fastpath audit block 0: taken=8187 (idx8=8187) skipped=0 pct_x10=1000; global taken=94913 (idx8=94913) skipped=0 pct_x10=1000
[15:07:22] [info] primitive tally block 0: clear=202(hr=202) fill=0(hr=0) rect=0(hr=0) line=0(hr=0) tint=0 spotlight=0 (over 100 flips ending at flip 1300)
[15:07:22] [info] color/alpha audit block 0: cmod_white=459 cmod_black=459 (idx=459) cmod_general=0 (idx=0) cmod_fb=0; alpha_taken=0 alpha_skipped=0 (global cmod=6645/5139/693/0 idx=5139/693 alpha=0/0)
[15:07:22] [info] phase timing block 0: drawcalls=9358 dc_total_ms=1033 flip_inner_total_ms=494 inter_flip_total_ms=3886 (per-flip avg x10: dc_ms=103 fi_ms=49 if_ms=388 derived audio+engine_ms=236; per-drawcall avg us_x10=1104) [direct-vesa: presents=100 total_ms=265 avg_ms_x10=26 failed=0] [ablation: NO_DC_TIMING=0 CACHE_WINSURF=0 DIRECT_VESA=1]
[15:07:22] [info] kbd/audio block 0: kbd_irq=0 kbd_drain=0 ring_chunks=16 pump_pass=2159 pic1_mask=0xb8 first_irq_ticks=0 install_ticks=0 vector_at_install=0x0083e398 pic1_mask_live=0x38 kbd_8042_stat=0x34 bios_kbd_head=0x0030 bios_kbd_tail=0x0030 bios_kbd_buf0=0x1071
[15:07:22] [info] dirty-rect block @flip=1300: total_calls=0 dirty_rects_avg=1 dirty_pct_x10=1000 forced_full=0 first_n_force=0 threshold_exceeded=0 dirty_path_taken=0 full_flush_taken=0
[15:07:22] [info] prev-frame-diff block @flip=1300: diff_calls=0 diff_rects_avg=0 diff_dirty_pct_x10=0 bbox_pct_x10=0 bbox_thresh_exceeded=0
[15:07:22] [info] tas: stall frame 311 ms -> contributing 1 tick (patch 0286)
[15:07:22] [info] backdrop cache: thrashing-detect engaged (streak=4, route=direct)
[15:07:22] [info] flip-probe: flip #1310 ok=true present=2ms inter_flip_ms=32 drawcalls-since-flip=33 drawcalls-total=102122 fail-total=0 null-skips-total=0
[15:07:23] [info] flip-probe: flip #1320 ok=true present=2ms inter_flip_ms=32 drawcalls-since-flip=34 drawcalls-total=102463 fail-total=0 null-skips-total=0
[15:07:23] [info] flip-probe: flip #1330 ok=true present=2ms inter_flip_ms=30 drawcalls-since-flip=31 drawcalls-total=102785 fail-total=0 null-skips-total=0
[15:07:23] [info] flip-probe: flip #1340 ok=true present=3ms inter_flip_ms=29 drawcalls-since-flip=31 drawcalls-total=103095 fail-total=0 null-skips-total=0
[15:07:24] [info] flip-probe: flip #1350 ok=true present=2ms inter_flip_ms=29 drawcalls-since-flip=31 drawcalls-total=103405 fail-total=0 null-skips-total=0
[15:07:24] [info] flip-probe: flip #1360 ok=true present=3ms inter_flip_ms=31 drawcalls-since-flip=31 drawcalls-total=103715 fail-total=0 null-skips-total=0
[15:07:24] [info] backdrop cache: thrashing-detect engaged (streak=64, route=direct)
[15:07:24] [info] tas: stall frame 161 ms -> contributing 1 tick (patch 0286)
[15:07:24] [info] flip-probe: flip #1370 ok=true present=3ms inter_flip_ms=28 drawcalls-since-flip=14 drawcalls-total=104012 fail-total=0 null-skips-total=0
[15:07:25] [info] flip-probe: flip #1380 ok=true present=2ms inter_flip_ms=29 drawcalls-since-flip=14 drawcalls-total=104152 fail-total=0 null-skips-total=0
[15:07:25] [info] flip-probe: flip #1390 ok=true present=3ms inter_flip_ms=28 drawcalls-since-flip=16 drawcalls-total=104298 fail-total=0 null-skips-total=0
[15:07:25] [info] flip-probe: flip #1400 ok=true present=3ms inter_flip_ms=28 drawcalls-since-flip=16 drawcalls-total=104458 fail-total=0 null-skips-total=0
[15:07:25] [info] alpha audit block 0: 1937 total drawcalls, 0 with alpha<255 (block pct_x10=0; global 0/96850 pct_x10=0); alpha-mod skipped: block=0 global=0
[15:07:25] [info] fastpath audit block 0: taken=1937 (idx8=1937) skipped=0 pct_x10=1000; global taken=96850 (idx8=96850) skipped=0 pct_x10=1000
[15:07:25] [info] primitive tally block 0: clear=200(hr=200) fill=0(hr=0) rect=0(hr=0) line=0(hr=0) tint=0 spotlight=0 (over 100 flips ending at flip 1400)
[15:07:25] [info] color/alpha audit block 0: cmod_white=621 cmod_black=621 (idx=621) cmod_general=0 (idx=0) cmod_fb=0; alpha_taken=0 alpha_skipped=0 (global cmod=7266/5760/693/0 idx=5760/693 alpha=0/0)
[15:07:25] [info] phase timing block 0: drawcalls=3383 dc_total_ms=518 flip_inner_total_ms=492 inter_flip_total_ms=3510 (per-flip avg x10: dc_ms=51 fi_ms=49 if_ms=351 derived audio+engine_ms=251; per-drawcall avg us_x10=1534) [direct-vesa: presents=100 total_ms=267 avg_ms_x10=26 failed=0] [ablation: NO_DC_TIMING=0 CACHE_WINSURF=0 DIRECT_VESA=1]
[15:07:25] [info] kbd/audio block 0: kbd_irq=0 kbd_drain=0 ring_chunks=16 pump_pass=2313 pic1_mask=0xb8 first_irq_ticks=0 install_ticks=0 vector_at_install=0x0083e398 pic1_mask_live=0x38 kbd_8042_stat=0x34 bios_kbd_head=0x0030 bios_kbd_tail=0x0030 bios_kbd_buf0=0x1071
[15:07:25] [info] dirty-rect block @flip=1400: total_calls=0 dirty_rects_avg=1 dirty_pct_x10=1000 forced_full=0 first_n_force=0 threshold_exceeded=0 dirty_path_taken=0 full_flush_taken=0
[15:07:25] [info] prev-frame-diff block @flip=1400: diff_calls=0 diff_rects_avg=0 diff_dirty_pct_x10=0 bbox_pct_x10=0 bbox_thresh_exceeded=0
[15:07:26] [info] flip-probe: flip #1410 ok=true present=3ms inter_flip_ms=26 drawcalls-since-flip=17 drawcalls-total=104628 fail-total=0 null-skips-total=0
[15:07:26] [info] flip-probe: flip #1420 ok=true present=3ms inter_flip_ms=29 drawcalls-since-flip=17 drawcalls-total=104798 fail-total=0 null-skips-total=0
[15:07:26] [info] backdrop cache: thrashing-detect engaged (streak=124, route=direct)
[15:07:26] [info] flip-probe: flip #1430 ok=true present=3ms inter_flip_ms=29 drawcalls-since-flip=17 drawcalls-total=104965 fail-total=0 null-skips-total=0
[15:07:26] [info] flip-probe: flip #1440 ok=true present=3ms inter_flip_ms=28 drawcalls-since-flip=16 drawcalls-total=105132 fail-total=0 null-skips-total=0
[15:07:27] [info] flip-probe: flip #1450 ok=true present=2ms inter_flip_ms=29 drawcalls-since-flip=16 drawcalls-total=105292 fail-total=0 null-skips-total=0
[15:07:27] [info] flip-probe: flip #1460 ok=true present=3ms inter_flip_ms=27 drawcalls-since-flip=15 drawcalls-total=105455 fail-total=0 null-skips-total=0
[15:07:27] [info] tas: stall frame 261 ms -> contributing 1 tick (patch 0286)
[15:07:28] [info] flip-probe: flip #1470 ok=true present=2ms inter_flip_ms=28 drawcalls-since-flip=15 drawcalls-total=105605 fail-total=0 null-skips-total=0
[15:07:28] [info] flip-probe: flip #1480 ok=true present=2ms inter_flip_ms=28 drawcalls-since-flip=15 drawcalls-total=105755 fail-total=0 null-skips-total=0
[15:07:28] [info] backdrop cache: thrashing-detect engaged (streak=184, route=direct)
[15:07:28] [info] flip-probe: flip #1490 ok=true present=3ms inter_flip_ms=28 drawcalls-since-flip=14 drawcalls-total=105903 fail-total=0 null-skips-total=0
[15:07:28] [info] flip-probe: flip #1500 ok=true present=2ms inter_flip_ms=30 drawcalls-since-flip=13 drawcalls-total=106035 fail-total=0 null-skips-total=0
[15:07:28] [info] alpha audit block 0: 1477 total drawcalls, 0 with alpha<255 (block pct_x10=0; global 0/98327 pct_x10=0); alpha-mod skipped: block=0 global=0
[15:07:28] [info] fastpath audit block 0: taken=1477 (idx8=1477) skipped=0 pct_x10=1000; global taken=98327 (idx8=98327) skipped=0 pct_x10=1000
[15:07:28] [info] primitive tally block 0: clear=200(hr=200) fill=0(hr=0) rect=0(hr=0) line=0(hr=0) tint=0 spotlight=0 (over 100 flips ending at flip 1500)
[15:07:28] [info] phase timing block 0: drawcalls=1677 dc_total_ms=442 flip_inner_total_ms=699 inter_flip_total_ms=3228 (per-flip avg x10: dc_ms=44 fi_ms=69 if_ms=322 derived audio+engine_ms=209; per-drawcall avg us_x10=2636) [direct-vesa: presents=100 total_ms=267 avg_ms_x10=26 failed=0] [ablation: NO_DC_TIMING=0 CACHE_WINSURF=0 DIRECT_VESA=1]
[15:07:28] [info] kbd/audio block 0: kbd_irq=0 kbd_drain=0 ring_chunks=16 pump_pass=2463 pic1_mask=0xb8 first_irq_ticks=0 install_ticks=0 vector_at_install=0x0083e398 pic1_mask_live=0x38 kbd_8042_stat=0x34 bios_kbd_head=0x0030 bios_kbd_tail=0x0030 bios_kbd_buf0=0x1071
[15:07:28] [info] dirty-rect block @flip=1500: total_calls=0 dirty_rects_avg=1 dirty_pct_x10=1000 forced_full=0 first_n_force=0 threshold_exceeded=0 dirty_path_taken=0 full_flush_taken=0
[15:07:29] [info] prev-frame-diff block @flip=1500: diff_calls=0 diff_rects_avg=0 diff_dirty_pct_x10=0 bbox_pct_x10=0 bbox_thresh_exceeded=0
[15:07:29] [info] flip-probe: flip #1510 ok=true present=3ms inter_flip_ms=27 drawcalls-since-flip=15 drawcalls-total=106176 fail-total=0 null-skips-total=0
[15:07:29] [info] flip-probe: flip #1520 ok=true present=3ms inter_flip_ms=27 drawcalls-since-flip=16 drawcalls-total=106332 fail-total=0 null-skips-total=0
[15:07:29] [info] flip-probe: flip #1530 ok=true present=3ms inter_flip_ms=27 drawcalls-since-flip=16 drawcalls-total=106492 fail-total=0 null-skips-total=0
[15:07:30] [info] backdrop cache: thrashing-detect engaged (streak=4, route=direct)
[15:07:30] [info] flip-probe: flip #1540 ok=true present=3ms inter_flip_ms=29 drawcalls-since-flip=14 drawcalls-total=106647 fail-total=0 null-skips-total=0
[15:07:30] [info] flip-probe: flip #1550 ok=true present=3ms inter_flip_ms=29 drawcalls-since-flip=13 drawcalls-total=106782 fail-total=0 null-skips-total=0
[15:07:30] [info] flip-probe: flip #1560 ok=true present=3ms inter_flip_ms=30 drawcalls-since-flip=13 drawcalls-total=106917 fail-total=0 null-skips-total=0
[15:07:31] [info] flip-probe: flip #1570 ok=true present=3ms inter_flip_ms=30 drawcalls-since-flip=13 drawcalls-total=107047 fail-total=0 null-skips-total=0
[15:07:31] [info] flip-probe: flip #1580 ok=true present=3ms inter_flip_ms=30 drawcalls-since-flip=13 drawcalls-total=107177 fail-total=0 null-skips-total=0
[15:07:31] [info] flip-probe: flip #1590 ok=true present=3ms inter_flip_ms=27 drawcalls-since-flip=13 drawcalls-total=107307 fail-total=0 null-skips-total=0
[15:07:31] [info] backdrop cache: thrashing-detect engaged (streak=64, route=direct)
[15:07:32] [info] flip-probe: flip #1600 ok=true present=3ms inter_flip_ms=29 drawcalls-since-flip=13 drawcalls-total=107437 fail-total=0 null-skips-total=0
[15:07:32] [info] alpha audit block 0: 1302 total drawcalls, 0 with alpha<255 (block pct_x10=0; global 0/99629 pct_x10=0); alpha-mod skipped: block=0 global=0
[15:07:32] [info] fastpath audit block 0: taken=1302 (idx8=1302) skipped=0 pct_x10=1000; global taken=99629 (idx8=99629) skipped=0 pct_x10=1000
[15:07:32] [info] primitive tally block 0: clear=200(hr=200) fill=0(hr=0) rect=0(hr=0) line=0(hr=0) tint=0 spotlight=0 (over 100 flips ending at flip 1600)
[15:07:32] [info] phase timing block 0: drawcalls=1538 dc_total_ms=601 flip_inner_total_ms=486 inter_flip_total_ms=3099 (per-flip avg x10: dc_ms=60 fi_ms=48 if_ms=309 derived audio+engine_ms=201; per-drawcall avg us_x10=3909) [direct-vesa: presents=100 total_ms=268 avg_ms_x10=26 failed=0] [ablation: NO_DC_TIMING=0 CACHE_WINSURF=0 DIRECT_VESA=1]
[15:07:32] [info] kbd/audio block 0: kbd_irq=0 kbd_drain=0 ring_chunks=16 pump_pass=2618 pic1_mask=0xb8 first_irq_ticks=0 install_ticks=0 vector_at_install=0x0083e398 pic1_mask_live=0x38 kbd_8042_stat=0x34 bios_kbd_head=0x0030 bios_kbd_tail=0x0030 bios_kbd_buf0=0x1071
[15:07:32] [info] dirty-rect block @flip=1600: total_calls=0 dirty_rects_avg=1 dirty_pct_x10=1000 forced_full=0 first_n_force=0 threshold_exceeded=0 dirty_path_taken=0 full_flush_taken=0
[15:07:32] [info] prev-frame-diff block @flip=1600: diff_calls=0 diff_rects_avg=0 diff_dirty_pct_x10=0 bbox_pct_x10=0 bbox_thresh_exceeded=0
[15:07:32] [info] flip-probe: flip #1610 ok=true present=2ms inter_flip_ms=29 drawcalls-since-flip=13 drawcalls-total=107567 fail-total=0 null-skips-total=0
[15:07:32] [info] flip-probe: flip #1620 ok=true present=3ms inter_flip_ms=27 drawcalls-since-flip=13 drawcalls-total=107697 fail-total=0 null-skips-total=0
[15:07:32] [info] flip-probe: flip #1630 ok=true present=3ms inter_flip_ms=27 drawcalls-since-flip=13 drawcalls-total=107827 fail-total=0 null-skips-total=0
[15:07:33] [info] flip-probe: flip #1640 ok=true present=3ms inter_flip_ms=28 drawcalls-since-flip=13 drawcalls-total=107957 fail-total=0 null-skips-total=0
[15:07:33] [info] flip-probe: flip #1650 ok=true present=3ms inter_flip_ms=26 drawcalls-since-flip=13 drawcalls-total=108087 fail-total=0 null-skips-total=0
[15:07:33] [info] backdrop cache: thrashing-detect engaged (streak=124, route=direct)
[15:07:33] [info] flip-probe: flip #1660 ok=true present=3ms inter_flip_ms=34 drawcalls-since-flip=153 drawcalls-total=108577 fail-total=0 null-skips-total=0
[15:07:34] [info] flip-probe: flip #1670 ok=true present=3ms inter_flip_ms=46 drawcalls-since-flip=318 drawcalls-total=111382 fail-total=0 null-skips-total=0
[15:07:34] [info]  >> Entering stage 11: 'Mimiga Village'.
[15:07:34] [info] [skip-sheet-flush] cave=7
[15:07:34] [info] [load-stage] preloading entry music song=9 (cave=7)
[15:07:34] [info] gameloop: entered (curmap=11, running=1)
[15:07:34] [info] gameloop: iter 1 ticks=80863 mapno=-1
[15:07:34] [info] mds-clear-lut: rebuilt N=240 entries (k_skip=0% k_keep=100%; curmap=11 map_size=60x60; rebuild #5 since boot)
[15:07:34] [info] gameloop: iter 2 ticks=80933 mapno=-1
[15:07:34] [info] gameloop: iter 3 ticks=80993 mapno=-1
[15:07:35] [info] flip-probe: flip #1680 ok=true present=3ms inter_flip_ms=48 drawcalls-since-flip=287 drawcalls-total=113985 fail-total=0 null-skips-total=0
[15:07:35] [info] flip-probe: flip #1690 ok=true present=3ms inter_flip_ms=31 drawcalls-since-flip=42 drawcalls-total=115185 fail-total=0 null-skips-total=0
[15:07:35] [info] flip-probe: flip #1700 ok=true present=3ms inter_flip_ms=32 drawcalls-since-flip=42 drawcalls-total=115605 fail-total=0 null-skips-total=0
[15:07:35] [info] alpha audit block 0: 7717 total drawcalls, 0 with alpha<255 (block pct_x10=0; global 0/107346 pct_x10=0); alpha-mod skipped: block=0 global=0
[15:07:35] [info] fastpath audit block 0: taken=7717 (idx8=7717) skipped=0 pct_x10=1000; global taken=107346 (idx8=107346) skipped=0 pct_x10=1000
[15:07:35] [info] primitive tally block 0: clear=202(hr=202) fill=0(hr=0) rect=0(hr=0) line=0(hr=0) tint=0 spotlight=0 (over 100 flips ending at flip 1700)
[15:07:35] [info] color/alpha audit block 0: cmod_white=351 cmod_black=351 (idx=351) cmod_general=0 (idx=0) cmod_fb=0; alpha_taken=0 alpha_skipped=0 (global cmod=7617/6111/693/0 idx=6111/693 alpha=0/0)
[15:07:35] [info] phase timing block 0: drawcalls=8648 dc_total_ms=886 flip_inner_total_ms=489 inter_flip_total_ms=3816 (per-flip avg x10: dc_ms=88 fi_ms=48 if_ms=381 derived audio+engine_ms=245; per-drawcall avg us_x10=1025) [direct-vesa: presents=100 total_ms=268 avg_ms_x10=26 failed=0] [ablation: NO_DC_TIMING=0 CACHE_WINSURF=0 DIRECT_VESA=1]
[15:07:35] [info] kbd/audio block 0: kbd_irq=0 kbd_drain=0 ring_chunks=16 pump_pass=2788 pic1_mask=0xb8 first_irq_ticks=0 install_ticks=0 vector_at_install=0x0083e398 pic1_mask_live=0x38 kbd_8042_stat=0x34 bios_kbd_head=0x0030 bios_kbd_tail=0x0030 bios_kbd_buf0=0x1071
[15:07:35] [info] dirty-rect block @flip=1700: total_calls=0 dirty_rects_avg=1 dirty_pct_x10=1000 forced_full=0 first_n_force=0 threshold_exceeded=0 dirty_path_taken=0 full_flush_taken=0
[15:07:35] [info] prev-frame-diff block @flip=1700: diff_calls=0 diff_rects_avg=0 diff_dirty_pct_x10=0 bbox_pct_x10=0 bbox_thresh_exceeded=0
[15:07:36] [info] flip-probe: flip #1710 ok=true present=3ms inter_flip_ms=31 drawcalls-since-flip=42 drawcalls-total=116025 fail-total=0 null-skips-total=0
[15:07:36] [info] flip-probe: flip #1720 ok=true present=3ms inter_flip_ms=31 drawcalls-since-flip=42 drawcalls-total=116445 fail-total=0 null-skips-total=0
[15:07:36] [info] flip-probe: flip #1730 ok=true present=3ms inter_flip_ms=33 drawcalls-since-flip=53 drawcalls-total=116953 fail-total=0 null-skips-total=0
[15:07:37] [info] backdrop cache: thrashing-detect engaged (streak=4, route=direct)
[15:07:37] [info] flip-probe: flip #1740 ok=true present=3ms inter_flip_ms=31 drawcalls-since-flip=48 drawcalls-total=117442 fail-total=0 null-skips-total=0
[15:07:37] [info] flip-probe: flip #1750 ok=true present=2ms inter_flip_ms=32 drawcalls-since-flip=48 drawcalls-total=117913 fail-total=0 null-skips-total=0
[15:07:37] [info] flip-probe: flip #1760 ok=true present=2ms inter_flip_ms=32 drawcalls-since-flip=47 drawcalls-total=118370 fail-total=0 null-skips-total=0
[15:07:38] [info] flip-probe: flip #1770 ok=true present=3ms inter_flip_ms=30 drawcalls-since-flip=43 drawcalls-total=118813 fail-total=0 null-skips-total=0
[15:07:38] [info] flip-probe: flip #1780 ok=true present=3ms inter_flip_ms=29 drawcalls-since-flip=45 drawcalls-total=119252 fail-total=0 null-skips-total=0
[15:07:38] [info] flip-probe: flip #1790 ok=true present=3ms inter_flip_ms=33 drawcalls-since-flip=41 drawcalls-total=119688 fail-total=0 null-skips-total=0
[15:07:39] [info] backdrop cache: thrashing-detect engaged (streak=64, route=direct)
[15:07:39] [info] flip-probe: flip #1800 ok=true present=3ms inter_flip_ms=29 drawcalls-since-flip=19 drawcalls-total=119946 fail-total=0 null-skips-total=0
[15:07:39] [info] alpha audit block 0: 3032 total drawcalls, 0 with alpha<255 (block pct_x10=0; global 0/110378 pct_x10=0); alpha-mod skipped: block=0 global=0
[15:07:39] [info] fastpath audit block 0: taken=3032 (idx8=3032) skipped=0 pct_x10=1000; global taken=110378 (idx8=110378) skipped=0 pct_x10=1000
[15:07:39] [info] primitive tally block 0: clear=200(hr=200) fill=0(hr=0) rect=0(hr=0) line=0(hr=0) tint=0 spotlight=0 (over 100 flips ending at flip 1800)
[15:07:39] [info] color/alpha audit block 0: cmod_white=1209 cmod_black=1209 (idx=1209) cmod_general=0 (idx=0) cmod_fb=0; alpha_taken=0 alpha_skipped=0 (global cmod=8826/7320/693/0 idx=7320/693 alpha=0/0)
[15:07:39] [info] phase timing block 0: drawcalls=5685 dc_total_ms=765 flip_inner_total_ms=502 inter_flip_total_ms=3391 (per-flip avg x10: dc_ms=76 fi_ms=50 if_ms=339 derived audio+engine_ms=213; per-drawcall avg us_x10=1346) [direct-vesa: presents=100 total_ms=267 avg_ms_x10=26 failed=0] [ablation: NO_DC_TIMING=0 CACHE_WINSURF=0 DIRECT_VESA=1]
[15:07:39] [info] kbd/audio block 0: kbd_irq=0 kbd_drain=0 ring_chunks=16 pump_pass=2957 pic1_mask=0xb8 first_irq_ticks=0 install_ticks=0 vector_at_install=0x0083e398 pic1_mask_live=0x38 kbd_8042_stat=0x34 bios_kbd_head=0x0030 bios_kbd_tail=0x0030 bios_kbd_buf0=0x1071
[15:07:39] [info] dirty-rect block @flip=1800: total_calls=0 dirty_rects_avg=1 dirty_pct_x10=1000 forced_full=0 first_n_force=0 threshold_exceeded=0 dirty_path_taken=0 full_flush_taken=0
[15:07:39] [info] prev-frame-diff block @flip=1800: diff_calls=0 diff_rects_avg=0 diff_dirty_pct_x10=0 bbox_pct_x10=0 bbox_thresh_exceeded=0
[15:07:39] [info] flip-probe: flip #1810 ok=true present=3ms inter_flip_ms=29 drawcalls-since-flip=18 drawcalls-total=120128 fail-total=0 null-skips-total=0
[15:07:39] [info] flip-probe: flip #1820 ok=true present=3ms inter_flip_ms=29 drawcalls-since-flip=18 drawcalls-total=120308 fail-total=0 null-skips-total=0
[15:07:40] [info] run_tick_fixed #3000: heartbeat (loop alive)
[15:07:40] [info] flip-probe: flip #1830 ok=true present=2ms inter_flip_ms=31 drawcalls-since-flip=18 drawcalls-total=120488 fail-total=0 null-skips-total=0
[15:07:40] [info] flip-probe: flip #1840 ok=true present=2ms inter_flip_ms=30 drawcalls-since-flip=18 drawcalls-total=120668 fail-total=0 null-skips-total=0
[15:07:40] [info] flip-probe: flip #1850 ok=true present=3ms inter_flip_ms=29 drawcalls-since-flip=18 drawcalls-total=120848 fail-total=0 null-skips-total=0
[15:07:41] [info] backdrop cache: thrashing-detect engaged (streak=124, route=direct)
[15:07:41] [info] flip-probe: flip #1860 ok=true present=3ms inter_flip_ms=31 drawcalls-since-flip=18 drawcalls-total=121028 fail-total=0 null-skips-total=0
[15:07:41] [info] flip-probe: flip #1870 ok=true present=3ms inter_flip_ms=31 drawcalls-since-flip=17 drawcalls-total=121201 fail-total=0 null-skips-total=0
[15:07:41] [info] flip-probe: flip #1880 ok=true present=3ms inter_flip_ms=27 drawcalls-since-flip=17 drawcalls-total=121371 fail-total=0 null-skips-total=0
[15:07:42] [info] flip-probe: flip #1890 ok=true present=3ms inter_flip_ms=29 drawcalls-since-flip=17 drawcalls-total=121541 fail-total=0 null-skips-total=0
[15:07:42] [info] flip-probe: flip #1900 ok=true present=3ms inter_flip_ms=31 drawcalls-since-flip=16 drawcalls-total=121701 fail-total=0 null-skips-total=0
[15:07:42] [info] alpha audit block 0: 1655 total drawcalls, 0 with alpha<255 (block pct_x10=0; global 0/112033 pct_x10=0); alpha-mod skipped: block=0 global=0
[15:07:42] [info] fastpath audit block 0: taken=1655 (idx8=1655) skipped=0 pct_x10=1000; global taken=112033 (idx8=112033) skipped=0 pct_x10=1000
[15:07:42] [info] primitive tally block 0: clear=200(hr=200) fill=0(hr=0) rect=0(hr=0) line=0(hr=0) tint=0 spotlight=0 (over 100 flips ending at flip 1900)
[15:07:42] [info] phase timing block 0: drawcalls=1855 dc_total_ms=480 flip_inner_total_ms=472 inter_flip_total_ms=3174 (per-flip avg x10: dc_ms=48 fi_ms=47 if_ms=317 derived audio+engine_ms=222; per-drawcall avg us_x10=2590) [direct-vesa: presents=100 total_ms=266 avg_ms_x10=26 failed=0] [ablation: NO_DC_TIMING=0 CACHE_WINSURF=0 DIRECT_VESA=1]
[15:07:42] [info] kbd/audio block 0: kbd_irq=0 kbd_drain=0 ring_chunks=16 pump_pass=3116 pic1_mask=0xb8 first_irq_ticks=0 install_ticks=0 vector_at_install=0x0083e398 pic1_mask_live=0x38 kbd_8042_stat=0x34 bios_kbd_head=0x0030 bios_kbd_tail=0x0030 bios_kbd_buf0=0x1071
[15:07:42] [info] dirty-rect block @flip=1900: total_calls=0 dirty_rects_avg=1 dirty_pct_x10=1000 forced_full=0 first_n_force=0 threshold_exceeded=0 dirty_path_taken=0 full_flush_taken=0
[15:07:42] [info] prev-frame-diff block @flip=1900: diff_calls=0 diff_rects_avg=0 diff_dirty_pct_x10=0 bbox_pct_x10=0 bbox_thresh_exceeded=0
[15:07:42] [info] flip-probe: flip #1910 ok=true present=3ms inter_flip_ms=27 drawcalls-since-flip=17 drawcalls-total=121862 fail-total=0 null-skips-total=0
[15:07:42] [info] backdrop cache: thrashing-detect engaged (streak=184, route=direct)
[15:07:43] [info] flip-probe: flip #1920 ok=true present=3ms inter_flip_ms=31 drawcalls-since-flip=18 drawcalls-total=122033 fail-total=0 null-skips-total=0
[15:07:43] [info] flip-probe: flip #1930 ok=true present=3ms inter_flip_ms=30 drawcalls-since-flip=18 drawcalls-total=122213 fail-total=0 null-skips-total=0
[15:07:43] [info] flip-probe: flip #1940 ok=true present=3ms inter_flip_ms=28 drawcalls-since-flip=18 drawcalls-total=122393 fail-total=0 null-skips-total=0
[15:07:44] [info] flip-probe: flip #1950 ok=true present=3ms inter_flip_ms=29 drawcalls-since-flip=18 drawcalls-total=122573 fail-total=0 null-skips-total=0
[15:07:44] [info] flip-probe: flip #1960 ok=true present=3ms inter_flip_ms=29 drawcalls-since-flip=17 drawcalls-total=122747 fail-total=0 null-skips-total=0
[15:07:44] [info] flip-probe: flip #1970 ok=true present=2ms inter_flip_ms=32 drawcalls-since-flip=16 drawcalls-total=122916 fail-total=0 null-skips-total=0
[15:07:44] [info] backdrop cache: thrashing-detect engaged (streak=244, route=direct)
[15:07:44] [info] flip-probe: flip #1980 ok=true present=3ms inter_flip_ms=27 drawcalls-since-flip=16 drawcalls-total=123076 fail-total=0 null-skips-total=0
[15:07:45] [info] flip-probe: flip #1990 ok=true present=3ms inter_flip_ms=31 drawcalls-since-flip=17 drawcalls-total=123246 fail-total=0 null-skips-total=0
[15:07:45] [info] flip-probe: flip #2000 ok=true present=3ms inter_flip_ms=33 drawcalls-since-flip=18 drawcalls-total=123419 fail-total=0 null-skips-total=0
[15:07:45] [info] alpha audit block 0: 1618 total drawcalls, 0 with alpha<255 (block pct_x10=0; global 0/113651 pct_x10=0); alpha-mod skipped: block=0 global=0
[15:07:45] [info] fastpath audit block 0: taken=1618 (idx8=1618) skipped=0 pct_x10=1000; global taken=113651 (idx8=113651) skipped=0 pct_x10=1000
[15:07:45] [info] primitive tally block 0: clear=200(hr=200) fill=0(hr=0) rect=0(hr=0) line=0(hr=0) tint=0 spotlight=0 (over 100 flips ending at flip 2000)
[15:07:45] [info] phase timing block 0: drawcalls=1818 dc_total_ms=475 flip_inner_total_ms=500 inter_flip_total_ms=3148 (per-flip avg x10: dc_ms=47 fi_ms=50 if_ms=314 derived audio+engine_ms=217; per-drawcall avg us_x10=2618) [direct-vesa: presents=100 total_ms=266 avg_ms_x10=26 failed=0] [ablation: NO_DC_TIMING=0 CACHE_WINSURF=0 DIRECT_VESA=1]
[15:07:45] [info] kbd/audio block 0: kbd_irq=0 kbd_drain=0 ring_chunks=16 pump_pass=3273 pic1_mask=0xb8 first_irq_ticks=0 install_ticks=0 vector_at_install=0x0083e398 pic1_mask_live=0x38 kbd_8042_stat=0x34 bios_kbd_head=0x0030 bios_kbd_tail=0x0030 bios_kbd_buf0=0x1071
[15:07:45] [info] dirty-rect block @flip=2000: total_calls=0 dirty_rects_avg=1 dirty_pct_x10=1000 forced_full=0 first_n_force=0 threshold_exceeded=0 dirty_path_taken=0 full_flush_taken=0
[15:07:45] [info] prev-frame-diff block @flip=2000: diff_calls=0 diff_rects_avg=0 diff_dirty_pct_x10=0 bbox_pct_x10=0 bbox_thresh_exceeded=0
[15:07:45] [info] flip-probe: flip #2010 ok=true present=3ms inter_flip_ms=32 drawcalls-since-flip=18 drawcalls-total=123599 fail-total=0 null-skips-total=0
[15:07:46] [info] run_tick_fixed #3300: heartbeat (loop alive)
[15:07:46] [info] flip-probe: flip #2020 ok=true present=3ms inter_flip_ms=31 drawcalls-since-flip=18 drawcalls-total=123779 fail-total=0 null-skips-total=0
[15:07:46] [info] flip-probe: flip #2030 ok=true present=3ms inter_flip_ms=29 drawcalls-since-flip=18 drawcalls-total=123959 fail-total=0 null-skips-total=0
[15:07:46] [info] backdrop cache: thrashing-detect engaged (streak=304, route=direct)
[15:07:46] [info] flip-probe: flip #2040 ok=true present=3ms inter_flip_ms=30 drawcalls-since-flip=19 drawcalls-total=124144 fail-total=0 null-skips-total=0
[15:07:47] [info] flip-probe: flip #2050 ok=true present=3ms inter_flip_ms=27 drawcalls-since-flip=20 drawcalls-total=124342 fail-total=0 null-skips-total=0
[15:07:47] [info] flip-probe: flip #2060 ok=true present=2ms inter_flip_ms=30 drawcalls-since-flip=20 drawcalls-total=124542 fail-total=0 null-skips-total=0
[15:07:47] [info] flip-probe: flip #2070 ok=true present=3ms inter_flip_ms=29 drawcalls-since-flip=20 drawcalls-total=124742 fail-total=0 null-skips-total=0
[15:07:48] [info] flip-probe: flip #2080 ok=true present=2ms inter_flip_ms=32 drawcalls-since-flip=16 drawcalls-total=124928 fail-total=0 null-skips-total=0
[15:07:48] [info] flip-probe: flip #2090 ok=true present=3ms inter_flip_ms=28 drawcalls-since-flip=16 drawcalls-total=125088 fail-total=0 null-skips-total=0
[15:07:48] [info] backdrop cache: thrashing-detect engaged (streak=364, route=direct)
[15:07:48] [info] flip-probe: flip #2100 ok=true present=3ms inter_flip_ms=31 drawcalls-since-flip=16 drawcalls-total=125248 fail-total=0 null-skips-total=0
[15:07:48] [info] alpha audit block 0: 1729 total drawcalls, 0 with alpha<255 (block pct_x10=0; global 0/115380 pct_x10=0); alpha-mod skipped: block=0 global=0
[15:07:48] [info] fastpath audit block 0: taken=1729 (idx8=1729) skipped=0 pct_x10=1000; global taken=115380 (idx8=115380) skipped=0 pct_x10=1000
[15:07:48] [info] primitive tally block 0: clear=200(hr=200) fill=0(hr=0) rect=0(hr=0) line=0(hr=0) tint=0 spotlight=0 (over 100 flips ending at flip 2100)
[15:07:48] [info] phase timing block 0: drawcalls=1929 dc_total_ms=483 flip_inner_total_ms=475 inter_flip_total_ms=3195 (per-flip avg x10: dc_ms=48 fi_ms=47 if_ms=319 derived audio+engine_ms=224; per-drawcall avg us_x10=2507) [direct-vesa: presents=100 total_ms=266 avg_ms_x10=26 failed=0] [ablation: NO_DC_TIMING=0 CACHE_WINSURF=0 DIRECT_VESA=1]
[15:07:48] [info] kbd/audio block 0: kbd_irq=0 kbd_drain=0 ring_chunks=16 pump_pass=3433 pic1_mask=0xb8 first_irq_ticks=0 install_ticks=0 vector_at_install=0x0083e398 pic1_mask_live=0x38 kbd_8042_stat=0x34 bios_kbd_head=0x0030 bios_kbd_tail=0x0030 bios_kbd_buf0=0x1071
[15:07:48] [info] dirty-rect block @flip=2100: total_calls=0 dirty_rects_avg=1 dirty_pct_x10=1000 forced_full=0 first_n_force=0 threshold_exceeded=0 dirty_path_taken=0 full_flush_taken=0
[15:07:48] [info] prev-frame-diff block @flip=2100: diff_calls=0 diff_rects_avg=0 diff_dirty_pct_x10=0 bbox_pct_x10=0 bbox_thresh_exceeded=0
[15:07:49] [info] flip-probe: flip #2110 ok=true present=2ms inter_flip_ms=32 drawcalls-since-flip=17 drawcalls-total=125409 fail-total=0 null-skips-total=0
[15:07:49] [info] flip-probe: flip #2120 ok=true present=3ms inter_flip_ms=29 drawcalls-since-flip=17 drawcalls-total=125582 fail-total=0 null-skips-total=0
[15:07:49] [info] flip-probe: flip #2130 ok=true present=3ms inter_flip_ms=29 drawcalls-since-flip=16 drawcalls-total=125750 fail-total=0 null-skips-total=0
[15:07:50] [info] flip-probe: flip #2140 ok=true present=3ms inter_flip_ms=32 drawcalls-since-flip=16 drawcalls-total=125910 fail-total=0 null-skips-total=0
[15:07:50] [info] flip-probe: flip #2150 ok=true present=3ms inter_flip_ms=29 drawcalls-since-flip=15 drawcalls-total=126061 fail-total=0 null-skips-total=0
[15:07:50] [info] backdrop cache: thrashing-detect engaged (streak=424, route=direct)
[15:07:50] [info] flip-probe: flip #2160 ok=true present=2ms inter_flip_ms=30 drawcalls-since-flip=16 drawcalls-total=126218 fail-total=0 null-skips-total=0
[15:07:51] [info] flip-probe: flip #2170 ok=true present=3ms inter_flip_ms=30 drawcalls-since-flip=18 drawcalls-total=126390 fail-total=0 null-skips-total=0
[15:07:51] [info] flip-probe: flip #2180 ok=true present=3ms inter_flip_ms=30 drawcalls-since-flip=19 drawcalls-total=126577 fail-total=0 null-skips-total=0
[15:07:51] [info] flip-probe: flip #2190 ok=true present=2ms inter_flip_ms=30 drawcalls-since-flip=17 drawcalls-total=126770 fail-total=0 null-skips-total=0
[15:07:51] [info] flip-probe: flip #2200 ok=true present=3ms inter_flip_ms=30 drawcalls-since-flip=17 drawcalls-total=126941 fail-total=0 null-skips-total=0
[15:07:52] [info] alpha audit block 0: 1593 total drawcalls, 0 with alpha<255 (block pct_x10=0; global 0/116973 pct_x10=0); alpha-mod skipped: block=0 global=0
[15:07:52] [info] fastpath audit block 0: taken=1593 (idx8=1593) skipped=0 pct_x10=1000; global taken=116973 (idx8=116973) skipped=0 pct_x10=1000
[15:07:52] [info] primitive tally block 0: clear=200(hr=200) fill=0(hr=0) rect=0(hr=0) line=0(hr=0) tint=0 spotlight=0 (over 100 flips ending at flip 2200)
[15:07:52] [info] phase timing block 0: drawcalls=1793 dc_total_ms=479 flip_inner_total_ms=492 inter_flip_total_ms=3224 (per-flip avg x10: dc_ms=47 fi_ms=49 if_ms=322 derived audio+engine_ms=226; per-drawcall avg us_x10=2675) [direct-vesa: presents=100 total_ms=270 avg_ms_x10=27 failed=0] [ablation: NO_DC_TIMING=0 CACHE_WINSURF=0 DIRECT_VESA=1]
[15:07:52] [info] kbd/audio block 0: kbd_irq=0 kbd_drain=0 ring_chunks=16 pump_pass=3594 pic1_mask=0xb8 first_irq_ticks=0 install_ticks=0 vector_at_install=0x0083e398 pic1_mask_live=0x38 kbd_8042_stat=0x34 bios_kbd_head=0x0030 bios_kbd_tail=0x0030 bios_kbd_buf0=0x1071
[15:07:52] [info] dirty-rect block @flip=2200: total_calls=0 dirty_rects_avg=1 dirty_pct_x10=1000 forced_full=0 first_n_force=0 threshold_exceeded=0 dirty_path_taken=0 full_flush_taken=0
[15:07:52] [info] prev-frame-diff block @flip=2200: diff_calls=0 diff_rects_avg=0 diff_dirty_pct_x10=0 bbox_pct_x10=0 bbox_thresh_exceeded=0
[15:07:52] [info] tas: stall frame 300 ms -> contributing 1 tick (patch 0286)
[15:07:52] [info] run_tick_fixed #3600: heartbeat (loop alive)
[15:07:52] [info] flip-probe: flip #2210 ok=true present=3ms inter_flip_ms=51 drawcalls-since-flip=359 drawcalls-total=129030 fail-total=0 null-skips-total=0
[15:07:52] [info]  >> Entering stage 19: 'Assembly Hall'.
[15:07:52] [info] [skip-sheet-flush] cave=8
[15:07:53] [info] [load-stage] preloading entry music song=9 (cave=8)
[15:07:53] [info] gameloop: entered (curmap=19, running=1)
[15:07:53] [info] gameloop: iter 1 ticks=99571 mapno=-1
[15:07:53] [info] mds-clear-lut: rebuilt N=240 entries (k_skip=100% k_keep=0%; curmap=19 map_size=21x16; rebuild #6 since boot)
[15:07:53] [info] gameloop: iter 2 ticks=99642 mapno=-1
[15:07:53] [info] gameloop: iter 3 ticks=99702 mapno=-1
[15:07:53] [info] flip-probe: flip #2220 ok=true present=3ms inter_flip_ms=53 drawcalls-since-flip=463 drawcalls-total=132788 fail-total=0 null-skips-total=0
[15:07:54] [info] flip-probe: flip #2230 ok=true present=3ms inter_flip_ms=32 drawcalls-since-flip=111 drawcalls-total=135338 fail-total=0 null-skips-total=0
[15:07:54] [info] flip-probe: flip #2240 ok=true present=3ms inter_flip_ms=32 drawcalls-since-flip=121 drawcalls-total=136538 fail-total=0 null-skips-total=0
[15:07:54] [info] flip-probe: flip #2250 ok=true present=3ms inter_flip_ms=32 drawcalls-since-flip=121 drawcalls-total=137748 fail-total=0 null-skips-total=0
[15:07:55] [info] flip-probe: flip #2260 ok=true present=2ms inter_flip_ms=32 drawcalls-since-flip=121 drawcalls-total=138958 fail-total=0 null-skips-total=0
[15:07:55] [info] flip-probe: flip #2270 ok=true present=3ms inter_flip_ms=33 drawcalls-since-flip=123 drawcalls-total=140180 fail-total=0 null-skips-total=0
[15:07:55] [info] flip-probe: flip #2280 ok=true present=2ms inter_flip_ms=31 drawcalls-since-flip=122 drawcalls-total=141414 fail-total=0 null-skips-total=0
[15:07:56] [info] flip-probe: flip #2290 ok=true present=3ms inter_flip_ms=34 drawcalls-since-flip=123 drawcalls-total=142628 fail-total=0 null-skips-total=0
[15:07:56] [info] flip-probe: flip #2300 ok=true present=2ms inter_flip_ms=32 drawcalls-since-flip=122 drawcalls-total=143853 fail-total=0 null-skips-total=0
[15:07:56] [info] alpha audit block 0: 15792 total drawcalls, 0 with alpha<255 (block pct_x10=0; global 0/132765 pct_x10=0); alpha-mod skipped: block=0 global=0
[15:07:56] [info] fastpath audit block 0: taken=15792 (idx8=15792) skipped=0 pct_x10=1000; global taken=132765 (idx8=132765) skipped=0 pct_x10=1000
[15:07:56] [info] primitive tally block 0: clear=201(hr=201) fill=0(hr=0) rect=0(hr=0) line=0(hr=0) tint=0 spotlight=0 (over 100 flips ending at flip 2300)
[15:07:56] [info] color/alpha audit block 0: cmod_white=1020 cmod_black=1020 (idx=1020) cmod_general=0 (idx=0) cmod_fb=0; alpha_taken=0 alpha_skipped=0 (global cmod=9846/8340/693/0 idx=8340/693 alpha=0/0)
[15:07:56] [info] phase timing block 0: drawcalls=18118 dc_total_ms=1238 flip_inner_total_ms=479 inter_flip_total_ms=4506 (per-flip avg x10: dc_ms=123 fi_ms=47 if_ms=450 derived audio+engine_ms=280; per-drawcall avg us_x10=683) [direct-vesa: presents=100 total_ms=268 avg_ms_x10=26 failed=0] [ablation: NO_DC_TIMING=0 CACHE_WINSURF=0 DIRECT_VESA=1]
[15:07:56] [info] kbd/audio block 0: kbd_irq=0 kbd_drain=0 ring_chunks=16 pump_pass=3776 pic1_mask=0xb8 first_irq_ticks=0 install_ticks=0 vector_at_install=0x0083e398 pic1_mask_live=0x38 kbd_8042_stat=0x34 bios_kbd_head=0x0030 bios_kbd_tail=0x0030 bios_kbd_buf0=0x1071
[15:07:56] [info] dirty-rect block @flip=2300: total_calls=0 dirty_rects_avg=1 dirty_pct_x10=1000 forced_full=0 first_n_force=0 threshold_exceeded=0 dirty_path_taken=0 full_flush_taken=0
[15:07:56] [info] prev-frame-diff block @flip=2300: diff_calls=0 diff_rects_avg=0 diff_dirty_pct_x10=0 bbox_pct_x10=0 bbox_thresh_exceeded=0
[15:07:56] [info] flip-probe: flip #2310 ok=true present=3ms inter_flip_ms=31 drawcalls-since-flip=121 drawcalls-total=145063 fail-total=0 null-skips-total=0
[15:07:57] [info] flip-probe: flip #2320 ok=true present=3ms inter_flip_ms=33 drawcalls-since-flip=121 drawcalls-total=146273 fail-total=0 null-skips-total=0
[15:07:57] [info] flip-probe: flip #2330 ok=true present=3ms inter_flip_ms=31 drawcalls-since-flip=121 drawcalls-total=147483 fail-total=0 null-skips-total=0
[15:07:57] [info] flip-probe: flip #2340 ok=true present=3ms inter_flip_ms=30 drawcalls-since-flip=97 drawcalls-total=148573 fail-total=0 null-skips-total=0
[15:07:58] [info] flip-probe: flip #2350 ok=true present=3ms inter_flip_ms=33 drawcalls-since-flip=126 drawcalls-total=149572 fail-total=0 null-skips-total=0
[15:07:58] [info] flip-probe: flip #2360 ok=true present=3ms inter_flip_ms=51 drawcalls-since-flip=438 drawcalls-total=153196 fail-total=0 null-skips-total=0
[15:07:58] [info]  >> Entering stage 11: 'Mimiga Village'.
[15:07:58] [info] [skip-sheet-flush] cave=9
[15:07:59] [info] [load-stage] preloading entry music song=9 (cave=9)
[15:07:59] [info] gameloop: entered (curmap=11, running=1)
[15:07:59] [info] gameloop: iter 1 ticks=105432 mapno=-1
[15:07:59] [info] mds-clear-lut: rebuilt N=240 entries (k_skip=0% k_keep=100%; curmap=11 map_size=60x60; rebuild #7 since boot)
[15:07:59] [info] gameloop: iter 2 ticks=105504 mapno=-1
[15:07:59] [info] gameloop: iter 3 ticks=105574 mapno=-1
[15:07:59] [info] run_tick_fixed #3900: heartbeat (loop alive)
[15:07:59] [info] flip-probe: flip #2370 ok=true present=3ms inter_flip_ms=59 drawcalls-since-flip=372 drawcalls-total=156536 fail-total=0 null-skips-total=0
[15:07:59] [info] backdrop cache: thrashing-detect engaged (streak=4, route=direct)
[15:08:00] [info] flip-probe: flip #2380 ok=true present=3ms inter_flip_ms=30 drawcalls-since-flip=42 drawcalls-total=157646 fail-total=0 null-skips-total=0
[15:08:00] [info] flip-probe: flip #2390 ok=true present=3ms inter_flip_ms=34 drawcalls-since-flip=45 drawcalls-total=158083 fail-total=0 null-skips-total=0
[15:08:00] [info] flip-probe: flip #2400 ok=true present=2ms inter_flip_ms=34 drawcalls-since-flip=44 drawcalls-total=158534 fail-total=0 null-skips-total=0
[15:08:00] [info] alpha audit block 0: 13693 total drawcalls, 0 with alpha<255 (block pct_x10=0; global 0/146458 pct_x10=0); alpha-mod skipped: block=0 global=0
[15:08:00] [info] fastpath audit block 0: taken=13693 (idx8=13693) skipped=0 pct_x10=1000; global taken=146458 (idx8=146458) skipped=0 pct_x10=1000
[15:08:00] [info] primitive tally block 0: clear=202(hr=202) fill=0(hr=0) rect=0(hr=0) line=0(hr=0) tint=0 spotlight=0 (over 100 flips ending at flip 2400)
[15:08:00] [info] color/alpha audit block 0: cmod_white=888 cmod_black=888 (idx=888) cmod_general=0 (idx=0) cmod_fb=0; alpha_taken=0 alpha_skipped=0 (global cmod=10734/9228/693/0 idx=9228/693 alpha=0/0)
[15:08:00] [info] phase timing block 0: drawcalls=15741 dc_total_ms=1156 flip_inner_total_ms=495 inter_flip_total_ms=4316 (per-flip avg x10: dc_ms=115 fi_ms=49 if_ms=431 derived audio+engine_ms=267; per-drawcall avg us_x10=734) [direct-vesa: presents=100 total_ms=267 avg_ms_x10=26 failed=0] [ablation: NO_DC_TIMING=0 CACHE_WINSURF=0 DIRECT_VESA=1]
[15:08:00] [info] kbd/audio block 0: kbd_irq=0 kbd_drain=0 ring_chunks=16 pump_pass=3963 pic1_mask=0xb8 first_irq_ticks=0 install_ticks=0 vector_at_install=0x0083e398 pic1_mask_live=0x38 kbd_8042_stat=0x34 bios_kbd_head=0x0030 bios_kbd_tail=0x0030 bios_kbd_buf0=0x1071
[15:08:00] [info] dirty-rect block @flip=2400: total_calls=0 dirty_rects_avg=1 dirty_pct_x10=1000 forced_full=0 first_n_force=0 threshold_exceeded=0 dirty_path_taken=0 full_flush_taken=0
[15:08:00] [info] prev-frame-diff block @flip=2400: diff_calls=0 diff_rects_avg=0 diff_dirty_pct_x10=0 bbox_pct_x10=0 bbox_thresh_exceeded=0
[15:08:01] [info] flip-probe: flip #2410 ok=true present=3ms inter_flip_ms=34 drawcalls-since-flip=42 drawcalls-total=158948 fail-total=0 null-skips-total=0
[15:08:01] [info] flip-probe: flip #2420 ok=true present=3ms inter_flip_ms=31 drawcalls-since-flip=42 drawcalls-total=159368 fail-total=0 null-skips-total=0
[15:08:01] [info] flip-probe: flip #2430 ok=true present=3ms inter_flip_ms=33 drawcalls-since-flip=44 drawcalls-total=159799 fail-total=0 null-skips-total=0
[15:08:01] [info] backdrop cache: thrashing-detect engaged (streak=64, route=direct)
[15:08:02] [info] flip-probe: flip #2440 ok=true present=3ms inter_flip_ms=33 drawcalls-since-flip=42 drawcalls-total=160230 fail-total=0 null-skips-total=0
[15:08:02] [info] flip-probe: flip #2450 ok=true present=3ms inter_flip_ms=34 drawcalls-since-flip=42 drawcalls-total=160650 fail-total=0 null-skips-total=0
[15:08:02] [info] flip-probe: flip #2460 ok=true present=3ms inter_flip_ms=34 drawcalls-since-flip=45 drawcalls-total=161091 fail-total=0 null-skips-total=0
[15:08:03] [info] flip-probe: flip #2470 ok=true present=3ms inter_flip_ms=31 drawcalls-since-flip=44 drawcalls-total=161533 fail-total=0 null-skips-total=0
[15:08:03] [info] flip-probe: flip #2480 ok=true present=3ms inter_flip_ms=32 drawcalls-since-flip=43 drawcalls-total=161971 fail-total=0 null-skips-total=0
[15:08:03] [info] flip-probe: flip #2490 ok=true present=3ms inter_flip_ms=31 drawcalls-since-flip=17 drawcalls-total=162245 fail-total=0 null-skips-total=0
[15:08:03] [info] backdrop cache: thrashing-detect engaged (streak=124, route=direct)
[15:08:04] [info] flip-probe: flip #2500 ok=true present=2ms inter_flip_ms=30 drawcalls-since-flip=17 drawcalls-total=162415 fail-total=0 null-skips-total=0
[15:08:04] [info] alpha audit block 0: 2689 total drawcalls, 0 with alpha<255 (block pct_x10=0; global 0/149147 pct_x10=0); alpha-mod skipped: block=0 global=0
[15:08:04] [info] fastpath audit block 0: taken=2689 (idx8=2689) skipped=0 pct_x10=1000; global taken=149147 (idx8=149147) skipped=0 pct_x10=1000
[15:08:04] [info] primitive tally block 0: clear=200(hr=200) fill=0(hr=0) rect=0(hr=0) line=0(hr=0) tint=0 spotlight=0 (over 100 flips ending at flip 2500)
[15:08:04] [info] color/alpha audit block 0: cmod_white=1092 cmod_black=1092 (idx=1092) cmod_general=0 (idx=0) cmod_fb=0; alpha_taken=0 alpha_skipped=0 (global cmod=11826/10320/693/0 idx=10320/693 alpha=0/0)
[15:08:04] [info] phase timing block 0: drawcalls=5073 dc_total_ms=581 flip_inner_total_ms=498 inter_flip_total_ms=3379 (per-flip avg x10: dc_ms=58 fi_ms=49 if_ms=337 derived audio+engine_ms=230; per-drawcall avg us_x10=1145) [direct-vesa: presents=100 total_ms=266 avg_ms_x10=26 failed=0] [ablation: NO_DC_TIMING=0 CACHE_WINSURF=0 DIRECT_VESA=1]
[15:08:04] [info] kbd/audio block 0: kbd_irq=0 kbd_drain=0 ring_chunks=16 pump_pass=4132 pic1_mask=0xb8 first_irq_ticks=0 install_ticks=0 vector_at_install=0x0083e398 pic1_mask_live=0x38 kbd_8042_stat=0x34 bios_kbd_head=0x0030 bios_kbd_tail=0x0030 bios_kbd_buf0=0x1071
[15:08:04] [info] dirty-rect block @flip=2500: total_calls=0 dirty_rects_avg=1 dirty_pct_x10=1000 forced_full=0 first_n_force=0 threshold_exceeded=0 dirty_path_taken=0 full_flush_taken=0
[15:08:04] [info] prev-frame-diff block @flip=2500: diff_calls=0 diff_rects_avg=0 diff_dirty_pct_x10=0 bbox_pct_x10=0 bbox_thresh_exceeded=0
[15:08:04] [info] flip-probe: flip #2510 ok=true present=2ms inter_flip_ms=32 drawcalls-since-flip=16 drawcalls-total=162576 fail-total=0 null-skips-total=0
[15:08:04] [info] flip-probe: flip #2520 ok=true present=3ms inter_flip_ms=27 drawcalls-since-flip=16 drawcalls-total=162736 fail-total=0 null-skips-total=0
[15:08:05] [info] flip-probe: flip #2530 ok=true present=3ms inter_flip_ms=29 drawcalls-since-flip=16 drawcalls-total=162896 fail-total=0 null-skips-total=0
[15:08:05] [info] flip-probe: flip #2540 ok=true present=3ms inter_flip_ms=32 drawcalls-since-flip=17 drawcalls-total=163061 fail-total=0 null-skips-total=0
[15:08:05] [info] run_tick_fixed #4200: heartbeat (loop alive)
[15:08:05] [info] flip-probe: flip #2550 ok=true present=3ms inter_flip_ms=30 drawcalls-since-flip=17 drawcalls-total=163231 fail-total=0 null-skips-total=0
[15:08:05] [info] backdrop cache: thrashing-detect engaged (streak=184, route=direct)
[15:08:06] [info] flip-probe: flip #2560 ok=true present=2ms inter_flip_ms=33 drawcalls-since-flip=19 drawcalls-total=163405 fail-total=0 null-skips-total=0
[15:08:06] [info] flip-probe: flip #2570 ok=true present=2ms inter_flip_ms=31 drawcalls-since-flip=18 drawcalls-total=163588 fail-total=0 null-skips-total=0
[15:08:06] [info] flip-probe: flip #2580 ok=true present=2ms inter_flip_ms=32 drawcalls-since-flip=15 drawcalls-total=163752 fail-total=0 null-skips-total=0
[15:08:07] [info] flip-probe: flip #2590 ok=true present=3ms inter_flip_ms=30 drawcalls-since-flip=14 drawcalls-total=163894 fail-total=0 null-skips-total=0
[15:08:07] [info] flip-probe: flip #2600 ok=true present=3ms inter_flip_ms=32 drawcalls-since-flip=14 drawcalls-total=164034 fail-total=0 null-skips-total=0
[15:08:07] [info] alpha audit block 0: 1519 total drawcalls, 0 with alpha<255 (block pct_x10=0; global 0/150666 pct_x10=0); alpha-mod skipped: block=0 global=0
[15:08:07] [info] fastpath audit block 0: taken=1519 (idx8=1519) skipped=0 pct_x10=1000; global taken=150666 (idx8=150666) skipped=0 pct_x10=1000
[15:08:07] [info] primitive tally block 0: clear=200(hr=200) fill=0(hr=0) rect=0(hr=0) line=0(hr=0) tint=0 spotlight=0 (over 100 flips ending at flip 2600)
[15:08:07] [info] phase timing block 0: drawcalls=1719 dc_total_ms=473 flip_inner_total_ms=478 inter_flip_total_ms=3197 (per-flip avg x10: dc_ms=47 fi_ms=47 if_ms=319 derived audio+engine_ms=225; per-drawcall avg us_x10=2753) [direct-vesa: presents=100 total_ms=266 avg_ms_x10=26 failed=0] [ablation: NO_DC_TIMING=0 CACHE_WINSURF=0 DIRECT_VESA=1]
[15:08:07] [info] kbd/audio block 0: kbd_irq=0 kbd_drain=0 ring_chunks=16 pump_pass=4292 pic1_mask=0xb8 first_irq_ticks=0 install_ticks=0 vector_at_install=0x0083e398 pic1_mask_live=0x38 kbd_8042_stat=0x34 bios_kbd_head=0x0030 bios_kbd_tail=0x0030 bios_kbd_buf0=0x1071
[15:08:07] [info] dirty-rect block @flip=2600: total_calls=0 dirty_rects_avg=1 dirty_pct_x10=1000 forced_full=0 first_n_force=0 threshold_exceeded=0 dirty_path_taken=0 full_flush_taken=0
[15:08:07] [info] prev-frame-diff block @flip=2600: diff_calls=0 diff_rects_avg=0 diff_dirty_pct_x10=0 bbox_pct_x10=0 bbox_thresh_exceeded=0
[15:08:07] [info] flip-probe: flip #2610 ok=true present=3ms inter_flip_ms=55 drawcalls-since-flip=356 drawcalls-total=166702 fail-total=0 null-skips-total=0
[15:08:07] [info] backdrop cache: thrashing-detect engaged (streak=244, route=direct)
[15:08:08] [info] tas: stall frame 274 ms -> contributing 1 tick (patch 0286)
[15:08:08] [info]  >> Entering stage 14: 'Shack'.
[15:08:08] [info] [skip-sheet-flush] cave=10
[15:08:08] [info] [load-stage] preloading entry music song=8 (cave=10)
[15:08:08] [info] [music-dispatch] tick=4327 song=8 (prev 9)
[15:08:08] [info] opl3 backend: on_song_stop
[15:08:08] [info] MidiScheduler::load: parsed 'data/orgmid2/vivi.mid' = 4558 events at 48 PPQ
[15:08:08] [info] opl3 backend: on_song_start
[15:08:08] [info] gameloop: entered (curmap=14, running=1)
[15:08:08] [info] gameloop: iter 1 ticks=114993 mapno=-1
[15:08:09] [info] gameloop: iter 2 ticks=115045 mapno=-1
[15:08:09] [info] gameloop: iter 3 ticks=115098 mapno=-1
[15:08:09] [info] flip-probe: flip #2620 ok=true present=3ms inter_flip_ms=47 drawcalls-since-flip=365 drawcalls-total=169964 fail-total=0 null-skips-total=0
[15:08:09] [info] flip-probe: flip #2630 ok=true present=3ms inter_flip_ms=25 drawcalls-since-flip=25 drawcalls-total=171866 fail-total=0 null-skips-total=0
[15:08:09] [info] flip-probe: flip #2640 ok=true present=3ms inter_flip_ms=23 drawcalls-since-flip=23 drawcalls-total=172060 fail-total=0 null-skips-total=0
[15:08:10] [info] flip-probe: flip #2650 ok=true present=3ms inter_flip_ms=25 drawcalls-since-flip=23 drawcalls-total=172290 fail-total=0 null-skips-total=0
[15:08:10] [info] flip-probe: flip #2660 ok=true present=3ms inter_flip_ms=24 drawcalls-since-flip=23 drawcalls-total=172520 fail-total=0 null-skips-total=0
[15:08:10] [info] flip-probe: flip #2670 ok=true present=3ms inter_flip_ms=23 drawcalls-since-flip=23 drawcalls-total=172750 fail-total=0 null-skips-total=0
[15:08:10] [info] flip-probe: flip #2680 ok=true present=3ms inter_flip_ms=24 drawcalls-since-flip=25 drawcalls-total=172992 fail-total=0 null-skips-total=0
[15:08:11] [info] flip-probe: flip #2690 ok=true present=3ms inter_flip_ms=24 drawcalls-since-flip=27 drawcalls-total=173254 fail-total=0 null-skips-total=0
[15:08:11] [info] flip-probe: flip #2700 ok=true present=3ms inter_flip_ms=24 drawcalls-since-flip=24 drawcalls-total=173509 fail-total=0 null-skips-total=0
[15:08:11] [info] alpha audit block 0: 9031 total drawcalls, 0 with alpha<255 (block pct_x10=0; global 0/159697 pct_x10=0); alpha-mod skipped: block=0 global=0
[15:08:11] [info] fastpath audit block 0: taken=9031 (idx8=9031) skipped=0 pct_x10=1000; global taken=159697 (idx8=159697) skipped=0 pct_x10=1000
[15:08:11] [info] primitive tally block 0: clear=201(hr=201) fill=0(hr=0) rect=0(hr=0) line=0(hr=0) tint=0 spotlight=0 (over 100 flips ending at flip 2700)
[15:08:11] [info] color/alpha audit block 0: cmod_white=430 cmod_black=430 (idx=430) cmod_general=0 (idx=0) cmod_fb=0; alpha_taken=0 alpha_skipped=0 (global cmod=12256/10750/693/0 idx=10750/693 alpha=0/0)
[15:08:11] [info] phase timing block 0: drawcalls=10092 dc_total_ms=812 flip_inner_total_ms=496 inter_flip_total_ms=3880 (per-flip avg x10: dc_ms=81 fi_ms=49 if_ms=388 derived audio+engine_ms=258; per-drawcall avg us_x10=804) [direct-vesa: presents=100 total_ms=271 avg_ms_x10=27 failed=0] [ablation: NO_DC_TIMING=0 CACHE_WINSURF=0 DIRECT_VESA=1]
[15:08:11] [info] kbd/audio block 0: kbd_irq=0 kbd_drain=0 ring_chunks=16 pump_pass=4443 pic1_mask=0xb8 first_irq_ticks=0 install_ticks=0 vector_at_install=0x0083e398 pic1_mask_live=0x38 kbd_8042_stat=0x34 bios_kbd_head=0x0030 bios_kbd_tail=0x0030 bios_kbd_buf0=0x1071
[15:08:11] [info] dirty-rect block @flip=2700: total_calls=0 dirty_rects_avg=1 dirty_pct_x10=1000 forced_full=0 first_n_force=0 threshold_exceeded=0 dirty_path_taken=0 full_flush_taken=0
[15:08:11] [info] prev-frame-diff block @flip=2700: diff_calls=0 diff_rects_avg=0 diff_dirty_pct_x10=0 bbox_pct_x10=0 bbox_thresh_exceeded=0
[15:08:11] [info] flip-probe: flip #2710 ok=true present=2ms inter_flip_ms=24 drawcalls-since-flip=23 drawcalls-total=173740 fail-total=0 null-skips-total=0
[15:08:11] [info] flip-probe: flip #2720 ok=true present=3ms inter_flip_ms=24 drawcalls-since-flip=23 drawcalls-total=173970 fail-total=0 null-skips-total=0
[15:08:12] [info] flip-probe: flip #2730 ok=true present=2ms inter_flip_ms=24 drawcalls-since-flip=23 drawcalls-total=174200 fail-total=0 null-skips-total=0
[15:08:12] [info] flip-probe: flip #2740 ok=true present=3ms inter_flip_ms=22 drawcalls-since-flip=13 drawcalls-total=174370 fail-total=0 null-skips-total=0
[15:08:12] [info] run_tick_fixed #4500: heartbeat (loop alive)
[15:08:12] [info] flip-probe: flip #2750 ok=true present=3ms inter_flip_ms=23 drawcalls-since-flip=13 drawcalls-total=174500 fail-total=0 null-skips-total=0
[15:08:12] [info] flip-probe: flip #2760 ok=true present=3ms inter_flip_ms=23 drawcalls-since-flip=13 drawcalls-total=174630 fail-total=0 null-skips-total=0
[15:08:13] [info] flip-probe: flip #2770 ok=true present=3ms inter_flip_ms=22 drawcalls-since-flip=13 drawcalls-total=174760 fail-total=0 null-skips-total=0
[15:08:13] [info] flip-probe: flip #2780 ok=true present=2ms inter_flip_ms=23 drawcalls-since-flip=13 drawcalls-total=174890 fail-total=0 null-skips-total=0
[15:08:13] [info] flip-probe: flip #2790 ok=true present=3ms inter_flip_ms=24 drawcalls-since-flip=13 drawcalls-total=175020 fail-total=0 null-skips-total=0
[15:08:13] [info] flip-probe: flip #2800 ok=true present=2ms inter_flip_ms=23 drawcalls-since-flip=13 drawcalls-total=175150 fail-total=0 null-skips-total=0
[15:08:13] [info] alpha audit block 0: 1471 total drawcalls, 0 with alpha<255 (block pct_x10=0; global 0/161168 pct_x10=0); alpha-mod skipped: block=0 global=0
[15:08:13] [info] fastpath audit block 0: taken=1471 (idx8=1471) skipped=0 pct_x10=1000; global taken=161168 (idx8=161168) skipped=0 pct_x10=1000
[15:08:13] [info] primitive tally block 0: clear=200(hr=200) fill=0(hr=0) rect=0(hr=0) line=0(hr=0) tint=0 spotlight=0 (over 100 flips ending at flip 2800)
[15:08:13] [info] color/alpha audit block 0: cmod_white=170 cmod_black=170 (idx=170) cmod_general=0 (idx=0) cmod_fb=0; alpha_taken=0 alpha_skipped=0 (global cmod=12426/10920/693/0 idx=10920/693 alpha=0/0)
[15:08:13] [info] phase timing block 0: drawcalls=2011 dc_total_ms=460 flip_inner_total_ms=493 inter_flip_total_ms=2462 (per-flip avg x10: dc_ms=46 fi_ms=49 if_ms=246 derived audio+engine_ms=151; per-drawcall avg us_x10=2288) [direct-vesa: presents=100 total_ms=269 avg_ms_x10=26 failed=0] [ablation: NO_DC_TIMING=0 CACHE_WINSURF=0 DIRECT_VESA=1]
[15:08:13] [info] kbd/audio block 0: kbd_irq=0 kbd_drain=0 ring_chunks=16 pump_pass=4566 pic1_mask=0xb8 first_irq_ticks=0 install_ticks=0 vector_at_install=0x0083e398 pic1_mask_live=0x38 kbd_8042_stat=0x34 bios_kbd_head=0x0030 bios_kbd_tail=0x0030 bios_kbd_buf0=0x1071
[15:08:13] [info] dirty-rect block @flip=2800: total_calls=0 dirty_rects_avg=1 dirty_pct_x10=1000 forced_full=0 first_n_force=0 threshold_exceeded=0 dirty_path_taken=0 full_flush_taken=0
[15:08:13] [info] prev-frame-diff block @flip=2800: diff_calls=0 diff_rects_avg=0 diff_dirty_pct_x10=0 bbox_pct_x10=0 bbox_thresh_exceeded=0
[15:08:14] [info] flip-probe: flip #2810 ok=true present=3ms inter_flip_ms=28 drawcalls-since-flip=115 drawcalls-total=175536 fail-total=0 null-skips-total=0
[15:08:14] [info] flip-probe: flip #2820 ok=true present=3ms inter_flip_ms=47 drawcalls-since-flip=355 drawcalls-total=178710 fail-total=0 null-skips-total=0
[15:08:14] [info]  >> Entering stage 11: 'Mimiga Village'.
[15:08:14] [info] [skip-sheet-flush] cave=11
[15:08:14] [info] [load-stage] preloading entry music song=9 (cave=11)
[15:08:14] [info] [music-dispatch] tick=4609 song=9 (prev 8)
[15:08:14] [info] opl3 backend: on_song_stop
[15:08:14] [info] MidiScheduler::load: parsed 'data/orgmid2/mura.mid' = 2863 events at 48 PPQ
[15:08:14] [info] opl3 backend: on_song_start
[15:08:15] [info] gameloop: entered (curmap=11, running=1)
[15:08:15] [info] gameloop: iter 1 ticks=121144 mapno=-1
[15:08:15] [info] gameloop: iter 2 ticks=121212 mapno=-1
[15:08:15] [info] gameloop: iter 3 ticks=121286 mapno=-1
[15:08:15] [info] backdrop cache: thrashing-detect engaged (streak=4, route=direct)
[15:08:15] [info] flip-probe: flip #2830 ok=true present=3ms inter_flip_ms=57 drawcalls-since-flip=322 drawcalls-total=182025 fail-total=0 null-skips-total=0
[15:08:15] [info] flip-probe: flip #2840 ok=true present=3ms inter_flip_ms=30 drawcalls-since-flip=40 drawcalls-total=182849 fail-total=0 null-skips-total=0
[15:08:16] [info] flip-probe: flip #2850 ok=true present=2ms inter_flip_ms=34 drawcalls-since-flip=41 drawcalls-total=183252 fail-total=0 null-skips-total=0
[15:08:16] [info] flip-probe: flip #2860 ok=true present=3ms inter_flip_ms=31 drawcalls-since-flip=43 drawcalls-total=183671 fail-total=0 null-skips-total=0
[15:08:16] [info] flip-probe: flip #2870 ok=true present=3ms inter_flip_ms=31 drawcalls-since-flip=43 drawcalls-total=184101 fail-total=0 null-skips-total=0
[15:08:17] [info] flip-probe: flip #2880 ok=true present=3ms inter_flip_ms=31 drawcalls-since-flip=45 drawcalls-total=184541 fail-total=0 null-skips-total=0
[15:08:17] [info] backdrop cache: thrashing-detect engaged (streak=64, route=direct)
[15:08:17] [info] flip-probe: flip #2890 ok=true present=2ms inter_flip_ms=41 drawcalls-since-flip=46 drawcalls-total=185004 fail-total=0 null-skips-total=0
[15:08:17] [info] flip-probe: flip #2900 ok=true present=2ms inter_flip_ms=32 drawcalls-since-flip=42 drawcalls-total=185439 fail-total=0 null-skips-total=0
[15:08:17] [info] alpha audit block 0: 9211 total drawcalls, 0 with alpha<255 (block pct_x10=0; global 0/170379 pct_x10=0); alpha-mod skipped: block=0 global=0
[15:08:17] [info] fastpath audit block 0: taken=9211 (idx8=9211) skipped=0 pct_x10=1000; global taken=170379 (idx8=170379) skipped=0 pct_x10=1000
[15:08:17] [info] primitive tally block 0: clear=201(hr=201) fill=0(hr=0) rect=0(hr=0) line=0(hr=0) tint=0 spotlight=0 (over 100 flips ending at flip 2900)
[15:08:17] [info] color/alpha audit block 0: cmod_white=1001 cmod_black=1001 (idx=1001) cmod_general=0 (idx=0) cmod_fb=0; alpha_taken=0 alpha_skipped=0 (global cmod=13427/11921/693/0 idx=11921/693 alpha=0/0)
[15:08:17] [info] phase timing block 0: drawcalls=11420 dc_total_ms=888 flip_inner_total_ms=493 inter_flip_total_ms=4122 (per-flip avg x10: dc_ms=88 fi_ms=49 if_ms=412 derived audio+engine_ms=275; per-drawcall avg us_x10=777) [direct-vesa: presents=100 total_ms=266 avg_ms_x10=26 failed=0] [ablation: NO_DC_TIMING=0 CACHE_WINSURF=0 DIRECT_VESA=1]
[15:08:17] [info] kbd/audio block 0: kbd_irq=0 kbd_drain=0 ring_chunks=16 pump_pass=4747 pic1_mask=0xb8 first_irq_ticks=0 install_ticks=0 vector_at_install=0x0083e398 pic1_mask_live=0x38 kbd_8042_stat=0x34 bios_kbd_head=0x0030 bios_kbd_tail=0x0030 bios_kbd_buf0=0x1071
[15:08:17] [info] dirty-rect block @flip=2900: total_calls=0 dirty_rects_avg=1 dirty_pct_x10=1000 forced_full=0 first_n_force=0 threshold_exceeded=0 dirty_path_taken=0 full_flush_taken=0
[15:08:17] [info] prev-frame-diff block @flip=2900: diff_calls=0 diff_rects_avg=0 diff_dirty_pct_x10=0 bbox_pct_x10=0 bbox_thresh_exceeded=0
[15:08:18] [info] flip-probe: flip #2910 ok=true present=3ms inter_flip_ms=31 drawcalls-since-flip=42 drawcalls-total=185859 fail-total=0 null-skips-total=0
[15:08:18] [info] flip-probe: flip #2920 ok=true present=3ms inter_flip_ms=30 drawcalls-since-flip=45 drawcalls-total=186285 fail-total=0 null-skips-total=0
[15:08:18] [info] flip-probe: flip #2930 ok=true present=3ms inter_flip_ms=34 drawcalls-since-flip=45 drawcalls-total=186738 fail-total=0 null-skips-total=0
[15:08:19] [info] flip-probe: flip #2940 ok=true present=2ms inter_flip_ms=35 drawcalls-since-flip=44 drawcalls-total=187178 fail-total=0 null-skips-total=0
[15:08:19] [info] backdrop cache: thrashing-detect engaged (streak=124, route=direct)
[15:08:19] [info] flip-probe: flip #2950 ok=true present=2ms inter_flip_ms=38 drawcalls-since-flip=18 drawcalls-total=187436 fail-total=0 null-skips-total=0
[15:08:19] [info] flip-probe: flip #2960 ok=true present=3ms inter_flip_ms=30 drawcalls-since-flip=18 drawcalls-total=187616 fail-total=0 null-skips-total=0
[15:08:20] [info] flip-probe: flip #2970 ok=true present=3ms inter_flip_ms=33 drawcalls-since-flip=20 drawcalls-total=187807 fail-total=0 null-skips-total=0
[15:08:20] [info] flip-probe: flip #2980 ok=true present=3ms inter_flip_ms=31 drawcalls-since-flip=19 drawcalls-total=188002 fail-total=0 null-skips-total=0
[15:08:20] [info] flip-probe: flip #2990 ok=true present=3ms inter_flip_ms=31 drawcalls-since-flip=17 drawcalls-total=188181 fail-total=0 null-skips-total=0
[15:08:21] [info] flip-probe: flip #3000 ok=true present=3ms inter_flip_ms=41 drawcalls-since-flip=17 drawcalls-total=188351 fail-total=0 null-skips-total=0
[15:08:21] [info] alpha audit block 0: 2253 total drawcalls, 0 with alpha<255 (block pct_x10=0; global 0/172632 pct_x10=0); alpha-mod skipped: block=0 global=0
[15:08:21] [info] fastpath audit block 0: taken=2253 (idx8=2253) skipped=0 pct_x10=1000; global taken=172632 (idx8=172632) skipped=0 pct_x10=1000
[15:08:21] [info] primitive tally block 0: clear=200(hr=200) fill=0(hr=0) rect=0(hr=0) line=0(hr=0) tint=0 spotlight=0 (over 100 flips ending at flip 3000)
[15:08:21] [info] color/alpha audit block 0: cmod_white=559 cmod_black=559 (idx=559) cmod_general=0 (idx=0) cmod_fb=0; alpha_taken=0 alpha_skipped=0 (global cmod=13986/12480/693/0 idx=12480/693 alpha=0/0)
[15:08:21] [info] phase timing block 0: drawcalls=3571 dc_total_ms=536 flip_inner_total_ms=504 inter_flip_total_ms=3326 (per-flip avg x10: dc_ms=53 fi_ms=50 if_ms=332 derived audio+engine_ms=229; per-drawcall avg us_x10=1501) [direct-vesa: presents=100 total_ms=268 avg_ms_x10=26 failed=0] [ablation: NO_DC_TIMING=0 CACHE_WINSURF=0 DIRECT_VESA=1]
[15:08:21] [info] kbd/audio block 0: kbd_irq=0 kbd_drain=0 ring_chunks=16 pump_pass=4913 pic1_mask=0xb8 first_irq_ticks=0 install_ticks=0 vector_at_install=0x0083e398 pic1_mask_live=0x38 kbd_8042_stat=0x34 bios_kbd_head=0x0030 bios_kbd_tail=0x0030 bios_kbd_buf0=0x1071
[15:08:21] [info] dirty-rect block @flip=3000: total_calls=0 dirty_rects_avg=1 dirty_pct_x10=1000 forced_full=0 first_n_force=0 threshold_exceeded=0 dirty_path_taken=0 full_flush_taken=0
[15:08:21] [info] prev-frame-diff block @flip=3000: diff_calls=0 diff_rects_avg=0 diff_dirty_pct_x10=0 bbox_pct_x10=0 bbox_thresh_exceeded=0
[15:08:21] [info] backdrop cache: thrashing-detect engaged (streak=184, route=direct)
[15:08:21] [info] flip-probe: flip #3010 ok=true present=3ms inter_flip_ms=40 drawcalls-since-flip=18 drawcalls-total=188524 fail-total=0 null-skips-total=0
[15:08:21] [info] flip-probe: flip #3020 ok=true present=3ms inter_flip_ms=29 drawcalls-since-flip=19 drawcalls-total=188705 fail-total=0 null-skips-total=0
[15:08:22] [info] backdrop cache: thrashing-detect engaged (streak=4, route=direct)
[15:08:22] [info] flip-probe: flip #3030 ok=true present=2ms inter_flip_ms=29 drawcalls-since-flip=20 drawcalls-total=188897 fail-total=0 null-skips-total=0
[15:08:22] [info] flip-probe: flip #3040 ok=true present=2ms inter_flip_ms=30 drawcalls-since-flip=19 drawcalls-total=189096 fail-total=0 null-skips-total=0
[15:08:22] [info] flip-probe: flip #3050 ok=true present=3ms inter_flip_ms=30 drawcalls-since-flip=18 drawcalls-total=189285 fail-total=0 null-skips-total=0
[15:08:23] [info] flip-probe: flip #3060 ok=true present=2ms inter_flip_ms=31 drawcalls-since-flip=18 drawcalls-total=189465 fail-total=0 null-skips-total=0
[15:08:23] [info] flip-probe: flip #3070 ok=true present=2ms inter_flip_ms=30 drawcalls-since-flip=18 drawcalls-total=189645 fail-total=0 null-skips-total=0
[15:08:23] [info] flip-probe: flip #3080 ok=true present=3ms inter_flip_ms=28 drawcalls-since-flip=18 drawcalls-total=189825 fail-total=0 null-skips-total=0
[15:08:24] [info] backdrop cache: thrashing-detect engaged (streak=64, route=direct)
[15:08:24] [info] flip-probe: flip #3090 ok=true present=3ms inter_flip_ms=32 drawcalls-since-flip=18 drawcalls-total=190005 fail-total=0 null-skips-total=0
[15:08:24] [info] flip-probe: flip #3100 ok=true present=2ms inter_flip_ms=32 drawcalls-since-flip=18 drawcalls-total=190185 fail-total=0 null-skips-total=0
[15:08:24] [info] alpha audit block 0: 1734 total drawcalls, 0 with alpha<255 (block pct_x10=0; global 0/174366 pct_x10=0); alpha-mod skipped: block=0 global=0
[15:08:24] [info] fastpath audit block 0: taken=1734 (idx8=1734) skipped=0 pct_x10=1000; global taken=174366 (idx8=174366) skipped=0 pct_x10=1000
[15:08:24] [info] primitive tally block 0: clear=200(hr=200) fill=0(hr=0) rect=0(hr=0) line=0(hr=0) tint=0 spotlight=0 (over 100 flips ending at flip 3100)
[15:08:24] [info] phase timing block 0: drawcalls=1942 dc_total_ms=519 flip_inner_total_ms=477 inter_flip_total_ms=3277 (per-flip avg x10: dc_ms=51 fi_ms=47 if_ms=327 derived audio+engine_ms=229; per-drawcall avg us_x10=2676) [direct-vesa: presents=100 total_ms=267 avg_ms_x10=26 failed=0] [ablation: NO_DC_TIMING=0 CACHE_WINSURF=0 DIRECT_VESA=1]
[15:08:24] [info] kbd/audio block 0: kbd_irq=0 kbd_drain=0 ring_chunks=16 pump_pass=5077 pic1_mask=0xb8 first_irq_ticks=0 install_ticks=0 vector_at_install=0x0083e398 pic1_mask_live=0x38 kbd_8042_stat=0x34 bios_kbd_head=0x0030 bios_kbd_tail=0x0030 bios_kbd_buf0=0x1071
[15:08:24] [info] dirty-rect block @flip=3100: total_calls=0 dirty_rects_avg=1 dirty_pct_x10=1000 forced_full=0 first_n_force=0 threshold_exceeded=0 dirty_path_taken=0 full_flush_taken=0
[15:08:24] [info] prev-frame-diff block @flip=3100: diff_calls=0 diff_rects_avg=0 diff_dirty_pct_x10=0 bbox_pct_x10=0 bbox_thresh_exceeded=0
[15:08:24] [info] flip-probe: flip #3110 ok=true present=3ms inter_flip_ms=32 drawcalls-since-flip=18 drawcalls-total=190365 fail-total=0 null-skips-total=0
[15:08:24] [info] run_tick_fixed #5100: heartbeat (loop alive)
[15:08:25] [info] flip-probe: flip #3120 ok=true present=3ms inter_flip_ms=32 drawcalls-since-flip=59 drawcalls-total=190668 fail-total=0 null-skips-total=0
[15:08:25] [info] flip-probe: flip #3130 ok=true present=3ms inter_flip_ms=33 drawcalls-since-flip=59 drawcalls-total=191258 fail-total=0 null-skips-total=0
[15:08:25] [info] flip-probe: flip #3140 ok=true present=2ms inter_flip_ms=33 drawcalls-since-flip=59 drawcalls-total=191848 fail-total=0 null-skips-total=0
[15:08:26] [info] backdrop cache: thrashing-detect engaged (streak=124, route=direct)
[15:08:26] [info] flip-probe: flip #3150 ok=true present=3ms inter_flip_ms=32 drawcalls-since-flip=59 drawcalls-total=192438 fail-total=0 null-skips-total=0
[15:08:26] [info] tas: end-of-replay auto-exit at tick 5140 (recording exhausted; set DOSKUTSU_TAS_REPLAY_HOLD=1 to disable + observe steady-state past recording end)
[15:08:26] [info] Script engine shutdown.
[15:08:26] [info] opl3 backend: on_song_stop
[15:08:26] [info] opl3 backend: cleared reg 0xBD chip-wide latch (wub-wub mitigation per flush-instr WAVE-46 H6)
[15:08:26] [info] opl3 backend shutdown (all 18 voices KEY-OFF unconditionally; OPL2 mode restored; chip state safe for next process)
[15:08:26] [info] Sound system shutdown
[15:08:26] [info] Renderer::Close()
[15:08:26] [info] tas: replay file closed
[15:08:27] [info] [fps-true] flips=3151 render_s=130 fps_mean=24.2 (clock-independent: flips / seconds since the FIRST flip; use THIS for the fps matrix, not inter_flip medians, which are invalid in any cell running the PIT/IRQ-0 music pump)
[RUNMANIFEST-BEGIN]
schema_version=2
environment=realhw
binary_sha12=UNKNOWN
binary_sha12_src=unknown
build_sha12=1f79ce20e4ee
organya_cache_key=1f79ce20e4ee
wave_tag=AR4
scene=
env_block_sha=6a59655074d8
started_rtc_local=2026-08-13T15:06:03
duration_s=144
exit_code=0
fps_true_flips=3151
fps_true_render_s=130
reel_ticks=5140
reel_game_seconds=102.8
per_loop_fps=30.6
overhead_s=28
music_pump_active=0
cpu_vendor=AuthenticAMD
cpu_have_cpuid=1
cpu_family=4
cpu_model=14
cpu_stepping=4
cpu_mhz_est=91
cpu_has_fpu=1
cpu_class=486_mid
audio_backend=opl3
video_logical_wxh=320x240
video_logical_bpp=8
video_vram_kb=4096
video_lfb_or_banked=lfb
audio_is_sb16=0
audio_dsp_ver=2.01
audio_dma_path=8bit-low
audio_force_8bit=0
audio_dma_channel=3
fps_p50=32.2
fps_p95=21.7
fps_sample_n=315
fps_sample_interval=10
pump_clock_state=no-pump
audio_vital_status=NA
regime=NA
banner_required_hit=0
banner_required_total=0
banner_forbidden_hit=0
banner_optional_hit=0
critical_count=0
warn_count=0
perstage_count=12
perstage_00=stage:72 ticks:95 flips:95 fps:50.0
perstage_01=stage:1005 ticks:80 flips:80 fps:50.0
perstage_02=stage:20 ticks:121 flips:101 fps:41.7
perstage_03=stage:11 ticks:456 flips:263 fps:28.8
perstage_04=stage:17 ticks:771 flips:374 fps:24.2
perstage_05=stage:11 ticks:548 flips:335 fps:30.5
perstage_06=stage:15 ticks:664 flips:424 fps:31.9
perstage_07=stage:11 ticks:893 flips:542 fps:30.3
perstage_08=stage:19 ticks:264 flips:149 fps:28.2
perstage_09=stage:11 ticks:435 flips:250 fps:28.7
perstage_10=stage:14 ticks:282 flips:209 fps:37.0
perstage_11=stage:11 ticks:531 flips:328 fps:30.8
[RUNMANIFEST-END]
[15:08:27] [info] [runmanifest-emit] schema=v2 env=realhw binary_sha12=UNKNOWN(unknown) build_sha12=1f79ce20e4ee per_loop_fps=30.6 overhead_s=28 pump=0 dur=144s tag='AR4' scene='' (signals=0x4)
