Logger::init: wave-53 log level=INFO path='LOGS/G23B.LOG'
[21:34:06] [info] config: loaded DOSKUTSU.CFG (4 keys)
[21:34:06] [info] tas: PRNG seed forced to 12345 via DOSKUTSU_TAS_PRNG_SEED
[21:34:06] [info] tas: auto-exit armed at tick 30000 via DOSKUTSU_TAS_AUTO_EXIT_TICK
[21:34:06] [info] tas: replay opened path='QA.TAS' header_seed=12345
[21:34:06] [info] AUDIO_BACKEND=gus -- bridged ULTRASND='240,3,3,7,7' ULTRADIR='C:\ULTRASND' from env into the GUS SDL hints (SDL reads hints, not env).
[21:34:06] [info] AUDIO_BACKEND=gus -- bridged 2 GUS_* diag/probe hint(s) from DOS env into the SDL hint table (DOSBox-X env-read workaround).
[21:34:06] [info] AUDIO_BACKEND=gus -- omitting SDL_INIT_AUDIO (no Sound Blaster on a Gravis Ultrasound config; the GF1 is driven out-of-band via the SDL/0112 exports + the PIT/IRQ-0 music pump). SoundManager::init() STILL RUNS (unlike AUDIO_OFF) to bring up the GF1 backend. MUSIC ONLY this phase (#27) -- GF1 SFX = #28.
[21:34:07] [info] data cache: DISABLED (default)
[21:34:07] [info] Joystick: skipped (default; set DOSKUTSU_USE_JOYSTICK=1 to enable -- skips SDL3-DOS gameport BIOS INT 15h polling, ~82 ms / flip on real HW)
[21:34:07] [info] Loading settings...
[21:34:07] [info] [input-bind] applied=0 invert_y=0 dos_axes=1
[21:34:07] [info] Renderer::initVideo: 8bpp mode requested via SDL_HINT_DOS_MAX_BPP=8 (wave 16); SDL3-DOS will pick the highest-bpp <= 8 mode at requested resolution
[21:34:07] [info] Renderer::initVideo: DOS resolution-label lock ENABLED (default)
[21:34:07] [info] Renderer::initVideo: using: software renderer
[21:34:09] [info] Renderer::initVideo: dirty-rect tracking ENABLED (wave 15, default ON; set SDL_HINT_DOSKUTSU_DIRTY_RECTS=0 to disable)
[21:34:09] [info] Renderer::initVideo: ablation flags: NO_DC_TIMING=0 CACHE_WINSURF=0 NO_INPUT_POLL=0 DIRECT_VESA=1
[21:34:09] [info] Renderer::initVideo: direct-VESA hot path ENABLED (default since wave 20 patch 0088; bypasses SDL_RenderPresent / SDL_UpdateWindowSurface and writes via SDL/0034's PresentFull helper; R2 mitigation handled by SDL/0034 generation counter -- no per-N-flip heartbeat needed; set SDL_HINT_DOSKUTSU_DIRECT_VESA=0 to revert)
[21:34:09] [info] Renderer::initVideo: flip-phase instrumentation DISABLED (default; set SDL_HINT_DOSKUTSU_FLIP_INSTR=1 to opt in for wave-20 Lever A diagnostic)
[21:34:09] [info] Renderer::initVideo: asm opaque-span blit lever DISABLED (default; set SDL_HINT_DOSKUTSU_ASM_BLIT=1 to opt in -- wave-51 _blit_indexed colorkey-blit lever)
[21:34:09] [info] Renderer::initVideo: blit-decomp instrumentation DISABLED (default; set SDL_HINT_DOSKUTSU_BLIT_DECOMP=1 to opt in -- wave-51 _blit_indexed sub-decomp sizing)
[21:34:09] [info] Renderer::initVideo: mds-scroll-decomp instrumentation DISABLED (default; set SDL_HINT_DOSKUTSU_MDS_DECOMP=1 to opt in -- wave-52 mode_draw_scene scrolling-block decomp)
[21:34:09] [info] Renderer::initVideo: DOSVESA pump yield: skipped (default) (per-flip explicit SDL_Delay(0) yield is always on; set SDL_HINT_DOSKUTSU_FORCE_PUMP_YIELD=1 to restore old per-pump yield)
[21:34:09] [info] Renderer::initVideo: indexed-mode (8bpp) ENABLED -- master palette + 107 per-asset remap LUTs loaded (wave 16, default ON; set SDL_HINT_DOSKUTSU_PIXEL_FORMAT_8=0 to disable)
[21:34:09] [info] Renderer::initVideo: master palette attached to window surface (format=SDL_PIXELFORMAT_INDEX8, ncolors=256)
[21:34:09] [info] Renderer::initVideo: indexed-mode smoke: idx0=(0,0,0) OK idx255=(255,0,255) OK
[21:34:09] [info] Renderer::initVideo: indexed-mode smoke: paletteRemapFor('MyChar.pbm') = present
[21:34:09] [info] Surface::loadImage palmap-diag #1: 'data/Loading.pbm' fmt=SDL_PIXELFORMAT_ABGR8888 remap=HIT -> path=truecolor
[21:34:09] [info] Renderer: prev-frame diff DISABLED (default since wave 17.6; set SDL_HINT_DOSKUTSU_PREVFRAME_DIFF=1 to opt in)
[21:34:09] [info] flip-probe: renderer=software window_ptr=8694520 colorspace=301991328 window_size=320x240 framebuffer_pixels=320x240 logical_present=320x240 mode=2
[21:34:09] [info] flip-probe: first flip ok=true present=42ms inter_flip_ms=0 drawcalls-since-flip=1 drawcalls-total=1
[21:34:09] [info] Sound system init
[21:34:09] [info] Sound system: GUS (GF1) path -- AUDIO_BACKEND=gus. Skipping SB16 + SDL_mixer bring-up (no SDL_INIT_AUDIO); music via native GF1 wavetable on the PIT/IRQ-0 pump. MUSIC ONLY this phase (#27) -- GF1 SFX = #28. See docs/internal/GUS-NATIVE-DESIGN.md.
[21:34:09] [info] Sound system: 4-state audio enable (#31) -- music=on sfx=on (MUSIC_OFF/AUDIO_BACKEND=none -> music-off; SFX_OFF/SFX_DEVICE=none -> sfx-off; both gates are dispatch-level, the device still opens; AUDIO_OFF=1 is the device-level both-off).
[21:34:09] [info] Sound system: Tier-2 audio config (default since wave 21 patch 0093; 11025 Hz, 1 channel, buffer pinned to 256 frames). Measured savings on g2k Pentium OverDrive 83 MHz (W21A): heavy-music scenes ~+11 fps vs Tier-1 baseline (measured -10 to -15 ms/flip post-0094 audio fix; W21A's pre-fix -26.6 ms figure was inflated by stereo-vs-mono playback bug, see patch 0094). Audio quality is reduced vs Tier-1 (mono, 11025 Hz, simple-average L+R downmix) but recognizable; user accepted the trade per direction 2026-05-05. Set SDL_HINT_DOSKUTSU_AUDIO_TIER2=0 to revert to Tier-1 22050 stereo (full Cave Story 2004 audio quality; trades fps for fidelity).
[21:34:09] [info] Sound system: SDL_HINT_AUDIO_DEVICE_SAMPLE_FRAMES=256
[21:34:09] [info] Pixtone IRQ rate-divider: handed master_rate=11025 int16/s (SAMPLE_RATE=11025 x AUDIO_CHANNELS=1) to SDL for auto-RATEDIV (SDL/0074 computes shift_div from the resolved device freq).
[21:34:09] [info] Sound system: device frame-rate: requesting 11025 Hz match to master (SDL_DOSAudioSetDeviceFrameRate; SB16 opens at the engine frame rate instead of SDL's 44100 floor -- 4x less PCM/s + no resampler on the Organya/Pixtone path; killswitch SDL_HINT_DOSKUTSU_DOS_AUDIO_DEVICE_RATE_DEFAULT=0).
[21:34:09] [info] audio backend: gus (Campaign 3 -- native Gravis Ultrasound GF1 wavetable music; GM instruments render on GF1 hardware voices from .pat samples uploaded to card DRAM; music clock = PIT/IRQ-0 pump, NOT SB IRQ-5). MUSIC ONLY this phase. SoundManager::init brings up the GF1 via SDL_DOSGusInit; if absent, music is silent (the game still runs). Reads GM .pat from ULTRADIR (Gravis stock set). See docs/internal/GUS-NATIVE-DESIGN.md.
[21:34:09] [info] Sound system: GUS (GF1) path -- no SB16 mixer (music via the PIT pump; SFX disabled on this no-SB out-of-band path).
[21:34:09] [info] wave-13.6.1: ring_chunks=16 FORCE_PUMP_YIELD=off (set SDL_HINT_DOSKUTSU_AUDIO_RING_CHUNKS=4|8|16 to override; default 16 matches wave 13.6 behaviour)
[21:34:10] [info] MidiScheduler: MIDI source = 'orgmid2' (native-GM org2mid set; resolves to data/orgmid2/<name>.mid).
[21:34:10] [info] gus backend: bringing up the GF1 (SDL_DOSGusInit -- parses ULTRASND, GF1 reset, DRAM sizing, voice/rate program, IRQ hook)...
[21:34:10] [info] gus backend ready: GF1 detected, 32 voices @ 19293 Hz, 1024 KB DRAM. Clock = PIT/IRQ-0 pump (SDL/0110), NOT SB IRQ-5. GM instruments load lazily per song from ULTRADIR .pat (Gravis stock set). MUSIC ONLY this phase (#27); GF1 SFX = #28.
[21:34:10] [info] gus backend: release-ramp ENABLED (default) -- software note-off volume fade over 12 ticks (GUS_RELEASE; the GF1 has no hardware ramp).
[21:34:10] [info] gus backend: multisample ENABLED (default) -- per-note .pat sample selection (up to 8 resident/instrument; GUS_MULTISAMPLE; =0 = single nearest-middle-C sample, patch 0245 behavior).
[21:34:10] [info] Sound system: MidiScheduler armed with MidiBackendGus (Campaign 3 GUS -- native GF1 wavetable, GM .pat instruments in card DRAM). Music dispatch routes via SMF parser + GF1 voice allocator; the clock is the PIT/IRQ-0 pump (SDL/0110), NOT the SB IRQ-5. MUSIC ONLY this phase -- no Pixtone SFX yet (GF1 SFX = #28).
[21:34:10] [info] Sound system: idle-pause skipped (backend=gus does not qualify; only opl3 supports idle-pause per patch 0115; default OFF since patch 0119 regardless of backend).
[21:34:10] [warn] Music dir Ogg/ doesn't exist
[21:34:10] [warn] Music dir Ogg11/ doesn't exist
[21:34:10] [warn] Music dir Ogg17/ doesn't exist
[21:34:10] [warn] Music dir Ogg_ridic/ doesn't exist
[21:34:10] [info] gus SFX DRAM-straddle diag [nx0256]: per-slot 256KB-bank-boundary observability active (GUS_DIAG-gated; init-time, memory-only).
[21:34:10] [info] Loading Sound FX (GUS / GF1 DRAM)... SFX budget = 640 KB of 1024 KB (reserving 384 KB for the song's .pat set -- music-priority).
[21:34:10] [info] gus SFX rendersafe [nx0257]: OFF (default) (SDL_HINT_DOSKUTSU_GUS_SFX_RENDERSAFE; opt-in pre-render budget skip; per-substep load/render instrumentation rides on GUS_DIAG).
[21:34:10] [info] gus SFX voice routing [nx0259]: SFX allocate from the reserved GF1 voice slice (SDL/0114 partition); music voices protected.
[21:34:10] [info] gus SFX gain [nx0259]: 70% (SDL_HINT_DOSKUTSU_GUS_SFX_GAIN; scales the GF1 SFX voice volume to balance against velocity/CC-scaled GUS music; default 70, clamp 0..150).
[21:34:11] [info] [pxt-cache] initGusSfx(): HIT (loaded cache; render skipped)
[21:34:16] [info] gus SFX: uploaded 66 of 117 .pxt to GF1 DRAM (8-bit unsigned mono @ 22050 Hz; 0 failed; 14 skipped over the music-priority budget). Persistent SFX bank = 637 KB DRAM (the MidiBackendGus per-song .pat residency preserves it via its auto-snapshotted keep-mark at first song start; the reserve above it always fits a song's instruments).
[21:34:16] [info] pixtone IRQ-mix: DISABLED (L3 requested but SDL backend refused; likely Organya audio backend selected -- falling back to SDL3_mixer for SFX. To engage L3 set SDL_HINT_DOSKUTSU_AUDIO_BACKEND to opl3 / wb / midi-stub.)
[21:34:16] [info] Sound system: GUS path -- Pixtone SFX uploaded to GF1 voices (#28); music via MidiBackendGus on the same shared GF1 voice pool. No SDL3_mixer / Organya.
[21:34:16] [info] gus: music pump STARTED at 120 Hz (PIT ch0 / IRQ-0 drives MidiScheduler::tick_isr; BIOS 18.2 Hz tick chained; restored on exit). This is the music clock on a no-SB card.
[21:34:16] [info] menu slide-in fixed-timestep: ENABLED (default; slide advances at 50 Hz logic rate)
[21:34:16] [info] Reading npc.tbl...
[21:34:16] [info] Loading tilekey.dat.
[21:34:16] [info] Script engine init.
[21:34:16] [info] Entering main loop...
[21:34:16] [info] audio mid-gap pump: DISABLED (default)
[21:34:16] [info] TAS fixed-timestep guard: ENABLED (default) (patch 0280; load_stage wall-clock kept out of the FT accumulator so TAS replay advances at a true 50 Hz; set SDL_HINT_DOSKUTSU_TAS_FT_GUARD=0 to disable)
[21:34:16] [info] load_stage ring+DMA silence flush: ENABLED (default) (set SDL_HINT_DOSKUTSU_LOADSTAGE_SILENCE=0 to disable)
[21:34:16] [info] load-band audio-underrun probe: DISABLED (default) (opt-in SDL_HINT_DOSKUTSU_LOADBAND_STAT=1)
[21:34:16] [info]  >> Entering stage 72: 'u'.
[21:34:17] [info] skip sheet flush: ENABLED (default) (SFXPAUSE-012 SHIPPED FIX; sprite sheets stay resident across caves so no per-cave re-decode -> no fire-frame pause; map_flush_graphics tilemap cache still flushes; set SDL_HINT_DOSKUTSU_SKIP_SHEET_FLUSH=0 to restore the old per-cave flush)
[21:34:17] [info] [skip-sheet-flush] cave=1
[21:34:17] [info] eager action sheets: ENABLED (default) (first-fire hitch fix: pre-loads the weapon bullet + hit/muzzle/trail caret sheets at stage load so the first fire/impact does not lazy-decode mid-gameplay; set SDL_HINT_DOSKUTSU_EAGER_ACTION_SHEETS=0 to restore lazy load)
[21:34:17] [info] Surface::loadImage palmap-diag #2: 'data/Bullet.pbm' fmt=SDL_PIXELFORMAT_ABGR8888 remap=HIT -> path=truecolor
[21:34:17] [info] Surface::loadImage palmap-diag #3: 'data/Arms.pbm' fmt=SDL_PIXELFORMAT_ABGR8888 remap=HIT -> path=truecolor
[21:34:17] [info] Surface::loadImage palmap-diag #4: 'data/Caret.pbm' fmt=SDL_PIXELFORMAT_ABGR8888 remap=HIT -> path=truecolor
[21:34:17] [info] Surface::loadImage palmap-diag #5: 'data/Npc/NpcSym.pbm' fmt=SDL_PIXELFORMAT_ABGR8888 remap=HIT -> path=truecolor
[21:34:17] [info] [eager-action-sheets] cave=1 sheets=4 wall_ms=877
[21:34:18] [info] Surface::loadImage palmap-diag #6: 'data/Stage/PrtWhite.pbm' fmt=SDL_PIXELFORMAT_ABGR8888 remap=HIT -> path=truecolor
[21:34:18] [info] load_stage: entry-music preload ENABLED (default) (set SDL_HINT_DOSKUTSU_PRELOAD_STAGE_MUSIC=0 to disable)
[21:34:18] [info] Surface::loadImage palmap-diag #7: 'data/bk0.pbm' fmt=SDL_PIXELFORMAT_ABGR8888 remap=HIT -> path=truecolor
[21:34:18] [info] gameloop: entered (curmap=72, running=1)
[21:34:18] [info] gameloop: iter 1 ticks=11968 mapno=-1
[21:34:18] [info] fixed-timestep: ENABLED (default; logic 50 Hz, decoupled from render)
[21:34:18] [info] map: BG skip-when-unchanged DISABLED (default) (set SDL_HINT_DOSKUTSU_BG_SKIP_WHEN_UNCHANGED=1 to enable; default OFF since wave-61 -- abandoned, it shipped a backdrop-black flicker and its +0.87 fps was below the noise floor)
[21:34:18] [info] map: skip-redundant-clear lever ENABLED (default since wave-53 promotion)
[21:34:18] [info] perf-mode: level=0 (faithful (default))
[21:34:18] [info] Surface::loadImage palmap-diag #8: 'data/Npc/NpcKings.pbm' fmt=SDL_PIXELFORMAT_ABGR8888 remap=HIT -> path=truecolor
[21:34:18] [info] audio tick-boundary pump: DISABLED (default)
[21:34:18] [info] gameloop: iter 2 ticks=12240 mapno=-1
[21:34:18] [info] gameloop: iter 3 ticks=12295 mapno=-1
[21:34:18] [info] direct-vesa: snapshot @gen=2 use_dosmemput=0 banked_multibank=0 pitches_match=1 vram_w=320 vram_h=240 vram_pitch=320 bpp=1 fb_size=76800 vram_phys=0x78000000 vram_ptr=0x77c00000
[21:34:19] [info] flip-probe: flip #10 ok=true present=-3ms inter_flip_ms=59 drawcalls-since-flip=6 drawcalls-total=43 fail-total=0 null-skips-total=0
[21:34:19] [info] flip-probe: flip #20 ok=true present=-3ms inter_flip_ms=54 drawcalls-since-flip=4 drawcalls-total=92 fail-total=0 null-skips-total=0
[21:34:20] [info] flip-probe: flip #30 ok=true present=-3ms inter_flip_ms=54 drawcalls-since-flip=326 drawcalls-total=2707 fail-total=0 null-skips-total=0
[21:34:20] [info] flip-probe: flip #40 ok=true present=6ms inter_flip_ms=51 drawcalls-since-flip=0 drawcalls-total=5573 fail-total=0 null-skips-total=0
[21:34:21] [info] flip-probe: flip #50 ok=true present=5ms inter_flip_ms=55 drawcalls-since-flip=0 drawcalls-total=5573 fail-total=0 null-skips-total=0
[21:34:21] [info] title: eager-title-IO phase tag ENABLED (default) (set SDL_HINT_DOSKUTSU_EAGER_TITLE_IO=0 to disable)
[21:34:22] [warn] MidiScheduler::_refresh_isr_buffer: track has 27749 events; ISR buffer is 16384 (truncated; events after 16384 will not dispatch under L2b ON -- the engine-thread tick() path still uses _events directly under L2b OFF)
[21:34:22] [info] MidiScheduler::load: parsed 'data/orgmid2/curly.mid' = 27749 events at 48 PPQ
[21:34:22] [info] gus backend: SFX-bank keep-mark = 652752 bytes DRAM (per-song .pat residency preserves [0,652752); music uploads above it).
[21:34:23] [info] gus .pat 'acpiano': 5 sample(s) -> 5 resident (multisample).
[21:34:23] [info] gus .pat 'epiano1': 1 sample(s) -> 1 resident (multisample).
[21:34:23] [info] gus .pat 'acbass': 1 sample(s) -> 1 resident (multisample).
[21:34:23] [info] gus .pat 'altosax': 3 sample(s) -> 3 resident (multisample).
[21:34:24] [info] gus .pat 'flute': 3 sample(s) -> 3 resident (multisample).
[21:34:24] [info] gus .pat 'sqrwave': 1 sample(s) -> 1 resident (multisample).
[21:34:25] [info] gus .pat 'calliope': 1 sample(s) -> 1 resident (multisample).
[21:34:25] [info] gus .pat 'warmpad': 1 sample(s) -> 1 resident (multisample).
[21:34:25] [info] gus .pat 'kick1': 1 sample(s) -> 1 resident (drum/single).
[21:34:25] [info] gus .pat 'snare1': 1 sample(s) -> 1 resident (drum/single).
[21:34:25] [info] gus .pat 'hihatcl': 1 sample(s) -> 1 resident (drum/single).
[21:34:26] [info] gus .pat 'hihatop': 1 sample(s) -> 1 resident (drum/single).
[21:34:26] [info] gus backend: on_song_start -- uploaded 12 instruments (0 missing/silent) into 1014 KB DRAM for this song; 20 subsamples resident, 0 instrument(s) K-capped/DRAM-truncated (multisample on).
[21:34:26] [info] gameloop: entered (curmap=1005, running=1)
[21:34:26] [info] gameloop: iter 1 ticks=19930 mapno=-1
[21:34:26] [info] map: backdrop cache ENABLED (default) (set SDL_HINT_DOSKUTSU_BACKDROP_CACHE=0 to disable)
[21:34:27] [info] flip-probe: flip #60 ok=true present=-2ms inter_flip_ms=549 drawcalls-since-flip=75 drawcalls-total=5648 fail-total=0 null-skips-total=0
[21:34:27] [info] gameloop: iter 2 ticks=20478 mapno=-1
[21:34:27] [info] gameloop: iter 3 ticks=20536 mapno=-1
[21:34:27] [info] backdrop cache: thrashing-detect engaged (streak=4, route=direct)
[21:34:27] [info] flip-probe: flip #70 ok=true present=-2ms inter_flip_ms=56 drawcalls-since-flip=75 drawcalls-total=6398 fail-total=0 null-skips-total=0
[21:34:28] [info] flip-probe: flip #80 ok=true present=-2ms inter_flip_ms=55 drawcalls-since-flip=75 drawcalls-total=7148 fail-total=0 null-skips-total=0
[21:34:28] [info] flip-probe: flip #90 ok=true present=6ms inter_flip_ms=54 drawcalls-since-flip=0 drawcalls-total=7748 fail-total=0 null-skips-total=0
[21:34:28] [info] Loading profile from profile.dat
[21:34:28] [error] profile_load: unable to open 'profile.dat'
[21:34:28] [info] Loading profile from profile2.dat
[21:34:28] [error] profile_load: unable to open 'profile2.dat'
[21:34:28] [info] Loading profile from profile3.dat
[21:34:28] [info] Loading profile from profile4.dat
[21:34:28] [error] profile_load: unable to open 'profile4.dat'
[21:34:28] [info] Loading profile from profile5.dat
[21:34:29] [info] flip-probe: flip #100 ok=true present=5ms inter_flip_ms=-8 drawcalls-since-flip=214 drawcalls-total=8604 fail-total=0 null-skips-total=0
[21:34:29] [info] alpha audit block 0: 7966 total drawcalls, 0 with alpha<255 (block pct_x10=0; global 0/7966 pct_x10=0); alpha-mod skipped: block=0 global=0
[21:34:29] [info] fastpath audit block 0: taken=7966 (idx8=7966) skipped=0 pct_x10=1000; global taken=7966 (idx8=7966) skipped=0 pct_x10=1000
[21:34:29] [info] primitive tally block 0: clear=220(hr=220) fill=0(hr=0) rect=0(hr=0) line=0(hr=0) tint=0 spotlight=0 (over 100 flips ending at flip 100)
[21:34:29] [info] color/alpha audit block 0: cmod_white=906 cmod_black=0 (idx=0) cmod_general=609 (idx=609) cmod_fb=0; alpha_taken=0 alpha_skipped=0 (global cmod=906/0/609/0 idx=0/609 alpha=0/0)
[21:34:29] [info] phase timing block 0: drawcalls=9704 dc_total_ms=173 flip_inner_total_ms=32 inter_flip_total_ms=19363 (per-flip avg x10: dc_ms=17 fi_ms=3 if_ms=1936 derived audio+engine_ms=1916; per-drawcall avg us_x10=178) [direct-vesa: presents=97 total_ms=18446744073609 avg_ms_x10=190172619306 failed=0] [ablation: NO_DC_TIMING=0 CACHE_WINSURF=0 DIRECT_VESA=1]
[21:34:29] [info] kbd/audio block 0: kbd_irq=0 kbd_drain=0 ring_chunks=16 pump_pass=99 pic1_mask=0xb8 first_irq_ticks=0 install_ticks=0 vector_at_install=0x0083a1f8 pic1_mask_live=0xb8 kbd_8042_stat=0x34 bios_kbd_head=0x0038 bios_kbd_tail=0x0038 bios_kbd_buf0=0x0e08
[21:34:29] [info] audio/engine split block 0: audio_mixer_calls=0 audio_mixer_ms_x10=0 engine_tick_calls=99 engine_tick_ms_x10=584 audio_service_calls=0 audio_service_ms_x10=0 (per-flip avg; per-call us_x10: audio_mix=0 engine_tick=590408 audio_service=0; global ns: audio_mix=0 engine_tick=5845042663 audio_service=0)
[21:34:29] [info] pixtone multi-source probe: DISABLED (default)
[21:34:29] [info] dirty-rect block @flip=100: total_calls=0 dirty_rects_avg=0 dirty_pct_x10=990 forced_full=0 first_n_force=3 threshold_exceeded=2 dirty_path_taken=0 full_flush_taken=3
[21:34:29] [info] prev-frame-diff block @flip=100: diff_calls=0 diff_rects_avg=0 diff_dirty_pct_x10=0 bbox_pct_x10=0 bbox_thresh_exceeded=0
[21:34:29] [info] flip-probe: flip #110 ok=true present=-2ms inter_flip_ms=56 drawcalls-since-flip=214 drawcalls-total=10744 fail-total=0 null-skips-total=0
[21:34:30] [info] flip-probe: flip #120 ok=true present=-3ms inter_flip_ms=57 drawcalls-since-flip=214 drawcalls-total=12884 fail-total=0 null-skips-total=0
[21:34:30] [info] Writing settings...
[21:34:30] [info] flip-probe: flip #130 ok=true present=6ms inter_flip_ms=52 drawcalls-since-flip=0 drawcalls-total=13748 fail-total=0 null-skips-total=0
[21:34:31] [info] flip-probe: flip #140 ok=true present=5ms inter_flip_ms=52 drawcalls-since-flip=0 drawcalls-total=13748 fail-total=0 null-skips-total=0
[21:34:31] [info] gus backend: on_song_stop (all voices stopped).
[21:34:31] [info] Loading profile from profile5.dat
[21:34:31] [info]  >> Entering stage 20: 'Save Point'.
[21:34:31] [info] [skip-sheet-flush] cave=2
[21:34:32] [info] MidiScheduler::load: parsed 'data/orgmid2/mura.mid' = 7123 events at 48 PPQ
[21:34:33] [info] gus .pat 'acpiano': 5 sample(s) -> 5 resident (multisample).
[21:34:33] [info] gus .pat 'epiano1': 1 sample(s) -> 1 resident (multisample).
[21:34:33] [info] gus .pat 'acbass': 1 sample(s) -> 1 resident (multisample).
[21:34:33] [info] gus .pat 'altosax': 3 sample(s) -> 3 resident (multisample).
[21:34:34] [info] gus .pat 'flute': 3 sample(s) -> 3 resident (multisample).
[21:34:34] [info] gus .pat 'sqrwave': 1 sample(s) -> 1 resident (multisample).
[21:34:34] [info] gus .pat 'calliope': 1 sample(s) -> 1 resident (multisample).
[21:34:35] [info] gus .pat 'warmpad': 1 sample(s) -> 1 resident (multisample).
[21:34:35] [info] gus .pat 'kick1': 1 sample(s) -> 1 resident (drum/single).
[21:34:35] [info] gus .pat 'snare1': 1 sample(s) -> 1 resident (drum/single).
[21:34:35] [info] gus .pat 'hihatcl': 1 sample(s) -> 1 resident (drum/single).
[21:34:36] [info] gus .pat 'tommid2': 1 sample(s) -> 1 resident (drum/single).
[21:34:36] [warn] gus backend: 'hihatop.pat' DRAM upload failed (full?); instrument silent. dram_size=1048576 bytes.
[21:34:36] [info] gus backend: on_song_start -- uploaded 12 instruments (1 missing/silent) into 1019 KB DRAM for this song; 20 subsamples resident, 0 instrument(s) K-capped/DRAM-truncated (multisample on).
[21:34:36] [info] gameloop: entered (curmap=20, running=1)
[21:34:36] [info] gameloop: iter 1 ticks=29549 mapno=-1
[21:34:36] [info] TAS stall discount: ENABLED (default) (patch 0286; a replay frame over 150 ms is a load, not slow rendering, so it contributes 1 tick instead of its wall-clock; set SDL_HINT_DOSKUTSU_TAS_STALL_DISCOUNT=0 to disable)
[21:34:36] [info] TAS accumulator clamp: DISABLED (default) (patch 0281; caps the FT accumulator delta at one tick during TAS so a stalled frame cannot race the replay index; set SDL_HINT_DOSKUTSU_TAS_FT_GUARD=0 to disable)
[21:34:36] [info] gameloop: iter 2 ticks=29602 mapno=-1
[21:34:36] [info] gameloop: iter 3 ticks=29603 mapno=-1
[21:34:36] [info] flip-probe: flip #150 ok=true present=-3ms inter_flip_ms=1 drawcalls-since-flip=17 drawcalls-total=13873 fail-total=0 null-skips-total=0
[21:34:36] [info] tas: stall frame 4154504681 ms -> contributing 1 tick (patch 0286)
[21:34:36] [info] tas: stall frame 4154504684 ms -> contributing 1 tick (patch 0286)
[21:34:36] [info] tas: stall frame 4154504684 ms -> contributing 1 tick (patch 0286)
[21:34:36] [info] flip-probe: flip #160 ok=true present=-3ms inter_flip_ms=54 drawcalls-since-flip=17 drawcalls-total=14043 fail-total=0 null-skips-total=0
[21:34:36] [info] tas: stall frame 4154504678 ms -> contributing 1 tick (patch 0286)
[21:34:36] [info] tas: stall frame 4154504678 ms -> contributing 1 tick (patch 0286)
[21:34:36] [info] flip-probe: flip #170 ok=true present=-3ms inter_flip_ms=57 drawcalls-since-flip=17 drawcalls-total=14213 fail-total=0 null-skips-total=0
[21:34:36] [info] tas: stall frame 4154504682 ms -> contributing 1 tick (patch 0286)
[21:34:36] [info] tas: stall frame 4154504684 ms -> contributing 1 tick (patch 0286)
[21:34:36] [info] flip-probe: flip #180 ok=true present=6ms inter_flip_ms=54 drawcalls-since-flip=17 drawcalls-total=14383 fail-total=0 null-skips-total=0
[21:34:36] [info] tas: stall frame 4154504678 ms -> contributing 1 tick (patch 0286)
[21:34:36] [info] tas: stall frame 4154504678 ms -> contributing 1 tick (patch 0286)
[21:34:36] [info] tas: stall frame 4154504684 ms -> contributing 1 tick (patch 0286)
[21:34:37] [info] tas: stall frame 4154504679 ms -> contributing 1 tick (patch 0286)
[21:34:37] [info] flip-probe: flip #190 ok=true present=6ms inter_flip_ms=53 drawcalls-since-flip=17 drawcalls-total=14553 fail-total=0 null-skips-total=0
[21:34:37] [info] tas: stall frame 4154504678 ms -> contributing 1 tick (patch 0286)
[21:34:37] [info] flip-probe: flip #200 ok=true present=5ms inter_flip_ms=49 drawcalls-since-flip=17 drawcalls-total=14723 fail-total=0 null-skips-total=0
[21:34:37] [info] alpha audit block 0: 6098 total drawcalls, 0 with alpha<255 (block pct_x10=0; global 0/14064 pct_x10=0); alpha-mod skipped: block=0 global=0
[21:34:37] [info] fastpath audit block 0: taken=6098 (idx8=6098) skipped=0 pct_x10=1000; global taken=14064 (idx8=14064) skipped=0 pct_x10=1000
[21:34:37] [info] primitive tally block 0: clear=201(hr=201) fill=0(hr=0) rect=0(hr=0) line=0(hr=0) tint=0 spotlight=0 (over 100 flips ending at flip 200)
[21:34:37] [info] color/alpha audit block 0: cmod_white=938 cmod_black=0 (idx=0) cmod_general=21 (idx=21) cmod_fb=0; alpha_taken=0 alpha_skipped=0 (global cmod=1844/0/630/0 idx=0/630 alpha=0/0)
[21:34:37] [info] phase timing block 0: drawcalls=7258 dc_total_ms=439 flip_inner_total_ms=28 inter_flip_total_ms=8075 (per-flip avg x10: dc_ms=43 fi_ms=2 if_ms=807 derived audio+engine_ms=762; per-drawcall avg us_x10=605) [direct-vesa: presents=100 total_ms=23 avg_ms_x10=2 failed=0] [ablation: NO_DC_TIMING=0 CACHE_WINSURF=0 DIRECT_VESA=1]
[21:34:37] [info] kbd/audio block 0: kbd_irq=0 kbd_drain=0 ring_chunks=16 pump_pass=217 pic1_mask=0xb8 first_irq_ticks=0 install_ticks=0 vector_at_install=0x0083a1f8 pic1_mask_live=0xb8 kbd_8042_stat=0x34 bios_kbd_head=0x0038 bios_kbd_tail=0x0038 bios_kbd_buf0=0x0e08
[21:34:37] [info] audio/engine split block 0: audio_mixer_calls=0 audio_mixer_ms_x10=0 engine_tick_calls=46 engine_tick_ms_x10=6 audio_service_calls=0 audio_service_ms_x10=0 (per-flip avg; per-call us_x10: audio_mix=0 engine_tick=14845 audio_service=0; global ns: audio_mix=0 engine_tick=5913334118 audio_service=0)
[21:34:37] [info] dirty-rect block @flip=200: total_calls=0 dirty_rects_avg=1 dirty_pct_x10=1000 forced_full=0 first_n_force=0 threshold_exceeded=0 dirty_path_taken=0 full_flush_taken=0
[21:34:37] [info] prev-frame-diff block @flip=200: diff_calls=0 diff_rects_avg=0 diff_dirty_pct_x10=0 bbox_pct_x10=0 bbox_thresh_exceeded=0
[21:34:37] [info] tas: stall frame 327 ms -> contributing 1 tick (patch 0286)
[21:34:37] [info] tas: stall frame 4154504683 ms -> contributing 1 tick (patch 0286)
[21:34:37] [info] tas: stall frame 4154504678 ms -> contributing 1 tick (patch 0286)
[21:34:37] [info] flip-probe: flip #210 ok=true present=6ms inter_flip_ms=2 drawcalls-since-flip=17 drawcalls-total=14893 fail-total=0 null-skips-total=0
[21:34:37] [info] tas: stall frame 4154504684 ms -> contributing 1 tick (patch 0286)
[21:34:37] [info] flip-probe: flip #220 ok=true present=5ms inter_flip_ms=-7 drawcalls-since-flip=17 drawcalls-total=15063 fail-total=0 null-skips-total=0
[21:34:37] [info] tas: stall frame 4154504683 ms -> contributing 1 tick (patch 0286)
[21:34:37] [info] tas: stall frame 4154504681 ms -> contributing 1 tick (patch 0286)
[21:34:38] [info] tas: stall frame 4154504678 ms -> contributing 1 tick (patch 0286)
[21:34:38] [info] flip-probe: flip #230 ok=true present=-2ms inter_flip_ms=1 drawcalls-since-flip=17 drawcalls-total=15233 fail-total=0 null-skips-total=0
[21:34:38] [info] tas: stall frame 4154504682 ms -> contributing 1 tick (patch 0286)
[21:34:38] [info] flip-probe: flip #240 ok=true present=-3ms inter_flip_ms=3 drawcalls-since-flip=358 drawcalls-total=17064 fail-total=0 null-skips-total=0
[21:34:38] [info] tas: stall frame 4154504682 ms -> contributing 1 tick (patch 0286)
[21:34:38] [info]  >> Entering stage 11: 'Mimiga Village'.
[21:34:38] [info] [skip-sheet-flush] cave=3
[21:34:39] [info] [load-stage] preloading entry music song=9 (cave=3)
[21:34:39] [info] gameloop: entered (curmap=11, running=1)
[21:34:39] [info] gameloop: iter 1 ticks=32676 mapno=-1
[21:34:39] [info] map: mds_clear LUT ENABLED (default) (set SDL_HINT_DOSKUTSU_MDS_CLEAR_LUT=0 to disable; default ON; patch 0144 wave-49 bandwidth lever)
[21:34:39] [info] mds-clear-lut: rebuilt N=240 entries (k_skip=0% k_keep=100%; curmap=11 map_size=60x60; rebuild #1 since boot)
[21:34:39] [info] backdrop thrash full-cover ENABLED (default) (set SDL_HINT_DOSKUTSU_THRASH_FULLCOVER=0 to disable)
[21:34:39] [info] [bd-diag] backdrop render-path diag disabled (default) (set SDL_HINT_DOSKUTSU_BACKDROP_DIAG=1 to enable)
[21:34:39] [info] gameloop: iter 2 ticks=32732 mapno=-1
[21:34:39] [info] flip-probe: flip #250 ok=true present=-2ms inter_flip_ms=55 drawcalls-since-flip=384 drawcalls-total=20344 fail-total=0 null-skips-total=0
[21:34:39] [info] gameloop: iter 3 ticks=32782 mapno=-1
[21:34:39] [info] backdrop cache: thrashing-detect engaged (streak=4, route=direct)
[21:34:39] [info] tas: stall frame 4154504680 ms -> contributing 1 tick (patch 0286)
[21:34:39] [info] flip-probe: flip #260 ok=true present=-3ms inter_flip_ms=51 drawcalls-since-flip=44 drawcalls-total=22652 fail-total=0 null-skips-total=0
[21:34:39] [info] tas: stall frame 4154504683 ms -> contributing 1 tick (patch 0286)
[21:34:39] [info] tas: stall frame 4154504684 ms -> contributing 1 tick (patch 0286)
[21:34:40] [info] flip-probe: flip #270 ok=true present=5ms inter_flip_ms=47 drawcalls-since-flip=43 drawcalls-total=23060 fail-total=0 null-skips-total=0
[21:34:40] [info] tas: stall frame 4154504685 ms -> contributing 1 tick (patch 0286)
[21:34:40] [info] tas: stall frame 4154504682 ms -> contributing 1 tick (patch 0286)
[21:34:40] [info] tas: stall frame 4154504685 ms -> contributing 1 tick (patch 0286)
[21:34:40] [info] flip-probe: flip #280 ok=true present=5ms inter_flip_ms=-4 drawcalls-since-flip=43 drawcalls-total=23490 fail-total=0 null-skips-total=0
[21:34:40] [info] tas: stall frame 4154504685 ms -> contributing 1 tick (patch 0286)
[21:34:40] [info] flip-probe: flip #290 ok=true present=6ms inter_flip_ms=-7 drawcalls-since-flip=46 drawcalls-total=23945 fail-total=0 null-skips-total=0
[21:34:41] [info] flip-probe: flip #300 ok=true present=5ms inter_flip_ms=-2 drawcalls-since-flip=45 drawcalls-total=24407 fail-total=0 null-skips-total=0
[21:34:41] [info] alpha audit block 0: 8956 total drawcalls, 0 with alpha<255 (block pct_x10=0; global 0/23020 pct_x10=0); alpha-mod skipped: block=0 global=0
[21:34:41] [info] fastpath audit block 0: taken=8956 (idx8=8956) skipped=0 pct_x10=1000; global taken=23020 (idx8=23020) skipped=0 pct_x10=1000
[21:34:41] [info] primitive tally block 0: clear=201(hr=201) fill=0(hr=0) rect=0(hr=0) line=0(hr=0) tint=0 spotlight=0 (over 100 flips ending at flip 300)
[21:34:41] [info] color/alpha audit block 0: cmod_white=676 cmod_black=676 (idx=676) cmod_general=0 (idx=0) cmod_fb=0; alpha_taken=0 alpha_skipped=0 (global cmod=2520/676/630/0 idx=676/630 alpha=0/0)
[21:34:41] [info] phase timing block 0: drawcalls=10514 dc_total_ms=925 flip_inner_total_ms=467 inter_flip_total_ms=3790 (per-flip avg x10: dc_ms=92 fi_ms=46 if_ms=379 derived audio+engine_ms=241; per-drawcall avg us_x10=879) [direct-vesa: presents=100 total_ms=194 avg_ms_x10=19 failed=0] [ablation: NO_DC_TIMING=0 CACHE_WINSURF=0 DIRECT_VESA=1]
[21:34:41] [info] kbd/audio block 0: kbd_irq=0 kbd_drain=0 ring_chunks=16 pump_pass=391 pic1_mask=0xb8 first_irq_ticks=0 install_ticks=0 vector_at_install=0x0083a1f8 pic1_mask_live=0xb8 kbd_8042_stat=0x34 bios_kbd_head=0x0038 bios_kbd_tail=0x0038 bios_kbd_buf0=0x0e08
[21:34:41] [info] [tile-speedup-stat n=100 drawtile_us=184467440737049.81 raw_blit_us=14.11 ratio=13070236810515.41]
[21:34:41] [info] dirty-rect block @flip=300: total_calls=100 dirty_rects_avg=1 dirty_pct_x10=1000 forced_full=0 first_n_force=0 threshold_exceeded=0 dirty_path_taken=0 full_flush_taken=0
[21:34:41] [info] prev-frame-diff block @flip=300: diff_calls=0 diff_rects_avg=0 diff_dirty_pct_x10=0 bbox_pct_x10=0 bbox_thresh_exceeded=0
[21:34:41] [info] tas: stall frame 4154504682 ms -> contributing 1 tick (patch 0286)
[21:34:41] [info] tas: stall frame 4154504683 ms -> contributing 1 tick (patch 0286)
[21:34:41] [info] flip-probe: flip #310 ok=true present=-3ms inter_flip_ms=-1 drawcalls-since-flip=45 drawcalls-total=24956 fail-total=0 null-skips-total=0
[21:34:41] [info] tas: stall frame 4154504682 ms -> contributing 1 tick (patch 0286)
[21:34:41] [info] backdrop cache: thrashing-detect engaged (streak=64, route=direct)
[21:34:41] [info] tas: stall frame 4154504684 ms -> contributing 1 tick (patch 0286)
[21:34:41] [info] tas: stall frame 4154504678 ms -> contributing 1 tick (patch 0286)
[21:34:41] [info] flip-probe: flip #320 ok=true present=-2ms inter_flip_ms=55 drawcalls-since-flip=44 drawcalls-total=25403 fail-total=0 null-skips-total=0
[21:34:41] [info] tas: stall frame 4154504682 ms -> contributing 1 tick (patch 0286)
[21:34:42] [info] flip-probe: flip #330 ok=true present=5ms inter_flip_ms=52 drawcalls-since-flip=43 drawcalls-total=25837 fail-total=0 null-skips-total=0
[21:34:42] [info] flip-probe: flip #340 ok=true present=-2ms inter_flip_ms=-1 drawcalls-since-flip=43 drawcalls-total=26267 fail-total=0 null-skips-total=0
[21:34:42] [info] tas: stall frame 4154504684 ms -> contributing 1 tick (patch 0286)
[21:34:42] [info] tas: stall frame 4154504684 ms -> contributing 1 tick (patch 0286)
[21:34:42] [info] flip-probe: flip #350 ok=true present=-3ms inter_flip_ms=4 drawcalls-since-flip=43 drawcalls-total=26697 fail-total=0 null-skips-total=0
[21:34:42] [info] tas: stall frame 4154504685 ms -> contributing 1 tick (patch 0286)
[21:34:43] [info] flip-probe: flip #360 ok=true present=-3ms inter_flip_ms=60 drawcalls-since-flip=46 drawcalls-total=27145 fail-total=0 null-skips-total=0
[21:34:43] [info] tas: stall frame 4154504685 ms -> contributing 1 tick (patch 0286)
[21:34:43] [info] tas: stall frame 4154504681 ms -> contributing 1 tick (patch 0286)
[21:34:43] [info] tas: stall frame 4154504681 ms -> contributing 1 tick (patch 0286)
[21:34:43] [info] flip-probe: flip #370 ok=true present=-3ms inter_flip_ms=54 drawcalls-since-flip=18 drawcalls-total=27550 fail-total=0 null-skips-total=0
[21:34:43] [info] tas: stall frame 4154504680 ms -> contributing 1 tick (patch 0286)
[21:34:43] [info] backdrop cache: thrashing-detect engaged (streak=124, route=direct)
[21:34:43] [info] flip-probe: flip #380 ok=true present=5ms inter_flip_ms=0 drawcalls-since-flip=17 drawcalls-total=27720 fail-total=0 null-skips-total=0
[21:34:43] [info] tas: stall frame 4154504682 ms -> contributing 1 tick (patch 0286)
[21:34:43] [info] tas: stall frame 4154504681 ms -> contributing 1 tick (patch 0286)
[21:34:43] [info] tas: stall frame 4154504682 ms -> contributing 1 tick (patch 0286)
[21:34:44] [info] flip-probe: flip #390 ok=true present=-3ms inter_flip_ms=60 drawcalls-since-flip=17 drawcalls-total=27890 fail-total=0 null-skips-total=0
[21:34:44] [info] tas: stall frame 4154504680 ms -> contributing 1 tick (patch 0286)
[21:34:44] [info] flip-probe: flip #400 ok=true present=-3ms inter_flip_ms=55 drawcalls-since-flip=17 drawcalls-total=28060 fail-total=0 null-skips-total=0
[21:34:44] [info] alpha audit block 0: 2669 total drawcalls, 0 with alpha<255 (block pct_x10=0; global 0/25689 pct_x10=0); alpha-mod skipped: block=0 global=0
[21:34:44] [info] fastpath audit block 0: taken=2669 (idx8=2669) skipped=0 pct_x10=1000; global taken=25689 (idx8=25689) skipped=0 pct_x10=1000
[21:34:44] [info] primitive tally block 0: clear=200(hr=200) fill=0(hr=0) rect=0(hr=0) line=0(hr=0) tint=0 spotlight=0 (over 100 flips ending at flip 400)
[21:34:44] [info] color/alpha audit block 0: cmod_white=884 cmod_black=884 (idx=884) cmod_general=0 (idx=0) cmod_fb=0; alpha_taken=0 alpha_skipped=0 (global cmod=3404/1560/630/0 idx=1560/630 alpha=0/0)
[21:34:44] [info] phase timing block 0: drawcalls=4637 dc_total_ms=637 flip_inner_total_ms=319 inter_flip_total_ms=3244 (per-flip avg x10: dc_ms=63 fi_ms=31 if_ms=324 derived audio+engine_ms=230; per-drawcall avg us_x10=1375) [direct-vesa: presents=100 total_ms=204 avg_ms_x10=20 failed=0] [ablation: NO_DC_TIMING=0 CACHE_WINSURF=0 DIRECT_VESA=1]
[21:34:44] [info] kbd/audio block 0: kbd_irq=0 kbd_drain=0 ring_chunks=16 pump_pass=573 pic1_mask=0xb8 first_irq_ticks=0 install_ticks=0 vector_at_install=0x0083a1f8 pic1_mask_live=0xb8 kbd_8042_stat=0x34 bios_kbd_head=0x0038 bios_kbd_tail=0x0038 bios_kbd_buf0=0x0e08
[21:34:44] [info] dirty-rect block @flip=400: total_calls=0 dirty_rects_avg=1 dirty_pct_x10=1000 forced_full=0 first_n_force=0 threshold_exceeded=0 dirty_path_taken=0 full_flush_taken=0
[21:34:44] [info] prev-frame-diff block @flip=400: diff_calls=0 diff_rects_avg=0 diff_dirty_pct_x10=0 bbox_pct_x10=0 bbox_thresh_exceeded=0
[21:34:44] [info] tas: stall frame 4154504684 ms -> contributing 1 tick (patch 0286)
[21:34:44] [info] tas: stall frame 4154504680 ms -> contributing 1 tick (patch 0286)
[21:34:44] [info] flip-probe: flip #410 ok=true present=-2ms inter_flip_ms=3 drawcalls-since-flip=17 drawcalls-total=28230 fail-total=0 null-skips-total=0
[21:34:44] [info] tas: stall frame 4154504684 ms -> contributing 1 tick (patch 0286)
[21:34:44] [info] tas: stall frame 4154504681 ms -> contributing 1 tick (patch 0286)
[21:34:44] [info] tas: stall frame 4154504679 ms -> contributing 1 tick (patch 0286)
[21:34:44] [info] flip-probe: flip #420 ok=true present=5ms inter_flip_ms=54 drawcalls-since-flip=20 drawcalls-total=28407 fail-total=0 null-skips-total=0
[21:34:45] [info] tas: stall frame 4154504683 ms -> contributing 1 tick (patch 0286)
[21:34:45] [info] flip-probe: flip #430 ok=true present=-3ms inter_flip_ms=2 drawcalls-since-flip=17 drawcalls-total=28595 fail-total=0 null-skips-total=0
[21:34:45] [info] tas: stall frame 4154504684 ms -> contributing 1 tick (patch 0286)
[21:34:45] [info] backdrop cache: thrashing-detect engaged (streak=184, route=direct)
[21:34:45] [info] flip-probe: flip #440 ok=true present=-3ms inter_flip_ms=56 drawcalls-since-flip=16 drawcalls-total=28766 fail-total=0 null-skips-total=0
[21:34:45] [info] tas: stall frame 4154504682 ms -> contributing 1 tick (patch 0286)
[21:34:45] [info] tas: stall frame 4154504682 ms -> contributing 1 tick (patch 0286)
[21:34:45] [info] flip-probe: flip #450 ok=true present=-3ms inter_flip_ms=62 drawcalls-since-flip=15 drawcalls-total=28916 fail-total=0 null-skips-total=0
[21:34:45] [info] tas: stall frame 4154504680 ms -> contributing 1 tick (patch 0286)
[21:34:46] [info] tas: stall frame 4154504685 ms -> contributing 1 tick (patch 0286)
[21:34:46] [info] flip-probe: flip #460 ok=true present=-2ms inter_flip_ms=-2 drawcalls-since-flip=18 drawcalls-total=29085 fail-total=0 null-skips-total=0
[21:34:46] [info] tas: stall frame 4154504685 ms -> contributing 1 tick (patch 0286)
[21:34:46] [info] tas: stall frame 4154504681 ms -> contributing 1 tick (patch 0286)
[21:34:46] [info] tas: stall frame 4154504681 ms -> contributing 1 tick (patch 0286)
[21:34:46] [info] flip-probe: flip #470 ok=true present=6ms inter_flip_ms=55 drawcalls-since-flip=16 drawcalls-total=29260 fail-total=0 null-skips-total=0
[21:34:46] [info] tas: stall frame 4154504685 ms -> contributing 1 tick (patch 0286)
[21:34:46] [info] flip-probe: flip #480 ok=true present=6ms inter_flip_ms=0 drawcalls-since-flip=15 drawcalls-total=29412 fail-total=0 null-skips-total=0
[21:34:46] [info] tas: stall frame 4154504679 ms -> contributing 1 tick (patch 0286)
[21:34:46] [info] tas: stall frame 4154504684 ms -> contributing 1 tick (patch 0286)
[21:34:47] [info] tas: stall frame 4154504683 ms -> contributing 1 tick (patch 0286)
[21:34:47] [info] tas: stall frame 4154504685 ms -> contributing 1 tick (patch 0286)
[21:34:47] [info] flip-probe: flip #490 ok=true present=-3ms inter_flip_ms=1 drawcalls-since-flip=15 drawcalls-total=29562 fail-total=0 null-skips-total=0
[21:34:47] [info] tas: stall frame 4154504685 ms -> contributing 1 tick (patch 0286)
[21:34:47] [info] backdrop cache: thrashing-detect engaged (streak=244, route=direct)
[21:34:47] [info] tas: stall frame 4154504682 ms -> contributing 1 tick (patch 0286)
[21:34:47] [info] tas: stall frame 4154504681 ms -> contributing 1 tick (patch 0286)
[21:34:47] [info] flip-probe: flip #500 ok=true present=5ms inter_flip_ms=48 drawcalls-since-flip=15 drawcalls-total=29712 fail-total=0 null-skips-total=0
[21:34:47] [info] alpha audit block 0: 1552 total drawcalls, 0 with alpha<255 (block pct_x10=0; global 0/27241 pct_x10=0); alpha-mod skipped: block=0 global=0
[21:34:47] [info] fastpath audit block 0: taken=1552 (idx8=1552) skipped=0 pct_x10=1000; global taken=27241 (idx8=27241) skipped=0 pct_x10=1000
[21:34:47] [info] primitive tally block 0: clear=200(hr=200) fill=0(hr=0) rect=0(hr=0) line=0(hr=0) tint=0 spotlight=0 (over 100 flips ending at flip 500)
[21:34:47] [info] phase timing block 0: drawcalls=1752 dc_total_ms=401 flip_inner_total_ms=256 inter_flip_total_ms=3237 (per-flip avg x10: dc_ms=40 fi_ms=25 if_ms=323 derived audio+engine_ms=258; per-drawcall avg us_x10=2293) [direct-vesa: presents=100 total_ms=137 avg_ms_x10=13 failed=0] [ablation: NO_DC_TIMING=0 CACHE_WINSURF=0 DIRECT_VESA=1]
[21:34:47] [info] kbd/audio block 0: kbd_irq=0 kbd_drain=0 ring_chunks=16 pump_pass=757 pic1_mask=0xb8 first_irq_ticks=0 install_ticks=0 vector_at_install=0x0083a1f8 pic1_mask_live=0xb8 kbd_8042_stat=0x34 bios_kbd_head=0x0038 bios_kbd_tail=0x0038 bios_kbd_buf0=0x0e08
[21:34:47] [info] dirty-rect block @flip=500: total_calls=0 dirty_rects_avg=1 dirty_pct_x10=1000 forced_full=0 first_n_force=0 threshold_exceeded=0 dirty_path_taken=0 full_flush_taken=0
[21:34:47] [info] prev-frame-diff block @flip=500: diff_calls=0 diff_rects_avg=0 diff_dirty_pct_x10=0 bbox_pct_x10=0 bbox_thresh_exceeded=0
[21:34:47] [info] tas: stall frame 4154504685 ms -> contributing 1 tick (patch 0286)
[21:34:47] [info] tas: stall frame 4154504682 ms -> contributing 1 tick (patch 0286)
[21:34:47] [info] tas: stall frame 4154504677 ms -> contributing 1 tick (patch 0286)
[21:34:47] [info] flip-probe: flip #510 ok=true present=-3ms inter_flip_ms=57 drawcalls-since-flip=15 drawcalls-total=29862 fail-total=0 null-skips-total=0
[21:34:48] [info] flip-probe: flip #520 ok=true present=6ms inter_flip_ms=-7 drawcalls-since-flip=15 drawcalls-total=30012 fail-total=0 null-skips-total=0
[21:34:48] [info] tas: stall frame 4154504680 ms -> contributing 1 tick (patch 0286)
[21:34:48] [info] tas: stall frame 4154504680 ms -> contributing 1 tick (patch 0286)
[21:34:48] [info] flip-probe: flip #530 ok=true present=-2ms inter_flip_ms=55 drawcalls-since-flip=319 drawcalls-total=31904 fail-total=0 null-skips-total=0
[21:34:48] [info]  >> Entering stage 17: 'Yamashita Farm'.
[21:34:49] [info] [skip-sheet-flush] cave=4
[21:34:49] [info] [load-stage] preloading entry music song=13 (cave=4)
[21:34:49] [info] gus backend: on_song_stop (all voices stopped).
[21:34:49] [info] MidiScheduler::load: parsed 'data/orgmid2/plant.mid' = 6246 events at 48 PPQ
[21:34:50] [info] gus .pat 'acpiano': 5 sample(s) -> 5 resident (multisample).
[21:34:50] [info] gus .pat 'epiano1': 1 sample(s) -> 1 resident (multisample).
[21:34:50] [info] gus .pat 'acbass': 1 sample(s) -> 1 resident (multisample).
[21:34:50] [info] gus .pat 'altosax': 3 sample(s) -> 3 resident (multisample).
[21:34:51] [info] gus .pat 'flute': 3 sample(s) -> 3 resident (multisample).
[21:34:51] [info] gus .pat 'sqrwave': 1 sample(s) -> 1 resident (multisample).
[21:34:52] [info] gus .pat 'calliope': 1 sample(s) -> 1 resident (multisample).
[21:34:52] [info] gus .pat 'warmpad': 1 sample(s) -> 1 resident (multisample).
[21:34:52] [info] gus .pat 'kick1': 1 sample(s) -> 1 resident (drum/single).
[21:34:52] [info] gus .pat 'snare1': 1 sample(s) -> 1 resident (drum/single).
[21:34:52] [info] gus .pat 'hihatcl': 1 sample(s) -> 1 resident (drum/single).
[21:34:53] [info] gus .pat 'hihatop': 1 sample(s) -> 1 resident (drum/single).
[21:34:53] [info] gus backend: on_song_start -- uploaded 12 instruments (0 missing/silent) into 1014 KB DRAM for this song; 20 subsamples resident, 0 instrument(s) K-capped/DRAM-truncated (multisample on).
[21:34:53] [info] gameloop: entered (curmap=17, running=1)
[21:34:53] [info] gameloop: iter 1 ticks=46735 mapno=-1
[21:34:53] [info] mds-clear-lut: rebuilt N=240 entries (k_skip=33% k_keep=67%; curmap=17 map_size=40x16; rebuild #2 since boot)
[21:34:53] [info] gameloop: iter 2 ticks=46900 mapno=-1
[21:34:53] [info] tas: stall frame 165 ms -> contributing 1 tick (patch 0286)
[21:34:53] [info] gameloop: iter 3 ticks=46959 mapno=-1
[21:34:53] [info] flip-probe: flip #540 ok=true present=6ms inter_flip_ms=54 drawcalls-since-flip=408 drawcalls-total=34804 fail-total=0 null-skips-total=0
[21:34:53] [info] tas: stall frame 4154504683 ms -> contributing 1 tick (patch 0286)
[21:34:54] [info] flip-probe: flip #550 ok=true present=-3ms inter_flip_ms=59 drawcalls-since-flip=165 drawcalls-total=37763 fail-total=0 null-skips-total=0
[21:34:54] [info] flip-probe: flip #560 ok=true present=6ms inter_flip_ms=54 drawcalls-since-flip=136 drawcalls-total=39085 fail-total=0 null-skips-total=0
[21:34:54] [info] tas: stall frame 4154504684 ms -> contributing 1 tick (patch 0286)
[21:34:54] [info] tas: stall frame 4154504684 ms -> contributing 1 tick (patch 0286)
[21:34:54] [info] flip-probe: flip #570 ok=true present=-3ms inter_flip_ms=52 drawcalls-since-flip=136 drawcalls-total=40463 fail-total=0 null-skips-total=0
[21:34:55] [info] flip-probe: flip #580 ok=true present=6ms inter_flip_ms=56 drawcalls-since-flip=143 drawcalls-total=41852 fail-total=0 null-skips-total=0
[21:34:55] [info] tas: stall frame 4154504684 ms -> contributing 1 tick (patch 0286)
[21:34:55] [info] flip-probe: flip #590 ok=true present=5ms inter_flip_ms=55 drawcalls-since-flip=141 drawcalls-total=43258 fail-total=0 null-skips-total=0
[21:34:55] [info] flip-probe: flip #600 ok=true present=6ms inter_flip_ms=0 drawcalls-since-flip=132 drawcalls-total=44676 fail-total=0 null-skips-total=0
[21:34:56] [info] alpha audit block 0: 14032 total drawcalls, 0 with alpha<255 (block pct_x10=0; global 0/41273 pct_x10=0); alpha-mod skipped: block=0 global=0
[21:34:56] [info] fastpath audit block 0: taken=14032 (idx8=14032) skipped=0 pct_x10=1000; global taken=41273 (idx8=41273) skipped=0 pct_x10=1000
[21:34:56] [info] primitive tally block 0: clear=202(hr=202) fill=0(hr=0) rect=0(hr=0) line=0(hr=0) tint=0 spotlight=0 (over 100 flips ending at flip 600)
[21:34:56] [info] color/alpha audit block 0: cmod_white=832 cmod_black=832 (idx=832) cmod_general=0 (idx=0) cmod_fb=0; alpha_taken=0 alpha_skipped=0 (global cmod=4236/2392/630/0 idx=2392/630 alpha=0/0)
[21:34:56] [info] phase timing block 0: drawcalls=15962 dc_total_ms=1333 flip_inner_total_ms=366 inter_flip_total_ms=8404 (per-flip avg x10: dc_ms=133 fi_ms=36 if_ms=840 derived audio+engine_ms=671; per-drawcall avg us_x10=835) [direct-vesa: presents=100 total_ms=325 avg_ms_x10=32 failed=0] [ablation: NO_DC_TIMING=0 CACHE_WINSURF=0 DIRECT_VESA=1]
[21:34:56] [info] kbd/audio block 0: kbd_irq=0 kbd_drain=0 ring_chunks=16 pump_pass=969 pic1_mask=0xb8 first_irq_ticks=0 install_ticks=0 vector_at_install=0x0083a1f8 pic1_mask_live=0xb8 kbd_8042_stat=0x34 bios_kbd_head=0x0038 bios_kbd_tail=0x0038 bios_kbd_buf0=0x0e08
[21:34:56] [info] dirty-rect block @flip=600: total_calls=0 dirty_rects_avg=1 dirty_pct_x10=1000 forced_full=0 first_n_force=0 threshold_exceeded=0 dirty_path_taken=0 full_flush_taken=0
[21:34:56] [info] prev-frame-diff block @flip=600: diff_calls=0 diff_rects_avg=0 diff_dirty_pct_x10=0 bbox_pct_x10=0 bbox_thresh_exceeded=0
[21:34:56] [info] backdrop cache: thrashing-detect engaged (streak=4, route=direct)
[21:34:56] [info] tas: stall frame 4154504683 ms -> contributing 1 tick (patch 0286)
[21:34:56] [info] flip-probe: flip #610 ok=true present=5ms inter_flip_ms=55 drawcalls-since-flip=137 drawcalls-total=46040 fail-total=0 null-skips-total=0
[21:34:56] [info] flip-probe: flip #620 ok=true present=-3ms inter_flip_ms=4 drawcalls-since-flip=139 drawcalls-total=47431 fail-total=0 null-skips-total=0
[21:34:56] [info] tas: stall frame 4154504680 ms -> contributing 1 tick (patch 0286)
[21:34:57] [info] tas: stall frame 4154504683 ms -> contributing 1 tick (patch 0286)
[21:34:57] [info] tas: stall frame 4154504681 ms -> contributing 1 tick (patch 0286)
[21:34:57] [info] flip-probe: flip #630 ok=true present=-2ms inter_flip_ms=60 drawcalls-since-flip=141 drawcalls-total=48868 fail-total=0 null-skips-total=0
[21:34:57] [info] backdrop cache: thrashing-detect engaged (streak=4, route=direct)
[21:34:57] [info] flip-probe: flip #640 ok=true present=-3ms inter_flip_ms=59 drawcalls-since-flip=135 drawcalls-total=50251 fail-total=0 null-skips-total=0
[21:34:57] [info] tas: stall frame 4154504685 ms -> contributing 1 tick (patch 0286)
[21:34:58] [info] flip-probe: flip #650 ok=true present=-3ms inter_flip_ms=0 drawcalls-since-flip=129 drawcalls-total=51557 fail-total=0 null-skips-total=0
[21:34:58] [info] tas: stall frame 4154504682 ms -> contributing 1 tick (patch 0286)
[21:34:58] [info] flip-probe: flip #660 ok=true present=-3ms inter_flip_ms=-1 drawcalls-since-flip=102 drawcalls-total=52736 fail-total=0 null-skips-total=0
[21:34:58] [info] tas: stall frame 4154504683 ms -> contributing 1 tick (patch 0286)
[21:34:58] [info] tas: stall frame 4154504683 ms -> contributing 1 tick (patch 0286)
[21:34:58] [info] tas: stall frame 4154504683 ms -> contributing 1 tick (patch 0286)
[21:34:58] [info] flip-probe: flip #670 ok=true present=-3ms inter_flip_ms=58 drawcalls-since-flip=97 drawcalls-total=53748 fail-total=0 null-skips-total=0
[21:34:58] [info] tas: stall frame 4154504681 ms -> contributing 1 tick (patch 0286)
[21:34:59] [info] tas: stall frame 4154504682 ms -> contributing 1 tick (patch 0286)
[21:34:59] [info] tas: stall frame 4154504682 ms -> contributing 1 tick (patch 0286)
[21:34:59] [info] flip-probe: flip #680 ok=true present=-3ms inter_flip_ms=54 drawcalls-since-flip=104 drawcalls-total=54730 fail-total=0 null-skips-total=0
[21:34:59] [info] tas: stall frame 4154504683 ms -> contributing 1 tick (patch 0286)
[21:34:59] [info] tas: stall frame 4154504682 ms -> contributing 1 tick (patch 0286)
[21:34:59] [info] flip-probe: flip #690 ok=true present=5ms inter_flip_ms=49 drawcalls-since-flip=106 drawcalls-total=55779 fail-total=0 null-skips-total=0
[21:34:59] [info] tas: stall frame 4154504681 ms -> contributing 1 tick (patch 0286)
[21:34:59] [info] backdrop cache: thrashing-detect engaged (streak=64, route=direct)
[21:35:00] [info] tas: stall frame 4154504680 ms -> contributing 1 tick (patch 0286)
[21:35:00] [info] flip-probe: flip #700 ok=true present=-3ms inter_flip_ms=53 drawcalls-since-flip=97 drawcalls-total=56783 fail-total=0 null-skips-total=0
[21:35:00] [info] alpha audit block 0: 11279 total drawcalls, 0 with alpha<255 (block pct_x10=0; global 0/52552 pct_x10=0); alpha-mod skipped: block=0 global=0
[21:35:00] [info] fastpath audit block 0: taken=11279 (idx8=11279) skipped=0 pct_x10=1000; global taken=52552 (idx8=52552) skipped=0 pct_x10=1000
[21:35:00] [info] primitive tally block 0: clear=200(hr=200) fill=0(hr=0) rect=0(hr=0) line=0(hr=0) tint=0 spotlight=0 (over 100 flips ending at flip 700)
[21:35:00] [info] color/alpha audit block 0: cmod_white=728 cmod_black=728 (idx=728) cmod_general=0 (idx=0) cmod_fb=0; alpha_taken=0 alpha_skipped=0 (global cmod=4964/3120/630/0 idx=3120/630 alpha=0/0)
[21:35:00] [info] phase timing block 0: drawcalls=12939 dc_total_ms=708 flip_inner_total_ms=468 inter_flip_total_ms=4121 (per-flip avg x10: dc_ms=70 fi_ms=46 if_ms=412 derived audio+engine_ms=296; per-drawcall avg us_x10=547) [direct-vesa: presents=100 total_ms=296 avg_ms_x10=29 failed=0] [ablation: NO_DC_TIMING=0 CACHE_WINSURF=0 DIRECT_VESA=1]
[21:35:00] [info] kbd/audio block 0: kbd_irq=0 kbd_drain=0 ring_chunks=16 pump_pass=1190 pic1_mask=0xb8 first_irq_ticks=0 install_ticks=0 vector_at_install=0x0083a1f8 pic1_mask_live=0xb8 kbd_8042_stat=0x34 bios_kbd_head=0x0038 bios_kbd_tail=0x0038 bios_kbd_buf0=0x0e08
[21:35:00] [info] dirty-rect block @flip=700: total_calls=0 dirty_rects_avg=1 dirty_pct_x10=1000 forced_full=0 first_n_force=0 threshold_exceeded=0 dirty_path_taken=0 full_flush_taken=0
[21:35:00] [info] prev-frame-diff block @flip=700: diff_calls=0 diff_rects_avg=0 diff_dirty_pct_x10=0 bbox_pct_x10=0 bbox_thresh_exceeded=0
[21:35:00] [info] tas: stall frame 4154504679 ms -> contributing 1 tick (patch 0286)
[21:35:00] [info] flip-probe: flip #710 ok=true present=5ms inter_flip_ms=54 drawcalls-since-flip=100 drawcalls-total=57751 fail-total=0 null-skips-total=0
[21:35:00] [info] tas: stall frame 4154504683 ms -> contributing 1 tick (patch 0286)
[21:35:00] [info] tas: stall frame 4154504684 ms -> contributing 1 tick (patch 0286)
[21:35:00] [info] flip-probe: flip #720 ok=true present=-2ms inter_flip_ms=50 drawcalls-since-flip=100 drawcalls-total=58734 fail-total=0 null-skips-total=0
[21:35:01] [info] backdrop cache: thrashing-detect engaged (streak=4, route=direct)
[21:35:01] [info] tas: stall frame 4154504685 ms -> contributing 1 tick (patch 0286)
[21:35:01] [info] tas: stall frame 4154504684 ms -> contributing 1 tick (patch 0286)
[21:35:01] [info] flip-probe: flip #730 ok=true present=6ms inter_flip_ms=54 drawcalls-since-flip=105 drawcalls-total=59792 fail-total=0 null-skips-total=0
[21:35:01] [info] tas: stall frame 4154504683 ms -> contributing 1 tick (patch 0286)
[21:35:01] [info] flip-probe: flip #740 ok=true present=-2ms inter_flip_ms=54 drawcalls-since-flip=110 drawcalls-total=60858 fail-total=0 null-skips-total=0
[21:35:01] [info] tas: stall frame 4154504684 ms -> contributing 1 tick (patch 0286)
[21:35:01] [info] tas: stall frame 4154504685 ms -> contributing 1 tick (patch 0286)
[21:35:02] [info] flip-probe: flip #750 ok=true present=6ms inter_flip_ms=55 drawcalls-since-flip=114 drawcalls-total=61988 fail-total=0 null-skips-total=0
[21:35:02] [info] tas: stall frame 4154504683 ms -> contributing 1 tick (patch 0286)
[21:35:02] [info] tas: stall frame 4154504682 ms -> contributing 1 tick (patch 0286)
[21:35:02] [info] flip-probe: flip #760 ok=true present=-2ms inter_flip_ms=57 drawcalls-since-flip=111 drawcalls-total=63109 fail-total=0 null-skips-total=0
[21:35:02] [info] tas: stall frame 4154504681 ms -> contributing 1 tick (patch 0286)
[21:35:02] [info] tas: stall frame 4154504685 ms -> contributing 1 tick (patch 0286)
[21:35:02] [info] flip-probe: flip #770 ok=true present=6ms inter_flip_ms=-1 drawcalls-since-flip=108 drawcalls-total=64204 fail-total=0 null-skips-total=0
[21:35:03] [info] flip-probe: flip #780 ok=true present=6ms inter_flip_ms=-6 drawcalls-since-flip=119 drawcalls-total=65302 fail-total=0 null-skips-total=0
[21:35:03] [info] tas: stall frame 4154504684 ms -> contributing 1 tick (patch 0286)
[21:35:03] [info] tas: stall frame 4154504683 ms -> contributing 1 tick (patch 0286)
[21:35:03] [info] tas: stall frame 4154504684 ms -> contributing 1 tick (patch 0286)
[21:35:03] [info] flip-probe: flip #790 ok=true present=5ms inter_flip_ms=51 drawcalls-since-flip=110 drawcalls-total=66467 fail-total=0 null-skips-total=0
[21:35:03] [info] tas: stall frame 4154504682 ms -> contributing 1 tick (patch 0286)
[21:35:03] [info] tas: stall frame 4154504683 ms -> contributing 1 tick (patch 0286)
[21:35:04] [info] tas: stall frame 4154504681 ms -> contributing 1 tick (patch 0286)
[21:35:04] [info] flip-probe: flip #800 ok=true present=-2ms inter_flip_ms=56 drawcalls-since-flip=109 drawcalls-total=67590 fail-total=0 null-skips-total=0
[21:35:04] [info] alpha audit block 0: 10707 total drawcalls, 0 with alpha<255 (block pct_x10=0; global 0/63259 pct_x10=0); alpha-mod skipped: block=0 global=0
[21:35:04] [info] fastpath audit block 0: taken=10707 (idx8=10707) skipped=0 pct_x10=1000; global taken=63259 (idx8=63259) skipped=0 pct_x10=1000
[21:35:04] [info] primitive tally block 0: clear=200(hr=200) fill=0(hr=0) rect=0(hr=0) line=0(hr=0) tint=0 spotlight=0 (over 100 flips ending at flip 800)
[21:35:04] [info] phase timing block 0: drawcalls=10934 dc_total_ms=746 flip_inner_total_ms=234 inter_flip_total_ms=4011 (per-flip avg x10: dc_ms=74 fi_ms=23 if_ms=401 derived audio+engine_ms=304; per-drawcall avg us_x10=682) [direct-vesa: presents=100 total_ms=124 avg_ms_x10=12 failed=0] [ablation: NO_DC_TIMING=0 CACHE_WINSURF=0 DIRECT_VESA=1]
[21:35:04] [info] kbd/audio block 0: kbd_irq=0 kbd_drain=0 ring_chunks=16 pump_pass=1411 pic1_mask=0xb8 first_irq_ticks=0 install_ticks=0 vector_at_install=0x0083a1f8 pic1_mask_live=0xb8 kbd_8042_stat=0x34 bios_kbd_head=0x0038 bios_kbd_tail=0x0038 bios_kbd_buf0=0x0e08
[21:35:04] [info] dirty-rect block @flip=800: total_calls=0 dirty_rects_avg=1 dirty_pct_x10=1000 forced_full=0 first_n_force=0 threshold_exceeded=0 dirty_path_taken=0 full_flush_taken=0
[21:35:04] [info] prev-frame-diff block @flip=800: diff_calls=0 diff_rects_avg=0 diff_dirty_pct_x10=0 bbox_pct_x10=0 bbox_thresh_exceeded=0
[21:35:04] [info] tas: stall frame 4154504682 ms -> contributing 1 tick (patch 0286)
[21:35:04] [info] tas: stall frame 4154504684 ms -> contributing 1 tick (patch 0286)
[21:35:04] [info] flip-probe: flip #810 ok=true present=6ms inter_flip_ms=54 drawcalls-since-flip=117 drawcalls-total=68737 fail-total=0 null-skips-total=0
[21:35:04] [info] tas: stall frame 4154504684 ms -> contributing 1 tick (patch 0286)
[21:35:04] [info] flip-probe: flip #820 ok=true present=-3ms inter_flip_ms=56 drawcalls-since-flip=113 drawcalls-total=69889 fail-total=0 null-skips-total=0
[21:35:05] [info] tas: stall frame 4154504683 ms -> contributing 1 tick (patch 0286)
[21:35:05] [info] tas: stall frame 4154504684 ms -> contributing 1 tick (patch 0286)
[21:35:05] [info] flip-probe: flip #830 ok=true present=-3ms inter_flip_ms=52 drawcalls-since-flip=205 drawcalls-total=71105 fail-total=0 null-skips-total=0
[21:35:05] [info] flip-probe: flip #840 ok=true present=6ms inter_flip_ms=51 drawcalls-since-flip=400 drawcalls-total=74610 fail-total=0 null-skips-total=0
[21:35:05] [info]  >> Entering stage 11: 'Mimiga Village'.
[21:35:05] [info] [skip-sheet-flush] cave=5
[21:35:06] [info] [load-stage] preloading entry music song=9 (cave=5)
[21:35:06] [info] gus backend: on_song_stop (all voices stopped).
[21:35:06] [info] MidiScheduler::load: parsed 'data/orgmid2/mura.mid' = 7123 events at 48 PPQ
[21:35:07] [info] gus .pat 'acpiano': 5 sample(s) -> 5 resident (multisample).
[21:35:07] [info] gus .pat 'epiano1': 1 sample(s) -> 1 resident (multisample).
[21:35:07] [info] gus .pat 'acbass': 1 sample(s) -> 1 resident (multisample).
[21:35:07] [info] gus .pat 'altosax': 3 sample(s) -> 3 resident (multisample).
[21:35:08] [info] gus .pat 'flute': 3 sample(s) -> 3 resident (multisample).
[21:35:08] [info] gus .pat 'sqrwave': 1 sample(s) -> 1 resident (multisample).
[21:35:09] [info] gus .pat 'calliope': 1 sample(s) -> 1 resident (multisample).
[21:35:09] [info] gus .pat 'warmpad': 1 sample(s) -> 1 resident (multisample).
[21:35:09] [info] gus .pat 'kick1': 1 sample(s) -> 1 resident (drum/single).
[21:35:09] [info] gus .pat 'snare1': 1 sample(s) -> 1 resident (drum/single).
[21:35:09] [info] gus .pat 'hihatcl': 1 sample(s) -> 1 resident (drum/single).
[21:35:10] [info] gus .pat 'tommid2': 1 sample(s) -> 1 resident (drum/single).
[21:35:10] [warn] gus backend: 'hihatop.pat' DRAM upload failed (full?); instrument silent. dram_size=1048576 bytes.
[21:35:10] [info] gus backend: on_song_start -- uploaded 12 instruments (1 missing/silent) into 1019 KB DRAM for this song; 20 subsamples resident, 0 instrument(s) K-capped/DRAM-truncated (multisample on).
[21:35:10] [info] gameloop: entered (curmap=11, running=1)
[21:35:10] [info] gameloop: iter 1 ticks=63759 mapno=-1
[21:35:10] [info] tas: stall frame 4154504685 ms -> contributing 1 tick (patch 0286)
[21:35:10] [info] mds-clear-lut: rebuilt N=240 entries (k_skip=0% k_keep=100%; curmap=11 map_size=60x60; rebuild #3 since boot)
[21:35:10] [info] gameloop: iter 2 ticks=63869 mapno=-1
[21:35:10] [info] gameloop: iter 3 ticks=63930 mapno=-1
[21:35:10] [info] backdrop cache: thrashing-detect engaged (streak=4, route=direct)
[21:35:10] [info] flip-probe: flip #850 ok=true present=6ms inter_flip_ms=54 drawcalls-since-flip=210 drawcalls-total=77601 fail-total=0 null-skips-total=0
[21:35:10] [info] tas: stall frame 4154504685 ms -> contributing 1 tick (patch 0286)
[21:35:10] [info] tas: stall frame 4154504685 ms -> contributing 1 tick (patch 0286)
[21:35:11] [info] flip-probe: flip #860 ok=true present=-3ms inter_flip_ms=-1 drawcalls-since-flip=41 drawcalls-total=78346 fail-total=0 null-skips-total=0
[21:35:11] [info] tas: stall frame 4154504684 ms -> contributing 1 tick (patch 0286)
[21:35:11] [info] flip-probe: flip #870 ok=true present=6ms inter_flip_ms=-3 drawcalls-since-flip=41 drawcalls-total=78756 fail-total=0 null-skips-total=0
[21:35:11] [info] tas: stall frame 4154504681 ms -> contributing 1 tick (patch 0286)
[21:35:11] [info] tas: stall frame 4154504683 ms -> contributing 1 tick (patch 0286)
[21:35:11] [info] flip-probe: flip #880 ok=true present=-3ms inter_flip_ms=-4 drawcalls-since-flip=43 drawcalls-total=79168 fail-total=0 null-skips-total=0
[21:35:11] [info] tas: stall frame 4154504684 ms -> contributing 1 tick (patch 0286)
[21:35:11] [info] tas: stall frame 4154504681 ms -> contributing 1 tick (patch 0286)
[21:35:11] [info] tas: stall frame 4154504684 ms -> contributing 1 tick (patch 0286)
[21:35:12] [info] tas: stall frame 4154504683 ms -> contributing 1 tick (patch 0286)
[21:35:12] [info] flip-probe: flip #890 ok=true present=6ms inter_flip_ms=51 drawcalls-since-flip=42 drawcalls-total=79600 fail-total=0 null-skips-total=0
[21:35:12] [info] tas: stall frame 4154504682 ms -> contributing 1 tick (patch 0286)
[21:35:12] [info] flip-probe: flip #900 ok=true present=-3ms inter_flip_ms=57 drawcalls-since-flip=41 drawcalls-total=80013 fail-total=0 null-skips-total=0
[21:35:12] [info] alpha audit block 0: 11569 total drawcalls, 0 with alpha<255 (block pct_x10=0; global 0/74828 pct_x10=0); alpha-mod skipped: block=0 global=0
[21:35:12] [info] fastpath audit block 0: taken=11569 (idx8=11569) skipped=0 pct_x10=1000; global taken=74828 (idx8=74828) skipped=0 pct_x10=1000
[21:35:12] [info] primitive tally block 0: clear=201(hr=201) fill=0(hr=0) rect=0(hr=0) line=0(hr=0) tint=0 spotlight=0 (over 100 flips ending at flip 900)
[21:35:12] [info] color/alpha audit block 0: cmod_white=754 cmod_black=754 (idx=754) cmod_general=0 (idx=0) cmod_fb=0; alpha_taken=0 alpha_skipped=0 (global cmod=5718/3874/630/0 idx=3874/630 alpha=0/0)
[21:35:12] [info] phase timing block 0: drawcalls=13327 dc_total_ms=1330 flip_inner_total_ms=381 inter_flip_total_ms=8405 (per-flip avg x10: dc_ms=133 fi_ms=38 if_ms=840 derived audio+engine_ms=669; per-drawcall avg us_x10=998) [direct-vesa: presents=100 total_ms=321 avg_ms_x10=32 failed=0] [ablation: NO_DC_TIMING=0 CACHE_WINSURF=0 DIRECT_VESA=1]
[21:35:12] [info] kbd/audio block 0: kbd_irq=0 kbd_drain=0 ring_chunks=16 pump_pass=1629 pic1_mask=0xb8 first_irq_ticks=0 install_ticks=0 vector_at_install=0x0083a1f8 pic1_mask_live=0xb8 kbd_8042_stat=0x34 bios_kbd_head=0x0038 bios_kbd_tail=0x0038 bios_kbd_buf0=0x0e08
[21:35:12] [info] dirty-rect block @flip=900: total_calls=0 dirty_rects_avg=1 dirty_pct_x10=1000 forced_full=0 first_n_force=0 threshold_exceeded=0 dirty_path_taken=0 full_flush_taken=0
[21:35:12] [info] prev-frame-diff block @flip=900: diff_calls=0 diff_rects_avg=0 diff_dirty_pct_x10=0 bbox_pct_x10=0 bbox_thresh_exceeded=0
[21:35:12] [info] backdrop cache: thrashing-detect engaged (streak=64, route=direct)
[21:35:12] [info] flip-probe: flip #910 ok=true present=5ms inter_flip_ms=-5 drawcalls-since-flip=41 drawcalls-total=80423 fail-total=0 null-skips-total=0
[21:35:12] [info] tas: stall frame 4154504685 ms -> contributing 1 tick (patch 0286)
[21:35:13] [info] tas: stall frame 4154504685 ms -> contributing 1 tick (patch 0286)
[21:35:13] [info] flip-probe: flip #920 ok=true present=-2ms inter_flip_ms=5 drawcalls-since-flip=41 drawcalls-total=80833 fail-total=0 null-skips-total=0
[21:35:13] [info] tas: stall frame 4154504684 ms -> contributing 1 tick (patch 0286)
[21:35:13] [info] flip-probe: flip #930 ok=true present=-2ms inter_flip_ms=58 drawcalls-since-flip=41 drawcalls-total=81247 fail-total=0 null-skips-total=0
[21:35:13] [info] tas: stall frame 4154504683 ms -> contributing 1 tick (patch 0286)
[21:35:13] [info] flip-probe: flip #940 ok=true present=-3ms inter_flip_ms=53 drawcalls-since-flip=41 drawcalls-total=81657 fail-total=0 null-skips-total=0
[21:35:13] [info] tas: stall frame 4154504683 ms -> contributing 1 tick (patch 0286)
[21:35:13] [info] tas: stall frame 4154504684 ms -> contributing 1 tick (patch 0286)
[21:35:14] [info] flip-probe: flip #950 ok=true present=-3ms inter_flip_ms=2 drawcalls-since-flip=42 drawcalls-total=82068 fail-total=0 null-skips-total=0
[21:35:14] [info] tas: stall frame 4154504678 ms -> contributing 1 tick (patch 0286)
[21:35:14] [info] tas: stall frame 4154504682 ms -> contributing 1 tick (patch 0286)
[21:35:14] [info] tas: stall frame 4154504679 ms -> contributing 1 tick (patch 0286)
[21:35:14] [info] flip-probe: flip #960 ok=true present=-3ms inter_flip_ms=55 drawcalls-since-flip=43 drawcalls-total=82490 fail-total=0 null-skips-total=0
[21:35:14] [info] tas: stall frame 4154504678 ms -> contributing 1 tick (patch 0286)
[21:35:14] [info] tas: stall frame 4154504679 ms -> contributing 1 tick (patch 0286)
[21:35:14] [info] backdrop cache: thrashing-detect engaged (streak=124, route=direct)
[21:35:14] [info] flip-probe: flip #970 ok=true present=6ms inter_flip_ms=53 drawcalls-since-flip=16 drawcalls-total=82711 fail-total=0 null-skips-total=0
[21:35:14] [info] tas: stall frame 4154504683 ms -> contributing 1 tick (patch 0286)
[21:35:14] [info] tas: stall frame 4154504684 ms -> contributing 1 tick (patch 0286)
[21:35:15] [info] flip-probe: flip #980 ok=true present=6ms inter_flip_ms=49 drawcalls-since-flip=17 drawcalls-total=82875 fail-total=0 null-skips-total=0
[21:35:15] [info] tas: stall frame 4154504683 ms -> contributing 1 tick (patch 0286)
[21:35:15] [info] tas: stall frame 4154504684 ms -> contributing 1 tick (patch 0286)
[21:35:15] [info] flip-probe: flip #990 ok=true present=-2ms inter_flip_ms=-1 drawcalls-since-flip=17 drawcalls-total=83045 fail-total=0 null-skips-total=0
[21:35:15] [info] tas: stall frame 4154504684 ms -> contributing 1 tick (patch 0286)
[21:35:15] [info] flip-probe: flip #1000 ok=true present=-3ms inter_flip_ms=8 drawcalls-since-flip=18 drawcalls-total=83223 fail-total=0 null-skips-total=0
[21:35:15] [info] alpha audit block 0: 2304 total drawcalls, 0 with alpha<255 (block pct_x10=0; global 0/77132 pct_x10=0); alpha-mod skipped: block=0 global=0
[21:35:15] [info] fastpath audit block 0: taken=2304 (idx8=2304) skipped=0 pct_x10=1000; global taken=77132 (idx8=77132) skipped=0 pct_x10=1000
[21:35:15] [info] primitive tally block 0: clear=200(hr=200) fill=0(hr=0) rect=0(hr=0) line=0(hr=0) tint=0 spotlight=0 (over 100 flips ending at flip 1000)
[21:35:15] [info] color/alpha audit block 0: cmod_white=806 cmod_black=806 (idx=806) cmod_general=0 (idx=0) cmod_fb=0; alpha_taken=0 alpha_skipped=0 (global cmod=6524/4680/630/0 idx=4680/630 alpha=0/0)
[21:35:15] [info] phase timing block 0: drawcalls=4116 dc_total_ms=618 flip_inner_total_ms=270 inter_flip_total_ms=3078 (per-flip avg x10: dc_ms=61 fi_ms=27 if_ms=307 derived audio+engine_ms=219; per-drawcall avg us_x10=1501) [direct-vesa: presents=100 total_ms=153 avg_ms_x10=15 failed=0] [ablation: NO_DC_TIMING=0 CACHE_WINSURF=0 DIRECT_VESA=1]
[21:35:15] [info] kbd/audio block 0: kbd_irq=0 kbd_drain=0 ring_chunks=16 pump_pass=1804 pic1_mask=0xb8 first_irq_ticks=0 install_ticks=0 vector_at_install=0x0083a1f8 pic1_mask_live=0xb8 kbd_8042_stat=0x34 bios_kbd_head=0x0038 bios_kbd_tail=0x0038 bios_kbd_buf0=0x0e08
[21:35:15] [info] dirty-rect block @flip=1000: total_calls=0 dirty_rects_avg=1 dirty_pct_x10=1000 forced_full=0 first_n_force=0 threshold_exceeded=0 dirty_path_taken=0 full_flush_taken=0
[21:35:15] [info] prev-frame-diff block @flip=1000: diff_calls=0 diff_rects_avg=0 diff_dirty_pct_x10=0 bbox_pct_x10=0 bbox_thresh_exceeded=0
[21:35:15] [info] tas: stall frame 4154504679 ms -> contributing 1 tick (patch 0286)
[21:35:15] [info] tas: stall frame 4154504679 ms -> contributing 1 tick (patch 0286)
[21:35:15] [info] tas: stall frame 4154504684 ms -> contributing 1 tick (patch 0286)
[21:35:15] [info] flip-probe: flip #1010 ok=true present=-2ms inter_flip_ms=61 drawcalls-since-flip=18 drawcalls-total=83403 fail-total=0 null-skips-total=0
[21:35:16] [info] tas: stall frame 4154504683 ms -> contributing 1 tick (patch 0286)
[21:35:16] [info] tas: stall frame 4154504684 ms -> contributing 1 tick (patch 0286)
[21:35:16] [info] flip-probe: flip #1020 ok=true present=5ms inter_flip_ms=-6 drawcalls-since-flip=18 drawcalls-total=83583 fail-total=0 null-skips-total=0
[21:35:16] [info] tas: stall frame 4154504684 ms -> contributing 1 tick (patch 0286)
[21:35:16] [info] tas: stall frame 4154504684 ms -> contributing 1 tick (patch 0286)
[21:35:16] [info] tas: stall frame 4154504684 ms -> contributing 1 tick (patch 0286)
[21:35:16] [info] backdrop cache: thrashing-detect engaged (streak=184, route=direct)
[21:35:16] [info] flip-probe: flip #1030 ok=true present=-3ms inter_flip_ms=56 drawcalls-since-flip=17 drawcalls-total=83754 fail-total=0 null-skips-total=0
[21:35:16] [info] tas: stall frame 4154504679 ms -> contributing 1 tick (patch 0286)
[21:35:16] [info] tas: stall frame 4154504683 ms -> contributing 1 tick (patch 0286)
[21:35:16] [info] flip-probe: flip #1040 ok=true present=6ms inter_flip_ms=48 drawcalls-since-flip=16 drawcalls-total=83918 fail-total=0 null-skips-total=0
[21:35:16] [info] tas: stall frame 4154504681 ms -> contributing 1 tick (patch 0286)
[21:35:17] [info] flip-probe: flip #1050 ok=true present=5ms inter_flip_ms=-5 drawcalls-since-flip=16 drawcalls-total=84087 fail-total=0 null-skips-total=0
[21:35:17] [info] tas: stall frame 4154504685 ms -> contributing 1 tick (patch 0286)
[21:35:17] [info] tas: stall frame 4154504681 ms -> contributing 1 tick (patch 0286)
[21:35:17] [info] tas: stall frame 4154504681 ms -> contributing 1 tick (patch 0286)
[21:35:17] [info] tas: stall frame 4154504685 ms -> contributing 1 tick (patch 0286)
[21:35:17] [info] tas: stall frame 4154504685 ms -> contributing 1 tick (patch 0286)
[21:35:17] [info] flip-probe: flip #1060 ok=true present=-3ms inter_flip_ms=61 drawcalls-since-flip=16 drawcalls-total=84247 fail-total=0 null-skips-total=0
[21:35:17] [info] tas: stall frame 4154504685 ms -> contributing 1 tick (patch 0286)
[21:35:17] [info] tas: stall frame 4154504684 ms -> contributing 1 tick (patch 0286)
[21:35:17] [info] flip-probe: flip #1070 ok=true present=5ms inter_flip_ms=0 drawcalls-since-flip=16 drawcalls-total=84407 fail-total=0 null-skips-total=0
[21:35:17] [info] tas: stall frame 4154504679 ms -> contributing 1 tick (patch 0286)
[21:35:17] [info] tas: stall frame 4154504681 ms -> contributing 1 tick (patch 0286)
[21:35:17] [info] tas: stall frame 4154504685 ms -> contributing 1 tick (patch 0286)
[21:35:17] [info] flip-probe: flip #1080 ok=true present=6ms inter_flip_ms=0 drawcalls-since-flip=16 drawcalls-total=84567 fail-total=0 null-skips-total=0
[21:35:18] [info] tas: stall frame 4154504681 ms -> contributing 1 tick (patch 0286)
[21:35:18] [info] backdrop cache: thrashing-detect engaged (streak=244, route=direct)
[21:35:18] [info] flip-probe: flip #1090 ok=true present=53ms inter_flip_ms=-3 drawcalls-since-flip=16 drawcalls-total=84727 fail-total=0 null-skips-total=0
[21:35:18] [info] tas: stall frame 4154504682 ms -> contributing 1 tick (patch 0286)
[21:35:18] [info] tas: stall frame 4154504681 ms -> contributing 1 tick (patch 0286)
[21:35:18] [info] flip-probe: flip #1100 ok=true present=-3ms inter_flip_ms=52 drawcalls-since-flip=27 drawcalls-total=84920 fail-total=0 null-skips-total=0
[21:35:18] [info] alpha audit block 0: 1597 total drawcalls, 0 with alpha<255 (block pct_x10=0; global 0/78729 pct_x10=0); alpha-mod skipped: block=0 global=0
[21:35:18] [info] fastpath audit block 0: taken=1597 (idx8=1597) skipped=0 pct_x10=1000; global taken=78729 (idx8=78729) skipped=0 pct_x10=1000
[21:35:18] [info] primitive tally block 0: clear=200(hr=200) fill=0(hr=0) rect=0(hr=0) line=0(hr=0) tint=0 spotlight=0 (over 100 flips ending at flip 1100)
[21:35:18] [info] phase timing block 0: drawcalls=1797 dc_total_ms=622 flip_inner_total_ms=538 inter_flip_total_ms=3017 (per-flip avg x10: dc_ms=62 fi_ms=53 if_ms=301 derived audio+engine_ms=186; per-drawcall avg us_x10=3464) [direct-vesa: presents=100 total_ms=506 avg_ms_x10=50 failed=0] [ablation: NO_DC_TIMING=0 CACHE_WINSURF=0 DIRECT_VESA=1]
[21:35:18] [info] kbd/audio block 0: kbd_irq=0 kbd_drain=0 ring_chunks=16 pump_pass=1979 pic1_mask=0xb8 first_irq_ticks=0 install_ticks=0 vector_at_install=0x0083a1f8 pic1_mask_live=0xb8 kbd_8042_stat=0x34 bios_kbd_head=0x0038 bios_kbd_tail=0x0038 bios_kbd_buf0=0x0e08
[21:35:18] [info] dirty-rect block @flip=1100: total_calls=0 dirty_rects_avg=1 dirty_pct_x10=1000 forced_full=0 first_n_force=0 threshold_exceeded=0 dirty_path_taken=0 full_flush_taken=0
[21:35:18] [info] prev-frame-diff block @flip=1100: diff_calls=0 diff_rects_avg=0 diff_dirty_pct_x10=0 bbox_pct_x10=0 bbox_thresh_exceeded=0
[21:35:18] [info] tas: stall frame 4154504682 ms -> contributing 1 tick (patch 0286)
[21:35:18] [info] flip-probe: flip #1110 ok=true present=-2ms inter_flip_ms=0 drawcalls-since-flip=27 drawcalls-total=85190 fail-total=0 null-skips-total=0
[21:35:18] [info] tas: stall frame 4154504682 ms -> contributing 1 tick (patch 0286)
[21:35:19] [info] tas: stall frame 4154504681 ms -> contributing 1 tick (patch 0286)
[21:35:19] [info] flip-probe: flip #1120 ok=true present=-2ms inter_flip_ms=53 drawcalls-since-flip=25 drawcalls-total=85452 fail-total=0 null-skips-total=0
[21:35:19] [info] tas: stall frame 4154504683 ms -> contributing 1 tick (patch 0286)
[21:35:19] [info] flip-probe: flip #1130 ok=true present=-2ms inter_flip_ms=61 drawcalls-since-flip=20 drawcalls-total=85662 fail-total=0 null-skips-total=0
[21:35:19] [info] tas: stall frame 4154504683 ms -> contributing 1 tick (patch 0286)
[21:35:19] [info] tas: stall frame 4154504683 ms -> contributing 1 tick (patch 0286)
[21:35:19] [info] flip-probe: flip #1140 ok=true present=5ms inter_flip_ms=2 drawcalls-since-flip=20 drawcalls-total=85859 fail-total=0 null-skips-total=0
[21:35:19] [info] tas: stall frame 4154504679 ms -> contributing 1 tick (patch 0286)
[21:35:20] [info] backdrop cache: thrashing-detect engaged (streak=304, route=direct)
[21:35:20] [info] flip-probe: flip #1150 ok=true present=6ms inter_flip_ms=55 drawcalls-since-flip=305 drawcalls-total=87739 fail-total=0 null-skips-total=0
[21:35:20] [info] tas: stall frame 4154504683 ms -> contributing 1 tick (patch 0286)
[21:35:20] [info] tas: stall frame 275 ms -> contributing 1 tick (patch 0286)
[21:35:20] [info]  >> Entering stage 15: 'Reservoir'.
[21:35:20] [info] [skip-sheet-flush] cave=6
[21:35:21] [info] [load-stage] preloading entry music song=9 (cave=6)
[21:35:21] [info] gameloop: entered (curmap=15, running=1)
[21:35:21] [info] gameloop: iter 1 ticks=74580 mapno=-1
[21:35:21] [info] mds-clear-lut: rebuilt N=240 entries (k_skip=13% k_keep=87%; curmap=15 map_size=40x20; rebuild #4 since boot)
[21:35:21] [info] gameloop: iter 2 ticks=74639 mapno=-1
[21:35:21] [info] flip-probe: flip #1160 ok=true present=-3ms inter_flip_ms=57 drawcalls-since-flip=336 drawcalls-total=90251 fail-total=0 null-skips-total=0
[21:35:21] [info] gameloop: iter 3 ticks=74692 mapno=-1
[21:35:21] [info] tas: stall frame 4154504684 ms -> contributing 1 tick (patch 0286)
[21:35:21] [info] flip-probe: flip #1170 ok=true present=-3ms inter_flip_ms=3 drawcalls-since-flip=126 drawcalls-total=92921 fail-total=0 null-skips-total=0
[21:35:21] [info] tas: stall frame 4154504683 ms -> contributing 1 tick (patch 0286)
[21:35:21] [info] tas: stall frame 4154504685 ms -> contributing 1 tick (patch 0286)
[21:35:21] [info] flip-probe: flip #1180 ok=true present=-3ms inter_flip_ms=58 drawcalls-since-flip=32 drawcalls-total=93362 fail-total=0 null-skips-total=0
[21:35:22] [info] tas: stall frame 4154504680 ms -> contributing 1 tick (patch 0286)
[21:35:22] [info] tas: stall frame 4154504685 ms -> contributing 1 tick (patch 0286)
[21:35:22] [info] flip-probe: flip #1190 ok=true present=-3ms inter_flip_ms=58 drawcalls-since-flip=32 drawcalls-total=93682 fail-total=0 null-skips-total=0
[21:35:22] [info] tas: stall frame 4154504685 ms -> contributing 1 tick (patch 0286)
[21:35:22] [info] flip-probe: flip #1200 ok=true present=-3ms inter_flip_ms=59 drawcalls-since-flip=32 drawcalls-total=94002 fail-total=0 null-skips-total=0
[21:35:22] [info] alpha audit block 0: 8604 total drawcalls, 0 with alpha<255 (block pct_x10=0; global 0/87333 pct_x10=0); alpha-mod skipped: block=0 global=0
[21:35:22] [info] fastpath audit block 0: taken=8604 (idx8=8604) skipped=0 pct_x10=1000; global taken=87333 (idx8=87333) skipped=0 pct_x10=1000
[21:35:22] [info] primitive tally block 0: clear=202(hr=202) fill=0(hr=0) rect=0(hr=0) line=0(hr=0) tint=0 spotlight=0 (over 100 flips ending at flip 1200)
[21:35:22] [info] color/alpha audit block 0: cmod_white=378 cmod_black=378 (idx=378) cmod_general=0 (idx=0) cmod_fb=0; alpha_taken=0 alpha_skipped=0 (global cmod=6902/5058/630/0 idx=5058/630 alpha=0/0)
[21:35:22] [info] phase timing block 0: drawcalls=9604 dc_total_ms=1017 flip_inner_total_ms=359 inter_flip_total_ms=4012 (per-flip avg x10: dc_ms=101 fi_ms=35 if_ms=401 derived audio+engine_ms=265; per-drawcall avg us_x10=1059) [direct-vesa: presents=100 total_ms=238 avg_ms_x10=23 failed=0] [ablation: NO_DC_TIMING=0 CACHE_WINSURF=0 DIRECT_VESA=1]
[21:35:22] [info] kbd/audio block 0: kbd_irq=0 kbd_drain=0 ring_chunks=16 pump_pass=2166 pic1_mask=0xb8 first_irq_ticks=0 install_ticks=0 vector_at_install=0x0083a1f8 pic1_mask_live=0xb8 kbd_8042_stat=0x34 bios_kbd_head=0x0038 bios_kbd_tail=0x0038 bios_kbd_buf0=0x0e08
[21:35:22] [info] dirty-rect block @flip=1200: total_calls=0 dirty_rects_avg=1 dirty_pct_x10=1000 forced_full=0 first_n_force=0 threshold_exceeded=0 dirty_path_taken=0 full_flush_taken=0
[21:35:22] [info] prev-frame-diff block @flip=1200: diff_calls=0 diff_rects_avg=0 diff_dirty_pct_x10=0 bbox_pct_x10=0 bbox_thresh_exceeded=0
[21:35:22] [info] tas: stall frame 4154504683 ms -> contributing 1 tick (patch 0286)
[21:35:22] [info] flip-probe: flip #1210 ok=true present=6ms inter_flip_ms=53 drawcalls-since-flip=32 drawcalls-total=94322 fail-total=0 null-skips-total=0
[21:35:23] [info] backdrop cache: thrashing-detect engaged (streak=4, route=direct)
[21:35:23] [info] tas: stall frame 4154504684 ms -> contributing 1 tick (patch 0286)
[21:35:23] [info] flip-probe: flip #1220 ok=true present=-3ms inter_flip_ms=58 drawcalls-since-flip=32 drawcalls-total=94642 fail-total=0 null-skips-total=0
[21:35:23] [info] tas: stall frame 4154504679 ms -> contributing 1 tick (patch 0286)
[21:35:23] [info] tas: stall frame 4154504683 ms -> contributing 1 tick (patch 0286)
[21:35:23] [info] flip-probe: flip #1230 ok=true present=-3ms inter_flip_ms=54 drawcalls-since-flip=32 drawcalls-total=94962 fail-total=0 null-skips-total=0
[21:35:23] [info] tas: stall frame 4154504684 ms -> contributing 1 tick (patch 0286)
[21:35:23] [info] flip-probe: flip #1240 ok=true present=-2ms inter_flip_ms=1 drawcalls-since-flip=32 drawcalls-total=95282 fail-total=0 null-skips-total=0
[21:35:23] [info] tas: stall frame 4154504684 ms -> contributing 1 tick (patch 0286)
[21:35:24] [info] flip-probe: flip #1250 ok=true present=-3ms inter_flip_ms=59 drawcalls-since-flip=32 drawcalls-total=95602 fail-total=0 null-skips-total=0
[21:35:24] [info] tas: stall frame 4154504681 ms -> contributing 1 tick (patch 0286)
[21:35:24] [info] flip-probe: flip #1260 ok=true present=5ms inter_flip_ms=53 drawcalls-since-flip=34 drawcalls-total=95940 fail-total=0 null-skips-total=0
[21:35:24] [info] tas: stall frame 4154504684 ms -> contributing 1 tick (patch 0286)
[21:35:24] [info] tas: stall frame 159 ms -> contributing 1 tick (patch 0286)
[21:35:24] [info] tas: stall frame 4154504681 ms -> contributing 1 tick (patch 0286)
[21:35:24] [info] flip-probe: flip #1270 ok=true present=5ms inter_flip_ms=49 drawcalls-since-flip=36 drawcalls-total=96296 fail-total=0 null-skips-total=0
[21:35:25] [info] backdrop cache: thrashing-detect engaged (streak=64, route=direct)
[21:35:25] [info] tas: stall frame 4154504683 ms -> contributing 1 tick (patch 0286)
[21:35:25] [info] tas: stall frame 4154504682 ms -> contributing 1 tick (patch 0286)
[21:35:25] [info] flip-probe: flip #1280 ok=true present=-2ms inter_flip_ms=57 drawcalls-since-flip=17 drawcalls-total=96616 fail-total=0 null-skips-total=0
[21:35:25] [info] tas: stall frame 4154504685 ms -> contributing 1 tick (patch 0286)
[21:35:25] [info] tas: stall frame 4154504681 ms -> contributing 1 tick (patch 0286)
[21:35:25] [info] tas: stall frame 4154504681 ms -> contributing 1 tick (patch 0286)
[21:35:25] [info] tas: stall frame 4154504684 ms -> contributing 1 tick (patch 0286)
[21:35:25] [info] flip-probe: flip #1290 ok=true present=-3ms inter_flip_ms=55 drawcalls-since-flip=18 drawcalls-total=96795 fail-total=0 null-skips-total=0
[21:35:25] [info] tas: stall frame 4154504685 ms -> contributing 1 tick (patch 0286)
[21:35:25] [info] tas: stall frame 4154504683 ms -> contributing 1 tick (patch 0286)
[21:35:25] [info] flip-probe: flip #1300 ok=true present=6ms inter_flip_ms=49 drawcalls-since-flip=18 drawcalls-total=96974 fail-total=0 null-skips-total=0
[21:35:25] [info] alpha audit block 0: 2170 total drawcalls, 0 with alpha<255 (block pct_x10=0; global 0/89503 pct_x10=0); alpha-mod skipped: block=0 global=0
[21:35:25] [info] fastpath audit block 0: taken=2170 (idx8=2170) skipped=0 pct_x10=1000; global taken=89503 (idx8=89503) skipped=0 pct_x10=1000
[21:35:25] [info] primitive tally block 0: clear=200(hr=200) fill=0(hr=0) rect=0(hr=0) line=0(hr=0) tint=0 spotlight=0 (over 100 flips ending at flip 1300)
[21:35:25] [info] color/alpha audit block 0: cmod_white=702 cmod_black=702 (idx=702) cmod_general=0 (idx=0) cmod_fb=0; alpha_taken=0 alpha_skipped=0 (global cmod=7604/5760/630/0 idx=5760/630 alpha=0/0)
[21:35:25] [info] phase timing block 0: drawcalls=3785 dc_total_ms=705 flip_inner_total_ms=449 inter_flip_total_ms=3290 (per-flip avg x10: dc_ms=70 fi_ms=44 if_ms=329 derived audio+engine_ms=215; per-drawcall avg us_x10=1864) [direct-vesa: presents=100 total_ms=392 avg_ms_x10=39 failed=0] [ablation: NO_DC_TIMING=0 CACHE_WINSURF=0 DIRECT_VESA=1]
[21:35:25] [info] kbd/audio block 0: kbd_irq=0 kbd_drain=0 ring_chunks=16 pump_pass=2343 pic1_mask=0xb8 first_irq_ticks=0 install_ticks=0 vector_at_install=0x0083a1f8 pic1_mask_live=0xb8 kbd_8042_stat=0x34 bios_kbd_head=0x0038 bios_kbd_tail=0x0038 bios_kbd_buf0=0x0e08
[21:35:25] [info] dirty-rect block @flip=1300: total_calls=0 dirty_rects_avg=1 dirty_pct_x10=1000 forced_full=0 first_n_force=0 threshold_exceeded=0 dirty_path_taken=0 full_flush_taken=0
[21:35:25] [info] prev-frame-diff block @flip=1300: diff_calls=0 diff_rects_avg=0 diff_dirty_pct_x10=0 bbox_pct_x10=0 bbox_thresh_exceeded=0
[21:35:26] [info] flip-probe: flip #1310 ok=true present=5ms inter_flip_ms=-1 drawcalls-since-flip=20 drawcalls-total=97164 fail-total=0 null-skips-total=0
[21:35:26] [info] tas: stall frame 4154504678 ms -> contributing 1 tick (patch 0286)
[21:35:26] [info] tas: stall frame 4154504685 ms -> contributing 1 tick (patch 0286)
[21:35:26] [info] tas: stall frame 4154504679 ms -> contributing 1 tick (patch 0286)
[21:35:26] [info] flip-probe: flip #1320 ok=true present=5ms inter_flip_ms=55 drawcalls-since-flip=18 drawcalls-total=97356 fail-total=0 null-skips-total=0
[21:35:26] [info] tas: stall frame 4154504683 ms -> contributing 1 tick (patch 0286)
[21:35:26] [info] tas: stall frame 4154504679 ms -> contributing 1 tick (patch 0286)
[21:35:26] [info] flip-probe: flip #1330 ok=true present=-2ms inter_flip_ms=57 drawcalls-since-flip=17 drawcalls-total=97534 fail-total=0 null-skips-total=0
[21:35:26] [info] backdrop cache: thrashing-detect engaged (streak=124, route=direct)
[21:35:27] [info] tas: stall frame 4154504679 ms -> contributing 1 tick (patch 0286)
[21:35:27] [info] flip-probe: flip #1340 ok=true present=53ms inter_flip_ms=1 drawcalls-since-flip=14 drawcalls-total=97693 fail-total=0 null-skips-total=0
[21:35:27] [info] tas: stall frame 4154504683 ms -> contributing 1 tick (patch 0286)
[21:35:27] [info] tas: stall frame 4154504681 ms -> contributing 1 tick (patch 0286)
[21:35:27] [info] flip-probe: flip #1350 ok=true present=-2ms inter_flip_ms=55 drawcalls-since-flip=14 drawcalls-total=97833 fail-total=0 null-skips-total=0
[21:35:27] [info] tas: stall frame 4154504685 ms -> contributing 1 tick (patch 0286)
[21:35:27] [info] flip-probe: flip #1360 ok=true present=-2ms inter_flip_ms=-1 drawcalls-since-flip=14 drawcalls-total=97973 fail-total=0 null-skips-total=0
[21:35:27] [info] tas: stall frame 4154504685 ms -> contributing 1 tick (patch 0286)
[21:35:27] [info] tas: stall frame 4154504680 ms -> contributing 1 tick (patch 0286)
[21:35:27] [info] tas: stall frame 4154504685 ms -> contributing 1 tick (patch 0286)
[21:35:28] [info] flip-probe: flip #1370 ok=true present=53ms inter_flip_ms=3 drawcalls-since-flip=14 drawcalls-total=98113 fail-total=0 null-skips-total=0
[21:35:28] [info] tas: stall frame 4154504684 ms -> contributing 1 tick (patch 0286)
[21:35:28] [info] tas: stall frame 4154504679 ms -> contributing 1 tick (patch 0286)
[21:35:28] [info] flip-probe: flip #1380 ok=true present=6ms inter_flip_ms=53 drawcalls-since-flip=14 drawcalls-total=98253 fail-total=0 null-skips-total=0
[21:35:28] [info] tas: stall frame 4154504685 ms -> contributing 1 tick (patch 0286)
[21:35:28] [info] tas: stall frame 4154504682 ms -> contributing 1 tick (patch 0286)
[21:35:28] [info] tas: stall frame 4154504679 ms -> contributing 1 tick (patch 0286)
[21:35:28] [info] flip-probe: flip #1390 ok=true present=5ms inter_flip_ms=-7 drawcalls-since-flip=16 drawcalls-total=98399 fail-total=0 null-skips-total=0
[21:35:28] [info] backdrop cache: thrashing-detect engaged (streak=184, route=direct)
[21:35:28] [info] tas: stall frame 4154504680 ms -> contributing 1 tick (patch 0286)
[21:35:28] [info] tas: stall frame 4154504679 ms -> contributing 1 tick (patch 0286)
[21:35:28] [info] tas: stall frame 4154504680 ms -> contributing 1 tick (patch 0286)
[21:35:28] [info] flip-probe: flip #1400 ok=true present=-3ms inter_flip_ms=59 drawcalls-since-flip=17 drawcalls-total=98571 fail-total=0 null-skips-total=0
[21:35:28] [info] alpha audit block 0: 1497 total drawcalls, 0 with alpha<255 (block pct_x10=0; global 0/91000 pct_x10=0); alpha-mod skipped: block=0 global=0
[21:35:28] [info] fastpath audit block 0: taken=1497 (idx8=1497) skipped=0 pct_x10=1000; global taken=91000 (idx8=91000) skipped=0 pct_x10=1000
[21:35:28] [info] primitive tally block 0: clear=200(hr=200) fill=0(hr=0) rect=0(hr=0) line=0(hr=0) tint=0 spotlight=0 (over 100 flips ending at flip 1400)
[21:35:28] [info] phase timing block 0: drawcalls=1697 dc_total_ms=385 flip_inner_total_ms=485 inter_flip_total_ms=3028 (per-flip avg x10: dc_ms=38 fi_ms=48 if_ms=302 derived audio+engine_ms=216; per-drawcall avg us_x10=2269) [direct-vesa: presents=100 total_ms=426 avg_ms_x10=42 failed=0] [ablation: NO_DC_TIMING=0 CACHE_WINSURF=0 DIRECT_VESA=1]
[21:35:28] [info] kbd/audio block 0: kbd_irq=0 kbd_drain=0 ring_chunks=16 pump_pass=2515 pic1_mask=0xb8 first_irq_ticks=0 install_ticks=0 vector_at_install=0x0083a1f8 pic1_mask_live=0xb8 kbd_8042_stat=0x34 bios_kbd_head=0x0038 bios_kbd_tail=0x0038 bios_kbd_buf0=0x0e08
[21:35:28] [info] dirty-rect block @flip=1400: total_calls=0 dirty_rects_avg=1 dirty_pct_x10=1000 forced_full=0 first_n_force=0 threshold_exceeded=0 dirty_path_taken=0 full_flush_taken=0
[21:35:28] [info] prev-frame-diff block @flip=1400: diff_calls=0 diff_rects_avg=0 diff_dirty_pct_x10=0 bbox_pct_x10=0 bbox_thresh_exceeded=0
[21:35:29] [info] tas: stall frame 4154504679 ms -> contributing 1 tick (patch 0286)
[21:35:29] [info] tas: stall frame 4154504683 ms -> contributing 1 tick (patch 0286)
[21:35:29] [info] flip-probe: flip #1410 ok=true present=5ms inter_flip_ms=-6 drawcalls-since-flip=15 drawcalls-total=98741 fail-total=0 null-skips-total=0
[21:35:29] [info] tas: stall frame 4154504684 ms -> contributing 1 tick (patch 0286)
[21:35:29] [info] tas: stall frame 4154504685 ms -> contributing 1 tick (patch 0286)
[21:35:29] [info] flip-probe: flip #1420 ok=true present=-3ms inter_flip_ms=6 drawcalls-since-flip=14 drawcalls-total=98884 fail-total=0 null-skips-total=0
[21:35:29] [info] tas: stall frame 4154504685 ms -> contributing 1 tick (patch 0286)
[21:35:29] [info] tas: stall frame 4154504684 ms -> contributing 1 tick (patch 0286)
[21:35:29] [info] tas: stall frame 4154504684 ms -> contributing 1 tick (patch 0286)
[21:35:29] [info] flip-probe: flip #1430 ok=true present=6ms inter_flip_ms=-5 drawcalls-since-flip=228 drawcalls-total=99640 fail-total=0 null-skips-total=0
[21:35:30] [info] tas: stall frame 4154504684 ms -> contributing 1 tick (patch 0286)
[21:35:30] [info] flip-probe: flip #1440 ok=true present=52ms inter_flip_ms=-1 drawcalls-since-flip=3 drawcalls-total=102385 fail-total=0 null-skips-total=0
[21:35:30] [info]  >> Entering stage 11: 'Mimiga Village'.
[21:35:30] [info] [skip-sheet-flush] cave=7
[21:35:30] [info] [load-stage] preloading entry music song=9 (cave=7)
[21:35:30] [info] gameloop: entered (curmap=11, running=1)
[21:35:30] [info] gameloop: iter 1 ticks=84198 mapno=-1
[21:35:30] [info] mds-clear-lut: rebuilt N=240 entries (k_skip=0% k_keep=100%; curmap=11 map_size=60x60; rebuild #5 since boot)
[21:35:30] [info] gameloop: iter 2 ticks=84253 mapno=-1
[21:35:30] [info] gameloop: iter 3 ticks=84302 mapno=-1
[21:35:31] [info] tas: stall frame 4154504683 ms -> contributing 1 tick (patch 0286)
[21:35:31] [info] flip-probe: flip #1450 ok=true present=-3ms inter_flip_ms=57 drawcalls-since-flip=166 drawcalls-total=105260 fail-total=0 null-skips-total=0
[21:35:31] [info] flip-probe: flip #1460 ok=true present=-2ms inter_flip_ms=6 drawcalls-since-flip=42 drawcalls-total=105869 fail-total=0 null-skips-total=0
[21:35:31] [info] tas: stall frame 4154504683 ms -> contributing 1 tick (patch 0286)
[21:35:31] [info] tas: stall frame 4154504682 ms -> contributing 1 tick (patch 0286)
[21:35:31] [info] flip-probe: flip #1470 ok=true present=-2ms inter_flip_ms=56 drawcalls-since-flip=42 drawcalls-total=106289 fail-total=0 null-skips-total=0
[21:35:31] [info] tas: stall frame 4154504682 ms -> contributing 1 tick (patch 0286)
[21:35:32] [info] tas: stall frame 279 ms -> contributing 1 tick (patch 0286)
[21:35:32] [info] flip-probe: flip #1480 ok=true present=53ms inter_flip_ms=6 drawcalls-since-flip=42 drawcalls-total=106709 fail-total=0 null-skips-total=0
[21:35:32] [info] tas: stall frame 4154504682 ms -> contributing 1 tick (patch 0286)
[21:35:32] [info] tas: stall frame 4154504682 ms -> contributing 1 tick (patch 0286)
[21:35:32] [info] flip-probe: flip #1490 ok=true present=-3ms inter_flip_ms=1 drawcalls-since-flip=53 drawcalls-total=107151 fail-total=0 null-skips-total=0
[21:35:33] [info] flip-probe: flip #1500 ok=true present=5ms inter_flip_ms=-1 drawcalls-since-flip=49 drawcalls-total=107673 fail-total=0 null-skips-total=0
[21:35:33] [info] alpha audit block 0: 8222 total drawcalls, 0 with alpha<255 (block pct_x10=0; global 0/99222 pct_x10=0); alpha-mod skipped: block=0 global=0
[21:35:33] [info] fastpath audit block 0: taken=8222 (idx8=8222) skipped=0 pct_x10=1000; global taken=99222 (idx8=99222) skipped=0 pct_x10=1000
[21:35:33] [info] primitive tally block 0: clear=201(hr=201) fill=0(hr=0) rect=0(hr=0) line=0(hr=0) tint=0 spotlight=0 (over 100 flips ending at flip 1500)
[21:35:33] [info] color/alpha audit block 0: cmod_white=780 cmod_black=780 (idx=780) cmod_general=0 (idx=0) cmod_fb=0; alpha_taken=0 alpha_skipped=0 (global cmod=8384/6540/630/0 idx=6540/630 alpha=0/0)
[21:35:33] [info] phase timing block 0: drawcalls=10043 dc_total_ms=1257 flip_inner_total_ms=517 inter_flip_total_ms=4059 (per-flip avg x10: dc_ms=125 fi_ms=51 if_ms=405 derived audio+engine_ms=229; per-drawcall avg us_x10=1252) [direct-vesa: presents=100 total_ms=275 avg_ms_x10=27 failed=0] [ablation: NO_DC_TIMING=0 CACHE_WINSURF=0 DIRECT_VESA=1]
[21:35:33] [info] kbd/audio block 0: kbd_irq=0 kbd_drain=0 ring_chunks=16 pump_pass=2704 pic1_mask=0xb8 first_irq_ticks=0 install_ticks=0 vector_at_install=0x0083a1f8 pic1_mask_live=0xb8 kbd_8042_stat=0x34 bios_kbd_head=0x0038 bios_kbd_tail=0x0038 bios_kbd_buf0=0x0e08
[21:35:33] [info] dirty-rect block @flip=1500: total_calls=0 dirty_rects_avg=1 dirty_pct_x10=1000 forced_full=0 first_n_force=0 threshold_exceeded=0 dirty_path_taken=0 full_flush_taken=0
[21:35:33] [info] prev-frame-diff block @flip=1500: diff_calls=0 diff_rects_avg=0 diff_dirty_pct_x10=0 bbox_pct_x10=0 bbox_thresh_exceeded=0
[21:35:33] [info] backdrop cache: thrashing-detect engaged (streak=4, route=direct)
[21:35:33] [info] tas: stall frame 4154504684 ms -> contributing 1 tick (patch 0286)
[21:35:33] [info] tas: stall frame 4154504682 ms -> contributing 1 tick (patch 0286)
[21:35:33] [info] flip-probe: flip #1510 ok=true present=-3ms inter_flip_ms=54 drawcalls-since-flip=51 drawcalls-total=108173 fail-total=0 null-skips-total=0
[21:35:33] [info] tas: stall frame 4154504680 ms -> contributing 1 tick (patch 0286)
[21:35:33] [info] flip-probe: flip #1520 ok=true present=53ms inter_flip_ms=8 drawcalls-since-flip=46 drawcalls-total=108634 fail-total=0 null-skips-total=0
[21:35:33] [info] tas: stall frame 4154504677 ms -> contributing 1 tick (patch 0286)
[21:35:33] [info] tas: stall frame 4154504685 ms -> contributing 1 tick (patch 0286)
[21:35:33] [info] tas: stall frame 4154504685 ms -> contributing 1 tick (patch 0286)
[21:35:34] [info] flip-probe: flip #1530 ok=true present=52ms inter_flip_ms=1 drawcalls-since-flip=43 drawcalls-total=109087 fail-total=0 null-skips-total=0
[21:35:34] [info] flip-probe: flip #1540 ok=true present=5ms inter_flip_ms=48 drawcalls-since-flip=44 drawcalls-total=109525 fail-total=0 null-skips-total=0
[21:35:34] [info] tas: stall frame 4154504683 ms -> contributing 1 tick (patch 0286)
[21:35:34] [info] flip-probe: flip #1550 ok=true present=-3ms inter_flip_ms=59 drawcalls-since-flip=44 drawcalls-total=109971 fail-total=0 null-skips-total=0
[21:35:34] [info] tas: stall frame 4154504685 ms -> contributing 1 tick (patch 0286)
[21:35:35] [info] flip-probe: flip #1560 ok=true present=6ms inter_flip_ms=48 drawcalls-since-flip=46 drawcalls-total=110412 fail-total=0 null-skips-total=0
[21:35:35] [info] tas: stall frame 4154504682 ms -> contributing 1 tick (patch 0286)
[21:35:35] [info] backdrop cache: thrashing-detect engaged (streak=64, route=direct)
[21:35:35] [info] tas: stall frame 4154504683 ms -> contributing 1 tick (patch 0286)
[21:35:35] [info] tas: stall frame 4154504682 ms -> contributing 1 tick (patch 0286)
[21:35:35] [info] flip-probe: flip #1570 ok=true present=5ms inter_flip_ms=-6 drawcalls-since-flip=19 drawcalls-total=110606 fail-total=0 null-skips-total=0
[21:35:35] [info] tas: stall frame 4154504679 ms -> contributing 1 tick (patch 0286)
[21:35:35] [info] tas: stall frame 4154504682 ms -> contributing 1 tick (patch 0286)
[21:35:35] [info] flip-probe: flip #1580 ok=true present=5ms inter_flip_ms=-2 drawcalls-since-flip=19 drawcalls-total=110796 fail-total=0 null-skips-total=0
[21:35:35] [info] tas: stall frame 4154504683 ms -> contributing 1 tick (patch 0286)
[21:35:35] [info] flip-probe: flip #1590 ok=true present=5ms inter_flip_ms=50 drawcalls-since-flip=19 drawcalls-total=110986 fail-total=0 null-skips-total=0
[21:35:35] [info] tas: stall frame 4154504683 ms -> contributing 1 tick (patch 0286)
[21:35:36] [info] tas: stall frame 4154504683 ms -> contributing 1 tick (patch 0286)
[21:35:36] [info] tas: stall frame 4154504684 ms -> contributing 1 tick (patch 0286)
[21:35:36] [info] flip-probe: flip #1600 ok=true present=6ms inter_flip_ms=49 drawcalls-since-flip=19 drawcalls-total=111176 fail-total=0 null-skips-total=0
[21:35:36] [info] alpha audit block 0: 2623 total drawcalls, 0 with alpha<255 (block pct_x10=0; global 0/101845 pct_x10=0); alpha-mod skipped: block=0 global=0
[21:35:36] [info] fastpath audit block 0: taken=2623 (idx8=2623) skipped=0 pct_x10=1000; global taken=101845 (idx8=101845) skipped=0 pct_x10=1000
[21:35:36] [info] primitive tally block 0: clear=200(hr=200) fill=0(hr=0) rect=0(hr=0) line=0(hr=0) tint=0 spotlight=0 (over 100 flips ending at flip 1600)
[21:35:36] [info] color/alpha audit block 0: cmod_white=780 cmod_black=780 (idx=780) cmod_general=0 (idx=0) cmod_fb=0; alpha_taken=0 alpha_skipped=0 (global cmod=9164/7320/630/0 idx=7320/630 alpha=0/0)
[21:35:36] [info] phase timing block 0: drawcalls=4385 dc_total_ms=525 flip_inner_total_ms=554 inter_flip_total_ms=3294 (per-flip avg x10: dc_ms=52 fi_ms=55 if_ms=329 derived audio+engine_ms=222; per-drawcall avg us_x10=1197) [direct-vesa: presents=100 total_ms=464 avg_ms_x10=46 failed=0] [ablation: NO_DC_TIMING=0 CACHE_WINSURF=0 DIRECT_VESA=1]
[21:35:36] [info] kbd/audio block 0: kbd_irq=0 kbd_drain=0 ring_chunks=16 pump_pass=2885 pic1_mask=0xb8 first_irq_ticks=0 install_ticks=0 vector_at_install=0x0083a1f8 pic1_mask_live=0xb8 kbd_8042_stat=0x34 bios_kbd_head=0x0038 bios_kbd_tail=0x0038 bios_kbd_buf0=0x0e08
[21:35:36] [info] dirty-rect block @flip=1600: total_calls=0 dirty_rects_avg=1 dirty_pct_x10=1000 forced_full=0 first_n_force=0 threshold_exceeded=0 dirty_path_taken=0 full_flush_taken=0
[21:35:36] [info] prev-frame-diff block @flip=1600: diff_calls=0 diff_rects_avg=0 diff_dirty_pct_x10=0 bbox_pct_x10=0 bbox_thresh_exceeded=0
[21:35:36] [info] tas: stall frame 4154504685 ms -> contributing 1 tick (patch 0286)
[21:35:36] [info] flip-probe: flip #1610 ok=true present=53ms inter_flip_ms=4 drawcalls-since-flip=19 drawcalls-total=111366 fail-total=0 null-skips-total=0
[21:35:36] [info] tas: stall frame 4154504683 ms -> contributing 1 tick (patch 0286)
[21:35:36] [info] tas: stall frame 4154504683 ms -> contributing 1 tick (patch 0286)
[21:35:36] [info] flip-probe: flip #1620 ok=true present=-2ms inter_flip_ms=5 drawcalls-since-flip=19 drawcalls-total=111556 fail-total=0 null-skips-total=0
[21:35:36] [info] tas: stall frame 4154504679 ms -> contributing 1 tick (patch 0286)
[21:35:36] [info] backdrop cache: thrashing-detect engaged (streak=124, route=direct)
[21:35:37] [info] tas: stall frame 4154504682 ms -> contributing 1 tick (patch 0286)
[21:35:37] [info] flip-probe: flip #1630 ok=true present=-2ms inter_flip_ms=54 drawcalls-since-flip=19 drawcalls-total=111746 fail-total=0 null-skips-total=0
[21:35:37] [info] tas: stall frame 4154504682 ms -> contributing 1 tick (patch 0286)
[21:35:37] [info] flip-probe: flip #1640 ok=true present=-3ms inter_flip_ms=2 drawcalls-since-flip=18 drawcalls-total=111935 fail-total=0 null-skips-total=0
[21:35:37] [info] tas: stall frame 4154504683 ms -> contributing 1 tick (patch 0286)
[21:35:37] [info] tas: stall frame 4154504682 ms -> contributing 1 tick (patch 0286)
[21:35:37] [info] flip-probe: flip #1650 ok=true present=-3ms inter_flip_ms=55 drawcalls-since-flip=18 drawcalls-total=112115 fail-total=0 null-skips-total=0
[21:35:37] [info] tas: stall frame 4154504683 ms -> contributing 1 tick (patch 0286)
[21:35:38] [info] tas: stall frame 4154504679 ms -> contributing 1 tick (patch 0286)
[21:35:38] [info] tas: stall frame 4154504682 ms -> contributing 1 tick (patch 0286)
[21:35:38] [info] flip-probe: flip #1660 ok=true present=-2ms inter_flip_ms=274 drawcalls-since-flip=18 drawcalls-total=112295 fail-total=0 null-skips-total=0
[21:35:38] [info] tas: stall frame 276 ms -> contributing 1 tick (patch 0286)
[21:35:38] [info] tas: stall frame 4154504682 ms -> contributing 1 tick (patch 0286)
[21:35:38] [info] flip-probe: flip #1670 ok=true present=-2ms inter_flip_ms=-4 drawcalls-since-flip=17 drawcalls-total=112469 fail-total=0 null-skips-total=0
[21:35:38] [info] tas: stall frame 4154504685 ms -> contributing 1 tick (patch 0286)
[21:35:38] [info] flip-probe: flip #1680 ok=true present=6ms inter_flip_ms=-3 drawcalls-since-flip=17 drawcalls-total=112639 fail-total=0 null-skips-total=0
[21:35:39] [info] backdrop cache: thrashing-detect engaged (streak=184, route=direct)
[21:35:39] [info] tas: stall frame 4154504684 ms -> contributing 1 tick (patch 0286)
[21:35:39] [info] flip-probe: flip #1690 ok=true present=6ms inter_flip_ms=47 drawcalls-since-flip=18 drawcalls-total=112813 fail-total=0 null-skips-total=0
[21:35:39] [info] tas: stall frame 4154504682 ms -> contributing 1 tick (patch 0286)
[21:35:39] [info] tas: stall frame 4154504681 ms -> contributing 1 tick (patch 0286)
[21:35:39] [info] tas: stall frame 4154504681 ms -> contributing 1 tick (patch 0286)
[21:35:39] [info] flip-probe: flip #1700 ok=true present=6ms inter_flip_ms=-4 drawcalls-since-flip=19 drawcalls-total=112999 fail-total=0 null-skips-total=0
[21:35:39] [info] alpha audit block 0: 1723 total drawcalls, 0 with alpha<255 (block pct_x10=0; global 0/103568 pct_x10=0); alpha-mod skipped: block=0 global=0
[21:35:39] [info] fastpath audit block 0: taken=1723 (idx8=1723) skipped=0 pct_x10=1000; global taken=103568 (idx8=103568) skipped=0 pct_x10=1000
[21:35:39] [info] primitive tally block 0: clear=200(hr=200) fill=0(hr=0) rect=0(hr=0) line=0(hr=0) tint=0 spotlight=0 (over 100 flips ending at flip 1700)
[21:35:39] [info] phase timing block 0: drawcalls=1923 dc_total_ms=465 flip_inner_total_ms=299 inter_flip_total_ms=3295 (per-flip avg x10: dc_ms=46 fi_ms=29 if_ms=329 derived audio+engine_ms=254; per-drawcall avg us_x10=2418) [direct-vesa: presents=100 total_ms=190 avg_ms_x10=19 failed=0] [ablation: NO_DC_TIMING=0 CACHE_WINSURF=0 DIRECT_VESA=1]
[21:35:39] [info] kbd/audio block 0: kbd_irq=0 kbd_drain=0 ring_chunks=16 pump_pass=3059 pic1_mask=0xb8 first_irq_ticks=0 install_ticks=0 vector_at_install=0x0083a1f8 pic1_mask_live=0xb8 kbd_8042_stat=0x34 bios_kbd_head=0x0038 bios_kbd_tail=0x0038 bios_kbd_buf0=0x0e08
[21:35:39] [info] dirty-rect block @flip=1700: total_calls=0 dirty_rects_avg=1 dirty_pct_x10=1000 forced_full=0 first_n_force=0 threshold_exceeded=0 dirty_path_taken=0 full_flush_taken=0
[21:35:39] [info] prev-frame-diff block @flip=1700: diff_calls=0 diff_rects_avg=0 diff_dirty_pct_x10=0 bbox_pct_x10=0 bbox_thresh_exceeded=0
[21:35:39] [info] tas: stall frame 4154504682 ms -> contributing 1 tick (patch 0286)
[21:35:39] [info] tas: stall frame 4154504683 ms -> contributing 1 tick (patch 0286)
[21:35:39] [info] flip-probe: flip #1710 ok=true present=6ms inter_flip_ms=55 drawcalls-since-flip=19 drawcalls-total=113189 fail-total=0 null-skips-total=0
[21:35:40] [info] flip-probe: flip #1720 ok=true present=6ms inter_flip_ms=56 drawcalls-since-flip=19 drawcalls-total=113379 fail-total=0 null-skips-total=0
[21:35:40] [info] tas: stall frame 4154504685 ms -> contributing 1 tick (patch 0286)
[21:35:40] [info] tas: stall frame 4154504681 ms -> contributing 1 tick (patch 0286)
[21:35:40] [info] flip-probe: flip #1730 ok=true present=53ms inter_flip_ms=3 drawcalls-since-flip=19 drawcalls-total=113569 fail-total=0 null-skips-total=0
[21:35:40] [info] tas: stall frame 4154504682 ms -> contributing 1 tick (patch 0286)
[21:35:40] [info] tas: stall frame 4154504679 ms -> contributing 1 tick (patch 0286)
[21:35:40] [info] tas: stall frame 4154504681 ms -> contributing 1 tick (patch 0286)
[21:35:40] [info] flip-probe: flip #1740 ok=true present=-3ms inter_flip_ms=54 drawcalls-since-flip=18 drawcalls-total=113751 fail-total=0 null-skips-total=0
[21:35:40] [info] tas: stall frame 4154504681 ms -> contributing 1 tick (patch 0286)
[21:35:40] [info] backdrop cache: thrashing-detect engaged (streak=244, route=direct)
[21:35:41] [info] flip-probe: flip #1750 ok=true present=53ms inter_flip_ms=5 drawcalls-since-flip=17 drawcalls-total=113921 fail-total=0 null-skips-total=0
[21:35:41] [info] tas: stall frame 4154504682 ms -> contributing 1 tick (patch 0286)
[21:35:41] [info] flip-probe: flip #1760 ok=true present=-3ms inter_flip_ms=56 drawcalls-since-flip=18 drawcalls-total=114101 fail-total=0 null-skips-total=0
[21:35:41] [info] flip-probe: flip #1770 ok=true present=-3ms inter_flip_ms=2 drawcalls-since-flip=18 drawcalls-total=114281 fail-total=0 null-skips-total=0
[21:35:41] [info] tas: stall frame 4154504682 ms -> contributing 1 tick (patch 0286)
[21:35:41] [info] tas: stall frame 4154504682 ms -> contributing 1 tick (patch 0286)
[21:35:42] [info] flip-probe: flip #1780 ok=true present=-3ms inter_flip_ms=55 drawcalls-since-flip=19 drawcalls-total=114466 fail-total=0 null-skips-total=0
[21:35:42] [info] flip-probe: flip #1790 ok=true present=-2ms inter_flip_ms=4 drawcalls-since-flip=19 drawcalls-total=114656 fail-total=0 null-skips-total=0
[21:35:42] [info] tas: stall frame 4154504680 ms -> contributing 1 tick (patch 0286)
[21:35:42] [info] tas: stall frame 4154504682 ms -> contributing 1 tick (patch 0286)
[21:35:42] [info] flip-probe: flip #1800 ok=true present=6ms inter_flip_ms=49 drawcalls-since-flip=19 drawcalls-total=114846 fail-total=0 null-skips-total=0
[21:35:42] [info] alpha audit block 0: 1747 total drawcalls, 0 with alpha<255 (block pct_x10=0; global 0/105315 pct_x10=0); alpha-mod skipped: block=0 global=0
[21:35:42] [info] fastpath audit block 0: taken=1747 (idx8=1747) skipped=0 pct_x10=1000; global taken=105315 (idx8=105315) skipped=0 pct_x10=1000
[21:35:42] [info] primitive tally block 0: clear=200(hr=200) fill=0(hr=0) rect=0(hr=0) line=0(hr=0) tint=0 spotlight=0 (over 100 flips ending at flip 1800)
[21:35:42] [info] phase timing block 0: drawcalls=1947 dc_total_ms=179 flip_inner_total_ms=642 inter_flip_total_ms=3076 (per-flip avg x10: dc_ms=17 fi_ms=64 if_ms=307 derived audio+engine_ms=226; per-drawcall avg us_x10=922) [direct-vesa: presents=100 total_ms=584 avg_ms_x10=58 failed=0] [ablation: NO_DC_TIMING=0 CACHE_WINSURF=0 DIRECT_VESA=1]
[21:35:42] [info] kbd/audio block 0: kbd_irq=0 kbd_drain=0 ring_chunks=16 pump_pass=3226 pic1_mask=0xb8 first_irq_ticks=0 install_ticks=0 vector_at_install=0x0083a1f8 pic1_mask_live=0xb8 kbd_8042_stat=0x34 bios_kbd_head=0x0038 bios_kbd_tail=0x0038 bios_kbd_buf0=0x0e08
[21:35:42] [info] dirty-rect block @flip=1800: total_calls=0 dirty_rects_avg=1 dirty_pct_x10=1000 forced_full=0 first_n_force=0 threshold_exceeded=0 dirty_path_taken=0 full_flush_taken=0
[21:35:42] [info] prev-frame-diff block @flip=1800: diff_calls=0 diff_rects_avg=0 diff_dirty_pct_x10=0 bbox_pct_x10=0 bbox_thresh_exceeded=0
[21:35:42] [info] tas: stall frame 4154504684 ms -> contributing 1 tick (patch 0286)
[21:35:42] [info] backdrop cache: thrashing-detect engaged (streak=304, route=direct)
[21:35:42] [info] tas: stall frame 4154504679 ms -> contributing 1 tick (patch 0286)
[21:35:42] [info] flip-probe: flip #1810 ok=true present=-2ms inter_flip_ms=2 drawcalls-since-flip=19 drawcalls-total=115036 fail-total=0 null-skips-total=0
[21:35:43] [info] tas: stall frame 4154504678 ms -> contributing 1 tick (patch 0286)
[21:35:43] [info] tas: stall frame 4154504683 ms -> contributing 1 tick (patch 0286)
[21:35:43] [info] flip-probe: flip #1820 ok=true present=-3ms inter_flip_ms=62 drawcalls-since-flip=20 drawcalls-total=115236 fail-total=0 null-skips-total=0
[21:35:43] [info] tas: stall frame 4154504682 ms -> contributing 1 tick (patch 0286)
[21:35:43] [info] flip-probe: flip #1830 ok=true present=5ms inter_flip_ms=-3 drawcalls-since-flip=20 drawcalls-total=115436 fail-total=0 null-skips-total=0
[21:35:43] [info] tas: stall frame 4154504682 ms -> contributing 1 tick (patch 0286)
[21:35:43] [info] tas: stall frame 4154504683 ms -> contributing 1 tick (patch 0286)
[21:35:43] [info] flip-probe: flip #1840 ok=true present=-2ms inter_flip_ms=5 drawcalls-since-flip=20 drawcalls-total=115636 fail-total=0 null-skips-total=0
[21:35:44] [info] run_tick_fixed #3300: heartbeat (loop alive)
[21:35:44] [info] tas: stall frame 214 ms -> contributing 1 tick (patch 0286)
[21:35:44] [info] tas: stall frame 4154504682 ms -> contributing 1 tick (patch 0286)
[21:35:44] [info] tas: stall frame 4154504682 ms -> contributing 1 tick (patch 0286)
[21:35:44] [info] flip-probe: flip #1850 ok=true present=-3ms inter_flip_ms=52 drawcalls-since-flip=17 drawcalls-total=115833 fail-total=0 null-skips-total=0
[21:35:44] [info] tas: stall frame 4154504682 ms -> contributing 1 tick (patch 0286)
[21:35:44] [info] flip-probe: flip #1860 ok=true present=5ms inter_flip_ms=2 drawcalls-since-flip=17 drawcalls-total=116003 fail-total=0 null-skips-total=0
[21:35:44] [info] tas: stall frame 4154504683 ms -> contributing 1 tick (patch 0286)
[21:35:44] [info] backdrop cache: thrashing-detect engaged (streak=364, route=direct)
[21:35:44] [info] tas: stall frame 4154504679 ms -> contributing 1 tick (patch 0286)
[21:35:44] [info] tas: stall frame 4154504684 ms -> contributing 1 tick (patch 0286)
[21:35:45] [info] tas: stall frame 4154504682 ms -> contributing 1 tick (patch 0286)
[21:35:45] [info] flip-probe: flip #1870 ok=true present=-2ms inter_flip_ms=60 drawcalls-since-flip=17 drawcalls-total=116173 fail-total=0 null-skips-total=0
[21:35:45] [info] tas: stall frame 4154504682 ms -> contributing 1 tick (patch 0286)
[21:35:45] [info] tas: stall frame 4154504683 ms -> contributing 1 tick (patch 0286)
[21:35:45] [info] flip-probe: flip #1880 ok=true present=-2ms inter_flip_ms=5 drawcalls-since-flip=17 drawcalls-total=116343 fail-total=0 null-skips-total=0
[21:35:45] [info] tas: stall frame 4154504680 ms -> contributing 1 tick (patch 0286)
[21:35:45] [info] tas: stall frame 4154504683 ms -> contributing 1 tick (patch 0286)
[21:35:45] [info] flip-probe: flip #1890 ok=true present=-3ms inter_flip_ms=56 drawcalls-since-flip=19 drawcalls-total=116526 fail-total=0 null-skips-total=0
[21:35:45] [info] tas: stall frame 4154504683 ms -> contributing 1 tick (patch 0286)
[21:35:45] [info] tas: stall frame 4154504682 ms -> contributing 1 tick (patch 0286)
[21:35:46] [info] flip-probe: flip #1900 ok=true present=53ms inter_flip_ms=1 drawcalls-since-flip=17 drawcalls-total=116703 fail-total=0 null-skips-total=0
[21:35:46] [info] alpha audit block 0: 1757 total drawcalls, 0 with alpha<255 (block pct_x10=0; global 0/107072 pct_x10=0); alpha-mod skipped: block=0 global=0
[21:35:46] [info] fastpath audit block 0: taken=1757 (idx8=1757) skipped=0 pct_x10=1000; global taken=107072 (idx8=107072) skipped=0 pct_x10=1000
[21:35:46] [info] primitive tally block 0: clear=200(hr=200) fill=0(hr=0) rect=0(hr=0) line=0(hr=0) tint=0 spotlight=0 (over 100 flips ending at flip 1900)
[21:35:46] [info] phase timing block 0: drawcalls=1957 dc_total_ms=290 flip_inner_total_ms=713 inter_flip_total_ms=3356 (per-flip avg x10: dc_ms=29 fi_ms=71 if_ms=335 derived audio+engine_ms=235; per-drawcall avg us_x10=1482) [direct-vesa: presents=100 total_ms=322 avg_ms_x10=32 failed=0] [ablation: NO_DC_TIMING=0 CACHE_WINSURF=0 DIRECT_VESA=1]
[21:35:46] [info] kbd/audio block 0: kbd_irq=0 kbd_drain=0 ring_chunks=16 pump_pass=3409 pic1_mask=0xb8 first_irq_ticks=0 install_ticks=0 vector_at_install=0x0083a1f8 pic1_mask_live=0xb8 kbd_8042_stat=0x34 bios_kbd_head=0x0038 bios_kbd_tail=0x0038 bios_kbd_buf0=0x0e08
[21:35:46] [info] dirty-rect block @flip=1900: total_calls=0 dirty_rects_avg=1 dirty_pct_x10=1000 forced_full=0 first_n_force=0 threshold_exceeded=0 dirty_path_taken=0 full_flush_taken=0
[21:35:46] [info] prev-frame-diff block @flip=1900: diff_calls=0 diff_rects_avg=0 diff_dirty_pct_x10=0 bbox_pct_x10=0 bbox_thresh_exceeded=0
[21:35:46] [info] tas: stall frame 4154504683 ms -> contributing 1 tick (patch 0286)
[21:35:46] [info] flip-probe: flip #1910 ok=true present=-2ms inter_flip_ms=57 drawcalls-since-flip=16 drawcalls-total=116871 fail-total=0 null-skips-total=0
[21:35:46] [info] tas: stall frame 4154504682 ms -> contributing 1 tick (patch 0286)
[21:35:46] [info] tas: stall frame 4154504684 ms -> contributing 1 tick (patch 0286)
[21:35:46] [info] flip-probe: flip #1920 ok=true present=-3ms inter_flip_ms=50 drawcalls-since-flip=17 drawcalls-total=117032 fail-total=0 null-skips-total=0
[21:35:46] [info] tas: stall frame 4154504683 ms -> contributing 1 tick (patch 0286)
[21:35:46] [info] backdrop cache: thrashing-detect engaged (streak=424, route=direct)
[21:35:46] [info] tas: stall frame 4154504683 ms -> contributing 1 tick (patch 0286)
[21:35:46] [info] tas: stall frame 4154504684 ms -> contributing 1 tick (patch 0286)
[21:35:47] [info] flip-probe: flip #1930 ok=true present=6ms inter_flip_ms=54 drawcalls-since-flip=17 drawcalls-total=117202 fail-total=0 null-skips-total=0
[21:35:47] [info] tas: stall frame 4154504683 ms -> contributing 1 tick (patch 0286)
[21:35:47] [info] tas: stall frame 4154504683 ms -> contributing 1 tick (patch 0286)
[21:35:47] [info] flip-probe: flip #1940 ok=true present=5ms inter_flip_ms=-3 drawcalls-since-flip=17 drawcalls-total=117372 fail-total=0 null-skips-total=0
[21:35:47] [info] tas: stall frame 4154504683 ms -> contributing 1 tick (patch 0286)
[21:35:47] [info] tas: stall frame 4154504680 ms -> contributing 1 tick (patch 0286)
[21:35:47] [info] flip-probe: flip #1950 ok=true present=-2ms inter_flip_ms=58 drawcalls-since-flip=17 drawcalls-total=117542 fail-total=0 null-skips-total=0
[21:35:47] [info] tas: stall frame 4154504683 ms -> contributing 1 tick (patch 0286)
[21:35:47] [info] tas: stall frame 4154504680 ms -> contributing 1 tick (patch 0286)
[21:35:47] [info] tas: stall frame 4154504684 ms -> contributing 1 tick (patch 0286)
[21:35:47] [info] flip-probe: flip #1960 ok=true present=6ms inter_flip_ms=50 drawcalls-since-flip=18 drawcalls-total=117719 fail-total=0 null-skips-total=0
[21:35:48] [info] tas: stall frame 4154504685 ms -> contributing 1 tick (patch 0286)
[21:35:48] [info] flip-probe: flip #1970 ok=true present=-3ms inter_flip_ms=60 drawcalls-since-flip=335 drawcalls-total=119161 fail-total=0 null-skips-total=0
[21:35:48] [info]  >> Entering stage 19: 'Assembly Hall'.
[21:35:48] [info] [skip-sheet-flush] cave=8
[21:35:49] [info] [load-stage] preloading entry music song=9 (cave=8)
[21:35:49] [info] gameloop: entered (curmap=19, running=1)
[21:35:49] [info] gameloop: iter 1 ticks=102707 mapno=-1
[21:35:49] [info] tas: stall frame 4154504683 ms -> contributing 1 tick (patch 0286)
[21:35:49] [info] mds-clear-lut: rebuilt N=240 entries (k_skip=100% k_keep=0%; curmap=19 map_size=21x16; rebuild #6 since boot)
[21:35:49] [info] gameloop: iter 2 ticks=102816 mapno=-1
[21:35:49] [info] gameloop: iter 3 ticks=102871 mapno=-1
[21:35:49] [info] flip-probe: flip #1980 ok=true present=-3ms inter_flip_ms=57 drawcalls-since-flip=463 drawcalls-total=122711 fail-total=0 null-skips-total=0
[21:35:49] [info] tas: stall frame 4154504683 ms -> contributing 1 tick (patch 0286)
[21:35:49] [info] flip-probe: flip #1990 ok=true present=-2ms inter_flip_ms=52 drawcalls-since-flip=115 drawcalls-total=125825 fail-total=0 null-skips-total=0
[21:35:50] [info] tas: stall frame 274 ms -> contributing 1 tick (patch 0286)
[21:35:50] [info] tas: stall frame 4154504684 ms -> contributing 1 tick (patch 0286)
[21:35:50] [info] flip-probe: flip #2000 ok=true present=6ms inter_flip_ms=49 drawcalls-since-flip=122 drawcalls-total=127012 fail-total=0 null-skips-total=0
[21:35:50] [info] alpha audit block 0: 9933 total drawcalls, 0 with alpha<255 (block pct_x10=0; global 0/117005 pct_x10=0); alpha-mod skipped: block=0 global=0
[21:35:50] [info] fastpath audit block 0: taken=9933 (idx8=9933) skipped=0 pct_x10=1000; global taken=117005 (idx8=117005) skipped=0 pct_x10=1000
[21:35:50] [info] primitive tally block 0: clear=201(hr=201) fill=0(hr=0) rect=0(hr=0) line=0(hr=0) tint=0 spotlight=0 (over 100 flips ending at flip 2000)
[21:35:50] [info] color/alpha audit block 0: cmod_white=276 cmod_black=276 (idx=276) cmod_general=0 (idx=0) cmod_fb=0; alpha_taken=0 alpha_skipped=0 (global cmod=9440/7596/630/0 idx=7596/630 alpha=0/0)
[21:35:50] [info] phase timing block 0: drawcalls=10709 dc_total_ms=1197 flip_inner_total_ms=482 inter_flip_total_ms=4444 (per-flip avg x10: dc_ms=119 fi_ms=48 if_ms=444 derived audio+engine_ms=277; per-drawcall avg us_x10=1118) [direct-vesa: presents=100 total_ms=203 avg_ms_x10=20 failed=0] [ablation: NO_DC_TIMING=0 CACHE_WINSURF=0 DIRECT_VESA=1]
[21:35:50] [info] kbd/audio block 0: kbd_irq=0 kbd_drain=0 ring_chunks=16 pump_pass=3608 pic1_mask=0xb8 first_irq_ticks=0 install_ticks=0 vector_at_install=0x0083a1f8 pic1_mask_live=0xb8 kbd_8042_stat=0x34 bios_kbd_head=0x0038 bios_kbd_tail=0x0038 bios_kbd_buf0=0x0e08
[21:35:50] [info] dirty-rect block @flip=2000: total_calls=0 dirty_rects_avg=1 dirty_pct_x10=1000 forced_full=0 first_n_force=0 threshold_exceeded=0 dirty_path_taken=0 full_flush_taken=0
[21:35:50] [info] prev-frame-diff block @flip=2000: diff_calls=0 diff_rects_avg=0 diff_dirty_pct_x10=0 bbox_pct_x10=0 bbox_thresh_exceeded=0
[21:35:50] [info] tas: stall frame 4154504681 ms -> contributing 1 tick (patch 0286)
[21:35:50] [info] flip-probe: flip #2010 ok=true present=-2ms inter_flip_ms=54 drawcalls-since-flip=126 drawcalls-total=128250 fail-total=0 null-skips-total=0
[21:35:50] [info] tas: stall frame 4154504684 ms -> contributing 1 tick (patch 0286)
[21:35:51] [info] flip-probe: flip #2020 ok=true present=-3ms inter_flip_ms=54 drawcalls-since-flip=122 drawcalls-total=129488 fail-total=0 null-skips-total=0
[21:35:51] [info] tas: stall frame 4154504682 ms -> contributing 1 tick (patch 0286)
[21:35:51] [info] tas: stall frame 4154504684 ms -> contributing 1 tick (patch 0286)
[21:35:51] [info] tas: stall frame 4154504684 ms -> contributing 1 tick (patch 0286)
[21:35:51] [info] tas: stall frame 4154504682 ms -> contributing 1 tick (patch 0286)
[21:35:51] [info] flip-probe: flip #2030 ok=true present=6ms inter_flip_ms=51 drawcalls-since-flip=122 drawcalls-total=130708 fail-total=0 null-skips-total=0
[21:35:51] [info] tas: stall frame 4154504685 ms -> contributing 1 tick (patch 0286)
[21:35:51] [info] flip-probe: flip #2040 ok=true present=5ms inter_flip_ms=55 drawcalls-since-flip=125 drawcalls-total=131952 fail-total=0 null-skips-total=0
[21:35:51] [info] tas: stall frame 4154504683 ms -> contributing 1 tick (patch 0286)
[21:35:52] [info] tas: stall frame 4154504684 ms -> contributing 1 tick (patch 0286)
[21:35:52] [info] flip-probe: flip #2050 ok=true present=6ms inter_flip_ms=52 drawcalls-since-flip=122 drawcalls-total=133183 fail-total=0 null-skips-total=0
[21:35:52] [info] tas: stall frame 4154504684 ms -> contributing 1 tick (patch 0286)
[21:35:52] [info] tas: stall frame 4154504684 ms -> contributing 1 tick (patch 0286)
[21:35:52] [info] flip-probe: flip #2060 ok=true present=-3ms inter_flip_ms=63 drawcalls-since-flip=122 drawcalls-total=134403 fail-total=0 null-skips-total=0
[21:35:52] [info] tas: stall frame 4154504682 ms -> contributing 1 tick (patch 0286)
[21:35:52] [info] tas: stall frame 4154504684 ms -> contributing 1 tick (patch 0286)
[21:35:52] [info] flip-probe: flip #2070 ok=true present=-3ms inter_flip_ms=-1 drawcalls-since-flip=122 drawcalls-total=135623 fail-total=0 null-skips-total=0
[21:35:52] [info] tas: stall frame 4154504684 ms -> contributing 1 tick (patch 0286)
[21:35:52] [info] tas: stall frame 4154504684 ms -> contributing 1 tick (patch 0286)
[21:35:53] [info] flip-probe: flip #2080 ok=true present=-3ms inter_flip_ms=5 drawcalls-since-flip=122 drawcalls-total=136843 fail-total=0 null-skips-total=0
[21:35:53] [info] tas: stall frame 4154504684 ms -> contributing 1 tick (patch 0286)
[21:35:53] [info] tas: stall frame 4154504682 ms -> contributing 1 tick (patch 0286)
[21:35:53] [info] flip-probe: flip #2090 ok=true present=-3ms inter_flip_ms=58 drawcalls-since-flip=462 drawcalls-total=139999 fail-total=0 null-skips-total=0
[21:35:53] [info]  >> Entering stage 11: 'Mimiga Village'.
[21:35:53] [info] [skip-sheet-flush] cave=9
[21:35:54] [info] [load-stage] preloading entry music song=9 (cave=9)
[21:35:54] [info] gameloop: entered (curmap=11, running=1)
[21:35:54] [info] gameloop: iter 1 ticks=107865 mapno=-1
[21:35:54] [info] mds-clear-lut: rebuilt N=240 entries (k_skip=0% k_keep=100%; curmap=11 map_size=60x60; rebuild #7 since boot)
[21:35:54] [info] gameloop: iter 2 ticks=107923 mapno=-1
[21:35:54] [info] gameloop: iter 3 ticks=108034 mapno=-1
[21:35:54] [info] flip-probe: flip #2100 ok=true present=5ms inter_flip_ms=51 drawcalls-since-flip=384 drawcalls-total=143603 fail-total=0 null-skips-total=0
[21:35:54] [info] alpha audit block 0: 15287 total drawcalls, 0 with alpha<255 (block pct_x10=0; global 0/132292 pct_x10=0); alpha-mod skipped: block=0 global=0
[21:35:54] [info] fastpath audit block 0: taken=15287 (idx8=15287) skipped=0 pct_x10=1000; global taken=132292 (idx8=132292) skipped=0 pct_x10=1000
[21:35:54] [info] primitive tally block 0: clear=202(hr=202) fill=0(hr=0) rect=0(hr=0) line=0(hr=0) tint=0 spotlight=0 (over 100 flips ending at flip 2100)
[21:35:54] [info] color/alpha audit block 0: cmod_white=1204 cmod_black=1204 (idx=1204) cmod_general=0 (idx=0) cmod_fb=0; alpha_taken=0 alpha_skipped=0 (global cmod=10644/8800/630/0 idx=8800/630 alpha=0/0)
[21:35:54] [info] phase timing block 0: drawcalls=17997 dc_total_ms=1069 flip_inner_total_ms=302 inter_flip_total_ms=4228 (per-flip avg x10: dc_ms=106 fi_ms=30 if_ms=422 derived audio+engine_ms=286; per-drawcall avg us_x10=594) [direct-vesa: presents=100 total_ms=310 avg_ms_x10=31 failed=0] [ablation: NO_DC_TIMING=0 CACHE_WINSURF=0 DIRECT_VESA=1]
[21:35:54] [info] kbd/audio block 0: kbd_irq=0 kbd_drain=0 ring_chunks=16 pump_pass=3810 pic1_mask=0xb8 first_irq_ticks=0 install_ticks=0 vector_at_install=0x0083a1f8 pic1_mask_live=0xb8 kbd_8042_stat=0x34 bios_kbd_head=0x0038 bios_kbd_tail=0x0038 bios_kbd_buf0=0x0e08
[21:35:54] [info] dirty-rect block @flip=2100: total_calls=0 dirty_rects_avg=1 dirty_pct_x10=1000 forced_full=0 first_n_force=0 threshold_exceeded=0 dirty_path_taken=0 full_flush_taken=0
[21:35:54] [info] prev-frame-diff block @flip=2100: diff_calls=0 diff_rects_avg=0 diff_dirty_pct_x10=0 bbox_pct_x10=0 bbox_thresh_exceeded=0
[21:35:54] [info] backdrop cache: thrashing-detect engaged (streak=4, route=direct)
[21:35:54] [info] tas: stall frame 4154504684 ms -> contributing 1 tick (patch 0286)
[21:35:55] [info] tas: stall frame 4154504683 ms -> contributing 1 tick (patch 0286)
[21:35:55] [info] flip-probe: flip #2110 ok=true present=-3ms inter_flip_ms=4 drawcalls-since-flip=43 drawcalls-total=145134 fail-total=0 null-skips-total=0
[21:35:55] [info] tas: stall frame 4154504684 ms -> contributing 1 tick (patch 0286)
[21:35:55] [info] tas: stall frame 4154504682 ms -> contributing 1 tick (patch 0286)
[21:35:55] [info] tas: stall frame 275 ms -> contributing 1 tick (patch 0286)
[21:35:55] [info] tas: stall frame 4154504682 ms -> contributing 1 tick (patch 0286)
[21:35:55] [info] flip-probe: flip #2120 ok=true present=-3ms inter_flip_ms=1 drawcalls-since-flip=43 drawcalls-total=145564 fail-total=0 null-skips-total=0
[21:35:55] [info] tas: stall frame 4154504681 ms -> contributing 1 tick (patch 0286)
[21:35:55] [info] flip-probe: flip #2130 ok=true present=6ms inter_flip_ms=47 drawcalls-since-flip=42 drawcalls-total=145991 fail-total=0 null-skips-total=0
[21:35:55] [info] tas: stall frame 4154504682 ms -> contributing 1 tick (patch 0286)
[21:35:56] [info] tas: stall frame 4154504685 ms -> contributing 1 tick (patch 0286)
[21:35:56] [info] flip-probe: flip #2140 ok=true present=5ms inter_flip_ms=56 drawcalls-since-flip=42 drawcalls-total=146411 fail-total=0 null-skips-total=0
[21:35:56] [info] tas: stall frame 4154504685 ms -> contributing 1 tick (patch 0286)
[21:35:56] [info] tas: stall frame 4154504681 ms -> contributing 1 tick (patch 0286)
[21:35:56] [info] flip-probe: flip #2150 ok=true present=-2ms inter_flip_ms=56 drawcalls-since-flip=43 drawcalls-total=146834 fail-total=0 null-skips-total=0
[21:35:56] [info] tas: stall frame 4154504684 ms -> contributing 1 tick (patch 0286)
[21:35:56] [info] tas: stall frame 4154504681 ms -> contributing 1 tick (patch 0286)
[21:35:56] [info] flip-probe: flip #2160 ok=true present=6ms inter_flip_ms=52 drawcalls-since-flip=43 drawcalls-total=147264 fail-total=0 null-skips-total=0
[21:35:57] [info] backdrop cache: thrashing-detect engaged (streak=64, route=direct)
[21:35:57] [info] tas: stall frame 4154504678 ms -> contributing 1 tick (patch 0286)
[21:35:57] [info] flip-probe: flip #2170 ok=true present=5ms inter_flip_ms=55 drawcalls-since-flip=44 drawcalls-total=147701 fail-total=0 null-skips-total=0
[21:35:57] [info] flip-probe: flip #2180 ok=true present=53ms inter_flip_ms=2 drawcalls-since-flip=44 drawcalls-total=148145 fail-total=0 null-skips-total=0
[21:35:57] [info] tas: stall frame 4154504682 ms -> contributing 1 tick (patch 0286)
[21:35:57] [info] flip-probe: flip #2190 ok=true present=-3ms inter_flip_ms=1 drawcalls-since-flip=43 drawcalls-total=148577 fail-total=0 null-skips-total=0
[21:35:58] [info] tas: stall frame 4154504678 ms -> contributing 1 tick (patch 0286)
[21:35:58] [info] flip-probe: flip #2200 ok=true present=-2ms inter_flip_ms=53 drawcalls-since-flip=46 drawcalls-total=149031 fail-total=0 null-skips-total=0
[21:35:58] [info] alpha audit block 0: 4028 total drawcalls, 0 with alpha<255 (block pct_x10=0; global 0/136320 pct_x10=0); alpha-mod skipped: block=0 global=0
[21:35:58] [info] fastpath audit block 0: taken=4028 (idx8=4028) skipped=0 pct_x10=1000; global taken=136320 (idx8=136320) skipped=0 pct_x10=1000
[21:35:58] [info] primitive tally block 0: clear=200(hr=200) fill=0(hr=0) rect=0(hr=0) line=0(hr=0) tint=0 spotlight=0 (over 100 flips ending at flip 2200)
[21:35:58] [info] color/alpha audit block 0: cmod_white=1300 cmod_black=1300 (idx=1300) cmod_general=0 (idx=0) cmod_fb=0; alpha_taken=0 alpha_skipped=0 (global cmod=11944/10100/630/0 idx=10100/630 alpha=0/0)
[21:35:58] [info] phase timing block 0: drawcalls=6830 dc_total_ms=714 flip_inner_total_ms=380 inter_flip_total_ms=3576 (per-flip avg x10: dc_ms=71 fi_ms=38 if_ms=357 derived audio+engine_ms=248; per-drawcall avg us_x10=1045) [direct-vesa: presents=100 total_ms=231 avg_ms_x10=23 failed=0] [ablation: NO_DC_TIMING=0 CACHE_WINSURF=0 DIRECT_VESA=1]
[21:35:58] [info] kbd/audio block 0: kbd_irq=0 kbd_drain=0 ring_chunks=16 pump_pass=3996 pic1_mask=0xb8 first_irq_ticks=0 install_ticks=0 vector_at_install=0x0083a1f8 pic1_mask_live=0xb8 kbd_8042_stat=0x34 bios_kbd_head=0x0038 bios_kbd_tail=0x0038 bios_kbd_buf0=0x0e08
[21:35:58] [info] dirty-rect block @flip=2200: total_calls=0 dirty_rects_avg=1 dirty_pct_x10=1000 forced_full=0 first_n_force=0 threshold_exceeded=0 dirty_path_taken=0 full_flush_taken=0
[21:35:58] [info] prev-frame-diff block @flip=2200: diff_calls=0 diff_rects_avg=0 diff_dirty_pct_x10=0 bbox_pct_x10=0 bbox_thresh_exceeded=0
[21:35:58] [info] tas: stall frame 4154504682 ms -> contributing 1 tick (patch 0286)
[21:35:58] [info] flip-probe: flip #2210 ok=true present=5ms inter_flip_ms=50 drawcalls-since-flip=45 drawcalls-total=149481 fail-total=0 null-skips-total=0
[21:35:58] [info] tas: stall frame 4154504683 ms -> contributing 1 tick (patch 0286)
[21:35:58] [info] tas: stall frame 4154504681 ms -> contributing 1 tick (patch 0286)
[21:35:58] [info] flip-probe: flip #2220 ok=true present=-2ms inter_flip_ms=60 drawcalls-since-flip=18 drawcalls-total=149816 fail-total=0 null-skips-total=0
[21:35:58] [info] tas: stall frame 4154504682 ms -> contributing 1 tick (patch 0286)
[21:35:59] [info] backdrop cache: thrashing-detect engaged (streak=124, route=direct)
[21:35:59] [info] flip-probe: flip #2230 ok=true present=6ms inter_flip_ms=-3 drawcalls-since-flip=18 drawcalls-total=149996 fail-total=0 null-skips-total=0
[21:35:59] [info] tas: stall frame 4154504682 ms -> contributing 1 tick (patch 0286)
[21:35:59] [info] tas: stall frame 4154504682 ms -> contributing 1 tick (patch 0286)
[21:35:59] [info] flip-probe: flip #2240 ok=true present=-3ms inter_flip_ms=57 drawcalls-since-flip=18 drawcalls-total=150176 fail-total=0 null-skips-total=0
[21:35:59] [info] tas: stall frame 4154504683 ms -> contributing 1 tick (patch 0286)
[21:35:59] [info] tas: stall frame 4154504683 ms -> contributing 1 tick (patch 0286)
[21:35:59] [info] flip-probe: flip #2250 ok=true present=-2ms inter_flip_ms=-3 drawcalls-since-flip=18 drawcalls-total=150356 fail-total=0 null-skips-total=0
[21:35:59] [info] tas: stall frame 4154504679 ms -> contributing 1 tick (patch 0286)
[21:36:00] [info] tas: stall frame 4154504682 ms -> contributing 1 tick (patch 0286)
[21:36:00] [info] flip-probe: flip #2260 ok=true present=6ms inter_flip_ms=51 drawcalls-since-flip=18 drawcalls-total=150536 fail-total=0 null-skips-total=0
[21:36:00] [info] flip-probe: flip #2270 ok=true present=6ms inter_flip_ms=-3 drawcalls-since-flip=18 drawcalls-total=150716 fail-total=0 null-skips-total=0
[21:36:00] [info] tas: stall frame 4154504682 ms -> contributing 1 tick (patch 0286)
[21:36:00] [info] tas: stall frame 4154504683 ms -> contributing 1 tick (patch 0286)
[21:36:00] [info] tas: stall frame 4154504682 ms -> contributing 1 tick (patch 0286)
[21:36:00] [info] flip-probe: flip #2280 ok=true present=5ms inter_flip_ms=53 drawcalls-since-flip=16 drawcalls-total=150886 fail-total=0 null-skips-total=0
[21:36:00] [info] tas: stall frame 4154504682 ms -> contributing 1 tick (patch 0286)
[21:36:00] [info] backdrop cache: thrashing-detect engaged (streak=184, route=direct)
[21:36:00] [info] tas: stall frame 4154504680 ms -> contributing 1 tick (patch 0286)
[21:36:00] [info] tas: stall frame 4154504684 ms -> contributing 1 tick (patch 0286)
[21:36:01] [info] tas: stall frame 4154504682 ms -> contributing 1 tick (patch 0286)
[21:36:01] [info] flip-probe: flip #2290 ok=true present=-3ms inter_flip_ms=55 drawcalls-since-flip=15 drawcalls-total=151036 fail-total=0 null-skips-total=0
[21:36:01] [info] tas: stall frame 277 ms -> contributing 1 tick (patch 0286)
[21:36:01] [info] tas: stall frame 4154504683 ms -> contributing 1 tick (patch 0286)
[21:36:01] [info] tas: stall frame 4154504683 ms -> contributing 1 tick (patch 0286)
[21:36:01] [info] tas: stall frame 4154504684 ms -> contributing 1 tick (patch 0286)
[21:36:01] [info] flip-probe: flip #2300 ok=true present=-2ms inter_flip_ms=63 drawcalls-since-flip=15 drawcalls-total=151186 fail-total=0 null-skips-total=0
[21:36:01] [info] alpha audit block 0: 1847 total drawcalls, 0 with alpha<255 (block pct_x10=0; global 0/138167 pct_x10=0); alpha-mod skipped: block=0 global=0
[21:36:01] [info] fastpath audit block 0: taken=1847 (idx8=1847) skipped=0 pct_x10=1000; global taken=138167 (idx8=138167) skipped=0 pct_x10=1000
[21:36:01] [info] primitive tally block 0: clear=200(hr=200) fill=0(hr=0) rect=0(hr=0) line=0(hr=0) tint=0 spotlight=0 (over 100 flips ending at flip 2300)
[21:36:01] [info] color/alpha audit block 0: cmod_white=208 cmod_black=208 (idx=208) cmod_general=0 (idx=0) cmod_fb=0; alpha_taken=0 alpha_skipped=0 (global cmod=12152/10308/630/0 idx=10308/630 alpha=0/0)
[21:36:01] [info] phase timing block 0: drawcalls=2463 dc_total_ms=650 flip_inner_total_ms=308 inter_flip_total_ms=3407 (per-flip avg x10: dc_ms=65 fi_ms=30 if_ms=340 derived audio+engine_ms=245; per-drawcall avg us_x10=2641) [direct-vesa: presents=100 total_ms=94 avg_ms_x10=9 failed=0] [ablation: NO_DC_TIMING=0 CACHE_WINSURF=0 DIRECT_VESA=1]
[21:36:01] [info] kbd/audio block 0: kbd_irq=0 kbd_drain=0 ring_chunks=16 pump_pass=4173 pic1_mask=0xb8 first_irq_ticks=0 install_ticks=0 vector_at_install=0x0083a1f8 pic1_mask_live=0xb8 kbd_8042_stat=0x34 bios_kbd_head=0x0038 bios_kbd_tail=0x0038 bios_kbd_buf0=0x0e08
[21:36:01] [info] dirty-rect block @flip=2300: total_calls=0 dirty_rects_avg=1 dirty_pct_x10=1000 forced_full=0 first_n_force=0 threshold_exceeded=0 dirty_path_taken=0 full_flush_taken=0
[21:36:01] [info] prev-frame-diff block @flip=2300: diff_calls=0 diff_rects_avg=0 diff_dirty_pct_x10=0 bbox_pct_x10=0 bbox_thresh_exceeded=0
[21:36:01] [info] tas: stall frame 4154504685 ms -> contributing 1 tick (patch 0286)
[21:36:01] [info] flip-probe: flip #2310 ok=true present=-3ms inter_flip_ms=1 drawcalls-since-flip=19 drawcalls-total=151352 fail-total=0 null-skips-total=0
[21:36:02] [info] tas: stall frame 4154504678 ms -> contributing 1 tick (patch 0286)
[21:36:02] [info] run_tick_fixed #4200: heartbeat (loop alive)
[21:36:02] [info] flip-probe: flip #2320 ok=true present=-2ms inter_flip_ms=5 drawcalls-since-flip=18 drawcalls-total=151534 fail-total=0 null-skips-total=0
[21:36:02] [info] tas: stall frame 4154504681 ms -> contributing 1 tick (patch 0286)
[21:36:02] [info] flip-probe: flip #2330 ok=true present=6ms inter_flip_ms=55 drawcalls-since-flip=15 drawcalls-total=151690 fail-total=0 null-skips-total=0
[21:36:02] [info] tas: stall frame 4154504685 ms -> contributing 1 tick (patch 0286)
[21:36:02] [info] flip-probe: flip #2340 ok=true present=-3ms inter_flip_ms=0 drawcalls-since-flip=15 drawcalls-total=151840 fail-total=0 null-skips-total=0
[21:36:03] [info] backdrop cache: thrashing-detect engaged (streak=244, route=direct)
[21:36:03] [info] tas: stall frame 4154504685 ms -> contributing 1 tick (patch 0286)
[21:36:03] [info] tas: stall frame 4154504685 ms -> contributing 1 tick (patch 0286)
[21:36:03] [info] flip-probe: flip #2350 ok=true present=-3ms inter_flip_ms=57 drawcalls-since-flip=15 drawcalls-total=151990 fail-total=0 null-skips-total=0
[21:36:03] [info] tas: stall frame 4154504684 ms -> contributing 1 tick (patch 0286)
[21:36:03] [info] tas: stall frame 4154504685 ms -> contributing 1 tick (patch 0286)
[21:36:03] [info] flip-probe: flip #2360 ok=true present=6ms inter_flip_ms=50 drawcalls-since-flip=15 drawcalls-total=152140 fail-total=0 null-skips-total=0
[21:36:03] [info] tas: stall frame 4154504683 ms -> contributing 1 tick (patch 0286)
[21:36:03] [info] tas: stall frame 4154504683 ms -> contributing 1 tick (patch 0286)
[21:36:03] [info] tas: stall frame 4154504683 ms -> contributing 1 tick (patch 0286)
[21:36:03] [info] tas: stall frame 4154504683 ms -> contributing 1 tick (patch 0286)
[21:36:03] [info] flip-probe: flip #2370 ok=true present=-3ms inter_flip_ms=57 drawcalls-since-flip=16 drawcalls-total=152299 fail-total=0 null-skips-total=0
[21:36:04] [info] tas: stall frame 4154504682 ms -> contributing 1 tick (patch 0286)
[21:36:04] [info] flip-probe: flip #2380 ok=true present=5ms inter_flip_ms=57 drawcalls-since-flip=16 drawcalls-total=152459 fail-total=0 null-skips-total=0
[21:36:04] [info] tas: stall frame 4154504683 ms -> contributing 1 tick (patch 0286)
[21:36:04] [info] tas: stall frame 4154504683 ms -> contributing 1 tick (patch 0286)
[21:36:04] [info] flip-probe: flip #2390 ok=true present=6ms inter_flip_ms=1 drawcalls-since-flip=15 drawcalls-total=152613 fail-total=0 null-skips-total=0
[21:36:04] [info] tas: stall frame 4154504684 ms -> contributing 1 tick (patch 0286)
[21:36:04] [info] flip-probe: flip #2400 ok=true present=-3ms inter_flip_ms=62 drawcalls-since-flip=16 drawcalls-total=152765 fail-total=0 null-skips-total=0
[21:36:04] [info] alpha audit block 0: 1479 total drawcalls, 0 with alpha<255 (block pct_x10=0; global 0/139646 pct_x10=0); alpha-mod skipped: block=0 global=0
[21:36:04] [info] fastpath audit block 0: taken=1479 (idx8=1479) skipped=0 pct_x10=1000; global taken=139646 (idx8=139646) skipped=0 pct_x10=1000
[21:36:04] [info] primitive tally block 0: clear=200(hr=200) fill=0(hr=0) rect=0(hr=0) line=0(hr=0) tint=0 spotlight=0 (over 100 flips ending at flip 2400)
[21:36:04] [info] phase timing block 0: drawcalls=1679 dc_total_ms=385 flip_inner_total_ms=375 inter_flip_total_ms=3185 (per-flip avg x10: dc_ms=38 fi_ms=37 if_ms=318 derived audio+engine_ms=243; per-drawcall avg us_x10=2294) [direct-vesa: presents=100 total_ms=310 avg_ms_x10=31 failed=0] [ablation: NO_DC_TIMING=0 CACHE_WINSURF=0 DIRECT_VESA=1]
[21:36:04] [info] kbd/audio block 0: kbd_irq=0 kbd_drain=0 ring_chunks=16 pump_pass=4350 pic1_mask=0xb8 first_irq_ticks=0 install_ticks=0 vector_at_install=0x0083a1f8 pic1_mask_live=0xb8 kbd_8042_stat=0x34 bios_kbd_head=0x0038 bios_kbd_tail=0x0038 bios_kbd_buf0=0x0e08
[21:36:04] [info] dirty-rect block @flip=2400: total_calls=0 dirty_rects_avg=1 dirty_pct_x10=1000 forced_full=0 first_n_force=0 threshold_exceeded=0 dirty_path_taken=0 full_flush_taken=0
[21:36:04] [info] prev-frame-diff block @flip=2400: diff_calls=0 diff_rects_avg=0 diff_dirty_pct_x10=0 bbox_pct_x10=0 bbox_thresh_exceeded=0
[21:36:04] [info] tas: stall frame 4154504682 ms -> contributing 1 tick (patch 0286)
[21:36:04] [info] backdrop cache: thrashing-detect engaged (streak=304, route=direct)
[21:36:04] [info] tas: stall frame 4154504683 ms -> contributing 1 tick (patch 0286)
[21:36:05] [info] tas: stall frame 4154504683 ms -> contributing 1 tick (patch 0286)
[21:36:05] [info] flip-probe: flip #2410 ok=true present=6ms inter_flip_ms=-3 drawcalls-since-flip=15 drawcalls-total=152918 fail-total=0 null-skips-total=0
[21:36:05] [info] tas: stall frame 4154504679 ms -> contributing 1 tick (patch 0286)
[21:36:05] [info] flip-probe: flip #2420 ok=true present=-3ms inter_flip_ms=54 drawcalls-since-flip=15 drawcalls-total=153068 fail-total=0 null-skips-total=0
[21:36:05] [info] tas: stall frame 4154504683 ms -> contributing 1 tick (patch 0286)
[21:36:05] [info] tas: stall frame 4154504683 ms -> contributing 1 tick (patch 0286)
[21:36:05] [info] tas: stall frame 4154504685 ms -> contributing 1 tick (patch 0286)
[21:36:05] [info] flip-probe: flip #2430 ok=true present=6ms inter_flip_ms=55 drawcalls-since-flip=17 drawcalls-total=153228 fail-total=0 null-skips-total=0
[21:36:06] [info] flip-probe: flip #2440 ok=true present=-3ms inter_flip_ms=1 drawcalls-since-flip=18 drawcalls-total=153412 fail-total=0 null-skips-total=0
[21:36:06] [info] tas: stall frame 4154504683 ms -> contributing 1 tick (patch 0286)
[21:36:06] [info] tas: stall frame 4154504681 ms -> contributing 1 tick (patch 0286)
[21:36:06] [info] tas: stall frame 4154504681 ms -> contributing 1 tick (patch 0286)
[21:36:06] [info] flip-probe: flip #2450 ok=true present=-3ms inter_flip_ms=4 drawcalls-since-flip=15 drawcalls-total=153572 fail-total=0 null-skips-total=0
[21:36:06] [info] tas: stall frame 4154504681 ms -> contributing 1 tick (patch 0286)
[21:36:06] [info] tas: stall frame 4154504685 ms -> contributing 1 tick (patch 0286)
[21:36:06] [info] tas: stall frame 4154504680 ms -> contributing 1 tick (patch 0286)
[21:36:06] [info] flip-probe: flip #2460 ok=true present=-3ms inter_flip_ms=59 drawcalls-since-flip=15 drawcalls-total=153722 fail-total=0 null-skips-total=0
[21:36:06] [info] backdrop cache: thrashing-detect engaged (streak=364, route=direct)
[21:36:06] [info] tas: stall frame 4154504681 ms -> contributing 1 tick (patch 0286)
[21:36:07] [info] flip-probe: flip #2470 ok=true present=6ms inter_flip_ms=-5 drawcalls-since-flip=15 drawcalls-total=153872 fail-total=0 null-skips-total=0
[21:36:07] [info] tas: stall frame 4154504683 ms -> contributing 1 tick (patch 0286)
[21:36:07] [info] tas: stall frame 4154504682 ms -> contributing 1 tick (patch 0286)
[21:36:07] [info] flip-probe: flip #2480 ok=true present=5ms inter_flip_ms=-3 drawcalls-since-flip=18 drawcalls-total=154048 fail-total=0 null-skips-total=0
[21:36:07] [info] run_tick_fixed #4500: heartbeat (loop alive)
[21:36:07] [info] tas: stall frame 4154504684 ms -> contributing 1 tick (patch 0286)
[21:36:07] [info] tas: stall frame 4154504680 ms -> contributing 1 tick (patch 0286)
[21:36:07] [info] flip-probe: flip #2490 ok=true present=53ms inter_flip_ms=8 drawcalls-since-flip=16 drawcalls-total=154218 fail-total=0 null-skips-total=0
[21:36:07] [info] tas: stall frame 274 ms -> contributing 1 tick (patch 0286)
[21:36:08] [info] tas: stall frame 4154504684 ms -> contributing 1 tick (patch 0286)
[21:36:08] [info] tas: stall frame 4154504684 ms -> contributing 1 tick (patch 0286)
[21:36:08] [info] tas: stall frame 4154504681 ms -> contributing 1 tick (patch 0286)
[21:36:08] [info] flip-probe: flip #2500 ok=true present=53ms inter_flip_ms=-1 drawcalls-since-flip=15 drawcalls-total=154368 fail-total=0 null-skips-total=0
[21:36:08] [info] alpha audit block 0: 1503 total drawcalls, 0 with alpha<255 (block pct_x10=0; global 0/141149 pct_x10=0); alpha-mod skipped: block=0 global=0
[21:36:08] [info] fastpath audit block 0: taken=1503 (idx8=1503) skipped=0 pct_x10=1000; global taken=141149 (idx8=141149) skipped=0 pct_x10=1000
[21:36:08] [info] primitive tally block 0: clear=200(hr=200) fill=0(hr=0) rect=0(hr=0) line=0(hr=0) tint=0 spotlight=0 (over 100 flips ending at flip 2500)
[21:36:08] [info] phase timing block 0: drawcalls=1703 dc_total_ms=379 flip_inner_total_ms=639 inter_flip_total_ms=3402 (per-flip avg x10: dc_ms=37 fi_ms=63 if_ms=340 derived audio+engine_ms=240; per-drawcall avg us_x10=2225) [direct-vesa: presents=100 total_ms=306 avg_ms_x10=30 failed=0] [ablation: NO_DC_TIMING=0 CACHE_WINSURF=0 DIRECT_VESA=1]
[21:36:08] [info] kbd/audio block 0: kbd_irq=0 kbd_drain=0 ring_chunks=16 pump_pass=4534 pic1_mask=0xb8 first_irq_ticks=0 install_ticks=0 vector_at_install=0x0083a1f8 pic1_mask_live=0xb8 kbd_8042_stat=0x34 bios_kbd_head=0x0038 bios_kbd_tail=0x0038 bios_kbd_buf0=0x0e08
[21:36:08] [info] dirty-rect block @flip=2500: total_calls=0 dirty_rects_avg=1 dirty_pct_x10=1000 forced_full=0 first_n_force=0 threshold_exceeded=0 dirty_path_taken=0 full_flush_taken=0
[21:36:08] [info] prev-frame-diff block @flip=2500: diff_calls=0 diff_rects_avg=0 diff_dirty_pct_x10=0 bbox_pct_x10=0 bbox_thresh_exceeded=0
[21:36:08] [info] tas: stall frame 4154504685 ms -> contributing 1 tick (patch 0286)
[21:36:08] [info] tas: stall frame 4154504682 ms -> contributing 1 tick (patch 0286)
[21:36:08] [info] flip-probe: flip #2510 ok=true present=-3ms inter_flip_ms=-1 drawcalls-since-flip=15 drawcalls-total=154518 fail-total=0 null-skips-total=0
[21:36:08] [info] tas: stall frame 4154504681 ms -> contributing 1 tick (patch 0286)
[21:36:08] [info] flip-probe: flip #2520 ok=true present=-3ms inter_flip_ms=60 drawcalls-since-flip=15 drawcalls-total=154668 fail-total=0 null-skips-total=0
[21:36:08] [info] tas: stall frame 4154504685 ms -> contributing 1 tick (patch 0286)
[21:36:09] [info] backdrop cache: thrashing-detect engaged (streak=424, route=direct)
[21:36:09] [info] tas: stall frame 4154504684 ms -> contributing 1 tick (patch 0286)
[21:36:09] [info] flip-probe: flip #2530 ok=true present=6ms inter_flip_ms=55 drawcalls-since-flip=15 drawcalls-total=154818 fail-total=0 null-skips-total=0
[21:36:09] [info] tas: stall frame 4154504685 ms -> contributing 1 tick (patch 0286)
[21:36:09] [info] tas: stall frame 4154504685 ms -> contributing 1 tick (patch 0286)
[21:36:09] [info] flip-probe: flip #2540 ok=true present=-3ms inter_flip_ms=4 drawcalls-since-flip=15 drawcalls-total=154968 fail-total=0 null-skips-total=0
[21:36:09] [info] tas: stall frame 4154504683 ms -> contributing 1 tick (patch 0286)
[21:36:09] [info] tas: stall frame 4154504684 ms -> contributing 1 tick (patch 0286)
[21:36:09] [info] flip-probe: flip #2550 ok=true present=-2ms inter_flip_ms=3 drawcalls-since-flip=244 drawcalls-total=155550 fail-total=0 null-skips-total=0
[21:36:09] [info] tas: stall frame 4154504682 ms -> contributing 1 tick (patch 0286)
[21:36:10] [info] flip-probe: flip #2560 ok=true present=-3ms inter_flip_ms=-1 drawcalls-since-flip=5 drawcalls-total=158655 fail-total=0 null-skips-total=0
[21:36:10] [info]  >> Entering stage 14: 'Shack'.
[21:36:10] [info] [skip-sheet-flush] cave=10
[21:36:10] [info] [load-stage] preloading entry music song=8 (cave=10)
[21:36:10] [info] gus backend: on_song_stop (all voices stopped).
[21:36:10] [info] MidiScheduler::load: parsed 'data/orgmid2/vivi.mid' = 11188 events at 48 PPQ
[21:36:11] [info] gus .pat 'acpiano': 5 sample(s) -> 5 resident (multisample).
[21:36:12] [info] gus .pat 'epiano1': 1 sample(s) -> 1 resident (multisample).
[21:36:12] [info] gus .pat 'acbass': 1 sample(s) -> 1 resident (multisample).
[21:36:12] [info] gus .pat 'altosax': 3 sample(s) -> 3 resident (multisample).
[21:36:12] [info] gus .pat 'flute': 3 sample(s) -> 3 resident (multisample).
[21:36:13] [info] gus .pat 'sqrwave': 1 sample(s) -> 1 resident (multisample).
[21:36:13] [info] gus .pat 'calliope': 1 sample(s) -> 1 resident (multisample).
[21:36:13] [info] gus .pat 'warmpad': 1 sample(s) -> 1 resident (multisample).
[21:36:13] [info] gus .pat 'kick1': 1 sample(s) -> 1 resident (drum/single).
[21:36:14] [info] gus .pat 'snare1': 1 sample(s) -> 1 resident (drum/single).
[21:36:14] [info] gus .pat 'hihatcl': 1 sample(s) -> 1 resident (drum/single).
[21:36:14] [info] gus .pat 'tommid2': 1 sample(s) -> 1 resident (drum/single).
[21:36:14] [warn] gus backend: 'hihatop.pat' DRAM upload failed (full?); instrument silent. dram_size=1048576 bytes.
[21:36:14] [info] gus backend: on_song_start -- uploaded 12 instruments (1 missing/silent) into 1019 KB DRAM for this song; 20 subsamples resident, 0 instrument(s) K-capped/DRAM-truncated (multisample on).
[21:36:14] [info] gameloop: entered (curmap=14, running=1)
[21:36:14] [info] gameloop: iter 1 ticks=128194 mapno=-1
[21:36:14] [info] tas: stall frame 4154504684 ms -> contributing 1 tick (patch 0286)
[21:36:14] [info] gameloop: iter 2 ticks=128247 mapno=-1
[21:36:14] [info] gameloop: iter 3 ticks=128297 mapno=-1
[21:36:15] [info] tas: stall frame 4154504684 ms -> contributing 1 tick (patch 0286)
[21:36:15] [info] flip-probe: flip #2570 ok=true present=-3ms inter_flip_ms=60 drawcalls-since-flip=281 drawcalls-total=162137 fail-total=0 null-skips-total=0
[21:36:15] [info] tas: stall frame 4154504685 ms -> contributing 1 tick (patch 0286)
[21:36:15] [info] tas: stall frame 4154504679 ms -> contributing 1 tick (patch 0286)
[21:36:15] [info] tas: stall frame 4154504684 ms -> contributing 1 tick (patch 0286)
[21:36:15] [info] tas: stall frame 4154504680 ms -> contributing 1 tick (patch 0286)
[21:36:15] [info] flip-probe: flip #2580 ok=true present=-3ms inter_flip_ms=59 drawcalls-since-flip=24 drawcalls-total=162680 fail-total=0 null-skips-total=0
[21:36:15] [info] tas: stall frame 4154504684 ms -> contributing 1 tick (patch 0286)
[21:36:15] [info] tas: stall frame 4154504685 ms -> contributing 1 tick (patch 0286)
[21:36:15] [info] tas: stall frame 4154504685 ms -> contributing 1 tick (patch 0286)
[21:36:15] [info] flip-probe: flip #2590 ok=true present=5ms inter_flip_ms=51 drawcalls-since-flip=24 drawcalls-total=162920 fail-total=0 null-skips-total=0
[21:36:15] [info] tas: stall frame 4154504684 ms -> contributing 1 tick (patch 0286)
[21:36:15] [info] tas: stall frame 4154504685 ms -> contributing 1 tick (patch 0286)
[21:36:15] [info] flip-probe: flip #2600 ok=true present=-3ms inter_flip_ms=5 drawcalls-since-flip=24 drawcalls-total=163160 fail-total=0 null-skips-total=0
[21:36:15] [info] alpha audit block 0: 8532 total drawcalls, 0 with alpha<255 (block pct_x10=0; global 0/149681 pct_x10=0); alpha-mod skipped: block=0 global=0
[21:36:16] [info] fastpath audit block 0: taken=8532 (idx8=8532) skipped=0 pct_x10=1000; global taken=149681 (idx8=149681) skipped=0 pct_x10=1000
[21:36:16] [info] primitive tally block 0: clear=201(hr=201) fill=0(hr=0) rect=0(hr=0) line=0(hr=0) tint=0 spotlight=0 (over 100 flips ending at flip 2600)
[21:36:16] [info] color/alpha audit block 0: cmod_white=200 cmod_black=200 (idx=200) cmod_general=0 (idx=0) cmod_fb=0; alpha_taken=0 alpha_skipped=0 (global cmod=12352/10508/630/0 idx=10508/630 alpha=0/0)
[21:36:16] [info] phase timing block 0: drawcalls=9133 dc_total_ms=617 flip_inner_total_ms=609 inter_flip_total_ms=7692 (per-flip avg x10: dc_ms=61 fi_ms=60 if_ms=769 derived audio+engine_ms=648; per-drawcall avg us_x10=676) [direct-vesa: presents=100 total_ms=100 avg_ms_x10=10 failed=0] [ablation: NO_DC_TIMING=0 CACHE_WINSURF=0 DIRECT_VESA=1]
[21:36:16] [info] kbd/audio block 0: kbd_irq=0 kbd_drain=0 ring_chunks=16 pump_pass=4724 pic1_mask=0xb8 first_irq_ticks=0 install_ticks=0 vector_at_install=0x0083a1f8 pic1_mask_live=0xb8 kbd_8042_stat=0x34 bios_kbd_head=0x0038 bios_kbd_tail=0x0038 bios_kbd_buf0=0x0e08
[21:36:16] [info] dirty-rect block @flip=2600: total_calls=0 dirty_rects_avg=1 dirty_pct_x10=1000 forced_full=0 first_n_force=0 threshold_exceeded=0 dirty_path_taken=0 full_flush_taken=0
[21:36:16] [info] prev-frame-diff block @flip=2600: diff_calls=0 diff_rects_avg=0 diff_dirty_pct_x10=0 bbox_pct_x10=0 bbox_thresh_exceeded=0
[21:36:16] [info] tas: stall frame 269 ms -> contributing 1 tick (patch 0286)
[21:36:16] [info] tas: stall frame 4154504682 ms -> contributing 1 tick (patch 0286)
[21:36:16] [info] tas: stall frame 4154504685 ms -> contributing 1 tick (patch 0286)
[21:36:16] [info] tas: stall frame 4154504684 ms -> contributing 1 tick (patch 0286)
[21:36:16] [info] flip-probe: flip #2610 ok=true present=-3ms inter_flip_ms=4 drawcalls-since-flip=24 drawcalls-total=163400 fail-total=0 null-skips-total=0
[21:36:16] [info] tas: stall frame 4154504681 ms -> contributing 1 tick (patch 0286)
[21:36:16] [info] tas: stall frame 4154504684 ms -> contributing 1 tick (patch 0286)
[21:36:16] [info] tas: stall frame 4154504684 ms -> contributing 1 tick (patch 0286)
[21:36:16] [info] flip-probe: flip #2620 ok=true present=-3ms inter_flip_ms=-1 drawcalls-since-flip=24 drawcalls-total=163640 fail-total=0 null-skips-total=0
[21:36:16] [info] tas: stall frame 4154504683 ms -> contributing 1 tick (patch 0286)
[21:36:16] [info] tas: stall frame 4154504684 ms -> contributing 1 tick (patch 0286)
[21:36:16] [info] tas: stall frame 4154504684 ms -> contributing 1 tick (patch 0286)
[21:36:16] [info] tas: stall frame 4154504685 ms -> contributing 1 tick (patch 0286)
[21:36:16] [info] tas: stall frame 4154504684 ms -> contributing 1 tick (patch 0286)
[21:36:16] [info] flip-probe: flip #2630 ok=true present=-3ms inter_flip_ms=51 drawcalls-since-flip=24 drawcalls-total=163880 fail-total=0 null-skips-total=0
[21:36:16] [info] tas: stall frame 4154504684 ms -> contributing 1 tick (patch 0286)
[21:36:17] [info] tas: stall frame 4154504685 ms -> contributing 1 tick (patch 0286)
[21:36:17] [info] tas: stall frame 4154504682 ms -> contributing 1 tick (patch 0286)
[21:36:17] [info] tas: stall frame 4154504684 ms -> contributing 1 tick (patch 0286)
[21:36:17] [info] tas: stall frame 4154504685 ms -> contributing 1 tick (patch 0286)
[21:36:17] [info] flip-probe: flip #2640 ok=true present=-3ms inter_flip_ms=60 drawcalls-since-flip=24 drawcalls-total=164120 fail-total=0 null-skips-total=0
[21:36:17] [info] tas: stall frame 4154504684 ms -> contributing 1 tick (patch 0286)
[21:36:17] [info] tas: stall frame 4154504681 ms -> contributing 1 tick (patch 0286)
[21:36:17] [info] tas: stall frame 4154504682 ms -> contributing 1 tick (patch 0286)
[21:36:17] [info] flip-probe: flip #2650 ok=true present=6ms inter_flip_ms=-1 drawcalls-since-flip=24 drawcalls-total=164360 fail-total=0 null-skips-total=0
[21:36:17] [info] tas: stall frame 4154504678 ms -> contributing 1 tick (patch 0286)
[21:36:17] [info] tas: stall frame 4154504684 ms -> contributing 1 tick (patch 0286)
[21:36:17] [info] tas: stall frame 4154504685 ms -> contributing 1 tick (patch 0286)
[21:36:17] [info] tas: stall frame 4154504684 ms -> contributing 1 tick (patch 0286)
[21:36:17] [info] flip-probe: flip #2660 ok=true present=5ms inter_flip_ms=54 drawcalls-since-flip=24 drawcalls-total=164600 fail-total=0 null-skips-total=0
[21:36:17] [info] tas: stall frame 4154504684 ms -> contributing 1 tick (patch 0286)
[21:36:17] [info] tas: stall frame 4154504683 ms -> contributing 1 tick (patch 0286)
[21:36:17] [info] tas: stall frame 4154504684 ms -> contributing 1 tick (patch 0286)
[21:36:17] [info] flip-probe: flip #2670 ok=true present=6ms inter_flip_ms=-1 drawcalls-since-flip=24 drawcalls-total=164840 fail-total=0 null-skips-total=0
[21:36:17] [info] tas: stall frame 4154504678 ms -> contributing 1 tick (patch 0286)
[21:36:18] [info] tas: stall frame 4154504685 ms -> contributing 1 tick (patch 0286)
[21:36:18] [info] tas: stall frame 4154504684 ms -> contributing 1 tick (patch 0286)
[21:36:18] [info] tas: stall frame 4154504681 ms -> contributing 1 tick (patch 0286)
[21:36:18] [info] tas: stall frame 4154504685 ms -> contributing 1 tick (patch 0286)
[21:36:18] [info] flip-probe: flip #2680 ok=true present=-3ms inter_flip_ms=-1 drawcalls-since-flip=24 drawcalls-total=165080 fail-total=0 null-skips-total=0
[21:36:18] [info] tas: stall frame 4154504682 ms -> contributing 1 tick (patch 0286)
[21:36:18] [info] tas: stall frame 4154504683 ms -> contributing 1 tick (patch 0286)
[21:36:18] [info] flip-probe: flip #2690 ok=true present=-3ms inter_flip_ms=-2 drawcalls-since-flip=14 drawcalls-total=165220 fail-total=0 null-skips-total=0
[21:36:18] [info] tas: stall frame 4154504683 ms -> contributing 1 tick (patch 0286)
[21:36:18] [info] tas: stall frame 4154504683 ms -> contributing 1 tick (patch 0286)
[21:36:18] [info] tas: stall frame 4154504683 ms -> contributing 1 tick (patch 0286)
[21:36:18] [info] flip-probe: flip #2700 ok=true present=-3ms inter_flip_ms=56 drawcalls-since-flip=14 drawcalls-total=165360 fail-total=0 null-skips-total=0
[21:36:18] [info] alpha audit block 0: 1800 total drawcalls, 0 with alpha<255 (block pct_x10=0; global 0/151481 pct_x10=0); alpha-mod skipped: block=0 global=0
[21:36:18] [info] fastpath audit block 0: taken=1800 (idx8=1800) skipped=0 pct_x10=1000; global taken=151481 (idx8=151481) skipped=0 pct_x10=1000
[21:36:18] [info] primitive tally block 0: clear=200(hr=200) fill=0(hr=0) rect=0(hr=0) line=0(hr=0) tint=0 spotlight=0 (over 100 flips ending at flip 2700)
[21:36:18] [info] color/alpha audit block 0: cmod_white=400 cmod_black=400 (idx=400) cmod_general=0 (idx=0) cmod_fb=0; alpha_taken=0 alpha_skipped=0 (global cmod=12752/10908/630/0 idx=10908/630 alpha=0/0)
[21:36:18] [info] phase timing block 0: drawcalls=2800 dc_total_ms=287 flip_inner_total_ms=218 inter_flip_total_ms=2798 (per-flip avg x10: dc_ms=28 fi_ms=21 if_ms=279 derived audio+engine_ms=230; per-drawcall avg us_x10=1026) [direct-vesa: presents=100 total_ms=123 avg_ms_x10=12 failed=0] [ablation: NO_DC_TIMING=0 CACHE_WINSURF=0 DIRECT_VESA=1]
[21:36:18] [info] kbd/audio block 0: kbd_irq=0 kbd_drain=0 ring_chunks=16 pump_pass=4889 pic1_mask=0xb8 first_irq_ticks=0 install_ticks=0 vector_at_install=0x0083a1f8 pic1_mask_live=0xb8 kbd_8042_stat=0x34 bios_kbd_head=0x0038 bios_kbd_tail=0x0038 bios_kbd_buf0=0x0e08
[21:36:18] [info] dirty-rect block @flip=2700: total_calls=0 dirty_rects_avg=1 dirty_pct_x10=1000 forced_full=0 first_n_force=0 threshold_exceeded=0 dirty_path_taken=0 full_flush_taken=0
[21:36:18] [info] prev-frame-diff block @flip=2700: diff_calls=0 diff_rects_avg=0 diff_dirty_pct_x10=0 bbox_pct_x10=0 bbox_thresh_exceeded=0
[21:36:18] [info] tas: stall frame 4154504680 ms -> contributing 1 tick (patch 0286)
[21:36:18] [info] tas: stall frame 4154504683 ms -> contributing 1 tick (patch 0286)
[21:36:18] [info] tas: stall frame 4154504683 ms -> contributing 1 tick (patch 0286)
[21:36:19] [info] flip-probe: flip #2710 ok=true present=-2ms inter_flip_ms=2 drawcalls-since-flip=14 drawcalls-total=165500 fail-total=0 null-skips-total=0
[21:36:19] [info] tas: stall frame 4154504685 ms -> contributing 1 tick (patch 0286)
[21:36:19] [info] tas: stall frame 4154504683 ms -> contributing 1 tick (patch 0286)
[21:36:19] [info] tas: stall frame 272 ms -> contributing 1 tick (patch 0286)
[21:36:19] [info] tas: stall frame 4154504682 ms -> contributing 1 tick (patch 0286)
[21:36:19] [info] tas: stall frame 4154504683 ms -> contributing 1 tick (patch 0286)
[21:36:19] [info] flip-probe: flip #2720 ok=true present=6ms inter_flip_ms=-6 drawcalls-since-flip=14 drawcalls-total=165640 fail-total=0 null-skips-total=0
[21:36:19] [info] tas: stall frame 4154504682 ms -> contributing 1 tick (patch 0286)
[21:36:19] [info] tas: stall frame 4154504683 ms -> contributing 1 tick (patch 0286)
[21:36:19] [info] tas: stall frame 4154504680 ms -> contributing 1 tick (patch 0286)
[21:36:19] [info] flip-probe: flip #2730 ok=true present=-3ms inter_flip_ms=53 drawcalls-since-flip=14 drawcalls-total=165780 fail-total=0 null-skips-total=0
[21:36:19] [info] tas: stall frame 4154504683 ms -> contributing 1 tick (patch 0286)
[21:36:19] [info] tas: stall frame 4154504682 ms -> contributing 1 tick (patch 0286)
[21:36:19] [info] flip-probe: flip #2740 ok=true present=-3ms inter_flip_ms=0 drawcalls-since-flip=14 drawcalls-total=165920 fail-total=0 null-skips-total=0
[21:36:19] [info] tas: stall frame 4154504680 ms -> contributing 1 tick (patch 0286)
[21:36:20] [info] tas: stall frame 4154504683 ms -> contributing 1 tick (patch 0286)
[21:36:20] [info] tas: stall frame 4154504683 ms -> contributing 1 tick (patch 0286)
[21:36:20] [info] tas: stall frame 4154504684 ms -> contributing 1 tick (patch 0286)
[21:36:20] [info] tas: stall frame 4154504683 ms -> contributing 1 tick (patch 0286)
[21:36:20] [info] flip-probe: flip #2750 ok=true present=5ms inter_flip_ms=49 drawcalls-since-flip=14 drawcalls-total=166060 fail-total=0 null-skips-total=0
[21:36:20] [info] tas: stall frame 4154504683 ms -> contributing 1 tick (patch 0286)
[21:36:20] [info] tas: stall frame 4154504683 ms -> contributing 1 tick (patch 0286)
[21:36:20] [info] tas: stall frame 4154504683 ms -> contributing 1 tick (patch 0286)
[21:36:20] [info] tas: stall frame 4154504684 ms -> contributing 1 tick (patch 0286)
[21:36:20] [info] flip-probe: flip #2760 ok=true present=53ms inter_flip_ms=-3 drawcalls-since-flip=14 drawcalls-total=166200 fail-total=0 null-skips-total=0
[21:36:20] [info] tas: stall frame 4154504683 ms -> contributing 1 tick (patch 0286)
[21:36:20] [info] tas: stall frame 4154504683 ms -> contributing 1 tick (patch 0286)
[21:36:20] [info] tas: stall frame 4154504683 ms -> contributing 1 tick (patch 0286)
[21:36:20] [info] flip-probe: flip #2770 ok=true present=-3ms inter_flip_ms=61 drawcalls-since-flip=14 drawcalls-total=166340 fail-total=0 null-skips-total=0
[21:36:20] [info] tas: stall frame 4154504683 ms -> contributing 1 tick (patch 0286)
[21:36:20] [info] tas: stall frame 4154504682 ms -> contributing 1 tick (patch 0286)
[21:36:20] [info] tas: stall frame 4154504683 ms -> contributing 1 tick (patch 0286)
[21:36:20] [info] flip-probe: flip #2780 ok=true present=6ms inter_flip_ms=-3 drawcalls-since-flip=14 drawcalls-total=166480 fail-total=0 null-skips-total=0
[21:36:20] [info] tas: stall frame 4154504683 ms -> contributing 1 tick (patch 0286)
[21:36:21] [info] tas: stall frame 4154504682 ms -> contributing 1 tick (patch 0286)
[21:36:21] [info] tas: stall frame 4154504682 ms -> contributing 1 tick (patch 0286)
[21:36:21] [info] tas: stall frame 4154504682 ms -> contributing 1 tick (patch 0286)
[21:36:21] [info] flip-probe: flip #2790 ok=true present=6ms inter_flip_ms=52 drawcalls-since-flip=14 drawcalls-total=166620 fail-total=0 null-skips-total=0
[21:36:21] [info] tas: stall frame 4154504683 ms -> contributing 1 tick (patch 0286)
[21:36:21] [info] tas: stall frame 4154504683 ms -> contributing 1 tick (patch 0286)
[21:36:21] [info] flip-probe: flip #2800 ok=true present=6ms inter_flip_ms=-2 drawcalls-since-flip=14 drawcalls-total=166760 fail-total=0 null-skips-total=0
[21:36:21] [info] alpha audit block 0: 1400 total drawcalls, 0 with alpha<255 (block pct_x10=0; global 0/152881 pct_x10=0); alpha-mod skipped: block=0 global=0
[21:36:21] [info] fastpath audit block 0: taken=1400 (idx8=1400) skipped=0 pct_x10=1000; global taken=152881 (idx8=152881) skipped=0 pct_x10=1000
[21:36:21] [info] primitive tally block 0: clear=200(hr=200) fill=0(hr=0) rect=0(hr=0) line=0(hr=0) tint=0 spotlight=0 (over 100 flips ending at flip 2800)
[21:36:21] [info] phase timing block 0: drawcalls=1600 dc_total_ms=396 flip_inner_total_ms=369 inter_flip_total_ms=2691 (per-flip avg x10: dc_ms=39 fi_ms=36 if_ms=269 derived audio+engine_ms=194; per-drawcall avg us_x10=2479) [direct-vesa: presents=100 total_ms=311 avg_ms_x10=31 failed=0] [ablation: NO_DC_TIMING=0 CACHE_WINSURF=0 DIRECT_VESA=1]
[21:36:21] [info] kbd/audio block 0: kbd_irq=0 kbd_drain=0 ring_chunks=16 pump_pass=5050 pic1_mask=0xb8 first_irq_ticks=0 install_ticks=0 vector_at_install=0x0083a1f8 pic1_mask_live=0xb8 kbd_8042_stat=0x34 bios_kbd_head=0x0038 bios_kbd_tail=0x0038 bios_kbd_buf0=0x0e08
[21:36:21] [info] dirty-rect block @flip=2800: total_calls=0 dirty_rects_avg=1 dirty_pct_x10=1000 forced_full=0 first_n_force=0 threshold_exceeded=0 dirty_path_taken=0 full_flush_taken=0
[21:36:21] [info] prev-frame-diff block @flip=2800: diff_calls=0 diff_rects_avg=0 diff_dirty_pct_x10=0 bbox_pct_x10=0 bbox_thresh_exceeded=0
[21:36:21] [info] tas: stall frame 4154504682 ms -> contributing 1 tick (patch 0286)
[21:36:21] [info] tas: stall frame 4154504682 ms -> contributing 1 tick (patch 0286)
[21:36:21] [info] flip-probe: flip #2810 ok=true present=-3ms inter_flip_ms=3 drawcalls-since-flip=14 drawcalls-total=166900 fail-total=0 null-skips-total=0
[21:36:21] [info] tas: stall frame 4154504682 ms -> contributing 1 tick (patch 0286)
[21:36:21] [info] flip-probe: flip #2820 ok=true present=6ms inter_flip_ms=-2 drawcalls-since-flip=55 drawcalls-total=167368 fail-total=0 null-skips-total=0
[21:36:22] [info] flip-probe: flip #2830 ok=true present=-2ms inter_flip_ms=61 drawcalls-since-flip=55 drawcalls-total=167918 fail-total=0 null-skips-total=0
[21:36:22] [info] flip-probe: flip #2840 ok=true present=-3ms inter_flip_ms=6 drawcalls-since-flip=55 drawcalls-total=168468 fail-total=0 null-skips-total=0
[21:36:22] [info] run_tick_fixed #5100: heartbeat (loop alive)
[21:36:22] [info] tas: end-of-replay auto-exit at tick 5104 (recording exhausted; set DOSKUTSU_TAS_REPLAY_HOLD=1 to disable + observe steady-state past recording end)
[21:36:22] [info] Script engine shutdown.
[21:36:22] [info] gus backend: on_song_stop (all voices stopped).
[21:36:22] [info] gus backend shutdown (all voices stopped; GF1 in reset).
[21:36:22] [info] Organya init...
[21:36:23] [info] Organya init done
[21:36:23] [info] Sound system shutdown
[21:36:23] [info] Renderer::Close()
[21:36:23] [info] tas: replay file closed
[RUNMANIFEST-BEGIN]
schema_version=1
environment=realhw
binary_sha12=c9a3c2e12ab4
wave_tag=G23B
scene=
env_block_sha=36c8c4851a8e
started_utc=2026-11-17T14:22:12Z
duration_s=147
exit_code=0
fps_p50=NA
fps_p95=NA
audio_vital_status=NA
regime=NA
banner_required_hit=0
banner_required_total=0
banner_forbidden_hit=0
banner_optional_hit=0
critical_count=0
warn_count=0
[RUNMANIFEST-END]
[21:36:23] [info] [runmanifest-emit] schema=v1 env=realhw sha12=c9a3c2e12ab4 dur=147s tag='G23B' scene='' env_sha=36c8c4851a8e (signals=0x4)
