Logger::init: wave-53 log level=INFO path='LOGS/A22.LOG'
[12:45:50] [info] config: loaded DOSKUTSU.CFG (4 keys)
[12:45:50] [info] tas: PRNG seed forced to 12345 via DOSKUTSU_TAS_PRNG_SEED
[12:45:50] [info] tas: auto-exit armed at tick 30000 via DOSKUTSU_TAS_AUTO_EXIT_TICK
[12:45:50] [info] tas: replay opened path='QA.TAS' header_seed=12345
[12:45:50] [info] AUDIO_BACKEND=gus -- bridged ULTRASND='240,3,3,7,7' ULTRADIR='C:\ULTRASND' from env into the GUS SDL hints (SDL reads hints, not env).
[12:45:50] [info] AUDIO_BACKEND=gus -- bridged 2 GUS_* diag/probe hint(s) from DOS env into the SDL hint table (DOSBox-X env-read workaround).
[12:45:50] [info] AUDIO_BACKEND=gus -- omitting SDL_INIT_AUDIO (no Sound Blaster on a Gravis Ultrasound config; the GF1 is driven out-of-band via the SDL/0112 exports + the PIT/IRQ-0 music pump). SoundManager::init() STILL RUNS (unlike AUDIO_OFF) to bring up the GF1 backend. MUSIC ONLY this phase (#27) -- GF1 SFX = #28.
[12:45:50] [info] data cache: DISABLED (default)
[12:45:51] [info] Joystick: skipped (default; set DOSKUTSU_USE_JOYSTICK=1 to enable -- skips SDL3-DOS gameport BIOS INT 15h polling, ~82 ms / flip on real HW)
[12:45:51] [info] Loading settings...
[12:45:51] [info] [input-bind] applied=0 invert_y=0 dos_axes=1
[12:45:51] [info] Renderer::initVideo: 8bpp mode requested via SDL_HINT_DOS_MAX_BPP=8 (wave 16); SDL3-DOS will pick the highest-bpp <= 8 mode at requested resolution
[12:45:51] [info] Renderer::initVideo: DOS resolution-label lock ENABLED (default)
[12:45:51] [info] Renderer::initVideo: using: software renderer
[12:45:53] [info] Renderer::initVideo: dirty-rect tracking ENABLED (wave 15, default ON; set SDL_HINT_DOSKUTSU_DIRTY_RECTS=0 to disable)
[12:45:53] [info] Renderer::initVideo: ablation flags: NO_DC_TIMING=0 CACHE_WINSURF=0 NO_INPUT_POLL=0 DIRECT_VESA=1
[12:45:53] [info] Renderer::initVideo: direct-VESA hot path ENABLED (default since wave 20 patch 0088; bypasses SDL_RenderPresent / SDL_UpdateWindowSurface and writes via SDL/0034's PresentFull helper; R2 mitigation handled by SDL/0034 generation counter -- no per-N-flip heartbeat needed; set SDL_HINT_DOSKUTSU_DIRECT_VESA=0 to revert)
[12:45:53] [info] Renderer::initVideo: flip-phase instrumentation DISABLED (default; set SDL_HINT_DOSKUTSU_FLIP_INSTR=1 to opt in for wave-20 Lever A diagnostic)
[12:45:53] [info] Renderer::initVideo: asm opaque-span blit lever DISABLED (default; set SDL_HINT_DOSKUTSU_ASM_BLIT=1 to opt in -- wave-51 _blit_indexed colorkey-blit lever)
[12:45:53] [info] Renderer::initVideo: blit-decomp instrumentation DISABLED (default; set SDL_HINT_DOSKUTSU_BLIT_DECOMP=1 to opt in -- wave-51 _blit_indexed sub-decomp sizing)
[12:45:53] [info] Renderer::initVideo: mds-scroll-decomp instrumentation DISABLED (default; set SDL_HINT_DOSKUTSU_MDS_DECOMP=1 to opt in -- wave-52 mode_draw_scene scrolling-block decomp)
[12:45:53] [info] Renderer::initVideo: DOSVESA pump yield: skipped (default) (per-flip explicit SDL_Delay(0) yield is always on; set SDL_HINT_DOSKUTSU_FORCE_PUMP_YIELD=1 to restore old per-pump yield)
[12:45:53] [info] Renderer::initVideo: indexed-mode (8bpp) ENABLED -- master palette + 107 per-asset remap LUTs loaded (wave 16, default ON; set SDL_HINT_DOSKUTSU_PIXEL_FORMAT_8=0 to disable)
[12:45:53] [info] Renderer::initVideo: master palette attached to window surface (format=SDL_PIXELFORMAT_INDEX8, ncolors=256)
[12:45:53] [info] Renderer::initVideo: indexed-mode smoke: idx0=(0,0,0) OK idx255=(255,0,255) OK
[12:45:53] [info] Renderer::initVideo: indexed-mode smoke: paletteRemapFor('MyChar.pbm') = present
[12:45:53] [info] Surface::loadImage palmap-diag #1: 'data/Loading.pbm' fmt=SDL_PIXELFORMAT_ABGR8888 remap=HIT -> path=truecolor
[12:45:53] [info] Renderer: prev-frame diff DISABLED (default since wave 17.6; set SDL_HINT_DOSKUTSU_PREVFRAME_DIFF=1 to opt in)
[12:45:53] [info] flip-probe: renderer=software window_ptr=8695640 colorspace=301991328 window_size=320x240 framebuffer_pixels=320x240 logical_present=320x240 mode=2
[12:45:53] [info] flip-probe: first flip ok=true present=44ms inter_flip_ms=0 drawcalls-since-flip=1 drawcalls-total=1
[12:45:53] [info] Sound system init
[12:45:53] [info] Sound system: GUS (GF1) path -- AUDIO_BACKEND=gus. Skipping SB16 + SDL_mixer bring-up (no SDL_INIT_AUDIO); music via native GF1 wavetable on the PIT/IRQ-0 pump. MUSIC ONLY this phase (#27) -- GF1 SFX = #28. See docs/internal/GUS-NATIVE-DESIGN.md.
[12:45:53] [info] Sound system: 4-state audio enable (#31) -- music=on sfx=on (MUSIC_OFF/AUDIO_BACKEND=none -> music-off; SFX_OFF/SFX_DEVICE=none -> sfx-off; both gates are dispatch-level, the device still opens; AUDIO_OFF=1 is the device-level both-off).
[12:45:53] [info] Sound system: Tier-2 audio config (default since wave 21 patch 0093; 11025 Hz, 1 channel, buffer pinned to 256 frames). Measured savings on g2k Pentium OverDrive 83 MHz (W21A): heavy-music scenes ~+11 fps vs Tier-1 baseline (measured -10 to -15 ms/flip post-0094 audio fix; W21A's pre-fix -26.6 ms figure was inflated by stereo-vs-mono playback bug, see patch 0094). Audio quality is reduced vs Tier-1 (mono, 11025 Hz, simple-average L+R downmix) but recognizable; user accepted the trade per direction 2026-05-05. Set SDL_HINT_DOSKUTSU_AUDIO_TIER2=0 to revert to Tier-1 22050 stereo (full Cave Story 2004 audio quality; trades fps for fidelity).
[12:45:53] [info] Sound system: SDL_HINT_AUDIO_DEVICE_SAMPLE_FRAMES=256
[12:45:53] [info] Pixtone IRQ rate-divider: handed master_rate=11025 int16/s (SAMPLE_RATE=11025 x AUDIO_CHANNELS=1) to SDL for auto-RATEDIV (SDL/0074 computes shift_div from the resolved device freq).
[12:45:53] [info] Sound system: device frame-rate: requesting 11025 Hz match to master (SDL_DOSAudioSetDeviceFrameRate; SB16 opens at the engine frame rate instead of SDL's 44100 floor -- 4x less PCM/s + no resampler on the Organya/Pixtone path; killswitch SDL_HINT_DOSKUTSU_DOS_AUDIO_DEVICE_RATE_DEFAULT=0).
[12:45:54] [info] audio backend: gus (Campaign 3 -- native Gravis Ultrasound GF1 wavetable music; GM instruments render on GF1 hardware voices from .pat samples uploaded to card DRAM; music clock = PIT/IRQ-0 pump, NOT SB IRQ-5). MUSIC ONLY this phase. SoundManager::init brings up the GF1 via SDL_DOSGusInit; if absent, music is silent (the game still runs). Reads GM .pat from ULTRADIR (Gravis stock set). See docs/internal/GUS-NATIVE-DESIGN.md.
[12:45:54] [info] Sound system: GUS (GF1) path -- no SB16 mixer (music via the PIT pump; SFX disabled on this no-SB out-of-band path).
[12:45:54] [info] wave-13.6.1: ring_chunks=16 FORCE_PUMP_YIELD=off (set SDL_HINT_DOSKUTSU_AUDIO_RING_CHUNKS=4|8|16 to override; default 16 matches wave 13.6 behaviour)
[12:45:54] [info] MidiScheduler: MIDI source = 'orgmid2' (native-GM org2mid set; resolves to data/orgmid2/<name>.mid).
[12:45:54] [info] gus backend: bringing up the GF1 (SDL_DOSGusInit -- parses ULTRASND, GF1 reset, DRAM sizing, voice/rate program, IRQ hook)...
[12:45:54] [info] gus backend ready: GF1 detected, 20 voices @ 30870 Hz, 1024 KB DRAM. Clock = PIT/IRQ-0 pump (SDL/0110), NOT SB IRQ-5. GM instruments load lazily per song from ULTRADIR .pat (Gravis stock set). MUSIC ONLY this phase (#27); GF1 SFX = #28.
[12:45:54] [info] gus backend: release-ramp ENABLED (default) -- software note-off volume fade over 12 ticks (GUS_RELEASE; the GF1 has no hardware ramp).
[12:45:54] [info] gus backend: multisample ENABLED (default) -- per-note .pat sample selection (up to 8 resident/instrument; GUS_MULTISAMPLE; =0 = single nearest-middle-C sample, patch 0245 behavior).
[12:45:54] [info] Sound system: MidiScheduler armed with MidiBackendGus (Campaign 3 GUS -- native GF1 wavetable, GM .pat instruments in card DRAM). Music dispatch routes via SMF parser + GF1 voice allocator; the clock is the PIT/IRQ-0 pump (SDL/0110), NOT the SB IRQ-5. MUSIC ONLY this phase -- no Pixtone SFX yet (GF1 SFX = #28).
[12:45:54] [info] Sound system: idle-pause skipped (backend=gus does not qualify; only opl3 supports idle-pause per patch 0115; default OFF since patch 0119 regardless of backend).
[12:45:54] [warn] Music dir Ogg/ doesn't exist
[12:45:54] [warn] Music dir Ogg11/ doesn't exist
[12:45:54] [warn] Music dir Ogg17/ doesn't exist
[12:45:54] [warn] Music dir Ogg_ridic/ doesn't exist
[12:45:54] [info] gus SFX DRAM-straddle diag [nx0256]: per-slot 256KB-bank-boundary observability active (GUS_DIAG-gated; init-time, memory-only).
[12:45:54] [info] Loading Sound FX (GUS / GF1 DRAM)... SFX budget = 640 KB of 1024 KB (reserving 384 KB for the song's .pat set -- music-priority).
[12:45:54] [info] gus SFX rendersafe [nx0257]: OFF (default) (SDL_HINT_DOSKUTSU_GUS_SFX_RENDERSAFE; opt-in pre-render budget skip; per-substep load/render instrumentation rides on GUS_DIAG).
[12:45:54] [info] gus SFX voice routing [nx0259]: SFX allocate from the reserved GF1 voice slice (SDL/0114 partition); music voices protected.
[12:45:54] [info] gus SFX gain [nx0259]: 70% (SDL_HINT_DOSKUTSU_GUS_SFX_GAIN; scales the GF1 SFX voice volume to balance against velocity/CC-scaled GUS music; default 70, clamp 0..150).
[12:45:55] [info] [pxt-cache] initGusSfx(): HIT (loaded cache; render skipped)
[12:46:00] [info] gus SFX: uploaded 66 of 117 .pxt to GF1 DRAM (8-bit unsigned mono @ 22050 Hz; 0 failed; 14 skipped over the music-priority budget). Persistent SFX bank = 637 KB DRAM (the MidiBackendGus per-song .pat residency preserves it via its auto-snapshotted keep-mark at first song start; the reserve above it always fits a song's instruments).
[12:46:00] [info] pixtone IRQ-mix: DISABLED (L3 requested but SDL backend refused; likely Organya audio backend selected -- falling back to SDL3_mixer for SFX. To engage L3 set SDL_HINT_DOSKUTSU_AUDIO_BACKEND to opl3 / wb / midi-stub.)
[12:46:00] [info] Sound system: GUS path -- Pixtone SFX uploaded to GF1 voices (#28); music via MidiBackendGus on the same shared GF1 voice pool. No SDL3_mixer / Organya.
[12:46:00] [info] gus: music pump STARTED at 120 Hz (PIT ch0 / IRQ-0 drives MidiScheduler::tick_isr; BIOS 18.2 Hz tick chained; restored on exit). This is the music clock on a no-SB card.
[12:46:00] [info] menu slide-in fixed-timestep: ENABLED (default; slide advances at 50 Hz logic rate)
[12:46:00] [info] Reading npc.tbl...
[12:46:00] [info] Loading tilekey.dat.
[12:46:00] [info] Script engine init.
[12:46:00] [info] Entering main loop...
[12:46:00] [info] audio mid-gap pump: DISABLED (default)
[12:46:00] [info] TAS fixed-timestep guard: ENABLED (default) (patch 0280; load_stage wall-clock kept out of the FT accumulator so TAS replay advances at a true 50 Hz; set SDL_HINT_DOSKUTSU_TAS_FT_GUARD=0 to disable)
[12:46:00] [info] load_stage ring+DMA silence flush: ENABLED (default) (set SDL_HINT_DOSKUTSU_LOADSTAGE_SILENCE=0 to disable)
[12:46:00] [info] load-band audio-underrun probe: DISABLED (default) (opt-in SDL_HINT_DOSKUTSU_LOADBAND_STAT=1)
[12:46:00] [info]  >> Entering stage 72: 'u'.
[12:46:00] [info] skip sheet flush: ENABLED (default) (SFXPAUSE-012 SHIPPED FIX; sprite sheets stay resident across caves so no per-cave re-decode -> no fire-frame pause; map_flush_graphics tilemap cache still flushes; set SDL_HINT_DOSKUTSU_SKIP_SHEET_FLUSH=0 to restore the old per-cave flush)
[12:46:00] [info] [skip-sheet-flush] cave=1
[12:46:00] [info] eager action sheets: ENABLED (default) (first-fire hitch fix: pre-loads the weapon bullet + hit/muzzle/trail caret sheets at stage load so the first fire/impact does not lazy-decode mid-gameplay; set SDL_HINT_DOSKUTSU_EAGER_ACTION_SHEETS=0 to restore lazy load)
[12:46:00] [info] Surface::loadImage palmap-diag #2: 'data/Bullet.pbm' fmt=SDL_PIXELFORMAT_ABGR8888 remap=HIT -> path=truecolor
[12:46:00] [info] Surface::loadImage palmap-diag #3: 'data/Arms.pbm' fmt=SDL_PIXELFORMAT_ABGR8888 remap=HIT -> path=truecolor
[12:46:01] [info] Surface::loadImage palmap-diag #4: 'data/Caret.pbm' fmt=SDL_PIXELFORMAT_ABGR8888 remap=HIT -> path=truecolor
[12:46:01] [info] Surface::loadImage palmap-diag #5: 'data/Npc/NpcSym.pbm' fmt=SDL_PIXELFORMAT_ABGR8888 remap=HIT -> path=truecolor
[12:46:01] [info] [eager-action-sheets] cave=1 sheets=4 wall_ms=821
[12:46:01] [info] Surface::loadImage palmap-diag #6: 'data/Stage/PrtWhite.pbm' fmt=SDL_PIXELFORMAT_ABGR8888 remap=HIT -> path=truecolor
[12:46:01] [info] load_stage: entry-music preload ENABLED (default) (set SDL_HINT_DOSKUTSU_PRELOAD_STAGE_MUSIC=0 to disable)
[12:46:01] [info] Surface::loadImage palmap-diag #7: 'data/bk0.pbm' fmt=SDL_PIXELFORMAT_ABGR8888 remap=HIT -> path=truecolor
[12:46:02] [info] gameloop: entered (curmap=72, running=1)
[12:46:02] [info] gameloop: iter 1 ticks=11697 mapno=-1
[12:46:02] [info] fixed-timestep: ENABLED (default; logic 50 Hz, decoupled from render)
[12:46:02] [info] map: BG skip-when-unchanged DISABLED (default) (set SDL_HINT_DOSKUTSU_BG_SKIP_WHEN_UNCHANGED=1 to enable; default OFF since wave-61 -- abandoned, it shipped a backdrop-black flicker and its +0.87 fps was below the noise floor)
[12:46:02] [info] map: skip-redundant-clear lever ENABLED (default since wave-53 promotion)
[12:46:02] [info] perf-mode: level=0 (faithful (default))
[12:46:02] [info] Surface::loadImage palmap-diag #8: 'data/Npc/NpcKings.pbm' fmt=SDL_PIXELFORMAT_ABGR8888 remap=HIT -> path=truecolor
[12:46:02] [info] audio tick-boundary pump: DISABLED (default)
[12:46:02] [info] gameloop: iter 2 ticks=11967 mapno=-1
[12:46:02] [info] gameloop: iter 3 ticks=12022 mapno=-1
[12:46:02] [info] direct-vesa: snapshot @gen=2 use_dosmemput=0 banked_multibank=0 pitches_match=1 vram_w=320 vram_h=240 vram_pitch=320 bpp=1 fb_size=76800 vram_phys=0x78000000 vram_ptr=0x77c00000
[12:46:02] [info] flip-probe: flip #10 ok=true present=-3ms inter_flip_ms=55 drawcalls-since-flip=6 drawcalls-total=43 fail-total=0 null-skips-total=0
[12:46:03] [info] flip-probe: flip #20 ok=true present=-3ms inter_flip_ms=53 drawcalls-since-flip=4 drawcalls-total=92 fail-total=0 null-skips-total=0
[12:46:03] [info] flip-probe: flip #30 ok=true present=-3ms inter_flip_ms=62 drawcalls-since-flip=326 drawcalls-total=2707 fail-total=0 null-skips-total=0
[12:46:04] [info] flip-probe: flip #40 ok=true present=-3ms inter_flip_ms=59 drawcalls-since-flip=264 drawcalls-total=5837 fail-total=0 null-skips-total=0
[12:46:04] [info] flip-probe: flip #50 ok=true present=-3ms inter_flip_ms=57 drawcalls-since-flip=67 drawcalls-total=7392 fail-total=0 null-skips-total=0
[12:46:05] [info] flip-probe: flip #60 ok=true present=5ms inter_flip_ms=53 drawcalls-since-flip=4 drawcalls-total=7502 fail-total=0 null-skips-total=0
[12:46:06] [info] flip-probe: flip #70 ok=true present=5ms inter_flip_ms=55 drawcalls-since-flip=6 drawcalls-total=7557 fail-total=0 null-skips-total=0
[12:46:06] [info] flip-probe: flip #80 ok=true present=5ms inter_flip_ms=54 drawcalls-since-flip=0 drawcalls-total=7586 fail-total=0 null-skips-total=0
[12:46:07] [info] flip-probe: flip #90 ok=true present=6ms inter_flip_ms=53 drawcalls-since-flip=0 drawcalls-total=7586 fail-total=0 null-skips-total=0
[12:46:07] [info] title: eager-title-IO phase tag ENABLED (default) (set SDL_HINT_DOSKUTSU_EAGER_TITLE_IO=0 to disable)
[12:46:07] [warn] MidiScheduler::_refresh_isr_buffer: track has 27749 events; ISR buffer is 16384 (truncated; events after 16384 will not dispatch under L2b ON -- the engine-thread tick() path still uses _events directly under L2b OFF)
[12:46:08] [info] MidiScheduler::load: parsed 'data/orgmid2/curly.mid' = 27749 events at 48 PPQ
[12:46:08] [info] gus backend: SFX-bank keep-mark = 652752 bytes DRAM (per-song .pat residency preserves [0,652752); music uploads above it).
[12:46:08] [info] gus .pat 'acpiano': 5 sample(s) -> 5 resident (multisample).
[12:46:09] [info] gus .pat 'epiano1': 1 sample(s) -> 1 resident (multisample).
[12:46:09] [info] gus .pat 'acbass': 1 sample(s) -> 1 resident (multisample).
[12:46:09] [info] gus .pat 'altosax': 3 sample(s) -> 3 resident (multisample).
[12:46:09] [info] gus .pat 'flute': 3 sample(s) -> 3 resident (multisample).
[12:46:10] [info] gus .pat 'sqrwave': 1 sample(s) -> 1 resident (multisample).
[12:46:10] [info] gus .pat 'calliope': 1 sample(s) -> 1 resident (multisample).
[12:46:10] [info] gus .pat 'warmpad': 1 sample(s) -> 1 resident (multisample).
[12:46:11] [info] gus .pat 'kick1': 1 sample(s) -> 1 resident (drum/single).
[12:46:11] [info] gus .pat 'snare1': 1 sample(s) -> 1 resident (drum/single).
[12:46:11] [info] gus .pat 'hihatcl': 1 sample(s) -> 1 resident (drum/single).
[12:46:11] [info] gus .pat 'hihatop': 1 sample(s) -> 1 resident (drum/single).
[12:46:11] [info] gus backend: on_song_start -- uploaded 12 instruments (0 missing/silent) into 1014 KB DRAM for this song; 20 subsamples resident, 0 instrument(s) K-capped/DRAM-truncated (multisample on).
[12:46:11] [info] gameloop: entered (curmap=1005, running=1)
[12:46:11] [info] gameloop: iter 1 ticks=21527 mapno=-1
[12:46:11] [info] map: backdrop cache ENABLED (default) (set SDL_HINT_DOSKUTSU_BACKDROP_CACHE=0 to disable)
[12:46:12] [info] gameloop: iter 2 ticks=22073 mapno=-1
[12:46:12] [info] gameloop: iter 3 ticks=22077 mapno=-1
[12:46:12] [info] backdrop cache: thrashing-detect engaged (streak=4, route=direct)
[12:46:12] [info] flip-probe: flip #100 ok=true present=5ms inter_flip_ms=51 drawcalls-since-flip=75 drawcalls-total=7886 fail-total=0 null-skips-total=0
[12:46:12] [info] alpha audit block 0: 7798 total drawcalls, 0 with alpha<255 (block pct_x10=0; global 0/7798 pct_x10=0); alpha-mod skipped: block=0 global=0
[12:46:12] [info] fastpath audit block 0: taken=7798 (idx8=7798) skipped=0 pct_x10=1000; global taken=7798 (idx8=7798) skipped=0 pct_x10=1000
[12:46:12] [info] primitive tally block 0: clear=220(hr=220) fill=0(hr=0) rect=0(hr=0) line=0(hr=0) tint=0 spotlight=0 (over 100 flips ending at flip 100)
[12:46:12] [info] color/alpha audit block 0: cmod_white=104 cmod_black=0 (idx=0) cmod_general=84 (idx=84) cmod_fb=0; alpha_taken=0 alpha_skipped=0 (global cmod=104/0/84/0 idx=0/84 alpha=0/0)
[12:46:12] [info] phase timing block 0: drawcalls=8209 dc_total_ms=431 flip_inner_total_ms=196 inter_flip_total_ms=18831 (per-flip avg x10: dc_ms=43 fi_ms=19 if_ms=1883 derived audio+engine_ms=1821; per-drawcall avg us_x10=525) [direct-vesa: presents=97 total_ms=81 avg_ms_x10=8 failed=0] [ablation: NO_DC_TIMING=0 CACHE_WINSURF=0 DIRECT_VESA=1]
[12:46:12] [info] kbd/audio block 0: kbd_irq=0 kbd_drain=0 ring_chunks=16 pump_pass=99 pic1_mask=0xb8 first_irq_ticks=0 install_ticks=0 vector_at_install=0x0083a658 pic1_mask_live=0xb8 kbd_8042_stat=0x34 bios_kbd_head=0x0022 bios_kbd_tail=0x0022 bios_kbd_buf0=0x1c0d
[12:46:12] [info] audio/engine split block 0: audio_mixer_calls=0 audio_mixer_ms_x10=0 engine_tick_calls=99 engine_tick_ms_x10=555 audio_service_calls=0 audio_service_ms_x10=0 (per-flip avg; per-call us_x10: audio_mix=0 engine_tick=561071 audio_service=0; global ns: audio_mix=0 engine_tick=5554607018 audio_service=0)
[12:46:12] [info] pixtone multi-source probe: DISABLED (default)
[12:46:12] [info] dirty-rect block @flip=100: total_calls=0 dirty_rects_avg=0 dirty_pct_x10=990 forced_full=0 first_n_force=3 threshold_exceeded=2 dirty_path_taken=0 full_flush_taken=3
[12:46:12] [info] prev-frame-diff block @flip=100: diff_calls=0 diff_rects_avg=0 diff_dirty_pct_x10=0 bbox_pct_x10=0 bbox_thresh_exceeded=0
[12:46:13] [info] flip-probe: flip #110 ok=true present=-3ms inter_flip_ms=52 drawcalls-since-flip=75 drawcalls-total=8636 fail-total=0 null-skips-total=0
[12:46:13] [info] flip-probe: flip #120 ok=true present=-3ms inter_flip_ms=56 drawcalls-since-flip=75 drawcalls-total=9386 fail-total=0 null-skips-total=0
[12:46:14] [info] flip-probe: flip #130 ok=true present=-3ms inter_flip_ms=55 drawcalls-since-flip=0 drawcalls-total=9986 fail-total=0 null-skips-total=0
[12:46:14] [info] Loading profile from profile.dat
[12:46:14] [error] profile_load: unable to open 'profile.dat'
[12:46:14] [info] Loading profile from profile2.dat
[12:46:14] [error] profile_load: unable to open 'profile2.dat'
[12:46:14] [info] Loading profile from profile3.dat
[12:46:14] [info] Loading profile from profile4.dat
[12:46:14] [error] profile_load: unable to open 'profile4.dat'
[12:46:14] [info] Loading profile from profile5.dat
[12:46:14] [info] flip-probe: flip #140 ok=true present=-3ms inter_flip_ms=60 drawcalls-since-flip=214 drawcalls-total=10842 fail-total=0 null-skips-total=0
[12:46:15] [info] flip-probe: flip #150 ok=true present=-3ms inter_flip_ms=60 drawcalls-since-flip=214 drawcalls-total=12982 fail-total=0 null-skips-total=0
[12:46:15] [info] Writing settings...
[12:46:15] [info] flip-probe: flip #160 ok=true present=5ms inter_flip_ms=54 drawcalls-since-flip=0 drawcalls-total=13846 fail-total=0 null-skips-total=0
[12:46:16] [info] flip-probe: flip #170 ok=true present=-2ms inter_flip_ms=56 drawcalls-since-flip=0 drawcalls-total=13846 fail-total=0 null-skips-total=0
[12:46:16] [info] gus backend: on_song_stop (all voices stopped).
[12:46:16] [info] Loading profile from profile5.dat
[12:46:16] [info]  >> Entering stage 20: 'Save Point'.
[12:46:16] [info] [skip-sheet-flush] cave=2
[12:46:17] [info] MidiScheduler::load: parsed 'data/orgmid2/mura.mid' = 7123 events at 48 PPQ
[12:46:18] [info] gus .pat 'acpiano': 5 sample(s) -> 5 resident (multisample).
[12:46:18] [info] gus .pat 'epiano1': 1 sample(s) -> 1 resident (multisample).
[12:46:18] [info] gus .pat 'acbass': 1 sample(s) -> 1 resident (multisample).
[12:46:18] [info] gus .pat 'altosax': 3 sample(s) -> 3 resident (multisample).
[12:46:19] [info] gus .pat 'flute': 3 sample(s) -> 3 resident (multisample).
[12:46:19] [info] gus .pat 'sqrwave': 1 sample(s) -> 1 resident (multisample).
[12:46:19] [info] gus .pat 'calliope': 1 sample(s) -> 1 resident (multisample).
[12:46:20] [info] gus .pat 'warmpad': 1 sample(s) -> 1 resident (multisample).
[12:46:20] [info] gus .pat 'kick1': 1 sample(s) -> 1 resident (drum/single).
[12:46:20] [info] gus .pat 'snare1': 1 sample(s) -> 1 resident (drum/single).
[12:46:20] [info] gus .pat 'hihatcl': 1 sample(s) -> 1 resident (drum/single).
[12:46:21] [info] gus .pat 'tommid2': 1 sample(s) -> 1 resident (drum/single).
[12:46:21] [warn] gus backend: 'hihatop.pat' DRAM upload failed (full?); instrument silent. dram_size=1048576 bytes.
[12:46:21] [info] gus backend: on_song_start -- uploaded 12 instruments (1 missing/silent) into 1019 KB DRAM for this song; 20 subsamples resident, 0 instrument(s) K-capped/DRAM-truncated (multisample on).
[12:46:21] [info] gameloop: entered (curmap=20, running=1)
[12:46:21] [info] gameloop: iter 1 ticks=30813 mapno=-1
[12:46:21] [info] TAS stall discount: ENABLED (default) (patch 0286; a replay frame over 150 ms is a load, not slow rendering, so it contributes 1 tick instead of its wall-clock; set SDL_HINT_DOSKUTSU_TAS_STALL_DISCOUNT=0 to disable)
[12:46:21] [info] TAS accumulator clamp: DISABLED (default) (patch 0281; caps the FT accumulator delta at one tick during TAS so a stalled frame cannot race the replay index; set SDL_HINT_DOSKUTSU_TAS_FT_GUARD=0 to disable)
[12:46:21] [info] gameloop: iter 2 ticks=30811 mapno=-1
[12:46:21] [info] gameloop: iter 3 ticks=30865 mapno=-1
[12:46:21] [info] flip-probe: flip #180 ok=true present=5ms inter_flip_ms=-5 drawcalls-since-flip=17 drawcalls-total=14028 fail-total=0 null-skips-total=0
[12:46:21] [info] flip-probe: flip #190 ok=true present=-2ms inter_flip_ms=0 drawcalls-since-flip=17 drawcalls-total=14198 fail-total=0 null-skips-total=0
[12:46:21] [info] flip-probe: flip #200 ok=true present=5ms inter_flip_ms=51 drawcalls-since-flip=17 drawcalls-total=14368 fail-total=0 null-skips-total=0
[12:46:21] [info] alpha audit block 0: 5824 total drawcalls, 0 with alpha<255 (block pct_x10=0; global 0/13622 pct_x10=0); alpha-mod skipped: block=0 global=0
[12:46:21] [info] fastpath audit block 0: taken=5824 (idx8=5824) skipped=0 pct_x10=1000; global taken=13622 (idx8=13622) skipped=0 pct_x10=1000
[12:46:21] [info] primitive tally block 0: clear=202(hr=202) fill=0(hr=0) rect=0(hr=0) line=0(hr=0) tint=0 spotlight=0 (over 100 flips ending at flip 200)
[12:46:21] [info] color/alpha audit block 0: cmod_white=1464 cmod_black=0 (idx=0) cmod_general=630 (idx=630) cmod_fb=0; alpha_taken=0 alpha_skipped=0 (global cmod=1568/0/714/0 idx=0/714 alpha=0/0)
[12:46:21] [info] phase timing block 0: drawcalls=8120 dc_total_ms=189 flip_inner_total_ms=264 inter_flip_total_ms=9118 (per-flip avg x10: dc_ms=18 fi_ms=26 if_ms=911 derived audio+engine_ms=867; per-drawcall avg us_x10=233) [direct-vesa: presents=100 total_ms=56 avg_ms_x10=5 failed=0] [ablation: NO_DC_TIMING=0 CACHE_WINSURF=0 DIRECT_VESA=1]
[12:46:21] [info] kbd/audio block 0: kbd_irq=0 kbd_drain=0 ring_chunks=16 pump_pass=197 pic1_mask=0xb8 first_irq_ticks=0 install_ticks=0 vector_at_install=0x0083a658 pic1_mask_live=0xb8 kbd_8042_stat=0x34 bios_kbd_head=0x0022 bios_kbd_tail=0x0022 bios_kbd_buf0=0x1c0d
[12:46:21] [info] audio/engine split block 0: audio_mixer_calls=0 audio_mixer_ms_x10=0 engine_tick_calls=76 engine_tick_ms_x10=27 audio_service_calls=0 audio_service_ms_x10=0 (per-flip avg; per-call us_x10: audio_mix=0 engine_tick=35642 audio_service=0; global ns: audio_mix=0 engine_tick=5825489865 audio_service=0)
[12:46:21] [info] dirty-rect block @flip=200: total_calls=0 dirty_rects_avg=1 dirty_pct_x10=1000 forced_full=0 first_n_force=0 threshold_exceeded=0 dirty_path_taken=0 full_flush_taken=0
[12:46:21] [info] prev-frame-diff block @flip=200: diff_calls=0 diff_rects_avg=0 diff_dirty_pct_x10=0 bbox_pct_x10=0 bbox_thresh_exceeded=0
[12:46:21] [info] flip-probe: flip #210 ok=true present=52ms inter_flip_ms=3 drawcalls-since-flip=17 drawcalls-total=14538 fail-total=0 null-skips-total=0
[12:46:22] [info] flip-probe: flip #220 ok=true present=-3ms inter_flip_ms=3 drawcalls-since-flip=17 drawcalls-total=14708 fail-total=0 null-skips-total=0
[12:46:22] [info] flip-probe: flip #230 ok=true present=-3ms inter_flip_ms=0 drawcalls-since-flip=17 drawcalls-total=14878 fail-total=0 null-skips-total=0
[12:46:22] [info] flip-probe: flip #240 ok=true present=5ms inter_flip_ms=51 drawcalls-since-flip=17 drawcalls-total=15048 fail-total=0 null-skips-total=0
[12:46:22] [info] flip-probe: flip #250 ok=true present=5ms inter_flip_ms=-5 drawcalls-since-flip=17 drawcalls-total=15218 fail-total=0 null-skips-total=0
[12:46:22] [info] flip-probe: flip #260 ok=true present=-3ms inter_flip_ms=-1 drawcalls-since-flip=66 drawcalls-total=15437 fail-total=0 null-skips-total=0
[12:46:23] [info] flip-probe: flip #270 ok=true present=-2ms inter_flip_ms=57 drawcalls-since-flip=358 drawcalls-total=17889 fail-total=0 null-skips-total=0
[12:46:23] [info]  >> Entering stage 11: 'Mimiga Village'.
[12:46:23] [info] [skip-sheet-flush] cave=3
[12:46:23] [info] [load-stage] preloading entry music song=9 (cave=3)
[12:46:24] [info] gameloop: entered (curmap=11, running=1)
[12:46:24] [info] gameloop: iter 1 ticks=33610 mapno=-1
[12:46:24] [info] map: mds_clear LUT ENABLED (default) (set SDL_HINT_DOSKUTSU_MDS_CLEAR_LUT=0 to disable; default ON; patch 0144 wave-49 bandwidth lever)
[12:46:24] [info] mds-clear-lut: rebuilt N=240 entries (k_skip=0% k_keep=100%; curmap=11 map_size=60x60; rebuild #1 since boot)
[12:46:24] [info] backdrop thrash full-cover ENABLED (default) (set SDL_HINT_DOSKUTSU_THRASH_FULLCOVER=0 to disable)
[12:46:24] [info] [bd-diag] backdrop render-path diag disabled (default) (set SDL_HINT_DOSKUTSU_BACKDROP_DIAG=1 to enable)
[12:46:24] [info] gameloop: iter 2 ticks=33779 mapno=-1
[12:46:24] [info] tas: stall frame 216 ms -> contributing 1 tick (patch 0286)
[12:46:24] [info] gameloop: iter 3 ticks=33883 mapno=-1
[12:46:24] [info] flip-probe: flip #280 ok=true present=-3ms inter_flip_ms=57 drawcalls-since-flip=384 drawcalls-total=21196 fail-total=0 null-skips-total=0
[12:46:24] [info] run_tick_fixed #300: heartbeat (loop alive)
[12:46:24] [info] backdrop cache: thrashing-detect engaged (streak=4, route=direct)
[12:46:24] [info] flip-probe: flip #290 ok=true present=-2ms inter_flip_ms=59 drawcalls-since-flip=72 drawcalls-total=23944 fail-total=0 null-skips-total=0
[12:46:25] [info] flip-probe: flip #300 ok=true present=5ms inter_flip_ms=49 drawcalls-since-flip=43 drawcalls-total=24345 fail-total=0 null-skips-total=0
[12:46:25] [info] alpha audit block 0: 9655 total drawcalls, 0 with alpha<255 (block pct_x10=0; global 0/23277 pct_x10=0); alpha-mod skipped: block=0 global=0
[12:46:25] [info] fastpath audit block 0: taken=9655 (idx8=9655) skipped=0 pct_x10=1000; global taken=23277 (idx8=23277) skipped=0 pct_x10=1000
[12:46:25] [info] primitive tally block 0: clear=201(hr=201) fill=0(hr=0) rect=0(hr=0) line=0(hr=0) tint=0 spotlight=0 (over 100 flips ending at flip 300)
[12:46:25] [info] color/alpha audit block 0: cmod_white=299 cmod_black=299 (idx=299) cmod_general=0 (idx=0) cmod_fb=0; alpha_taken=0 alpha_skipped=0 (global cmod=1867/299/714/0 idx=299/714 alpha=0/0)
[12:46:25] [info] phase timing block 0: drawcalls=10463 dc_total_ms=444 flip_inner_total_ms=482 inter_flip_total_ms=3460 (per-flip avg x10: dc_ms=44 fi_ms=48 if_ms=346 derived audio+engine_ms=254; per-drawcall avg us_x10=425) [direct-vesa: presents=100 total_ms=377 avg_ms_x10=37 failed=0] [ablation: NO_DC_TIMING=0 CACHE_WINSURF=0 DIRECT_VESA=1]
[12:46:25] [info] kbd/audio block 0: kbd_irq=0 kbd_drain=0 ring_chunks=16 pump_pass=342 pic1_mask=0xb8 first_irq_ticks=0 install_ticks=0 vector_at_install=0x0083a658 pic1_mask_live=0xb8 kbd_8042_stat=0x34 bios_kbd_head=0x0022 bios_kbd_tail=0x0022 bios_kbd_buf0=0x1c0d
[12:46:25] [info] [tile-speedup-stat n=100 drawtile_us=36.96 raw_blit_us=549.14 ratio=0.07]
[12:46:25] [info] dirty-rect block @flip=300: total_calls=100 dirty_rects_avg=1 dirty_pct_x10=1000 forced_full=0 first_n_force=0 threshold_exceeded=0 dirty_path_taken=0 full_flush_taken=0
[12:46:25] [info] prev-frame-diff block @flip=300: diff_calls=0 diff_rects_avg=0 diff_dirty_pct_x10=0 bbox_pct_x10=0 bbox_thresh_exceeded=0
[12:46:25] [info] flip-probe: flip #310 ok=true present=53ms inter_flip_ms=-1 drawcalls-since-flip=45 drawcalls-total=24885 fail-total=0 null-skips-total=0
[12:46:25] [info] backdrop cache: thrashing-detect engaged (streak=4, route=direct)
[12:46:25] [info] flip-probe: flip #320 ok=true present=5ms inter_flip_ms=52 drawcalls-since-flip=46 drawcalls-total=25349 fail-total=0 null-skips-total=0
[12:46:26] [info] flip-probe: flip #330 ok=true present=-3ms inter_flip_ms=55 drawcalls-since-flip=43 drawcalls-total=25788 fail-total=0 null-skips-total=0
[12:46:26] [info] flip-probe: flip #340 ok=true present=-3ms inter_flip_ms=5 drawcalls-since-flip=43 drawcalls-total=26218 fail-total=0 null-skips-total=0
[12:46:26] [info] flip-probe: flip #350 ok=true present=-3ms inter_flip_ms=53 drawcalls-since-flip=43 drawcalls-total=26648 fail-total=0 null-skips-total=0
[12:46:27] [info] flip-probe: flip #360 ok=true present=-3ms inter_flip_ms=56 drawcalls-since-flip=43 drawcalls-total=27078 fail-total=0 null-skips-total=0
[12:46:27] [info] flip-probe: flip #370 ok=true present=5ms inter_flip_ms=-4 drawcalls-since-flip=43 drawcalls-total=27508 fail-total=0 null-skips-total=0
[12:46:27] [info] backdrop cache: thrashing-detect engaged (streak=64, route=direct)
[12:46:27] [info] flip-probe: flip #380 ok=true present=-2ms inter_flip_ms=59 drawcalls-since-flip=43 drawcalls-total=27938 fail-total=0 null-skips-total=0
[12:46:28] [info] flip-probe: flip #390 ok=true present=-3ms inter_flip_ms=55 drawcalls-since-flip=43 drawcalls-total=28368 fail-total=0 null-skips-total=0
[12:46:28] [info] flip-probe: flip #400 ok=true present=-3ms inter_flip_ms=0 drawcalls-since-flip=17 drawcalls-total=28720 fail-total=0 null-skips-total=0
[12:46:28] [info] alpha audit block 0: 3014 total drawcalls, 0 with alpha<255 (block pct_x10=0; global 0/26291 pct_x10=0); alpha-mod skipped: block=0 global=0
[12:46:28] [info] fastpath audit block 0: taken=3014 (idx8=3014) skipped=0 pct_x10=1000; global taken=26291 (idx8=26291) skipped=0 pct_x10=1000
[12:46:28] [info] primitive tally block 0: clear=200(hr=200) fill=0(hr=0) rect=0(hr=0) line=0(hr=0) tint=0 spotlight=0 (over 100 flips ending at flip 400)
[12:46:28] [info] color/alpha audit block 0: cmod_white=1261 cmod_black=1261 (idx=1261) cmod_general=0 (idx=0) cmod_fb=0; alpha_taken=0 alpha_skipped=0 (global cmod=3128/1560/714/0 idx=1560/714 alpha=0/0)
[12:46:28] [info] phase timing block 0: drawcalls=5744 dc_total_ms=809 flip_inner_total_ms=298 inter_flip_total_ms=3192 (per-flip avg x10: dc_ms=80 fi_ms=29 if_ms=319 derived audio+engine_ms=210; per-drawcall avg us_x10=1408) [direct-vesa: presents=100 total_ms=239 avg_ms_x10=23 failed=0] [ablation: NO_DC_TIMING=0 CACHE_WINSURF=0 DIRECT_VESA=1]
[12:46:28] [info] kbd/audio block 0: kbd_irq=0 kbd_drain=0 ring_chunks=16 pump_pass=505 pic1_mask=0xb8 first_irq_ticks=0 install_ticks=0 vector_at_install=0x0083a658 pic1_mask_live=0xb8 kbd_8042_stat=0x34 bios_kbd_head=0x0022 bios_kbd_tail=0x0022 bios_kbd_buf0=0x1c0d
[12:46:28] [info] dirty-rect block @flip=400: total_calls=0 dirty_rects_avg=1 dirty_pct_x10=1000 forced_full=0 first_n_force=0 threshold_exceeded=0 dirty_path_taken=0 full_flush_taken=0
[12:46:28] [info] prev-frame-diff block @flip=400: diff_calls=0 diff_rects_avg=0 diff_dirty_pct_x10=0 bbox_pct_x10=0 bbox_thresh_exceeded=0
[12:46:28] [info] flip-probe: flip #410 ok=true present=5ms inter_flip_ms=-4 drawcalls-since-flip=17 drawcalls-total=28890 fail-total=0 null-skips-total=0
[12:46:29] [info] flip-probe: flip #420 ok=true present=5ms inter_flip_ms=56 drawcalls-since-flip=17 drawcalls-total=29060 fail-total=0 null-skips-total=0
[12:46:29] [info] flip-probe: flip #430 ok=true present=-3ms inter_flip_ms=56 drawcalls-since-flip=19 drawcalls-total=29238 fail-total=0 null-skips-total=0
[12:46:29] [info] backdrop cache: thrashing-detect engaged (streak=124, route=direct)
[12:46:29] [info] flip-probe: flip #440 ok=true present=5ms inter_flip_ms=-4 drawcalls-since-flip=19 drawcalls-total=29432 fail-total=0 null-skips-total=0
[12:46:29] [info] flip-probe: flip #450 ok=true present=6ms inter_flip_ms=-4 drawcalls-since-flip=17 drawcalls-total=29608 fail-total=0 null-skips-total=0
[12:46:30] [info] flip-probe: flip #460 ok=true present=53ms inter_flip_ms=5 drawcalls-since-flip=16 drawcalls-total=29777 fail-total=0 null-skips-total=0
[12:46:30] [info] run_tick_fixed #600: heartbeat (loop alive)
[12:46:30] [info] run_tick_fixed #600: heartbeat (loop alive)
[12:46:30] [info] flip-probe: flip #470 ok=true present=-3ms inter_flip_ms=55 drawcalls-since-flip=18 drawcalls-total=29955 fail-total=0 null-skips-total=0
[12:46:30] [info] flip-probe: flip #480 ok=true present=-3ms inter_flip_ms=-1 drawcalls-since-flip=16 drawcalls-total=30127 fail-total=0 null-skips-total=0
[12:46:31] [info] flip-probe: flip #490 ok=true present=-3ms inter_flip_ms=55 drawcalls-since-flip=15 drawcalls-total=30277 fail-total=0 null-skips-total=0
[12:46:31] [info] backdrop cache: thrashing-detect engaged (streak=184, route=direct)
[12:46:31] [info] flip-probe: flip #500 ok=true present=-3ms inter_flip_ms=6 drawcalls-since-flip=18 drawcalls-total=30448 fail-total=0 null-skips-total=0
[12:46:31] [info] alpha audit block 0: 1628 total drawcalls, 0 with alpha<255 (block pct_x10=0; global 0/27919 pct_x10=0); alpha-mod skipped: block=0 global=0
[12:46:31] [info] fastpath audit block 0: taken=1628 (idx8=1628) skipped=0 pct_x10=1000; global taken=27919 (idx8=27919) skipped=0 pct_x10=1000
[12:46:31] [info] primitive tally block 0: clear=200(hr=200) fill=0(hr=0) rect=0(hr=0) line=0(hr=0) tint=0 spotlight=0 (over 100 flips ending at flip 500)
[12:46:31] [info] phase timing block 0: drawcalls=1828 dc_total_ms=479 flip_inner_total_ms=394 inter_flip_total_ms=2966 (per-flip avg x10: dc_ms=47 fi_ms=39 if_ms=296 derived audio+engine_ms=210; per-drawcall avg us_x10=2625) [direct-vesa: presents=100 total_ms=226 avg_ms_x10=22 failed=0] [ablation: NO_DC_TIMING=0 CACHE_WINSURF=0 DIRECT_VESA=1]
[12:46:31] [info] kbd/audio block 0: kbd_irq=0 kbd_drain=0 ring_chunks=16 pump_pass=656 pic1_mask=0xb8 first_irq_ticks=0 install_ticks=0 vector_at_install=0x0083a658 pic1_mask_live=0xb8 kbd_8042_stat=0x34 bios_kbd_head=0x0022 bios_kbd_tail=0x0022 bios_kbd_buf0=0x1c0d
[12:46:31] [info] dirty-rect block @flip=500: total_calls=0 dirty_rects_avg=1 dirty_pct_x10=1000 forced_full=0 first_n_force=0 threshold_exceeded=0 dirty_path_taken=0 full_flush_taken=0
[12:46:31] [info] prev-frame-diff block @flip=500: diff_calls=0 diff_rects_avg=0 diff_dirty_pct_x10=0 bbox_pct_x10=0 bbox_thresh_exceeded=0
[12:46:31] [info] flip-probe: flip #510 ok=true present=-3ms inter_flip_ms=59 drawcalls-since-flip=17 drawcalls-total=30626 fail-total=0 null-skips-total=0
[12:46:32] [info] flip-probe: flip #520 ok=true present=52ms inter_flip_ms=3 drawcalls-since-flip=15 drawcalls-total=30781 fail-total=0 null-skips-total=0
[12:46:32] [info] flip-probe: flip #530 ok=true present=-3ms inter_flip_ms=56 drawcalls-since-flip=15 drawcalls-total=30931 fail-total=0 null-skips-total=0
[12:46:32] [info] flip-probe: flip #540 ok=true present=5ms inter_flip_ms=53 drawcalls-since-flip=109 drawcalls-total=31269 fail-total=0 null-skips-total=0
[12:46:33] [info] flip-probe: flip #550 ok=true present=-2ms inter_flip_ms=56 drawcalls-since-flip=319 drawcalls-total=33874 fail-total=0 null-skips-total=0
[12:46:33] [info]  >> Entering stage 17: 'Yamashita Farm'.
[12:46:33] [info] [skip-sheet-flush] cave=4
[12:46:33] [info] [load-stage] preloading entry music song=13 (cave=4)
[12:46:33] [info] gus backend: on_song_stop (all voices stopped).
[12:46:33] [info] MidiScheduler::load: parsed 'data/orgmid2/plant.mid' = 6246 events at 48 PPQ
[12:46:34] [info] gus .pat 'acpiano': 5 sample(s) -> 5 resident (multisample).
[12:46:34] [info] gus .pat 'epiano1': 1 sample(s) -> 1 resident (multisample).
[12:46:34] [info] gus .pat 'acbass': 1 sample(s) -> 1 resident (multisample).
[12:46:34] [info] gus .pat 'altosax': 3 sample(s) -> 3 resident (multisample).
[12:46:35] [info] gus .pat 'flute': 3 sample(s) -> 3 resident (multisample).
[12:46:35] [info] gus .pat 'sqrwave': 1 sample(s) -> 1 resident (multisample).
[12:46:36] [info] gus .pat 'calliope': 1 sample(s) -> 1 resident (multisample).
[12:46:36] [info] gus .pat 'warmpad': 1 sample(s) -> 1 resident (multisample).
[12:46:36] [info] gus .pat 'kick1': 1 sample(s) -> 1 resident (drum/single).
[12:46:36] [info] gus .pat 'snare1': 1 sample(s) -> 1 resident (drum/single).
[12:46:36] [info] gus .pat 'hihatcl': 1 sample(s) -> 1 resident (drum/single).
[12:46:37] [info] gus .pat 'hihatop': 1 sample(s) -> 1 resident (drum/single).
[12:46:37] [info] gus backend: on_song_start -- uploaded 12 instruments (0 missing/silent) into 1014 KB DRAM for this song; 20 subsamples resident, 0 instrument(s) K-capped/DRAM-truncated (multisample on).
[12:46:37] [info] gameloop: entered (curmap=17, running=1)
[12:46:37] [info] gameloop: iter 1 ticks=46790 mapno=-1
[12:46:37] [info] mds-clear-lut: rebuilt N=240 entries (k_skip=33% k_keep=67%; curmap=17 map_size=40x16; rebuild #2 since boot)
[12:46:37] [info] gameloop: iter 2 ticks=46960 mapno=-1
[12:46:37] [info] tas: stall frame 170 ms -> contributing 1 tick (patch 0286)
[12:46:37] [info] gameloop: iter 3 ticks=47011 mapno=-1
[12:46:37] [info] flip-probe: flip #560 ok=true present=6ms inter_flip_ms=55 drawcalls-since-flip=409 drawcalls-total=36945 fail-total=0 null-skips-total=0
[12:46:38] [info] flip-probe: flip #570 ok=true present=6ms inter_flip_ms=-5 drawcalls-since-flip=132 drawcalls-total=39452 fail-total=0 null-skips-total=0
[12:46:38] [info] flip-probe: flip #580 ok=true present=-3ms inter_flip_ms=56 drawcalls-since-flip=129 drawcalls-total=40763 fail-total=0 null-skips-total=0
[12:46:38] [info] flip-probe: flip #590 ok=true present=6ms inter_flip_ms=51 drawcalls-since-flip=141 drawcalls-total=42123 fail-total=0 null-skips-total=0
[12:46:39] [info] flip-probe: flip #600 ok=true present=5ms inter_flip_ms=49 drawcalls-since-flip=142 drawcalls-total=43547 fail-total=0 null-skips-total=0
[12:46:39] [info] alpha audit block 0: 12401 total drawcalls, 0 with alpha<255 (block pct_x10=0; global 0/40320 pct_x10=0); alpha-mod skipped: block=0 global=0
[12:46:39] [info] fastpath audit block 0: taken=12401 (idx8=12401) skipped=0 pct_x10=1000; global taken=40320 (idx8=40320) skipped=0 pct_x10=1000
[12:46:39] [info] primitive tally block 0: clear=202(hr=202) fill=0(hr=0) rect=0(hr=0) line=0(hr=0) tint=0 spotlight=0 (over 100 flips ending at flip 600)
[12:46:39] [info] color/alpha audit block 0: cmod_white=598 cmod_black=598 (idx=598) cmod_general=0 (idx=0) cmod_fb=0; alpha_taken=0 alpha_skipped=0 (global cmod=3726/2158/714/0 idx=2158/714 alpha=0/0)
[12:46:39] [info] phase timing block 0: drawcalls=13845 dc_total_ms=1118 flip_inner_total_ms=794 inter_flip_total_ms=7903 (per-flip avg x10: dc_ms=111 fi_ms=79 if_ms=790 derived audio+engine_ms=600; per-drawcall avg us_x10=807) [direct-vesa: presents=100 total_ms=525 avg_ms_x10=52 failed=0] [ablation: NO_DC_TIMING=0 CACHE_WINSURF=0 DIRECT_VESA=1]
[12:46:39] [info] kbd/audio block 0: kbd_irq=0 kbd_drain=0 ring_chunks=16 pump_pass=846 pic1_mask=0xb8 first_irq_ticks=0 install_ticks=0 vector_at_install=0x0083a658 pic1_mask_live=0xb8 kbd_8042_stat=0x34 bios_kbd_head=0x0022 bios_kbd_tail=0x0022 bios_kbd_buf0=0x1c0d
[12:46:39] [info] dirty-rect block @flip=600: total_calls=0 dirty_rects_avg=1 dirty_pct_x10=1000 forced_full=0 first_n_force=0 threshold_exceeded=0 dirty_path_taken=0 full_flush_taken=0
[12:46:39] [info] prev-frame-diff block @flip=600: diff_calls=0 diff_rects_avg=0 diff_dirty_pct_x10=0 bbox_pct_x10=0 bbox_thresh_exceeded=0
[12:46:39] [info] tas: stall frame 330 ms -> contributing 1 tick (patch 0286)
[12:46:39] [info] backdrop cache: thrashing-detect engaged (streak=4, route=direct)
[12:46:39] [info] flip-probe: flip #610 ok=true present=-3ms inter_flip_ms=52 drawcalls-since-flip=136 drawcalls-total=44938 fail-total=0 null-skips-total=0
[12:46:40] [info] flip-probe: flip #620 ok=true present=52ms inter_flip_ms=6 drawcalls-since-flip=141 drawcalls-total=46322 fail-total=0 null-skips-total=0
[12:46:40] [info] flip-probe: flip #630 ok=true present=5ms inter_flip_ms=57 drawcalls-since-flip=141 drawcalls-total=47739 fail-total=0 null-skips-total=0
[12:46:41] [info] flip-probe: flip #640 ok=true present=-3ms inter_flip_ms=6 drawcalls-since-flip=141 drawcalls-total=49140 fail-total=0 null-skips-total=0
[12:46:41] [info] flip-probe: flip #650 ok=true present=-3ms inter_flip_ms=57 drawcalls-since-flip=145 drawcalls-total=50559 fail-total=0 null-skips-total=0
[12:46:42] [info] flip-probe: flip #660 ok=true present=5ms inter_flip_ms=-2 drawcalls-since-flip=142 drawcalls-total=51980 fail-total=0 null-skips-total=0
[12:46:42] [info] backdrop cache: thrashing-detect engaged (streak=64, route=direct)
[12:46:42] [info] flip-probe: flip #670 ok=true present=-3ms inter_flip_ms=57 drawcalls-since-flip=143 drawcalls-total=53388 fail-total=0 null-skips-total=0
[12:46:42] [info] flip-probe: flip #680 ok=true present=-3ms inter_flip_ms=53 drawcalls-since-flip=112 drawcalls-total=54651 fail-total=0 null-skips-total=0
[12:46:43] [info] flip-probe: flip #690 ok=true present=-3ms inter_flip_ms=61 drawcalls-since-flip=99 drawcalls-total=55697 fail-total=0 null-skips-total=0
[12:46:43] [info] flip-probe: flip #700 ok=true present=-3ms inter_flip_ms=1 drawcalls-since-flip=102 drawcalls-total=56678 fail-total=0 null-skips-total=0
[12:46:43] [info] alpha audit block 0: 12069 total drawcalls, 0 with alpha<255 (block pct_x10=0; global 0/52389 pct_x10=0); alpha-mod skipped: block=0 global=0
[12:46:43] [info] fastpath audit block 0: taken=12069 (idx8=12069) skipped=0 pct_x10=1000; global taken=52389 (idx8=52389) skipped=0 pct_x10=1000
[12:46:43] [info] primitive tally block 0: clear=200(hr=200) fill=0(hr=0) rect=0(hr=0) line=0(hr=0) tint=0 spotlight=0 (over 100 flips ending at flip 700)
[12:46:43] [info] color/alpha audit block 0: cmod_white=962 cmod_black=962 (idx=962) cmod_general=0 (idx=0) cmod_fb=0; alpha_taken=0 alpha_skipped=0 (global cmod=4688/3120/714/0 idx=3120/714 alpha=0/0)
[12:46:43] [info] phase timing block 0: drawcalls=14211 dc_total_ms=842 flip_inner_total_ms=585 inter_flip_total_ms=4341 (per-flip avg x10: dc_ms=84 fi_ms=58 if_ms=434 derived audio+engine_ms=292; per-drawcall avg us_x10=592) [direct-vesa: presents=100 total_ms=419 avg_ms_x10=41 failed=0] [ablation: NO_DC_TIMING=0 CACHE_WINSURF=0 DIRECT_VESA=1]
[12:46:43] [info] kbd/audio block 0: kbd_irq=0 kbd_drain=0 ring_chunks=16 pump_pass=1052 pic1_mask=0xb8 first_irq_ticks=0 install_ticks=0 vector_at_install=0x0083a658 pic1_mask_live=0xb8 kbd_8042_stat=0x34 bios_kbd_head=0x0022 bios_kbd_tail=0x0022 bios_kbd_buf0=0x1c0d
[12:46:43] [info] dirty-rect block @flip=700: total_calls=0 dirty_rects_avg=1 dirty_pct_x10=1000 forced_full=0 first_n_force=0 threshold_exceeded=0 dirty_path_taken=0 full_flush_taken=0
[12:46:43] [info] prev-frame-diff block @flip=700: diff_calls=0 diff_rects_avg=0 diff_dirty_pct_x10=0 bbox_pct_x10=0 bbox_thresh_exceeded=0
[12:46:44] [info] flip-probe: flip #710 ok=true present=5ms inter_flip_ms=54 drawcalls-since-flip=103 drawcalls-total=57705 fail-total=0 null-skips-total=0
[12:46:44] [info] flip-probe: flip #720 ok=true present=6ms inter_flip_ms=-6 drawcalls-since-flip=100 drawcalls-total=58719 fail-total=0 null-skips-total=0
[12:46:44] [info] flip-probe: flip #730 ok=true present=-3ms inter_flip_ms=62 drawcalls-since-flip=102 drawcalls-total=59730 fail-total=0 null-skips-total=0
[12:46:45] [info] backdrop cache: thrashing-detect engaged (streak=4, route=direct)
[12:46:45] [info] flip-probe: flip #740 ok=true present=-3ms inter_flip_ms=-1 drawcalls-since-flip=93 drawcalls-total=60732 fail-total=0 null-skips-total=0
[12:46:45] [info] flip-probe: flip #750 ok=true present=5ms inter_flip_ms=55 drawcalls-since-flip=104 drawcalls-total=61735 fail-total=0 null-skips-total=0
[12:46:45] [info] flip-probe: flip #760 ok=true present=-3ms inter_flip_ms=-1 drawcalls-since-flip=114 drawcalls-total=62842 fail-total=0 null-skips-total=0
[12:46:46] [info] flip-probe: flip #770 ok=true present=-3ms inter_flip_ms=56 drawcalls-since-flip=121 drawcalls-total=64039 fail-total=0 null-skips-total=0
[12:46:46] [info] flip-probe: flip #780 ok=true present=6ms inter_flip_ms=50 drawcalls-since-flip=113 drawcalls-total=65221 fail-total=0 null-skips-total=0
[12:46:47] [info] flip-probe: flip #790 ok=true present=-3ms inter_flip_ms=56 drawcalls-since-flip=111 drawcalls-total=66328 fail-total=0 null-skips-total=0
[12:46:47] [info] backdrop cache: thrashing-detect engaged (streak=64, route=direct)
[12:46:47] [info] flip-probe: flip #800 ok=true present=5ms inter_flip_ms=49 drawcalls-since-flip=111 drawcalls-total=67435 fail-total=0 null-skips-total=0
[12:46:47] [info] alpha audit block 0: 10657 total drawcalls, 0 with alpha<255 (block pct_x10=0; global 0/63046 pct_x10=0); alpha-mod skipped: block=0 global=0
[12:46:47] [info] fastpath audit block 0: taken=10657 (idx8=10657) skipped=0 pct_x10=1000; global taken=63046 (idx8=63046) skipped=0 pct_x10=1000
[12:46:47] [info] primitive tally block 0: clear=200(hr=200) fill=0(hr=0) rect=0(hr=0) line=0(hr=0) tint=0 spotlight=0 (over 100 flips ending at flip 800)
[12:46:47] [info] phase timing block 0: drawcalls=10896 dc_total_ms=688 flip_inner_total_ms=607 inter_flip_total_ms=3898 (per-flip avg x10: dc_ms=68 fi_ms=60 if_ms=389 derived audio+engine_ms=261; per-drawcall avg us_x10=632) [direct-vesa: presents=100 total_ms=456 avg_ms_x10=45 failed=0] [ablation: NO_DC_TIMING=0 CACHE_WINSURF=0 DIRECT_VESA=1]
[12:46:47] [info] kbd/audio block 0: kbd_irq=0 kbd_drain=0 ring_chunks=16 pump_pass=1247 pic1_mask=0xb8 first_irq_ticks=0 install_ticks=0 vector_at_install=0x0083a658 pic1_mask_live=0xb8 kbd_8042_stat=0x34 bios_kbd_head=0x0022 bios_kbd_tail=0x0022 bios_kbd_buf0=0x1c0d
[12:46:47] [info] dirty-rect block @flip=800: total_calls=0 dirty_rects_avg=1 dirty_pct_x10=1000 forced_full=0 first_n_force=0 threshold_exceeded=0 dirty_path_taken=0 full_flush_taken=0
[12:46:47] [info] prev-frame-diff block @flip=800: diff_calls=0 diff_rects_avg=0 diff_dirty_pct_x10=0 bbox_pct_x10=0 bbox_thresh_exceeded=0
[12:46:47] [info] flip-probe: flip #810 ok=true present=5ms inter_flip_ms=50 drawcalls-since-flip=116 drawcalls-total=68586 fail-total=0 null-skips-total=0
[12:46:48] [info] flip-probe: flip #820 ok=true present=5ms inter_flip_ms=49 drawcalls-since-flip=114 drawcalls-total=69719 fail-total=0 null-skips-total=0
[12:46:48] [info] flip-probe: flip #830 ok=true present=-2ms inter_flip_ms=56 drawcalls-since-flip=106 drawcalls-total=70811 fail-total=0 null-skips-total=0
[12:46:49] [info] flip-probe: flip #840 ok=true present=-3ms inter_flip_ms=54 drawcalls-since-flip=115 drawcalls-total=71927 fail-total=0 null-skips-total=0
[12:46:49] [info] flip-probe: flip #850 ok=true present=5ms inter_flip_ms=49 drawcalls-since-flip=109 drawcalls-total=73065 fail-total=0 null-skips-total=0
[12:46:49] [info] backdrop cache: thrashing-detect engaged (streak=124, route=direct)
[12:46:49] [info] flip-probe: flip #860 ok=true present=-3ms inter_flip_ms=58 drawcalls-since-flip=105 drawcalls-total=74134 fail-total=0 null-skips-total=0
[12:46:50] [info] flip-probe: flip #870 ok=true present=-3ms inter_flip_ms=51 drawcalls-since-flip=114 drawcalls-total=75261 fail-total=0 null-skips-total=0
[12:46:50] [info] flip-probe: flip #880 ok=true present=5ms inter_flip_ms=54 drawcalls-since-flip=119 drawcalls-total=76433 fail-total=0 null-skips-total=0
[12:46:50] [info] flip-probe: flip #890 ok=true present=5ms inter_flip_ms=53 drawcalls-since-flip=120 drawcalls-total=77619 fail-total=0 null-skips-total=0
[12:46:51] [info] flip-probe: flip #900 ok=true present=-3ms inter_flip_ms=56 drawcalls-since-flip=118 drawcalls-total=78807 fail-total=0 null-skips-total=0
[12:46:51] [info] alpha audit block 0: 11272 total drawcalls, 0 with alpha<255 (block pct_x10=0; global 0/74318 pct_x10=0); alpha-mod skipped: block=0 global=0
[12:46:51] [info] fastpath audit block 0: taken=11272 (idx8=11272) skipped=0 pct_x10=1000; global taken=74318 (idx8=74318) skipped=0 pct_x10=1000
[12:46:51] [info] primitive tally block 0: clear=200(hr=200) fill=0(hr=0) rect=0(hr=0) line=0(hr=0) tint=0 spotlight=0 (over 100 flips ending at flip 900)
[12:46:51] [info] phase timing block 0: drawcalls=11472 dc_total_ms=803 flip_inner_total_ms=177 inter_flip_total_ms=3847 (per-flip avg x10: dc_ms=80 fi_ms=17 if_ms=384 derived audio+engine_ms=287; per-drawcall avg us_x10=700) [direct-vesa: presents=100 total_ms=165 avg_ms_x10=16 failed=0] [ablation: NO_DC_TIMING=0 CACHE_WINSURF=0 DIRECT_VESA=1]
[12:46:51] [info] kbd/audio block 0: kbd_irq=0 kbd_drain=0 ring_chunks=16 pump_pass=1441 pic1_mask=0xb8 first_irq_ticks=0 install_ticks=0 vector_at_install=0x0083a658 pic1_mask_live=0xb8 kbd_8042_stat=0x34 bios_kbd_head=0x0022 bios_kbd_tail=0x0022 bios_kbd_buf0=0x1c0d
[12:46:51] [info] dirty-rect block @flip=900: total_calls=0 dirty_rects_avg=1 dirty_pct_x10=1000 forced_full=0 first_n_force=0 threshold_exceeded=0 dirty_path_taken=0 full_flush_taken=0
[12:46:51] [info] prev-frame-diff block @flip=900: diff_calls=0 diff_rects_avg=0 diff_dirty_pct_x10=0 bbox_pct_x10=0 bbox_thresh_exceeded=0
[12:46:51] [info] flip-probe: flip #910 ok=true present=-3ms inter_flip_ms=-1 drawcalls-since-flip=117 drawcalls-total=79944 fail-total=0 null-skips-total=0
[12:46:52] [info] backdrop cache: thrashing-detect engaged (streak=184, route=direct)
[12:46:52] [info] flip-probe: flip #920 ok=true present=-3ms inter_flip_ms=57 drawcalls-since-flip=111 drawcalls-total=81070 fail-total=0 null-skips-total=0
[12:46:52] [info] flip-probe: flip #930 ok=true present=-3ms inter_flip_ms=60 drawcalls-since-flip=311 drawcalls-total=83016 fail-total=0 null-skips-total=0
[12:46:52] [info]  >> Entering stage 11: 'Mimiga Village'.
[12:46:52] [info] [skip-sheet-flush] cave=5
[12:46:53] [info] [load-stage] preloading entry music song=9 (cave=5)
[12:46:53] [info] gus backend: on_song_stop (all voices stopped).
[12:46:53] [info] MidiScheduler::load: parsed 'data/orgmid2/mura.mid' = 7123 events at 48 PPQ
[12:46:54] [info] gus .pat 'acpiano': 5 sample(s) -> 5 resident (multisample).
[12:46:54] [info] gus .pat 'epiano1': 1 sample(s) -> 1 resident (multisample).
[12:46:54] [info] gus .pat 'acbass': 1 sample(s) -> 1 resident (multisample).
[12:46:54] [info] gus .pat 'altosax': 3 sample(s) -> 3 resident (multisample).
[12:46:54] [info] gus .pat 'flute': 3 sample(s) -> 3 resident (multisample).
[12:46:55] [info] gus .pat 'sqrwave': 1 sample(s) -> 1 resident (multisample).
[12:46:55] [info] gus .pat 'calliope': 1 sample(s) -> 1 resident (multisample).
[12:46:56] [info] gus .pat 'warmpad': 1 sample(s) -> 1 resident (multisample).
[12:46:56] [info] gus .pat 'kick1': 1 sample(s) -> 1 resident (drum/single).
[12:46:56] [info] gus .pat 'snare1': 1 sample(s) -> 1 resident (drum/single).
[12:46:56] [info] gus .pat 'hihatcl': 1 sample(s) -> 1 resident (drum/single).
[12:46:56] [info] gus .pat 'tommid2': 1 sample(s) -> 1 resident (drum/single).
[12:46:56] [warn] gus backend: 'hihatop.pat' DRAM upload failed (full?); instrument silent. dram_size=1048576 bytes.
[12:46:56] [info] gus backend: on_song_start -- uploaded 12 instruments (1 missing/silent) into 1019 KB DRAM for this song; 20 subsamples resident, 0 instrument(s) K-capped/DRAM-truncated (multisample on).
[12:46:56] [info] gameloop: entered (curmap=11, running=1)
[12:46:56] [info] gameloop: iter 1 ticks=66569 mapno=-1
[12:46:56] [info] mds-clear-lut: rebuilt N=240 entries (k_skip=0% k_keep=100%; curmap=11 map_size=60x60; rebuild #3 since boot)
[12:46:57] [info] flip-probe: flip #940 ok=true present=6ms inter_flip_ms=4115 drawcalls-since-flip=345 drawcalls-total=86322 fail-total=0 null-skips-total=0
[12:46:57] [info] gameloop: iter 2 ticks=66619 mapno=-1
[12:46:57] [info] gameloop: iter 3 ticks=66734 mapno=-1
[12:46:57] [info] backdrop cache: thrashing-detect engaged (streak=4, route=direct)
[12:46:57] [info] flip-probe: flip #950 ok=true present=-3ms inter_flip_ms=62 drawcalls-since-flip=150 drawcalls-total=89052 fail-total=0 null-skips-total=0
[12:46:57] [info] flip-probe: flip #960 ok=true present=-3ms inter_flip_ms=57 drawcalls-since-flip=41 drawcalls-total=89598 fail-total=0 null-skips-total=0
[12:46:58] [info] flip-probe: flip #970 ok=true present=-3ms inter_flip_ms=57 drawcalls-since-flip=41 drawcalls-total=90008 fail-total=0 null-skips-total=0
[12:46:58] [info] flip-probe: flip #980 ok=true present=52ms inter_flip_ms=7 drawcalls-since-flip=41 drawcalls-total=90418 fail-total=0 null-skips-total=0
[12:46:58] [info] flip-probe: flip #990 ok=true present=-3ms inter_flip_ms=-1 drawcalls-since-flip=41 drawcalls-total=90828 fail-total=0 null-skips-total=0
[12:46:59] [info] flip-probe: flip #1000 ok=true present=-3ms inter_flip_ms=56 drawcalls-since-flip=41 drawcalls-total=91238 fail-total=0 null-skips-total=0
[12:46:59] [info] alpha audit block 0: 11538 total drawcalls, 0 with alpha<255 (block pct_x10=0; global 0/85856 pct_x10=0); alpha-mod skipped: block=0 global=0
[12:46:59] [info] fastpath audit block 0: taken=11538 (idx8=11538) skipped=0 pct_x10=1000; global taken=85856 (idx8=85856) skipped=0 pct_x10=1000
[12:46:59] [info] primitive tally block 0: clear=202(hr=202) fill=0(hr=0) rect=0(hr=0) line=0(hr=0) tint=0 spotlight=0 (over 100 flips ending at flip 1000)
[12:46:59] [info] color/alpha audit block 0: cmod_white=793 cmod_black=793 (idx=793) cmod_general=0 (idx=0) cmod_fb=0; alpha_taken=0 alpha_skipped=0 (global cmod=5481/3913/714/0 idx=3913/714 alpha=0/0)
[12:46:59] [info] phase timing block 0: drawcalls=13335 dc_total_ms=897 flip_inner_total_ms=376 inter_flip_total_ms=7859 (per-flip avg x10: dc_ms=89 fi_ms=37 if_ms=785 derived audio+engine_ms=659; per-drawcall avg us_x10=673) [direct-vesa: presents=100 total_ms=303 avg_ms_x10=30 failed=0] [ablation: NO_DC_TIMING=0 CACHE_WINSURF=0 DIRECT_VESA=1]
[12:46:59] [info] kbd/audio block 0: kbd_irq=0 kbd_drain=0 ring_chunks=16 pump_pass=1632 pic1_mask=0xb8 first_irq_ticks=0 install_ticks=0 vector_at_install=0x0083a658 pic1_mask_live=0xb8 kbd_8042_stat=0x34 bios_kbd_head=0x0022 bios_kbd_tail=0x0022 bios_kbd_buf0=0x1c0d
[12:46:59] [info] dirty-rect block @flip=1000: total_calls=0 dirty_rects_avg=1 dirty_pct_x10=1000 forced_full=0 first_n_force=0 threshold_exceeded=0 dirty_path_taken=0 full_flush_taken=0
[12:46:59] [info] prev-frame-diff block @flip=1000: diff_calls=0 diff_rects_avg=0 diff_dirty_pct_x10=0 bbox_pct_x10=0 bbox_thresh_exceeded=0
[12:46:59] [info] backdrop cache: thrashing-detect engaged (streak=64, route=direct)
[12:46:59] [info] flip-probe: flip #1010 ok=true present=-2ms inter_flip_ms=60 drawcalls-since-flip=41 drawcalls-total=91652 fail-total=0 null-skips-total=0
[12:46:59] [info] flip-probe: flip #1020 ok=true present=-2ms inter_flip_ms=0 drawcalls-since-flip=41 drawcalls-total=92068 fail-total=0 null-skips-total=0
[12:47:00] [info] flip-probe: flip #1030 ok=true present=5ms inter_flip_ms=-3 drawcalls-since-flip=41 drawcalls-total=92481 fail-total=0 null-skips-total=0
[12:47:00] [info] flip-probe: flip #1040 ok=true present=-3ms inter_flip_ms=55 drawcalls-since-flip=42 drawcalls-total=92896 fail-total=0 null-skips-total=0
[12:47:00] [info] flip-probe: flip #1050 ok=true present=5ms inter_flip_ms=58 drawcalls-since-flip=42 drawcalls-total=93316 fail-total=0 null-skips-total=0
[12:47:01] [info] flip-probe: flip #1060 ok=true present=-3ms inter_flip_ms=3 drawcalls-since-flip=17 drawcalls-total=93717 fail-total=0 null-skips-total=0
[12:47:01] [info] backdrop cache: thrashing-detect engaged (streak=124, route=direct)
[12:47:01] [info] flip-probe: flip #1070 ok=true present=-3ms inter_flip_ms=59 drawcalls-since-flip=16 drawcalls-total=93878 fail-total=0 null-skips-total=0
[12:47:01] [info] flip-probe: flip #1080 ok=true present=-3ms inter_flip_ms=55 drawcalls-since-flip=16 drawcalls-total=94038 fail-total=0 null-skips-total=0
[12:47:01] [info] flip-probe: flip #1090 ok=true present=-3ms inter_flip_ms=55 drawcalls-since-flip=16 drawcalls-total=94198 fail-total=0 null-skips-total=0
[12:47:02] [info] flip-probe: flip #1100 ok=true present=-3ms inter_flip_ms=55 drawcalls-since-flip=17 drawcalls-total=94364 fail-total=0 null-skips-total=0
[12:47:02] [info] alpha audit block 0: 2259 total drawcalls, 0 with alpha<255 (block pct_x10=0; global 0/88115 pct_x10=0); alpha-mod skipped: block=0 global=0
[12:47:02] [info] fastpath audit block 0: taken=2259 (idx8=2259) skipped=0 pct_x10=1000; global taken=88115 (idx8=88115) skipped=0 pct_x10=1000
[12:47:02] [info] primitive tally block 0: clear=200(hr=200) fill=0(hr=0) rect=0(hr=0) line=0(hr=0) tint=0 spotlight=0 (over 100 flips ending at flip 1100)
[12:47:02] [info] color/alpha audit block 0: cmod_white=767 cmod_black=767 (idx=767) cmod_general=0 (idx=0) cmod_fb=0; alpha_taken=0 alpha_skipped=0 (global cmod=6248/4680/714/0 idx=4680/714 alpha=0/0)
[12:47:02] [info] phase timing block 0: drawcalls=3993 dc_total_ms=514 flip_inner_total_ms=125 inter_flip_total_ms=3019 (per-flip avg x10: dc_ms=51 fi_ms=12 if_ms=301 derived audio+engine_ms=238; per-drawcall avg us_x10=1288) [direct-vesa: presents=100 total_ms=132 avg_ms_x10=13 failed=0] [ablation: NO_DC_TIMING=0 CACHE_WINSURF=0 DIRECT_VESA=1]
[12:47:02] [info] kbd/audio block 0: kbd_irq=0 kbd_drain=0 ring_chunks=16 pump_pass=1786 pic1_mask=0xb8 first_irq_ticks=0 install_ticks=0 vector_at_install=0x0083a658 pic1_mask_live=0xb8 kbd_8042_stat=0x34 bios_kbd_head=0x0022 bios_kbd_tail=0x0022 bios_kbd_buf0=0x1c0d
[12:47:02] [info] dirty-rect block @flip=1100: total_calls=0 dirty_rects_avg=1 dirty_pct_x10=1000 forced_full=0 first_n_force=0 threshold_exceeded=0 dirty_path_taken=0 full_flush_taken=0
[12:47:02] [info] prev-frame-diff block @flip=1100: diff_calls=0 diff_rects_avg=0 diff_dirty_pct_x10=0 bbox_pct_x10=0 bbox_thresh_exceeded=0
[12:47:02] [info] run_tick_fixed #1800: heartbeat (loop alive)
[12:47:02] [info] flip-probe: flip #1110 ok=true present=-2ms inter_flip_ms=51 drawcalls-since-flip=18 drawcalls-total=94538 fail-total=0 null-skips-total=0
[12:47:02] [info] flip-probe: flip #1120 ok=true present=-3ms inter_flip_ms=4 drawcalls-since-flip=18 drawcalls-total=94718 fail-total=0 null-skips-total=0
[12:47:03] [info] backdrop cache: thrashing-detect engaged (streak=184, route=direct)
[12:47:03] [info] flip-probe: flip #1130 ok=true present=-3ms inter_flip_ms=56 drawcalls-since-flip=18 drawcalls-total=94898 fail-total=0 null-skips-total=0
[12:47:03] [info] flip-probe: flip #1140 ok=true present=-3ms inter_flip_ms=55 drawcalls-since-flip=18 drawcalls-total=95078 fail-total=0 null-skips-total=0
[12:47:03] [info] flip-probe: flip #1150 ok=true present=-2ms inter_flip_ms=55 drawcalls-since-flip=17 drawcalls-total=95249 fail-total=0 null-skips-total=0
[12:47:03] [info] flip-probe: flip #1160 ok=true present=-2ms inter_flip_ms=54 drawcalls-since-flip=16 drawcalls-total=95415 fail-total=0 null-skips-total=0
[12:47:04] [info] flip-probe: flip #1170 ok=true present=-3ms inter_flip_ms=52 drawcalls-since-flip=17 drawcalls-total=95583 fail-total=0 null-skips-total=0
[12:47:04] [info] flip-probe: flip #1180 ok=true present=6ms inter_flip_ms=-3 drawcalls-since-flip=16 drawcalls-total=95746 fail-total=0 null-skips-total=0
[12:47:04] [info] backdrop cache: thrashing-detect engaged (streak=244, route=direct)
[12:47:04] [info] flip-probe: flip #1190 ok=true present=-3ms inter_flip_ms=5 drawcalls-since-flip=16 drawcalls-total=95906 fail-total=0 null-skips-total=0
[12:47:05] [info] flip-probe: flip #1200 ok=true present=5ms inter_flip_ms=53 drawcalls-since-flip=16 drawcalls-total=96066 fail-total=0 null-skips-total=0
[12:47:05] [info] alpha audit block 0: 1602 total drawcalls, 0 with alpha<255 (block pct_x10=0; global 0/89717 pct_x10=0); alpha-mod skipped: block=0 global=0
[12:47:05] [info] fastpath audit block 0: taken=1602 (idx8=1602) skipped=0 pct_x10=1000; global taken=89717 (idx8=89717) skipped=0 pct_x10=1000
[12:47:05] [info] primitive tally block 0: clear=200(hr=200) fill=0(hr=0) rect=0(hr=0) line=0(hr=0) tint=0 spotlight=0 (over 100 flips ending at flip 1200)
[12:47:05] [info] phase timing block 0: drawcalls=1802 dc_total_ms=640 flip_inner_total_ms=442 inter_flip_total_ms=2852 (per-flip avg x10: dc_ms=64 fi_ms=44 if_ms=285 derived audio+engine_ms=177; per-drawcall avg us_x10=3551) [direct-vesa: presents=100 total_ms=417 avg_ms_x10=41 failed=0] [ablation: NO_DC_TIMING=0 CACHE_WINSURF=0 DIRECT_VESA=1]
[12:47:05] [info] kbd/audio block 0: kbd_irq=0 kbd_drain=0 ring_chunks=16 pump_pass=1932 pic1_mask=0xb8 first_irq_ticks=0 install_ticks=0 vector_at_install=0x0083a658 pic1_mask_live=0xb8 kbd_8042_stat=0x34 bios_kbd_head=0x0022 bios_kbd_tail=0x0022 bios_kbd_buf0=0x1c0d
[12:47:05] [info] dirty-rect block @flip=1200: total_calls=0 dirty_rects_avg=1 dirty_pct_x10=1000 forced_full=0 first_n_force=0 threshold_exceeded=0 dirty_path_taken=0 full_flush_taken=0
[12:47:05] [info] prev-frame-diff block @flip=1200: diff_calls=0 diff_rects_avg=0 diff_dirty_pct_x10=0 bbox_pct_x10=0 bbox_thresh_exceeded=0
[12:47:05] [info] flip-probe: flip #1210 ok=true present=52ms inter_flip_ms=6 drawcalls-since-flip=16 drawcalls-total=96226 fail-total=0 null-skips-total=0
[12:47:05] [info] flip-probe: flip #1220 ok=true present=53ms inter_flip_ms=-3 drawcalls-since-flip=16 drawcalls-total=96386 fail-total=0 null-skips-total=0
[12:47:05] [info] flip-probe: flip #1230 ok=true present=-3ms inter_flip_ms=54 drawcalls-since-flip=27 drawcalls-total=96612 fail-total=0 null-skips-total=0
[12:47:06] [info] flip-probe: flip #1240 ok=true present=-2ms inter_flip_ms=57 drawcalls-since-flip=21 drawcalls-total=96840 fail-total=0 null-skips-total=0
[12:47:06] [info] backdrop cache: thrashing-detect engaged (streak=304, route=direct)
[12:47:06] [info] flip-probe: flip #1250 ok=true present=6ms inter_flip_ms=49 drawcalls-since-flip=20 drawcalls-total=97033 fail-total=0 null-skips-total=0
[12:47:06] [info] flip-probe: flip #1260 ok=true present=-2ms inter_flip_ms=2 drawcalls-since-flip=17 drawcalls-total=97212 fail-total=0 null-skips-total=0
[12:47:06] [info] tas: stall frame 212 ms -> contributing 1 tick (patch 0286)
[12:47:07] [info] flip-probe: flip #1270 ok=true present=-3ms inter_flip_ms=54 drawcalls-since-flip=20 drawcalls-total=97400 fail-total=0 null-skips-total=0
[12:47:07] [info] flip-probe: flip #1280 ok=true present=-3ms inter_flip_ms=56 drawcalls-since-flip=305 drawcalls-total=99085 fail-total=0 null-skips-total=0
[12:47:07] [info]  >> Entering stage 15: 'Reservoir'.
[12:47:07] [info] [skip-sheet-flush] cave=6
[12:47:08] [info] [load-stage] preloading entry music song=9 (cave=6)
[12:47:08] [info] gameloop: entered (curmap=15, running=1)
[12:47:08] [info] gameloop: iter 1 ticks=77938 mapno=-1
[12:47:08] [info] mds-clear-lut: rebuilt N=240 entries (k_skip=13% k_keep=87%; curmap=15 map_size=40x20; rebuild #4 since boot)
[12:47:08] [info] flip-probe: flip #1290 ok=true present=-3ms inter_flip_ms=439 drawcalls-since-flip=336 drawcalls-total=101266 fail-total=0 null-skips-total=0
[12:47:08] [info] gameloop: iter 2 ticks=77992 mapno=-1
[12:47:08] [info] gameloop: iter 3 ticks=78042 mapno=-1
[12:47:08] [info] flip-probe: flip #1300 ok=true present=-3ms inter_flip_ms=58 drawcalls-since-flip=186 drawcalls-total=104176 fail-total=0 null-skips-total=0
[12:47:08] [info] alpha audit block 0: 7911 total drawcalls, 0 with alpha<255 (block pct_x10=0; global 0/97628 pct_x10=0); alpha-mod skipped: block=0 global=0
[12:47:08] [info] fastpath audit block 0: taken=7911 (idx8=7911) skipped=0 pct_x10=1000; global taken=97628 (idx8=97628) skipped=0 pct_x10=1000
[12:47:08] [info] primitive tally block 0: clear=203(hr=203) fill=0(hr=0) rect=0(hr=0) line=0(hr=0) tint=0 spotlight=0 (over 100 flips ending at flip 1300)
[12:47:08] [info] color/alpha audit block 0: cmod_white=99 cmod_black=99 (idx=99) cmod_general=0 (idx=0) cmod_fb=0; alpha_taken=0 alpha_skipped=0 (global cmod=6347/4779/714/0 idx=4779/714 alpha=0/0)
[12:47:08] [info] phase timing block 0: drawcalls=8323 dc_total_ms=903 flip_inner_total_ms=599 inter_flip_total_ms=3846 (per-flip avg x10: dc_ms=90 fi_ms=59 if_ms=384 derived audio+engine_ms=235; per-drawcall avg us_x10=1085) [direct-vesa: presents=100 total_ms=315 avg_ms_x10=31 failed=0] [ablation: NO_DC_TIMING=0 CACHE_WINSURF=0 DIRECT_VESA=1]
[12:47:08] [info] kbd/audio block 0: kbd_irq=0 kbd_drain=0 ring_chunks=16 pump_pass=2097 pic1_mask=0xb8 first_irq_ticks=0 install_ticks=0 vector_at_install=0x0083a658 pic1_mask_live=0xb8 kbd_8042_stat=0x34 bios_kbd_head=0x0022 bios_kbd_tail=0x0022 bios_kbd_buf0=0x1c0d
[12:47:08] [info] dirty-rect block @flip=1300: total_calls=0 dirty_rects_avg=1 dirty_pct_x10=1000 forced_full=0 first_n_force=0 threshold_exceeded=0 dirty_path_taken=0 full_flush_taken=0
[12:47:08] [info] prev-frame-diff block @flip=1300: diff_calls=0 diff_rects_avg=0 diff_dirty_pct_x10=0 bbox_pct_x10=0 bbox_thresh_exceeded=0
[12:47:09] [info] flip-probe: flip #1310 ok=true present=-3ms inter_flip_ms=2 drawcalls-since-flip=32 drawcalls-total=104621 fail-total=0 null-skips-total=0
[12:47:09] [info] flip-probe: flip #1320 ok=true present=-3ms inter_flip_ms=3 drawcalls-since-flip=32 drawcalls-total=104941 fail-total=0 null-skips-total=0
[12:47:09] [info] flip-probe: flip #1330 ok=true present=-2ms inter_flip_ms=57 drawcalls-since-flip=32 drawcalls-total=105261 fail-total=0 null-skips-total=0
[12:47:10] [info] flip-probe: flip #1340 ok=true present=-3ms inter_flip_ms=0 drawcalls-since-flip=32 drawcalls-total=105581 fail-total=0 null-skips-total=0
[12:47:10] [info] flip-probe: flip #1350 ok=true present=52ms inter_flip_ms=-1 drawcalls-since-flip=35 drawcalls-total=105918 fail-total=0 null-skips-total=0
[12:47:10] [info] flip-probe: flip #1360 ok=true present=-3ms inter_flip_ms=58 drawcalls-since-flip=35 drawcalls-total=106269 fail-total=0 null-skips-total=0
[12:47:11] [info] flip-probe: flip #1370 ok=true present=-3ms inter_flip_ms=57 drawcalls-since-flip=32 drawcalls-total=106594 fail-total=0 null-skips-total=0
[12:47:11] [info] flip-probe: flip #1380 ok=true present=-3ms inter_flip_ms=54 drawcalls-since-flip=32 drawcalls-total=106914 fail-total=0 null-skips-total=0
[12:47:11] [info] flip-probe: flip #1390 ok=true present=-3ms inter_flip_ms=56 drawcalls-since-flip=33 drawcalls-total=107236 fail-total=0 null-skips-total=0
[12:47:12] [info] flip-probe: flip #1400 ok=true present=-3ms inter_flip_ms=-2 drawcalls-since-flip=33 drawcalls-total=107566 fail-total=0 null-skips-total=0
[12:47:12] [info] alpha audit block 0: 2390 total drawcalls, 0 with alpha<255 (block pct_x10=0; global 0/100018 pct_x10=0); alpha-mod skipped: block=0 global=0
[12:47:12] [info] fastpath audit block 0: taken=2390 (idx8=2390) skipped=0 pct_x10=1000; global taken=100018 (idx8=100018) skipped=0 pct_x10=1000
[12:47:12] [info] primitive tally block 0: clear=200(hr=200) fill=0(hr=0) rect=0(hr=0) line=0(hr=0) tint=0 spotlight=0 (over 100 flips ending at flip 1400)
[12:47:12] [info] color/alpha audit block 0: cmod_white=900 cmod_black=900 (idx=900) cmod_general=0 (idx=0) cmod_fb=0; alpha_taken=0 alpha_skipped=0 (global cmod=7247/5679/714/0 idx=5679/714 alpha=0/0)
[12:47:12] [info] phase timing block 0: drawcalls=4490 dc_total_ms=1424 flip_inner_total_ms=547 inter_flip_total_ms=3241 (per-flip avg x10: dc_ms=142 fi_ms=54 if_ms=324 derived audio+engine_ms=128; per-drawcall avg us_x10=3173) [direct-vesa: presents=100 total_ms=408 avg_ms_x10=40 failed=0] [ablation: NO_DC_TIMING=0 CACHE_WINSURF=0 DIRECT_VESA=1]
[12:47:12] [info] kbd/audio block 0: kbd_irq=0 kbd_drain=0 ring_chunks=16 pump_pass=2264 pic1_mask=0xb8 first_irq_ticks=0 install_ticks=0 vector_at_install=0x0083a658 pic1_mask_live=0xb8 kbd_8042_stat=0x34 bios_kbd_head=0x0022 bios_kbd_tail=0x0022 bios_kbd_buf0=0x1c0d
[12:47:12] [info] dirty-rect block @flip=1400: total_calls=0 dirty_rects_avg=1 dirty_pct_x10=1000 forced_full=0 first_n_force=0 threshold_exceeded=0 dirty_path_taken=0 full_flush_taken=0
[12:47:12] [info] prev-frame-diff block @flip=1400: diff_calls=0 diff_rects_avg=0 diff_dirty_pct_x10=0 bbox_pct_x10=0 bbox_thresh_exceeded=0
[12:47:12] [info] backdrop cache: thrashing-detect engaged (streak=4, route=direct)
[12:47:12] [info] flip-probe: flip #1410 ok=true present=-3ms inter_flip_ms=55 drawcalls-since-flip=16 drawcalls-total=107888 fail-total=0 null-skips-total=0
[12:47:12] [info] flip-probe: flip #1420 ok=true present=-3ms inter_flip_ms=56 drawcalls-since-flip=17 drawcalls-total=108054 fail-total=0 null-skips-total=0
[12:47:13] [info] flip-probe: flip #1430 ok=true present=-3ms inter_flip_ms=55 drawcalls-since-flip=17 drawcalls-total=108224 fail-total=0 null-skips-total=0
[12:47:13] [info] flip-probe: flip #1440 ok=true present=5ms inter_flip_ms=55 drawcalls-since-flip=18 drawcalls-total=108400 fail-total=0 null-skips-total=0
[12:47:13] [info] flip-probe: flip #1450 ok=true present=6ms inter_flip_ms=55 drawcalls-since-flip=19 drawcalls-total=108589 fail-total=0 null-skips-total=0
[12:47:13] [info] flip-probe: flip #1460 ok=true present=5ms inter_flip_ms=54 drawcalls-since-flip=19 drawcalls-total=108775 fail-total=0 null-skips-total=0
[12:47:13] [info] backdrop cache: thrashing-detect engaged (streak=64, route=direct)
[12:47:14] [info] flip-probe: flip #1470 ok=true present=5ms inter_flip_ms=2 drawcalls-since-flip=19 drawcalls-total=108965 fail-total=0 null-skips-total=0
[12:47:14] [info] flip-probe: flip #1480 ok=true present=-3ms inter_flip_ms=1 drawcalls-since-flip=17 drawcalls-total=109142 fail-total=0 null-skips-total=0
[12:47:14] [info] flip-probe: flip #1490 ok=true present=6ms inter_flip_ms=1 drawcalls-since-flip=16 drawcalls-total=109311 fail-total=0 null-skips-total=0
[12:47:14] [info] flip-probe: flip #1500 ok=true present=-3ms inter_flip_ms=5 drawcalls-since-flip=15 drawcalls-total=109466 fail-total=0 null-skips-total=0
[12:47:14] [info] alpha audit block 0: 1719 total drawcalls, 0 with alpha<255 (block pct_x10=0; global 0/101737 pct_x10=0); alpha-mod skipped: block=0 global=0
[12:47:14] [info] fastpath audit block 0: taken=1719 (idx8=1719) skipped=0 pct_x10=1000; global taken=101737 (idx8=101737) skipped=0 pct_x10=1000
[12:47:14] [info] primitive tally block 0: clear=200(hr=200) fill=0(hr=0) rect=0(hr=0) line=0(hr=0) tint=0 spotlight=0 (over 100 flips ending at flip 1500)
[12:47:15] [info] color/alpha audit block 0: cmod_white=81 cmod_black=81 (idx=81) cmod_general=0 (idx=0) cmod_fb=0; alpha_taken=0 alpha_skipped=0 (global cmod=7328/5760/714/0 idx=5760/714 alpha=0/0)
[12:47:15] [info] phase timing block 0: drawcalls=2082 dc_total_ms=361 flip_inner_total_ms=518 inter_flip_total_ms=2859 (per-flip avg x10: dc_ms=36 fi_ms=51 if_ms=285 derived audio+engine_ms=198; per-drawcall avg us_x10=1738) [direct-vesa: presents=100 total_ms=478 avg_ms_x10=47 failed=0] [ablation: NO_DC_TIMING=0 CACHE_WINSURF=0 DIRECT_VESA=1]
[12:47:15] [info] kbd/audio block 0: kbd_irq=0 kbd_drain=0 ring_chunks=16 pump_pass=2410 pic1_mask=0xb8 first_irq_ticks=0 install_ticks=0 vector_at_install=0x0083a658 pic1_mask_live=0xb8 kbd_8042_stat=0x34 bios_kbd_head=0x0022 bios_kbd_tail=0x0022 bios_kbd_buf0=0x1c0d
[12:47:15] [info] dirty-rect block @flip=1500: total_calls=0 dirty_rects_avg=1 dirty_pct_x10=1000 forced_full=0 first_n_force=0 threshold_exceeded=0 dirty_path_taken=0 full_flush_taken=0
[12:47:15] [info] prev-frame-diff block @flip=1500: diff_calls=0 diff_rects_avg=0 diff_dirty_pct_x10=0 bbox_pct_x10=0 bbox_thresh_exceeded=0
[12:47:15] [info] flip-probe: flip #1510 ok=true present=-3ms inter_flip_ms=5 drawcalls-since-flip=15 drawcalls-total=109616 fail-total=0 null-skips-total=0
[12:47:15] [info] flip-probe: flip #1520 ok=true present=5ms inter_flip_ms=55 drawcalls-since-flip=15 drawcalls-total=109766 fail-total=0 null-skips-total=0
[12:47:15] [info] backdrop cache: thrashing-detect engaged (streak=124, route=direct)
[12:47:15] [info] flip-probe: flip #1530 ok=true present=5ms inter_flip_ms=-3 drawcalls-since-flip=14 drawcalls-total=109913 fail-total=0 null-skips-total=0
[12:47:16] [info] flip-probe: flip #1540 ok=true present=5ms inter_flip_ms=-3 drawcalls-since-flip=14 drawcalls-total=110053 fail-total=0 null-skips-total=0
[12:47:16] [info] flip-probe: flip #1550 ok=true present=5ms inter_flip_ms=-3 drawcalls-since-flip=14 drawcalls-total=110193 fail-total=0 null-skips-total=0
[12:47:16] [info] flip-probe: flip #1560 ok=true present=5ms inter_flip_ms=-3 drawcalls-since-flip=14 drawcalls-total=110333 fail-total=0 null-skips-total=0
[12:47:16] [info] flip-probe: flip #1570 ok=true present=-3ms inter_flip_ms=1 drawcalls-since-flip=14 drawcalls-total=110473 fail-total=0 null-skips-total=0
[12:47:17] [info] flip-probe: flip #1580 ok=true present=5ms inter_flip_ms=-5 drawcalls-since-flip=14 drawcalls-total=110613 fail-total=0 null-skips-total=0
[12:47:17] [info] backdrop cache: thrashing-detect engaged (streak=184, route=direct)
[12:47:17] [info] flip-probe: flip #1590 ok=true present=-3ms inter_flip_ms=2 drawcalls-since-flip=15 drawcalls-total=110756 fail-total=0 null-skips-total=0
[12:47:17] [info] flip-probe: flip #1600 ok=true present=52ms inter_flip_ms=2 drawcalls-since-flip=14 drawcalls-total=110904 fail-total=0 null-skips-total=0
[12:47:17] [info] alpha audit block 0: 1338 total drawcalls, 0 with alpha<255 (block pct_x10=0; global 0/103075 pct_x10=0); alpha-mod skipped: block=0 global=0
[12:47:17] [info] fastpath audit block 0: taken=1338 (idx8=1338) skipped=0 pct_x10=1000; global taken=103075 (idx8=103075) skipped=0 pct_x10=1000
[12:47:17] [info] primitive tally block 0: clear=200(hr=200) fill=0(hr=0) rect=0(hr=0) line=0(hr=0) tint=0 spotlight=0 (over 100 flips ending at flip 1600)
[12:47:17] [info] phase timing block 0: drawcalls=1538 dc_total_ms=175 flip_inner_total_ms=234 inter_flip_total_ms=2799 (per-flip avg x10: dc_ms=17 fi_ms=23 if_ms=279 derived audio+engine_ms=239; per-drawcall avg us_x10=1143) [direct-vesa: presents=100 total_ms=243 avg_ms_x10=24 failed=0] [ablation: NO_DC_TIMING=0 CACHE_WINSURF=0 DIRECT_VESA=1]
[12:47:17] [info] kbd/audio block 0: kbd_irq=0 kbd_drain=0 ring_chunks=16 pump_pass=2552 pic1_mask=0xb8 first_irq_ticks=0 install_ticks=0 vector_at_install=0x0083a658 pic1_mask_live=0xb8 kbd_8042_stat=0x34 bios_kbd_head=0x0022 bios_kbd_tail=0x0022 bios_kbd_buf0=0x1c0d
[12:47:17] [info] dirty-rect block @flip=1600: total_calls=0 dirty_rects_avg=1 dirty_pct_x10=1000 forced_full=0 first_n_force=0 threshold_exceeded=0 dirty_path_taken=0 full_flush_taken=0
[12:47:17] [info] prev-frame-diff block @flip=1600: diff_calls=0 diff_rects_avg=0 diff_dirty_pct_x10=0 bbox_pct_x10=0 bbox_thresh_exceeded=0
[12:47:18] [info] flip-probe: flip #1610 ok=true present=-3ms inter_flip_ms=55 drawcalls-since-flip=14 drawcalls-total=111044 fail-total=0 null-skips-total=0
[12:47:18] [info] flip-probe: flip #1620 ok=true present=6ms inter_flip_ms=48 drawcalls-since-flip=14 drawcalls-total=111184 fail-total=0 null-skips-total=0
[12:47:18] [info] flip-probe: flip #1630 ok=true present=5ms inter_flip_ms=57 drawcalls-since-flip=14 drawcalls-total=111324 fail-total=0 null-skips-total=0
[12:47:18] [info] flip-probe: flip #1640 ok=true present=-3ms inter_flip_ms=53 drawcalls-since-flip=14 drawcalls-total=111464 fail-total=0 null-skips-total=0
[12:47:18] [info] backdrop cache: thrashing-detect engaged (streak=244, route=direct)
[12:47:19] [info] flip-probe: flip #1650 ok=true present=-3ms inter_flip_ms=53 drawcalls-since-flip=14 drawcalls-total=111604 fail-total=0 null-skips-total=0
[12:47:19] [info] flip-probe: flip #1660 ok=true present=6ms inter_flip_ms=53 drawcalls-since-flip=14 drawcalls-total=111744 fail-total=0 null-skips-total=0
[12:47:19] [info] flip-probe: flip #1670 ok=true present=-3ms inter_flip_ms=61 drawcalls-since-flip=14 drawcalls-total=111884 fail-total=0 null-skips-total=0
[12:47:20] [info] flip-probe: flip #1680 ok=true present=5ms inter_flip_ms=-2 drawcalls-since-flip=14 drawcalls-total=112024 fail-total=0 null-skips-total=0
[12:47:20] [info] flip-probe: flip #1690 ok=true present=-2ms inter_flip_ms=7 drawcalls-since-flip=14 drawcalls-total=112164 fail-total=0 null-skips-total=0
[12:47:20] [info] flip-probe: flip #1700 ok=true present=-3ms inter_flip_ms=-1 drawcalls-since-flip=14 drawcalls-total=112304 fail-total=0 null-skips-total=0
[12:47:20] [info] alpha audit block 0: 1300 total drawcalls, 0 with alpha<255 (block pct_x10=0; global 0/104375 pct_x10=0); alpha-mod skipped: block=0 global=0
[12:47:20] [info] fastpath audit block 0: taken=1300 (idx8=1300) skipped=0 pct_x10=1000; global taken=104375 (idx8=104375) skipped=0 pct_x10=1000
[12:47:20] [info] primitive tally block 0: clear=200(hr=200) fill=0(hr=0) rect=0(hr=0) line=0(hr=0) tint=0 spotlight=0 (over 100 flips ending at flip 1700)
[12:47:20] [info] phase timing block 0: drawcalls=1500 dc_total_ms=526 flip_inner_total_ms=455 inter_flip_total_ms=2800 (per-flip avg x10: dc_ms=52 fi_ms=45 if_ms=280 derived audio+engine_ms=183; per-drawcall avg us_x10=3507) [direct-vesa: presents=100 total_ms=326 avg_ms_x10=32 failed=0] [ablation: NO_DC_TIMING=0 CACHE_WINSURF=0 DIRECT_VESA=1]
[12:47:20] [info] kbd/audio block 0: kbd_irq=0 kbd_drain=0 ring_chunks=16 pump_pass=2694 pic1_mask=0xb8 first_irq_ticks=0 install_ticks=0 vector_at_install=0x0083a658 pic1_mask_live=0xb8 kbd_8042_stat=0x34 bios_kbd_head=0x0022 bios_kbd_tail=0x0022 bios_kbd_buf0=0x1c0d
[12:47:20] [info] dirty-rect block @flip=1700: total_calls=0 dirty_rects_avg=1 dirty_pct_x10=1000 forced_full=0 first_n_force=0 threshold_exceeded=0 dirty_path_taken=0 full_flush_taken=0
[12:47:20] [info] prev-frame-diff block @flip=1700: diff_calls=0 diff_rects_avg=0 diff_dirty_pct_x10=0 bbox_pct_x10=0 bbox_thresh_exceeded=0
[12:47:20] [info] backdrop cache: thrashing-detect engaged (streak=304, route=direct)
[12:47:20] [info] flip-probe: flip #1710 ok=true present=-1ms inter_flip_ms=57 drawcalls-since-flip=213 drawcalls-total=113169 fail-total=0 null-skips-total=0
[12:47:21] [info] flip-probe: flip #1720 ok=true present=6ms inter_flip_ms=56 drawcalls-since-flip=318 drawcalls-total=116229 fail-total=0 null-skips-total=0
[12:47:21] [info]  >> Entering stage 11: 'Mimiga Village'.
[12:47:21] [info] [skip-sheet-flush] cave=7
[12:47:21] [info] [load-stage] preloading entry music song=9 (cave=7)
[12:47:21] [info] gameloop: entered (curmap=11, running=1)
[12:47:21] [info] gameloop: iter 1 ticks=91449 mapno=-1
[12:47:21] [info] mds-clear-lut: rebuilt N=240 entries (k_skip=0% k_keep=100%; curmap=11 map_size=60x60; rebuild #5 since boot)
[12:47:21] [info] gameloop: iter 2 ticks=91502 mapno=-1
[12:47:21] [info] gameloop: iter 3 ticks=91560 mapno=-1
[12:47:22] [info] flip-probe: flip #1730 ok=true present=-3ms inter_flip_ms=58 drawcalls-since-flip=226 drawcalls-total=118986 fail-total=0 null-skips-total=0
[12:47:22] [info] flip-probe: flip #1740 ok=true present=-3ms inter_flip_ms=57 drawcalls-since-flip=42 drawcalls-total=119828 fail-total=0 null-skips-total=0
[12:47:22] [info] flip-probe: flip #1750 ok=true present=-2ms inter_flip_ms=6 drawcalls-since-flip=42 drawcalls-total=120248 fail-total=0 null-skips-total=0
[12:47:23] [info] flip-probe: flip #1760 ok=true present=5ms inter_flip_ms=50 drawcalls-since-flip=42 drawcalls-total=120668 fail-total=0 null-skips-total=0
[12:47:23] [info] flip-probe: flip #1770 ok=true present=-3ms inter_flip_ms=2 drawcalls-since-flip=42 drawcalls-total=121088 fail-total=0 null-skips-total=0
[12:47:23] [info] flip-probe: flip #1780 ok=true present=-3ms inter_flip_ms=3 drawcalls-since-flip=53 drawcalls-total=121574 fail-total=0 null-skips-total=0
[12:47:24] [info] flip-probe: flip #1790 ok=true present=-3ms inter_flip_ms=60 drawcalls-since-flip=52 drawcalls-total=122100 fail-total=0 null-skips-total=0
[12:47:24] [info] flip-probe: flip #1800 ok=true present=-3ms inter_flip_ms=4 drawcalls-since-flip=49 drawcalls-total=122588 fail-total=0 null-skips-total=0
[12:47:24] [info] alpha audit block 0: 9157 total drawcalls, 0 with alpha<255 (block pct_x10=0; global 0/113532 pct_x10=0); alpha-mod skipped: block=0 global=0
[12:47:24] [info] fastpath audit block 0: taken=9157 (idx8=9157) skipped=0 pct_x10=1000; global taken=113532 (idx8=113532) skipped=0 pct_x10=1000
[12:47:24] [info] primitive tally block 0: clear=201(hr=201) fill=0(hr=0) rect=0(hr=0) line=0(hr=0) tint=0 spotlight=0 (over 100 flips ending at flip 1800)
[12:47:24] [info] color/alpha audit block 0: cmod_white=1027 cmod_black=1027 (idx=1027) cmod_general=0 (idx=0) cmod_fb=0; alpha_taken=0 alpha_skipped=0 (global cmod=8355/6787/714/0 idx=6787/714 alpha=0/0)
[12:47:24] [info] phase timing block 0: drawcalls=11491 dc_total_ms=1293 flip_inner_total_ms=336 inter_flip_total_ms=3957 (per-flip avg x10: dc_ms=129 fi_ms=33 if_ms=395 derived audio+engine_ms=233; per-drawcall avg us_x10=1125) [direct-vesa: presents=100 total_ms=198 avg_ms_x10=19 failed=0] [ablation: NO_DC_TIMING=0 CACHE_WINSURF=0 DIRECT_VESA=1]
[12:47:24] [info] kbd/audio block 0: kbd_irq=0 kbd_drain=0 ring_chunks=16 pump_pass=2874 pic1_mask=0xb8 first_irq_ticks=0 install_ticks=0 vector_at_install=0x0083a658 pic1_mask_live=0xb8 kbd_8042_stat=0x34 bios_kbd_head=0x0022 bios_kbd_tail=0x0022 bios_kbd_buf0=0x1c0d
[12:47:24] [info] dirty-rect block @flip=1800: total_calls=0 dirty_rects_avg=1 dirty_pct_x10=1000 forced_full=0 first_n_force=0 threshold_exceeded=0 dirty_path_taken=0 full_flush_taken=0
[12:47:24] [info] prev-frame-diff block @flip=1800: diff_calls=0 diff_rects_avg=0 diff_dirty_pct_x10=0 bbox_pct_x10=0 bbox_thresh_exceeded=0
[12:47:24] [info] backdrop cache: thrashing-detect engaged (streak=4, route=direct)
[12:47:24] [info] flip-probe: flip #1810 ok=true present=5ms inter_flip_ms=-2 drawcalls-since-flip=47 drawcalls-total=123051 fail-total=0 null-skips-total=0
[12:47:25] [info] flip-probe: flip #1820 ok=true present=6ms inter_flip_ms=56 drawcalls-since-flip=43 drawcalls-total=123491 fail-total=0 null-skips-total=0
[12:47:25] [info] flip-probe: flip #1830 ok=true present=5ms inter_flip_ms=49 drawcalls-since-flip=45 drawcalls-total=123931 fail-total=0 null-skips-total=0
[12:47:25] [info] flip-probe: flip #1840 ok=true present=-3ms inter_flip_ms=0 drawcalls-since-flip=42 drawcalls-total=124367 fail-total=0 null-skips-total=0
[12:47:26] [info] flip-probe: flip #1850 ok=true present=-3ms inter_flip_ms=62 drawcalls-since-flip=20 drawcalls-total=124586 fail-total=0 null-skips-total=0
[12:47:26] [info] flip-probe: flip #1860 ok=true present=-2ms inter_flip_ms=1 drawcalls-since-flip=19 drawcalls-total=124781 fail-total=0 null-skips-total=0
[12:47:26] [info] backdrop cache: thrashing-detect engaged (streak=64, route=direct)
[12:47:26] [info] flip-probe: flip #1870 ok=true present=52ms inter_flip_ms=3 drawcalls-since-flip=19 drawcalls-total=124971 fail-total=0 null-skips-total=0
[12:47:27] [info] run_tick_fixed #3000: heartbeat (loop alive)
[12:47:27] [info] flip-probe: flip #1880 ok=true present=-3ms inter_flip_ms=54 drawcalls-since-flip=19 drawcalls-total=125161 fail-total=0 null-skips-total=0
[12:47:27] [info] tas: stall frame 216 ms -> contributing 1 tick (patch 0286)
[12:47:27] [info] flip-probe: flip #1890 ok=true present=53ms inter_flip_ms=2 drawcalls-since-flip=19 drawcalls-total=125351 fail-total=0 null-skips-total=0
[12:47:27] [info] flip-probe: flip #1900 ok=true present=-3ms inter_flip_ms=58 drawcalls-since-flip=19 drawcalls-total=125541 fail-total=0 null-skips-total=0
[12:47:27] [info] alpha audit block 0: 2320 total drawcalls, 0 with alpha<255 (block pct_x10=0; global 0/115852 pct_x10=0); alpha-mod skipped: block=0 global=0
[12:47:27] [info] fastpath audit block 0: taken=2320 (idx8=2320) skipped=0 pct_x10=1000; global taken=115852 (idx8=115852) skipped=0 pct_x10=1000
[12:47:27] [info] primitive tally block 0: clear=200(hr=200) fill=0(hr=0) rect=0(hr=0) line=0(hr=0) tint=0 spotlight=0 (over 100 flips ending at flip 1900)
[12:47:27] [info] color/alpha audit block 0: cmod_white=533 cmod_black=533 (idx=533) cmod_general=0 (idx=0) cmod_fb=0; alpha_taken=0 alpha_skipped=0 (global cmod=8888/7320/714/0 idx=7320/714 alpha=0/0)
[12:47:27] [info] phase timing block 0: drawcalls=3588 dc_total_ms=540 flip_inner_total_ms=584 inter_flip_total_ms=3352 (per-flip avg x10: dc_ms=54 fi_ms=58 if_ms=335 derived audio+engine_ms=223; per-drawcall avg us_x10=1507) [direct-vesa: presents=100 total_ms=293 avg_ms_x10=29 failed=0] [ablation: NO_DC_TIMING=0 CACHE_WINSURF=0 DIRECT_VESA=1]
[12:47:27] [info] kbd/audio block 0: kbd_irq=0 kbd_drain=0 ring_chunks=16 pump_pass=3032 pic1_mask=0xb8 first_irq_ticks=0 install_ticks=0 vector_at_install=0x0083a658 pic1_mask_live=0xb8 kbd_8042_stat=0x34 bios_kbd_head=0x0022 bios_kbd_tail=0x0022 bios_kbd_buf0=0x1c0d
[12:47:27] [info] dirty-rect block @flip=1900: total_calls=0 dirty_rects_avg=1 dirty_pct_x10=1000 forced_full=0 first_n_force=0 threshold_exceeded=0 dirty_path_taken=0 full_flush_taken=0
[12:47:27] [info] prev-frame-diff block @flip=1900: diff_calls=0 diff_rects_avg=0 diff_dirty_pct_x10=0 bbox_pct_x10=0 bbox_thresh_exceeded=0
[12:47:28] [info] flip-probe: flip #1910 ok=true present=-3ms inter_flip_ms=56 drawcalls-since-flip=19 drawcalls-total=125731 fail-total=0 null-skips-total=0
[12:47:28] [info] flip-probe: flip #1920 ok=true present=-2ms inter_flip_ms=-3 drawcalls-since-flip=18 drawcalls-total=125916 fail-total=0 null-skips-total=0
[12:47:28] [info] backdrop cache: thrashing-detect engaged (streak=124, route=direct)
[12:47:28] [info] flip-probe: flip #1930 ok=true present=-3ms inter_flip_ms=58 drawcalls-since-flip=18 drawcalls-total=126096 fail-total=0 null-skips-total=0
[12:47:29] [info] flip-probe: flip #1940 ok=true present=5ms inter_flip_ms=50 drawcalls-since-flip=18 drawcalls-total=126276 fail-total=0 null-skips-total=0
[12:47:29] [info] flip-probe: flip #1950 ok=true present=-3ms inter_flip_ms=6 drawcalls-since-flip=17 drawcalls-total=126449 fail-total=0 null-skips-total=0
[12:47:29] [info] flip-probe: flip #1960 ok=true present=52ms inter_flip_ms=1 drawcalls-since-flip=17 drawcalls-total=126619 fail-total=0 null-skips-total=0
[12:47:29] [info] flip-probe: flip #1970 ok=true present=-3ms inter_flip_ms=57 drawcalls-since-flip=18 drawcalls-total=126793 fail-total=0 null-skips-total=0
[12:47:30] [info] flip-probe: flip #1980 ok=true present=5ms inter_flip_ms=-3 drawcalls-since-flip=19 drawcalls-total=126978 fail-total=0 null-skips-total=0
[12:47:30] [info] backdrop cache: thrashing-detect engaged (streak=184, route=direct)
[12:47:30] [info] flip-probe: flip #1990 ok=true present=-3ms inter_flip_ms=57 drawcalls-since-flip=19 drawcalls-total=127168 fail-total=0 null-skips-total=0
[12:47:30] [info] flip-probe: flip #2000 ok=true present=-3ms inter_flip_ms=57 drawcalls-since-flip=19 drawcalls-total=127358 fail-total=0 null-skips-total=0
[12:47:30] [info] alpha audit block 0: 1717 total drawcalls, 0 with alpha<255 (block pct_x10=0; global 0/117569 pct_x10=0); alpha-mod skipped: block=0 global=0
[12:47:30] [info] fastpath audit block 0: taken=1717 (idx8=1717) skipped=0 pct_x10=1000; global taken=117569 (idx8=117569) skipped=0 pct_x10=1000
[12:47:30] [info] primitive tally block 0: clear=200(hr=200) fill=0(hr=0) rect=0(hr=0) line=0(hr=0) tint=0 spotlight=0 (over 100 flips ending at flip 2000)
[12:47:30] [info] phase timing block 0: drawcalls=1917 dc_total_ms=717 flip_inner_total_ms=236 inter_flip_total_ms=2964 (per-flip avg x10: dc_ms=71 fi_ms=23 if_ms=296 derived audio+engine_ms=202; per-drawcall avg us_x10=3743) [direct-vesa: presents=100 total_ms=208 avg_ms_x10=20 failed=0] [ablation: NO_DC_TIMING=0 CACHE_WINSURF=0 DIRECT_VESA=1]
[12:47:30] [info] kbd/audio block 0: kbd_irq=0 kbd_drain=0 ring_chunks=16 pump_pass=3184 pic1_mask=0xb8 first_irq_ticks=0 install_ticks=0 vector_at_install=0x0083a658 pic1_mask_live=0xb8 kbd_8042_stat=0x34 bios_kbd_head=0x0022 bios_kbd_tail=0x0022 bios_kbd_buf0=0x1c0d
[12:47:30] [info] dirty-rect block @flip=2000: total_calls=0 dirty_rects_avg=1 dirty_pct_x10=1000 forced_full=0 first_n_force=0 threshold_exceeded=0 dirty_path_taken=0 full_flush_taken=0
[12:47:30] [info] prev-frame-diff block @flip=2000: diff_calls=0 diff_rects_avg=0 diff_dirty_pct_x10=0 bbox_pct_x10=0 bbox_thresh_exceeded=0
[12:47:31] [info] flip-probe: flip #2010 ok=true present=-3ms inter_flip_ms=57 drawcalls-since-flip=19 drawcalls-total=127548 fail-total=0 null-skips-total=0
[12:47:31] [info] flip-probe: flip #2020 ok=true present=-3ms inter_flip_ms=-3 drawcalls-since-flip=18 drawcalls-total=127729 fail-total=0 null-skips-total=0
[12:47:31] [info] flip-probe: flip #2030 ok=true present=-3ms inter_flip_ms=2 drawcalls-since-flip=17 drawcalls-total=127906 fail-total=0 null-skips-total=0
[12:47:32] [info] flip-probe: flip #2040 ok=true present=6ms inter_flip_ms=56 drawcalls-since-flip=18 drawcalls-total=128078 fail-total=0 null-skips-total=0
[12:47:32] [info] backdrop cache: thrashing-detect engaged (streak=244, route=direct)
[12:47:32] [info] flip-probe: flip #2050 ok=true present=-3ms inter_flip_ms=-2 drawcalls-since-flip=18 drawcalls-total=128258 fail-total=0 null-skips-total=0
[12:47:32] [info] flip-probe: flip #2060 ok=true present=52ms inter_flip_ms=2 drawcalls-since-flip=18 drawcalls-total=128438 fail-total=0 null-skips-total=0
[12:47:32] [info] flip-probe: flip #2070 ok=true present=6ms inter_flip_ms=53 drawcalls-since-flip=19 drawcalls-total=128628 fail-total=0 null-skips-total=0
[12:47:33] [info] flip-probe: flip #2080 ok=true present=6ms inter_flip_ms=-2 drawcalls-since-flip=19 drawcalls-total=128818 fail-total=0 null-skips-total=0
[12:47:33] [info] flip-probe: flip #2090 ok=true present=5ms inter_flip_ms=-6 drawcalls-since-flip=19 drawcalls-total=129008 fail-total=0 null-skips-total=0
[12:47:33] [info] flip-probe: flip #2100 ok=true present=6ms inter_flip_ms=57 drawcalls-since-flip=20 drawcalls-total=129200 fail-total=0 null-skips-total=0
[12:47:33] [info] alpha audit block 0: 1742 total drawcalls, 0 with alpha<255 (block pct_x10=0; global 0/119311 pct_x10=0); alpha-mod skipped: block=0 global=0
[12:47:33] [info] fastpath audit block 0: taken=1742 (idx8=1742) skipped=0 pct_x10=1000; global taken=119311 (idx8=119311) skipped=0 pct_x10=1000
[12:47:33] [info] primitive tally block 0: clear=200(hr=200) fill=0(hr=0) rect=0(hr=0) line=0(hr=0) tint=0 spotlight=0 (over 100 flips ending at flip 2100)
[12:47:33] [info] phase timing block 0: drawcalls=1942 dc_total_ms=461 flip_inner_total_ms=601 inter_flip_total_ms=2963 (per-flip avg x10: dc_ms=46 fi_ms=60 if_ms=296 derived audio+engine_ms=190; per-drawcall avg us_x10=2374) [direct-vesa: presents=100 total_ms=521 avg_ms_x10=52 failed=0] [ablation: NO_DC_TIMING=0 CACHE_WINSURF=0 DIRECT_VESA=1]
[12:47:33] [info] kbd/audio block 0: kbd_irq=0 kbd_drain=0 ring_chunks=16 pump_pass=3334 pic1_mask=0xb8 first_irq_ticks=0 install_ticks=0 vector_at_install=0x0083a658 pic1_mask_live=0xb8 kbd_8042_stat=0x34 bios_kbd_head=0x0022 bios_kbd_tail=0x0022 bios_kbd_buf0=0x1c0d
[12:47:33] [info] dirty-rect block @flip=2100: total_calls=0 dirty_rects_avg=1 dirty_pct_x10=1000 forced_full=0 first_n_force=0 threshold_exceeded=0 dirty_path_taken=0 full_flush_taken=0
[12:47:33] [info] prev-frame-diff block @flip=2100: diff_calls=0 diff_rects_avg=0 diff_dirty_pct_x10=0 bbox_pct_x10=0 bbox_thresh_exceeded=0
[12:47:33] [info] backdrop cache: thrashing-detect engaged (streak=304, route=direct)
[12:47:34] [info] flip-probe: flip #2110 ok=true present=5ms inter_flip_ms=-2 drawcalls-since-flip=20 drawcalls-total=129400 fail-total=0 null-skips-total=0
[12:47:34] [info] flip-probe: flip #2120 ok=true present=-3ms inter_flip_ms=57 drawcalls-since-flip=20 drawcalls-total=129600 fail-total=0 null-skips-total=0
[12:47:34] [info] flip-probe: flip #2130 ok=true present=-3ms inter_flip_ms=58 drawcalls-since-flip=20 drawcalls-total=129800 fail-total=0 null-skips-total=0
[12:47:35] [info] flip-probe: flip #2140 ok=true present=-3ms inter_flip_ms=3 drawcalls-since-flip=17 drawcalls-total=129997 fail-total=0 null-skips-total=0
[12:47:35] [info] flip-probe: flip #2150 ok=true present=-3ms inter_flip_ms=53 drawcalls-since-flip=17 drawcalls-total=130167 fail-total=0 null-skips-total=0
[12:47:35] [info] flip-probe: flip #2160 ok=true present=-2ms inter_flip_ms=54 drawcalls-since-flip=17 drawcalls-total=130337 fail-total=0 null-skips-total=0
[12:47:35] [info] backdrop cache: thrashing-detect engaged (streak=364, route=direct)
[12:47:35] [info] flip-probe: flip #2170 ok=true present=5ms inter_flip_ms=-1 drawcalls-since-flip=17 drawcalls-total=130507 fail-total=0 null-skips-total=0
[12:47:36] [info] flip-probe: flip #2180 ok=true present=5ms inter_flip_ms=50 drawcalls-since-flip=18 drawcalls-total=130683 fail-total=0 null-skips-total=0
[12:47:36] [info] flip-probe: flip #2190 ok=true present=-3ms inter_flip_ms=54 drawcalls-since-flip=18 drawcalls-total=130867 fail-total=0 null-skips-total=0
[12:47:36] [info] flip-probe: flip #2200 ok=true present=52ms inter_flip_ms=2 drawcalls-since-flip=17 drawcalls-total=131042 fail-total=0 null-skips-total=0
[12:47:36] [info] alpha audit block 0: 1742 total drawcalls, 0 with alpha<255 (block pct_x10=0; global 0/121053 pct_x10=0); alpha-mod skipped: block=0 global=0
[12:47:36] [info] fastpath audit block 0: taken=1742 (idx8=1742) skipped=0 pct_x10=1000; global taken=121053 (idx8=121053) skipped=0 pct_x10=1000
[12:47:36] [info] primitive tally block 0: clear=200(hr=200) fill=0(hr=0) rect=0(hr=0) line=0(hr=0) tint=0 spotlight=0 (over 100 flips ending at flip 2200)
[12:47:36] [info] phase timing block 0: drawcalls=1942 dc_total_ms=710 flip_inner_total_ms=437 inter_flip_total_ms=2972 (per-flip avg x10: dc_ms=71 fi_ms=43 if_ms=297 derived audio+engine_ms=183; per-drawcall avg us_x10=3656) [direct-vesa: presents=100 total_ms=436 avg_ms_x10=43 failed=0] [ablation: NO_DC_TIMING=0 CACHE_WINSURF=0 DIRECT_VESA=1]
[12:47:36] [info] kbd/audio block 0: kbd_irq=0 kbd_drain=0 ring_chunks=16 pump_pass=3488 pic1_mask=0xb8 first_irq_ticks=0 install_ticks=0 vector_at_install=0x0083a658 pic1_mask_live=0xb8 kbd_8042_stat=0x34 bios_kbd_head=0x0022 bios_kbd_tail=0x0022 bios_kbd_buf0=0x1c0d
[12:47:36] [info] dirty-rect block @flip=2200: total_calls=0 dirty_rects_avg=1 dirty_pct_x10=1000 forced_full=0 first_n_force=0 threshold_exceeded=0 dirty_path_taken=0 full_flush_taken=0
[12:47:36] [info] prev-frame-diff block @flip=2200: diff_calls=0 diff_rects_avg=0 diff_dirty_pct_x10=0 bbox_pct_x10=0 bbox_thresh_exceeded=0
[12:47:37] [info] flip-probe: flip #2210 ok=true present=-2ms inter_flip_ms=57 drawcalls-since-flip=16 drawcalls-total=131208 fail-total=0 null-skips-total=0
[12:47:37] [info] flip-probe: flip #2220 ok=true present=-3ms inter_flip_ms=53 drawcalls-since-flip=17 drawcalls-total=131369 fail-total=0 null-skips-total=0
[12:47:37] [info] backdrop cache: thrashing-detect engaged (streak=424, route=direct)
[12:47:37] [info] flip-probe: flip #2230 ok=true present=5ms inter_flip_ms=51 drawcalls-since-flip=17 drawcalls-total=131539 fail-total=0 null-skips-total=0
[12:47:38] [info] flip-probe: flip #2240 ok=true present=-3ms inter_flip_ms=1 drawcalls-since-flip=20 drawcalls-total=131729 fail-total=0 null-skips-total=0
[12:47:38] [info] flip-probe: flip #2250 ok=true present=5ms inter_flip_ms=55 drawcalls-since-flip=22 drawcalls-total=131933 fail-total=0 null-skips-total=0
[12:47:38] [info] flip-probe: flip #2260 ok=true present=-2ms inter_flip_ms=53 drawcalls-since-flip=18 drawcalls-total=132129 fail-total=0 null-skips-total=0
[12:47:38] [info] flip-probe: flip #2270 ok=true present=5ms inter_flip_ms=50 drawcalls-since-flip=47 drawcalls-total=132338 fail-total=0 null-skips-total=0
[12:47:38] [info] run_tick_fixed #3600: heartbeat (loop alive)
[12:47:39] [info] run_tick_fixed #3600: heartbeat (loop alive)
[12:47:39] [info] flip-probe: flip #2280 ok=true present=6ms inter_flip_ms=51 drawcalls-since-flip=359 drawcalls-total=135196 fail-total=0 null-skips-total=0
[12:47:39] [info] backdrop cache: thrashing-detect engaged (streak=484, route=direct)
[12:47:39] [info]  >> Entering stage 19: 'Assembly Hall'.
[12:47:39] [info] [skip-sheet-flush] cave=8
[12:47:40] [info] [load-stage] preloading entry music song=9 (cave=8)
[12:47:40] [info] gameloop: entered (curmap=19, running=1)
[12:47:40] [info] gameloop: iter 1 ticks=109796 mapno=-1
[12:47:40] [info] mds-clear-lut: rebuilt N=240 entries (k_skip=100% k_keep=0%; curmap=19 map_size=21x16; rebuild #6 since boot)
[12:47:40] [info] gameloop: iter 2 ticks=109851 mapno=-1
[12:47:40] [info] gameloop: iter 3 ticks=109900 mapno=-1
[12:47:40] [info] flip-probe: flip #2290 ok=true present=-3ms inter_flip_ms=58 drawcalls-since-flip=451 drawcalls-total=138694 fail-total=0 null-skips-total=0
[12:47:40] [info] flip-probe: flip #2300 ok=true present=5ms inter_flip_ms=-4 drawcalls-since-flip=111 drawcalls-total=140732 fail-total=0 null-skips-total=0
[12:47:40] [info] alpha audit block 0: 9398 total drawcalls, 0 with alpha<255 (block pct_x10=0; global 0/130451 pct_x10=0); alpha-mod skipped: block=0 global=0
[12:47:40] [info] fastpath audit block 0: taken=9398 (idx8=9398) skipped=0 pct_x10=1000; global taken=130451 (idx8=130451) skipped=0 pct_x10=1000
[12:47:40] [info] primitive tally block 0: clear=202(hr=202) fill=0(hr=0) rect=0(hr=0) line=0(hr=0) tint=0 spotlight=0 (over 100 flips ending at flip 2300)
[12:47:40] [info] color/alpha audit block 0: cmod_white=192 cmod_black=192 (idx=192) cmod_general=0 (idx=0) cmod_fb=0; alpha_taken=0 alpha_skipped=0 (global cmod=9080/7512/714/0 idx=7512/714 alpha=0/0)
[12:47:40] [info] phase timing block 0: drawcalls=10000 dc_total_ms=1001 flip_inner_total_ms=413 inter_flip_total_ms=4059 (per-flip avg x10: dc_ms=100 fi_ms=41 if_ms=405 derived audio+engine_ms=264; per-drawcall avg us_x10=1001) [direct-vesa: presents=100 total_ms=370 avg_ms_x10=37 failed=0] [ablation: NO_DC_TIMING=0 CACHE_WINSURF=0 DIRECT_VESA=1]
[12:47:40] [info] kbd/audio block 0: kbd_irq=0 kbd_drain=0 ring_chunks=16 pump_pass=3666 pic1_mask=0xb8 first_irq_ticks=0 install_ticks=0 vector_at_install=0x0083a658 pic1_mask_live=0xb8 kbd_8042_stat=0x34 bios_kbd_head=0x0022 bios_kbd_tail=0x0022 bios_kbd_buf0=0x1c0d
[12:47:40] [info] dirty-rect block @flip=2300: total_calls=0 dirty_rects_avg=1 dirty_pct_x10=1000 forced_full=0 first_n_force=0 threshold_exceeded=0 dirty_path_taken=0 full_flush_taken=0
[12:47:40] [info] prev-frame-diff block @flip=2300: diff_calls=0 diff_rects_avg=0 diff_dirty_pct_x10=0 bbox_pct_x10=0 bbox_thresh_exceeded=0
[12:47:41] [info] flip-probe: flip #2310 ok=true present=5ms inter_flip_ms=54 drawcalls-since-flip=122 drawcalls-total=141952 fail-total=0 null-skips-total=0
[12:47:41] [info] flip-probe: flip #2320 ok=true present=-3ms inter_flip_ms=54 drawcalls-since-flip=122 drawcalls-total=143172 fail-total=0 null-skips-total=0
[12:47:41] [info] flip-probe: flip #2330 ok=true present=5ms inter_flip_ms=-4 drawcalls-since-flip=122 drawcalls-total=144392 fail-total=0 null-skips-total=0
[12:47:42] [info] flip-probe: flip #2340 ok=true present=-3ms inter_flip_ms=0 drawcalls-since-flip=125 drawcalls-total=145635 fail-total=0 null-skips-total=0
[12:47:42] [info] flip-probe: flip #2350 ok=true present=-2ms inter_flip_ms=62 drawcalls-since-flip=123 drawcalls-total=146872 fail-total=0 null-skips-total=0
[12:47:42] [info] flip-probe: flip #2360 ok=true present=-2ms inter_flip_ms=54 drawcalls-since-flip=124 drawcalls-total=148098 fail-total=0 null-skips-total=0
[12:47:43] [info] flip-probe: flip #2370 ok=true present=5ms inter_flip_ms=51 drawcalls-since-flip=122 drawcalls-total=149329 fail-total=0 null-skips-total=0
[12:47:43] [info] flip-probe: flip #2380 ok=true present=-2ms inter_flip_ms=-2 drawcalls-since-flip=122 drawcalls-total=150549 fail-total=0 null-skips-total=0
[12:47:43] [info] flip-probe: flip #2390 ok=true present=5ms inter_flip_ms=54 drawcalls-since-flip=122 drawcalls-total=151769 fail-total=0 null-skips-total=0
[12:47:44] [info] flip-probe: flip #2400 ok=true present=-3ms inter_flip_ms=59 drawcalls-since-flip=122 drawcalls-total=152989 fail-total=0 null-skips-total=0
[12:47:44] [info] alpha audit block 0: 10957 total drawcalls, 0 with alpha<255 (block pct_x10=0; global 0/141408 pct_x10=0); alpha-mod skipped: block=0 global=0
[12:47:44] [info] fastpath audit block 0: taken=10957 (idx8=10957) skipped=0 pct_x10=1000; global taken=141408 (idx8=141408) skipped=0 pct_x10=1000
[12:47:44] [info] primitive tally block 0: clear=200(hr=200) fill=0(hr=0) rect=0(hr=0) line=0(hr=0) tint=0 spotlight=0 (over 100 flips ending at flip 2400)
[12:47:44] [info] color/alpha audit block 0: cmod_white=1200 cmod_black=1200 (idx=1200) cmod_general=0 (idx=0) cmod_fb=0; alpha_taken=0 alpha_skipped=0 (global cmod=10280/8712/714/0 idx=8712/714 alpha=0/0)
[12:47:44] [info] phase timing block 0: drawcalls=13657 dc_total_ms=1002 flip_inner_total_ms=285 inter_flip_total_ms=3245 (per-flip avg x10: dc_ms=100 fi_ms=28 if_ms=324 derived audio+engine_ms=196; per-drawcall avg us_x10=734) [direct-vesa: presents=100 total_ms=243 avg_ms_x10=24 failed=0] [ablation: NO_DC_TIMING=0 CACHE_WINSURF=0 DIRECT_VESA=1]
[12:47:44] [info] kbd/audio block 0: kbd_irq=0 kbd_drain=0 ring_chunks=16 pump_pass=3827 pic1_mask=0xb8 first_irq_ticks=0 install_ticks=0 vector_at_install=0x0083a658 pic1_mask_live=0xb8 kbd_8042_stat=0x34 bios_kbd_head=0x0022 bios_kbd_tail=0x0022 bios_kbd_buf0=0x1c0d
[12:47:44] [info] dirty-rect block @flip=2400: total_calls=0 dirty_rects_avg=1 dirty_pct_x10=1000 forced_full=0 first_n_force=0 threshold_exceeded=0 dirty_path_taken=0 full_flush_taken=0
[12:47:44] [info] prev-frame-diff block @flip=2400: diff_calls=0 diff_rects_avg=0 diff_dirty_pct_x10=0 bbox_pct_x10=0 bbox_thresh_exceeded=0
[12:47:44] [info] flip-probe: flip #2410 ok=true present=-3ms inter_flip_ms=60 drawcalls-since-flip=98 drawcalls-total=154065 fail-total=0 null-skips-total=0
[12:47:44] [info] flip-probe: flip #2420 ok=true present=52ms inter_flip_ms=5 drawcalls-since-flip=126 drawcalls-total=155073 fail-total=0 null-skips-total=0
[12:47:45] [info] flip-probe: flip #2430 ok=true present=-3ms inter_flip_ms=56 drawcalls-since-flip=438 drawcalls-total=158685 fail-total=0 null-skips-total=0
[12:47:45] [info]  >> Entering stage 11: 'Mimiga Village'.
[12:47:45] [info] [skip-sheet-flush] cave=9
[12:47:45] [info] [load-stage] preloading entry music song=9 (cave=9)
[12:47:45] [info] gameloop: entered (curmap=11, running=1)
[12:47:45] [info] gameloop: iter 1 ticks=115449 mapno=-1
[12:47:45] [info] mds-clear-lut: rebuilt N=240 entries (k_skip=0% k_keep=100%; curmap=11 map_size=60x60; rebuild #7 since boot)
[12:47:45] [info] gameloop: iter 2 ticks=115501 mapno=-1
[12:47:46] [info] gameloop: iter 3 ticks=115613 mapno=-1
[12:47:46] [info] flip-probe: flip #2440 ok=true present=-3ms inter_flip_ms=58 drawcalls-since-flip=344 drawcalls-total=162291 fail-total=0 null-skips-total=0
[12:47:46] [info] flip-probe: flip #2450 ok=true present=-3ms inter_flip_ms=58 drawcalls-since-flip=43 drawcalls-total=163241 fail-total=0 null-skips-total=0
[12:47:47] [info] flip-probe: flip #2460 ok=true present=-3ms inter_flip_ms=56 drawcalls-since-flip=46 drawcalls-total=163692 fail-total=0 null-skips-total=0
[12:47:47] [info] backdrop cache: thrashing-detect engaged (streak=4, route=direct)
[12:47:47] [info] flip-probe: flip #2470 ok=true present=5ms inter_flip_ms=57 drawcalls-since-flip=43 drawcalls-total=164147 fail-total=0 null-skips-total=0
[12:47:47] [info] flip-probe: flip #2480 ok=true present=52ms inter_flip_ms=2 drawcalls-since-flip=43 drawcalls-total=164571 fail-total=0 null-skips-total=0
[12:47:47] [info] flip-probe: flip #2490 ok=true present=6ms inter_flip_ms=1 drawcalls-since-flip=43 drawcalls-total=165001 fail-total=0 null-skips-total=0
[12:47:48] [info] flip-probe: flip #2500 ok=true present=6ms inter_flip_ms=52 drawcalls-since-flip=44 drawcalls-total=165440 fail-total=0 null-skips-total=0
[12:47:48] [info] alpha audit block 0: 11432 total drawcalls, 0 with alpha<255 (block pct_x10=0; global 0/152840 pct_x10=0); alpha-mod skipped: block=0 global=0
[12:47:48] [info] fastpath audit block 0: taken=11432 (idx8=11432) skipped=0 pct_x10=1000; global taken=152840 (idx8=152840) skipped=0 pct_x10=1000
[12:47:48] [info] primitive tally block 0: clear=201(hr=201) fill=0(hr=0) rect=0(hr=0) line=0(hr=0) tint=0 spotlight=0 (over 100 flips ending at flip 2500)
[12:47:48] [info] color/alpha audit block 0: cmod_white=919 cmod_black=919 (idx=919) cmod_general=0 (idx=0) cmod_fb=0; alpha_taken=0 alpha_skipped=0 (global cmod=11199/9631/714/0 idx=9631/714 alpha=0/0)
[12:47:48] [info] phase timing block 0: drawcalls=13533 dc_total_ms=1289 flip_inner_total_ms=351 inter_flip_total_ms=4223 (per-flip avg x10: dc_ms=128 fi_ms=35 if_ms=422 derived audio+engine_ms=259; per-drawcall avg us_x10=952) [direct-vesa: presents=100 total_ms=363 avg_ms_x10=36 failed=0] [ablation: NO_DC_TIMING=0 CACHE_WINSURF=0 DIRECT_VESA=1]
[12:47:48] [info] kbd/audio block 0: kbd_irq=0 kbd_drain=0 ring_chunks=16 pump_pass=4013 pic1_mask=0xb8 first_irq_ticks=0 install_ticks=0 vector_at_install=0x0083a658 pic1_mask_live=0xb8 kbd_8042_stat=0x34 bios_kbd_head=0x0022 bios_kbd_tail=0x0022 bios_kbd_buf0=0x1c0d
[12:47:48] [info] dirty-rect block @flip=2500: total_calls=0 dirty_rects_avg=1 dirty_pct_x10=1000 forced_full=0 first_n_force=0 threshold_exceeded=0 dirty_path_taken=0 full_flush_taken=0
[12:47:48] [info] prev-frame-diff block @flip=2500: diff_calls=0 diff_rects_avg=0 diff_dirty_pct_x10=0 bbox_pct_x10=0 bbox_thresh_exceeded=0
[12:47:48] [info] flip-probe: flip #2510 ok=true present=-3ms inter_flip_ms=53 drawcalls-since-flip=43 drawcalls-total=165879 fail-total=0 null-skips-total=0
[12:47:48] [info] flip-probe: flip #2520 ok=true present=-3ms inter_flip_ms=1 drawcalls-since-flip=43 drawcalls-total=166309 fail-total=0 null-skips-total=0
[12:47:49] [info] backdrop cache: thrashing-detect engaged (streak=64, route=direct)
[12:47:49] [info] flip-probe: flip #2530 ok=true present=6ms inter_flip_ms=53 drawcalls-since-flip=46 drawcalls-total=166757 fail-total=0 null-skips-total=0
[12:47:49] [info] flip-probe: flip #2540 ok=true present=5ms inter_flip_ms=57 drawcalls-since-flip=45 drawcalls-total=167210 fail-total=0 null-skips-total=0
[12:47:49] [info] flip-probe: flip #2550 ok=true present=-3ms inter_flip_ms=1 drawcalls-since-flip=45 drawcalls-total=167656 fail-total=0 null-skips-total=0
[12:47:50] [info] flip-probe: flip #2560 ok=true present=-3ms inter_flip_ms=52 drawcalls-since-flip=18 drawcalls-total=167915 fail-total=0 null-skips-total=0
[12:47:50] [info] flip-probe: flip #2570 ok=true present=-3ms inter_flip_ms=56 drawcalls-since-flip=18 drawcalls-total=168095 fail-total=0 null-skips-total=0
[12:47:50] [info] flip-probe: flip #2580 ok=true present=5ms inter_flip_ms=49 drawcalls-since-flip=17 drawcalls-total=168272 fail-total=0 null-skips-total=0
[12:47:50] [info] backdrop cache: thrashing-detect engaged (streak=124, route=direct)
[12:47:51] [info] flip-probe: flip #2590 ok=true present=-3ms inter_flip_ms=-4 drawcalls-since-flip=17 drawcalls-total=168442 fail-total=0 null-skips-total=0
[12:47:51] [info] flip-probe: flip #2600 ok=true present=6ms inter_flip_ms=-3 drawcalls-since-flip=17 drawcalls-total=168612 fail-total=0 null-skips-total=0
[12:47:51] [info] alpha audit block 0: 2383 total drawcalls, 0 with alpha<255 (block pct_x10=0; global 0/155223 pct_x10=0); alpha-mod skipped: block=0 global=0
[12:47:51] [info] fastpath audit block 0: taken=2383 (idx8=2383) skipped=0 pct_x10=1000; global taken=155223 (idx8=155223) skipped=0 pct_x10=1000
[12:47:51] [info] primitive tally block 0: clear=200(hr=200) fill=0(hr=0) rect=0(hr=0) line=0(hr=0) tint=0 spotlight=0 (over 100 flips ending at flip 2600)
[12:47:51] [info] color/alpha audit block 0: cmod_white=689 cmod_black=689 (idx=689) cmod_general=0 (idx=0) cmod_fb=0; alpha_taken=0 alpha_skipped=0 (global cmod=11888/10320/714/0 idx=10320/714 alpha=0/0)
[12:47:51] [info] phase timing block 0: drawcalls=3961 dc_total_ms=544 flip_inner_total_ms=746 inter_flip_total_ms=3020 (per-flip avg x10: dc_ms=54 fi_ms=74 if_ms=302 derived audio+engine_ms=174; per-drawcall avg us_x10=1373) [direct-vesa: presents=100 total_ms=418 avg_ms_x10=41 failed=0] [ablation: NO_DC_TIMING=0 CACHE_WINSURF=0 DIRECT_VESA=1]
[12:47:51] [info] kbd/audio block 0: kbd_irq=0 kbd_drain=0 ring_chunks=16 pump_pass=4170 pic1_mask=0xb8 first_irq_ticks=0 install_ticks=0 vector_at_install=0x0083a658 pic1_mask_live=0xb8 kbd_8042_stat=0x34 bios_kbd_head=0x0022 bios_kbd_tail=0x0022 bios_kbd_buf0=0x1c0d
[12:47:51] [info] dirty-rect block @flip=2600: total_calls=0 dirty_rects_avg=1 dirty_pct_x10=1000 forced_full=0 first_n_force=0 threshold_exceeded=0 dirty_path_taken=0 full_flush_taken=0
[12:47:51] [info] prev-frame-diff block @flip=2600: diff_calls=0 diff_rects_avg=0 diff_dirty_pct_x10=0 bbox_pct_x10=0 bbox_thresh_exceeded=0
[12:47:51] [info] tas: stall frame 278 ms -> contributing 1 tick (patch 0286)
[12:47:51] [info] flip-probe: flip #2610 ok=true present=52ms inter_flip_ms=2 drawcalls-since-flip=17 drawcalls-total=168782 fail-total=0 null-skips-total=0
[12:47:52] [info] flip-probe: flip #2620 ok=true present=5ms inter_flip_ms=53 drawcalls-since-flip=18 drawcalls-total=168960 fail-total=0 null-skips-total=0
[12:47:52] [info] flip-probe: flip #2630 ok=true present=-3ms inter_flip_ms=-3 drawcalls-since-flip=18 drawcalls-total=169140 fail-total=0 null-skips-total=0
[12:47:52] [info] flip-probe: flip #2640 ok=true present=-3ms inter_flip_ms=62 drawcalls-since-flip=20 drawcalls-total=169328 fail-total=0 null-skips-total=0
[12:47:52] [info] backdrop cache: thrashing-detect engaged (streak=184, route=direct)
[12:47:53] [info] flip-probe: flip #2650 ok=true present=-3ms inter_flip_ms=58 drawcalls-since-flip=19 drawcalls-total=169520 fail-total=0 null-skips-total=0
[12:47:53] [info] flip-probe: flip #2660 ok=true present=-3ms inter_flip_ms=-2 drawcalls-since-flip=16 drawcalls-total=169695 fail-total=0 null-skips-total=0
[12:47:53] [info] flip-probe: flip #2670 ok=true present=-3ms inter_flip_ms=57 drawcalls-since-flip=15 drawcalls-total=169847 fail-total=0 null-skips-total=0
[12:47:53] [info] flip-probe: flip #2680 ok=true present=-2ms inter_flip_ms=6 drawcalls-since-flip=15 drawcalls-total=169997 fail-total=0 null-skips-total=0
[12:47:54] [info] flip-probe: flip #2690 ok=true present=53ms inter_flip_ms=2 drawcalls-since-flip=356 drawcalls-total=171802 fail-total=0 null-skips-total=0
[12:47:54] [info]  >> Entering stage 14: 'Shack'.
[12:47:54] [info] [skip-sheet-flush] cave=10
[12:47:55] [info] [load-stage] preloading entry music song=8 (cave=10)
[12:47:55] [info] gus backend: on_song_stop (all voices stopped).
[12:47:55] [info] MidiScheduler::load: parsed 'data/orgmid2/vivi.mid' = 11188 events at 48 PPQ
[12:47:56] [info] gus .pat 'acpiano': 5 sample(s) -> 5 resident (multisample).
[12:47:56] [info] gus .pat 'epiano1': 1 sample(s) -> 1 resident (multisample).
[12:47:56] [info] gus .pat 'acbass': 1 sample(s) -> 1 resident (multisample).
[12:47:56] [info] gus .pat 'altosax': 3 sample(s) -> 3 resident (multisample).
[12:47:56] [info] gus .pat 'flute': 3 sample(s) -> 3 resident (multisample).
[12:47:57] [info] gus .pat 'sqrwave': 1 sample(s) -> 1 resident (multisample).
[12:47:57] [info] gus .pat 'calliope': 1 sample(s) -> 1 resident (multisample).
[12:47:57] [info] gus .pat 'warmpad': 1 sample(s) -> 1 resident (multisample).
[12:47:58] [info] gus .pat 'kick1': 1 sample(s) -> 1 resident (drum/single).
[12:47:58] [info] gus .pat 'snare1': 1 sample(s) -> 1 resident (drum/single).
[12:47:58] [info] gus .pat 'hihatcl': 1 sample(s) -> 1 resident (drum/single).
[12:47:58] [info] gus .pat 'tommid2': 1 sample(s) -> 1 resident (drum/single).
[12:47:58] [warn] gus backend: 'hihatop.pat' DRAM upload failed (full?); instrument silent. dram_size=1048576 bytes.
[12:47:58] [info] gus backend: on_song_start -- uploaded 12 instruments (1 missing/silent) into 1019 KB DRAM for this song; 20 subsamples resident, 0 instrument(s) K-capped/DRAM-truncated (multisample on).
[12:47:58] [info] gameloop: entered (curmap=14, running=1)
[12:47:58] [info] gameloop: iter 1 ticks=128519 mapno=-1
[12:47:58] [info] gameloop: iter 2 ticks=128525 mapno=-1
[12:47:59] [info] gameloop: iter 3 ticks=128634 mapno=-1
[12:47:59] [info] flip-probe: flip #2700 ok=true present=-3ms inter_flip_ms=55 drawcalls-since-flip=365 drawcalls-total=174333 fail-total=0 null-skips-total=0
[12:47:59] [info] alpha audit block 0: 5609 total drawcalls, 0 with alpha<255 (block pct_x10=0; global 0/160832 pct_x10=0); alpha-mod skipped: block=0 global=0
[12:47:59] [info] fastpath audit block 0: taken=5609 (idx8=5609) skipped=0 pct_x10=1000; global taken=160832 (idx8=160832) skipped=0 pct_x10=1000
[12:47:59] [info] primitive tally block 0: clear=203(hr=203) fill=0(hr=0) rect=0(hr=0) line=0(hr=0) tint=0 spotlight=0 (over 100 flips ending at flip 2700)
[12:47:59] [info] color/alpha audit block 0: cmod_white=15 cmod_black=15 (idx=15) cmod_general=0 (idx=0) cmod_fb=0; alpha_taken=0 alpha_skipped=0 (global cmod=11903/10335/714/0 idx=10335/714 alpha=0/0)
[12:47:59] [info] phase timing block 0: drawcalls=5842 dc_total_ms=911 flip_inner_total_ms=454 inter_flip_total_ms=7696 (per-flip avg x10: dc_ms=91 fi_ms=45 if_ms=769 derived audio+engine_ms=633; per-drawcall avg us_x10=1560) [direct-vesa: presents=100 total_ms=350 avg_ms_x10=35 failed=0] [ablation: NO_DC_TIMING=0 CACHE_WINSURF=0 DIRECT_VESA=1]
[12:47:59] [info] kbd/audio block 0: kbd_irq=0 kbd_drain=0 ring_chunks=16 pump_pass=4333 pic1_mask=0xb8 first_irq_ticks=0 install_ticks=0 vector_at_install=0x0083a658 pic1_mask_live=0xb8 kbd_8042_stat=0x34 bios_kbd_head=0x0022 bios_kbd_tail=0x0022 bios_kbd_buf0=0x1c0d
[12:47:59] [info] dirty-rect block @flip=2700: total_calls=0 dirty_rects_avg=1 dirty_pct_x10=1000 forced_full=0 first_n_force=0 threshold_exceeded=0 dirty_path_taken=0 full_flush_taken=0
[12:47:59] [info] prev-frame-diff block @flip=2700: diff_calls=0 diff_rects_avg=0 diff_dirty_pct_x10=0 bbox_pct_x10=0 bbox_thresh_exceeded=0
[12:47:59] [info] flip-probe: flip #2710 ok=true present=-3ms inter_flip_ms=3 drawcalls-since-flip=73 drawcalls-total=177079 fail-total=0 null-skips-total=0
[12:47:59] [info] flip-probe: flip #2720 ok=true present=-3ms inter_flip_ms=0 drawcalls-since-flip=24 drawcalls-total=177337 fail-total=0 null-skips-total=0
[12:47:59] [info] flip-probe: flip #2730 ok=true present=-3ms inter_flip_ms=62 drawcalls-since-flip=24 drawcalls-total=177577 fail-total=0 null-skips-total=0
[12:48:00] [info] flip-probe: flip #2740 ok=true present=-3ms inter_flip_ms=54 drawcalls-since-flip=24 drawcalls-total=177817 fail-total=0 null-skips-total=0
[12:48:00] [info] flip-probe: flip #2750 ok=true present=5ms inter_flip_ms=54 drawcalls-since-flip=24 drawcalls-total=178057 fail-total=0 null-skips-total=0
[12:48:00] [info] flip-probe: flip #2760 ok=true present=-3ms inter_flip_ms=1 drawcalls-since-flip=26 drawcalls-total=178303 fail-total=0 null-skips-total=0
[12:48:00] [info] flip-probe: flip #2770 ok=true present=-3ms inter_flip_ms=2 drawcalls-since-flip=27 drawcalls-total=178567 fail-total=0 null-skips-total=0
[12:48:01] [info] flip-probe: flip #2780 ok=true present=5ms inter_flip_ms=0 drawcalls-since-flip=27 drawcalls-total=178842 fail-total=0 null-skips-total=0
[12:48:01] [info] flip-probe: flip #2790 ok=true present=-3ms inter_flip_ms=54 drawcalls-since-flip=24 drawcalls-total=179090 fail-total=0 null-skips-total=0
[12:48:01] [info] flip-probe: flip #2800 ok=true present=-3ms inter_flip_ms=54 drawcalls-since-flip=24 drawcalls-total=179330 fail-total=0 null-skips-total=0
[12:48:01] [info] alpha audit block 0: 4497 total drawcalls, 0 with alpha<255 (block pct_x10=0; global 0/165329 pct_x10=0); alpha-mod skipped: block=0 global=0
[12:48:01] [info] fastpath audit block 0: taken=4497 (idx8=4497) skipped=0 pct_x10=1000; global taken=165329 (idx8=165329) skipped=0 pct_x10=1000
[12:48:01] [info] primitive tally block 0: clear=200(hr=200) fill=0(hr=0) rect=0(hr=0) line=0(hr=0) tint=0 spotlight=0 (over 100 flips ending at flip 2800)
[12:48:01] [info] color/alpha audit block 0: cmod_white=500 cmod_black=500 (idx=500) cmod_general=0 (idx=0) cmod_fb=0; alpha_taken=0 alpha_skipped=0 (global cmod=12403/10835/714/0 idx=10835/714 alpha=0/0)
[12:48:01] [info] phase timing block 0: drawcalls=5697 dc_total_ms=602 flip_inner_total_ms=233 inter_flip_total_ms=2526 (per-flip avg x10: dc_ms=60 fi_ms=23 if_ms=252 derived audio+engine_ms=169; per-drawcall avg us_x10=1058) [direct-vesa: presents=100 total_ms=115 avg_ms_x10=11 failed=0] [ablation: NO_DC_TIMING=0 CACHE_WINSURF=0 DIRECT_VESA=1]
[12:48:01] [info] kbd/audio block 0: kbd_irq=0 kbd_drain=0 ring_chunks=16 pump_pass=4460 pic1_mask=0xb8 first_irq_ticks=0 install_ticks=0 vector_at_install=0x0083a658 pic1_mask_live=0xb8 kbd_8042_stat=0x34 bios_kbd_head=0x0022 bios_kbd_tail=0x0022 bios_kbd_buf0=0x1c0d
[12:48:01] [info] dirty-rect block @flip=2800: total_calls=0 dirty_rects_avg=1 dirty_pct_x10=1000 forced_full=0 first_n_force=0 threshold_exceeded=0 dirty_path_taken=0 full_flush_taken=0
[12:48:01] [info] prev-frame-diff block @flip=2800: diff_calls=0 diff_rects_avg=0 diff_dirty_pct_x10=0 bbox_pct_x10=0 bbox_thresh_exceeded=0
[12:48:01] [info] flip-probe: flip #2810 ok=true present=-3ms inter_flip_ms=54 drawcalls-since-flip=24 drawcalls-total=179570 fail-total=0 null-skips-total=0
[12:48:02] [info] flip-probe: flip #2820 ok=true present=-3ms inter_flip_ms=53 drawcalls-since-flip=14 drawcalls-total=179780 fail-total=0 null-skips-total=0
[12:48:02] [info] flip-probe: flip #2830 ok=true present=-3ms inter_flip_ms=53 drawcalls-since-flip=14 drawcalls-total=179920 fail-total=0 null-skips-total=0
[12:48:02] [info] run_tick_fixed #4500: heartbeat (loop alive)
[12:48:02] [info] run_tick_fixed #4500: heartbeat (loop alive)
[12:48:02] [info] flip-probe: flip #2840 ok=true present=-3ms inter_flip_ms=-2 drawcalls-since-flip=14 drawcalls-total=180060 fail-total=0 null-skips-total=0
[12:48:02] [info] flip-probe: flip #2850 ok=true present=5ms inter_flip_ms=-2 drawcalls-since-flip=14 drawcalls-total=180200 fail-total=0 null-skips-total=0
[12:48:02] [info] flip-probe: flip #2860 ok=true present=-3ms inter_flip_ms=-2 drawcalls-since-flip=14 drawcalls-total=180340 fail-total=0 null-skips-total=0
[12:48:03] [info] flip-probe: flip #2870 ok=true present=5ms inter_flip_ms=56 drawcalls-since-flip=14 drawcalls-total=180480 fail-total=0 null-skips-total=0
[12:48:03] [info] flip-probe: flip #2880 ok=true present=-3ms inter_flip_ms=53 drawcalls-since-flip=14 drawcalls-total=180620 fail-total=0 null-skips-total=0
[12:48:03] [info] flip-probe: flip #2890 ok=true present=-2ms inter_flip_ms=53 drawcalls-since-flip=14 drawcalls-total=180760 fail-total=0 null-skips-total=0
[12:48:03] [info] flip-probe: flip #2900 ok=true present=-2ms inter_flip_ms=52 drawcalls-since-flip=14 drawcalls-total=180900 fail-total=0 null-skips-total=0
[12:48:03] [info] alpha audit block 0: 1485 total drawcalls, 0 with alpha<255 (block pct_x10=0; global 0/166814 pct_x10=0); alpha-mod skipped: block=0 global=0
[12:48:03] [info] fastpath audit block 0: taken=1485 (idx8=1485) skipped=0 pct_x10=1000; global taken=166814 (idx8=166814) skipped=0 pct_x10=1000
[12:48:03] [info] primitive tally block 0: clear=200(hr=200) fill=0(hr=0) rect=0(hr=0) line=0(hr=0) tint=0 spotlight=0 (over 100 flips ending at flip 2900)
[12:48:03] [info] color/alpha audit block 0: cmod_white=85 cmod_black=85 (idx=85) cmod_general=0 (idx=0) cmod_fb=0; alpha_taken=0 alpha_skipped=0 (global cmod=12488/10920/714/0 idx=10920/714 alpha=0/0)
[12:48:03] [info] phase timing block 0: drawcalls=1855 dc_total_ms=517 flip_inner_total_ms=300 inter_flip_total_ms=2250 (per-flip avg x10: dc_ms=51 fi_ms=30 if_ms=225 derived audio+engine_ms=144; per-drawcall avg us_x10=2790) [direct-vesa: presents=100 total_ms=255 avg_ms_x10=25 failed=0] [ablation: NO_DC_TIMING=0 CACHE_WINSURF=0 DIRECT_VESA=1]
[12:48:03] [info] kbd/audio block 0: kbd_irq=0 kbd_drain=0 ring_chunks=16 pump_pass=4577 pic1_mask=0xb8 first_irq_ticks=0 install_ticks=0 vector_at_install=0x0083a658 pic1_mask_live=0xb8 kbd_8042_stat=0x34 bios_kbd_head=0x0022 bios_kbd_tail=0x0022 bios_kbd_buf0=0x1c0d
[12:48:03] [info] dirty-rect block @flip=2900: total_calls=0 dirty_rects_avg=1 dirty_pct_x10=1000 forced_full=0 first_n_force=0 threshold_exceeded=0 dirty_path_taken=0 full_flush_taken=0
[12:48:03] [info] prev-frame-diff block @flip=2900: diff_calls=0 diff_rects_avg=0 diff_dirty_pct_x10=0 bbox_pct_x10=0 bbox_thresh_exceeded=0
[12:48:04] [info] flip-probe: flip #2910 ok=true present=-3ms inter_flip_ms=54 drawcalls-since-flip=355 drawcalls-total=183830 fail-total=0 null-skips-total=0
[12:48:04] [info]  >> Entering stage 11: 'Mimiga Village'.
[12:48:04] [info] [skip-sheet-flush] cave=11
[12:48:04] [info] [load-stage] preloading entry music song=9 (cave=11)
[12:48:04] [info] gus backend: on_song_stop (all voices stopped).
[12:48:04] [info] MidiScheduler::load: parsed 'data/orgmid2/mura.mid' = 7123 events at 48 PPQ
[12:48:05] [info] gus .pat 'acpiano': 5 sample(s) -> 5 resident (multisample).
[12:48:05] [info] gus .pat 'epiano1': 1 sample(s) -> 1 resident (multisample).
[12:48:05] [info] gus .pat 'acbass': 1 sample(s) -> 1 resident (multisample).
[12:48:06] [info] gus .pat 'altosax': 3 sample(s) -> 3 resident (multisample).
[12:48:06] [info] gus .pat 'flute': 3 sample(s) -> 3 resident (multisample).
[12:48:06] [info] gus .pat 'sqrwave': 1 sample(s) -> 1 resident (multisample).
[12:48:07] [info] gus .pat 'calliope': 1 sample(s) -> 1 resident (multisample).
[12:48:07] [info] gus .pat 'warmpad': 1 sample(s) -> 1 resident (multisample).
[12:48:07] [info] gus .pat 'kick1': 1 sample(s) -> 1 resident (drum/single).
[12:48:07] [info] gus .pat 'snare1': 1 sample(s) -> 1 resident (drum/single).
[12:48:08] [info] gus .pat 'hihatcl': 1 sample(s) -> 1 resident (drum/single).
[12:48:08] [info] gus .pat 'tommid2': 1 sample(s) -> 1 resident (drum/single).
[12:48:08] [warn] gus backend: 'hihatop.pat' DRAM upload failed (full?); instrument silent. dram_size=1048576 bytes.
[12:48:08] [info] gus backend: on_song_start -- uploaded 12 instruments (1 missing/silent) into 1019 KB DRAM for this song; 20 subsamples resident, 0 instrument(s) K-capped/DRAM-truncated (multisample on).
[12:48:08] [info] gameloop: entered (curmap=11, running=1)
[12:48:08] [info] gameloop: iter 1 ticks=138080 mapno=-1
[12:48:08] [info] gameloop: iter 2 ticks=138133 mapno=-1
[12:48:08] [info] gameloop: iter 3 ticks=138192 mapno=-1
[12:48:08] [info] flip-probe: flip #2920 ok=true present=-3ms inter_flip_ms=57 drawcalls-since-flip=382 drawcalls-total=187190 fail-total=0 null-skips-total=0
[12:48:09] [info] flip-probe: flip #2930 ok=true present=-3ms inter_flip_ms=57 drawcalls-since-flip=41 drawcalls-total=188621 fail-total=0 null-skips-total=0
[12:48:09] [info] flip-probe: flip #2940 ok=true present=-3ms inter_flip_ms=61 drawcalls-since-flip=42 drawcalls-total=189034 fail-total=0 null-skips-total=0
[12:48:09] [info] flip-probe: flip #2950 ok=true present=6ms inter_flip_ms=53 drawcalls-since-flip=44 drawcalls-total=189463 fail-total=0 null-skips-total=0
[12:48:10] [info] flip-probe: flip #2960 ok=true present=53ms inter_flip_ms=5 drawcalls-since-flip=44 drawcalls-total=189903 fail-total=0 null-skips-total=0
[12:48:10] [info] backdrop cache: thrashing-detect engaged (streak=4, route=direct)
[12:48:10] [info] flip-probe: flip #2970 ok=true present=-2ms inter_flip_ms=56 drawcalls-since-flip=47 drawcalls-total=190361 fail-total=0 null-skips-total=0
[12:48:11] [info] flip-probe: flip #2980 ok=true present=5ms inter_flip_ms=53 drawcalls-since-flip=47 drawcalls-total=190833 fail-total=0 null-skips-total=0
[12:48:11] [info] flip-probe: flip #2990 ok=true present=5ms inter_flip_ms=0 drawcalls-since-flip=43 drawcalls-total=191269 fail-total=0 null-skips-total=0
[12:48:11] [info] flip-probe: flip #3000 ok=true present=5ms inter_flip_ms=50 drawcalls-since-flip=43 drawcalls-total=191699 fail-total=0 null-skips-total=0
[12:48:11] [info] alpha audit block 0: 9595 total drawcalls, 0 with alpha<255 (block pct_x10=0; global 0/176409 pct_x10=0); alpha-mod skipped: block=0 global=0
[12:48:11] [info] fastpath audit block 0: taken=9595 (idx8=9595) skipped=0 pct_x10=1000; global taken=176409 (idx8=176409) skipped=0 pct_x10=1000
[12:48:11] [info] primitive tally block 0: clear=201(hr=201) fill=0(hr=0) rect=0(hr=0) line=0(hr=0) tint=0 spotlight=0 (over 100 flips ending at flip 3000)
[12:48:11] [info] color/alpha audit block 0: cmod_white=1118 cmod_black=1118 (idx=1118) cmod_general=0 (idx=0) cmod_fb=0; alpha_taken=0 alpha_skipped=0 (global cmod=13606/12038/714/0 idx=12038/714 alpha=0/0)
[12:48:11] [info] phase timing block 0: drawcalls=12083 dc_total_ms=1295 flip_inner_total_ms=284 inter_flip_total_ms=7796 (per-flip avg x10: dc_ms=129 fi_ms=28 if_ms=779 derived audio+engine_ms=622; per-drawcall avg us_x10=1072) [direct-vesa: presents=100 total_ms=312 avg_ms_x10=31 failed=0] [ablation: NO_DC_TIMING=0 CACHE_WINSURF=0 DIRECT_VESA=1]
[12:48:11] [info] kbd/audio block 0: kbd_irq=0 kbd_drain=0 ring_chunks=16 pump_pass=4765 pic1_mask=0xb8 first_irq_ticks=0 install_ticks=0 vector_at_install=0x0083a658 pic1_mask_live=0xb8 kbd_8042_stat=0x34 bios_kbd_head=0x0022 bios_kbd_tail=0x0022 bios_kbd_buf0=0x1c0d
[12:48:11] [info] dirty-rect block @flip=3000: total_calls=0 dirty_rects_avg=1 dirty_pct_x10=1000 forced_full=0 first_n_force=0 threshold_exceeded=0 dirty_path_taken=0 full_flush_taken=0
[12:48:11] [info] prev-frame-diff block @flip=3000: diff_calls=0 diff_rects_avg=0 diff_dirty_pct_x10=0 bbox_pct_x10=0 bbox_thresh_exceeded=0
[12:48:11] [info] flip-probe: flip #3010 ok=true present=-3ms inter_flip_ms=2 drawcalls-since-flip=46 drawcalls-total=192140 fail-total=0 null-skips-total=0
[12:48:12] [info] flip-probe: flip #3020 ok=true present=-3ms inter_flip_ms=56 drawcalls-since-flip=46 drawcalls-total=192602 fail-total=0 null-skips-total=0
[12:48:12] [info] backdrop cache: thrashing-detect engaged (streak=64, route=direct)
[12:48:12] [info] flip-probe: flip #3030 ok=true present=5ms inter_flip_ms=54 drawcalls-since-flip=45 drawcalls-total=193052 fail-total=0 null-skips-total=0
[12:48:12] [info] flip-probe: flip #3040 ok=true present=6ms inter_flip_ms=-1 drawcalls-since-flip=19 drawcalls-total=193346 fail-total=0 null-skips-total=0
[12:48:13] [info] flip-probe: flip #3050 ok=true present=-3ms inter_flip_ms=58 drawcalls-since-flip=19 drawcalls-total=193536 fail-total=0 null-skips-total=0
[12:48:13] [info] flip-probe: flip #3060 ok=true present=-3ms inter_flip_ms=3 drawcalls-since-flip=21 drawcalls-total=193735 fail-total=0 null-skips-total=0
[12:48:13] [info] flip-probe: flip #3070 ok=true present=-3ms inter_flip_ms=51 drawcalls-since-flip=20 drawcalls-total=193941 fail-total=0 null-skips-total=0
[12:48:14] [info] flip-probe: flip #3080 ok=true present=6ms inter_flip_ms=-1 drawcalls-since-flip=19 drawcalls-total=194134 fail-total=0 null-skips-total=0
[12:48:14] [info] backdrop cache: thrashing-detect engaged (streak=124, route=direct)
[12:48:14] [info] flip-probe: flip #3090 ok=true present=5ms inter_flip_ms=56 drawcalls-since-flip=18 drawcalls-total=194315 fail-total=0 null-skips-total=0
[12:48:14] [info] flip-probe: flip #3100 ok=true present=-3ms inter_flip_ms=-1 drawcalls-since-flip=18 drawcalls-total=194495 fail-total=0 null-skips-total=0
[12:48:14] [info] alpha audit block 0: 2254 total drawcalls, 0 with alpha<255 (block pct_x10=0; global 0/178663 pct_x10=0); alpha-mod skipped: block=0 global=0
[12:48:14] [info] fastpath audit block 0: taken=2254 (idx8=2254) skipped=0 pct_x10=1000; global taken=178663 (idx8=178663) skipped=0 pct_x10=1000
[12:48:14] [info] primitive tally block 0: clear=200(hr=200) fill=0(hr=0) rect=0(hr=0) line=0(hr=0) tint=0 spotlight=0 (over 100 flips ending at flip 3100)
[12:48:14] [info] color/alpha audit block 0: cmod_white=442 cmod_black=442 (idx=442) cmod_general=0 (idx=0) cmod_fb=0; alpha_taken=0 alpha_skipped=0 (global cmod=14048/12480/714/0 idx=12480/714 alpha=0/0)
[12:48:14] [info] phase timing block 0: drawcalls=3338 dc_total_ms=687 flip_inner_total_ms=515 inter_flip_total_ms=3080 (per-flip avg x10: dc_ms=68 fi_ms=51 if_ms=308 derived audio+engine_ms=189; per-drawcall avg us_x10=2059) [direct-vesa: presents=100 total_ms=253 avg_ms_x10=25 failed=0] [ablation: NO_DC_TIMING=0 CACHE_WINSURF=0 DIRECT_VESA=1]
[12:48:14] [info] kbd/audio block 0: kbd_irq=0 kbd_drain=0 ring_chunks=16 pump_pass=4925 pic1_mask=0xb8 first_irq_ticks=0 install_ticks=0 vector_at_install=0x0083a658 pic1_mask_live=0xb8 kbd_8042_stat=0x34 bios_kbd_head=0x0022 bios_kbd_tail=0x0022 bios_kbd_buf0=0x1c0d
[12:48:14] [info] dirty-rect block @flip=3100: total_calls=0 dirty_rects_avg=1 dirty_pct_x10=1000 forced_full=0 first_n_force=0 threshold_exceeded=0 dirty_path_taken=0 full_flush_taken=0
[12:48:14] [info] prev-frame-diff block @flip=3100: diff_calls=0 diff_rects_avg=0 diff_dirty_pct_x10=0 bbox_pct_x10=0 bbox_thresh_exceeded=0
[12:48:14] [info] tas: stall frame 272 ms -> contributing 1 tick (patch 0286)
[12:48:15] [info] flip-probe: flip #3110 ok=true present=-3ms inter_flip_ms=63 drawcalls-since-flip=19 drawcalls-total=194684 fail-total=0 null-skips-total=0
[12:48:15] [info] flip-probe: flip #3120 ok=true present=-3ms inter_flip_ms=-1 drawcalls-since-flip=20 drawcalls-total=194880 fail-total=0 null-skips-total=0
[12:48:15] [info] flip-probe: flip #3130 ok=true present=52ms inter_flip_ms=3 drawcalls-since-flip=21 drawcalls-total=195085 fail-total=0 null-skips-total=0
[12:48:16] [info] flip-probe: flip #3140 ok=true present=6ms inter_flip_ms=50 drawcalls-since-flip=20 drawcalls-total=195290 fail-total=0 null-skips-total=0
[12:48:16] [info] backdrop cache: thrashing-detect engaged (streak=184, route=direct)
[12:48:16] [info] flip-probe: flip #3150 ok=true present=-3ms inter_flip_ms=53 drawcalls-since-flip=19 drawcalls-total=195485 fail-total=0 null-skips-total=0
[12:48:16] [info] flip-probe: flip #3160 ok=true present=5ms inter_flip_ms=-1 drawcalls-since-flip=19 drawcalls-total=195675 fail-total=0 null-skips-total=0
[12:48:17] [info] flip-probe: flip #3170 ok=true present=53ms inter_flip_ms=3 drawcalls-since-flip=19 drawcalls-total=195865 fail-total=0 null-skips-total=0
[12:48:17] [info] flip-probe: flip #3180 ok=true present=-3ms inter_flip_ms=58 drawcalls-since-flip=19 drawcalls-total=196055 fail-total=0 null-skips-total=0
[12:48:17] [info] flip-probe: flip #3190 ok=true present=-3ms inter_flip_ms=-2 drawcalls-since-flip=19 drawcalls-total=196245 fail-total=0 null-skips-total=0
[12:48:17] [info] flip-probe: flip #3200 ok=true present=6ms inter_flip_ms=50 drawcalls-since-flip=19 drawcalls-total=196435 fail-total=0 null-skips-total=0
[12:48:17] [info] alpha audit block 0: 1840 total drawcalls, 0 with alpha<255 (block pct_x10=0; global 0/180503 pct_x10=0); alpha-mod skipped: block=0 global=0
[12:48:17] [info] fastpath audit block 0: taken=1840 (idx8=1840) skipped=0 pct_x10=1000; global taken=180503 (idx8=180503) skipped=0 pct_x10=1000
[12:48:17] [info] primitive tally block 0: clear=200(hr=200) fill=0(hr=0) rect=0(hr=0) line=0(hr=0) tint=0 spotlight=0 (over 100 flips ending at flip 3200)
[12:48:17] [info] phase timing block 0: drawcalls=2040 dc_total_ms=395 flip_inner_total_ms=483 inter_flip_total_ms=3291 (per-flip avg x10: dc_ms=39 fi_ms=48 if_ms=329 derived audio+engine_ms=242; per-drawcall avg us_x10=1937) [direct-vesa: presents=100 total_ms=368 avg_ms_x10=36 failed=0] [ablation: NO_DC_TIMING=0 CACHE_WINSURF=0 DIRECT_VESA=1]
[12:48:17] [info] kbd/audio block 0: kbd_irq=0 kbd_drain=0 ring_chunks=16 pump_pass=5078 pic1_mask=0xb8 first_irq_ticks=0 install_ticks=0 vector_at_install=0x0083a658 pic1_mask_live=0xb8 kbd_8042_stat=0x34 bios_kbd_head=0x0022 bios_kbd_tail=0x0022 bios_kbd_buf0=0x1c0d
[12:48:17] [info] dirty-rect block @flip=3200: total_calls=0 dirty_rects_avg=1 dirty_pct_x10=1000 forced_full=0 first_n_force=0 threshold_exceeded=0 dirty_path_taken=0 full_flush_taken=0
[12:48:18] [info] prev-frame-diff block @flip=3200: diff_calls=0 diff_rects_avg=0 diff_dirty_pct_x10=0 bbox_pct_x10=0 bbox_thresh_exceeded=0
[12:48:18] [info] backdrop cache: thrashing-detect engaged (streak=244, route=direct)
[12:48:18] [info] flip-probe: flip #3210 ok=true present=6ms inter_flip_ms=-2 drawcalls-since-flip=19 drawcalls-total=196625 fail-total=0 null-skips-total=0
[12:48:18] [info] run_tick_fixed #5100: heartbeat (loop alive)
[12:48:18] [info] flip-probe: flip #3220 ok=true present=-3ms inter_flip_ms=58 drawcalls-since-flip=60 drawcalls-total=197020 fail-total=0 null-skips-total=0
[12:48:18] [info] flip-probe: flip #3230 ok=true present=-3ms inter_flip_ms=58 drawcalls-since-flip=60 drawcalls-total=197620 fail-total=0 null-skips-total=0
[12:48:19] [info] flip-probe: flip #3240 ok=true present=5ms inter_flip_ms=-6 drawcalls-since-flip=60 drawcalls-total=198220 fail-total=0 null-skips-total=0
[12:48:19] [info] tas: end-of-replay auto-exit at tick 5140 (recording exhausted; set DOSKUTSU_TAS_REPLAY_HOLD=1 to disable + observe steady-state past recording end)
[12:48:19] [info] Script engine shutdown.
[12:48:19] [info] gus backend: on_song_stop (all voices stopped).
[12:48:19] [info] gus backend shutdown (all voices stopped; GF1 in reset).
[12:48:19] [info] Organya init...
[12:48:20] [info] Organya init done
[12:48:20] [info] Sound system shutdown
[12:48:20] [info] Renderer::Close()
[12:48:20] [info] tas: replay file closed
[12:48:20] [info] [fps-true] flips=3249 render_s=147 fps_mean=22.1 (clock-independent: flips / seconds since the FIRST flip; use THIS for the fps matrix, not inter_flip medians, which are invalid in any cell running the PIT/IRQ-0 music pump)
[RUNMANIFEST-BEGIN]
schema_version=1
environment=realhw
binary_sha12=f8d446b4b0e0
wave_tag=A22
scene=
env_block_sha=1fd7426c5ffd
started_utc=2026-11-19T05:51:32Z
duration_s=160
exit_code=0
fps_p50=NA
fps_p95=NA
audio_vital_status=NA
regime=NA
banner_required_hit=0
banner_required_total=0
banner_forbidden_hit=0
banner_optional_hit=0
critical_count=0
warn_count=0
[RUNMANIFEST-END]
[12:48:20] [info] [runmanifest-emit] schema=v1 env=realhw sha12=f8d446b4b0e0 dur=160s tag='A22' scene='' env_sha=1fd7426c5ffd (signals=0x4)
