Logger::init: wave-53 log level=INFO path='LOGS/A61.LOG'
[12:40:52] [info] config: loaded DOSKUTSU.CFG (4 keys)
[12:40:52] [info] tas: PRNG seed forced to 12345 via DOSKUTSU_TAS_PRNG_SEED
[12:40:52] [info] tas: auto-exit armed at tick 30000 via DOSKUTSU_TAS_AUTO_EXIT_TICK
[12:40:52] [info] tas: replay opened path='QA.TAS' header_seed=12345
[12:40:53] [info] data cache: DISABLED (default)
[12:40:53] [info] Joystick: skipped (default; set DOSKUTSU_USE_JOYSTICK=1 to enable -- skips SDL3-DOS gameport BIOS INT 15h polling, ~82 ms / flip on real HW)
[12:40:53] [info] Loading settings...
[12:40:53] [info] [input-bind] applied=0 invert_y=0 dos_axes=1
[12:40:53] [info] Renderer::initVideo: 8bpp mode requested via SDL_HINT_DOS_MAX_BPP=8 (wave 16); SDL3-DOS will pick the highest-bpp <= 8 mode at requested resolution
[12:40:53] [info] Renderer::initVideo: DOS resolution-label lock ENABLED (default)
[12:40:54] [info] Renderer::initVideo: using: software renderer
[12:40:55] [info] Renderer::initVideo: dirty-rect tracking ENABLED (wave 15, default ON; set SDL_HINT_DOSKUTSU_DIRTY_RECTS=0 to disable)
[12:40:55] [info] Renderer::initVideo: ablation flags: NO_DC_TIMING=0 CACHE_WINSURF=0 NO_INPUT_POLL=0 DIRECT_VESA=1
[12:40:55] [info] Renderer::initVideo: direct-VESA hot path ENABLED (default since wave 20 patch 0088; bypasses SDL_RenderPresent / SDL_UpdateWindowSurface and writes via SDL/0034's PresentFull helper; R2 mitigation handled by SDL/0034 generation counter -- no per-N-flip heartbeat needed; set SDL_HINT_DOSKUTSU_DIRECT_VESA=0 to revert)
[12:40:55] [info] Renderer::initVideo: flip-phase instrumentation DISABLED (default; set SDL_HINT_DOSKUTSU_FLIP_INSTR=1 to opt in for wave-20 Lever A diagnostic)
[12:40:55] [info] Renderer::initVideo: asm opaque-span blit lever DISABLED (default; set SDL_HINT_DOSKUTSU_ASM_BLIT=1 to opt in -- wave-51 _blit_indexed colorkey-blit lever)
[12:40:55] [info] Renderer::initVideo: blit-decomp instrumentation DISABLED (default; set SDL_HINT_DOSKUTSU_BLIT_DECOMP=1 to opt in -- wave-51 _blit_indexed sub-decomp sizing)
[12:40:55] [info] Renderer::initVideo: mds-scroll-decomp instrumentation DISABLED (default; set SDL_HINT_DOSKUTSU_MDS_DECOMP=1 to opt in -- wave-52 mode_draw_scene scrolling-block decomp)
[12:40:55] [info] Renderer::initVideo: DOSVESA pump yield: skipped (default) (per-flip explicit SDL_Delay(0) yield is always on; set SDL_HINT_DOSKUTSU_FORCE_PUMP_YIELD=1 to restore old per-pump yield)
[12:40:55] [info] Renderer::initVideo: indexed-mode (8bpp) ENABLED -- master palette + 107 per-asset remap LUTs loaded (wave 16, default ON; set SDL_HINT_DOSKUTSU_PIXEL_FORMAT_8=0 to disable)
[12:40:56] [info] Renderer::initVideo: master palette attached to window surface (format=SDL_PIXELFORMAT_INDEX8, ncolors=256)
[12:40:56] [info] Renderer::initVideo: indexed-mode smoke: idx0=(0,0,0) OK idx255=(255,0,255) OK
[12:40:56] [info] Renderer::initVideo: indexed-mode smoke: paletteRemapFor('MyChar.pbm') = present
[12:40:56] [info] Surface::loadImage palmap-diag #1: 'data/Loading.pbm' fmt=SDL_PIXELFORMAT_ABGR8888 remap=HIT -> path=truecolor
[12:40:56] [info] Renderer: prev-frame diff DISABLED (default since wave 17.6; set SDL_HINT_DOSKUTSU_PREVFRAME_DIFF=1 to opt in)
[12:40:56] [info] flip-probe: renderer=software window_ptr=8809496 colorspace=301991328 window_size=320x240 framebuffer_pixels=320x240 logical_present=320x240 mode=2
[12:40:56] [info] flip-probe: first flip ok=true present=42ms inter_flip_ms=0 drawcalls-since-flip=1 drawcalls-total=1
[12:40:56] [info] Sound system init
[12:40:56] [info] Sound system: 4-state audio enable (#31) -- music=on sfx=OFF (MUSIC_OFF/AUDIO_BACKEND=none -> music-off; SFX_OFF/SFX_DEVICE=none -> sfx-off; both gates are dispatch-level, the device still opens; AUDIO_OFF=1 is the device-level both-off).
[12:40:56] [info] Sound system: Tier-2 audio config (default since wave 21 patch 0093; 11025 Hz, 1 channel, buffer pinned to 256 frames). Measured savings on g2k Pentium OverDrive 83 MHz (W21A): heavy-music scenes ~+11 fps vs Tier-1 baseline (measured -10 to -15 ms/flip post-0094 audio fix; W21A's pre-fix -26.6 ms figure was inflated by stereo-vs-mono playback bug, see patch 0094). Audio quality is reduced vs Tier-1 (mono, 11025 Hz, simple-average L+R downmix) but recognizable; user accepted the trade per direction 2026-05-05. Set SDL_HINT_DOSKUTSU_AUDIO_TIER2=0 to revert to Tier-1 22050 stereo (full Cave Story 2004 audio quality; trades fps for fidelity).
[12:40:56] [info] Sound system: SDL_HINT_AUDIO_DEVICE_SAMPLE_FRAMES=256
[12:40:56] [info] Pixtone IRQ rate-divider: handed master_rate=11025 int16/s (SAMPLE_RATE=11025 x AUDIO_CHANNELS=1) to SDL for auto-RATEDIV (SDL/0074 computes shift_div from the resolved device freq).
[12:40:56] [info] Sound system: device frame-rate: requesting 11025 Hz match to master (SDL_DOSAudioSetDeviceFrameRate; SB16 opens at the engine frame rate instead of SDL's 44100 floor -- 4x less PCM/s + no resampler on the Organya/Pixtone path; killswitch SDL_HINT_DOSKUTSU_DOS_AUDIO_DEVICE_RATE_DEFAULT=0).
[12:40:56] [info] audio backend: opl3 (Phase 10 Stage 4 -- concrete OPL3 FM synthesis backend via SDL/0037+ OPL3 helpers; MidiScheduler routes music dispatch through 18 x 2-op voice allocator + small inline patch bank). SoundManager::init will probe OPL3 via Adlib timer-1 sequence + fall back to organya gracefully if the chip is absent. Pixtone SFX still active on SB16 DAC.
[12:40:56] [info] wave-13.6.1: ring_chunks=16 FORCE_PUMP_YIELD=off (set SDL_HINT_DOSKUTSU_AUDIO_RING_CHUNKS=4|8|16 to override; default 16 matches wave 13.6 behaviour)
[12:40:56] [info] MidiScheduler: MIDI source = 'orgmid2' (native-GM org2mid set; resolves to data/orgmid2/<name>.mid).
[12:40:57] [info] opl3 backend probing for OPL3 chip (Adlib timer-1 sequence)...
[12:40:57] [info] opl3 backend: opl3bank.dat loaded 128 programs from 'data/opl3bank.dat' (v1; 1536 bytes payload). Per-program GM patches now use the runtime bank; programs >= 128 fall back to 8-patch family bucket. Drum channel (MIDI ch 9) unchanged (uses PATCH_DRUM regardless of bank loading).
[12:40:57] [info] opl3 backend ready (OPL3 detected via Adlib timer-1; InitChip applied 18 x 2-op layout; voice allocator armed). Patch bank state: runtime opl3bank.dat ACTIVE (loaded_count=128; programs >= loaded_count fall back to 8-patch placeholder covering GM family categories piano/mallet/organ/guitar/strings/brass/reed/pad). Phase 10.5 path: ship a fuller community bank as data/opl3bank.dat (DOPL3v1 format; 12-byte SBI records per GM program; loader at MidiBackendOpl3 ctor).
[12:40:57] [info] opl3 backend: PATCH_ORGAN + PATCH_MALLET RR=8 (medium release; wub-wub fix per patch 0171; was RR=0 in slot 0103 placeholder -- KEY-OFF couldn't silence; H6 reg 0xBD wave-47 falsified; H1+H5/RR=0 byte-level bug root per WAVE-46/47 analysis)
[12:40:57] [info] Sound system: MidiScheduler armed with MidiBackendOpl3 (patch 0103 Phase 10 Stage 4). Music dispatch routes via SMF parser + 18 x 2-op OPL3 voice allocator + small inline patch bank (community-sourced from Apogee Sound System / AdLib SBI public-domain refs). Pixtone SFX still active on SB16 DAC.
[12:40:57] [info] Sound system: idle-pause skipped (default OFF since patch 0119; backend=opl3 would qualify but operator did not opt-in via SDL_HINT_DOSKUTSU_IDLE_PAUSE=1). DSP stays in continuous-stream mode. Re-enable for an A/B iter once SDL/0037 ForcePause non-engagement is rooted out (task #17).
[12:40:57] [warn] Music dir Ogg/ doesn't exist
[12:40:57] [warn] Music dir Ogg11/ doesn't exist
[12:40:57] [warn] Music dir Ogg17/ doesn't exist
[12:40:57] [warn] Music dir Ogg_ridic/ doesn't exist
[12:40:57] [info] Loading Sound FX...
[12:40:57] [info] [pxt-cache] init(): HIT (loaded cache; render skipped)
[12:41:02] [info] Organya init...
[12:41:03] [info] Organya init done
[12:41:09] [info] gus SFX gain [nx0259]: 70% (SDL_HINT_DOSKUTSU_GUS_SFX_GAIN; scales the GF1 SFX voice volume to balance against velocity/CC-scaled GUS music; default 70, clamp 0..150).
[12:41:09] [info] pixtone IRQ-mix: ENABLED (default; SDL backend engaged; set SDL_HINT_DOSKUTSU_PIXTONE_IRQ_MIX=0 to disable)
[12:41:09] [info] Pixtone::setVolume: L3 active -- mid-play SFX volume updates are no-op in v1 (v2 candidate: SDL_DOSPixtoneSetGain API). gain_x256=256 stored for subsequent SDL_DOSPixtoneStart calls; currently-playing L3 channels unaffected.
[12:41:09] [info] midi ISR tick: engine registered tick_isr callback (L2b active; default ON; set SDL_HINT_DOSKUTSU_MIDI_ISR_TICK=0 to disable)
[12:41:09] [info] menu slide-in fixed-timestep: ENABLED (default; slide advances at 50 Hz logic rate)
[12:41:10] [info] Reading npc.tbl...
[12:41:10] [info] Loading tilekey.dat.
[12:41:10] [info] Script engine init.
[12:41:10] [info] Entering main loop...
[12:41:10] [info] audio mid-gap pump: DISABLED (default)
[12:41:10] [info] TAS fixed-timestep guard: ENABLED (default) (patch 0280; load_stage wall-clock kept out of the FT accumulator so TAS replay advances at a true 50 Hz; set SDL_HINT_DOSKUTSU_TAS_FT_GUARD=0 to disable)
[12:41:10] [info] load_stage ring+DMA silence flush: ENABLED (default) (set SDL_HINT_DOSKUTSU_LOADSTAGE_SILENCE=0 to disable)
[12:41:10] [info] load-band audio-underrun probe: DISABLED (default) (opt-in SDL_HINT_DOSKUTSU_LOADBAND_STAT=1)
[12:41:10] [info]  >> Entering stage 72: 'u'.
[12:41:10] [info] skip sheet flush: ENABLED (default) (SFXPAUSE-012 SHIPPED FIX; sprite sheets stay resident across caves so no per-cave re-decode -> no fire-frame pause; map_flush_graphics tilemap cache still flushes; set SDL_HINT_DOSKUTSU_SKIP_SHEET_FLUSH=0 to restore the old per-cave flush)
[12:41:10] [info] [skip-sheet-flush] cave=1
[12:41:10] [info] eager action sheets: ENABLED (default) (first-fire hitch fix: pre-loads the weapon bullet + hit/muzzle/trail caret sheets at stage load so the first fire/impact does not lazy-decode mid-gameplay; set SDL_HINT_DOSKUTSU_EAGER_ACTION_SHEETS=0 to restore lazy load)
[12:41:10] [info] Surface::loadImage palmap-diag #2: 'data/Bullet.pbm' fmt=SDL_PIXELFORMAT_ABGR8888 remap=HIT -> path=truecolor
[12:41:10] [info] Surface::loadImage palmap-diag #3: 'data/Arms.pbm' fmt=SDL_PIXELFORMAT_ABGR8888 remap=HIT -> path=truecolor
[12:41:11] [info] Surface::loadImage palmap-diag #4: 'data/Caret.pbm' fmt=SDL_PIXELFORMAT_ABGR8888 remap=HIT -> path=truecolor
[12:41:11] [info] Surface::loadImage palmap-diag #5: 'data/Npc/NpcSym.pbm' fmt=SDL_PIXELFORMAT_ABGR8888 remap=HIT -> path=truecolor
[12:41:11] [info] [eager-action-sheets] cave=1 sheets=4 wall_ms=1003
[12:41:11] [info] Surface::loadImage palmap-diag #6: 'data/Stage/PrtWhite.pbm' fmt=SDL_PIXELFORMAT_ABGR8888 remap=HIT -> path=truecolor
[12:41:11] [info] load_stage: entry-music preload ENABLED (default) (set SDL_HINT_DOSKUTSU_PRELOAD_STAGE_MUSIC=0 to disable)
[12:41:12] [info] Surface::loadImage palmap-diag #7: 'data/bk0.pbm' fmt=SDL_PIXELFORMAT_ABGR8888 remap=HIT -> path=truecolor
[12:41:12] [info] gameloop: entered (curmap=72, running=1)
[12:41:12] [info] gameloop: iter 1 ticks=19163 mapno=-1
[12:41:12] [info] fixed-timestep: ENABLED (default; logic 50 Hz, decoupled from render)
[12:41:12] [info] map: BG skip-when-unchanged DISABLED (default) (set SDL_HINT_DOSKUTSU_BG_SKIP_WHEN_UNCHANGED=1 to enable; default OFF since wave-61 -- abandoned, it shipped a backdrop-black flicker and its +0.87 fps was below the noise floor)
[12:41:12] [info] map: skip-redundant-clear lever ENABLED (default since wave-53 promotion)
[12:41:12] [info] perf-mode: level=0 (faithful (default))
[12:41:12] [info] Surface::loadImage palmap-diag #8: 'data/Npc/NpcKings.pbm' fmt=SDL_PIXELFORMAT_ABGR8888 remap=HIT -> path=truecolor
[12:41:12] [info] audio tick-boundary pump: DISABLED (default)
[12:41:12] [info] gameloop: iter 2 ticks=19466 mapno=-1
[12:41:12] [info] gameloop: iter 3 ticks=19509 mapno=-1
[12:41:12] [info] direct-vesa: snapshot @gen=2 use_dosmemput=0 banked_multibank=0 pitches_match=1 vram_w=320 vram_h=240 vram_pitch=320 bpp=1 fb_size=76800 vram_phys=0x78000000 vram_ptr=0x77c00000
[12:41:12] [info] flip-probe: flip #10 ok=true present=3ms inter_flip_ms=22 drawcalls-since-flip=6 drawcalls-total=43 fail-total=0 null-skips-total=0
[12:41:13] [info] flip-probe: flip #20 ok=true present=3ms inter_flip_ms=21 drawcalls-since-flip=4 drawcalls-total=92 fail-total=0 null-skips-total=0
[12:41:13] [info] flip-probe: flip #30 ok=true present=3ms inter_flip_ms=41 drawcalls-since-flip=326 drawcalls-total=2707 fail-total=0 null-skips-total=0
[12:41:13] [info] flip-probe: flip #40 ok=true present=3ms inter_flip_ms=35 drawcalls-since-flip=264 drawcalls-total=5837 fail-total=0 null-skips-total=0
[12:41:14] [info] flip-probe: flip #50 ok=true present=3ms inter_flip_ms=24 drawcalls-since-flip=67 drawcalls-total=7392 fail-total=0 null-skips-total=0
[12:41:14] [info] flip-probe: flip #60 ok=true present=3ms inter_flip_ms=20 drawcalls-since-flip=4 drawcalls-total=7502 fail-total=0 null-skips-total=0
[12:41:14] [info] flip-probe: flip #70 ok=true present=3ms inter_flip_ms=20 drawcalls-since-flip=6 drawcalls-total=7557 fail-total=0 null-skips-total=0
[12:41:14] [info] gameloop: iter 600 ticks=21839 mapno=-1
[12:41:14] [info] flip-probe: flip #80 ok=true present=3ms inter_flip_ms=25 drawcalls-since-flip=0 drawcalls-total=7586 fail-total=0 null-skips-total=0
[12:41:14] [info] flip-probe: flip #90 ok=true present=3ms inter_flip_ms=20 drawcalls-since-flip=0 drawcalls-total=7586 fail-total=0 null-skips-total=0
[12:41:15] [info] title: eager-title-IO phase tag ENABLED (default) (set SDL_HINT_DOSKUTSU_EAGER_TITLE_IO=0 to disable)
[12:41:15] [warn] MidiScheduler::_refresh_isr_buffer: track has 27749 events; ISR buffer is 16384 (truncated; events after 16384 will not dispatch under L2b ON -- the engine-thread tick() path still uses _events directly under L2b OFF)
[12:41:15] [info] MidiScheduler::load: parsed 'data/orgmid2/curly.mid' = 27749 events at 48 PPQ
[12:41:15] [info] opl3 backend: on_song_start
[12:41:16] [info] gameloop: entered (curmap=1005, running=1)
[12:41:16] [info] gameloop: iter 1 ticks=23117 mapno=-1
[12:41:16] [info] map: backdrop cache ENABLED (default) (set SDL_HINT_DOSKUTSU_BACKDROP_CACHE=0 to disable)
[12:41:16] [info] gameloop: iter 2 ticks=23649 mapno=-1
[12:41:16] [info] gameloop: iter 3 ticks=23683 mapno=-1
[12:41:16] [info] backdrop cache: thrashing-detect engaged (streak=4, route=direct)
[12:41:16] [info] flip-probe: flip #100 ok=true present=2ms inter_flip_ms=27 drawcalls-since-flip=75 drawcalls-total=7886 fail-total=0 null-skips-total=0
[12:41:16] [info] alpha audit block 0: 7798 total drawcalls, 0 with alpha<255 (block pct_x10=0; global 0/7798 pct_x10=0); alpha-mod skipped: block=0 global=0
[12:41:16] [info] fastpath audit block 0: taken=7798 (idx8=7798) skipped=0 pct_x10=1000; global taken=7798 (idx8=7798) skipped=0 pct_x10=1000
[12:41:16] [info] primitive tally block 0: clear=220(hr=220) fill=0(hr=0) rect=0(hr=0) line=0(hr=0) tint=0 spotlight=0 (over 100 flips ending at flip 100)
[12:41:16] [info] color/alpha audit block 0: cmod_white=104 cmod_black=0 (idx=0) cmod_general=84 (idx=84) cmod_fb=0; alpha_taken=0 alpha_skipped=0 (global cmod=104/0/84/0 idx=0/84 alpha=0/0)
[12:41:16] [info] phase timing block 0: drawcalls=8209 dc_total_ms=938 flip_inner_total_ms=719 inter_flip_total_ms=20144 (per-flip avg x10: dc_ms=93 fi_ms=71 if_ms=2014 derived audio+engine_ms=1850; per-drawcall avg us_x10=1143) [direct-vesa: presents=97 total_ms=478 avg_ms_x10=49 failed=0] [ablation: NO_DC_TIMING=0 CACHE_WINSURF=0 DIRECT_VESA=1]
[12:41:16] [info] kbd/audio block 0: kbd_irq=0 kbd_drain=0 ring_chunks=16 pump_pass=99 pic1_mask=0xb8 first_irq_ticks=0 install_ticks=0 vector_at_install=0x0083a0c0 pic1_mask_live=0x38 kbd_8042_stat=0x34 bios_kbd_head=0x0022 bios_kbd_tail=0x0022 bios_kbd_buf0=0x1c0d
[12:41:16] [info] audio/engine split block 0: audio_mixer_calls=0 audio_mixer_ms_x10=0 engine_tick_calls=99 engine_tick_ms_x10=359 audio_service_calls=0 audio_service_ms_x10=0 (per-flip avg; per-call us_x10: audio_mix=0 engine_tick=362750 audio_service=0; global ns: audio_mix=0 engine_tick=3591228483 audio_service=0)
[12:41:16] [info] pixtone multi-source probe: DISABLED (default)
[12:41:16] [info] dirty-rect block @flip=100: total_calls=0 dirty_rects_avg=0 dirty_pct_x10=990 forced_full=0 first_n_force=3 threshold_exceeded=2 dirty_path_taken=0 full_flush_taken=3
[12:41:16] [info] prev-frame-diff block @flip=100: diff_calls=0 diff_rects_avg=0 diff_dirty_pct_x10=0 bbox_pct_x10=0 bbox_thresh_exceeded=0
[12:41:16] [info] flip-probe: flip #110 ok=true present=3ms inter_flip_ms=22 drawcalls-since-flip=75 drawcalls-total=8636 fail-total=0 null-skips-total=0
[12:41:17] [info] flip-probe: flip #120 ok=true present=3ms inter_flip_ms=22 drawcalls-since-flip=75 drawcalls-total=9386 fail-total=0 null-skips-total=0
[12:41:17] [info] flip-probe: flip #130 ok=true present=3ms inter_flip_ms=20 drawcalls-since-flip=0 drawcalls-total=9986 fail-total=0 null-skips-total=0
[12:41:17] [info] Loading profile from profile.dat
[12:41:17] [error] profile_load: unable to open 'profile.dat'
[12:41:17] [info] Loading profile from profile2.dat
[12:41:17] [error] profile_load: unable to open 'profile2.dat'
[12:41:17] [info] Loading profile from profile3.dat
[12:41:17] [info] Loading profile from profile4.dat
[12:41:17] [error] profile_load: unable to open 'profile4.dat'
[12:41:17] [info] Loading profile from profile5.dat
[12:41:17] [info] flip-probe: flip #140 ok=true present=3ms inter_flip_ms=31 drawcalls-since-flip=214 drawcalls-total=10842 fail-total=0 null-skips-total=0
[12:41:18] [info] flip-probe: flip #150 ok=true present=3ms inter_flip_ms=31 drawcalls-since-flip=214 drawcalls-total=12982 fail-total=0 null-skips-total=0
[12:41:18] [info] Writing settings...
[12:41:18] [info] flip-probe: flip #160 ok=true present=3ms inter_flip_ms=20 drawcalls-since-flip=0 drawcalls-total=13846 fail-total=0 null-skips-total=0
[12:41:18] [info] gameloop: iter 600 ticks=25539 mapno=-1
[12:41:18] [info] flip-probe: flip #170 ok=true present=3ms inter_flip_ms=20 drawcalls-since-flip=0 drawcalls-total=13846 fail-total=0 null-skips-total=0
[12:41:18] [info] opl3 backend: on_song_stop
[12:41:18] [info] Loading profile from profile5.dat
[12:41:18] [info]  >> Entering stage 20: 'Save Point'.
[12:41:18] [info] [skip-sheet-flush] cave=2
[12:41:19] [info] MidiScheduler::load: parsed 'data/orgmid2/mura.mid' = 7123 events at 48 PPQ
[12:41:19] [info] opl3 backend: on_song_start
[12:41:19] [info] gameloop: entered (curmap=20, running=1)
[12:41:19] [info] gameloop: iter 1 ticks=26537 mapno=-1
[12:41:19] [info] TAS stall discount: ENABLED (default) (patch 0286; a replay frame over 150 ms is a load, not slow rendering, so it contributes 1 tick instead of its wall-clock; set SDL_HINT_DOSKUTSU_TAS_STALL_DISCOUNT=0 to disable)
[12:41:19] [info] TAS accumulator clamp: DISABLED (default) (patch 0281; caps the FT accumulator delta at one tick during TAS so a stalled frame cannot race the replay index; set SDL_HINT_DOSKUTSU_TAS_FT_GUARD=0 to disable)
[12:41:19] [info] gameloop: iter 2 ticks=26574 mapno=-1
[12:41:19] [info] gameloop: iter 3 ticks=26600 mapno=-1
[12:41:19] [info] flip-probe: flip #180 ok=true present=3ms inter_flip_ms=21 drawcalls-since-flip=17 drawcalls-total=13971 fail-total=0 null-skips-total=0
[12:41:19] [info] tas: stall frame 240 ms -> contributing 1 tick (patch 0286)
[12:41:19] [info] flip-probe: flip #190 ok=true present=3ms inter_flip_ms=20 drawcalls-since-flip=17 drawcalls-total=14141 fail-total=0 null-skips-total=0
[12:41:20] [info] flip-probe: flip #200 ok=true present=2ms inter_flip_ms=21 drawcalls-since-flip=17 drawcalls-total=14311 fail-total=0 null-skips-total=0
[12:41:20] [info] alpha audit block 0: 5788 total drawcalls, 0 with alpha<255 (block pct_x10=0; global 0/13586 pct_x10=0); alpha-mod skipped: block=0 global=0
[12:41:20] [info] fastpath audit block 0: taken=5788 (idx8=5788) skipped=0 pct_x10=1000; global taken=13586 (idx8=13586) skipped=0 pct_x10=1000
[12:41:20] [info] primitive tally block 0: clear=201(hr=201) fill=0(hr=0) rect=0(hr=0) line=0(hr=0) tint=0 spotlight=0 (over 100 flips ending at flip 200)
[12:41:20] [info] color/alpha audit block 0: cmod_white=1438 cmod_black=0 (idx=0) cmod_general=609 (idx=609) cmod_fb=0; alpha_taken=0 alpha_skipped=0 (global cmod=1542/0/693/0 idx=0/693 alpha=0/0)
[12:41:20] [info] phase timing block 0: drawcalls=8036 dc_total_ms=902 flip_inner_total_ms=639 inter_flip_total_ms=3548 (per-flip avg x10: dc_ms=90 fi_ms=63 if_ms=354 derived audio+engine_ms=201; per-drawcall avg us_x10=1123) [direct-vesa: presents=100 total_ms=266 avg_ms_x10=26 failed=0] [ablation: NO_DC_TIMING=0 CACHE_WINSURF=0 DIRECT_VESA=1]
[12:41:20] [info] kbd/audio block 0: kbd_irq=0 kbd_drain=0 ring_chunks=16 pump_pass=200 pic1_mask=0xb8 first_irq_ticks=0 install_ticks=0 vector_at_install=0x0083a0c0 pic1_mask_live=0x38 kbd_8042_stat=0x34 bios_kbd_head=0x0022 bios_kbd_tail=0x0022 bios_kbd_buf0=0x1c0d
[12:41:20] [info] audio/engine split block 0: audio_mixer_calls=0 audio_mixer_ms_x10=0 engine_tick_calls=76 engine_tick_ms_x10=132 audio_service_calls=0 audio_service_ms_x10=0 (per-flip avg; per-call us_x10: audio_mix=0 engine_tick=174141 audio_service=0; global ns: audio_mix=0 engine_tick=4914704402 audio_service=0)
[12:41:20] [info] dirty-rect block @flip=200: total_calls=0 dirty_rects_avg=1 dirty_pct_x10=1000 forced_full=0 first_n_force=0 threshold_exceeded=0 dirty_path_taken=0 full_flush_taken=0
[12:41:20] [info] prev-frame-diff block @flip=200: diff_calls=0 diff_rects_avg=0 diff_dirty_pct_x10=0 bbox_pct_x10=0 bbox_thresh_exceeded=0
[12:41:20] [info] flip-probe: flip #210 ok=true present=2ms inter_flip_ms=21 drawcalls-since-flip=17 drawcalls-total=14481 fail-total=0 null-skips-total=0
[12:41:20] [info] flip-probe: flip #220 ok=true present=3ms inter_flip_ms=20 drawcalls-since-flip=17 drawcalls-total=14651 fail-total=0 null-skips-total=0
[12:41:20] [info] flip-probe: flip #230 ok=true present=2ms inter_flip_ms=22 drawcalls-since-flip=17 drawcalls-total=14821 fail-total=0 null-skips-total=0
[12:41:21] [info] flip-probe: flip #240 ok=true present=3ms inter_flip_ms=21 drawcalls-since-flip=17 drawcalls-total=14991 fail-total=0 null-skips-total=0
[12:41:21] [info] flip-probe: flip #250 ok=true present=3ms inter_flip_ms=21 drawcalls-since-flip=17 drawcalls-total=15161 fail-total=0 null-skips-total=0
[12:41:21] [info] flip-probe: flip #260 ok=true present=2ms inter_flip_ms=23 drawcalls-since-flip=66 drawcalls-total=15409 fail-total=0 null-skips-total=0
[12:41:21] [info] flip-probe: flip #270 ok=true present=3ms inter_flip_ms=43 drawcalls-since-flip=358 drawcalls-total=18117 fail-total=0 null-skips-total=0
[12:41:22] [info]  >> Entering stage 11: 'Mimiga Village'.
[12:41:22] [info] [skip-sheet-flush] cave=3
[12:41:22] [info] [load-stage] preloading entry music song=9 (cave=3)
[12:41:22] [info] gameloop: entered (curmap=11, running=1)
[12:41:22] [info] gameloop: iter 1 ticks=29628 mapno=-1
[12:41:22] [info] map: mds_clear LUT ENABLED (default) (set SDL_HINT_DOSKUTSU_MDS_CLEAR_LUT=0 to disable; default ON; patch 0144 wave-49 bandwidth lever)
[12:41:22] [info] mds-clear-lut: rebuilt N=240 entries (k_skip=0% k_keep=100%; curmap=11 map_size=60x60; rebuild #1 since boot)
[12:41:22] [info] backdrop thrash full-cover ENABLED (default) (set SDL_HINT_DOSKUTSU_THRASH_FULLCOVER=0 to disable)
[12:41:22] [info] [bd-diag] backdrop render-path diag disabled (default) (set SDL_HINT_DOSKUTSU_BACKDROP_DIAG=1 to enable)
[12:41:22] [info] gameloop: iter 2 ticks=29845 mapno=-1
[12:41:22] [info] tas: stall frame 218 ms -> contributing 1 tick (patch 0286)
[12:41:22] [info] gameloop: iter 3 ticks=29916 mapno=-1
[12:41:22] [info] flip-probe: flip #280 ok=true present=3ms inter_flip_ms=56 drawcalls-since-flip=384 drawcalls-total=21098 fail-total=0 null-skips-total=0
[12:41:23] [info] backdrop cache: thrashing-detect engaged (streak=4, route=direct)
[12:41:23] [info] flip-probe: flip #290 ok=true present=3ms inter_flip_ms=33 drawcalls-since-flip=36 drawcalls-total=23258 fail-total=0 null-skips-total=0
[12:41:23] [info] flip-probe: flip #300 ok=true present=3ms inter_flip_ms=31 drawcalls-since-flip=43 drawcalls-total=23666 fail-total=0 null-skips-total=0
[12:41:23] [info] alpha audit block 0: 9019 total drawcalls, 0 with alpha<255 (block pct_x10=0; global 0/22605 pct_x10=0); alpha-mod skipped: block=0 global=0
[12:41:23] [info] fastpath audit block 0: taken=9019 (idx8=9019) skipped=0 pct_x10=1000; global taken=22605 (idx8=22605) skipped=0 pct_x10=1000
[12:41:23] [info] primitive tally block 0: clear=202(hr=202) fill=0(hr=0) rect=0(hr=0) line=0(hr=0) tint=0 spotlight=0 (over 100 flips ending at flip 300)
[12:41:23] [info] color/alpha audit block 0: cmod_white=312 cmod_black=312 (idx=312) cmod_general=0 (idx=0) cmod_fb=0; alpha_taken=0 alpha_skipped=0 (global cmod=1854/312/693/0 idx=312/693 alpha=0/0)
[12:41:23] [info] phase timing block 0: drawcalls=9852 dc_total_ms=873 flip_inner_total_ms=413 inter_flip_total_ms=3533 (per-flip avg x10: dc_ms=87 fi_ms=41 if_ms=353 derived audio+engine_ms=225; per-drawcall avg us_x10=887) [direct-vesa: presents=100 total_ms=268 avg_ms_x10=26 failed=0] [ablation: NO_DC_TIMING=0 CACHE_WINSURF=0 DIRECT_VESA=1]
[12:41:23] [info] kbd/audio block 0: kbd_irq=0 kbd_drain=0 ring_chunks=16 pump_pass=344 pic1_mask=0xb8 first_irq_ticks=0 install_ticks=0 vector_at_install=0x0083a0c0 pic1_mask_live=0x38 kbd_8042_stat=0x34 bios_kbd_head=0x0022 bios_kbd_tail=0x0022 bios_kbd_buf0=0x1c0d
[12:41:23] [info] [tile-speedup-stat n=100 drawtile_us=63.02 raw_blit_us=39.52 ratio=1.59]
[12:41:23] [info] dirty-rect block @flip=300: total_calls=100 dirty_rects_avg=1 dirty_pct_x10=1000 forced_full=0 first_n_force=0 threshold_exceeded=0 dirty_path_taken=0 full_flush_taken=0
[12:41:23] [info] prev-frame-diff block @flip=300: diff_calls=0 diff_rects_avg=0 diff_dirty_pct_x10=0 bbox_pct_x10=0 bbox_thresh_exceeded=0
[12:41:24] [info] flip-probe: flip #310 ok=true present=2ms inter_flip_ms=41 drawcalls-since-flip=46 drawcalls-total=24213 fail-total=0 null-skips-total=0
[12:41:24] [info] backdrop cache: thrashing-detect engaged (streak=4, route=direct)
[12:41:24] [info] flip-probe: flip #320 ok=true present=3ms inter_flip_ms=31 drawcalls-since-flip=45 drawcalls-total=24673 fail-total=0 null-skips-total=0
[12:41:24] [info] flip-probe: flip #330 ok=true present=3ms inter_flip_ms=34 drawcalls-since-flip=43 drawcalls-total=25107 fail-total=0 null-skips-total=0
[12:41:25] [info] flip-probe: flip #340 ok=true present=2ms inter_flip_ms=32 drawcalls-since-flip=43 drawcalls-total=25537 fail-total=0 null-skips-total=0
[12:41:25] [info] flip-probe: flip #350 ok=true present=3ms inter_flip_ms=34 drawcalls-since-flip=43 drawcalls-total=25967 fail-total=0 null-skips-total=0
[12:41:25] [info] flip-probe: flip #360 ok=true present=2ms inter_flip_ms=34 drawcalls-since-flip=43 drawcalls-total=26397 fail-total=0 null-skips-total=0
[12:41:26] [info] flip-probe: flip #370 ok=true present=3ms inter_flip_ms=33 drawcalls-since-flip=43 drawcalls-total=26827 fail-total=0 null-skips-total=0
[12:41:26] [info] backdrop cache: thrashing-detect engaged (streak=64, route=direct)
[12:41:26] [info] flip-probe: flip #380 ok=true present=2ms inter_flip_ms=31 drawcalls-since-flip=43 drawcalls-total=27257 fail-total=0 null-skips-total=0
[12:41:26] [info] flip-probe: flip #390 ok=true present=3ms inter_flip_ms=31 drawcalls-since-flip=43 drawcalls-total=27687 fail-total=0 null-skips-total=0
[12:41:27] [info] flip-probe: flip #400 ok=true present=3ms inter_flip_ms=30 drawcalls-since-flip=17 drawcalls-total=28013 fail-total=0 null-skips-total=0
[12:41:27] [info] alpha audit block 0: 2999 total drawcalls, 0 with alpha<255 (block pct_x10=0; global 0/25604 pct_x10=0); alpha-mod skipped: block=0 global=0
[12:41:27] [info] fastpath audit block 0: taken=2999 (idx8=2999) skipped=0 pct_x10=1000; global taken=25604 (idx8=25604) skipped=0 pct_x10=1000
[12:41:27] [info] primitive tally block 0: clear=200(hr=200) fill=0(hr=0) rect=0(hr=0) line=0(hr=0) tint=0 spotlight=0 (over 100 flips ending at flip 400)
[12:41:27] [info] color/alpha audit block 0: cmod_white=1248 cmod_black=1248 (idx=1248) cmod_general=0 (idx=0) cmod_fb=0; alpha_taken=0 alpha_skipped=0 (global cmod=3102/1560/693/0 idx=1560/693 alpha=0/0)
[12:41:27] [info] phase timing block 0: drawcalls=5699 dc_total_ms=636 flip_inner_total_ms=416 inter_flip_total_ms=3353 (per-flip avg x10: dc_ms=63 fi_ms=41 if_ms=335 derived audio+engine_ms=231; per-drawcall avg us_x10=1116) [direct-vesa: presents=100 total_ms=268 avg_ms_x10=26 failed=0] [ablation: NO_DC_TIMING=0 CACHE_WINSURF=0 DIRECT_VESA=1]
[12:41:27] [info] kbd/audio block 0: kbd_irq=0 kbd_drain=0 ring_chunks=16 pump_pass=512 pic1_mask=0xb8 first_irq_ticks=0 install_ticks=0 vector_at_install=0x0083a0c0 pic1_mask_live=0x38 kbd_8042_stat=0x34 bios_kbd_head=0x0022 bios_kbd_tail=0x0022 bios_kbd_buf0=0x1c0d
[12:41:27] [info] dirty-rect block @flip=400: total_calls=0 dirty_rects_avg=1 dirty_pct_x10=1000 forced_full=0 first_n_force=0 threshold_exceeded=0 dirty_path_taken=0 full_flush_taken=0
[12:41:27] [info] prev-frame-diff block @flip=400: diff_calls=0 diff_rects_avg=0 diff_dirty_pct_x10=0 bbox_pct_x10=0 bbox_thresh_exceeded=0
[12:41:27] [info] flip-probe: flip #410 ok=true present=2ms inter_flip_ms=27 drawcalls-since-flip=17 drawcalls-total=28183 fail-total=0 null-skips-total=0
[12:41:27] [info] flip-probe: flip #420 ok=true present=3ms inter_flip_ms=27 drawcalls-since-flip=17 drawcalls-total=28353 fail-total=0 null-skips-total=0
[12:41:28] [info] flip-probe: flip #430 ok=true present=3ms inter_flip_ms=27 drawcalls-since-flip=20 drawcalls-total=28545 fail-total=0 null-skips-total=0
[12:41:28] [info] backdrop cache: thrashing-detect engaged (streak=124, route=direct)
[12:41:28] [info] flip-probe: flip #440 ok=true present=2ms inter_flip_ms=29 drawcalls-since-flip=17 drawcalls-total=28730 fail-total=0 null-skips-total=0
[12:41:28] [info] flip-probe: flip #450 ok=true present=3ms inter_flip_ms=29 drawcalls-since-flip=17 drawcalls-total=28900 fail-total=0 null-skips-total=0
[12:41:28] [info] run_tick_fixed #600: heartbeat (loop alive)
[12:41:28] [info] flip-probe: flip #460 ok=true present=3ms inter_flip_ms=27 drawcalls-since-flip=18 drawcalls-total=29075 fail-total=0 null-skips-total=0
[12:41:29] [info] flip-probe: flip #470 ok=true present=2ms inter_flip_ms=33 drawcalls-since-flip=16 drawcalls-total=29253 fail-total=0 null-skips-total=0
[12:41:29] [info] flip-probe: flip #480 ok=true present=2ms inter_flip_ms=31 drawcalls-since-flip=15 drawcalls-total=29407 fail-total=0 null-skips-total=0
[12:41:29] [info] flip-probe: flip #490 ok=true present=3ms inter_flip_ms=31 drawcalls-since-flip=17 drawcalls-total=29567 fail-total=0 null-skips-total=0
[12:41:29] [info] backdrop cache: thrashing-detect engaged (streak=184, route=direct)
[12:41:30] [info] flip-probe: flip #500 ok=true present=2ms inter_flip_ms=33 drawcalls-since-flip=18 drawcalls-total=29749 fail-total=0 null-skips-total=0
[12:41:30] [info] alpha audit block 0: 1636 total drawcalls, 0 with alpha<255 (block pct_x10=0; global 0/27240 pct_x10=0); alpha-mod skipped: block=0 global=0
[12:41:30] [info] fastpath audit block 0: taken=1636 (idx8=1636) skipped=0 pct_x10=1000; global taken=27240 (idx8=27240) skipped=0 pct_x10=1000
[12:41:30] [info] primitive tally block 0: clear=200(hr=200) fill=0(hr=0) rect=0(hr=0) line=0(hr=0) tint=0 spotlight=0 (over 100 flips ending at flip 500)
[12:41:30] [info] phase timing block 0: drawcalls=1836 dc_total_ms=482 flip_inner_total_ms=611 inter_flip_total_ms=3101 (per-flip avg x10: dc_ms=48 fi_ms=61 if_ms=310 derived audio+engine_ms=201; per-drawcall avg us_x10=2628) [direct-vesa: presents=100 total_ms=266 avg_ms_x10=26 failed=0] [ablation: NO_DC_TIMING=0 CACHE_WINSURF=0 DIRECT_VESA=1]
[12:41:30] [info] kbd/audio block 0: kbd_irq=0 kbd_drain=0 ring_chunks=16 pump_pass=667 pic1_mask=0xb8 first_irq_ticks=0 install_ticks=0 vector_at_install=0x0083a0c0 pic1_mask_live=0x38 kbd_8042_stat=0x34 bios_kbd_head=0x0022 bios_kbd_tail=0x0022 bios_kbd_buf0=0x1c0d
[12:41:30] [info] dirty-rect block @flip=500: total_calls=0 dirty_rects_avg=1 dirty_pct_x10=1000 forced_full=0 first_n_force=0 threshold_exceeded=0 dirty_path_taken=0 full_flush_taken=0
[12:41:30] [info] prev-frame-diff block @flip=500: diff_calls=0 diff_rects_avg=0 diff_dirty_pct_x10=0 bbox_pct_x10=0 bbox_thresh_exceeded=0
[12:41:30] [info] tas: stall frame 294 ms -> contributing 1 tick (patch 0286)
[12:41:30] [info] flip-probe: flip #510 ok=true present=3ms inter_flip_ms=32 drawcalls-since-flip=15 drawcalls-total=29915 fail-total=0 null-skips-total=0
[12:41:31] [info] flip-probe: flip #520 ok=true present=3ms inter_flip_ms=31 drawcalls-since-flip=15 drawcalls-total=30065 fail-total=0 null-skips-total=0
[12:41:31] [info] flip-probe: flip #530 ok=true present=3ms inter_flip_ms=33 drawcalls-since-flip=15 drawcalls-total=30215 fail-total=0 null-skips-total=0
[12:41:31] [info] flip-probe: flip #540 ok=true present=3ms inter_flip_ms=50 drawcalls-since-flip=304 drawcalls-total=31728 fail-total=0 null-skips-total=0
[12:41:32] [info]  >> Entering stage 17: 'Yamashita Farm'.
[12:41:32] [info] [skip-sheet-flush] cave=4
[12:41:32] [info] [load-stage] preloading entry music song=13 (cave=4)
[12:41:32] [info] opl3 backend: on_song_stop
[12:41:32] [info] MidiScheduler::load: parsed 'data/orgmid2/plant.mid' = 6246 events at 48 PPQ
[12:41:32] [info] opl3 backend: on_song_start
[12:41:32] [info] gameloop: entered (curmap=17, running=1)
[12:41:32] [info] gameloop: iter 1 ticks=39787 mapno=-1
[12:41:32] [info] mds-clear-lut: rebuilt N=240 entries (k_skip=33% k_keep=67%; curmap=17 map_size=40x16; rebuild #2 since boot)
[12:41:32] [info] gameloop: iter 2 ticks=39952 mapno=-1
[12:41:32] [info] tas: stall frame 166 ms -> contributing 1 tick (patch 0286)
[12:41:32] [info] gameloop: iter 3 ticks=40016 mapno=-1
[12:41:33] [info] flip-probe: flip #550 ok=true present=2ms inter_flip_ms=64 drawcalls-since-flip=404 drawcalls-total=34849 fail-total=0 null-skips-total=0
[12:41:33] [info] flip-probe: flip #560 ok=true present=3ms inter_flip_ms=44 drawcalls-since-flip=178 drawcalls-total=38073 fail-total=0 null-skips-total=0
[12:41:33] [info] flip-probe: flip #570 ok=true present=2ms inter_flip_ms=39 drawcalls-since-flip=136 drawcalls-total=39404 fail-total=0 null-skips-total=0
[12:41:34] [info] flip-probe: flip #580 ok=true present=3ms inter_flip_ms=39 drawcalls-since-flip=140 drawcalls-total=40796 fail-total=0 null-skips-total=0
[12:41:34] [info] flip-probe: flip #590 ok=true present=3ms inter_flip_ms=40 drawcalls-since-flip=140 drawcalls-total=42201 fail-total=0 null-skips-total=0
[12:41:34] [info] backdrop cache: thrashing-detect engaged (streak=4, route=direct)
[12:41:35] [info] flip-probe: flip #600 ok=true present=4ms inter_flip_ms=42 drawcalls-since-flip=137 drawcalls-total=43599 fail-total=0 null-skips-total=0
[12:41:35] [info] alpha audit block 0: 13061 total drawcalls, 0 with alpha<255 (block pct_x10=0; global 0/40301 pct_x10=0); alpha-mod skipped: block=0 global=0
[12:41:35] [info] fastpath audit block 0: taken=13061 (idx8=13061) skipped=0 pct_x10=1000; global taken=40301 (idx8=40301) skipped=0 pct_x10=1000
[12:41:35] [info] primitive tally block 0: clear=201(hr=201) fill=0(hr=0) rect=0(hr=0) line=0(hr=0) tint=0 spotlight=0 (over 100 flips ending at flip 600)
[12:41:35] [info] color/alpha audit block 0: cmod_white=689 cmod_black=689 (idx=689) cmod_general=0 (idx=0) cmod_fb=0; alpha_taken=0 alpha_skipped=0 (global cmod=3791/2249/693/0 idx=2249/693 alpha=0/0)
[12:41:35] [info] phase timing block 0: drawcalls=14689 dc_total_ms=1157 flip_inner_total_ms=423 inter_flip_total_ms=4959 (per-flip avg x10: dc_ms=115 fi_ms=42 if_ms=495 derived audio+engine_ms=338; per-drawcall avg us_x10=788) [direct-vesa: presents=100 total_ms=266 avg_ms_x10=26 failed=0] [ablation: NO_DC_TIMING=0 CACHE_WINSURF=0 DIRECT_VESA=1]
[12:41:35] [info] kbd/audio block 0: kbd_irq=0 kbd_drain=0 ring_chunks=16 pump_pass=865 pic1_mask=0xb8 first_irq_ticks=0 install_ticks=0 vector_at_install=0x0083a0c0 pic1_mask_live=0x38 kbd_8042_stat=0x34 bios_kbd_head=0x0022 bios_kbd_tail=0x0022 bios_kbd_buf0=0x1c0d
[12:41:35] [info] dirty-rect block @flip=600: total_calls=0 dirty_rects_avg=1 dirty_pct_x10=1000 forced_full=0 first_n_force=0 threshold_exceeded=0 dirty_path_taken=0 full_flush_taken=0
[12:41:35] [info] prev-frame-diff block @flip=600: diff_calls=0 diff_rects_avg=0 diff_dirty_pct_x10=0 bbox_pct_x10=0 bbox_thresh_exceeded=0
[12:41:35] [info] flip-probe: flip #610 ok=true present=3ms inter_flip_ms=40 drawcalls-since-flip=129 drawcalls-total=44902 fail-total=0 null-skips-total=0
[12:41:36] [info] flip-probe: flip #620 ok=true present=2ms inter_flip_ms=42 drawcalls-since-flip=131 drawcalls-total=46195 fail-total=0 null-skips-total=0
[12:41:36] [info] flip-probe: flip #630 ok=true present=3ms inter_flip_ms=41 drawcalls-since-flip=140 drawcalls-total=47544 fail-total=0 null-skips-total=0
[12:41:36] [info] flip-probe: flip #640 ok=true present=3ms inter_flip_ms=54 drawcalls-since-flip=141 drawcalls-total=48954 fail-total=0 null-skips-total=0
[12:41:36] [info] backdrop cache: thrashing-detect engaged (streak=4, route=direct)
[12:41:37] [info] flip-probe: flip #650 ok=true present=3ms inter_flip_ms=42 drawcalls-since-flip=142 drawcalls-total=50366 fail-total=0 null-skips-total=0
[12:41:37] [info] flip-probe: flip #660 ok=true present=3ms inter_flip_ms=41 drawcalls-since-flip=136 drawcalls-total=51746 fail-total=0 null-skips-total=0
[12:41:38] [info] flip-probe: flip #670 ok=true present=3ms inter_flip_ms=39 drawcalls-since-flip=107 drawcalls-total=53001 fail-total=0 null-skips-total=0
[12:41:38] [info] flip-probe: flip #680 ok=true present=3ms inter_flip_ms=39 drawcalls-since-flip=96 drawcalls-total=54013 fail-total=0 null-skips-total=0
[12:41:38] [info] backdrop cache: thrashing-detect engaged (streak=4, route=direct)
[12:41:38] [info] flip-probe: flip #690 ok=true present=3ms inter_flip_ms=37 drawcalls-since-flip=107 drawcalls-total=55029 fail-total=0 null-skips-total=0
[12:41:39] [info] flip-probe: flip #700 ok=true present=3ms inter_flip_ms=37 drawcalls-since-flip=104 drawcalls-total=56071 fail-total=0 null-skips-total=0
[12:41:39] [info] alpha audit block 0: 11501 total drawcalls, 0 with alpha<255 (block pct_x10=0; global 0/51802 pct_x10=0); alpha-mod skipped: block=0 global=0
[12:41:39] [info] fastpath audit block 0: taken=11501 (idx8=11501) skipped=0 pct_x10=1000; global taken=51802 (idx8=51802) skipped=0 pct_x10=1000
[12:41:39] [info] primitive tally block 0: clear=200(hr=200) fill=0(hr=0) rect=0(hr=0) line=0(hr=0) tint=0 spotlight=0 (over 100 flips ending at flip 700)
[12:41:39] [info] color/alpha audit block 0: cmod_white=871 cmod_black=871 (idx=871) cmod_general=0 (idx=0) cmod_fb=0; alpha_taken=0 alpha_skipped=0 (global cmod=4662/3120/693/0 idx=3120/693 alpha=0/0)
[12:41:39] [info] phase timing block 0: drawcalls=13451 dc_total_ms=769 flip_inner_total_ms=409 inter_flip_total_ms=4132 (per-flip avg x10: dc_ms=76 fi_ms=40 if_ms=413 derived audio+engine_ms=297; per-drawcall avg us_x10=571) [direct-vesa: presents=100 total_ms=269 avg_ms_x10=26 failed=0] [ablation: NO_DC_TIMING=0 CACHE_WINSURF=0 DIRECT_VESA=1]
[12:41:39] [info] kbd/audio block 0: kbd_irq=0 kbd_drain=0 ring_chunks=16 pump_pass=1072 pic1_mask=0xb8 first_irq_ticks=0 install_ticks=0 vector_at_install=0x0083a0c0 pic1_mask_live=0x38 kbd_8042_stat=0x34 bios_kbd_head=0x0022 bios_kbd_tail=0x0022 bios_kbd_buf0=0x1c0d
[12:41:39] [info] dirty-rect block @flip=700: total_calls=0 dirty_rects_avg=1 dirty_pct_x10=1000 forced_full=0 first_n_force=0 threshold_exceeded=0 dirty_path_taken=0 full_flush_taken=0
[12:41:39] [info] prev-frame-diff block @flip=700: diff_calls=0 diff_rects_avg=0 diff_dirty_pct_x10=0 bbox_pct_x10=0 bbox_thresh_exceeded=0
[12:41:39] [info] flip-probe: flip #710 ok=true present=3ms inter_flip_ms=33 drawcalls-since-flip=102 drawcalls-total=57099 fail-total=0 null-skips-total=0
[12:41:39] [info] tas: stall frame 250 ms -> contributing 1 tick (patch 0286)
[12:41:40] [info] flip-probe: flip #720 ok=true present=3ms inter_flip_ms=38 drawcalls-since-flip=100 drawcalls-total=58109 fail-total=0 null-skips-total=0
[12:41:40] [info] flip-probe: flip #730 ok=true present=3ms inter_flip_ms=39 drawcalls-since-flip=97 drawcalls-total=59072 fail-total=0 null-skips-total=0
[12:41:41] [info] flip-probe: flip #740 ok=true present=3ms inter_flip_ms=40 drawcalls-since-flip=110 drawcalls-total=60100 fail-total=0 null-skips-total=0
[12:41:41] [info] backdrop cache: thrashing-detect engaged (streak=64, route=direct)
[12:41:41] [info] flip-probe: flip #750 ok=true present=2ms inter_flip_ms=41 drawcalls-since-flip=118 drawcalls-total=61252 fail-total=0 null-skips-total=0
[12:41:41] [info] flip-probe: flip #760 ok=true present=2ms inter_flip_ms=40 drawcalls-since-flip=114 drawcalls-total=62418 fail-total=0 null-skips-total=0
[12:41:42] [info] run_tick_fixed #1200: heartbeat (loop alive)
[12:41:42] [info] flip-probe: flip #770 ok=true present=3ms inter_flip_ms=40 drawcalls-since-flip=112 drawcalls-total=63540 fail-total=0 null-skips-total=0
[12:41:42] [info] flip-probe: flip #780 ok=true present=3ms inter_flip_ms=40 drawcalls-since-flip=115 drawcalls-total=64654 fail-total=0 null-skips-total=0
[12:41:43] [info] flip-probe: flip #790 ok=true present=3ms inter_flip_ms=39 drawcalls-since-flip=111 drawcalls-total=65776 fail-total=0 null-skips-total=0
[12:41:43] [info] flip-probe: flip #800 ok=true present=3ms inter_flip_ms=39 drawcalls-since-flip=108 drawcalls-total=66856 fail-total=0 null-skips-total=0
[12:41:43] [info] alpha audit block 0: 10685 total drawcalls, 0 with alpha<255 (block pct_x10=0; global 0/62487 pct_x10=0); alpha-mod skipped: block=0 global=0
[12:41:43] [info] fastpath audit block 0: taken=10685 (idx8=10685) skipped=0 pct_x10=1000; global taken=62487 (idx8=62487) skipped=0 pct_x10=1000
[12:41:43] [info] primitive tally block 0: clear=200(hr=200) fill=0(hr=0) rect=0(hr=0) line=0(hr=0) tint=0 spotlight=0 (over 100 flips ending at flip 800)
[12:41:43] [info] phase timing block 0: drawcalls=10885 dc_total_ms=644 flip_inner_total_ms=621 inter_flip_total_ms=4206 (per-flip avg x10: dc_ms=64 fi_ms=62 if_ms=420 derived audio+engine_ms=294; per-drawcall avg us_x10=592) [direct-vesa: presents=100 total_ms=267 avg_ms_x10=26 failed=0] [ablation: NO_DC_TIMING=0 CACHE_WINSURF=0 DIRECT_VESA=1]
[12:41:43] [info] kbd/audio block 0: kbd_irq=0 kbd_drain=0 ring_chunks=16 pump_pass=1271 pic1_mask=0xb8 first_irq_ticks=0 install_ticks=0 vector_at_install=0x0083a0c0 pic1_mask_live=0x38 kbd_8042_stat=0x34 bios_kbd_head=0x0022 bios_kbd_tail=0x0022 bios_kbd_buf0=0x1c0d
[12:41:43] [info] dirty-rect block @flip=800: total_calls=0 dirty_rects_avg=1 dirty_pct_x10=1000 forced_full=0 first_n_force=0 threshold_exceeded=0 dirty_path_taken=0 full_flush_taken=0
[12:41:43] [info] prev-frame-diff block @flip=800: diff_calls=0 diff_rects_avg=0 diff_dirty_pct_x10=0 bbox_pct_x10=0 bbox_thresh_exceeded=0
[12:41:43] [info] backdrop cache: thrashing-detect engaged (streak=124, route=direct)
[12:41:43] [info] flip-probe: flip #810 ok=true present=3ms inter_flip_ms=39 drawcalls-since-flip=111 drawcalls-total=67949 fail-total=0 null-skips-total=0
[12:41:44] [info] flip-probe: flip #820 ok=true present=3ms inter_flip_ms=39 drawcalls-since-flip=112 drawcalls-total=69074 fail-total=0 null-skips-total=0
[12:41:44] [info] flip-probe: flip #830 ok=true present=2ms inter_flip_ms=40 drawcalls-since-flip=111 drawcalls-total=70194 fail-total=0 null-skips-total=0
[12:41:45] [info] flip-probe: flip #840 ok=true present=3ms inter_flip_ms=39 drawcalls-since-flip=111 drawcalls-total=71321 fail-total=0 null-skips-total=0
[12:41:45] [info] backdrop cache: thrashing-detect engaged (streak=4, route=direct)
[12:41:45] [info] flip-probe: flip #850 ok=true present=2ms inter_flip_ms=41 drawcalls-since-flip=119 drawcalls-total=72420 fail-total=0 null-skips-total=0
[12:41:45] [info] flip-probe: flip #860 ok=true present=2ms inter_flip_ms=39 drawcalls-since-flip=119 drawcalls-total=73594 fail-total=0 null-skips-total=0
[12:41:46] [info] flip-probe: flip #870 ok=true present=3ms inter_flip_ms=39 drawcalls-since-flip=118 drawcalls-total=74772 fail-total=0 null-skips-total=0
[12:41:46] [info] flip-probe: flip #880 ok=true present=2ms inter_flip_ms=34 drawcalls-since-flip=113 drawcalls-total=75922 fail-total=0 null-skips-total=0
[12:41:47] [info] flip-probe: flip #890 ok=true present=3ms inter_flip_ms=37 drawcalls-since-flip=118 drawcalls-total=77077 fail-total=0 null-skips-total=0
[12:41:47] [info] flip-probe: flip #900 ok=true present=3ms inter_flip_ms=39 drawcalls-since-flip=120 drawcalls-total=78251 fail-total=0 null-skips-total=0
[12:41:47] [info] alpha audit block 0: 11295 total drawcalls, 0 with alpha<255 (block pct_x10=0; global 0/73782 pct_x10=0); alpha-mod skipped: block=0 global=0
[12:41:47] [info] fastpath audit block 0: taken=11295 (idx8=11295) skipped=0 pct_x10=1000; global taken=73782 (idx8=73782) skipped=0 pct_x10=1000
[12:41:47] [info] primitive tally block 0: clear=200(hr=200) fill=0(hr=0) rect=0(hr=0) line=0(hr=0) tint=0 spotlight=0 (over 100 flips ending at flip 900)
[12:41:47] [info] phase timing block 0: drawcalls=11499 dc_total_ms=685 flip_inner_total_ms=402 inter_flip_total_ms=3980 (per-flip avg x10: dc_ms=68 fi_ms=40 if_ms=398 derived audio+engine_ms=290; per-drawcall avg us_x10=596) [direct-vesa: presents=100 total_ms=266 avg_ms_x10=26 failed=0] [ablation: NO_DC_TIMING=0 CACHE_WINSURF=0 DIRECT_VESA=1]
[12:41:47] [info] kbd/audio block 0: kbd_irq=0 kbd_drain=0 ring_chunks=16 pump_pass=1470 pic1_mask=0xb8 first_irq_ticks=0 install_ticks=0 vector_at_install=0x0083a0c0 pic1_mask_live=0x38 kbd_8042_stat=0x34 bios_kbd_head=0x0022 bios_kbd_tail=0x0022 bios_kbd_buf0=0x1c0d
[12:41:47] [info] dirty-rect block @flip=900: total_calls=0 dirty_rects_avg=1 dirty_pct_x10=1000 forced_full=0 first_n_force=0 threshold_exceeded=0 dirty_path_taken=0 full_flush_taken=0
[12:41:47] [info] prev-frame-diff block @flip=900: diff_calls=0 diff_rects_avg=0 diff_dirty_pct_x10=0 bbox_pct_x10=0 bbox_thresh_exceeded=0
[12:41:47] [info] backdrop cache: thrashing-detect engaged (streak=64, route=direct)
[12:41:47] [info] flip-probe: flip #910 ok=true present=2ms inter_flip_ms=43 drawcalls-since-flip=210 drawcalls-total=79518 fail-total=0 null-skips-total=0
[12:41:48] [info] flip-probe: flip #920 ok=true present=3ms inter_flip_ms=56 drawcalls-since-flip=405 drawcalls-total=83073 fail-total=0 null-skips-total=0
[12:41:48] [info]  >> Entering stage 11: 'Mimiga Village'.
[12:41:48] [info] [skip-sheet-flush] cave=5
[12:41:48] [info] [load-stage] preloading entry music song=9 (cave=5)
[12:41:48] [info] opl3 backend: on_song_stop
[12:41:48] [info] MidiScheduler::load: parsed 'data/orgmid2/mura.mid' = 7123 events at 48 PPQ
[12:41:48] [info] opl3 backend: on_song_start
[12:41:49] [info] gameloop: entered (curmap=11, running=1)
[12:41:49] [info] gameloop: iter 1 ticks=56180 mapno=-1
[12:41:49] [info] mds-clear-lut: rebuilt N=240 entries (k_skip=0% k_keep=100%; curmap=11 map_size=60x60; rebuild #3 since boot)
[12:41:49] [info] gameloop: iter 2 ticks=56248 mapno=-1
[12:41:49] [info] gameloop: iter 3 ticks=56317 mapno=-1
[12:41:49] [info] flip-probe: flip #930 ok=true present=3ms inter_flip_ms=54 drawcalls-since-flip=240 drawcalls-total=86163 fail-total=0 null-skips-total=0
[12:41:49] [info] backdrop cache: thrashing-detect engaged (streak=4, route=direct)
[12:41:49] [info] flip-probe: flip #940 ok=true present=3ms inter_flip_ms=34 drawcalls-since-flip=41 drawcalls-total=87036 fail-total=0 null-skips-total=0
[12:41:50] [info] flip-probe: flip #950 ok=true present=3ms inter_flip_ms=30 drawcalls-since-flip=41 drawcalls-total=87446 fail-total=0 null-skips-total=0
[12:41:50] [info] flip-probe: flip #960 ok=true present=3ms inter_flip_ms=32 drawcalls-since-flip=41 drawcalls-total=87856 fail-total=0 null-skips-total=0
[12:41:50] [info] flip-probe: flip #970 ok=true present=3ms inter_flip_ms=31 drawcalls-since-flip=41 drawcalls-total=88266 fail-total=0 null-skips-total=0
[12:41:51] [info] tas: stall frame 249 ms -> contributing 1 tick (patch 0286)
[12:41:51] [info] flip-probe: flip #980 ok=true present=3ms inter_flip_ms=33 drawcalls-since-flip=41 drawcalls-total=88676 fail-total=0 null-skips-total=0
[12:41:51] [info] flip-probe: flip #990 ok=true present=2ms inter_flip_ms=32 drawcalls-since-flip=43 drawcalls-total=89090 fail-total=0 null-skips-total=0
[12:41:51] [info] backdrop cache: thrashing-detect engaged (streak=64, route=direct)
[12:41:52] [info] flip-probe: flip #1000 ok=true present=2ms inter_flip_ms=40 drawcalls-since-flip=41 drawcalls-total=89508 fail-total=0 null-skips-total=0
[12:41:52] [info] alpha audit block 0: 10143 total drawcalls, 0 with alpha<255 (block pct_x10=0; global 0/83925 pct_x10=0); alpha-mod skipped: block=0 global=0
[12:41:52] [info] fastpath audit block 0: taken=10143 (idx8=10143) skipped=0 pct_x10=1000; global taken=83925 (idx8=83925) skipped=0 pct_x10=1000
[12:41:52] [info] primitive tally block 0: clear=201(hr=201) fill=0(hr=0) rect=0(hr=0) line=0(hr=0) tint=0 spotlight=0 (over 100 flips ending at flip 1000)
[12:41:52] [info] color/alpha audit block 0: cmod_white=1014 cmod_black=1014 (idx=1014) cmod_general=0 (idx=0) cmod_fb=0; alpha_taken=0 alpha_skipped=0 (global cmod=5676/4134/693/0 idx=4134/693 alpha=0/0)
[12:41:52] [info] phase timing block 0: drawcalls=12380 dc_total_ms=920 flip_inner_total_ms=635 inter_flip_total_ms=4671 (per-flip avg x10: dc_ms=92 fi_ms=63 if_ms=467 derived audio+engine_ms=312; per-drawcall avg us_x10=743) [direct-vesa: presents=100 total_ms=268 avg_ms_x10=26 failed=0] [ablation: NO_DC_TIMING=0 CACHE_WINSURF=0 DIRECT_VESA=1]
[12:41:52] [info] kbd/audio block 0: kbd_irq=0 kbd_drain=0 ring_chunks=16 pump_pass=1662 pic1_mask=0xb8 first_irq_ticks=0 install_ticks=0 vector_at_install=0x0083a0c0 pic1_mask_live=0x38 kbd_8042_stat=0x34 bios_kbd_head=0x0022 bios_kbd_tail=0x0022 bios_kbd_buf0=0x1c0d
[12:41:52] [info] dirty-rect block @flip=1000: total_calls=0 dirty_rects_avg=1 dirty_pct_x10=1000 forced_full=0 first_n_force=0 threshold_exceeded=0 dirty_path_taken=0 full_flush_taken=0
[12:41:52] [info] prev-frame-diff block @flip=1000: diff_calls=0 diff_rects_avg=0 diff_dirty_pct_x10=0 bbox_pct_x10=0 bbox_thresh_exceeded=0
[12:41:52] [info] flip-probe: flip #1010 ok=true present=3ms inter_flip_ms=31 drawcalls-since-flip=41 drawcalls-total=89922 fail-total=0 null-skips-total=0
[12:41:52] [info] flip-probe: flip #1020 ok=true present=2ms inter_flip_ms=31 drawcalls-since-flip=42 drawcalls-total=90337 fail-total=0 null-skips-total=0
[12:41:53] [info] flip-probe: flip #1030 ok=true present=3ms inter_flip_ms=32 drawcalls-since-flip=42 drawcalls-total=90757 fail-total=0 null-skips-total=0
[12:41:53] [info] flip-probe: flip #1040 ok=true present=3ms inter_flip_ms=30 drawcalls-since-flip=43 drawcalls-total=91184 fail-total=0 null-skips-total=0
[12:41:53] [info] flip-probe: flip #1050 ok=true present=3ms inter_flip_ms=28 drawcalls-since-flip=16 drawcalls-total=91399 fail-total=0 null-skips-total=0
[12:41:53] [info] backdrop cache: thrashing-detect engaged (streak=124, route=direct)
[12:41:54] [info] flip-probe: flip #1060 ok=true present=3ms inter_flip_ms=30 drawcalls-since-flip=16 drawcalls-total=91559 fail-total=0 null-skips-total=0
[12:41:54] [info] flip-probe: flip #1070 ok=true present=3ms inter_flip_ms=26 drawcalls-since-flip=16 drawcalls-total=91719 fail-total=0 null-skips-total=0
[12:41:54] [info] flip-probe: flip #1080 ok=true present=2ms inter_flip_ms=30 drawcalls-since-flip=17 drawcalls-total=91886 fail-total=0 null-skips-total=0
[12:41:54] [info] run_tick_fixed #1800: heartbeat (loop alive)
[12:41:54] [info] flip-probe: flip #1090 ok=true present=2ms inter_flip_ms=34 drawcalls-since-flip=18 drawcalls-total=92059 fail-total=0 null-skips-total=0
[12:41:55] [info] flip-probe: flip #1100 ok=true present=3ms inter_flip_ms=30 drawcalls-since-flip=18 drawcalls-total=92239 fail-total=0 null-skips-total=0
[12:41:55] [info] alpha audit block 0: 2085 total drawcalls, 0 with alpha<255 (block pct_x10=0; global 0/86010 pct_x10=0); alpha-mod skipped: block=0 global=0
[12:41:55] [info] fastpath audit block 0: taken=2085 (idx8=2085) skipped=0 pct_x10=1000; global taken=86010 (idx8=86010) skipped=0 pct_x10=1000
[12:41:55] [info] primitive tally block 0: clear=200(hr=200) fill=0(hr=0) rect=0(hr=0) line=0(hr=0) tint=0 spotlight=0 (over 100 flips ending at flip 1100)
[12:41:55] [info] color/alpha audit block 0: cmod_white=546 cmod_black=546 (idx=546) cmod_general=0 (idx=0) cmod_fb=0; alpha_taken=0 alpha_skipped=0 (global cmod=6222/4680/693/0 idx=4680/693 alpha=0/0)
[12:41:55] [info] phase timing block 0: drawcalls=3377 dc_total_ms=534 flip_inner_total_ms=407 inter_flip_total_ms=3076 (per-flip avg x10: dc_ms=53 fi_ms=40 if_ms=307 derived audio+engine_ms=214; per-drawcall avg us_x10=1583) [direct-vesa: presents=100 total_ms=265 avg_ms_x10=26 failed=0] [ablation: NO_DC_TIMING=0 CACHE_WINSURF=0 DIRECT_VESA=1]
[12:41:55] [info] kbd/audio block 0: kbd_irq=0 kbd_drain=0 ring_chunks=16 pump_pass=1816 pic1_mask=0xb8 first_irq_ticks=0 install_ticks=0 vector_at_install=0x0083a0c0 pic1_mask_live=0x38 kbd_8042_stat=0x34 bios_kbd_head=0x0022 bios_kbd_tail=0x0022 bios_kbd_buf0=0x1c0d
[12:41:55] [info] dirty-rect block @flip=1100: total_calls=0 dirty_rects_avg=1 dirty_pct_x10=1000 forced_full=0 first_n_force=0 threshold_exceeded=0 dirty_path_taken=0 full_flush_taken=0
[12:41:55] [info] prev-frame-diff block @flip=1100: diff_calls=0 diff_rects_avg=0 diff_dirty_pct_x10=0 bbox_pct_x10=0 bbox_thresh_exceeded=0
[12:41:55] [info] flip-probe: flip #1110 ok=true present=3ms inter_flip_ms=26 drawcalls-since-flip=18 drawcalls-total=92419 fail-total=0 null-skips-total=0
[12:41:55] [info] backdrop cache: thrashing-detect engaged (streak=184, route=direct)
[12:41:55] [info] flip-probe: flip #1120 ok=true present=3ms inter_flip_ms=26 drawcalls-since-flip=18 drawcalls-total=92599 fail-total=0 null-skips-total=0
[12:41:56] [info] flip-probe: flip #1130 ok=true present=3ms inter_flip_ms=30 drawcalls-since-flip=17 drawcalls-total=92769 fail-total=0 null-skips-total=0
[12:41:56] [info] flip-probe: flip #1140 ok=true present=3ms inter_flip_ms=29 drawcalls-since-flip=16 drawcalls-total=92933 fail-total=0 null-skips-total=0
[12:41:56] [info] flip-probe: flip #1150 ok=true present=3ms inter_flip_ms=31 drawcalls-since-flip=17 drawcalls-total=93103 fail-total=0 null-skips-total=0
[12:41:57] [info] flip-probe: flip #1160 ok=true present=3ms inter_flip_ms=27 drawcalls-since-flip=16 drawcalls-total=93264 fail-total=0 null-skips-total=0
[12:41:57] [info] flip-probe: flip #1170 ok=true present=3ms inter_flip_ms=29 drawcalls-since-flip=16 drawcalls-total=93424 fail-total=0 null-skips-total=0
[12:41:57] [info] backdrop cache: thrashing-detect engaged (streak=244, route=direct)
[12:41:57] [info] flip-probe: flip #1180 ok=true present=3ms inter_flip_ms=27 drawcalls-since-flip=16 drawcalls-total=93584 fail-total=0 null-skips-total=0
[12:41:57] [info] flip-probe: flip #1190 ok=true present=3ms inter_flip_ms=27 drawcalls-since-flip=16 drawcalls-total=93744 fail-total=0 null-skips-total=0
[12:41:58] [info] flip-probe: flip #1200 ok=true present=3ms inter_flip_ms=27 drawcalls-since-flip=16 drawcalls-total=93904 fail-total=0 null-skips-total=0
[12:41:58] [info] alpha audit block 0: 1565 total drawcalls, 0 with alpha<255 (block pct_x10=0; global 0/87575 pct_x10=0); alpha-mod skipped: block=0 global=0
[12:41:58] [info] fastpath audit block 0: taken=1565 (idx8=1565) skipped=0 pct_x10=1000; global taken=87575 (idx8=87575) skipped=0 pct_x10=1000
[12:41:58] [info] primitive tally block 0: clear=200(hr=200) fill=0(hr=0) rect=0(hr=0) line=0(hr=0) tint=0 spotlight=0 (over 100 flips ending at flip 1200)
[12:41:58] [info] phase timing block 0: drawcalls=1765 dc_total_ms=480 flip_inner_total_ms=405 inter_flip_total_ms=2942 (per-flip avg x10: dc_ms=48 fi_ms=40 if_ms=294 derived audio+engine_ms=206; per-drawcall avg us_x10=2722) [direct-vesa: presents=100 total_ms=268 avg_ms_x10=26 failed=0] [ablation: NO_DC_TIMING=0 CACHE_WINSURF=0 DIRECT_VESA=1]
[12:41:58] [info] kbd/audio block 0: kbd_irq=0 kbd_drain=0 ring_chunks=16 pump_pass=1963 pic1_mask=0xb8 first_irq_ticks=0 install_ticks=0 vector_at_install=0x0083a0c0 pic1_mask_live=0x38 kbd_8042_stat=0x34 bios_kbd_head=0x0022 bios_kbd_tail=0x0022 bios_kbd_buf0=0x1c0d
[12:41:58] [info] dirty-rect block @flip=1200: total_calls=0 dirty_rects_avg=1 dirty_pct_x10=1000 forced_full=0 first_n_force=0 threshold_exceeded=0 dirty_path_taken=0 full_flush_taken=0
[12:41:58] [info] prev-frame-diff block @flip=1200: diff_calls=0 diff_rects_avg=0 diff_dirty_pct_x10=0 bbox_pct_x10=0 bbox_thresh_exceeded=0
[12:41:58] [info] flip-probe: flip #1210 ok=true present=2ms inter_flip_ms=29 drawcalls-since-flip=23 drawcalls-total=94148 fail-total=0 null-skips-total=0
[12:41:58] [info] flip-probe: flip #1220 ok=true present=2ms inter_flip_ms=28 drawcalls-since-flip=19 drawcalls-total=94355 fail-total=0 null-skips-total=0
[12:41:59] [info] flip-probe: flip #1230 ok=true present=2ms inter_flip_ms=30 drawcalls-since-flip=20 drawcalls-total=94543 fail-total=0 null-skips-total=0
[12:41:59] [info] backdrop cache: thrashing-detect engaged (streak=304, route=direct)
[12:41:59] [info] flip-probe: flip #1240 ok=true present=2ms inter_flip_ms=28 drawcalls-since-flip=20 drawcalls-total=94734 fail-total=0 null-skips-total=0
[12:41:59] [info] flip-probe: flip #1250 ok=true present=2ms inter_flip_ms=36 drawcalls-since-flip=95 drawcalls-total=95000 fail-total=0 null-skips-total=0
[12:42:00] [info] flip-probe: flip #1260 ok=true present=3ms inter_flip_ms=48 drawcalls-since-flip=305 drawcalls-total=97345 fail-total=0 null-skips-total=0
[12:42:00] [info]  >> Entering stage 15: 'Reservoir'.
[12:42:00] [info] [skip-sheet-flush] cave=6
[12:42:00] [info] [load-stage] preloading entry music song=9 (cave=6)
[12:42:00] [info] gameloop: entered (curmap=15, running=1)
[12:42:00] [info] gameloop: iter 1 ticks=67998 mapno=-1
[12:42:00] [info] tas: stall frame 224 ms -> contributing 1 tick (patch 0286)
[12:42:00] [info] mds-clear-lut: rebuilt N=240 entries (k_skip=13% k_keep=87%; curmap=15 map_size=40x20; rebuild #4 since boot)
[12:42:01] [info] gameloop: iter 2 ticks=68069 mapno=-1
[12:42:01] [info] gameloop: iter 3 ticks=68126 mapno=-1
[12:42:01] [info] flip-probe: flip #1270 ok=true present=3ms inter_flip_ms=51 drawcalls-since-flip=336 drawcalls-total=99950 fail-total=0 null-skips-total=0
[12:42:01] [info] flip-probe: flip #1280 ok=true present=3ms inter_flip_ms=30 drawcalls-since-flip=66 drawcalls-total=101840 fail-total=0 null-skips-total=0
[12:42:01] [info] flip-probe: flip #1290 ok=true present=3ms inter_flip_ms=28 drawcalls-since-flip=32 drawcalls-total=102164 fail-total=0 null-skips-total=0
[12:42:02] [info] flip-probe: flip #1300 ok=true present=2ms inter_flip_ms=30 drawcalls-since-flip=32 drawcalls-total=102484 fail-total=0 null-skips-total=0
[12:42:02] [info] alpha audit block 0: 8165 total drawcalls, 0 with alpha<255 (block pct_x10=0; global 0/95740 pct_x10=0); alpha-mod skipped: block=0 global=0
[12:42:02] [info] fastpath audit block 0: taken=8165 (idx8=8165) skipped=0 pct_x10=1000; global taken=95740 (idx8=95740) skipped=0 pct_x10=1000
[12:42:02] [info] primitive tally block 0: clear=202(hr=202) fill=0(hr=0) rect=0(hr=0) line=0(hr=0) tint=0 spotlight=0 (over 100 flips ending at flip 1300)
[12:42:02] [info] color/alpha audit block 0: cmod_white=315 cmod_black=315 (idx=315) cmod_general=0 (idx=0) cmod_fb=0; alpha_taken=0 alpha_skipped=0 (global cmod=6537/4995/693/0 idx=4995/693 alpha=0/0)
[12:42:02] [info] phase timing block 0: drawcalls=9032 dc_total_ms=968 flip_inner_total_ms=407 inter_flip_total_ms=4037 (per-flip avg x10: dc_ms=96 fi_ms=40 if_ms=403 derived audio+engine_ms=267; per-drawcall avg us_x10=1072) [direct-vesa: presents=100 total_ms=266 avg_ms_x10=26 failed=0] [ablation: NO_DC_TIMING=0 CACHE_WINSURF=0 DIRECT_VESA=1]
[12:42:02] [info] kbd/audio block 0: kbd_irq=0 kbd_drain=0 ring_chunks=16 pump_pass=2134 pic1_mask=0xb8 first_irq_ticks=0 install_ticks=0 vector_at_install=0x0083a0c0 pic1_mask_live=0x38 kbd_8042_stat=0x34 bios_kbd_head=0x0022 bios_kbd_tail=0x0022 bios_kbd_buf0=0x1c0d
[12:42:02] [info] dirty-rect block @flip=1300: total_calls=0 dirty_rects_avg=1 dirty_pct_x10=1000 forced_full=0 first_n_force=0 threshold_exceeded=0 dirty_path_taken=0 full_flush_taken=0
[12:42:02] [info] prev-frame-diff block @flip=1300: diff_calls=0 diff_rects_avg=0 diff_dirty_pct_x10=0 bbox_pct_x10=0 bbox_thresh_exceeded=0
[12:42:02] [info] flip-probe: flip #1310 ok=true present=3ms inter_flip_ms=30 drawcalls-since-flip=32 drawcalls-total=102804 fail-total=0 null-skips-total=0
[12:42:02] [info] backdrop cache: thrashing-detect engaged (streak=4, route=direct)
[12:42:02] [info] flip-probe: flip #1320 ok=true present=3ms inter_flip_ms=32 drawcalls-since-flip=34 drawcalls-total=103128 fail-total=0 null-skips-total=0
[12:42:03] [info] flip-probe: flip #1330 ok=true present=3ms inter_flip_ms=32 drawcalls-since-flip=34 drawcalls-total=103471 fail-total=0 null-skips-total=0
[12:42:03] [info] flip-probe: flip #1340 ok=true present=3ms inter_flip_ms=29 drawcalls-since-flip=33 drawcalls-total=103817 fail-total=0 null-skips-total=0
[12:42:03] [info] flip-probe: flip #1350 ok=true present=2ms inter_flip_ms=30 drawcalls-since-flip=32 drawcalls-total=104139 fail-total=0 null-skips-total=0
[12:42:04] [info] flip-probe: flip #1360 ok=true present=3ms inter_flip_ms=29 drawcalls-since-flip=33 drawcalls-total=104468 fail-total=0 null-skips-total=0
[12:42:04] [info] flip-probe: flip #1370 ok=true present=3ms inter_flip_ms=29 drawcalls-since-flip=33 drawcalls-total=104798 fail-total=0 null-skips-total=0
[12:42:04] [info] backdrop cache: thrashing-detect engaged (streak=64, route=direct)
[12:42:04] [info] flip-probe: flip #1380 ok=true present=3ms inter_flip_ms=31 drawcalls-since-flip=33 drawcalls-total=105128 fail-total=0 null-skips-total=0
[12:42:05] [info] flip-probe: flip #1390 ok=true present=3ms inter_flip_ms=30 drawcalls-since-flip=17 drawcalls-total=105376 fail-total=0 null-skips-total=0
[12:42:05] [info] flip-probe: flip #1400 ok=true present=3ms inter_flip_ms=29 drawcalls-since-flip=18 drawcalls-total=105547 fail-total=0 null-skips-total=0
[12:42:05] [info] alpha audit block 0: 2198 total drawcalls, 0 with alpha<255 (block pct_x10=0; global 0/97938 pct_x10=0); alpha-mod skipped: block=0 global=0
[12:42:05] [info] fastpath audit block 0: taken=2198 (idx8=2198) skipped=0 pct_x10=1000; global taken=97938 (idx8=97938) skipped=0 pct_x10=1000
[12:42:05] [info] primitive tally block 0: clear=200(hr=200) fill=0(hr=0) rect=0(hr=0) line=0(hr=0) tint=0 spotlight=0 (over 100 flips ending at flip 1400)
[12:42:05] [info] color/alpha audit block 0: cmod_white=765 cmod_black=765 (idx=765) cmod_general=0 (idx=0) cmod_fb=0; alpha_taken=0 alpha_skipped=0 (global cmod=7302/5760/693/0 idx=5760/693 alpha=0/0)
[12:42:05] [info] phase timing block 0: drawcalls=3946 dc_total_ms=604 flip_inner_total_ms=412 inter_flip_total_ms=3140 (per-flip avg x10: dc_ms=60 fi_ms=41 if_ms=314 derived audio+engine_ms=213; per-drawcall avg us_x10=1531) [direct-vesa: presents=100 total_ms=268 avg_ms_x10=26 failed=0] [ablation: NO_DC_TIMING=0 CACHE_WINSURF=0 DIRECT_VESA=1]
[12:42:05] [info] kbd/audio block 0: kbd_irq=0 kbd_drain=0 ring_chunks=16 pump_pass=2291 pic1_mask=0xb8 first_irq_ticks=0 install_ticks=0 vector_at_install=0x0083a0c0 pic1_mask_live=0x38 kbd_8042_stat=0x34 bios_kbd_head=0x0022 bios_kbd_tail=0x0022 bios_kbd_buf0=0x1c0d
[12:42:05] [info] dirty-rect block @flip=1400: total_calls=0 dirty_rects_avg=1 dirty_pct_x10=1000 forced_full=0 first_n_force=0 threshold_exceeded=0 dirty_path_taken=0 full_flush_taken=0
[12:42:05] [info] prev-frame-diff block @flip=1400: diff_calls=0 diff_rects_avg=0 diff_dirty_pct_x10=0 bbox_pct_x10=0 bbox_thresh_exceeded=0
[12:42:05] [info] flip-probe: flip #1410 ok=true present=3ms inter_flip_ms=28 drawcalls-since-flip=19 drawcalls-total=105737 fail-total=0 null-skips-total=0
[12:42:05] [info] flip-probe: flip #1420 ok=true present=3ms inter_flip_ms=28 drawcalls-since-flip=21 drawcalls-total=105941 fail-total=0 null-skips-total=0
[12:42:06] [info] flip-probe: flip #1430 ok=true present=3ms inter_flip_ms=30 drawcalls-since-flip=19 drawcalls-total=106132 fail-total=0 null-skips-total=0
[12:42:06] [info] backdrop cache: thrashing-detect engaged (streak=124, route=direct)
[12:42:06] [info] flip-probe: flip #1440 ok=true present=3ms inter_flip_ms=30 drawcalls-since-flip=18 drawcalls-total=106315 fail-total=0 null-skips-total=0
[12:42:06] [info] flip-probe: flip #1450 ok=true present=3ms inter_flip_ms=28 drawcalls-since-flip=18 drawcalls-total=106499 fail-total=0 null-skips-total=0
[12:42:07] [info] flip-probe: flip #1460 ok=true present=2ms inter_flip_ms=30 drawcalls-since-flip=17 drawcalls-total=106672 fail-total=0 null-skips-total=0
[12:42:07] [info] flip-probe: flip #1470 ok=true present=3ms inter_flip_ms=26 drawcalls-since-flip=17 drawcalls-total=106842 fail-total=0 null-skips-total=0
[12:42:07] [info] flip-probe: flip #1480 ok=true present=2ms inter_flip_ms=30 drawcalls-since-flip=15 drawcalls-total=107005 fail-total=0 null-skips-total=0
[12:42:07] [info] flip-probe: flip #1490 ok=true present=2ms inter_flip_ms=28 drawcalls-since-flip=16 drawcalls-total=107160 fail-total=0 null-skips-total=0
[12:42:08] [info] backdrop cache: thrashing-detect engaged (streak=184, route=direct)
[12:42:08] [info] flip-probe: flip #1500 ok=true present=3ms inter_flip_ms=30 drawcalls-since-flip=16 drawcalls-total=107320 fail-total=0 null-skips-total=0
[12:42:08] [info] alpha audit block 0: 1673 total drawcalls, 0 with alpha<255 (block pct_x10=0; global 0/99611 pct_x10=0); alpha-mod skipped: block=0 global=0
[12:42:08] [info] fastpath audit block 0: taken=1673 (idx8=1673) skipped=0 pct_x10=1000; global taken=99611 (idx8=99611) skipped=0 pct_x10=1000
[12:42:08] [info] primitive tally block 0: clear=200(hr=200) fill=0(hr=0) rect=0(hr=0) line=0(hr=0) tint=0 spotlight=0 (over 100 flips ending at flip 1500)
[12:42:08] [info] phase timing block 0: drawcalls=1873 dc_total_ms=454 flip_inner_total_ms=410 inter_flip_total_ms=2968 (per-flip avg x10: dc_ms=45 fi_ms=41 if_ms=296 derived audio+engine_ms=210; per-drawcall avg us_x10=2426) [direct-vesa: presents=100 total_ms=267 avg_ms_x10=26 failed=0] [ablation: NO_DC_TIMING=0 CACHE_WINSURF=0 DIRECT_VESA=1]
[12:42:08] [info] kbd/audio block 0: kbd_irq=0 kbd_drain=0 ring_chunks=16 pump_pass=2440 pic1_mask=0xb8 first_irq_ticks=0 install_ticks=0 vector_at_install=0x0083a0c0 pic1_mask_live=0x38 kbd_8042_stat=0x34 bios_kbd_head=0x0022 bios_kbd_tail=0x0022 bios_kbd_buf0=0x1c0d
[12:42:08] [info] dirty-rect block @flip=1500: total_calls=0 dirty_rects_avg=1 dirty_pct_x10=1000 forced_full=0 first_n_force=0 threshold_exceeded=0 dirty_path_taken=0 full_flush_taken=0
[12:42:08] [info] prev-frame-diff block @flip=1500: diff_calls=0 diff_rects_avg=0 diff_dirty_pct_x10=0 bbox_pct_x10=0 bbox_thresh_exceeded=0
[12:42:08] [info] flip-probe: flip #1510 ok=true present=3ms inter_flip_ms=29 drawcalls-since-flip=15 drawcalls-total=107477 fail-total=0 null-skips-total=0
[12:42:08] [info] flip-probe: flip #1520 ok=true present=3ms inter_flip_ms=27 drawcalls-since-flip=16 drawcalls-total=107633 fail-total=0 null-skips-total=0
[12:42:09] [info] flip-probe: flip #1530 ok=true present=3ms inter_flip_ms=29 drawcalls-since-flip=15 drawcalls-total=107783 fail-total=0 null-skips-total=0
[12:42:09] [info] flip-probe: flip #1540 ok=true present=3ms inter_flip_ms=27 drawcalls-since-flip=16 drawcalls-total=107940 fail-total=0 null-skips-total=0
[12:42:09] [info] flip-probe: flip #1550 ok=true present=3ms inter_flip_ms=35 drawcalls-since-flip=15 drawcalls-total=108096 fail-total=0 null-skips-total=0
[12:42:09] [info] backdrop cache: thrashing-detect engaged (streak=4, route=direct)
[12:42:10] [info] flip-probe: flip #1560 ok=true present=2ms inter_flip_ms=31 drawcalls-since-flip=14 drawcalls-total=108239 fail-total=0 null-skips-total=0
[12:42:10] [info] flip-probe: flip #1570 ok=true present=2ms inter_flip_ms=29 drawcalls-since-flip=14 drawcalls-total=108379 fail-total=0 null-skips-total=0
[12:42:10] [info] flip-probe: flip #1580 ok=true present=2ms inter_flip_ms=29 drawcalls-since-flip=14 drawcalls-total=108519 fail-total=0 null-skips-total=0
[12:42:11] [info] flip-probe: flip #1590 ok=true present=3ms inter_flip_ms=30 drawcalls-since-flip=14 drawcalls-total=108659 fail-total=0 null-skips-total=0
[12:42:11] [info] flip-probe: flip #1600 ok=true present=2ms inter_flip_ms=31 drawcalls-since-flip=14 drawcalls-total=108799 fail-total=0 null-skips-total=0
[12:42:11] [info] alpha audit block 0: 1379 total drawcalls, 0 with alpha<255 (block pct_x10=0; global 0/100990 pct_x10=0); alpha-mod skipped: block=0 global=0
[12:42:11] [info] fastpath audit block 0: taken=1379 (idx8=1379) skipped=0 pct_x10=1000; global taken=100990 (idx8=100990) skipped=0 pct_x10=1000
[12:42:11] [info] primitive tally block 0: clear=200(hr=200) fill=0(hr=0) rect=0(hr=0) line=0(hr=0) tint=0 spotlight=0 (over 100 flips ending at flip 1600)
[12:42:11] [info] phase timing block 0: drawcalls=1616 dc_total_ms=613 flip_inner_total_ms=618 inter_flip_total_ms=3039 (per-flip avg x10: dc_ms=61 fi_ms=61 if_ms=303 derived audio+engine_ms=181; per-drawcall avg us_x10=3798) [direct-vesa: presents=100 total_ms=267 avg_ms_x10=26 failed=0] [ablation: NO_DC_TIMING=0 CACHE_WINSURF=0 DIRECT_VESA=1]
[12:42:11] [info] kbd/audio block 0: kbd_irq=0 kbd_drain=0 ring_chunks=16 pump_pass=2592 pic1_mask=0xb8 first_irq_ticks=0 install_ticks=0 vector_at_install=0x0083a0c0 pic1_mask_live=0x38 kbd_8042_stat=0x34 bios_kbd_head=0x0022 bios_kbd_tail=0x0022 bios_kbd_buf0=0x1c0d
[12:42:11] [info] dirty-rect block @flip=1600: total_calls=0 dirty_rects_avg=1 dirty_pct_x10=1000 forced_full=0 first_n_force=0 threshold_exceeded=0 dirty_path_taken=0 full_flush_taken=0
[12:42:11] [info] prev-frame-diff block @flip=1600: diff_calls=0 diff_rects_avg=0 diff_dirty_pct_x10=0 bbox_pct_x10=0 bbox_thresh_exceeded=0
[12:42:11] [info] tas: stall frame 287 ms -> contributing 1 tick (patch 0286)
[12:42:11] [info] flip-probe: flip #1610 ok=true present=3ms inter_flip_ms=27 drawcalls-since-flip=14 drawcalls-total=108939 fail-total=0 null-skips-total=0
[12:42:11] [info] backdrop cache: thrashing-detect engaged (streak=64, route=direct)
[12:42:12] [info] flip-probe: flip #1620 ok=true present=3ms inter_flip_ms=29 drawcalls-since-flip=14 drawcalls-total=109079 fail-total=0 null-skips-total=0
[12:42:12] [info] flip-probe: flip #1630 ok=true present=2ms inter_flip_ms=28 drawcalls-since-flip=14 drawcalls-total=109219 fail-total=0 null-skips-total=0
[12:42:12] [info] flip-probe: flip #1640 ok=true present=2ms inter_flip_ms=29 drawcalls-since-flip=14 drawcalls-total=109359 fail-total=0 null-skips-total=0
[12:42:12] [info] flip-probe: flip #1650 ok=true present=3ms inter_flip_ms=28 drawcalls-since-flip=14 drawcalls-total=109499 fail-total=0 null-skips-total=0
[12:42:13] [info] flip-probe: flip #1660 ok=true present=3ms inter_flip_ms=28 drawcalls-since-flip=14 drawcalls-total=109639 fail-total=0 null-skips-total=0
[12:42:13] [info] flip-probe: flip #1670 ok=true present=3ms inter_flip_ms=28 drawcalls-since-flip=14 drawcalls-total=109779 fail-total=0 null-skips-total=0
[12:42:13] [info] backdrop cache: thrashing-detect engaged (streak=124, route=direct)
[12:42:13] [info] run_tick_fixed #2700: heartbeat (loop alive)
[12:42:13] [info] flip-probe: flip #1680 ok=true present=2ms inter_flip_ms=33 drawcalls-since-flip=108 drawcalls-total=110013 fail-total=0 null-skips-total=0
[12:42:14] [info] flip-probe: flip #1690 ok=true present=3ms inter_flip_ms=48 drawcalls-since-flip=318 drawcalls-total=112563 fail-total=0 null-skips-total=0
[12:42:14] [info]  >> Entering stage 11: 'Mimiga Village'.
[12:42:14] [info] [skip-sheet-flush] cave=7
[12:42:14] [info] [load-stage] preloading entry music song=9 (cave=7)
[12:42:14] [info] gameloop: entered (curmap=11, running=1)
[12:42:14] [info] gameloop: iter 1 ticks=81961 mapno=-1
[12:42:14] [info] mds-clear-lut: rebuilt N=240 entries (k_skip=0% k_keep=100%; curmap=11 map_size=60x60; rebuild #5 since boot)
[12:42:14] [info] gameloop: iter 2 ticks=82028 mapno=-1
[12:42:15] [info] gameloop: iter 3 ticks=82088 mapno=-1
[12:42:15] [info] flip-probe: flip #1700 ok=true present=3ms inter_flip_ms=52 drawcalls-since-flip=331 drawcalls-total=115506 fail-total=0 null-skips-total=0
[12:42:15] [info] alpha audit block 0: 6529 total drawcalls, 0 with alpha<255 (block pct_x10=0; global 0/107519 pct_x10=0); alpha-mod skipped: block=0 global=0
[12:42:15] [info] fastpath audit block 0: taken=6529 (idx8=6529) skipped=0 pct_x10=1000; global taken=107519 (idx8=107519) skipped=0 pct_x10=1000
[12:42:15] [info] primitive tally block 0: clear=201(hr=201) fill=0(hr=0) rect=0(hr=0) line=0(hr=0) tint=0 spotlight=0 (over 100 flips ending at flip 1700)
[12:42:15] [info] color/alpha audit block 0: cmod_white=78 cmod_black=78 (idx=78) cmod_general=0 (idx=0) cmod_fb=0; alpha_taken=0 alpha_skipped=0 (global cmod=7380/5838/693/0 idx=5838/693 alpha=0/0)
[12:42:15] [info] phase timing block 0: drawcalls=6892 dc_total_ms=731 flip_inner_total_ms=411 inter_flip_total_ms=3874 (per-flip avg x10: dc_ms=73 fi_ms=41 if_ms=387 derived audio+engine_ms=273; per-drawcall avg us_x10=1060) [direct-vesa: presents=100 total_ms=266 avg_ms_x10=26 failed=0] [ablation: NO_DC_TIMING=0 CACHE_WINSURF=0 DIRECT_VESA=1]
[12:42:15] [info] kbd/audio block 0: kbd_irq=0 kbd_drain=0 ring_chunks=16 pump_pass=2750 pic1_mask=0xb8 first_irq_ticks=0 install_ticks=0 vector_at_install=0x0083a0c0 pic1_mask_live=0x38 kbd_8042_stat=0x34 bios_kbd_head=0x0022 bios_kbd_tail=0x0022 bios_kbd_buf0=0x1c0d
[12:42:15] [info] dirty-rect block @flip=1700: total_calls=0 dirty_rects_avg=1 dirty_pct_x10=1000 forced_full=0 first_n_force=0 threshold_exceeded=0 dirty_path_taken=0 full_flush_taken=0
[12:42:15] [info] prev-frame-diff block @flip=1700: diff_calls=0 diff_rects_avg=0 diff_dirty_pct_x10=0 bbox_pct_x10=0 bbox_thresh_exceeded=0
[12:42:15] [info] flip-probe: flip #1710 ok=true present=3ms inter_flip_ms=32 drawcalls-since-flip=42 drawcalls-total=116727 fail-total=0 null-skips-total=0
[12:42:15] [info] flip-probe: flip #1720 ok=true present=3ms inter_flip_ms=31 drawcalls-since-flip=42 drawcalls-total=117147 fail-total=0 null-skips-total=0
[12:42:16] [info] flip-probe: flip #1730 ok=true present=3ms inter_flip_ms=29 drawcalls-since-flip=42 drawcalls-total=117567 fail-total=0 null-skips-total=0
[12:42:16] [info] flip-probe: flip #1740 ok=true present=3ms inter_flip_ms=32 drawcalls-since-flip=42 drawcalls-total=117987 fail-total=0 null-skips-total=0
[12:42:16] [info] flip-probe: flip #1750 ok=true present=3ms inter_flip_ms=33 drawcalls-since-flip=53 drawcalls-total=118462 fail-total=0 null-skips-total=0
[12:42:17] [info] backdrop cache: thrashing-detect engaged (streak=4, route=direct)
[12:42:17] [info] flip-probe: flip #1760 ok=true present=3ms inter_flip_ms=32 drawcalls-since-flip=49 drawcalls-total=118986 fail-total=0 null-skips-total=0
[12:42:17] [info] flip-probe: flip #1770 ok=true present=3ms inter_flip_ms=33 drawcalls-since-flip=46 drawcalls-total=119479 fail-total=0 null-skips-total=0
[12:42:17] [info] flip-probe: flip #1780 ok=true present=3ms inter_flip_ms=34 drawcalls-since-flip=48 drawcalls-total=119958 fail-total=0 null-skips-total=0
[12:42:18] [info] flip-probe: flip #1790 ok=true present=3ms inter_flip_ms=31 drawcalls-since-flip=45 drawcalls-total=120429 fail-total=0 null-skips-total=0
[12:42:18] [info] flip-probe: flip #1800 ok=true present=3ms inter_flip_ms=34 drawcalls-since-flip=45 drawcalls-total=120883 fail-total=0 null-skips-total=0
[12:42:18] [info] alpha audit block 0: 3977 total drawcalls, 0 with alpha<255 (block pct_x10=0; global 0/111496 pct_x10=0); alpha-mod skipped: block=0 global=0
[12:42:18] [info] fastpath audit block 0: taken=3977 (idx8=3977) skipped=0 pct_x10=1000; global taken=111496 (idx8=111496) skipped=0 pct_x10=1000
[12:42:18] [info] primitive tally block 0: clear=200(hr=200) fill=0(hr=0) rect=0(hr=0) line=0(hr=0) tint=0 spotlight=0 (over 100 flips ending at flip 1800)
[12:42:18] [info] color/alpha audit block 0: cmod_white=1300 cmod_black=1300 (idx=1300) cmod_general=0 (idx=0) cmod_fb=0; alpha_taken=0 alpha_skipped=0 (global cmod=8680/7138/693/0 idx=7138/693 alpha=0/0)
[12:42:18] [info] phase timing block 0: drawcalls=6835 dc_total_ms=924 flip_inner_total_ms=415 inter_flip_total_ms=3387 (per-flip avg x10: dc_ms=92 fi_ms=41 if_ms=338 derived audio+engine_ms=205; per-drawcall avg us_x10=1352) [direct-vesa: presents=100 total_ms=266 avg_ms_x10=26 failed=0] [ablation: NO_DC_TIMING=0 CACHE_WINSURF=0 DIRECT_VESA=1]
[12:42:18] [info] kbd/audio block 0: kbd_irq=0 kbd_drain=0 ring_chunks=16 pump_pass=2920 pic1_mask=0xb8 first_irq_ticks=0 install_ticks=0 vector_at_install=0x0083a0c0 pic1_mask_live=0x38 kbd_8042_stat=0x34 bios_kbd_head=0x0022 bios_kbd_tail=0x0022 bios_kbd_buf0=0x1c0d
[12:42:18] [info] dirty-rect block @flip=1800: total_calls=0 dirty_rects_avg=1 dirty_pct_x10=1000 forced_full=0 first_n_force=0 threshold_exceeded=0 dirty_path_taken=0 full_flush_taken=0
[12:42:18] [info] prev-frame-diff block @flip=1800: diff_calls=0 diff_rects_avg=0 diff_dirty_pct_x10=0 bbox_pct_x10=0 bbox_thresh_exceeded=0
[12:42:18] [info] flip-probe: flip #1810 ok=true present=3ms inter_flip_ms=32 drawcalls-since-flip=44 drawcalls-total=121329 fail-total=0 null-skips-total=0
[12:42:19] [info] backdrop cache: thrashing-detect engaged (streak=64, route=direct)
[12:42:19] [info] flip-probe: flip #1820 ok=true present=2ms inter_flip_ms=30 drawcalls-since-flip=20 drawcalls-total=121620 fail-total=0 null-skips-total=0
[12:42:19] [info] flip-probe: flip #1830 ok=true present=3ms inter_flip_ms=28 drawcalls-since-flip=19 drawcalls-total=121816 fail-total=0 null-skips-total=0
[12:42:19] [info] flip-probe: flip #1840 ok=true present=3ms inter_flip_ms=28 drawcalls-since-flip=19 drawcalls-total=122006 fail-total=0 null-skips-total=0
[12:42:20] [info] flip-probe: flip #1850 ok=true present=2ms inter_flip_ms=33 drawcalls-since-flip=19 drawcalls-total=122196 fail-total=0 null-skips-total=0
[12:42:20] [info] flip-probe: flip #1860 ok=true present=3ms inter_flip_ms=30 drawcalls-since-flip=19 drawcalls-total=122386 fail-total=0 null-skips-total=0
[12:42:20] [info] flip-probe: flip #1870 ok=true present=3ms inter_flip_ms=32 drawcalls-since-flip=19 drawcalls-total=122576 fail-total=0 null-skips-total=0
[12:42:21] [info] backdrop cache: thrashing-detect engaged (streak=124, route=direct)
[12:42:21] [info] flip-probe: flip #1880 ok=true present=3ms inter_flip_ms=29 drawcalls-since-flip=19 drawcalls-total=122766 fail-total=0 null-skips-total=0
[12:42:21] [info] flip-probe: flip #1890 ok=true present=3ms inter_flip_ms=28 drawcalls-since-flip=18 drawcalls-total=122953 fail-total=0 null-skips-total=0
[12:42:21] [info] flip-probe: flip #1900 ok=true present=3ms inter_flip_ms=32 drawcalls-since-flip=18 drawcalls-total=123133 fail-total=0 null-skips-total=0
[12:42:21] [info] alpha audit block 0: 1968 total drawcalls, 0 with alpha<255 (block pct_x10=0; global 0/113464 pct_x10=0); alpha-mod skipped: block=0 global=0
[12:42:21] [info] fastpath audit block 0: taken=1968 (idx8=1968) skipped=0 pct_x10=1000; global taken=113464 (idx8=113464) skipped=0 pct_x10=1000
[12:42:21] [info] primitive tally block 0: clear=200(hr=200) fill=0(hr=0) rect=0(hr=0) line=0(hr=0) tint=0 spotlight=0 (over 100 flips ending at flip 1900)
[12:42:21] [info] color/alpha audit block 0: cmod_white=182 cmod_black=182 (idx=182) cmod_general=0 (idx=0) cmod_fb=0; alpha_taken=0 alpha_skipped=0 (global cmod=8862/7320/693/0 idx=7320/693 alpha=0/0)
[12:42:21] [info] phase timing block 0: drawcalls=2532 dc_total_ms=506 flip_inner_total_ms=404 inter_flip_total_ms=3157 (per-flip avg x10: dc_ms=50 fi_ms=40 if_ms=315 derived audio+engine_ms=225; per-drawcall avg us_x10=1999) [direct-vesa: presents=100 total_ms=269 avg_ms_x10=26 failed=0] [ablation: NO_DC_TIMING=0 CACHE_WINSURF=0 DIRECT_VESA=1]
[12:42:21] [info] kbd/audio block 0: kbd_irq=0 kbd_drain=0 ring_chunks=16 pump_pass=3078 pic1_mask=0xb8 first_irq_ticks=0 install_ticks=0 vector_at_install=0x0083a0c0 pic1_mask_live=0x38 kbd_8042_stat=0x34 bios_kbd_head=0x0022 bios_kbd_tail=0x0022 bios_kbd_buf0=0x1c0d
[12:42:21] [info] dirty-rect block @flip=1900: total_calls=0 dirty_rects_avg=1 dirty_pct_x10=1000 forced_full=0 first_n_force=0 threshold_exceeded=0 dirty_path_taken=0 full_flush_taken=0
[12:42:21] [info] prev-frame-diff block @flip=1900: diff_calls=0 diff_rects_avg=0 diff_dirty_pct_x10=0 bbox_pct_x10=0 bbox_thresh_exceeded=0
[12:42:22] [info] flip-probe: flip #1910 ok=true present=3ms inter_flip_ms=29 drawcalls-since-flip=18 drawcalls-total=123313 fail-total=0 null-skips-total=0
[12:42:22] [info] tas: stall frame 246 ms -> contributing 1 tick (patch 0286)
[12:42:22] [info] flip-probe: flip #1920 ok=true present=3ms inter_flip_ms=33 drawcalls-since-flip=17 drawcalls-total=123486 fail-total=0 null-skips-total=0
[12:42:22] [info] flip-probe: flip #1930 ok=true present=3ms inter_flip_ms=31 drawcalls-since-flip=17 drawcalls-total=123656 fail-total=0 null-skips-total=0
[12:42:23] [info] backdrop cache: thrashing-detect engaged (streak=184, route=direct)
[12:42:23] [info] flip-probe: flip #1940 ok=true present=2ms inter_flip_ms=30 drawcalls-since-flip=18 drawcalls-total=123832 fail-total=0 null-skips-total=0
[12:42:23] [info] flip-probe: flip #1950 ok=true present=3ms inter_flip_ms=29 drawcalls-since-flip=19 drawcalls-total=124018 fail-total=0 null-skips-total=0
[12:42:23] [info] flip-probe: flip #1960 ok=true present=3ms inter_flip_ms=32 drawcalls-since-flip=19 drawcalls-total=124208 fail-total=0 null-skips-total=0
[12:42:24] [info] flip-probe: flip #1970 ok=true present=2ms inter_flip_ms=32 drawcalls-since-flip=19 drawcalls-total=124398 fail-total=0 null-skips-total=0
[12:42:24] [info] flip-probe: flip #1980 ok=true present=2ms inter_flip_ms=32 drawcalls-since-flip=19 drawcalls-total=124588 fail-total=0 null-skips-total=0
[12:42:24] [info] flip-probe: flip #1990 ok=true present=3ms inter_flip_ms=29 drawcalls-since-flip=18 drawcalls-total=124768 fail-total=0 null-skips-total=0
[12:42:25] [info] backdrop cache: thrashing-detect engaged (streak=244, route=direct)
[12:42:25] [info] flip-probe: flip #2000 ok=true present=2ms inter_flip_ms=35 drawcalls-since-flip=17 drawcalls-total=124943 fail-total=0 null-skips-total=0
[12:42:25] [info] alpha audit block 0: 1710 total drawcalls, 0 with alpha<255 (block pct_x10=0; global 0/115174 pct_x10=0); alpha-mod skipped: block=0 global=0
[12:42:25] [info] fastpath audit block 0: taken=1710 (idx8=1710) skipped=0 pct_x10=1000; global taken=115174 (idx8=115174) skipped=0 pct_x10=1000
[12:42:25] [info] primitive tally block 0: clear=200(hr=200) fill=0(hr=0) rect=0(hr=0) line=0(hr=0) tint=0 spotlight=0 (over 100 flips ending at flip 2000)
[12:42:25] [info] phase timing block 0: drawcalls=1910 dc_total_ms=488 flip_inner_total_ms=632 inter_flip_total_ms=3330 (per-flip avg x10: dc_ms=48 fi_ms=63 if_ms=333 derived audio+engine_ms=222; per-drawcall avg us_x10=2558) [direct-vesa: presents=100 total_ms=268 avg_ms_x10=26 failed=0] [ablation: NO_DC_TIMING=0 CACHE_WINSURF=0 DIRECT_VESA=1]
[12:42:25] [info] kbd/audio block 0: kbd_irq=0 kbd_drain=0 ring_chunks=16 pump_pass=3233 pic1_mask=0xb8 first_irq_ticks=0 install_ticks=0 vector_at_install=0x0083a0c0 pic1_mask_live=0x38 kbd_8042_stat=0x34 bios_kbd_head=0x0022 bios_kbd_tail=0x0022 bios_kbd_buf0=0x1c0d
[12:42:25] [info] dirty-rect block @flip=2000: total_calls=0 dirty_rects_avg=1 dirty_pct_x10=1000 forced_full=0 first_n_force=0 threshold_exceeded=0 dirty_path_taken=0 full_flush_taken=0
[12:42:25] [info] prev-frame-diff block @flip=2000: diff_calls=0 diff_rects_avg=0 diff_dirty_pct_x10=0 bbox_pct_x10=0 bbox_thresh_exceeded=0
[12:42:25] [info] flip-probe: flip #2010 ok=true present=3ms inter_flip_ms=32 drawcalls-since-flip=18 drawcalls-total=125118 fail-total=0 null-skips-total=0
[12:42:25] [info] flip-probe: flip #2020 ok=true present=3ms inter_flip_ms=32 drawcalls-since-flip=18 drawcalls-total=125298 fail-total=0 null-skips-total=0
[12:42:26] [info] flip-probe: flip #2030 ok=true present=3ms inter_flip_ms=32 drawcalls-since-flip=19 drawcalls-total=125481 fail-total=0 null-skips-total=0
[12:42:26] [info] flip-probe: flip #2040 ok=true present=2ms inter_flip_ms=28 drawcalls-since-flip=19 drawcalls-total=125671 fail-total=0 null-skips-total=0
[12:42:26] [info] run_tick_fixed #3300: heartbeat (loop alive)
[12:42:26] [info] flip-probe: flip #2050 ok=true present=3ms inter_flip_ms=32 drawcalls-since-flip=19 drawcalls-total=125861 fail-total=0 null-skips-total=0
[12:42:26] [info] backdrop cache: thrashing-detect engaged (streak=304, route=direct)
[12:42:27] [info] flip-probe: flip #2060 ok=true present=3ms inter_flip_ms=32 drawcalls-since-flip=19 drawcalls-total=126051 fail-total=0 null-skips-total=0
[12:42:27] [info] flip-probe: flip #2070 ok=true present=3ms inter_flip_ms=32 drawcalls-since-flip=20 drawcalls-total=126248 fail-total=0 null-skips-total=0
[12:42:27] [info] flip-probe: flip #2080 ok=true present=2ms inter_flip_ms=30 drawcalls-since-flip=20 drawcalls-total=126448 fail-total=0 null-skips-total=0
[12:42:27] [info] flip-probe: flip #2090 ok=true present=3ms inter_flip_ms=30 drawcalls-since-flip=20 drawcalls-total=126648 fail-total=0 null-skips-total=0
[12:42:28] [info] flip-probe: flip #2100 ok=true present=3ms inter_flip_ms=31 drawcalls-since-flip=20 drawcalls-total=126848 fail-total=0 null-skips-total=0
[12:42:28] [info] alpha audit block 0: 1805 total drawcalls, 0 with alpha<255 (block pct_x10=0; global 0/116979 pct_x10=0); alpha-mod skipped: block=0 global=0
[12:42:28] [info] fastpath audit block 0: taken=1805 (idx8=1805) skipped=0 pct_x10=1000; global taken=116979 (idx8=116979) skipped=0 pct_x10=1000
[12:42:28] [info] primitive tally block 0: clear=200(hr=200) fill=0(hr=0) rect=0(hr=0) line=0(hr=0) tint=0 spotlight=0 (over 100 flips ending at flip 2100)
[12:42:28] [info] phase timing block 0: drawcalls=2005 dc_total_ms=489 flip_inner_total_ms=399 inter_flip_total_ms=3121 (per-flip avg x10: dc_ms=48 fi_ms=39 if_ms=312 derived audio+engine_ms=225; per-drawcall avg us_x10=2442) [direct-vesa: presents=100 total_ms=266 avg_ms_x10=26 failed=0] [ablation: NO_DC_TIMING=0 CACHE_WINSURF=0 DIRECT_VESA=1]
[12:42:28] [info] kbd/audio block 0: kbd_irq=0 kbd_drain=0 ring_chunks=16 pump_pass=3389 pic1_mask=0xb8 first_irq_ticks=0 install_ticks=0 vector_at_install=0x0083a0c0 pic1_mask_live=0x38 kbd_8042_stat=0x34 bios_kbd_head=0x0022 bios_kbd_tail=0x0022 bios_kbd_buf0=0x1c0d
[12:42:28] [info] dirty-rect block @flip=2100: total_calls=0 dirty_rects_avg=1 dirty_pct_x10=1000 forced_full=0 first_n_force=0 threshold_exceeded=0 dirty_path_taken=0 full_flush_taken=0
[12:42:28] [info] prev-frame-diff block @flip=2100: diff_calls=0 diff_rects_avg=0 diff_dirty_pct_x10=0 bbox_pct_x10=0 bbox_thresh_exceeded=0
[12:42:28] [info] flip-probe: flip #2110 ok=true present=3ms inter_flip_ms=29 drawcalls-since-flip=17 drawcalls-total=127027 fail-total=0 null-skips-total=0
[12:42:28] [info] backdrop cache: thrashing-detect engaged (streak=364, route=direct)
[12:42:28] [info] flip-probe: flip #2120 ok=true present=3ms inter_flip_ms=31 drawcalls-since-flip=17 drawcalls-total=127197 fail-total=0 null-skips-total=0
[12:42:29] [info] flip-probe: flip #2130 ok=true present=2ms inter_flip_ms=30 drawcalls-since-flip=17 drawcalls-total=127367 fail-total=0 null-skips-total=0
[12:42:29] [info] flip-probe: flip #2140 ok=true present=3ms inter_flip_ms=32 drawcalls-since-flip=18 drawcalls-total=127539 fail-total=0 null-skips-total=0
[12:42:29] [info] flip-probe: flip #2150 ok=true present=2ms inter_flip_ms=30 drawcalls-since-flip=18 drawcalls-total=127723 fail-total=0 null-skips-total=0
[12:42:30] [info] flip-probe: flip #2160 ok=true present=3ms inter_flip_ms=32 drawcalls-since-flip=17 drawcalls-total=127901 fail-total=0 null-skips-total=0
[12:42:30] [info] flip-probe: flip #2170 ok=true present=3ms inter_flip_ms=30 drawcalls-since-flip=17 drawcalls-total=128071 fail-total=0 null-skips-total=0
[12:42:30] [info] backdrop cache: thrashing-detect engaged (streak=424, route=direct)
[12:42:30] [info] flip-probe: flip #2180 ok=true present=3ms inter_flip_ms=33 drawcalls-since-flip=16 drawcalls-total=128232 fail-total=0 null-skips-total=0
[12:42:31] [info] flip-probe: flip #2190 ok=true present=3ms inter_flip_ms=32 drawcalls-since-flip=17 drawcalls-total=128399 fail-total=0 null-skips-total=0
[12:42:31] [info] flip-probe: flip #2200 ok=true present=3ms inter_flip_ms=33 drawcalls-since-flip=19 drawcalls-total=128581 fail-total=0 null-skips-total=0
[12:42:31] [info] alpha audit block 0: 1633 total drawcalls, 0 with alpha<255 (block pct_x10=0; global 0/118612 pct_x10=0); alpha-mod skipped: block=0 global=0
[12:42:31] [info] fastpath audit block 0: taken=1633 (idx8=1633) skipped=0 pct_x10=1000; global taken=118612 (idx8=118612) skipped=0 pct_x10=1000
[12:42:31] [info] primitive tally block 0: clear=200(hr=200) fill=0(hr=0) rect=0(hr=0) line=0(hr=0) tint=0 spotlight=0 (over 100 flips ending at flip 2200)
[12:42:31] [info] phase timing block 0: drawcalls=1833 dc_total_ms=487 flip_inner_total_ms=405 inter_flip_total_ms=3141 (per-flip avg x10: dc_ms=48 fi_ms=40 if_ms=314 derived audio+engine_ms=226; per-drawcall avg us_x10=2660) [direct-vesa: presents=100 total_ms=269 avg_ms_x10=26 failed=0] [ablation: NO_DC_TIMING=0 CACHE_WINSURF=0 DIRECT_VESA=1]
[12:42:31] [info] kbd/audio block 0: kbd_irq=0 kbd_drain=0 ring_chunks=16 pump_pass=3546 pic1_mask=0xb8 first_irq_ticks=0 install_ticks=0 vector_at_install=0x0083a0c0 pic1_mask_live=0x38 kbd_8042_stat=0x34 bios_kbd_head=0x0022 bios_kbd_tail=0x0022 bios_kbd_buf0=0x1c0d
[12:42:31] [info] dirty-rect block @flip=2200: total_calls=0 dirty_rects_avg=1 dirty_pct_x10=1000 forced_full=0 first_n_force=0 threshold_exceeded=0 dirty_path_taken=0 full_flush_taken=0
[12:42:31] [info] prev-frame-diff block @flip=2200: diff_calls=0 diff_rects_avg=0 diff_dirty_pct_x10=0 bbox_pct_x10=0 bbox_thresh_exceeded=0
[12:42:31] [info] flip-probe: flip #2210 ok=true present=2ms inter_flip_ms=30 drawcalls-since-flip=20 drawcalls-total=128780 fail-total=0 null-skips-total=0
[12:42:31] [info] tas: stall frame 249 ms -> contributing 1 tick (patch 0286)
[12:42:32] [info] flip-probe: flip #2220 ok=true present=3ms inter_flip_ms=28 drawcalls-since-flip=18 drawcalls-total=128980 fail-total=0 null-skips-total=0
[12:42:32] [info] flip-probe: flip #2230 ok=true present=3ms inter_flip_ms=31 drawcalls-since-flip=19 drawcalls-total=129162 fail-total=0 null-skips-total=0
[12:42:32] [info] run_tick_fixed #3600: heartbeat (loop alive)
[12:42:32] [info] backdrop cache: thrashing-detect engaged (streak=484, route=direct)
[12:42:33] [info] flip-probe: flip #2240 ok=true present=3ms inter_flip_ms=56 drawcalls-since-flip=359 drawcalls-total=131536 fail-total=0 null-skips-total=0
[12:42:33] [info]  >> Entering stage 19: 'Assembly Hall'.
[12:42:33] [info] [skip-sheet-flush] cave=8
[12:42:33] [info] [load-stage] preloading entry music song=9 (cave=8)
[12:42:33] [info] gameloop: entered (curmap=19, running=1)
[12:42:33] [info] gameloop: iter 1 ticks=100872 mapno=-1
[12:42:33] [info] mds-clear-lut: rebuilt N=240 entries (k_skip=100% k_keep=0%; curmap=19 map_size=21x16; rebuild #6 since boot)
[12:42:33] [info] gameloop: iter 2 ticks=100948 mapno=-1
[12:42:33] [info] gameloop: iter 3 ticks=101009 mapno=-1
[12:42:34] [info] flip-probe: flip #2250 ok=true present=3ms inter_flip_ms=53 drawcalls-since-flip=463 drawcalls-total=135398 fail-total=0 null-skips-total=0
[12:42:34] [info] flip-probe: flip #2260 ok=true present=3ms inter_flip_ms=31 drawcalls-since-flip=111 drawcalls-total=137508 fail-total=0 null-skips-total=0
[12:42:34] [info] flip-probe: flip #2270 ok=true present=3ms inter_flip_ms=32 drawcalls-since-flip=122 drawcalls-total=138728 fail-total=0 null-skips-total=0
[12:42:35] [info] flip-probe: flip #2280 ok=true present=2ms inter_flip_ms=33 drawcalls-since-flip=122 drawcalls-total=139948 fail-total=0 null-skips-total=0
[12:42:35] [info] flip-probe: flip #2290 ok=true present=3ms inter_flip_ms=33 drawcalls-since-flip=122 drawcalls-total=141168 fail-total=0 null-skips-total=0
[12:42:35] [info] flip-probe: flip #2300 ok=true present=3ms inter_flip_ms=31 drawcalls-since-flip=124 drawcalls-total=142402 fail-total=0 null-skips-total=0
[12:42:35] [info] alpha audit block 0: 13049 total drawcalls, 0 with alpha<255 (block pct_x10=0; global 0/131661 pct_x10=0); alpha-mod skipped: block=0 global=0
[12:42:35] [info] fastpath audit block 0: taken=13049 (idx8=13049) skipped=0 pct_x10=1000; global taken=131661 (idx8=131661) skipped=0 pct_x10=1000
[12:42:35] [info] primitive tally block 0: clear=201(hr=201) fill=0(hr=0) rect=0(hr=0) line=0(hr=0) tint=0 spotlight=0 (over 100 flips ending at flip 2300)
[12:42:35] [info] color/alpha audit block 0: cmod_white=672 cmod_black=672 (idx=672) cmod_general=0 (idx=0) cmod_fb=0; alpha_taken=0 alpha_skipped=0 (global cmod=9534/7992/693/0 idx=7992/693 alpha=0/0)
[12:42:35] [info] phase timing block 0: drawcalls=14650 dc_total_ms=1098 flip_inner_total_ms=627 inter_flip_total_ms=4471 (per-flip avg x10: dc_ms=109 fi_ms=62 if_ms=447 derived audio+engine_ms=276; per-drawcall avg us_x10=750) [direct-vesa: presents=100 total_ms=266 avg_ms_x10=26 failed=0] [ablation: NO_DC_TIMING=0 CACHE_WINSURF=0 DIRECT_VESA=1]
[12:42:35] [info] kbd/audio block 0: kbd_irq=0 kbd_drain=0 ring_chunks=16 pump_pass=3728 pic1_mask=0xb8 first_irq_ticks=0 install_ticks=0 vector_at_install=0x0083a0c0 pic1_mask_live=0x38 kbd_8042_stat=0x34 bios_kbd_head=0x0022 bios_kbd_tail=0x0022 bios_kbd_buf0=0x1c0d
[12:42:35] [info] dirty-rect block @flip=2300: total_calls=0 dirty_rects_avg=1 dirty_pct_x10=1000 forced_full=0 first_n_force=0 threshold_exceeded=0 dirty_path_taken=0 full_flush_taken=0
[12:42:35] [info] prev-frame-diff block @flip=2300: diff_calls=0 diff_rects_avg=0 diff_dirty_pct_x10=0 bbox_pct_x10=0 bbox_thresh_exceeded=0
[12:42:36] [info] flip-probe: flip #2310 ok=true present=3ms inter_flip_ms=32 drawcalls-since-flip=123 drawcalls-total=143641 fail-total=0 null-skips-total=0
[12:42:36] [info] flip-probe: flip #2320 ok=true present=2ms inter_flip_ms=32 drawcalls-since-flip=124 drawcalls-total=144869 fail-total=0 null-skips-total=0
[12:42:36] [info] flip-probe: flip #2330 ok=true present=2ms inter_flip_ms=33 drawcalls-since-flip=122 drawcalls-total=146100 fail-total=0 null-skips-total=0
[12:42:37] [info] flip-probe: flip #2340 ok=true present=3ms inter_flip_ms=32 drawcalls-since-flip=122 drawcalls-total=147320 fail-total=0 null-skips-total=0
[12:42:37] [info] flip-probe: flip #2350 ok=true present=3ms inter_flip_ms=32 drawcalls-since-flip=122 drawcalls-total=148540 fail-total=0 null-skips-total=0
[12:42:37] [info] flip-probe: flip #2360 ok=true present=2ms inter_flip_ms=31 drawcalls-since-flip=122 drawcalls-total=149760 fail-total=0 null-skips-total=0
[12:42:38] [info] flip-probe: flip #2370 ok=true present=2ms inter_flip_ms=32 drawcalls-since-flip=98 drawcalls-total=150836 fail-total=0 null-skips-total=0
[12:42:38] [info] flip-probe: flip #2380 ok=true present=3ms inter_flip_ms=29 drawcalls-since-flip=98 drawcalls-total=151816 fail-total=0 null-skips-total=0
[12:42:38] [info] flip-probe: flip #2390 ok=true present=2ms inter_flip_ms=54 drawcalls-since-flip=438 drawcalls-total=155200 fail-total=0 null-skips-total=0
[12:42:39] [info]  >> Entering stage 11: 'Mimiga Village'.
[12:42:39] [info] [skip-sheet-flush] cave=9
[12:42:39] [info] [load-stage] preloading entry music song=9 (cave=9)
[12:42:39] [info] gameloop: entered (curmap=11, running=1)
[12:42:39] [info] gameloop: iter 1 ticks=106734 mapno=-1
[12:42:39] [info] mds-clear-lut: rebuilt N=240 entries (k_skip=0% k_keep=100%; curmap=11 map_size=60x60; rebuild #7 since boot)
[12:42:39] [info] gameloop: iter 2 ticks=106809 mapno=-1
[12:42:39] [info] gameloop: iter 3 ticks=106872 mapno=-1
[12:42:40] [info] flip-probe: flip #2400 ok=true present=3ms inter_flip_ms=60 drawcalls-since-flip=372 drawcalls-total=158892 fail-total=0 null-skips-total=0
[12:42:40] [info] alpha audit block 0: 15544 total drawcalls, 0 with alpha<255 (block pct_x10=0; global 0/147205 pct_x10=0); alpha-mod skipped: block=0 global=0
[12:42:40] [info] fastpath audit block 0: taken=15544 (idx8=15544) skipped=0 pct_x10=1000; global taken=147205 (idx8=147205) skipped=0 pct_x10=1000
[12:42:40] [info] primitive tally block 0: clear=201(hr=201) fill=0(hr=0) rect=0(hr=0) line=0(hr=0) tint=0 spotlight=0 (over 100 flips ending at flip 2400)
[12:42:40] [info] color/alpha audit block 0: cmod_white=846 cmod_black=846 (idx=846) cmod_general=0 (idx=0) cmod_fb=0; alpha_taken=0 alpha_skipped=0 (global cmod=10380/8838/693/0 idx=8838/693 alpha=0/0)
[12:42:40] [info] phase timing block 0: drawcalls=17537 dc_total_ms=1290 flip_inner_total_ms=410 inter_flip_total_ms=4212 (per-flip avg x10: dc_ms=129 fi_ms=41 if_ms=421 derived audio+engine_ms=251; per-drawcall avg us_x10=735) [direct-vesa: presents=100 total_ms=266 avg_ms_x10=26 failed=0] [ablation: NO_DC_TIMING=0 CACHE_WINSURF=0 DIRECT_VESA=1]
[12:42:40] [info] kbd/audio block 0: kbd_irq=0 kbd_drain=0 ring_chunks=16 pump_pass=3908 pic1_mask=0xb8 first_irq_ticks=0 install_ticks=0 vector_at_install=0x0083a0c0 pic1_mask_live=0x38 kbd_8042_stat=0x34 bios_kbd_head=0x0022 bios_kbd_tail=0x0022 bios_kbd_buf0=0x1c0d
[12:42:40] [info] dirty-rect block @flip=2400: total_calls=0 dirty_rects_avg=1 dirty_pct_x10=1000 forced_full=0 first_n_force=0 threshold_exceeded=0 dirty_path_taken=0 full_flush_taken=0
[12:42:40] [info] prev-frame-diff block @flip=2400: diff_calls=0 diff_rects_avg=0 diff_dirty_pct_x10=0 bbox_pct_x10=0 bbox_thresh_exceeded=0
[12:42:40] [info] backdrop cache: thrashing-detect engaged (streak=4, route=direct)
[12:42:40] [info] flip-probe: flip #2410 ok=true present=3ms inter_flip_ms=31 drawcalls-since-flip=43 drawcalls-total=159682 fail-total=0 null-skips-total=0
[12:42:40] [info] flip-probe: flip #2420 ok=true present=3ms inter_flip_ms=35 drawcalls-since-flip=46 drawcalls-total=160132 fail-total=0 null-skips-total=0
[12:42:41] [info] flip-probe: flip #2430 ok=true present=3ms inter_flip_ms=32 drawcalls-since-flip=45 drawcalls-total=160592 fail-total=0 null-skips-total=0
[12:42:41] [info] flip-probe: flip #2440 ok=true present=3ms inter_flip_ms=31 drawcalls-since-flip=42 drawcalls-total=161017 fail-total=0 null-skips-total=0
[12:42:41] [info] flip-probe: flip #2450 ok=true present=2ms inter_flip_ms=34 drawcalls-since-flip=43 drawcalls-total=161447 fail-total=0 null-skips-total=0
[12:42:42] [info] flip-probe: flip #2460 ok=true present=2ms inter_flip_ms=32 drawcalls-since-flip=44 drawcalls-total=161885 fail-total=0 null-skips-total=0
[12:42:42] [info] backdrop cache: thrashing-detect engaged (streak=64, route=direct)
[12:42:42] [info] flip-probe: flip #2470 ok=true present=3ms inter_flip_ms=34 drawcalls-since-flip=44 drawcalls-total=162329 fail-total=0 null-skips-total=0
[12:42:42] [info] flip-probe: flip #2480 ok=true present=3ms inter_flip_ms=33 drawcalls-since-flip=43 drawcalls-total=162760 fail-total=0 null-skips-total=0
[12:42:43] [info] flip-probe: flip #2490 ok=true present=3ms inter_flip_ms=34 drawcalls-since-flip=46 drawcalls-total=163202 fail-total=0 null-skips-total=0
[12:42:43] [info] tas: stall frame 251 ms -> contributing 1 tick (patch 0286)
[12:42:43] [info] flip-probe: flip #2500 ok=true present=3ms inter_flip_ms=34 drawcalls-since-flip=45 drawcalls-total=163658 fail-total=0 null-skips-total=0
[12:42:43] [info] alpha audit block 0: 3366 total drawcalls, 0 with alpha<255 (block pct_x10=0; global 0/150571 pct_x10=0); alpha-mod skipped: block=0 global=0
[12:42:43] [info] fastpath audit block 0: taken=3366 (idx8=3366) skipped=0 pct_x10=1000; global taken=150571 (idx8=150571) skipped=0 pct_x10=1000
[12:42:43] [info] primitive tally block 0: clear=200(hr=200) fill=0(hr=0) rect=0(hr=0) line=0(hr=0) tint=0 spotlight=0 (over 100 flips ending at flip 2500)
[12:42:43] [info] color/alpha audit block 0: cmod_white=1300 cmod_black=1300 (idx=1300) cmod_general=0 (idx=0) cmod_fb=0; alpha_taken=0 alpha_skipped=0 (global cmod=11680/10138/693/0 idx=10138/693 alpha=0/0)
[12:42:43] [info] phase timing block 0: drawcalls=6166 dc_total_ms=633 flip_inner_total_ms=620 inter_flip_total_ms=3598 (per-flip avg x10: dc_ms=63 fi_ms=62 if_ms=359 derived audio+engine_ms=234; per-drawcall avg us_x10=1026) [direct-vesa: presents=100 total_ms=268 avg_ms_x10=26 failed=0] [ablation: NO_DC_TIMING=0 CACHE_WINSURF=0 DIRECT_VESA=1]
[12:42:43] [info] kbd/audio block 0: kbd_irq=0 kbd_drain=0 ring_chunks=16 pump_pass=4078 pic1_mask=0xb8 first_irq_ticks=0 install_ticks=0 vector_at_install=0x0083a0c0 pic1_mask_live=0x38 kbd_8042_stat=0x34 bios_kbd_head=0x0022 bios_kbd_tail=0x0022 bios_kbd_buf0=0x1c0d
[12:42:43] [info] dirty-rect block @flip=2500: total_calls=0 dirty_rects_avg=1 dirty_pct_x10=1000 forced_full=0 first_n_force=0 threshold_exceeded=0 dirty_path_taken=0 full_flush_taken=0
[12:42:43] [info] prev-frame-diff block @flip=2500: diff_calls=0 diff_rects_avg=0 diff_dirty_pct_x10=0 bbox_pct_x10=0 bbox_thresh_exceeded=0
[12:42:44] [info] flip-probe: flip #2510 ok=true present=3ms inter_flip_ms=34 drawcalls-since-flip=45 drawcalls-total=164105 fail-total=0 null-skips-total=0
[12:42:44] [info] flip-probe: flip #2520 ok=true present=3ms inter_flip_ms=27 drawcalls-since-flip=18 drawcalls-total=164390 fail-total=0 null-skips-total=0
[12:42:44] [info] backdrop cache: thrashing-detect engaged (streak=124, route=direct)
[12:42:44] [info] flip-probe: flip #2530 ok=true present=3ms inter_flip_ms=28 drawcalls-since-flip=18 drawcalls-total=164570 fail-total=0 null-skips-total=0
[12:42:44] [info] flip-probe: flip #2540 ok=true present=3ms inter_flip_ms=31 drawcalls-since-flip=17 drawcalls-total=164747 fail-total=0 null-skips-total=0
[12:42:45] [info] flip-probe: flip #2550 ok=true present=2ms inter_flip_ms=30 drawcalls-since-flip=17 drawcalls-total=164917 fail-total=0 null-skips-total=0
[12:42:45] [info] flip-probe: flip #2560 ok=true present=3ms inter_flip_ms=30 drawcalls-since-flip=17 drawcalls-total=165087 fail-total=0 null-skips-total=0
[12:42:45] [info] flip-probe: flip #2570 ok=true present=3ms inter_flip_ms=30 drawcalls-since-flip=17 drawcalls-total=165257 fail-total=0 null-skips-total=0
[12:42:46] [info] flip-probe: flip #2580 ok=true present=3ms inter_flip_ms=29 drawcalls-since-flip=18 drawcalls-total=165436 fail-total=0 null-skips-total=0
[12:42:46] [info] backdrop cache: thrashing-detect engaged (streak=184, route=direct)
[12:42:46] [info] flip-probe: flip #2590 ok=true present=3ms inter_flip_ms=29 drawcalls-since-flip=18 drawcalls-total=165616 fail-total=0 null-skips-total=0
[12:42:46] [info] flip-probe: flip #2600 ok=true present=3ms inter_flip_ms=28 drawcalls-since-flip=19 drawcalls-total=165805 fail-total=0 null-skips-total=0
[12:42:46] [info] alpha audit block 0: 1865 total drawcalls, 0 with alpha<255 (block pct_x10=0; global 0/152436 pct_x10=0); alpha-mod skipped: block=0 global=0
[12:42:46] [info] fastpath audit block 0: taken=1865 (idx8=1865) skipped=0 pct_x10=1000; global taken=152436 (idx8=152436) skipped=0 pct_x10=1000
[12:42:46] [info] primitive tally block 0: clear=200(hr=200) fill=0(hr=0) rect=0(hr=0) line=0(hr=0) tint=0 spotlight=0 (over 100 flips ending at flip 2600)
[12:42:46] [info] color/alpha audit block 0: cmod_white=182 cmod_black=182 (idx=182) cmod_general=0 (idx=0) cmod_fb=0; alpha_taken=0 alpha_skipped=0 (global cmod=11862/10320/693/0 idx=10320/693 alpha=0/0)
[12:42:46] [info] phase timing block 0: drawcalls=2429 dc_total_ms=501 flip_inner_total_ms=407 inter_flip_total_ms=3104 (per-flip avg x10: dc_ms=50 fi_ms=40 if_ms=310 derived audio+engine_ms=220; per-drawcall avg us_x10=2063) [direct-vesa: presents=100 total_ms=266 avg_ms_x10=26 failed=0] [ablation: NO_DC_TIMING=0 CACHE_WINSURF=0 DIRECT_VESA=1]
[12:42:46] [info] kbd/audio block 0: kbd_irq=0 kbd_drain=0 ring_chunks=16 pump_pass=4233 pic1_mask=0xb8 first_irq_ticks=0 install_ticks=0 vector_at_install=0x0083a0c0 pic1_mask_live=0x38 kbd_8042_stat=0x34 bios_kbd_head=0x0022 bios_kbd_tail=0x0022 bios_kbd_buf0=0x1c0d
[12:42:46] [info] dirty-rect block @flip=2600: total_calls=0 dirty_rects_avg=1 dirty_pct_x10=1000 forced_full=0 first_n_force=0 threshold_exceeded=0 dirty_path_taken=0 full_flush_taken=0
[12:42:46] [info] prev-frame-diff block @flip=2600: diff_calls=0 diff_rects_avg=0 diff_dirty_pct_x10=0 bbox_pct_x10=0 bbox_thresh_exceeded=0
[12:42:47] [info] flip-probe: flip #2610 ok=true present=3ms inter_flip_ms=30 drawcalls-since-flip=18 drawcalls-total=165994 fail-total=0 null-skips-total=0
[12:42:47] [info] flip-probe: flip #2620 ok=true present=3ms inter_flip_ms=32 drawcalls-since-flip=15 drawcalls-total=166159 fail-total=0 null-skips-total=0
[12:42:47] [info] flip-probe: flip #2630 ok=true present=3ms inter_flip_ms=29 drawcalls-since-flip=15 drawcalls-total=166309 fail-total=0 null-skips-total=0
[12:42:48] [info] flip-probe: flip #2640 ok=true present=2ms inter_flip_ms=36 drawcalls-since-flip=116 drawcalls-total=166638 fail-total=0 null-skips-total=0
[12:42:48] [info] backdrop cache: thrashing-detect engaged (streak=244, route=direct)
[12:42:48] [info] flip-probe: flip #2650 ok=true present=3ms inter_flip_ms=56 drawcalls-since-flip=356 drawcalls-total=169838 fail-total=0 null-skips-total=0
[12:42:48] [info]  >> Entering stage 14: 'Shack'.
[12:42:48] [info] [skip-sheet-flush] cave=10
[12:42:48] [info] [load-stage] preloading entry music song=8 (cave=10)
[12:42:48] [info] opl3 backend: on_song_stop
[12:42:49] [info] MidiScheduler::load: parsed 'data/orgmid2/vivi.mid' = 11188 events at 48 PPQ
[12:42:49] [info] opl3 backend: on_song_start
[12:42:49] [info] gameloop: entered (curmap=14, running=1)
[12:42:49] [info] gameloop: iter 1 ticks=116394 mapno=-1
[12:42:49] [info] gameloop: iter 2 ticks=116446 mapno=-1
[12:42:49] [info] gameloop: iter 3 ticks=116498 mapno=-1
[12:42:49] [info] flip-probe: flip #2660 ok=true present=3ms inter_flip_ms=40 drawcalls-since-flip=305 drawcalls-total=173043 fail-total=0 null-skips-total=0
[12:42:50] [info] flip-probe: flip #2670 ok=true present=3ms inter_flip_ms=22 drawcalls-since-flip=13 drawcalls-total=173885 fail-total=0 null-skips-total=0
[12:42:50] [info] flip-probe: flip #2680 ok=true present=3ms inter_flip_ms=23 drawcalls-since-flip=24 drawcalls-total=174114 fail-total=0 null-skips-total=0
[12:42:50] [info] flip-probe: flip #2690 ok=true present=2ms inter_flip_ms=24 drawcalls-since-flip=24 drawcalls-total=174354 fail-total=0 null-skips-total=0
[12:42:50] [info] flip-probe: flip #2700 ok=true present=3ms inter_flip_ms=25 drawcalls-since-flip=24 drawcalls-total=174594 fail-total=0 null-skips-total=0
[12:42:50] [info] alpha audit block 0: 8493 total drawcalls, 0 with alpha<255 (block pct_x10=0; global 0/160929 pct_x10=0); alpha-mod skipped: block=0 global=0
[12:42:50] [info] fastpath audit block 0: taken=8493 (idx8=8493) skipped=0 pct_x10=1000; global taken=160929 (idx8=160929) skipped=0 pct_x10=1000
[12:42:50] [info] primitive tally block 0: clear=201(hr=201) fill=0(hr=0) rect=0(hr=0) line=0(hr=0) tint=0 spotlight=0 (over 100 flips ending at flip 2700)
[12:42:50] [info] color/alpha audit block 0: cmod_white=245 cmod_black=245 (idx=245) cmod_general=0 (idx=0) cmod_fb=0; alpha_taken=0 alpha_skipped=0 (global cmod=12107/10565/693/0 idx=10565/693 alpha=0/0)
[12:42:50] [info] phase timing block 0: drawcalls=9184 dc_total_ms=806 flip_inner_total_ms=408 inter_flip_total_ms=3981 (per-flip avg x10: dc_ms=80 fi_ms=40 if_ms=398 derived audio+engine_ms=278; per-drawcall avg us_x10=877) [direct-vesa: presents=100 total_ms=266 avg_ms_x10=26 failed=0] [ablation: NO_DC_TIMING=0 CACHE_WINSURF=0 DIRECT_VESA=1]
[12:42:50] [info] kbd/audio block 0: kbd_irq=0 kbd_drain=0 ring_chunks=16 pump_pass=4396 pic1_mask=0xb8 first_irq_ticks=0 install_ticks=0 vector_at_install=0x0083a0c0 pic1_mask_live=0x38 kbd_8042_stat=0x34 bios_kbd_head=0x0022 bios_kbd_tail=0x0022 bios_kbd_buf0=0x1c0d
[12:42:50] [info] dirty-rect block @flip=2700: total_calls=0 dirty_rects_avg=1 dirty_pct_x10=1000 forced_full=0 first_n_force=0 threshold_exceeded=0 dirty_path_taken=0 full_flush_taken=0
[12:42:50] [info] prev-frame-diff block @flip=2700: diff_calls=0 diff_rects_avg=0 diff_dirty_pct_x10=0 bbox_pct_x10=0 bbox_thresh_exceeded=0
[12:42:51] [info] flip-probe: flip #2710 ok=true present=2ms inter_flip_ms=23 drawcalls-since-flip=24 drawcalls-total=174834 fail-total=0 null-skips-total=0
[12:42:51] [info] flip-probe: flip #2720 ok=true present=3ms inter_flip_ms=24 drawcalls-since-flip=28 drawcalls-total=175096 fail-total=0 null-skips-total=0
[12:42:51] [info] tas: stall frame 242 ms -> contributing 1 tick (patch 0286)
[12:42:51] [info] flip-probe: flip #2730 ok=true present=2ms inter_flip_ms=24 drawcalls-since-flip=27 drawcalls-total=175370 fail-total=0 null-skips-total=0
[12:42:51] [info] flip-probe: flip #2740 ok=true present=2ms inter_flip_ms=24 drawcalls-since-flip=25 drawcalls-total=175628 fail-total=0 null-skips-total=0
[12:42:52] [info] flip-probe: flip #2750 ok=true present=2ms inter_flip_ms=23 drawcalls-since-flip=24 drawcalls-total=175869 fail-total=0 null-skips-total=0
[12:42:52] [info] flip-probe: flip #2760 ok=true present=3ms inter_flip_ms=24 drawcalls-since-flip=24 drawcalls-total=176109 fail-total=0 null-skips-total=0
[12:42:52] [info] flip-probe: flip #2770 ok=true present=3ms inter_flip_ms=23 drawcalls-since-flip=24 drawcalls-total=176349 fail-total=0 null-skips-total=0
[12:42:52] [info] flip-probe: flip #2780 ok=true present=2ms inter_flip_ms=24 drawcalls-since-flip=14 drawcalls-total=176499 fail-total=0 null-skips-total=0
[12:42:53] [info] flip-probe: flip #2790 ok=true present=3ms inter_flip_ms=23 drawcalls-since-flip=14 drawcalls-total=176639 fail-total=0 null-skips-total=0
[12:42:53] [info] flip-probe: flip #2800 ok=true present=3ms inter_flip_ms=22 drawcalls-since-flip=14 drawcalls-total=176779 fail-total=0 null-skips-total=0
[12:42:53] [info] alpha audit block 0: 1830 total drawcalls, 0 with alpha<255 (block pct_x10=0; global 0/162759 pct_x10=0); alpha-mod skipped: block=0 global=0
[12:42:53] [info] fastpath audit block 0: taken=1830 (idx8=1830) skipped=0 pct_x10=1000; global taken=162759 (idx8=162759) skipped=0 pct_x10=1000
[12:42:53] [info] primitive tally block 0: clear=200(hr=200) fill=0(hr=0) rect=0(hr=0) line=0(hr=0) tint=0 spotlight=0 (over 100 flips ending at flip 2800)
[12:42:53] [info] color/alpha audit block 0: cmod_white=355 cmod_black=355 (idx=355) cmod_general=0 (idx=0) cmod_fb=0; alpha_taken=0 alpha_skipped=0 (global cmod=12462/10920/693/0 idx=10920/693 alpha=0/0)
[12:42:53] [info] phase timing block 0: drawcalls=2740 dc_total_ms=495 flip_inner_total_ms=625 inter_flip_total_ms=2645 (per-flip avg x10: dc_ms=49 fi_ms=62 if_ms=264 derived audio+engine_ms=153; per-drawcall avg us_x10=1807) [direct-vesa: presents=100 total_ms=264 avg_ms_x10=26 failed=0] [ablation: NO_DC_TIMING=0 CACHE_WINSURF=0 DIRECT_VESA=1]
[12:42:53] [info] kbd/audio block 0: kbd_irq=0 kbd_drain=0 ring_chunks=16 pump_pass=4517 pic1_mask=0xb8 first_irq_ticks=0 install_ticks=0 vector_at_install=0x0083a0c0 pic1_mask_live=0x38 kbd_8042_stat=0x34 bios_kbd_head=0x0022 bios_kbd_tail=0x0022 bios_kbd_buf0=0x1c0d
[12:42:53] [info] dirty-rect block @flip=2800: total_calls=0 dirty_rects_avg=1 dirty_pct_x10=1000 forced_full=0 first_n_force=0 threshold_exceeded=0 dirty_path_taken=0 full_flush_taken=0
[12:42:53] [info] prev-frame-diff block @flip=2800: diff_calls=0 diff_rects_avg=0 diff_dirty_pct_x10=0 bbox_pct_x10=0 bbox_thresh_exceeded=0
[12:42:53] [info] flip-probe: flip #2810 ok=true present=3ms inter_flip_ms=22 drawcalls-since-flip=14 drawcalls-total=176919 fail-total=0 null-skips-total=0
[12:42:53] [info] flip-probe: flip #2820 ok=true present=3ms inter_flip_ms=22 drawcalls-since-flip=14 drawcalls-total=177059 fail-total=0 null-skips-total=0
[12:42:54] [info] flip-probe: flip #2830 ok=true present=3ms inter_flip_ms=23 drawcalls-since-flip=14 drawcalls-total=177199 fail-total=0 null-skips-total=0
[12:42:54] [info] flip-probe: flip #2840 ok=true present=2ms inter_flip_ms=23 drawcalls-since-flip=14 drawcalls-total=177339 fail-total=0 null-skips-total=0
[12:42:54] [info] flip-probe: flip #2850 ok=true present=2ms inter_flip_ms=23 drawcalls-since-flip=14 drawcalls-total=177479 fail-total=0 null-skips-total=0
[12:42:54] [info] flip-probe: flip #2860 ok=true present=3ms inter_flip_ms=45 drawcalls-since-flip=355 drawcalls-total=179573 fail-total=0 null-skips-total=0
[12:42:55] [info]  >> Entering stage 11: 'Mimiga Village'.
[12:42:55] [info] [skip-sheet-flush] cave=11
[12:42:55] [info] [load-stage] preloading entry music song=9 (cave=11)
[12:42:55] [info] opl3 backend: on_song_stop
[12:42:55] [info] MidiScheduler::load: parsed 'data/orgmid2/mura.mid' = 7123 events at 48 PPQ
[12:42:55] [info] opl3 backend: on_song_start
[12:42:55] [info] gameloop: entered (curmap=11, running=1)
[12:42:55] [info] gameloop: iter 1 ticks=122860 mapno=-1
[12:42:55] [info] gameloop: iter 2 ticks=122927 mapno=-1
[12:42:55] [info] gameloop: iter 3 ticks=122992 mapno=-1
[12:42:56] [info] flip-probe: flip #2870 ok=true present=3ms inter_flip_ms=61 drawcalls-since-flip=382 drawcalls-total=182852 fail-total=0 null-skips-total=0
[12:42:56] [info] backdrop cache: thrashing-detect engaged (streak=4, route=direct)
[12:42:56] [info] flip-probe: flip #2880 ok=true present=2ms inter_flip_ms=33 drawcalls-since-flip=34 drawcalls-total=184992 fail-total=0 null-skips-total=0
[12:42:56] [info] flip-probe: flip #2890 ok=true present=2ms inter_flip_ms=34 drawcalls-since-flip=41 drawcalls-total=185380 fail-total=0 null-skips-total=0
[12:42:57] [info] flip-probe: flip #2900 ok=true present=3ms inter_flip_ms=31 drawcalls-since-flip=43 drawcalls-total=185801 fail-total=0 null-skips-total=0
[12:42:57] [info] alpha audit block 0: 8560 total drawcalls, 0 with alpha<255 (block pct_x10=0; global 0/171319 pct_x10=0); alpha-mod skipped: block=0 global=0
[12:42:57] [info] fastpath audit block 0: taken=8560 (idx8=8560) skipped=0 pct_x10=1000; global taken=171319 (idx8=171319) skipped=0 pct_x10=1000
[12:42:57] [info] primitive tally block 0: clear=201(hr=201) fill=0(hr=0) rect=0(hr=0) line=0(hr=0) tint=0 spotlight=0 (over 100 flips ending at flip 2900)
[12:42:57] [info] color/alpha audit block 0: cmod_white=429 cmod_black=429 (idx=429) cmod_general=0 (idx=0) cmod_fb=0; alpha_taken=0 alpha_skipped=0 (global cmod=12891/11349/693/0 idx=11349/693 alpha=0/0)
[12:42:57] [info] phase timing block 0: drawcalls=9625 dc_total_ms=843 flip_inner_total_ms=409 inter_flip_total_ms=3718 (per-flip avg x10: dc_ms=84 fi_ms=40 if_ms=371 derived audio+engine_ms=247; per-drawcall avg us_x10=875) [direct-vesa: presents=100 total_ms=265 avg_ms_x10=26 failed=0] [ablation: NO_DC_TIMING=0 CACHE_WINSURF=0 DIRECT_VESA=1]
[12:42:57] [info] kbd/audio block 0: kbd_irq=0 kbd_drain=0 ring_chunks=16 pump_pass=4673 pic1_mask=0xb8 first_irq_ticks=0 install_ticks=0 vector_at_install=0x0083a0c0 pic1_mask_live=0x38 kbd_8042_stat=0x34 bios_kbd_head=0x0022 bios_kbd_tail=0x0022 bios_kbd_buf0=0x1c0d
[12:42:57] [info] dirty-rect block @flip=2900: total_calls=0 dirty_rects_avg=1 dirty_pct_x10=1000 forced_full=0 first_n_force=0 threshold_exceeded=0 dirty_path_taken=0 full_flush_taken=0
[12:42:57] [info] prev-frame-diff block @flip=2900: diff_calls=0 diff_rects_avg=0 diff_dirty_pct_x10=0 bbox_pct_x10=0 bbox_thresh_exceeded=0
[12:42:57] [info] flip-probe: flip #2910 ok=true present=3ms inter_flip_ms=30 drawcalls-since-flip=44 drawcalls-total=186240 fail-total=0 null-skips-total=0
[12:42:57] [info] flip-probe: flip #2920 ok=true present=3ms inter_flip_ms=33 drawcalls-since-flip=46 drawcalls-total=186684 fail-total=0 null-skips-total=0
[12:42:58] [info] flip-probe: flip #2930 ok=true present=3ms inter_flip_ms=34 drawcalls-since-flip=49 drawcalls-total=187153 fail-total=0 null-skips-total=0
[12:42:58] [info] backdrop cache: thrashing-detect engaged (streak=64, route=direct)
[12:42:58] [info] flip-probe: flip #2940 ok=true present=3ms inter_flip_ms=31 drawcalls-since-flip=44 drawcalls-total=187612 fail-total=0 null-skips-total=0
[12:42:58] [info] flip-probe: flip #2950 ok=true present=3ms inter_flip_ms=33 drawcalls-since-flip=43 drawcalls-total=188042 fail-total=0 null-skips-total=0
[12:42:59] [info] flip-probe: flip #2960 ok=true present=3ms inter_flip_ms=32 drawcalls-since-flip=43 drawcalls-total=188472 fail-total=0 null-skips-total=0
[12:42:59] [info] flip-probe: flip #2970 ok=true present=2ms inter_flip_ms=32 drawcalls-since-flip=47 drawcalls-total=188924 fail-total=0 null-skips-total=0
[12:42:59] [info] backdrop cache: thrashing-detect engaged (streak=4, route=direct)
[12:42:59] [info] flip-probe: flip #2980 ok=true present=3ms inter_flip_ms=34 drawcalls-since-flip=45 drawcalls-total=189381 fail-total=0 null-skips-total=0
[12:43:00] [info] flip-probe: flip #2990 ok=true present=3ms inter_flip_ms=28 drawcalls-since-flip=19 drawcalls-total=189753 fail-total=0 null-skips-total=0
[12:43:00] [info] flip-probe: flip #3000 ok=true present=2ms inter_flip_ms=36 drawcalls-since-flip=19 drawcalls-total=189943 fail-total=0 null-skips-total=0
[12:43:00] [info] alpha audit block 0: 2911 total drawcalls, 0 with alpha<255 (block pct_x10=0; global 0/174230 pct_x10=0); alpha-mod skipped: block=0 global=0
[12:43:00] [info] fastpath audit block 0: taken=2911 (idx8=2911) skipped=0 pct_x10=1000; global taken=174230 (idx8=174230) skipped=0 pct_x10=1000
[12:43:00] [info] primitive tally block 0: clear=200(hr=200) fill=0(hr=0) rect=0(hr=0) line=0(hr=0) tint=0 spotlight=0 (over 100 flips ending at flip 3000)
[12:43:00] [info] color/alpha audit block 0: cmod_white=1131 cmod_black=1131 (idx=1131) cmod_general=0 (idx=0) cmod_fb=0; alpha_taken=0 alpha_skipped=0 (global cmod=14022/12480/693/0 idx=12480/693 alpha=0/0)
[12:43:00] [info] phase timing block 0: drawcalls=5377 dc_total_ms=618 flip_inner_total_ms=420 inter_flip_total_ms=3317 (per-flip avg x10: dc_ms=61 fi_ms=42 if_ms=331 derived audio+engine_ms=228; per-drawcall avg us_x10=1150) [direct-vesa: presents=100 total_ms=268 avg_ms_x10=26 failed=0] [ablation: NO_DC_TIMING=0 CACHE_WINSURF=0 DIRECT_VESA=1]
[12:43:00] [info] kbd/audio block 0: kbd_irq=0 kbd_drain=0 ring_chunks=16 pump_pass=4839 pic1_mask=0xb8 first_irq_ticks=0 install_ticks=0 vector_at_install=0x0083a0c0 pic1_mask_live=0x38 kbd_8042_stat=0x34 bios_kbd_head=0x0022 bios_kbd_tail=0x0022 bios_kbd_buf0=0x1c0d
[12:43:00] [info] dirty-rect block @flip=3000: total_calls=0 dirty_rects_avg=1 dirty_pct_x10=1000 forced_full=0 first_n_force=0 threshold_exceeded=0 dirty_path_taken=0 full_flush_taken=0
[12:43:00] [info] prev-frame-diff block @flip=3000: diff_calls=0 diff_rects_avg=0 diff_dirty_pct_x10=0 bbox_pct_x10=0 bbox_thresh_exceeded=0
[12:43:00] [info] flip-probe: flip #3010 ok=true present=3ms inter_flip_ms=31 drawcalls-since-flip=20 drawcalls-total=190138 fail-total=0 null-skips-total=0
[12:43:01] [info] flip-probe: flip #3020 ok=true present=2ms inter_flip_ms=33 drawcalls-since-flip=20 drawcalls-total=190345 fail-total=0 null-skips-total=0
[12:43:01] [info] flip-probe: flip #3030 ok=true present=2ms inter_flip_ms=32 drawcalls-since-flip=19 drawcalls-total=190541 fail-total=0 null-skips-total=0
[12:43:01] [info] backdrop cache: thrashing-detect engaged (streak=4, route=direct)
[12:43:01] [info] flip-probe: flip #3040 ok=true present=2ms inter_flip_ms=33 drawcalls-since-flip=18 drawcalls-total=190724 fail-total=0 null-skips-total=0
[12:43:02] [info] flip-probe: flip #3050 ok=true present=3ms inter_flip_ms=33 drawcalls-since-flip=18 drawcalls-total=190904 fail-total=0 null-skips-total=0
[12:43:02] [info] backdrop cache: thrashing-detect engaged (streak=4, route=direct)
[12:43:02] [info] flip-probe: flip #3060 ok=true present=3ms inter_flip_ms=35 drawcalls-since-flip=19 drawcalls-total=191090 fail-total=0 null-skips-total=0
[12:43:02] [info] flip-probe: flip #3070 ok=true present=3ms inter_flip_ms=32 drawcalls-since-flip=20 drawcalls-total=191285 fail-total=0 null-skips-total=0
[12:43:03] [info] flip-probe: flip #3080 ok=true present=3ms inter_flip_ms=30 drawcalls-since-flip=21 drawcalls-total=191489 fail-total=0 null-skips-total=0
[12:43:03] [info] flip-probe: flip #3090 ok=true present=2ms inter_flip_ms=32 drawcalls-since-flip=20 drawcalls-total=191696 fail-total=0 null-skips-total=0
[12:43:03] [info] flip-probe: flip #3100 ok=true present=3ms inter_flip_ms=30 drawcalls-since-flip=19 drawcalls-total=191893 fail-total=0 null-skips-total=0
[12:43:03] [info] alpha audit block 0: 1850 total drawcalls, 0 with alpha<255 (block pct_x10=0; global 0/176080 pct_x10=0); alpha-mod skipped: block=0 global=0
[12:43:03] [info] fastpath audit block 0: taken=1850 (idx8=1850) skipped=0 pct_x10=1000; global taken=176080 (idx8=176080) skipped=0 pct_x10=1000
[12:43:03] [info] primitive tally block 0: clear=200(hr=200) fill=0(hr=0) rect=0(hr=0) line=0(hr=0) tint=0 spotlight=0 (over 100 flips ending at flip 3100)
[12:43:03] [info] phase timing block 0: drawcalls=2059 dc_total_ms=535 flip_inner_total_ms=613 inter_flip_total_ms=3243 (per-flip avg x10: dc_ms=53 fi_ms=61 if_ms=324 derived audio+engine_ms=210; per-drawcall avg us_x10=2602) [direct-vesa: presents=100 total_ms=266 avg_ms_x10=26 failed=0] [ablation: NO_DC_TIMING=0 CACHE_WINSURF=0 DIRECT_VESA=1]
[12:43:03] [info] kbd/audio block 0: kbd_irq=0 kbd_drain=0 ring_chunks=16 pump_pass=5001 pic1_mask=0xb8 first_irq_ticks=0 install_ticks=0 vector_at_install=0x0083a0c0 pic1_mask_live=0x38 kbd_8042_stat=0x34 bios_kbd_head=0x0022 bios_kbd_tail=0x0022 bios_kbd_buf0=0x1c0d
[12:43:03] [info] dirty-rect block @flip=3100: total_calls=0 dirty_rects_avg=1 dirty_pct_x10=1000 forced_full=0 first_n_force=0 threshold_exceeded=0 dirty_path_taken=0 full_flush_taken=0
[12:43:03] [info] prev-frame-diff block @flip=3100: diff_calls=0 diff_rects_avg=0 diff_dirty_pct_x10=0 bbox_pct_x10=0 bbox_thresh_exceeded=0
[12:43:03] [info] tas: stall frame 292 ms -> contributing 1 tick (patch 0286)
[12:43:04] [info] flip-probe: flip #3110 ok=true present=3ms inter_flip_ms=30 drawcalls-since-flip=19 drawcalls-total=192083 fail-total=0 null-skips-total=0
[12:43:04] [info] backdrop cache: thrashing-detect engaged (streak=64, route=direct)
[12:43:04] [info] flip-probe: flip #3120 ok=true present=2ms inter_flip_ms=36 drawcalls-since-flip=19 drawcalls-total=192273 fail-total=0 null-skips-total=0
[12:43:04] [info] flip-probe: flip #3130 ok=true present=3ms inter_flip_ms=30 drawcalls-since-flip=19 drawcalls-total=192463 fail-total=0 null-skips-total=0
[12:43:05] [info] flip-probe: flip #3140 ok=true present=3ms inter_flip_ms=30 drawcalls-since-flip=19 drawcalls-total=192653 fail-total=0 null-skips-total=0
[12:43:05] [info] flip-probe: flip #3150 ok=true present=3ms inter_flip_ms=32 drawcalls-since-flip=19 drawcalls-total=192843 fail-total=0 null-skips-total=0
[12:43:05] [info] flip-probe: flip #3160 ok=true present=3ms inter_flip_ms=31 drawcalls-since-flip=19 drawcalls-total=193033 fail-total=0 null-skips-total=0
[12:43:06] [info] flip-probe: flip #3170 ok=true present=3ms inter_flip_ms=32 drawcalls-since-flip=60 drawcalls-total=193346 fail-total=0 null-skips-total=0
[12:43:06] [info] backdrop cache: thrashing-detect engaged (streak=124, route=direct)
[12:43:06] [info] flip-probe: flip #3180 ok=true present=3ms inter_flip_ms=36 drawcalls-since-flip=60 drawcalls-total=193946 fail-total=0 null-skips-total=0
[12:43:06] [info] flip-probe: flip #3190 ok=true present=3ms inter_flip_ms=32 drawcalls-since-flip=60 drawcalls-total=194546 fail-total=0 null-skips-total=0
[12:43:07] [info] flip-probe: flip #3200 ok=true present=3ms inter_flip_ms=32 drawcalls-since-flip=60 drawcalls-total=195146 fail-total=0 null-skips-total=0
[12:43:07] [info] alpha audit block 0: 3153 total drawcalls, 0 with alpha<255 (block pct_x10=0; global 0/179233 pct_x10=0); alpha-mod skipped: block=0 global=0
[12:43:07] [info] fastpath audit block 0: taken=3153 (idx8=3153) skipped=0 pct_x10=1000; global taken=179233 (idx8=179233) skipped=0 pct_x10=1000
[12:43:07] [info] primitive tally block 0: clear=200(hr=200) fill=0(hr=0) rect=0(hr=0) line=0(hr=0) tint=33 spotlight=0 (over 100 flips ending at flip 3200)
[12:43:07] [info] color/alpha audit block 0: cmod_white=726 cmod_black=0 (idx=0) cmod_general=0 (idx=0) cmod_fb=0; alpha_taken=0 alpha_skipped=0 (global cmod=14748/12480/693/0 idx=12480/693 alpha=0/0)
[12:43:07] [info] phase timing block 0: drawcalls=4112 dc_total_ms=591 flip_inner_total_ms=417 inter_flip_total_ms=3432 (per-flip avg x10: dc_ms=59 fi_ms=41 if_ms=343 derived audio+engine_ms=243; per-drawcall avg us_x10=1438) [direct-vesa: presents=100 total_ms=267 avg_ms_x10=26 failed=0] [ablation: NO_DC_TIMING=0 CACHE_WINSURF=0 DIRECT_VESA=1]
[12:43:07] [info] kbd/audio block 0: kbd_irq=0 kbd_drain=0 ring_chunks=16 pump_pass=5139 pic1_mask=0xb8 first_irq_ticks=0 install_ticks=0 vector_at_install=0x0083a0c0 pic1_mask_live=0x38 kbd_8042_stat=0x34 bios_kbd_head=0x0022 bios_kbd_tail=0x0022 bios_kbd_buf0=0x1c0d
[12:43:07] [info] dirty-rect block @flip=3200: total_calls=0 dirty_rects_avg=1 dirty_pct_x10=1000 forced_full=0 first_n_force=0 threshold_exceeded=0 dirty_path_taken=0 full_flush_taken=0
[12:43:07] [info] prev-frame-diff block @flip=3200: diff_calls=0 diff_rects_avg=0 diff_dirty_pct_x10=0 bbox_pct_x10=0 bbox_thresh_exceeded=0
[12:43:07] [info] tas: end-of-replay auto-exit at tick 5140 (recording exhausted; set DOSKUTSU_TAS_REPLAY_HOLD=1 to disable + observe steady-state past recording end)
[12:43:07] [info] Script engine shutdown.
[12:43:07] [info] opl3 backend: on_song_stop
[12:43:07] [info] opl3 backend: cleared reg 0xBD chip-wide latch (wub-wub mitigation per flush-instr WAVE-46 H6)
[12:43:07] [info] opl3 backend shutdown (all 18 voices KEY-OFF unconditionally; OPL2 mode restored; chip state safe for next process)
[12:43:07] [info] Sound system shutdown
[12:43:07] [info] Renderer::Close()
[12:43:07] [info] tas: replay file closed
[12:43:07] [info] [fps-true] flips=3201 render_s=131 fps_mean=24.4 (clock-independent: flips / seconds since the FIRST flip; use THIS for the fps matrix, not inter_flip medians, which are invalid in any cell running the PIT/IRQ-0 music pump)
[RUNMANIFEST-BEGIN]
schema_version=1
environment=realhw
binary_sha12=f8d446b4b0e0
wave_tag=A61
scene=
env_block_sha=498ce5c1cdf7
started_utc=2026-11-19T05:45:22Z
duration_s=145
exit_code=0
fps_p50=NA
fps_p95=NA
audio_vital_status=NA
regime=NA
banner_required_hit=0
banner_required_total=0
banner_forbidden_hit=0
banner_optional_hit=0
critical_count=0
warn_count=0
[RUNMANIFEST-END]
[12:43:07] [info] [runmanifest-emit] schema=v1 env=realhw sha12=f8d446b4b0e0 dur=145s tag='A61' scene='' env_sha=498ce5c1cdf7 (signals=0x4)
