Logger::init: wave-53 log level=INFO path='LOGS/AC3.LOG'
[12:28:32] [info] config: loaded DOSKUTSU.CFG (4 keys)
[12:28:32] [info] tas: PRNG seed forced to 12345 via DOSKUTSU_TAS_PRNG_SEED
[12:28:32] [info] tas: auto-exit armed at tick 30000 via DOSKUTSU_TAS_AUTO_EXIT_TICK
[12:28:32] [info] tas: replay opened path='QA.TAS' header_seed=12345
[12:28:33] [info] data cache: DISABLED (default)
[12:28:33] [info] Joystick: skipped (default; set DOSKUTSU_USE_JOYSTICK=1 to enable -- skips SDL3-DOS gameport BIOS INT 15h polling, ~82 ms / flip on real HW)
[12:28:33] [info] Loading settings...
[12:28:33] [info] [input-bind] applied=0 invert_y=0 dos_axes=1
[12:28:33] [info] Renderer::initVideo: 8bpp mode requested via SDL_HINT_DOS_MAX_BPP=8 (wave 16); SDL3-DOS will pick the highest-bpp <= 8 mode at requested resolution
[12:28:33] [info] Renderer::initVideo: DOS resolution-label lock ENABLED (default)
[12:28:34] [info] Renderer::initVideo: using: software renderer
[12:28:35] [info] Renderer::initVideo: dirty-rect tracking ENABLED (wave 15, default ON; set SDL_HINT_DOSKUTSU_DIRTY_RECTS=0 to disable)
[12:28:35] [info] Renderer::initVideo: ablation flags: NO_DC_TIMING=0 CACHE_WINSURF=0 NO_INPUT_POLL=0 DIRECT_VESA=1
[12:28:35] [info] Renderer::initVideo: direct-VESA hot path ENABLED (default since wave 20 patch 0088; bypasses SDL_RenderPresent / SDL_UpdateWindowSurface and writes via SDL/0034's PresentFull helper; R2 mitigation handled by SDL/0034 generation counter -- no per-N-flip heartbeat needed; set SDL_HINT_DOSKUTSU_DIRECT_VESA=0 to revert)
[12:28:35] [info] Renderer::initVideo: flip-phase instrumentation DISABLED (default; set SDL_HINT_DOSKUTSU_FLIP_INSTR=1 to opt in for wave-20 Lever A diagnostic)
[12:28:35] [info] Renderer::initVideo: asm opaque-span blit lever DISABLED (default; set SDL_HINT_DOSKUTSU_ASM_BLIT=1 to opt in -- wave-51 _blit_indexed colorkey-blit lever)
[12:28:35] [info] Renderer::initVideo: blit-decomp instrumentation DISABLED (default; set SDL_HINT_DOSKUTSU_BLIT_DECOMP=1 to opt in -- wave-51 _blit_indexed sub-decomp sizing)
[12:28:35] [info] Renderer::initVideo: mds-scroll-decomp instrumentation DISABLED (default; set SDL_HINT_DOSKUTSU_MDS_DECOMP=1 to opt in -- wave-52 mode_draw_scene scrolling-block decomp)
[12:28:35] [info] Renderer::initVideo: DOSVESA pump yield: skipped (default) (per-flip explicit SDL_Delay(0) yield is always on; set SDL_HINT_DOSKUTSU_FORCE_PUMP_YIELD=1 to restore old per-pump yield)
[12:28:35] [info] Renderer::initVideo: indexed-mode (8bpp) ENABLED -- master palette + 107 per-asset remap LUTs loaded (wave 16, default ON; set SDL_HINT_DOSKUTSU_PIXEL_FORMAT_8=0 to disable)
[12:28:35] [info] Renderer::initVideo: master palette attached to window surface (format=SDL_PIXELFORMAT_INDEX8, ncolors=256)
[12:28:35] [info] Renderer::initVideo: indexed-mode smoke: idx0=(0,0,0) OK idx255=(255,0,255) OK
[12:28:35] [info] Renderer::initVideo: indexed-mode smoke: paletteRemapFor('MyChar.pbm') = present
[12:28:36] [info] Surface::loadImage palmap-diag #1: 'data/Loading.pbm' fmt=SDL_PIXELFORMAT_ABGR8888 remap=HIT -> path=truecolor
[12:28:36] [info] Renderer: prev-frame diff DISABLED (default since wave 17.6; set SDL_HINT_DOSKUTSU_PREVFRAME_DIFF=1 to opt in)
[12:28:36] [info] flip-probe: renderer=software window_ptr=8809496 colorspace=301991328 window_size=320x240 framebuffer_pixels=320x240 logical_present=320x240 mode=2
[12:28:36] [info] flip-probe: first flip ok=true present=43ms inter_flip_ms=0 drawcalls-since-flip=1 drawcalls-total=1
[12:28:36] [info] Sound system init
[12:28:36] [info] Sound system: 4-state audio enable (#31) -- music=on sfx=on (MUSIC_OFF/AUDIO_BACKEND=none -> music-off; SFX_OFF/SFX_DEVICE=none -> sfx-off; both gates are dispatch-level, the device still opens; AUDIO_OFF=1 is the device-level both-off).
[12:28:36] [info] Sound system: Tier-2 audio config (default since wave 21 patch 0093; 11025 Hz, 1 channel, buffer pinned to 256 frames). Measured savings on g2k Pentium OverDrive 83 MHz (W21A): heavy-music scenes ~+11 fps vs Tier-1 baseline (measured -10 to -15 ms/flip post-0094 audio fix; W21A's pre-fix -26.6 ms figure was inflated by stereo-vs-mono playback bug, see patch 0094). Audio quality is reduced vs Tier-1 (mono, 11025 Hz, simple-average L+R downmix) but recognizable; user accepted the trade per direction 2026-05-05. Set SDL_HINT_DOSKUTSU_AUDIO_TIER2=0 to revert to Tier-1 22050 stereo (full Cave Story 2004 audio quality; trades fps for fidelity).
[12:28:36] [info] Sound system: SDL_HINT_AUDIO_DEVICE_SAMPLE_FRAMES=256
[12:28:36] [info] Pixtone IRQ rate-divider: handed master_rate=11025 int16/s (SAMPLE_RATE=11025 x AUDIO_CHANNELS=1) to SDL for auto-RATEDIV (SDL/0074 computes shift_div from the resolved device freq).
[12:28:36] [info] Sound system: device frame-rate: requesting 11025 Hz match to master (SDL_DOSAudioSetDeviceFrameRate; SB16 opens at the engine frame rate instead of SDL's 44100 floor -- 4x less PCM/s + no resampler on the Organya/Pixtone path; killswitch SDL_HINT_DOSKUTSU_DOS_AUDIO_DEVICE_RATE_DEFAULT=0).
[12:28:36] [info] audio backend: organya (forced; Phase 10 baseline)
[12:28:36] [info] wave-13.6.1: ring_chunks=16 FORCE_PUMP_YIELD=off (set SDL_HINT_DOSKUTSU_AUDIO_RING_CHUNKS=4|8|16 to override; default 16 matches wave 13.6 behaviour)
[12:28:36] [info] MidiScheduler: MIDI source = 'orgmid2' (native-GM org2mid set; resolves to data/orgmid2/<name>.mid).
[12:28:36] [info] Sound system: idle-pause skipped (backend=organya does not qualify; only opl3 supports idle-pause per patch 0115; default OFF since patch 0119 regardless of backend).
[12:28:36] [warn] Music dir Ogg/ doesn't exist
[12:28:36] [warn] Music dir Ogg11/ doesn't exist
[12:28:36] [warn] Music dir Ogg17/ doesn't exist
[12:28:36] [warn] Music dir Ogg_ridic/ doesn't exist
[12:28:36] [info] Loading Sound FX...
[12:28:37] [info] [pxt-cache] init(): HIT (loaded cache; render skipped)
[12:28:42] [error] Lever 3 (Pixtone IRQ-mix; default ON since v1.0.1, or SDL_HINT_DOSKUTSU_PIXTONE_IRQ_MIX=1) is incompatible with SDL_HINT_DOSKUTSU_AUDIO_BACKEND=organya. L3 + ORGANYA IS KNOWN-INCOMPATIBLE (PLAY2 hang root-cause owned by v1.0.2 deep-campaign; v1.0.1 ships defensive interlock per flush-instr #135 three-front response). L3 forced OFF (hang prevention); SFX continue through SDL3_mixer path; music continues through Organya. To engage L3 cleanly set SDL_HINT_DOSKUTSU_AUDIO_BACKEND to opl3 / wb / midi-stub, or set SDL_HINT_DOSKUTSU_PIXTONE_IRQ_MIX=0 to silence this and keep Organya.
[12:28:42] [info] Organya init...
[12:28:43] [info] Organya init done
[12:28:49] [info] gus SFX gain [nx0259]: 70% (SDL_HINT_DOSKUTSU_GUS_SFX_GAIN; scales the GF1 SFX voice volume to balance against velocity/CC-scaled GUS music; default 70, clamp 0..150).
[12:28:49] [info] midi ISR tick: engine registered tick_isr callback (L2b active; default ON; set SDL_HINT_DOSKUTSU_MIDI_ISR_TICK=0 to disable)
[12:28:49] [info] organya auto-precache: ENABLED (default) (first-launch precache + in-game cold-render progress overlay; set SDL_HINT_DOSKUTSU_ORG_AUTOCACHE=0 to disable -> v1.1.0 black-screen cold-render)
[12:28:49] [info] organya auto-precache: cache complete (sentinel present) -- skipping batch; in-game overlay armed for any stray cache miss.
[12:28:49] [info] menu slide-in fixed-timestep: ENABLED (default; slide advances at 50 Hz logic rate)
[12:28:49] [info] Reading npc.tbl...
[12:28:49] [info] Loading tilekey.dat.
[12:28:49] [info] Script engine init.
[12:28:49] [info] Entering main loop...
[12:28:49] [info] audio mid-gap pump: DISABLED (default)
[12:28:49] [info] TAS fixed-timestep guard: ENABLED (default) (patch 0280; load_stage wall-clock kept out of the FT accumulator so TAS replay advances at a true 50 Hz; set SDL_HINT_DOSKUTSU_TAS_FT_GUARD=0 to disable)
[12:28:49] [info] load_stage ring+DMA silence flush: ENABLED (default) (set SDL_HINT_DOSKUTSU_LOADSTAGE_SILENCE=0 to disable)
[12:28:49] [info] load-band audio-underrun probe: DISABLED (default) (opt-in SDL_HINT_DOSKUTSU_LOADBAND_STAT=1)
[12:28:49] [info]  >> Entering stage 72: 'u'.
[12:28:49] [info] skip sheet flush: ENABLED (default) (SFXPAUSE-012 SHIPPED FIX; sprite sheets stay resident across caves so no per-cave re-decode -> no fire-frame pause; map_flush_graphics tilemap cache still flushes; set SDL_HINT_DOSKUTSU_SKIP_SHEET_FLUSH=0 to restore the old per-cave flush)
[12:28:49] [info] [skip-sheet-flush] cave=1
[12:28:49] [info] eager action sheets: ENABLED (default) (first-fire hitch fix: pre-loads the weapon bullet + hit/muzzle/trail caret sheets at stage load so the first fire/impact does not lazy-decode mid-gameplay; set SDL_HINT_DOSKUTSU_EAGER_ACTION_SHEETS=0 to restore lazy load)
[12:28:50] [info] Surface::loadImage palmap-diag #2: 'data/Bullet.pbm' fmt=SDL_PIXELFORMAT_ABGR8888 remap=HIT -> path=truecolor
[12:28:50] [info] Surface::loadImage palmap-diag #3: 'data/Arms.pbm' fmt=SDL_PIXELFORMAT_ABGR8888 remap=HIT -> path=truecolor
[12:28:50] [info] Surface::loadImage palmap-diag #4: 'data/Caret.pbm' fmt=SDL_PIXELFORMAT_ABGR8888 remap=HIT -> path=truecolor
[12:28:50] [info] Surface::loadImage palmap-diag #5: 'data/Npc/NpcSym.pbm' fmt=SDL_PIXELFORMAT_ABGR8888 remap=HIT -> path=truecolor
[12:28:51] [info] [eager-action-sheets] cave=1 sheets=4 wall_ms=994
[12:28:51] [info] Surface::loadImage palmap-diag #6: 'data/Stage/PrtWhite.pbm' fmt=SDL_PIXELFORMAT_ABGR8888 remap=HIT -> path=truecolor
[12:28:51] [info] load_stage: entry-music preload ENABLED (default) (set SDL_HINT_DOSKUTSU_PRELOAD_STAGE_MUSIC=0 to disable)
[12:28:51] [info] Surface::loadImage palmap-diag #7: 'data/bk0.pbm' fmt=SDL_PIXELFORMAT_ABGR8888 remap=HIT -> path=truecolor
[12:28:51] [info] gameloop: entered (curmap=72, running=1)
[12:28:51] [info] gameloop: iter 1 ticks=18784 mapno=-1
[12:28:51] [info] fixed-timestep: ENABLED (default; logic 50 Hz, decoupled from render)
[12:28:51] [info] map: BG skip-when-unchanged DISABLED (default) (set SDL_HINT_DOSKUTSU_BG_SKIP_WHEN_UNCHANGED=1 to enable; default OFF since wave-61 -- abandoned, it shipped a backdrop-black flicker and its +0.87 fps was below the noise floor)
[12:28:51] [info] map: skip-redundant-clear lever ENABLED (default since wave-53 promotion)
[12:28:51] [info] perf-mode: level=0 (faithful (default))
[12:28:51] [info] Surface::loadImage palmap-diag #8: 'data/Npc/NpcKings.pbm' fmt=SDL_PIXELFORMAT_ABGR8888 remap=HIT -> path=truecolor
[12:28:51] [info] audio tick-boundary pump: DISABLED (default)
[12:28:51] [info] gameloop: iter 2 ticks=19089 mapno=-1
[12:28:51] [info] gameloop: iter 3 ticks=19131 mapno=-1
[12:28:52] [info] direct-vesa: snapshot @gen=2 use_dosmemput=0 banked_multibank=0 pitches_match=1 vram_w=320 vram_h=240 vram_pitch=320 bpp=1 fb_size=76800 vram_phys=0x78000000 vram_ptr=0x77c00000
[12:28:52] [info] flip-probe: flip #10 ok=true present=3ms inter_flip_ms=21 drawcalls-since-flip=6 drawcalls-total=43 fail-total=0 null-skips-total=0
[12:28:52] [info] flip-probe: flip #20 ok=true present=2ms inter_flip_ms=21 drawcalls-since-flip=4 drawcalls-total=92 fail-total=0 null-skips-total=0
[12:28:52] [info] flip-probe: flip #30 ok=true present=3ms inter_flip_ms=40 drawcalls-since-flip=326 drawcalls-total=2707 fail-total=0 null-skips-total=0
[12:28:53] [info] flip-probe: flip #40 ok=true present=3ms inter_flip_ms=34 drawcalls-since-flip=264 drawcalls-total=5837 fail-total=0 null-skips-total=0
[12:28:53] [info] flip-probe: flip #50 ok=true present=2ms inter_flip_ms=23 drawcalls-since-flip=67 drawcalls-total=7392 fail-total=0 null-skips-total=0
[12:28:53] [info] flip-probe: flip #60 ok=true present=3ms inter_flip_ms=20 drawcalls-since-flip=4 drawcalls-total=7502 fail-total=0 null-skips-total=0
[12:28:53] [info] flip-probe: flip #70 ok=true present=3ms inter_flip_ms=20 drawcalls-since-flip=6 drawcalls-total=7557 fail-total=0 null-skips-total=0
[12:28:54] [info] flip-probe: flip #80 ok=true present=3ms inter_flip_ms=20 drawcalls-since-flip=0 drawcalls-total=7586 fail-total=0 null-skips-total=0
[12:28:54] [info] gameloop: iter 600 ticks=21354 mapno=-1
[12:28:54] [info] flip-probe: flip #90 ok=true present=3ms inter_flip_ms=20 drawcalls-since-flip=0 drawcalls-total=7586 fail-total=0 null-skips-total=0
[12:28:54] [info] title: eager-title-IO phase tag ENABLED (default) (set SDL_HINT_DOSKUTSU_EAGER_TITLE_IO=0 to disable)
[12:28:56] [info] Organya pre-render: cache HIT CURLY (2968992 bytes from CACHE; 1 ch; synth skipped).
[12:28:56] [info] audio pump-to-target: ENABLED (186 ms depth setpoint; amount-bounded depth-regulated ring refill per displayed frame; killswitch SDL_HINT_DOSKUTSU_ORG_PUMP_TARGET_MS=0).
[12:28:56] [info] pixtone multi-source probe: DISABLED (default)
[12:28:56] [info] gameloop: entered (curmap=1005, running=1)
[12:28:56] [info] gameloop: iter 1 ticks=23846 mapno=-1
[12:28:56] [info] map: backdrop cache ENABLED (default) (set SDL_HINT_DOSKUTSU_BACKDROP_CACHE=0 to disable)
[12:28:57] [info] gameloop: iter 2 ticks=24377 mapno=-1
[12:28:57] [info] gameloop: iter 3 ticks=24418 mapno=-1
[12:28:57] [info] backdrop cache: thrashing-detect engaged (streak=4, route=direct)
[12:28:57] [info] flip-probe: flip #100 ok=true present=3ms inter_flip_ms=30 drawcalls-since-flip=75 drawcalls-total=7886 fail-total=0 null-skips-total=0
[12:28:57] [info] alpha audit block 0: 7798 total drawcalls, 0 with alpha<255 (block pct_x10=0; global 0/7798 pct_x10=0); alpha-mod skipped: block=0 global=0
[12:28:57] [info] fastpath audit block 0: taken=7798 (idx8=7798) skipped=0 pct_x10=1000; global taken=7798 (idx8=7798) skipped=0 pct_x10=1000
[12:28:57] [info] primitive tally block 0: clear=220(hr=220) fill=0(hr=0) rect=0(hr=0) line=0(hr=0) tint=0 spotlight=0 (over 100 flips ending at flip 100)
[12:28:57] [info] color/alpha audit block 0: cmod_white=104 cmod_black=0 (idx=0) cmod_general=84 (idx=84) cmod_fb=0; alpha_taken=0 alpha_skipped=0 (global cmod=104/0/84/0 idx=0/84 alpha=0/0)
[12:28:57] [info] phase timing block 0: drawcalls=8209 dc_total_ms=947 flip_inner_total_ms=516 inter_flip_total_ms=20957 (per-flip avg x10: dc_ms=94 fi_ms=51 if_ms=2095 derived audio+engine_ms=1950; per-drawcall avg us_x10=1153) [direct-vesa: presents=97 total_ms=267 avg_ms_x10=27 failed=0] [ablation: NO_DC_TIMING=0 CACHE_WINSURF=0 DIRECT_VESA=1]
[12:28:57] [info] kbd/audio block 0: kbd_irq=0 kbd_drain=0 ring_chunks=16 pump_pass=99 pic1_mask=0xb8 first_irq_ticks=0 install_ticks=0 vector_at_install=0x0083a0b0 pic1_mask_live=0x38 kbd_8042_stat=0x34 bios_kbd_head=0x0022 bios_kbd_tail=0x0022 bios_kbd_buf0=0x1c0d
[12:28:57] [info] audio/engine split block 0: audio_mixer_calls=21 audio_mixer_ms_x10=1 engine_tick_calls=99 engine_tick_ms_x10=488 audio_service_calls=0 audio_service_ms_x10=0 (per-flip avg; per-call us_x10: audio_mix=8556 engine_tick=493394 audio_service=0; global ns: audio_mix=17967951 engine_tick=4884605008 audio_service=0)
[12:28:57] [info] dirty-rect block @flip=100: total_calls=0 dirty_rects_avg=0 dirty_pct_x10=990 forced_full=0 first_n_force=3 threshold_exceeded=2 dirty_path_taken=0 full_flush_taken=3
[12:28:57] [info] prev-frame-diff block @flip=100: diff_calls=0 diff_rects_avg=0 diff_dirty_pct_x10=0 bbox_pct_x10=0 bbox_thresh_exceeded=0
[12:28:57] [info] flip-probe: flip #110 ok=true present=3ms inter_flip_ms=24 drawcalls-since-flip=75 drawcalls-total=8636 fail-total=0 null-skips-total=0
[12:28:57] [info] flip-probe: flip #120 ok=true present=3ms inter_flip_ms=23 drawcalls-since-flip=75 drawcalls-total=9386 fail-total=0 null-skips-total=0
[12:28:58] [info] flip-probe: flip #130 ok=true present=2ms inter_flip_ms=20 drawcalls-since-flip=0 drawcalls-total=9986 fail-total=0 null-skips-total=0
[12:28:58] [info] Loading profile from profile.dat
[12:28:58] [error] profile_load: unable to open 'profile.dat'
[12:28:58] [info] Loading profile from profile2.dat
[12:28:58] [error] profile_load: unable to open 'profile2.dat'
[12:28:58] [info] Loading profile from profile3.dat
[12:28:58] [info] Loading profile from profile4.dat
[12:28:58] [error] profile_load: unable to open 'profile4.dat'
[12:28:58] [info] Loading profile from profile5.dat
[12:28:58] [info] flip-probe: flip #140 ok=true present=3ms inter_flip_ms=34 drawcalls-since-flip=214 drawcalls-total=10842 fail-total=0 null-skips-total=0
[12:28:58] [info] flip-probe: flip #150 ok=true present=3ms inter_flip_ms=33 drawcalls-since-flip=214 drawcalls-total=12982 fail-total=0 null-skips-total=0
[12:28:59] [info] Writing settings...
[12:28:59] [info] flip-probe: flip #160 ok=true present=3ms inter_flip_ms=20 drawcalls-since-flip=0 drawcalls-total=13846 fail-total=0 null-skips-total=0
[12:28:59] [info] gameloop: iter 600 ticks=26405 mapno=-1
[12:28:59] [info] flip-probe: flip #170 ok=true present=3ms inter_flip_ms=20 drawcalls-since-flip=0 drawcalls-total=13846 fail-total=0 null-skips-total=0
[12:28:59] [info] gameloop: iter 1200 ticks=26569 mapno=-1
[12:28:59] [info] Loading profile from profile5.dat
[12:28:59] [info]  >> Entering stage 20: 'Save Point'.
[12:28:59] [info] [skip-sheet-flush] cave=2
[12:29:01] [info] Organya pre-render: cache HIT MURA (1481280 bytes from CACHE; 1 ch; synth skipped).
[12:29:01] [info] gameloop: entered (curmap=20, running=1)
[12:29:01] [info] gameloop: iter 1 ticks=28212 mapno=-1
[12:29:01] [info] TAS stall discount: ENABLED (default) (patch 0286; a replay frame over 150 ms is a load, not slow rendering, so it contributes 1 tick instead of its wall-clock; set SDL_HINT_DOSKUTSU_TAS_STALL_DISCOUNT=0 to disable)
[12:29:01] [info] TAS accumulator clamp: DISABLED (default) (patch 0281; caps the FT accumulator delta at one tick during TAS so a stalled frame cannot race the replay index; set SDL_HINT_DOSKUTSU_TAS_FT_GUARD=0 to disable)
[12:29:01] [info] gameloop: iter 2 ticks=28252 mapno=-1
[12:29:01] [info] gameloop: iter 3 ticks=28289 mapno=-1
[12:29:01] [info] flip-probe: flip #180 ok=true present=2ms inter_flip_ms=27 drawcalls-since-flip=17 drawcalls-total=13971 fail-total=0 null-skips-total=0
[12:29:01] [info] flip-probe: flip #190 ok=true present=3ms inter_flip_ms=22 drawcalls-since-flip=17 drawcalls-total=14141 fail-total=0 null-skips-total=0
[12:29:01] [info] flip-probe: flip #200 ok=true present=3ms inter_flip_ms=22 drawcalls-since-flip=17 drawcalls-total=14311 fail-total=0 null-skips-total=0
[12:29:01] [info] alpha audit block 0: 5788 total drawcalls, 0 with alpha<255 (block pct_x10=0; global 0/13586 pct_x10=0); alpha-mod skipped: block=0 global=0
[12:29:01] [info] fastpath audit block 0: taken=5788 (idx8=5788) skipped=0 pct_x10=1000; global taken=13586 (idx8=13586) skipped=0 pct_x10=1000
[12:29:01] [info] primitive tally block 0: clear=201(hr=201) fill=0(hr=0) rect=0(hr=0) line=0(hr=0) tint=0 spotlight=0 (over 100 flips ending at flip 200)
[12:29:01] [info] color/alpha audit block 0: cmod_white=1438 cmod_black=0 (idx=0) cmod_general=609 (idx=609) cmod_fb=0; alpha_taken=0 alpha_skipped=0 (global cmod=1542/0/693/0 idx=0/693 alpha=0/0)
[12:29:01] [info] phase timing block 0: drawcalls=8036 dc_total_ms=900 flip_inner_total_ms=760 inter_flip_total_ms=4330 (per-flip avg x10: dc_ms=90 fi_ms=76 if_ms=433 derived audio+engine_ms=267; per-drawcall avg us_x10=1120) [direct-vesa: presents=100 total_ms=266 avg_ms_x10=26 failed=0] [ablation: NO_DC_TIMING=0 CACHE_WINSURF=0 DIRECT_VESA=1]
[12:29:01] [info] kbd/audio block 0: kbd_irq=0 kbd_drain=0 ring_chunks=16 pump_pass=203 pic1_mask=0xb8 first_irq_ticks=0 install_ticks=0 vector_at_install=0x0083a0b0 pic1_mask_live=0x38 kbd_8042_stat=0x34 bios_kbd_head=0x0022 bios_kbd_tail=0x0022 bios_kbd_buf0=0x1c0d
[12:29:01] [info] audio/engine split block 0: audio_mixer_calls=133 audio_mixer_ms_x10=8 engine_tick_calls=76 engine_tick_ms_x10=131 audio_service_calls=0 audio_service_ms_x10=0 (per-flip avg; per-call us_x10: audio_mix=6052 engine_tick=172757 audio_service=0; global ns: audio_mix=98459583 engine_tick=6197564495 audio_service=0)
[12:29:01] [info] dirty-rect block @flip=200: total_calls=0 dirty_rects_avg=1 dirty_pct_x10=1000 forced_full=0 first_n_force=0 threshold_exceeded=0 dirty_path_taken=0 full_flush_taken=0
[12:29:01] [info] prev-frame-diff block @flip=200: diff_calls=0 diff_rects_avg=0 diff_dirty_pct_x10=0 bbox_pct_x10=0 bbox_thresh_exceeded=0
[12:29:01] [info] tas: stall frame 293 ms -> contributing 1 tick (patch 0286)
[12:29:02] [info] flip-probe: flip #210 ok=true present=2ms inter_flip_ms=23 drawcalls-since-flip=17 drawcalls-total=14481 fail-total=0 null-skips-total=0
[12:29:02] [info] flip-probe: flip #220 ok=true present=3ms inter_flip_ms=22 drawcalls-since-flip=17 drawcalls-total=14651 fail-total=0 null-skips-total=0
[12:29:02] [info] flip-probe: flip #230 ok=true present=3ms inter_flip_ms=22 drawcalls-since-flip=17 drawcalls-total=14821 fail-total=0 null-skips-total=0
[12:29:02] [info] flip-probe: flip #240 ok=true present=3ms inter_flip_ms=22 drawcalls-since-flip=17 drawcalls-total=14991 fail-total=0 null-skips-total=0
[12:29:03] [info] flip-probe: flip #250 ok=true present=3ms inter_flip_ms=22 drawcalls-since-flip=17 drawcalls-total=15161 fail-total=0 null-skips-total=0
[12:29:03] [info] flip-probe: flip #260 ok=true present=3ms inter_flip_ms=43 drawcalls-since-flip=334 drawcalls-total=16691 fail-total=0 null-skips-total=0
[12:29:03] [info]  >> Entering stage 11: 'Mimiga Village'.
[12:29:03] [info] [skip-sheet-flush] cave=3
[12:29:04] [info] [load-stage] preloading entry music song=9 (cave=3)
[12:29:04] [info] gameloop: entered (curmap=11, running=1)
[12:29:04] [info] gameloop: iter 1 ticks=31335 mapno=-1
[12:29:04] [info] map: mds_clear LUT ENABLED (default) (set SDL_HINT_DOSKUTSU_MDS_CLEAR_LUT=0 to disable; default ON; patch 0144 wave-49 bandwidth lever)
[12:29:04] [info] mds-clear-lut: rebuilt N=240 entries (k_skip=0% k_keep=100%; curmap=11 map_size=60x60; rebuild #1 since boot)
[12:29:04] [info] backdrop thrash full-cover ENABLED (default) (set SDL_HINT_DOSKUTSU_THRASH_FULLCOVER=0 to disable)
[12:29:04] [info] [bd-diag] backdrop render-path diag disabled (default) (set SDL_HINT_DOSKUTSU_BACKDROP_DIAG=1 to enable)
[12:29:04] [info] gameloop: iter 2 ticks=31561 mapno=-1
[12:29:04] [info] tas: stall frame 226 ms -> contributing 1 tick (patch 0286)
[12:29:04] [info] flip-probe: flip #270 ok=true present=3ms inter_flip_ms=81 drawcalls-since-flip=384 drawcalls-total=19972 fail-total=0 null-skips-total=0
[12:29:04] [info] gameloop: iter 3 ticks=31647 mapno=-1
[12:29:04] [info] backdrop cache: thrashing-detect engaged (streak=4, route=direct)
[12:29:05] [info] flip-probe: flip #280 ok=true present=3ms inter_flip_ms=32 drawcalls-since-flip=44 drawcalls-total=22488 fail-total=0 null-skips-total=0
[12:29:05] [info] flip-probe: flip #290 ok=true present=3ms inter_flip_ms=36 drawcalls-since-flip=43 drawcalls-total=22896 fail-total=0 null-skips-total=0
[12:29:05] [info] flip-probe: flip #300 ok=true present=3ms inter_flip_ms=49 drawcalls-since-flip=47 drawcalls-total=23340 fail-total=0 null-skips-total=0
[12:29:05] [info] alpha audit block 0: 8581 total drawcalls, 0 with alpha<255 (block pct_x10=0; global 0/22167 pct_x10=0); alpha-mod skipped: block=0 global=0
[12:29:05] [info] fastpath audit block 0: taken=8581 (idx8=8581) skipped=0 pct_x10=1000; global taken=22167 (idx8=22167) skipped=0 pct_x10=1000
[12:29:05] [info] primitive tally block 0: clear=201(hr=201) fill=0(hr=0) rect=0(hr=0) line=0(hr=0) tint=0 spotlight=0 (over 100 flips ending at flip 300)
[12:29:05] [info] color/alpha audit block 0: cmod_white=416 cmod_black=416 (idx=416) cmod_general=0 (idx=0) cmod_fb=0; alpha_taken=0 alpha_skipped=0 (global cmod=1958/416/693/0 idx=416/693 alpha=0/0)
[12:29:05] [info] phase timing block 0: drawcalls=9624 dc_total_ms=875 flip_inner_total_ms=576 inter_flip_total_ms=4129 (per-flip avg x10: dc_ms=87 fi_ms=57 if_ms=412 derived audio+engine_ms=268; per-drawcall avg us_x10=910) [direct-vesa: presents=100 total_ms=265 avg_ms_x10=26 failed=0] [ablation: NO_DC_TIMING=0 CACHE_WINSURF=0 DIRECT_VESA=1]
[12:29:05] [info] kbd/audio block 0: kbd_irq=0 kbd_drain=0 ring_chunks=16 pump_pass=364 pic1_mask=0xb8 first_irq_ticks=0 install_ticks=0 vector_at_install=0x0083a0b0 pic1_mask_live=0x38 kbd_8042_stat=0x34 bios_kbd_head=0x0022 bios_kbd_tail=0x0022 bios_kbd_buf0=0x1c0d
[12:29:05] [info] [tile-speedup-stat n=100 drawtile_us=62.78 raw_blit_us=39.24 ratio=1.60]
[12:29:05] [info] audio/engine split block 0: audio_mixer_calls=158 audio_mixer_ms_x10=9 engine_tick_calls=0 engine_tick_ms_x10=0 audio_service_calls=0 audio_service_ms_x10=0 (per-flip avg; per-call us_x10: audio_mix=6048 engine_tick=0 audio_service=0; global ns: audio_mix=194021027 engine_tick=6197564495 audio_service=0)
[12:29:05] [info] dirty-rect block @flip=300: total_calls=100 dirty_rects_avg=1 dirty_pct_x10=1000 forced_full=0 first_n_force=0 threshold_exceeded=0 dirty_path_taken=0 full_flush_taken=0
[12:29:05] [info] prev-frame-diff block @flip=300: diff_calls=0 diff_rects_avg=0 diff_dirty_pct_x10=0 bbox_pct_x10=0 bbox_thresh_exceeded=0
[12:29:05] [info] backdrop cache: thrashing-detect engaged (streak=4, route=direct)
[12:29:06] [info] flip-probe: flip #310 ok=true present=2ms inter_flip_ms=38 drawcalls-since-flip=44 drawcalls-total=23892 fail-total=0 null-skips-total=0
[12:29:06] [info] flip-probe: flip #320 ok=true present=3ms inter_flip_ms=33 drawcalls-since-flip=43 drawcalls-total=24322 fail-total=0 null-skips-total=0
[12:29:07] [info] flip-probe: flip #330 ok=true present=3ms inter_flip_ms=37 drawcalls-since-flip=43 drawcalls-total=24752 fail-total=0 null-skips-total=0
[12:29:07] [info] flip-probe: flip #340 ok=true present=3ms inter_flip_ms=35 drawcalls-since-flip=43 drawcalls-total=25182 fail-total=0 null-skips-total=0
[12:29:07] [info] flip-probe: flip #350 ok=true present=3ms inter_flip_ms=35 drawcalls-since-flip=43 drawcalls-total=25612 fail-total=0 null-skips-total=0
[12:29:08] [info] flip-probe: flip #360 ok=true present=2ms inter_flip_ms=37 drawcalls-since-flip=43 drawcalls-total=26042 fail-total=0 null-skips-total=0
[12:29:08] [info] backdrop cache: thrashing-detect engaged (streak=64, route=direct)
[12:29:08] [info] flip-probe: flip #370 ok=true present=3ms inter_flip_ms=34 drawcalls-since-flip=43 drawcalls-total=26472 fail-total=0 null-skips-total=0
[12:29:08] [info] flip-probe: flip #380 ok=true present=2ms inter_flip_ms=36 drawcalls-since-flip=43 drawcalls-total=26902 fail-total=0 null-skips-total=0
[12:29:09] [info] flip-probe: flip #390 ok=true present=2ms inter_flip_ms=35 drawcalls-since-flip=17 drawcalls-total=27280 fail-total=0 null-skips-total=0
[12:29:09] [info] flip-probe: flip #400 ok=true present=2ms inter_flip_ms=35 drawcalls-since-flip=19 drawcalls-total=27454 fail-total=0 null-skips-total=0
[12:29:09] [info] alpha audit block 0: 2870 total drawcalls, 0 with alpha<255 (block pct_x10=0; global 0/25037 pct_x10=0); alpha-mod skipped: block=0 global=0
[12:29:09] [info] fastpath audit block 0: taken=2870 (idx8=2870) skipped=0 pct_x10=1000; global taken=25037 (idx8=25037) skipped=0 pct_x10=1000
[12:29:09] [info] primitive tally block 0: clear=200(hr=200) fill=0(hr=0) rect=0(hr=0) line=0(hr=0) tint=0 spotlight=0 (over 100 flips ending at flip 400)
[12:29:09] [info] color/alpha audit block 0: cmod_white=1144 cmod_black=1144 (idx=1144) cmod_general=0 (idx=0) cmod_fb=0; alpha_taken=0 alpha_skipped=0 (global cmod=3102/1560/693/0 idx=1560/693 alpha=0/0)
[12:29:09] [info] phase timing block 0: drawcalls=5359 dc_total_ms=609 flip_inner_total_ms=592 inter_flip_total_ms=3675 (per-flip avg x10: dc_ms=60 fi_ms=59 if_ms=367 derived audio+engine_ms=248; per-drawcall avg us_x10=1137) [direct-vesa: presents=100 total_ms=268 avg_ms_x10=26 failed=0] [ablation: NO_DC_TIMING=0 CACHE_WINSURF=0 DIRECT_VESA=1]
[12:29:09] [info] kbd/audio block 0: kbd_irq=0 kbd_drain=0 ring_chunks=16 pump_pass=548 pic1_mask=0xb8 first_irq_ticks=0 install_ticks=0 vector_at_install=0x0083a0b0 pic1_mask_live=0x38 kbd_8042_stat=0x34 bios_kbd_head=0x0022 bios_kbd_tail=0x0022 bios_kbd_buf0=0x1c0d
[12:29:09] [info] audio/engine split block 0: audio_mixer_calls=160 audio_mixer_ms_x10=9 engine_tick_calls=0 engine_tick_ms_x10=0 audio_service_calls=0 audio_service_ms_x10=0 (per-flip avg; per-call us_x10: audio_mix=6050 engine_tick=0 audio_service=0; global ns: audio_mix=290826210 engine_tick=6197564495 audio_service=0)
[12:29:09] [info] dirty-rect block @flip=400: total_calls=0 dirty_rects_avg=1 dirty_pct_x10=1000 forced_full=0 first_n_force=0 threshold_exceeded=0 dirty_path_taken=0 full_flush_taken=0
[12:29:09] [info] prev-frame-diff block @flip=400: diff_calls=0 diff_rects_avg=0 diff_dirty_pct_x10=0 bbox_pct_x10=0 bbox_thresh_exceeded=0
[12:29:09] [info] flip-probe: flip #410 ok=true present=2ms inter_flip_ms=29 drawcalls-since-flip=18 drawcalls-total=27646 fail-total=0 null-skips-total=0
[12:29:10] [info] flip-probe: flip #420 ok=true present=3ms inter_flip_ms=32 drawcalls-since-flip=17 drawcalls-total=27817 fail-total=0 null-skips-total=0
[12:29:10] [info] backdrop cache: thrashing-detect engaged (streak=124, route=direct)
[12:29:10] [info] flip-probe: flip #430 ok=true present=2ms inter_flip_ms=34 drawcalls-since-flip=18 drawcalls-total=27986 fail-total=0 null-skips-total=0
[12:29:10] [info] flip-probe: flip #440 ok=true present=2ms inter_flip_ms=33 drawcalls-since-flip=16 drawcalls-total=28163 fail-total=0 null-skips-total=0
[12:29:11] [info] flip-probe: flip #450 ok=true present=3ms inter_flip_ms=36 drawcalls-since-flip=15 drawcalls-total=28316 fail-total=0 null-skips-total=0
[12:29:11] [info] flip-probe: flip #460 ok=true present=3ms inter_flip_ms=39 drawcalls-since-flip=18 drawcalls-total=28483 fail-total=0 null-skips-total=0
[12:29:12] [info] flip-probe: flip #470 ok=true present=3ms inter_flip_ms=36 drawcalls-since-flip=16 drawcalls-total=28660 fail-total=0 null-skips-total=0
[12:29:12] [info] flip-probe: flip #480 ok=true present=2ms inter_flip_ms=37 drawcalls-since-flip=15 drawcalls-total=28813 fail-total=0 null-skips-total=0
[12:29:12] [info] backdrop cache: thrashing-detect engaged (streak=184, route=direct)
[12:29:12] [info] flip-probe: flip #490 ok=true present=3ms inter_flip_ms=33 drawcalls-since-flip=15 drawcalls-total=28963 fail-total=0 null-skips-total=0
[12:29:13] [info] flip-probe: flip #500 ok=true present=3ms inter_flip_ms=52 drawcalls-since-flip=259 drawcalls-total=29973 fail-total=0 null-skips-total=0
[12:29:13] [info] alpha audit block 0: 2419 total drawcalls, 0 with alpha<255 (block pct_x10=0; global 0/27456 pct_x10=0); alpha-mod skipped: block=0 global=0
[12:29:13] [info] fastpath audit block 0: taken=2419 (idx8=2419) skipped=0 pct_x10=1000; global taken=27456 (idx8=27456) skipped=0 pct_x10=1000
[12:29:13] [info] primitive tally block 0: clear=200(hr=200) fill=0(hr=0) rect=0(hr=0) line=0(hr=0) tint=0 spotlight=0 (over 100 flips ending at flip 500)
[12:29:13] [info] phase timing block 0: drawcalls=2619 dc_total_ms=517 flip_inner_total_ms=604 inter_flip_total_ms=3651 (per-flip avg x10: dc_ms=51 fi_ms=60 if_ms=365 derived audio+engine_ms=254; per-drawcall avg us_x10=1975) [direct-vesa: presents=100 total_ms=267 avg_ms_x10=26 failed=0] [ablation: NO_DC_TIMING=0 CACHE_WINSURF=0 DIRECT_VESA=1]
[12:29:13] [info] kbd/audio block 0: kbd_irq=0 kbd_drain=0 ring_chunks=16 pump_pass=730 pic1_mask=0xb8 first_irq_ticks=0 install_ticks=0 vector_at_install=0x0083a0b0 pic1_mask_live=0x38 kbd_8042_stat=0x34 bios_kbd_head=0x0022 bios_kbd_tail=0x0022 bios_kbd_buf0=0x1c0d
[12:29:13] [info] audio/engine split block 0: audio_mixer_calls=157 audio_mixer_ms_x10=9 engine_tick_calls=0 engine_tick_ms_x10=0 audio_service_calls=0 audio_service_ms_x10=0 (per-flip avg; per-call us_x10: audio_mix=6049 engine_tick=0 audio_service=0; global ns: audio_mix=385802658 engine_tick=6197564495 audio_service=0)
[12:29:13] [info] dirty-rect block @flip=500: total_calls=0 dirty_rects_avg=1 dirty_pct_x10=1000 forced_full=0 first_n_force=0 threshold_exceeded=0 dirty_path_taken=0 full_flush_taken=0
[12:29:13] [info] prev-frame-diff block @flip=500: diff_calls=0 diff_rects_avg=0 diff_dirty_pct_x10=0 bbox_pct_x10=0 bbox_thresh_exceeded=0
[12:29:13] [info]  >> Entering stage 17: 'Yamashita Farm'.
[12:29:13] [info] [skip-sheet-flush] cave=4
[12:29:13] [info] [load-stage] preloading entry music song=13 (cave=4)
[12:29:14] [info] Organya pre-render: cache HIT PLANT (1185024 bytes from CACHE; 1 ch; synth skipped).
[12:29:14] [info] gameloop: entered (curmap=17, running=1)
[12:29:14] [info] gameloop: iter 1 ticks=41863 mapno=-1
[12:29:14] [info] mds-clear-lut: rebuilt N=240 entries (k_skip=33% k_keep=67%; curmap=17 map_size=40x16; rebuild #2 since boot)
[12:29:14] [info] gameloop: iter 2 ticks=42038 mapno=-1
[12:29:14] [info] tas: stall frame 184 ms -> contributing 1 tick (patch 0286)
[12:29:14] [info] gameloop: iter 3 ticks=42119 mapno=-1
[12:29:15] [info] flip-probe: flip #510 ok=true present=3ms inter_flip_ms=70 drawcalls-since-flip=404 drawcalls-total=32781 fail-total=0 null-skips-total=0
[12:29:15] [info] flip-probe: flip #520 ok=true present=3ms inter_flip_ms=40 drawcalls-since-flip=132 drawcalls-total=35667 fail-total=0 null-skips-total=0
[12:29:16] [info] flip-probe: flip #530 ok=true present=2ms inter_flip_ms=43 drawcalls-since-flip=139 drawcalls-total=37000 fail-total=0 null-skips-total=0
[12:29:16] [info] flip-probe: flip #540 ok=true present=3ms inter_flip_ms=44 drawcalls-since-flip=141 drawcalls-total=38391 fail-total=0 null-skips-total=0
[12:29:16] [info] flip-probe: flip #550 ok=true present=3ms inter_flip_ms=54 drawcalls-since-flip=146 drawcalls-total=39817 fail-total=0 null-skips-total=0
[12:29:17] [info] backdrop cache: thrashing-detect engaged (streak=4, route=direct)
[12:29:17] [info] flip-probe: flip #560 ok=true present=3ms inter_flip_ms=42 drawcalls-since-flip=129 drawcalls-total=41148 fail-total=0 null-skips-total=0
[12:29:17] [info] flip-probe: flip #570 ok=true present=3ms inter_flip_ms=42 drawcalls-since-flip=131 drawcalls-total=42439 fail-total=0 null-skips-total=0
[12:29:18] [info] flip-probe: flip #580 ok=true present=3ms inter_flip_ms=46 drawcalls-since-flip=137 drawcalls-total=43767 fail-total=0 null-skips-total=0
[12:29:18] [info] flip-probe: flip #590 ok=true present=3ms inter_flip_ms=58 drawcalls-since-flip=141 drawcalls-total=45176 fail-total=0 null-skips-total=0
[12:29:18] [info] backdrop cache: thrashing-detect engaged (streak=4, route=direct)
[12:29:19] [info] flip-probe: flip #600 ok=true present=2ms inter_flip_ms=46 drawcalls-since-flip=140 drawcalls-total=46588 fail-total=0 null-skips-total=0
[12:29:19] [info] alpha audit block 0: 15306 total drawcalls, 0 with alpha<255 (block pct_x10=0; global 0/42762 pct_x10=0); alpha-mod skipped: block=0 global=0
[12:29:19] [info] fastpath audit block 0: taken=15306 (idx8=15306) skipped=0 pct_x10=1000; global taken=42762 (idx8=42762) skipped=0 pct_x10=1000
[12:29:19] [info] primitive tally block 0: clear=202(hr=202) fill=0(hr=0) rect=0(hr=0) line=0(hr=0) tint=0 spotlight=0 (over 100 flips ending at flip 600)
[12:29:19] [info] color/alpha audit block 0: cmod_white=1209 cmod_black=1209 (idx=1209) cmod_general=0 (idx=0) cmod_fb=0; alpha_taken=0 alpha_skipped=0 (global cmod=4311/2769/693/0 idx=2769/693 alpha=0/0)
[12:29:19] [info] phase timing block 0: drawcalls=17973 dc_total_ms=1177 flip_inner_total_ms=614 inter_flip_total_ms=6294 (per-flip avg x10: dc_ms=117 fi_ms=61 if_ms=629 derived audio+engine_ms=451; per-drawcall avg us_x10=655) [direct-vesa: presents=100 total_ms=265 avg_ms_x10=26 failed=0] [ablation: NO_DC_TIMING=0 CACHE_WINSURF=0 DIRECT_VESA=1]
[12:29:19] [info] kbd/audio block 0: kbd_irq=0 kbd_drain=0 ring_chunks=16 pump_pass=977 pic1_mask=0xb8 first_irq_ticks=0 install_ticks=0 vector_at_install=0x0083a0b0 pic1_mask_live=0x38 kbd_8042_stat=0x34 bios_kbd_head=0x0022 bios_kbd_tail=0x0022 bios_kbd_buf0=0x1c0d
[12:29:19] [info] audio/engine split block 0: audio_mixer_calls=229 audio_mixer_ms_x10=14 engine_tick_calls=0 engine_tick_ms_x10=0 audio_service_calls=0 audio_service_ms_x10=0 (per-flip avg; per-call us_x10: audio_mix=6131 engine_tick=0 audio_service=0; global ns: audio_mix=526218194 engine_tick=6197564495 audio_service=0)
[12:29:19] [info] dirty-rect block @flip=600: total_calls=0 dirty_rects_avg=1 dirty_pct_x10=1000 forced_full=0 first_n_force=0 threshold_exceeded=0 dirty_path_taken=0 full_flush_taken=0
[12:29:19] [info] prev-frame-diff block @flip=600: diff_calls=0 diff_rects_avg=0 diff_dirty_pct_x10=0 bbox_pct_x10=0 bbox_thresh_exceeded=0
[12:29:19] [info] flip-probe: flip #610 ok=true present=3ms inter_flip_ms=42 drawcalls-since-flip=132 drawcalls-total=47951 fail-total=0 null-skips-total=0
[12:29:20] [info] flip-probe: flip #620 ok=true present=3ms inter_flip_ms=46 drawcalls-since-flip=130 drawcalls-total=49251 fail-total=0 null-skips-total=0
[12:29:20] [info] flip-probe: flip #630 ok=true present=2ms inter_flip_ms=49 drawcalls-since-flip=108 drawcalls-total=50437 fail-total=0 null-skips-total=0
[12:29:21] [info] flip-probe: flip #640 ok=true present=2ms inter_flip_ms=38 drawcalls-since-flip=104 drawcalls-total=51485 fail-total=0 null-skips-total=0
[12:29:21] [info] tas: stall frame 259 ms -> contributing 1 tick (patch 0286)
[12:29:21] [info] flip-probe: flip #650 ok=true present=3ms inter_flip_ms=41 drawcalls-since-flip=103 drawcalls-total=52514 fail-total=0 null-skips-total=0
[12:29:21] [info] backdrop cache: thrashing-detect engaged (streak=64, route=direct)
[12:29:22] [info] flip-probe: flip #660 ok=true present=3ms inter_flip_ms=41 drawcalls-since-flip=100 drawcalls-total=53526 fail-total=0 null-skips-total=0
[12:29:22] [info] flip-probe: flip #670 ok=true present=3ms inter_flip_ms=43 drawcalls-since-flip=97 drawcalls-total=54502 fail-total=0 null-skips-total=0
[12:29:23] [info] flip-probe: flip #680 ok=true present=3ms inter_flip_ms=50 drawcalls-since-flip=114 drawcalls-total=55564 fail-total=0 null-skips-total=0
[12:29:23] [info] flip-probe: flip #690 ok=true present=3ms inter_flip_ms=44 drawcalls-since-flip=117 drawcalls-total=56725 fail-total=0 null-skips-total=0
[12:29:24] [info] backdrop cache: thrashing-detect engaged (streak=4, route=direct)
[12:29:24] [info] run_tick_fixed #1200: heartbeat (loop alive)
[12:29:24] [info] flip-probe: flip #700 ok=true present=3ms inter_flip_ms=43 drawcalls-since-flip=114 drawcalls-total=57870 fail-total=0 null-skips-total=0
[12:29:24] [info] alpha audit block 0: 10831 total drawcalls, 0 with alpha<255 (block pct_x10=0; global 0/53593 pct_x10=0); alpha-mod skipped: block=0 global=0
[12:29:24] [info] fastpath audit block 0: taken=10831 (idx8=10831) skipped=0 pct_x10=1000; global taken=53593 (idx8=53593) skipped=0 pct_x10=1000
[12:29:24] [info] primitive tally block 0: clear=200(hr=200) fill=0(hr=0) rect=0(hr=0) line=0(hr=0) tint=0 spotlight=0 (over 100 flips ending at flip 700)
[12:29:24] [info] color/alpha audit block 0: cmod_white=351 cmod_black=351 (idx=351) cmod_general=0 (idx=0) cmod_fb=0; alpha_taken=0 alpha_skipped=0 (global cmod=4662/3120/693/0 idx=3120/693 alpha=0/0)
[12:29:24] [info] phase timing block 0: drawcalls=11737 dc_total_ms=681 flip_inner_total_ms=805 inter_flip_total_ms=4799 (per-flip avg x10: dc_ms=68 fi_ms=80 if_ms=479 derived audio+engine_ms=331; per-drawcall avg us_x10=580) [direct-vesa: presents=100 total_ms=267 avg_ms_x10=26 failed=0] [ablation: NO_DC_TIMING=0 CACHE_WINSURF=0 DIRECT_VESA=1]
[12:29:24] [info] kbd/audio block 0: kbd_irq=0 kbd_drain=0 ring_chunks=16 pump_pass=1205 pic1_mask=0xb8 first_irq_ticks=0 install_ticks=0 vector_at_install=0x0083a0b0 pic1_mask_live=0x38 kbd_8042_stat=0x34 bios_kbd_head=0x0022 bios_kbd_tail=0x0022 bios_kbd_buf0=0x1c0d
[12:29:24] [info] audio/engine split block 0: audio_mixer_calls=206 audio_mixer_ms_x10=12 engine_tick_calls=0 engine_tick_ms_x10=0 audio_service_calls=0 audio_service_ms_x10=0 (per-flip avg; per-call us_x10: audio_mix=6090 engine_tick=0 audio_service=0; global ns: audio_mix=651692140 engine_tick=6197564495 audio_service=0)
[12:29:24] [info] dirty-rect block @flip=700: total_calls=0 dirty_rects_avg=1 dirty_pct_x10=1000 forced_full=0 first_n_force=0 threshold_exceeded=0 dirty_path_taken=0 full_flush_taken=0
[12:29:24] [info] prev-frame-diff block @flip=700: diff_calls=0 diff_rects_avg=0 diff_dirty_pct_x10=0 bbox_pct_x10=0 bbox_thresh_exceeded=0
[12:29:24] [info] flip-probe: flip #710 ok=true present=3ms inter_flip_ms=43 drawcalls-since-flip=114 drawcalls-total=58982 fail-total=0 null-skips-total=0
[12:29:25] [info] flip-probe: flip #720 ok=true present=3ms inter_flip_ms=43 drawcalls-since-flip=111 drawcalls-total=60104 fail-total=0 null-skips-total=0
[12:29:25] [info] flip-probe: flip #730 ok=true present=3ms inter_flip_ms=44 drawcalls-since-flip=109 drawcalls-total=61186 fail-total=0 null-skips-total=0
[12:29:26] [info] flip-probe: flip #740 ok=true present=3ms inter_flip_ms=43 drawcalls-since-flip=111 drawcalls-total=62282 fail-total=0 null-skips-total=0
[12:29:26] [info] flip-probe: flip #750 ok=true present=3ms inter_flip_ms=43 drawcalls-since-flip=112 drawcalls-total=63407 fail-total=0 null-skips-total=0
[12:29:26] [info] backdrop cache: thrashing-detect engaged (streak=64, route=direct)
[12:29:26] [info] flip-probe: flip #760 ok=true present=3ms inter_flip_ms=41 drawcalls-since-flip=113 drawcalls-total=64525 fail-total=0 null-skips-total=0
[12:29:27] [info] flip-probe: flip #770 ok=true present=3ms inter_flip_ms=44 drawcalls-since-flip=109 drawcalls-total=65644 fail-total=0 null-skips-total=0
[12:29:27] [info] flip-probe: flip #780 ok=true present=3ms inter_flip_ms=45 drawcalls-since-flip=118 drawcalls-total=66772 fail-total=0 null-skips-total=0
[12:29:28] [info] flip-probe: flip #790 ok=true present=3ms inter_flip_ms=43 drawcalls-since-flip=119 drawcalls-total=67948 fail-total=0 null-skips-total=0
[12:29:28] [info] flip-probe: flip #800 ok=true present=3ms inter_flip_ms=41 drawcalls-since-flip=114 drawcalls-total=69106 fail-total=0 null-skips-total=0
[12:29:28] [info] alpha audit block 0: 11136 total drawcalls, 0 with alpha<255 (block pct_x10=0; global 0/64729 pct_x10=0); alpha-mod skipped: block=0 global=0
[12:29:28] [info] fastpath audit block 0: taken=11136 (idx8=11136) skipped=0 pct_x10=1000; global taken=64729 (idx8=64729) skipped=0 pct_x10=1000
[12:29:28] [info] primitive tally block 0: clear=200(hr=200) fill=0(hr=0) rect=0(hr=0) line=0(hr=0) tint=0 spotlight=0 (over 100 flips ending at flip 800)
[12:29:28] [info] phase timing block 0: drawcalls=11362 dc_total_ms=775 flip_inner_total_ms=578 inter_flip_total_ms=4525 (per-flip avg x10: dc_ms=77 fi_ms=57 if_ms=452 derived audio+engine_ms=318; per-drawcall avg us_x10=682) [direct-vesa: presents=100 total_ms=268 avg_ms_x10=26 failed=0] [ablation: NO_DC_TIMING=0 CACHE_WINSURF=0 DIRECT_VESA=1]
[12:29:28] [info] kbd/audio block 0: kbd_irq=0 kbd_drain=0 ring_chunks=16 pump_pass=1431 pic1_mask=0xb8 first_irq_ticks=0 install_ticks=0 vector_at_install=0x0083a0b0 pic1_mask_live=0x38 kbd_8042_stat=0x34 bios_kbd_head=0x0022 bios_kbd_tail=0x0022 bios_kbd_buf0=0x1c0d
[12:29:28] [info] audio/engine split block 0: audio_mixer_calls=196 audio_mixer_ms_x10=11 engine_tick_calls=0 engine_tick_ms_x10=0 audio_service_calls=0 audio_service_ms_x10=0 (per-flip avg; per-call us_x10: audio_mix=6088 engine_tick=0 audio_service=0; global ns: audio_mix=771019484 engine_tick=6197564495 audio_service=0)
[12:29:28] [info] dirty-rect block @flip=800: total_calls=0 dirty_rects_avg=1 dirty_pct_x10=1000 forced_full=0 first_n_force=0 threshold_exceeded=0 dirty_path_taken=0 full_flush_taken=0
[12:29:28] [info] prev-frame-diff block @flip=800: diff_calls=0 diff_rects_avg=0 diff_dirty_pct_x10=0 bbox_pct_x10=0 bbox_thresh_exceeded=0
[12:29:29] [info] flip-probe: flip #810 ok=true present=3ms inter_flip_ms=45 drawcalls-since-flip=116 drawcalls-total=70266 fail-total=0 null-skips-total=0
[12:29:29] [info] flip-probe: flip #820 ok=true present=3ms inter_flip_ms=42 drawcalls-since-flip=117 drawcalls-total=71450 fail-total=0 null-skips-total=0
[12:29:30] [info] flip-probe: flip #830 ok=true present=3ms inter_flip_ms=56 drawcalls-since-flip=360 drawcalls-total=73446 fail-total=0 null-skips-total=0
[12:29:30] [info]  >> Entering stage 11: 'Mimiga Village'.
[12:29:30] [info] [skip-sheet-flush] cave=5
[12:29:30] [info] [load-stage] preloading entry music song=9 (cave=5)
[12:29:31] [info] Organya pre-render: cache HIT MURA (1481280 bytes from CACHE; 1 ch; synth skipped).
[12:29:31] [info] gameloop: entered (curmap=11, running=1)
[12:29:31] [info] gameloop: iter 1 ticks=58548 mapno=-1
[12:29:31] [info] mds-clear-lut: rebuilt N=240 entries (k_skip=0% k_keep=100%; curmap=11 map_size=60x60; rebuild #3 since boot)
[12:29:31] [info] gameloop: iter 2 ticks=58625 mapno=-1
[12:29:31] [info] gameloop: iter 3 ticks=58704 mapno=-1
[12:29:31] [info] flip-probe: flip #840 ok=true present=3ms inter_flip_ms=71 drawcalls-since-flip=345 drawcalls-total=76716 fail-total=0 null-skips-total=0
[12:29:31] [info] backdrop cache: thrashing-detect engaged (streak=4, route=direct)
[12:29:32] [info] flip-probe: flip #850 ok=true present=3ms inter_flip_ms=34 drawcalls-since-flip=30 drawcalls-total=78561 fail-total=0 null-skips-total=0
[12:29:32] [info] flip-probe: flip #860 ok=true present=3ms inter_flip_ms=37 drawcalls-since-flip=41 drawcalls-total=78971 fail-total=0 null-skips-total=0
[12:29:32] [info] flip-probe: flip #870 ok=true present=2ms inter_flip_ms=38 drawcalls-since-flip=41 drawcalls-total=79381 fail-total=0 null-skips-total=0
[12:29:33] [info] flip-probe: flip #880 ok=true present=3ms inter_flip_ms=37 drawcalls-since-flip=41 drawcalls-total=79791 fail-total=0 null-skips-total=0
[12:29:33] [info] flip-probe: flip #890 ok=true present=3ms inter_flip_ms=35 drawcalls-since-flip=41 drawcalls-total=80201 fail-total=0 null-skips-total=0
[12:29:33] [info] flip-probe: flip #900 ok=true present=3ms inter_flip_ms=37 drawcalls-since-flip=41 drawcalls-total=80617 fail-total=0 null-skips-total=0
[12:29:33] [info] alpha audit block 0: 10592 total drawcalls, 0 with alpha<255 (block pct_x10=0; global 0/75321 pct_x10=0); alpha-mod skipped: block=0 global=0
[12:29:33] [info] fastpath audit block 0: taken=10592 (idx8=10592) skipped=0 pct_x10=1000; global taken=75321 (idx8=75321) skipped=0 pct_x10=1000
[12:29:33] [info] primitive tally block 0: clear=202(hr=202) fill=0(hr=0) rect=0(hr=0) line=0(hr=0) tint=0 spotlight=0 (over 100 flips ending at flip 900)
[12:29:33] [info] color/alpha audit block 0: cmod_white=819 cmod_black=819 (idx=819) cmod_general=0 (idx=0) cmod_fb=0; alpha_taken=0 alpha_skipped=0 (global cmod=5481/3939/693/0 idx=3939/693 alpha=0/0)
[12:29:33] [info] phase timing block 0: drawcalls=12475 dc_total_ms=1048 flip_inner_total_ms=592 inter_flip_total_ms=5244 (per-flip avg x10: dc_ms=104 fi_ms=59 if_ms=524 derived audio+engine_ms=361; per-drawcall avg us_x10=840) [direct-vesa: presents=100 total_ms=267 avg_ms_x10=26 failed=0] [ablation: NO_DC_TIMING=0 CACHE_WINSURF=0 DIRECT_VESA=1]
[12:29:34] [info] kbd/audio block 0: kbd_irq=0 kbd_drain=0 ring_chunks=16 pump_pass=1651 pic1_mask=0xb8 first_irq_ticks=0 install_ticks=0 vector_at_install=0x0083a0b0 pic1_mask_live=0x38 kbd_8042_stat=0x34 bios_kbd_head=0x0022 bios_kbd_tail=0x0022 bios_kbd_buf0=0x1c0d
[12:29:34] [info] audio/engine split block 0: audio_mixer_calls=201 audio_mixer_ms_x10=12 engine_tick_calls=0 engine_tick_ms_x10=0 audio_service_calls=0 audio_service_ms_x10=0 (per-flip avg; per-call us_x10: audio_mix=6082 engine_tick=0 audio_service=0; global ns: audio_mix=893276808 engine_tick=6197564495 audio_service=0)
[12:29:34] [info] dirty-rect block @flip=900: total_calls=0 dirty_rects_avg=1 dirty_pct_x10=1000 forced_full=0 first_n_force=0 threshold_exceeded=0 dirty_path_taken=0 full_flush_taken=0
[12:29:34] [info] prev-frame-diff block @flip=900: diff_calls=0 diff_rects_avg=0 diff_dirty_pct_x10=0 bbox_pct_x10=0 bbox_thresh_exceeded=0
[12:29:34] [info] backdrop cache: thrashing-detect engaged (streak=64, route=direct)
[12:29:34] [info] flip-probe: flip #910 ok=true present=3ms inter_flip_ms=37 drawcalls-since-flip=42 drawcalls-total=81033 fail-total=0 null-skips-total=0
[12:29:34] [info] flip-probe: flip #920 ok=true present=3ms inter_flip_ms=30 drawcalls-since-flip=41 drawcalls-total=81444 fail-total=0 null-skips-total=0
[12:29:35] [info] flip-probe: flip #930 ok=true present=3ms inter_flip_ms=35 drawcalls-since-flip=42 drawcalls-total=81864 fail-total=0 null-skips-total=0
[12:29:35] [info] flip-probe: flip #940 ok=true present=3ms inter_flip_ms=34 drawcalls-since-flip=43 drawcalls-total=82288 fail-total=0 null-skips-total=0
[12:29:35] [info] flip-probe: flip #950 ok=true present=3ms inter_flip_ms=31 drawcalls-since-flip=42 drawcalls-total=82713 fail-total=0 null-skips-total=0
[12:29:36] [info] flip-probe: flip #960 ok=true present=3ms inter_flip_ms=34 drawcalls-since-flip=16 drawcalls-total=83055 fail-total=0 null-skips-total=0
[12:29:36] [info] backdrop cache: thrashing-detect engaged (streak=124, route=direct)
[12:29:36] [info] flip-probe: flip #970 ok=true present=2ms inter_flip_ms=30 drawcalls-since-flip=16 drawcalls-total=83215 fail-total=0 null-skips-total=0
[12:29:36] [info] flip-probe: flip #980 ok=true present=3ms inter_flip_ms=32 drawcalls-since-flip=17 drawcalls-total=83384 fail-total=0 null-skips-total=0
[12:29:36] [info] run_tick_fixed #1800: heartbeat (loop alive)
[12:29:37] [info] flip-probe: flip #990 ok=true present=3ms inter_flip_ms=33 drawcalls-since-flip=18 drawcalls-total=83560 fail-total=0 null-skips-total=0
[12:29:37] [info] flip-probe: flip #1000 ok=true present=2ms inter_flip_ms=40 drawcalls-since-flip=18 drawcalls-total=83740 fail-total=0 null-skips-total=0
[12:29:37] [info] alpha audit block 0: 2282 total drawcalls, 0 with alpha<255 (block pct_x10=0; global 0/77603 pct_x10=0); alpha-mod skipped: block=0 global=0
[12:29:37] [info] fastpath audit block 0: taken=2282 (idx8=2282) skipped=0 pct_x10=1000; global taken=77603 (idx8=77603) skipped=0 pct_x10=1000
[12:29:37] [info] primitive tally block 0: clear=200(hr=200) fill=0(hr=0) rect=0(hr=0) line=0(hr=0) tint=0 spotlight=0 (over 100 flips ending at flip 1000)
[12:29:37] [info] color/alpha audit block 0: cmod_white=741 cmod_black=741 (idx=741) cmod_general=0 (idx=0) cmod_fb=0; alpha_taken=0 alpha_skipped=0 (global cmod=6222/4680/693/0 idx=4680/693 alpha=0/0)
[12:29:37] [info] phase timing block 0: drawcalls=3964 dc_total_ms=551 flip_inner_total_ms=594 inter_flip_total_ms=3462 (per-flip avg x10: dc_ms=55 fi_ms=59 if_ms=346 derived audio+engine_ms=232; per-drawcall avg us_x10=1392) [direct-vesa: presents=100 total_ms=266 avg_ms_x10=26 failed=0] [ablation: NO_DC_TIMING=0 CACHE_WINSURF=0 DIRECT_VESA=1]
[12:29:37] [info] kbd/audio block 0: kbd_irq=0 kbd_drain=0 ring_chunks=16 pump_pass=1824 pic1_mask=0xb8 first_irq_ticks=0 install_ticks=0 vector_at_install=0x0083a0b0 pic1_mask_live=0x38 kbd_8042_stat=0x34 bios_kbd_head=0x0022 bios_kbd_tail=0x0022 bios_kbd_buf0=0x1c0d
[12:29:37] [info] audio/engine split block 0: audio_mixer_calls=150 audio_mixer_ms_x10=9 engine_tick_calls=0 engine_tick_ms_x10=0 audio_service_calls=0 audio_service_ms_x10=0 (per-flip avg; per-call us_x10: audio_mix=6036 engine_tick=0 audio_service=0; global ns: audio_mix=983824755 engine_tick=6197564495 audio_service=0)
[12:29:37] [info] dirty-rect block @flip=1000: total_calls=0 dirty_rects_avg=1 dirty_pct_x10=1000 forced_full=0 first_n_force=0 threshold_exceeded=0 dirty_path_taken=0 full_flush_taken=0
[12:29:37] [info] prev-frame-diff block @flip=1000: diff_calls=0 diff_rects_avg=0 diff_dirty_pct_x10=0 bbox_pct_x10=0 bbox_thresh_exceeded=0
[12:29:37] [info] flip-probe: flip #1010 ok=true present=3ms inter_flip_ms=30 drawcalls-since-flip=18 drawcalls-total=83920 fail-total=0 null-skips-total=0
[12:29:38] [info] flip-probe: flip #1020 ok=true present=3ms inter_flip_ms=30 drawcalls-since-flip=17 drawcalls-total=84093 fail-total=0 null-skips-total=0
[12:29:38] [info] backdrop cache: thrashing-detect engaged (streak=184, route=direct)
[12:29:38] [info] flip-probe: flip #1030 ok=true present=3ms inter_flip_ms=32 drawcalls-since-flip=16 drawcalls-total=84259 fail-total=0 null-skips-total=0
[12:29:38] [info] flip-probe: flip #1040 ok=true present=3ms inter_flip_ms=35 drawcalls-since-flip=17 drawcalls-total=84428 fail-total=0 null-skips-total=0
[12:29:39] [info] flip-probe: flip #1050 ok=true present=3ms inter_flip_ms=33 drawcalls-since-flip=16 drawcalls-total=84589 fail-total=0 null-skips-total=0
[12:29:39] [info] flip-probe: flip #1060 ok=true present=3ms inter_flip_ms=28 drawcalls-since-flip=16 drawcalls-total=84749 fail-total=0 null-skips-total=0
[12:29:39] [info] flip-probe: flip #1070 ok=true present=3ms inter_flip_ms=31 drawcalls-since-flip=16 drawcalls-total=84909 fail-total=0 null-skips-total=0
[12:29:40] [info] flip-probe: flip #1080 ok=true present=3ms inter_flip_ms=28 drawcalls-since-flip=16 drawcalls-total=85069 fail-total=0 null-skips-total=0
[12:29:40] [info] backdrop cache: thrashing-detect engaged (streak=244, route=direct)
[12:29:40] [info] flip-probe: flip #1090 ok=true present=3ms inter_flip_ms=32 drawcalls-since-flip=27 drawcalls-total=85240 fail-total=0 null-skips-total=0
[12:29:40] [info] flip-probe: flip #1100 ok=true present=3ms inter_flip_ms=30 drawcalls-since-flip=21 drawcalls-total=85480 fail-total=0 null-skips-total=0
[12:29:40] [info] alpha audit block 0: 1640 total drawcalls, 0 with alpha<255 (block pct_x10=0; global 0/79243 pct_x10=0); alpha-mod skipped: block=0 global=0
[12:29:40] [info] fastpath audit block 0: taken=1640 (idx8=1640) skipped=0 pct_x10=1000; global taken=79243 (idx8=79243) skipped=0 pct_x10=1000
[12:29:40] [info] primitive tally block 0: clear=200(hr=200) fill=0(hr=0) rect=0(hr=0) line=0(hr=0) tint=0 spotlight=0 (over 100 flips ending at flip 1100)
[12:29:40] [info] phase timing block 0: drawcalls=1840 dc_total_ms=482 flip_inner_total_ms=795 inter_flip_total_ms=3284 (per-flip avg x10: dc_ms=48 fi_ms=79 if_ms=328 derived audio+engine_ms=201; per-drawcall avg us_x10=2621) [direct-vesa: presents=100 total_ms=265 avg_ms_x10=26 failed=0] [ablation: NO_DC_TIMING=0 CACHE_WINSURF=0 DIRECT_VESA=1]
[12:29:40] [info] kbd/audio block 0: kbd_irq=0 kbd_drain=0 ring_chunks=16 pump_pass=1988 pic1_mask=0xb8 first_irq_ticks=0 install_ticks=0 vector_at_install=0x0083a0b0 pic1_mask_live=0x38 kbd_8042_stat=0x34 bios_kbd_head=0x0022 bios_kbd_tail=0x0022 bios_kbd_buf0=0x1c0d
[12:29:40] [info] audio/engine split block 0: audio_mixer_calls=142 audio_mixer_ms_x10=8 engine_tick_calls=0 engine_tick_ms_x10=0 audio_service_calls=0 audio_service_ms_x10=0 (per-flip avg; per-call us_x10: audio_mix=6025 engine_tick=0 audio_service=0; global ns: audio_mix=1069384352 engine_tick=6197564495 audio_service=0)
[12:29:40] [info] dirty-rect block @flip=1100: total_calls=0 dirty_rects_avg=1 dirty_pct_x10=1000 forced_full=0 first_n_force=0 threshold_exceeded=0 dirty_path_taken=0 full_flush_taken=0
[12:29:41] [info] prev-frame-diff block @flip=1100: diff_calls=0 diff_rects_avg=0 diff_dirty_pct_x10=0 bbox_pct_x10=0 bbox_thresh_exceeded=0
[12:29:41] [info] tas: stall frame 296 ms -> contributing 1 tick (patch 0286)
[12:29:41] [info] flip-probe: flip #1110 ok=true present=2ms inter_flip_ms=35 drawcalls-since-flip=20 drawcalls-total=85674 fail-total=0 null-skips-total=0
[12:29:41] [info] flip-probe: flip #1120 ok=true present=3ms inter_flip_ms=33 drawcalls-since-flip=20 drawcalls-total=85859 fail-total=0 null-skips-total=0
[12:29:42] [info] flip-probe: flip #1130 ok=true present=3ms inter_flip_ms=31 drawcalls-since-flip=17 drawcalls-total=86050 fail-total=0 null-skips-total=0
[12:29:42] [info] flip-probe: flip #1140 ok=true present=3ms inter_flip_ms=51 drawcalls-since-flip=305 drawcalls-total=88365 fail-total=0 null-skips-total=0
[12:29:42] [info] backdrop cache: thrashing-detect engaged (streak=304, route=direct)
[12:29:42] [info]  >> Entering stage 15: 'Reservoir'.
[12:29:42] [info] [skip-sheet-flush] cave=6
[12:29:42] [info] [load-stage] preloading entry music song=9 (cave=6)
[12:29:42] [info] gameloop: entered (curmap=15, running=1)
[12:29:43] [info] gameloop: iter 1 ticks=70173 mapno=-1
[12:29:43] [info] mds-clear-lut: rebuilt N=240 entries (k_skip=13% k_keep=87%; curmap=15 map_size=40x20; rebuild #4 since boot)
[12:29:43] [info] gameloop: iter 2 ticks=70255 mapno=-1
[12:29:43] [info] gameloop: iter 3 ticks=70323 mapno=-1
[12:29:43] [info] flip-probe: flip #1150 ok=true present=2ms inter_flip_ms=54 drawcalls-since-flip=306 drawcalls-total=90971 fail-total=0 null-skips-total=0
[12:29:43] [info] flip-probe: flip #1160 ok=true present=3ms inter_flip_ms=32 drawcalls-since-flip=32 drawcalls-total=92178 fail-total=0 null-skips-total=0
[12:29:44] [info] flip-probe: flip #1170 ok=true present=2ms inter_flip_ms=32 drawcalls-since-flip=32 drawcalls-total=92498 fail-total=0 null-skips-total=0
[12:29:44] [info] flip-probe: flip #1180 ok=true present=2ms inter_flip_ms=32 drawcalls-since-flip=32 drawcalls-total=92818 fail-total=0 null-skips-total=0
[12:29:44] [info] flip-probe: flip #1190 ok=true present=2ms inter_flip_ms=40 drawcalls-since-flip=32 drawcalls-total=93138 fail-total=0 null-skips-total=0
[12:29:44] [info] backdrop cache: thrashing-detect engaged (streak=4, route=direct)
[12:29:45] [info] flip-probe: flip #1200 ok=true present=2ms inter_flip_ms=40 drawcalls-since-flip=34 drawcalls-total=93472 fail-total=0 null-skips-total=0
[12:29:45] [info] alpha audit block 0: 7388 total drawcalls, 0 with alpha<255 (block pct_x10=0; global 0/86631 pct_x10=0); alpha-mod skipped: block=0 global=0
[12:29:45] [info] fastpath audit block 0: taken=7388 (idx8=7388) skipped=0 pct_x10=1000; global taken=86631 (idx8=86631) skipped=0 pct_x10=1000
[12:29:45] [info] primitive tally block 0: clear=202(hr=202) fill=0(hr=0) rect=0(hr=0) line=0(hr=0) tint=0 spotlight=0 (over 100 flips ending at flip 1200)
[12:29:45] [info] color/alpha audit block 0: cmod_white=504 cmod_black=504 (idx=504) cmod_general=0 (idx=0) cmod_fb=0; alpha_taken=0 alpha_skipped=0 (global cmod=6726/5184/693/0 idx=5184/693 alpha=0/0)
[12:29:45] [info] phase timing block 0: drawcalls=8646 dc_total_ms=998 flip_inner_total_ms=594 inter_flip_total_ms=4465 (per-flip avg x10: dc_ms=99 fi_ms=59 if_ms=446 derived audio+engine_ms=288; per-drawcall avg us_x10=1154) [direct-vesa: presents=100 total_ms=266 avg_ms_x10=26 failed=0] [ablation: NO_DC_TIMING=0 CACHE_WINSURF=0 DIRECT_VESA=1]
[12:29:45] [info] kbd/audio block 0: kbd_irq=0 kbd_drain=0 ring_chunks=16 pump_pass=2177 pic1_mask=0xb8 first_irq_ticks=0 install_ticks=0 vector_at_install=0x0083a0b0 pic1_mask_live=0x38 kbd_8042_stat=0x34 bios_kbd_head=0x0022 bios_kbd_tail=0x0022 bios_kbd_buf0=0x1c0d
[12:29:45] [info] audio/engine split block 0: audio_mixer_calls=183 audio_mixer_ms_x10=11 engine_tick_calls=0 engine_tick_ms_x10=0 audio_service_calls=0 audio_service_ms_x10=0 (per-flip avg; per-call us_x10: audio_mix=6086 engine_tick=0 audio_service=0; global ns: audio_mix=1180767376 engine_tick=6197564495 audio_service=0)
[12:29:45] [info] dirty-rect block @flip=1200: total_calls=0 dirty_rects_avg=1 dirty_pct_x10=1000 forced_full=0 first_n_force=0 threshold_exceeded=0 dirty_path_taken=0 full_flush_taken=0
[12:29:45] [info] prev-frame-diff block @flip=1200: diff_calls=0 diff_rects_avg=0 diff_dirty_pct_x10=0 bbox_pct_x10=0 bbox_thresh_exceeded=0
[12:29:45] [info] flip-probe: flip #1210 ok=true present=3ms inter_flip_ms=31 drawcalls-since-flip=33 drawcalls-total=93819 fail-total=0 null-skips-total=0
[12:29:45] [info] flip-probe: flip #1220 ok=true present=3ms inter_flip_ms=33 drawcalls-since-flip=32 drawcalls-total=94142 fail-total=0 null-skips-total=0
[12:29:46] [info] flip-probe: flip #1230 ok=true present=3ms inter_flip_ms=35 drawcalls-since-flip=33 drawcalls-total=94472 fail-total=0 null-skips-total=0
[12:29:46] [info] flip-probe: flip #1240 ok=true present=2ms inter_flip_ms=35 drawcalls-since-flip=33 drawcalls-total=94802 fail-total=0 null-skips-total=0
[12:29:46] [info] flip-probe: flip #1250 ok=true present=3ms inter_flip_ms=33 drawcalls-since-flip=34 drawcalls-total=95135 fail-total=0 null-skips-total=0
[12:29:47] [info] backdrop cache: thrashing-detect engaged (streak=64, route=direct)
[12:29:47] [info] flip-probe: flip #1260 ok=true present=2ms inter_flip_ms=32 drawcalls-since-flip=35 drawcalls-total=95478 fail-total=0 null-skips-total=0
[12:29:47] [info] flip-probe: flip #1270 ok=true present=3ms inter_flip_ms=32 drawcalls-since-flip=19 drawcalls-total=95731 fail-total=0 null-skips-total=0
[12:29:47] [info] flip-probe: flip #1280 ok=true present=3ms inter_flip_ms=30 drawcalls-since-flip=21 drawcalls-total=95925 fail-total=0 null-skips-total=0
[12:29:48] [info] flip-probe: flip #1290 ok=true present=2ms inter_flip_ms=32 drawcalls-since-flip=19 drawcalls-total=96125 fail-total=0 null-skips-total=0
[12:29:48] [info] flip-probe: flip #1300 ok=true present=3ms inter_flip_ms=31 drawcalls-since-flip=18 drawcalls-total=96311 fail-total=0 null-skips-total=0
[12:29:48] [info] alpha audit block 0: 2163 total drawcalls, 0 with alpha<255 (block pct_x10=0; global 0/88794 pct_x10=0); alpha-mod skipped: block=0 global=0
[12:29:48] [info] fastpath audit block 0: taken=2163 (idx8=2163) skipped=0 pct_x10=1000; global taken=88794 (idx8=88794) skipped=0 pct_x10=1000
[12:29:48] [info] primitive tally block 0: clear=200(hr=200) fill=0(hr=0) rect=0(hr=0) line=0(hr=0) tint=0 spotlight=0 (over 100 flips ending at flip 1300)
[12:29:48] [info] color/alpha audit block 0: cmod_white=576 cmod_black=576 (idx=576) cmod_general=0 (idx=0) cmod_fb=0; alpha_taken=0 alpha_skipped=0 (global cmod=7302/5760/693/0 idx=5760/693 alpha=0/0)
[12:29:48] [info] phase timing block 0: drawcalls=3515 dc_total_ms=508 flip_inner_total_ms=588 inter_flip_total_ms=3422 (per-flip avg x10: dc_ms=50 fi_ms=58 if_ms=342 derived audio+engine_ms=234; per-drawcall avg us_x10=1445) [direct-vesa: presents=100 total_ms=265 avg_ms_x10=26 failed=0] [ablation: NO_DC_TIMING=0 CACHE_WINSURF=0 DIRECT_VESA=1]
[12:29:48] [info] kbd/audio block 0: kbd_irq=0 kbd_drain=0 ring_chunks=16 pump_pass=2349 pic1_mask=0xb8 first_irq_ticks=0 install_ticks=0 vector_at_install=0x0083a0b0 pic1_mask_live=0x38 kbd_8042_stat=0x34 bios_kbd_head=0x0022 bios_kbd_tail=0x0022 bios_kbd_buf0=0x1c0d
[12:29:48] [info] audio/engine split block 0: audio_mixer_calls=148 audio_mixer_ms_x10=8 engine_tick_calls=0 engine_tick_ms_x10=0 audio_service_calls=0 audio_service_ms_x10=0 (per-flip avg; per-call us_x10: audio_mix=6072 engine_tick=0 audio_service=0; global ns: audio_mix=1270639818 engine_tick=6197564495 audio_service=0)
[12:29:48] [info] dirty-rect block @flip=1300: total_calls=0 dirty_rects_avg=1 dirty_pct_x10=1000 forced_full=0 first_n_force=0 threshold_exceeded=0 dirty_path_taken=0 full_flush_taken=0
[12:29:48] [info] prev-frame-diff block @flip=1300: diff_calls=0 diff_rects_avg=0 diff_dirty_pct_x10=0 bbox_pct_x10=0 bbox_thresh_exceeded=0
[12:29:48] [info] flip-probe: flip #1310 ok=true present=3ms inter_flip_ms=33 drawcalls-since-flip=18 drawcalls-total=96494 fail-total=0 null-skips-total=0
[12:29:49] [info] backdrop cache: thrashing-detect engaged (streak=124, route=direct)
[12:29:49] [info] flip-probe: flip #1320 ok=true present=3ms inter_flip_ms=30 drawcalls-since-flip=17 drawcalls-total=96667 fail-total=0 null-skips-total=0
[12:29:49] [info] flip-probe: flip #1330 ok=true present=3ms inter_flip_ms=30 drawcalls-since-flip=17 drawcalls-total=96837 fail-total=0 null-skips-total=0
[12:29:49] [info] flip-probe: flip #1340 ok=true present=3ms inter_flip_ms=29 drawcalls-since-flip=15 drawcalls-total=96996 fail-total=0 null-skips-total=0
[12:29:50] [info] flip-probe: flip #1350 ok=true present=2ms inter_flip_ms=34 drawcalls-since-flip=16 drawcalls-total=97154 fail-total=0 null-skips-total=0
[12:29:50] [info] flip-probe: flip #1360 ok=true present=3ms inter_flip_ms=32 drawcalls-since-flip=16 drawcalls-total=97314 fail-total=0 null-skips-total=0
[12:29:50] [info] flip-probe: flip #1370 ok=true present=3ms inter_flip_ms=31 drawcalls-since-flip=16 drawcalls-total=97468 fail-total=0 null-skips-total=0
[12:29:50] [info] backdrop cache: thrashing-detect engaged (streak=184, route=direct)
[12:29:51] [info] flip-probe: flip #1380 ok=true present=3ms inter_flip_ms=32 drawcalls-since-flip=15 drawcalls-total=97623 fail-total=0 null-skips-total=0
[12:29:51] [info] flip-probe: flip #1390 ok=true present=3ms inter_flip_ms=28 drawcalls-since-flip=16 drawcalls-total=97775 fail-total=0 null-skips-total=0
[12:29:51] [info] flip-probe: flip #1400 ok=true present=3ms inter_flip_ms=34 drawcalls-since-flip=15 drawcalls-total=97934 fail-total=0 null-skips-total=0
[12:29:51] [info] alpha audit block 0: 1523 total drawcalls, 0 with alpha<255 (block pct_x10=0; global 0/90317 pct_x10=0); alpha-mod skipped: block=0 global=0
[12:29:51] [info] fastpath audit block 0: taken=1523 (idx8=1523) skipped=0 pct_x10=1000; global taken=90317 (idx8=90317) skipped=0 pct_x10=1000
[12:29:51] [info] primitive tally block 0: clear=200(hr=200) fill=0(hr=0) rect=0(hr=0) line=0(hr=0) tint=0 spotlight=0 (over 100 flips ending at flip 1400)
[12:29:51] [info] phase timing block 0: drawcalls=1748 dc_total_ms=564 flip_inner_total_ms=572 inter_flip_total_ms=3271 (per-flip avg x10: dc_ms=56 fi_ms=57 if_ms=327 derived audio+engine_ms=214; per-drawcall avg us_x10=3228) [direct-vesa: presents=100 total_ms=265 avg_ms_x10=26 failed=0] [ablation: NO_DC_TIMING=0 CACHE_WINSURF=0 DIRECT_VESA=1]
[12:29:52] [info] kbd/audio block 0: kbd_irq=0 kbd_drain=0 ring_chunks=16 pump_pass=2512 pic1_mask=0xb8 first_irq_ticks=0 install_ticks=0 vector_at_install=0x0083a0b0 pic1_mask_live=0x38 kbd_8042_stat=0x34 bios_kbd_head=0x0022 bios_kbd_tail=0x0022 bios_kbd_buf0=0x1c0d
[12:29:52] [info] audio/engine split block 0: audio_mixer_calls=142 audio_mixer_ms_x10=8 engine_tick_calls=0 engine_tick_ms_x10=0 audio_service_calls=0 audio_service_ms_x10=0 (per-flip avg; per-call us_x10: audio_mix=6084 engine_tick=0 audio_service=0; global ns: audio_mix=1357036675 engine_tick=6197564495 audio_service=0)
[12:29:52] [info] dirty-rect block @flip=1400: total_calls=0 dirty_rects_avg=1 dirty_pct_x10=1000 forced_full=0 first_n_force=0 threshold_exceeded=0 dirty_path_taken=0 full_flush_taken=0
[12:29:52] [info] prev-frame-diff block @flip=1400: diff_calls=0 diff_rects_avg=0 diff_dirty_pct_x10=0 bbox_pct_x10=0 bbox_thresh_exceeded=0
[12:29:52] [info] tas: stall frame 303 ms -> contributing 1 tick (patch 0286)
[12:29:52] [info] backdrop cache: thrashing-detect engaged (streak=4, route=direct)
[12:29:52] [info] flip-probe: flip #1410 ok=true present=3ms inter_flip_ms=34 drawcalls-since-flip=14 drawcalls-total=98080 fail-total=0 null-skips-total=0
[12:29:52] [info] flip-probe: flip #1420 ok=true present=2ms inter_flip_ms=33 drawcalls-since-flip=14 drawcalls-total=98220 fail-total=0 null-skips-total=0
[12:29:53] [info] flip-probe: flip #1430 ok=true present=3ms inter_flip_ms=33 drawcalls-since-flip=14 drawcalls-total=98360 fail-total=0 null-skips-total=0
[12:29:53] [info] flip-probe: flip #1440 ok=true present=2ms inter_flip_ms=36 drawcalls-since-flip=25 drawcalls-total=98511 fail-total=0 null-skips-total=0
[12:29:53] [info] flip-probe: flip #1450 ok=true present=3ms inter_flip_ms=32 drawcalls-since-flip=26 drawcalls-total=98762 fail-total=0 null-skips-total=0
[12:29:54] [info] flip-probe: flip #1460 ok=true present=2ms inter_flip_ms=31 drawcalls-since-flip=23 drawcalls-total=98997 fail-total=0 null-skips-total=0
[12:29:54] [info] backdrop cache: thrashing-detect engaged (streak=64, route=direct)
[12:29:54] [info] flip-probe: flip #1470 ok=true present=3ms inter_flip_ms=31 drawcalls-since-flip=22 drawcalls-total=99209 fail-total=0 null-skips-total=0
[12:29:54] [info] flip-probe: flip #1480 ok=true present=3ms inter_flip_ms=29 drawcalls-since-flip=16 drawcalls-total=99384 fail-total=0 null-skips-total=0
[12:29:55] [info] flip-probe: flip #1490 ok=true present=2ms inter_flip_ms=31 drawcalls-since-flip=15 drawcalls-total=99534 fail-total=0 null-skips-total=0
[12:29:55] [info] flip-probe: flip #1500 ok=true present=3ms inter_flip_ms=32 drawcalls-since-flip=14 drawcalls-total=99674 fail-total=0 null-skips-total=0
[12:29:55] [info] alpha audit block 0: 1640 total drawcalls, 0 with alpha<255 (block pct_x10=0; global 0/91957 pct_x10=0); alpha-mod skipped: block=0 global=0
[12:29:55] [info] fastpath audit block 0: taken=1640 (idx8=1640) skipped=0 pct_x10=1000; global taken=91957 (idx8=91957) skipped=0 pct_x10=1000
[12:29:55] [info] primitive tally block 0: clear=200(hr=200) fill=0(hr=0) rect=0(hr=0) line=0(hr=0) tint=0 spotlight=0 (over 100 flips ending at flip 1500)
[12:29:55] [info] phase timing block 0: drawcalls=1846 dc_total_ms=475 flip_inner_total_ms=593 inter_flip_total_ms=3611 (per-flip avg x10: dc_ms=47 fi_ms=59 if_ms=361 derived audio+engine_ms=255; per-drawcall avg us_x10=2575) [direct-vesa: presents=100 total_ms=266 avg_ms_x10=26 failed=0] [ablation: NO_DC_TIMING=0 CACHE_WINSURF=0 DIRECT_VESA=1]
[12:29:55] [info] kbd/audio block 0: kbd_irq=0 kbd_drain=0 ring_chunks=16 pump_pass=2679 pic1_mask=0xb8 first_irq_ticks=0 install_ticks=0 vector_at_install=0x0083a0b0 pic1_mask_live=0x38 kbd_8042_stat=0x34 bios_kbd_head=0x0022 bios_kbd_tail=0x0022 bios_kbd_buf0=0x1c0d
[12:29:55] [info] audio/engine split block 0: audio_mixer_calls=154 audio_mixer_ms_x10=9 engine_tick_calls=0 engine_tick_ms_x10=0 audio_service_calls=0 audio_service_ms_x10=0 (per-flip avg; per-call us_x10: audio_mix=6135 engine_tick=0 audio_service=0; global ns: audio_mix=1451527868 engine_tick=6197564495 audio_service=0)
[12:29:55] [info] dirty-rect block @flip=1500: total_calls=0 dirty_rects_avg=1 dirty_pct_x10=1000 forced_full=0 first_n_force=0 threshold_exceeded=0 dirty_path_taken=0 full_flush_taken=0
[12:29:55] [info] prev-frame-diff block @flip=1500: diff_calls=0 diff_rects_avg=0 diff_dirty_pct_x10=0 bbox_pct_x10=0 bbox_thresh_exceeded=0
[12:29:55] [info] flip-probe: flip #1510 ok=true present=3ms inter_flip_ms=29 drawcalls-since-flip=14 drawcalls-total=99814 fail-total=0 null-skips-total=0
[12:29:55] [info] run_tick_fixed #2700: heartbeat (loop alive)
[12:29:56] [info] flip-probe: flip #1520 ok=true present=2ms inter_flip_ms=48 drawcalls-since-flip=273 drawcalls-total=101058 fail-total=0 null-skips-total=0
[12:29:56] [info] backdrop cache: thrashing-detect engaged (streak=124, route=direct)
[12:29:56] [info]  >> Entering stage 11: 'Mimiga Village'.
[12:29:56] [info] [skip-sheet-flush] cave=7
[12:29:56] [info] [load-stage] preloading entry music song=9 (cave=7)
[12:29:57] [info] gameloop: entered (curmap=11, running=1)
[12:29:57] [info] gameloop: iter 1 ticks=84190 mapno=-1
[12:29:57] [info] mds-clear-lut: rebuilt N=240 entries (k_skip=0% k_keep=100%; curmap=11 map_size=60x60; rebuild #5 since boot)
[12:29:57] [info] gameloop: iter 2 ticks=84269 mapno=-1
[12:29:57] [info] flip-probe: flip #1530 ok=true present=3ms inter_flip_ms=73 drawcalls-since-flip=331 drawcalls-total=103949 fail-total=0 null-skips-total=0
[12:29:57] [info] gameloop: iter 3 ticks=84349 mapno=-1
[12:29:57] [info] flip-probe: flip #1540 ok=true present=3ms inter_flip_ms=35 drawcalls-since-flip=91 drawcalls-total=106194 fail-total=0 null-skips-total=0
[12:29:58] [info] flip-probe: flip #1550 ok=true present=3ms inter_flip_ms=37 drawcalls-since-flip=42 drawcalls-total=106607 fail-total=0 null-skips-total=0
[12:29:58] [info] flip-probe: flip #1560 ok=true present=2ms inter_flip_ms=36 drawcalls-since-flip=42 drawcalls-total=107027 fail-total=0 null-skips-total=0
[12:29:58] [info] flip-probe: flip #1570 ok=true present=2ms inter_flip_ms=33 drawcalls-since-flip=42 drawcalls-total=107447 fail-total=0 null-skips-total=0
[12:29:59] [info] flip-probe: flip #1580 ok=true present=3ms inter_flip_ms=39 drawcalls-since-flip=53 drawcalls-total=107933 fail-total=0 null-skips-total=0
[12:29:59] [info] backdrop cache: thrashing-detect engaged (streak=4, route=direct)
[12:29:59] [info] flip-probe: flip #1590 ok=true present=3ms inter_flip_ms=38 drawcalls-since-flip=48 drawcalls-total=108451 fail-total=0 null-skips-total=0
[12:29:59] [info] flip-probe: flip #1600 ok=true present=3ms inter_flip_ms=38 drawcalls-since-flip=48 drawcalls-total=108935 fail-total=0 null-skips-total=0
[12:29:59] [info] alpha audit block 0: 8225 total drawcalls, 0 with alpha<255 (block pct_x10=0; global 0/100182 pct_x10=0); alpha-mod skipped: block=0 global=0
[12:29:59] [info] fastpath audit block 0: taken=8225 (idx8=8225) skipped=0 pct_x10=1000; global taken=100182 (idx8=100182) skipped=0 pct_x10=1000
[12:29:59] [info] primitive tally block 0: clear=201(hr=201) fill=0(hr=0) rect=0(hr=0) line=0(hr=0) tint=0 spotlight=0 (over 100 flips ending at flip 1600)
[12:29:59] [info] color/alpha audit block 0: cmod_white=936 cmod_black=936 (idx=936) cmod_general=0 (idx=0) cmod_fb=0; alpha_taken=0 alpha_skipped=0 (global cmod=8238/6696/693/0 idx=6696/693 alpha=0/0)
[12:29:59] [info] phase timing block 0: drawcalls=10358 dc_total_ms=1119 flip_inner_total_ms=600 inter_flip_total_ms=4430 (per-flip avg x10: dc_ms=111 fi_ms=60 if_ms=443 derived audio+engine_ms=272; per-drawcall avg us_x10=1080) [direct-vesa: presents=100 total_ms=265 avg_ms_x10=26 failed=0] [ablation: NO_DC_TIMING=0 CACHE_WINSURF=0 DIRECT_VESA=1]
[12:29:59] [info] kbd/audio block 0: kbd_irq=0 kbd_drain=0 ring_chunks=16 pump_pass=2879 pic1_mask=0xb8 first_irq_ticks=0 install_ticks=0 vector_at_install=0x0083a0b0 pic1_mask_live=0x38 kbd_8042_stat=0x34 bios_kbd_head=0x0022 bios_kbd_tail=0x0022 bios_kbd_buf0=0x1c0d
[12:29:59] [info] audio/engine split block 0: audio_mixer_calls=183 audio_mixer_ms_x10=11 engine_tick_calls=0 engine_tick_ms_x10=0 audio_service_calls=0 audio_service_ms_x10=0 (per-flip avg; per-call us_x10: audio_mix=6071 engine_tick=0 audio_service=0; global ns: audio_mix=1562633480 engine_tick=6197564495 audio_service=0)
[12:29:59] [info] dirty-rect block @flip=1600: total_calls=0 dirty_rects_avg=1 dirty_pct_x10=1000 forced_full=0 first_n_force=0 threshold_exceeded=0 dirty_path_taken=0 full_flush_taken=0
[12:29:59] [info] prev-frame-diff block @flip=1600: diff_calls=0 diff_rects_avg=0 diff_dirty_pct_x10=0 bbox_pct_x10=0 bbox_thresh_exceeded=0
[12:30:00] [info] flip-probe: flip #1610 ok=true present=3ms inter_flip_ms=35 drawcalls-since-flip=43 drawcalls-total=109388 fail-total=0 null-skips-total=0
[12:30:00] [info] flip-probe: flip #1620 ok=true present=3ms inter_flip_ms=33 drawcalls-since-flip=44 drawcalls-total=109822 fail-total=0 null-skips-total=0
[12:30:01] [info] flip-probe: flip #1630 ok=true present=3ms inter_flip_ms=33 drawcalls-since-flip=44 drawcalls-total=110255 fail-total=0 null-skips-total=0
[12:30:01] [info] flip-probe: flip #1640 ok=true present=3ms inter_flip_ms=35 drawcalls-since-flip=47 drawcalls-total=110700 fail-total=0 null-skips-total=0
[12:30:01] [info] backdrop cache: thrashing-detect engaged (streak=64, route=direct)
[12:30:01] [info] flip-probe: flip #1650 ok=true present=3ms inter_flip_ms=35 drawcalls-since-flip=19 drawcalls-total=111103 fail-total=0 null-skips-total=0
[12:30:02] [info] flip-probe: flip #1660 ok=true present=3ms inter_flip_ms=33 drawcalls-since-flip=19 drawcalls-total=111293 fail-total=0 null-skips-total=0
[12:30:02] [info] run_tick_fixed #3000: heartbeat (loop alive)
[12:30:02] [info] flip-probe: flip #1670 ok=true present=3ms inter_flip_ms=34 drawcalls-since-flip=19 drawcalls-total=111483 fail-total=0 null-skips-total=0
[12:30:02] [info] flip-probe: flip #1680 ok=true present=3ms inter_flip_ms=32 drawcalls-since-flip=19 drawcalls-total=111673 fail-total=0 null-skips-total=0
[12:30:03] [info] flip-probe: flip #1690 ok=true present=3ms inter_flip_ms=32 drawcalls-since-flip=19 drawcalls-total=111863 fail-total=0 null-skips-total=0
[12:30:03] [info] flip-probe: flip #1700 ok=true present=3ms inter_flip_ms=29 drawcalls-since-flip=19 drawcalls-total=112053 fail-total=0 null-skips-total=0
[12:30:03] [info] alpha audit block 0: 2394 total drawcalls, 0 with alpha<255 (block pct_x10=0; global 0/102576 pct_x10=0); alpha-mod skipped: block=0 global=0
[12:30:03] [info] fastpath audit block 0: taken=2394 (idx8=2394) skipped=0 pct_x10=1000; global taken=102576 (idx8=102576) skipped=0 pct_x10=1000
[12:30:03] [info] primitive tally block 0: clear=200(hr=200) fill=0(hr=0) rect=0(hr=0) line=0(hr=0) tint=0 spotlight=0 (over 100 flips ending at flip 1700)
[12:30:03] [info] color/alpha audit block 0: cmod_white=624 cmod_black=624 (idx=624) cmod_general=0 (idx=0) cmod_fb=0; alpha_taken=0 alpha_skipped=0 (global cmod=8862/7320/693/0 idx=7320/693 alpha=0/0)
[12:30:03] [info] phase timing block 0: drawcalls=3842 dc_total_ms=549 flip_inner_total_ms=584 inter_flip_total_ms=3561 (per-flip avg x10: dc_ms=54 fi_ms=58 if_ms=356 derived audio+engine_ms=244; per-drawcall avg us_x10=1431) [direct-vesa: presents=100 total_ms=267 avg_ms_x10=26 failed=0] [ablation: NO_DC_TIMING=0 CACHE_WINSURF=0 DIRECT_VESA=1]
[12:30:03] [info] kbd/audio block 0: kbd_irq=0 kbd_drain=0 ring_chunks=16 pump_pass=3057 pic1_mask=0xb8 first_irq_ticks=0 install_ticks=0 vector_at_install=0x0083a0b0 pic1_mask_live=0x38 kbd_8042_stat=0x34 bios_kbd_head=0x0022 bios_kbd_tail=0x0022 bios_kbd_buf0=0x1c0d
[12:30:03] [info] audio/engine split block 0: audio_mixer_calls=154 audio_mixer_ms_x10=9 engine_tick_calls=0 engine_tick_ms_x10=0 audio_service_calls=0 audio_service_ms_x10=0 (per-flip avg; per-call us_x10: audio_mix=6083 engine_tick=0 audio_service=0; global ns: audio_mix=1656312565 engine_tick=6197564495 audio_service=0)
[12:30:03] [info] dirty-rect block @flip=1700: total_calls=0 dirty_rects_avg=1 dirty_pct_x10=1000 forced_full=0 first_n_force=0 threshold_exceeded=0 dirty_path_taken=0 full_flush_taken=0
[12:30:03] [info] prev-frame-diff block @flip=1700: diff_calls=0 diff_rects_avg=0 diff_dirty_pct_x10=0 bbox_pct_x10=0 bbox_thresh_exceeded=0
[12:30:03] [info] tas: stall frame 299 ms -> contributing 1 tick (patch 0286)
[12:30:04] [info] backdrop cache: thrashing-detect engaged (streak=124, route=direct)
[12:30:04] [info] flip-probe: flip #1710 ok=true present=2ms inter_flip_ms=36 drawcalls-since-flip=18 drawcalls-total=112234 fail-total=0 null-skips-total=0
[12:30:04] [info] flip-probe: flip #1720 ok=true present=3ms inter_flip_ms=33 drawcalls-since-flip=18 drawcalls-total=112414 fail-total=0 null-skips-total=0
[12:30:04] [info] flip-probe: flip #1730 ok=true present=3ms inter_flip_ms=33 drawcalls-since-flip=17 drawcalls-total=112589 fail-total=0 null-skips-total=0
[12:30:05] [info] flip-probe: flip #1740 ok=true present=2ms inter_flip_ms=31 drawcalls-since-flip=17 drawcalls-total=112759 fail-total=0 null-skips-total=0
[12:30:05] [info] flip-probe: flip #1750 ok=true present=2ms inter_flip_ms=34 drawcalls-since-flip=18 drawcalls-total=112935 fail-total=0 null-skips-total=0
[12:30:05] [info] flip-probe: flip #1760 ok=true present=2ms inter_flip_ms=31 drawcalls-since-flip=19 drawcalls-total=113122 fail-total=0 null-skips-total=0
[12:30:06] [info] backdrop cache: thrashing-detect engaged (streak=184, route=direct)
[12:30:06] [info] flip-probe: flip #1770 ok=true present=3ms inter_flip_ms=35 drawcalls-since-flip=19 drawcalls-total=113312 fail-total=0 null-skips-total=0
[12:30:06] [info] flip-probe: flip #1780 ok=true present=3ms inter_flip_ms=28 drawcalls-since-flip=19 drawcalls-total=113502 fail-total=0 null-skips-total=0
[12:30:06] [info] flip-probe: flip #1790 ok=true present=2ms inter_flip_ms=31 drawcalls-since-flip=18 drawcalls-total=113688 fail-total=0 null-skips-total=0
[12:30:07] [info] flip-probe: flip #1800 ok=true present=3ms inter_flip_ms=35 drawcalls-since-flip=18 drawcalls-total=113868 fail-total=0 null-skips-total=0
[12:30:07] [info] alpha audit block 0: 1715 total drawcalls, 0 with alpha<255 (block pct_x10=0; global 0/104291 pct_x10=0); alpha-mod skipped: block=0 global=0
[12:30:07] [info] fastpath audit block 0: taken=1715 (idx8=1715) skipped=0 pct_x10=1000; global taken=104291 (idx8=104291) skipped=0 pct_x10=1000
[12:30:07] [info] primitive tally block 0: clear=200(hr=200) fill=0(hr=0) rect=0(hr=0) line=0(hr=0) tint=0 spotlight=0 (over 100 flips ending at flip 1800)
[12:30:07] [info] phase timing block 0: drawcalls=1915 dc_total_ms=485 flip_inner_total_ms=572 inter_flip_total_ms=3652 (per-flip avg x10: dc_ms=48 fi_ms=57 if_ms=365 derived audio+engine_ms=260; per-drawcall avg us_x10=2534) [direct-vesa: presents=100 total_ms=266 avg_ms_x10=26 failed=0] [ablation: NO_DC_TIMING=0 CACHE_WINSURF=0 DIRECT_VESA=1]
[12:30:07] [info] kbd/audio block 0: kbd_irq=0 kbd_drain=0 ring_chunks=16 pump_pass=3226 pic1_mask=0xb8 first_irq_ticks=0 install_ticks=0 vector_at_install=0x0083a0b0 pic1_mask_live=0x38 kbd_8042_stat=0x34 bios_kbd_head=0x0022 bios_kbd_tail=0x0022 bios_kbd_buf0=0x1c0d
[12:30:07] [info] audio/engine split block 0: audio_mixer_calls=155 audio_mixer_ms_x10=9 engine_tick_calls=0 engine_tick_ms_x10=0 audio_service_calls=0 audio_service_ms_x10=0 (per-flip avg; per-call us_x10: audio_mix=6025 engine_tick=0 audio_service=0; global ns: audio_mix=1749710888 engine_tick=6197564495 audio_service=0)
[12:30:07] [info] dirty-rect block @flip=1800: total_calls=0 dirty_rects_avg=1 dirty_pct_x10=1000 forced_full=0 first_n_force=0 threshold_exceeded=0 dirty_path_taken=0 full_flush_taken=0
[12:30:07] [info] prev-frame-diff block @flip=1800: diff_calls=0 diff_rects_avg=0 diff_dirty_pct_x10=0 bbox_pct_x10=0 bbox_thresh_exceeded=0
[12:30:07] [info] flip-probe: flip #1810 ok=true present=3ms inter_flip_ms=31 drawcalls-since-flip=18 drawcalls-total=114040 fail-total=0 null-skips-total=0
[12:30:07] [info] flip-probe: flip #1820 ok=true present=2ms inter_flip_ms=36 drawcalls-since-flip=18 drawcalls-total=114220 fail-total=0 null-skips-total=0
[12:30:08] [info] backdrop cache: thrashing-detect engaged (streak=244, route=direct)
[12:30:08] [info] flip-probe: flip #1830 ok=true present=3ms inter_flip_ms=33 drawcalls-since-flip=19 drawcalls-total=114401 fail-total=0 null-skips-total=0
[12:30:08] [info] flip-probe: flip #1840 ok=true present=3ms inter_flip_ms=31 drawcalls-since-flip=19 drawcalls-total=114591 fail-total=0 null-skips-total=0
[12:30:08] [info] flip-probe: flip #1850 ok=true present=3ms inter_flip_ms=35 drawcalls-since-flip=19 drawcalls-total=114781 fail-total=0 null-skips-total=0
[12:30:09] [info] flip-probe: flip #1860 ok=true present=3ms inter_flip_ms=33 drawcalls-since-flip=19 drawcalls-total=114971 fail-total=0 null-skips-total=0
[12:30:09] [info] flip-probe: flip #1870 ok=true present=2ms inter_flip_ms=36 drawcalls-since-flip=20 drawcalls-total=115170 fail-total=0 null-skips-total=0
[12:30:09] [info] flip-probe: flip #1880 ok=true present=3ms inter_flip_ms=33 drawcalls-since-flip=20 drawcalls-total=115370 fail-total=0 null-skips-total=0
[12:30:10] [info] backdrop cache: thrashing-detect engaged (streak=304, route=direct)
[12:30:10] [info] flip-probe: flip #1890 ok=true present=2ms inter_flip_ms=36 drawcalls-since-flip=20 drawcalls-total=115570 fail-total=0 null-skips-total=0
[12:30:10] [info] flip-probe: flip #1900 ok=true present=2ms inter_flip_ms=36 drawcalls-since-flip=17 drawcalls-total=115767 fail-total=0 null-skips-total=0
[12:30:10] [info] alpha audit block 0: 1799 total drawcalls, 0 with alpha<255 (block pct_x10=0; global 0/106090 pct_x10=0); alpha-mod skipped: block=0 global=0
[12:30:10] [info] fastpath audit block 0: taken=1799 (idx8=1799) skipped=0 pct_x10=1000; global taken=106090 (idx8=106090) skipped=0 pct_x10=1000
[12:30:10] [info] primitive tally block 0: clear=200(hr=200) fill=0(hr=0) rect=0(hr=0) line=0(hr=0) tint=0 spotlight=0 (over 100 flips ending at flip 1900)
[12:30:10] [info] phase timing block 0: drawcalls=1999 dc_total_ms=489 flip_inner_total_ms=578 inter_flip_total_ms=3442 (per-flip avg x10: dc_ms=48 fi_ms=57 if_ms=344 derived audio+engine_ms=239; per-drawcall avg us_x10=2448) [direct-vesa: presents=100 total_ms=266 avg_ms_x10=26 failed=0] [ablation: NO_DC_TIMING=0 CACHE_WINSURF=0 DIRECT_VESA=1]
[12:30:10] [info] kbd/audio block 0: kbd_irq=0 kbd_drain=0 ring_chunks=16 pump_pass=3398 pic1_mask=0xb8 first_irq_ticks=0 install_ticks=0 vector_at_install=0x0083a0b0 pic1_mask_live=0x38 kbd_8042_stat=0x34 bios_kbd_head=0x0022 bios_kbd_tail=0x0022 bios_kbd_buf0=0x1c0d
[12:30:10] [info] audio/engine split block 0: audio_mixer_calls=149 audio_mixer_ms_x10=9 engine_tick_calls=0 engine_tick_ms_x10=0 audio_service_calls=0 audio_service_ms_x10=0 (per-flip avg; per-call us_x10: audio_mix=6093 engine_tick=0 audio_service=0; global ns: audio_mix=1840511106 engine_tick=6197564495 audio_service=0)
[12:30:10] [info] dirty-rect block @flip=1900: total_calls=0 dirty_rects_avg=1 dirty_pct_x10=1000 forced_full=0 first_n_force=0 threshold_exceeded=0 dirty_path_taken=0 full_flush_taken=0
[12:30:10] [info] prev-frame-diff block @flip=1900: diff_calls=0 diff_rects_avg=0 diff_dirty_pct_x10=0 bbox_pct_x10=0 bbox_thresh_exceeded=0
[12:30:11] [info] flip-probe: flip #1910 ok=true present=3ms inter_flip_ms=35 drawcalls-since-flip=17 drawcalls-total=115937 fail-total=0 null-skips-total=0
[12:30:11] [info] flip-probe: flip #1920 ok=true present=3ms inter_flip_ms=32 drawcalls-since-flip=17 drawcalls-total=116107 fail-total=0 null-skips-total=0
[12:30:11] [info] flip-probe: flip #1930 ok=true present=3ms inter_flip_ms=33 drawcalls-since-flip=18 drawcalls-total=116279 fail-total=0 null-skips-total=0
[12:30:12] [info] flip-probe: flip #1940 ok=true present=3ms inter_flip_ms=34 drawcalls-since-flip=18 drawcalls-total=116462 fail-total=0 null-skips-total=0
[12:30:12] [info] backdrop cache: thrashing-detect engaged (streak=364, route=direct)
[12:30:12] [info] flip-probe: flip #1950 ok=true present=3ms inter_flip_ms=36 drawcalls-since-flip=17 drawcalls-total=116638 fail-total=0 null-skips-total=0
[12:30:12] [info] flip-probe: flip #1960 ok=true present=3ms inter_flip_ms=31 drawcalls-since-flip=16 drawcalls-total=116806 fail-total=0 null-skips-total=0
[12:30:13] [info] flip-probe: flip #1970 ok=true present=3ms inter_flip_ms=33 drawcalls-since-flip=17 drawcalls-total=116967 fail-total=0 null-skips-total=0
[12:30:13] [info] flip-probe: flip #1980 ok=true present=3ms inter_flip_ms=36 drawcalls-since-flip=19 drawcalls-total=117139 fail-total=0 null-skips-total=0
[12:30:13] [info] flip-probe: flip #1990 ok=true present=3ms inter_flip_ms=39 drawcalls-since-flip=19 drawcalls-total=117331 fail-total=0 null-skips-total=0
[12:30:14] [info] flip-probe: flip #2000 ok=true present=3ms inter_flip_ms=43 drawcalls-since-flip=20 drawcalls-total=117537 fail-total=0 null-skips-total=0
[12:30:14] [info] alpha audit block 0: 1670 total drawcalls, 0 with alpha<255 (block pct_x10=0; global 0/107760 pct_x10=0); alpha-mod skipped: block=0 global=0
[12:30:14] [info] fastpath audit block 0: taken=1670 (idx8=1670) skipped=0 pct_x10=1000; global taken=107760 (idx8=107760) skipped=0 pct_x10=1000
[12:30:14] [info] primitive tally block 0: clear=200(hr=200) fill=0(hr=0) rect=0(hr=0) line=0(hr=0) tint=0 spotlight=0 (over 100 flips ending at flip 2000)
[12:30:14] [info] phase timing block 0: drawcalls=1870 dc_total_ms=488 flip_inner_total_ms=603 inter_flip_total_ms=3557 (per-flip avg x10: dc_ms=48 fi_ms=60 if_ms=355 derived audio+engine_ms=247; per-drawcall avg us_x10=2613) [direct-vesa: presents=100 total_ms=266 avg_ms_x10=26 failed=0] [ablation: NO_DC_TIMING=0 CACHE_WINSURF=0 DIRECT_VESA=1]
[12:30:14] [info] kbd/audio block 0: kbd_irq=0 kbd_drain=0 ring_chunks=16 pump_pass=3576 pic1_mask=0xb8 first_irq_ticks=0 install_ticks=0 vector_at_install=0x0083a0b0 pic1_mask_live=0x38 kbd_8042_stat=0x34 bios_kbd_head=0x0022 bios_kbd_tail=0x0022 bios_kbd_buf0=0x1c0d
[12:30:14] [info] audio/engine split block 0: audio_mixer_calls=154 audio_mixer_ms_x10=9 engine_tick_calls=0 engine_tick_ms_x10=0 audio_service_calls=0 audio_service_ms_x10=0 (per-flip avg; per-call us_x10: audio_mix=6027 engine_tick=0 audio_service=0; global ns: audio_mix=1933335320 engine_tick=6197564495 audio_service=0)
[12:30:14] [info] dirty-rect block @flip=2000: total_calls=0 dirty_rects_avg=1 dirty_pct_x10=1000 forced_full=0 first_n_force=0 threshold_exceeded=0 dirty_path_taken=0 full_flush_taken=0
[12:30:14] [info] prev-frame-diff block @flip=2000: diff_calls=0 diff_rects_avg=0 diff_dirty_pct_x10=0 bbox_pct_x10=0 bbox_thresh_exceeded=0
[12:30:14] [info] backdrop cache: thrashing-detect engaged (streak=424, route=direct)
[12:30:14] [info] flip-probe: flip #2010 ok=true present=3ms inter_flip_ms=34 drawcalls-since-flip=19 drawcalls-total=117719 fail-total=0 null-skips-total=0
[12:30:14] [info] run_tick_fixed #3600: heartbeat (loop alive)
[12:30:15] [info] flip-probe: flip #2020 ok=true present=3ms inter_flip_ms=63 drawcalls-since-flip=359 drawcalls-total=120473 fail-total=0 null-skips-total=0
[12:30:15] [info]  >> Entering stage 19: 'Assembly Hall'.
[12:30:15] [info] [skip-sheet-flush] cave=8
[12:30:15] [info] [load-stage] preloading entry music song=9 (cave=8)
[12:30:15] [info] gameloop: entered (curmap=19, running=1)
[12:30:15] [info] gameloop: iter 1 ticks=102900 mapno=-1
[12:30:15] [info] mds-clear-lut: rebuilt N=240 entries (k_skip=100% k_keep=0%; curmap=19 map_size=21x16; rebuild #6 since boot)
[12:30:15] [info] gameloop: iter 2 ticks=102981 mapno=-1
[12:30:15] [info] gameloop: iter 3 ticks=103053 mapno=-1
[12:30:16] [info] flip-probe: flip #2030 ok=true present=3ms inter_flip_ms=47 drawcalls-since-flip=319 drawcalls-total=124291 fail-total=0 null-skips-total=0
[12:30:16] [info] flip-probe: flip #2040 ok=true present=2ms inter_flip_ms=34 drawcalls-since-flip=122 drawcalls-total=125645 fail-total=0 null-skips-total=0
[12:30:16] [info] flip-probe: flip #2050 ok=true present=3ms inter_flip_ms=34 drawcalls-since-flip=122 drawcalls-total=126865 fail-total=0 null-skips-total=0
[12:30:17] [info] flip-probe: flip #2060 ok=true present=2ms inter_flip_ms=36 drawcalls-since-flip=122 drawcalls-total=128085 fail-total=0 null-skips-total=0
[12:30:17] [info] flip-probe: flip #2070 ok=true present=2ms inter_flip_ms=36 drawcalls-since-flip=124 drawcalls-total=129313 fail-total=0 null-skips-total=0
[12:30:17] [info] tas: stall frame 254 ms -> contributing 1 tick (patch 0286)
[12:30:18] [info] flip-probe: flip #2080 ok=true present=3ms inter_flip_ms=34 drawcalls-since-flip=123 drawcalls-total=130554 fail-total=0 null-skips-total=0
[12:30:18] [info] flip-probe: flip #2090 ok=true present=2ms inter_flip_ms=41 drawcalls-since-flip=124 drawcalls-total=131779 fail-total=0 null-skips-total=0
[12:30:19] [info] flip-probe: flip #2100 ok=true present=3ms inter_flip_ms=36 drawcalls-since-flip=122 drawcalls-total=133011 fail-total=0 null-skips-total=0
[12:30:19] [info] alpha audit block 0: 14438 total drawcalls, 0 with alpha<255 (block pct_x10=0; global 0/122198 pct_x10=0); alpha-mod skipped: block=0 global=0
[12:30:19] [info] fastpath audit block 0: taken=14438 (idx8=14438) skipped=0 pct_x10=1000; global taken=122198 (idx8=122198) skipped=0 pct_x10=1000
[12:30:19] [info] primitive tally block 0: clear=201(hr=201) fill=0(hr=0) rect=0(hr=0) line=0(hr=0) tint=0 spotlight=0 (over 100 flips ending at flip 2100)
[12:30:19] [info] color/alpha audit block 0: cmod_white=936 cmod_black=936 (idx=936) cmod_general=0 (idx=0) cmod_fb=0; alpha_taken=0 alpha_skipped=0 (global cmod=9798/8256/693/0 idx=8256/693 alpha=0/0)
[12:30:19] [info] phase timing block 0: drawcalls=16589 dc_total_ms=1196 flip_inner_total_ms=805 inter_flip_total_ms=4904 (per-flip avg x10: dc_ms=119 fi_ms=80 if_ms=490 derived audio+engine_ms=291; per-drawcall avg us_x10=721) [direct-vesa: presents=100 total_ms=266 avg_ms_x10=26 failed=0] [ablation: NO_DC_TIMING=0 CACHE_WINSURF=0 DIRECT_VESA=1]
[12:30:19] [info] kbd/audio block 0: kbd_irq=0 kbd_drain=0 ring_chunks=16 pump_pass=3780 pic1_mask=0xb8 first_irq_ticks=0 install_ticks=0 vector_at_install=0x0083a0b0 pic1_mask_live=0x38 kbd_8042_stat=0x34 bios_kbd_head=0x0022 bios_kbd_tail=0x0022 bios_kbd_buf0=0x1c0d
[12:30:19] [info] audio/engine split block 0: audio_mixer_calls=195 audio_mixer_ms_x10=11 engine_tick_calls=0 engine_tick_ms_x10=0 audio_service_calls=0 audio_service_ms_x10=0 (per-flip avg; per-call us_x10: audio_mix=6070 engine_tick=0 audio_service=0; global ns: audio_mix=2051711425 engine_tick=6197564495 audio_service=0)
[12:30:19] [info] dirty-rect block @flip=2100: total_calls=0 dirty_rects_avg=1 dirty_pct_x10=1000 forced_full=0 first_n_force=0 threshold_exceeded=0 dirty_path_taken=0 full_flush_taken=0
[12:30:19] [info] prev-frame-diff block @flip=2100: diff_calls=0 diff_rects_avg=0 diff_dirty_pct_x10=0 bbox_pct_x10=0 bbox_thresh_exceeded=0
[12:30:19] [info] flip-probe: flip #2110 ok=true present=3ms inter_flip_ms=36 drawcalls-since-flip=122 drawcalls-total=134231 fail-total=0 null-skips-total=0
[12:30:19] [info] flip-probe: flip #2120 ok=true present=3ms inter_flip_ms=33 drawcalls-since-flip=122 drawcalls-total=135451 fail-total=0 null-skips-total=0
[12:30:20] [info] flip-probe: flip #2130 ok=true present=2ms inter_flip_ms=38 drawcalls-since-flip=122 drawcalls-total=136671 fail-total=0 null-skips-total=0
[12:30:20] [info] flip-probe: flip #2140 ok=true present=2ms inter_flip_ms=33 drawcalls-since-flip=122 drawcalls-total=137891 fail-total=0 null-skips-total=0
[12:30:20] [info] flip-probe: flip #2150 ok=true present=3ms inter_flip_ms=55 drawcalls-since-flip=438 drawcalls-total=140595 fail-total=0 null-skips-total=0
[12:30:21] [info]  >> Entering stage 11: 'Mimiga Village'.
[12:30:21] [info] [skip-sheet-flush] cave=9
[12:30:21] [info] [load-stage] preloading entry music song=9 (cave=9)
[12:30:21] [info] gameloop: entered (curmap=11, running=1)
[12:30:21] [info] gameloop: iter 1 ticks=108960 mapno=-1
[12:30:21] [info] mds-clear-lut: rebuilt N=240 entries (k_skip=0% k_keep=100%; curmap=11 map_size=60x60; rebuild #7 since boot)
[12:30:21] [info] gameloop: iter 2 ticks=109038 mapno=-1
[12:30:21] [info] gameloop: iter 3 ticks=109121 mapno=-1
[12:30:22] [info] run_tick_fixed #3900: heartbeat (loop alive)
[12:30:22] [info] flip-probe: flip #2160 ok=true present=2ms inter_flip_ms=74 drawcalls-since-flip=380 drawcalls-total=144349 fail-total=0 null-skips-total=0
[12:30:22] [info] backdrop cache: thrashing-detect engaged (streak=4, route=direct)
[12:30:22] [info] flip-probe: flip #2170 ok=true present=3ms inter_flip_ms=37 drawcalls-since-flip=43 drawcalls-total=145371 fail-total=0 null-skips-total=0
[12:30:22] [info] flip-probe: flip #2180 ok=true present=3ms inter_flip_ms=40 drawcalls-since-flip=46 drawcalls-total=145822 fail-total=0 null-skips-total=0
[12:30:23] [info] flip-probe: flip #2190 ok=true present=3ms inter_flip_ms=40 drawcalls-since-flip=43 drawcalls-total=146274 fail-total=0 null-skips-total=0
[12:30:23] [info] flip-probe: flip #2200 ok=true present=3ms inter_flip_ms=34 drawcalls-since-flip=43 drawcalls-total=146699 fail-total=0 null-skips-total=0
[12:30:23] [info] alpha audit block 0: 12499 total drawcalls, 0 with alpha<255 (block pct_x10=0; global 0/134697 pct_x10=0); alpha-mod skipped: block=0 global=0
[12:30:23] [info] fastpath audit block 0: taken=12499 (idx8=12499) skipped=0 pct_x10=1000; global taken=134697 (idx8=134697) skipped=0 pct_x10=1000
[12:30:23] [info] primitive tally block 0: clear=201(hr=201) fill=0(hr=0) rect=0(hr=0) line=0(hr=0) tint=0 spotlight=0 (over 100 flips ending at flip 2200)
[12:30:23] [info] color/alpha audit block 0: cmod_white=1089 cmod_black=1089 (idx=1089) cmod_general=0 (idx=0) cmod_fb=0; alpha_taken=0 alpha_skipped=0 (global cmod=10887/9345/693/0 idx=9345/693 alpha=0/0)
[12:30:23] [info] phase timing block 0: drawcalls=14939 dc_total_ms=1119 flip_inner_total_ms=604 inter_flip_total_ms=4704 (per-flip avg x10: dc_ms=111 fi_ms=60 if_ms=470 derived audio+engine_ms=299; per-drawcall avg us_x10=749) [direct-vesa: presents=100 total_ms=265 avg_ms_x10=26 failed=0] [ablation: NO_DC_TIMING=0 CACHE_WINSURF=0 DIRECT_VESA=1]
[12:30:23] [info] kbd/audio block 0: kbd_irq=0 kbd_drain=0 ring_chunks=16 pump_pass=3986 pic1_mask=0xb8 first_irq_ticks=0 install_ticks=0 vector_at_install=0x0083a0b0 pic1_mask_live=0x38 kbd_8042_stat=0x34 bios_kbd_head=0x0022 bios_kbd_tail=0x0022 bios_kbd_buf0=0x1c0d
[12:30:23] [info] audio/engine split block 0: audio_mixer_calls=189 audio_mixer_ms_x10=11 engine_tick_calls=0 engine_tick_ms_x10=0 audio_service_calls=0 audio_service_ms_x10=0 (per-flip avg; per-call us_x10: audio_mix=6099 engine_tick=0 audio_service=0; global ns: audio_mix=2167000822 engine_tick=6197564495 audio_service=0)
[12:30:23] [info] dirty-rect block @flip=2200: total_calls=0 dirty_rects_avg=1 dirty_pct_x10=1000 forced_full=0 first_n_force=0 threshold_exceeded=0 dirty_path_taken=0 full_flush_taken=0
[12:30:23] [info] prev-frame-diff block @flip=2200: diff_calls=0 diff_rects_avg=0 diff_dirty_pct_x10=0 bbox_pct_x10=0 bbox_thresh_exceeded=0
[12:30:24] [info] flip-probe: flip #2210 ok=true present=3ms inter_flip_ms=35 drawcalls-since-flip=44 drawcalls-total=147133 fail-total=0 null-skips-total=0
[12:30:24] [info] flip-probe: flip #2220 ok=true present=3ms inter_flip_ms=33 drawcalls-since-flip=44 drawcalls-total=147576 fail-total=0 null-skips-total=0
[12:30:24] [info] backdrop cache: thrashing-detect engaged (streak=64, route=direct)
[12:30:24] [info] flip-probe: flip #2230 ok=true present=3ms inter_flip_ms=33 drawcalls-since-flip=43 drawcalls-total=148009 fail-total=0 null-skips-total=0
[12:30:25] [info] flip-probe: flip #2240 ok=true present=3ms inter_flip_ms=35 drawcalls-since-flip=46 drawcalls-total=148448 fail-total=0 null-skips-total=0
[12:30:25] [info] flip-probe: flip #2250 ok=true present=3ms inter_flip_ms=33 drawcalls-since-flip=45 drawcalls-total=148903 fail-total=0 null-skips-total=0
[12:30:25] [info] flip-probe: flip #2260 ok=true present=3ms inter_flip_ms=33 drawcalls-since-flip=45 drawcalls-total=149351 fail-total=0 null-skips-total=0
[12:30:26] [info] flip-probe: flip #2270 ok=true present=3ms inter_flip_ms=34 drawcalls-since-flip=44 drawcalls-total=149791 fail-total=0 null-skips-total=0
[12:30:26] [info] flip-probe: flip #2280 ok=true present=3ms inter_flip_ms=33 drawcalls-since-flip=18 drawcalls-total=150101 fail-total=0 null-skips-total=0
[12:30:26] [info] backdrop cache: thrashing-detect engaged (streak=124, route=direct)
[12:30:26] [info] flip-probe: flip #2290 ok=true present=3ms inter_flip_ms=30 drawcalls-since-flip=17 drawcalls-total=150274 fail-total=0 null-skips-total=0
[12:30:27] [info] flip-probe: flip #2300 ok=true present=3ms inter_flip_ms=30 drawcalls-since-flip=17 drawcalls-total=150444 fail-total=0 null-skips-total=0
[12:30:27] [info] alpha audit block 0: 2670 total drawcalls, 0 with alpha<255 (block pct_x10=0; global 0/137367 pct_x10=0); alpha-mod skipped: block=0 global=0
[12:30:27] [info] fastpath audit block 0: taken=2670 (idx8=2670) skipped=0 pct_x10=1000; global taken=137367 (idx8=137367) skipped=0 pct_x10=1000
[12:30:27] [info] primitive tally block 0: clear=200(hr=200) fill=0(hr=0) rect=0(hr=0) line=0(hr=0) tint=0 spotlight=0 (over 100 flips ending at flip 2300)
[12:30:27] [info] color/alpha audit block 0: cmod_white=975 cmod_black=975 (idx=975) cmod_general=0 (idx=0) cmod_fb=0; alpha_taken=0 alpha_skipped=0 (global cmod=11862/10320/693/0 idx=10320/693 alpha=0/0)
[12:30:27] [info] phase timing block 0: drawcalls=4820 dc_total_ms=582 flip_inner_total_ms=589 inter_flip_total_ms=3580 (per-flip avg x10: dc_ms=58 fi_ms=58 if_ms=358 derived audio+engine_ms=242; per-drawcall avg us_x10=1207) [direct-vesa: presents=100 total_ms=265 avg_ms_x10=26 failed=0] [ablation: NO_DC_TIMING=0 CACHE_WINSURF=0 DIRECT_VESA=1]
[12:30:27] [info] kbd/audio block 0: kbd_irq=0 kbd_drain=0 ring_chunks=16 pump_pass=4166 pic1_mask=0xb8 first_irq_ticks=0 install_ticks=0 vector_at_install=0x0083a0b0 pic1_mask_live=0x38 kbd_8042_stat=0x34 bios_kbd_head=0x0022 bios_kbd_tail=0x0022 bios_kbd_buf0=0x1c0d
[12:30:27] [info] audio/engine split block 0: audio_mixer_calls=155 audio_mixer_ms_x10=9 engine_tick_calls=0 engine_tick_ms_x10=0 audio_service_calls=0 audio_service_ms_x10=0 (per-flip avg; per-call us_x10: audio_mix=6064 engine_tick=0 audio_service=0; global ns: audio_mix=2260999207 engine_tick=6197564495 audio_service=0)
[12:30:27] [info] dirty-rect block @flip=2300: total_calls=0 dirty_rects_avg=1 dirty_pct_x10=1000 forced_full=0 first_n_force=0 threshold_exceeded=0 dirty_path_taken=0 full_flush_taken=0
[12:30:27] [info] prev-frame-diff block @flip=2300: diff_calls=0 diff_rects_avg=0 diff_dirty_pct_x10=0 bbox_pct_x10=0 bbox_thresh_exceeded=0
[12:30:27] [info] flip-probe: flip #2310 ok=true present=3ms inter_flip_ms=28 drawcalls-since-flip=17 drawcalls-total=150614 fail-total=0 null-skips-total=0
[12:30:28] [info] run_tick_fixed #4200: heartbeat (loop alive)
[12:30:28] [info] flip-probe: flip #2320 ok=true present=3ms inter_flip_ms=33 drawcalls-since-flip=18 drawcalls-total=150792 fail-total=0 null-skips-total=0
[12:30:28] [info] flip-probe: flip #2330 ok=true present=3ms inter_flip_ms=33 drawcalls-since-flip=18 drawcalls-total=150972 fail-total=0 null-skips-total=0
[12:30:28] [info] flip-probe: flip #2340 ok=true present=3ms inter_flip_ms=38 drawcalls-since-flip=20 drawcalls-total=151163 fail-total=0 null-skips-total=0
[12:30:28] [info] backdrop cache: thrashing-detect engaged (streak=184, route=direct)
[12:30:29] [info] flip-probe: flip #2350 ok=true present=3ms inter_flip_ms=35 drawcalls-since-flip=18 drawcalls-total=151346 fail-total=0 null-skips-total=0
[12:30:29] [info] flip-probe: flip #2360 ok=true present=3ms inter_flip_ms=32 drawcalls-since-flip=15 drawcalls-total=151501 fail-total=0 null-skips-total=0
[12:30:29] [info] tas: stall frame 250 ms -> contributing 1 tick (patch 0286)
[12:30:30] [info] flip-probe: flip #2370 ok=true present=2ms inter_flip_ms=36 drawcalls-since-flip=15 drawcalls-total=151651 fail-total=0 null-skips-total=0
[12:30:30] [info] flip-probe: flip #2380 ok=true present=3ms inter_flip_ms=57 drawcalls-since-flip=356 drawcalls-total=153806 fail-total=0 null-skips-total=0
[12:30:30] [info]  >> Entering stage 14: 'Shack'.
[12:30:30] [info] [skip-sheet-flush] cave=10
[12:30:31] [info] [load-stage] preloading entry music song=8 (cave=10)
[12:30:32] [info] Organya pre-render: cache HIT VIVI (1580544 bytes from CACHE; 1 ch; synth skipped).
[12:30:32] [info] gameloop: entered (curmap=14, running=1)
[12:30:32] [info] gameloop: iter 1 ticks=119421 mapno=-1
[12:30:32] [info] gameloop: iter 2 ticks=119480 mapno=-1
[12:30:32] [info] gameloop: iter 3 ticks=119543 mapno=-1
[12:30:32] [info] flip-probe: flip #2390 ok=true present=3ms inter_flip_ms=52 drawcalls-since-flip=365 drawcalls-total=157068 fail-total=0 null-skips-total=0
[12:30:32] [info] flip-probe: flip #2400 ok=true present=3ms inter_flip_ms=23 drawcalls-since-flip=13 drawcalls-total=158474 fail-total=0 null-skips-total=0
[12:30:32] [info] alpha audit block 0: 7866 total drawcalls, 0 with alpha<255 (block pct_x10=0; global 0/145233 pct_x10=0); alpha-mod skipped: block=0 global=0
[12:30:32] [info] fastpath audit block 0: taken=7866 (idx8=7866) skipped=0 pct_x10=1000; global taken=145233 (idx8=145233) skipped=0 pct_x10=1000
[12:30:32] [info] primitive tally block 0: clear=201(hr=201) fill=0(hr=0) rect=0(hr=0) line=0(hr=0) tint=0 spotlight=0 (over 100 flips ending at flip 2400)
[12:30:32] [info] color/alpha audit block 0: cmod_white=80 cmod_black=80 (idx=80) cmod_general=0 (idx=0) cmod_fb=0; alpha_taken=0 alpha_skipped=0 (global cmod=11942/10400/693/0 idx=10400/693 alpha=0/0)
[12:30:32] [info] phase timing block 0: drawcalls=8227 dc_total_ms=771 flip_inner_total_ms=812 inter_flip_total_ms=5626 (per-flip avg x10: dc_ms=77 fi_ms=81 if_ms=562 derived audio+engine_ms=404; per-drawcall avg us_x10=937) [direct-vesa: presents=100 total_ms=266 avg_ms_x10=26 failed=0] [ablation: NO_DC_TIMING=0 CACHE_WINSURF=0 DIRECT_VESA=1]
[12:30:32] [info] kbd/audio block 0: kbd_irq=0 kbd_drain=0 ring_chunks=16 pump_pass=4360 pic1_mask=0xb8 first_irq_ticks=0 install_ticks=0 vector_at_install=0x0083a0b0 pic1_mask_live=0x38 kbd_8042_stat=0x34 bios_kbd_head=0x0022 bios_kbd_tail=0x0022 bios_kbd_buf0=0x1c0d
[12:30:32] [info] audio/engine split block 0: audio_mixer_calls=186 audio_mixer_ms_x10=11 engine_tick_calls=0 engine_tick_ms_x10=0 audio_service_calls=0 audio_service_ms_x10=0 (per-flip avg; per-call us_x10: audio_mix=6092 engine_tick=0 audio_service=0; global ns: audio_mix=2374319909 engine_tick=6197564495 audio_service=0)
[12:30:32] [info] dirty-rect block @flip=2400: total_calls=0 dirty_rects_avg=1 dirty_pct_x10=1000 forced_full=0 first_n_force=0 threshold_exceeded=0 dirty_path_taken=0 full_flush_taken=0
[12:30:33] [info] prev-frame-diff block @flip=2400: diff_calls=0 diff_rects_avg=0 diff_dirty_pct_x10=0 bbox_pct_x10=0 bbox_thresh_exceeded=0
[12:30:33] [info] flip-probe: flip #2410 ok=true present=3ms inter_flip_ms=25 drawcalls-since-flip=24 drawcalls-total=158714 fail-total=0 null-skips-total=0
[12:30:33] [info] flip-probe: flip #2420 ok=true present=2ms inter_flip_ms=26 drawcalls-since-flip=24 drawcalls-total=158954 fail-total=0 null-skips-total=0
[12:30:33] [info] flip-probe: flip #2430 ok=true present=3ms inter_flip_ms=32 drawcalls-since-flip=24 drawcalls-total=159194 fail-total=0 null-skips-total=0
[12:30:34] [info] flip-probe: flip #2440 ok=true present=2ms inter_flip_ms=26 drawcalls-since-flip=26 drawcalls-total=159440 fail-total=0 null-skips-total=0
[12:30:34] [info] flip-probe: flip #2450 ok=true present=3ms inter_flip_ms=25 drawcalls-since-flip=27 drawcalls-total=159707 fail-total=0 null-skips-total=0
[12:30:34] [info] flip-probe: flip #2460 ok=true present=3ms inter_flip_ms=26 drawcalls-since-flip=25 drawcalls-total=159975 fail-total=0 null-skips-total=0
[12:30:34] [info] flip-probe: flip #2470 ok=true present=2ms inter_flip_ms=26 drawcalls-since-flip=24 drawcalls-total=160219 fail-total=0 null-skips-total=0
[12:30:35] [info] flip-probe: flip #2480 ok=true present=2ms inter_flip_ms=25 drawcalls-since-flip=24 drawcalls-total=160459 fail-total=0 null-skips-total=0
[12:30:35] [info] flip-probe: flip #2490 ok=true present=2ms inter_flip_ms=25 drawcalls-since-flip=24 drawcalls-total=160699 fail-total=0 null-skips-total=0
[12:30:35] [info] flip-probe: flip #2500 ok=true present=3ms inter_flip_ms=26 drawcalls-since-flip=24 drawcalls-total=160939 fail-total=0 null-skips-total=0
[12:30:35] [info] alpha audit block 0: 1965 total drawcalls, 0 with alpha<255 (block pct_x10=0; global 0/147198 pct_x10=0); alpha-mod skipped: block=0 global=0
[12:30:35] [info] fastpath audit block 0: taken=1965 (idx8=1965) skipped=0 pct_x10=1000; global taken=147198 (idx8=147198) skipped=0 pct_x10=1000
[12:30:35] [info] primitive tally block 0: clear=200(hr=200) fill=0(hr=0) rect=0(hr=0) line=0(hr=0) tint=0 spotlight=0 (over 100 flips ending at flip 2500)
[12:30:35] [info] color/alpha audit block 0: cmod_white=500 cmod_black=500 (idx=500) cmod_general=0 (idx=0) cmod_fb=0; alpha_taken=0 alpha_skipped=0 (global cmod=12442/10900/693/0 idx=10900/693 alpha=0/0)
[12:30:35] [info] phase timing block 0: drawcalls=3165 dc_total_ms=510 flip_inner_total_ms=603 inter_flip_total_ms=2715 (per-flip avg x10: dc_ms=51 fi_ms=60 if_ms=271 derived audio+engine_ms=160; per-drawcall avg us_x10=1613) [direct-vesa: presents=100 total_ms=266 avg_ms_x10=26 failed=0] [ablation: NO_DC_TIMING=0 CACHE_WINSURF=0 DIRECT_VESA=1]
[12:30:35] [info] kbd/audio block 0: kbd_irq=0 kbd_drain=0 ring_chunks=16 pump_pass=4496 pic1_mask=0xb8 first_irq_ticks=0 install_ticks=0 vector_at_install=0x0083a0b0 pic1_mask_live=0x38 kbd_8042_stat=0x34 bios_kbd_head=0x0022 bios_kbd_tail=0x0022 bios_kbd_buf0=0x1c0d
[12:30:35] [info] audio/engine split block 0: audio_mixer_calls=118 audio_mixer_ms_x10=7 engine_tick_calls=0 engine_tick_ms_x10=0 audio_service_calls=0 audio_service_ms_x10=0 (per-flip avg; per-call us_x10: audio_mix=5966 engine_tick=0 audio_service=0; global ns: audio_mix=2444721690 engine_tick=6197564495 audio_service=0)
[12:30:35] [info] dirty-rect block @flip=2500: total_calls=0 dirty_rects_avg=1 dirty_pct_x10=1000 forced_full=0 first_n_force=0 threshold_exceeded=0 dirty_path_taken=0 full_flush_taken=0
[12:30:35] [info] prev-frame-diff block @flip=2500: diff_calls=0 diff_rects_avg=0 diff_dirty_pct_x10=0 bbox_pct_x10=0 bbox_thresh_exceeded=0
[12:30:35] [info] run_tick_fixed #4500: heartbeat (loop alive)
[12:30:35] [info] flip-probe: flip #2510 ok=true present=2ms inter_flip_ms=25 drawcalls-since-flip=14 drawcalls-total=161119 fail-total=0 null-skips-total=0
[12:30:36] [info] flip-probe: flip #2520 ok=true present=3ms inter_flip_ms=24 drawcalls-since-flip=14 drawcalls-total=161259 fail-total=0 null-skips-total=0
[12:30:36] [info] flip-probe: flip #2530 ok=true present=3ms inter_flip_ms=25 drawcalls-since-flip=14 drawcalls-total=161399 fail-total=0 null-skips-total=0
[12:30:36] [info] flip-probe: flip #2540 ok=true present=3ms inter_flip_ms=25 drawcalls-since-flip=14 drawcalls-total=161539 fail-total=0 null-skips-total=0
[12:30:36] [info] flip-probe: flip #2550 ok=true present=3ms inter_flip_ms=25 drawcalls-since-flip=14 drawcalls-total=161679 fail-total=0 null-skips-total=0
[12:30:37] [info] flip-probe: flip #2560 ok=true present=3ms inter_flip_ms=24 drawcalls-since-flip=14 drawcalls-total=161819 fail-total=0 null-skips-total=0
[12:30:37] [info] flip-probe: flip #2570 ok=true present=2ms inter_flip_ms=50 drawcalls-since-flip=355 drawcalls-total=163760 fail-total=0 null-skips-total=0
[12:30:37] [info]  >> Entering stage 11: 'Mimiga Village'.
[12:30:37] [info] [skip-sheet-flush] cave=11
[12:30:38] [info] [load-stage] preloading entry music song=9 (cave=11)
[12:30:38] [info] Organya pre-render: cache HIT MURA (1481280 bytes from CACHE; 1 ch; synth skipped).
[12:30:38] [info] gameloop: entered (curmap=11, running=1)
[12:30:38] [info] gameloop: iter 1 ticks=125914 mapno=-1
[12:30:38] [info] gameloop: iter 2 ticks=125987 mapno=-1
[12:30:38] [info] gameloop: iter 3 ticks=126064 mapno=-1
[12:30:39] [info] flip-probe: flip #2580 ok=true present=3ms inter_flip_ms=72 drawcalls-since-flip=382 drawcalls-total=167066 fail-total=0 null-skips-total=0
[12:30:39] [info] backdrop cache: thrashing-detect engaged (streak=4, route=direct)
[12:30:39] [info] flip-probe: flip #2590 ok=true present=3ms inter_flip_ms=34 drawcalls-since-flip=30 drawcalls-total=168550 fail-total=0 null-skips-total=0
[12:30:39] [info] flip-probe: flip #2600 ok=true present=3ms inter_flip_ms=34 drawcalls-since-flip=42 drawcalls-total=168962 fail-total=0 null-skips-total=0
[12:30:39] [info] alpha audit block 0: 7667 total drawcalls, 0 with alpha<255 (block pct_x10=0; global 0/154865 pct_x10=0); alpha-mod skipped: block=0 global=0
[12:30:39] [info] fastpath audit block 0: taken=7667 (idx8=7667) skipped=0 pct_x10=1000; global taken=154865 (idx8=154865) skipped=0 pct_x10=1000
[12:30:39] [info] primitive tally block 0: clear=201(hr=201) fill=0(hr=0) rect=0(hr=0) line=0(hr=0) tint=0 spotlight=0 (over 100 flips ending at flip 2600)
[12:30:39] [info] color/alpha audit block 0: cmod_white=332 cmod_black=332 (idx=332) cmod_general=0 (idx=0) cmod_fb=0; alpha_taken=0 alpha_skipped=0 (global cmod=12774/11232/693/0 idx=11232/693 alpha=0/0)
[12:30:39] [info] phase timing block 0: drawcalls=8538 dc_total_ms=792 flip_inner_total_ms=587 inter_flip_total_ms=4210 (per-flip avg x10: dc_ms=79 fi_ms=58 if_ms=421 derived audio+engine_ms=284; per-drawcall avg us_x10=928) [direct-vesa: presents=100 total_ms=267 avg_ms_x10=26 failed=0] [ablation: NO_DC_TIMING=0 CACHE_WINSURF=0 DIRECT_VESA=1]
[12:30:39] [info] kbd/audio block 0: kbd_irq=0 kbd_drain=0 ring_chunks=16 pump_pass=4663 pic1_mask=0xb8 first_irq_ticks=0 install_ticks=0 vector_at_install=0x0083a0b0 pic1_mask_live=0x38 kbd_8042_stat=0x34 bios_kbd_head=0x0022 bios_kbd_tail=0x0022 bios_kbd_buf0=0x1c0d
[12:30:39] [info] audio/engine split block 0: audio_mixer_calls=153 audio_mixer_ms_x10=9 engine_tick_calls=0 engine_tick_ms_x10=0 audio_service_calls=0 audio_service_ms_x10=0 (per-flip avg; per-call us_x10: audio_mix=5994 engine_tick=0 audio_service=0; global ns: audio_mix=2536439621 engine_tick=6197564495 audio_service=0)
[12:30:39] [info] dirty-rect block @flip=2600: total_calls=0 dirty_rects_avg=1 dirty_pct_x10=1000 forced_full=0 first_n_force=0 threshold_exceeded=0 dirty_path_taken=0 full_flush_taken=0
[12:30:39] [info] prev-frame-diff block @flip=2600: diff_calls=0 diff_rects_avg=0 diff_dirty_pct_x10=0 bbox_pct_x10=0 bbox_thresh_exceeded=0
[12:30:40] [info] flip-probe: flip #2610 ok=true present=3ms inter_flip_ms=34 drawcalls-since-flip=44 drawcalls-total=169394 fail-total=0 null-skips-total=0
[12:30:40] [info] flip-probe: flip #2620 ok=true present=3ms inter_flip_ms=35 drawcalls-since-flip=44 drawcalls-total=169834 fail-total=0 null-skips-total=0
[12:30:40] [info] flip-probe: flip #2630 ok=true present=2ms inter_flip_ms=39 drawcalls-since-flip=47 drawcalls-total=170292 fail-total=0 null-skips-total=0
[12:30:41] [info] flip-probe: flip #2640 ok=true present=2ms inter_flip_ms=42 drawcalls-since-flip=44 drawcalls-total=170759 fail-total=0 null-skips-total=0
[12:30:41] [info] backdrop cache: thrashing-detect engaged (streak=64, route=direct)
[12:30:41] [info] flip-probe: flip #2650 ok=true present=2ms inter_flip_ms=35 drawcalls-since-flip=43 drawcalls-total=171190 fail-total=0 null-skips-total=0
[12:30:42] [info] flip-probe: flip #2660 ok=true present=3ms inter_flip_ms=34 drawcalls-since-flip=43 drawcalls-total=171620 fail-total=0 null-skips-total=0
[12:30:42] [info] flip-probe: flip #2670 ok=true present=3ms inter_flip_ms=35 drawcalls-since-flip=47 drawcalls-total=172074 fail-total=0 null-skips-total=0
[12:30:42] [info] run_tick_fixed #4800: heartbeat (loop alive)
[12:30:42] [info] backdrop cache: thrashing-detect engaged (streak=4, route=direct)
[12:30:42] [info] tas: stall frame 259 ms -> contributing 1 tick (patch 0286)
[12:30:43] [info] flip-probe: flip #2680 ok=true present=3ms inter_flip_ms=41 drawcalls-since-flip=45 drawcalls-total=172527 fail-total=0 null-skips-total=0
[12:30:43] [info] flip-probe: flip #2690 ok=true present=2ms inter_flip_ms=35 drawcalls-since-flip=45 drawcalls-total=172977 fail-total=0 null-skips-total=0
[12:30:43] [info] flip-probe: flip #2700 ok=true present=3ms inter_flip_ms=37 drawcalls-since-flip=19 drawcalls-total=173323 fail-total=0 null-skips-total=0
[12:30:43] [info] alpha audit block 0: 3013 total drawcalls, 0 with alpha<255 (block pct_x10=0; global 0/157878 pct_x10=0); alpha-mod skipped: block=0 global=0
[12:30:43] [info] fastpath audit block 0: taken=3013 (idx8=3013) skipped=0 pct_x10=1000; global taken=157878 (idx8=157878) skipped=0 pct_x10=1000
[12:30:43] [info] primitive tally block 0: clear=200(hr=200) fill=0(hr=0) rect=0(hr=0) line=0(hr=0) tint=0 spotlight=0 (over 100 flips ending at flip 2700)
[12:30:43] [info] color/alpha audit block 0: cmod_white=1248 cmod_black=1248 (idx=1248) cmod_general=0 (idx=0) cmod_fb=0; alpha_taken=0 alpha_skipped=0 (global cmod=14022/12480/693/0 idx=12480/693 alpha=0/0)
[12:30:43] [info] phase timing block 0: drawcalls=5713 dc_total_ms=631 flip_inner_total_ms=604 inter_flip_total_ms=3958 (per-flip avg x10: dc_ms=63 fi_ms=60 if_ms=395 derived audio+engine_ms=272; per-drawcall avg us_x10=1105) [direct-vesa: presents=100 total_ms=266 avg_ms_x10=26 failed=0] [ablation: NO_DC_TIMING=0 CACHE_WINSURF=0 DIRECT_VESA=1]
[12:30:43] [info] kbd/audio block 0: kbd_irq=0 kbd_drain=0 ring_chunks=16 pump_pass=4849 pic1_mask=0xb8 first_irq_ticks=0 install_ticks=0 vector_at_install=0x0083a0b0 pic1_mask_live=0x38 kbd_8042_stat=0x34 bios_kbd_head=0x0022 bios_kbd_tail=0x0022 bios_kbd_buf0=0x1c0d
[12:30:43] [info] audio/engine split block 0: audio_mixer_calls=169 audio_mixer_ms_x10=10 engine_tick_calls=0 engine_tick_ms_x10=0 audio_service_calls=0 audio_service_ms_x10=0 (per-flip avg; per-call us_x10: audio_mix=6090 engine_tick=0 audio_service=0; global ns: audio_mix=2639365411 engine_tick=6197564495 audio_service=0)
[12:30:43] [info] dirty-rect block @flip=2700: total_calls=0 dirty_rects_avg=1 dirty_pct_x10=1000 forced_full=0 first_n_force=0 threshold_exceeded=0 dirty_path_taken=0 full_flush_taken=0
[12:30:43] [info] prev-frame-diff block @flip=2700: diff_calls=0 diff_rects_avg=0 diff_dirty_pct_x10=0 bbox_pct_x10=0 bbox_thresh_exceeded=0
[12:30:44] [info] flip-probe: flip #2710 ok=true present=3ms inter_flip_ms=31 drawcalls-since-flip=21 drawcalls-total=173528 fail-total=0 null-skips-total=0
[12:30:44] [info] flip-probe: flip #2720 ok=true present=3ms inter_flip_ms=38 drawcalls-since-flip=19 drawcalls-total=173727 fail-total=0 null-skips-total=0
[12:30:44] [info] flip-probe: flip #2730 ok=true present=2ms inter_flip_ms=34 drawcalls-since-flip=18 drawcalls-total=173911 fail-total=0 null-skips-total=0
[12:30:45] [info] backdrop cache: thrashing-detect engaged (streak=64, route=direct)
[12:30:45] [info] flip-probe: flip #2740 ok=true present=2ms inter_flip_ms=34 drawcalls-since-flip=18 drawcalls-total=174091 fail-total=0 null-skips-total=0
[12:30:45] [info] flip-probe: flip #2750 ok=true present=3ms inter_flip_ms=41 drawcalls-since-flip=19 drawcalls-total=174278 fail-total=0 null-skips-total=0
[12:30:45] [info] backdrop cache: thrashing-detect engaged (streak=4, route=direct)
[12:30:46] [info] flip-probe: flip #2760 ok=true present=3ms inter_flip_ms=39 drawcalls-since-flip=20 drawcalls-total=174474 fail-total=0 null-skips-total=0
[12:30:46] [info] flip-probe: flip #2770 ok=true present=2ms inter_flip_ms=34 drawcalls-since-flip=21 drawcalls-total=174682 fail-total=0 null-skips-total=0
[12:30:46] [info] flip-probe: flip #2780 ok=true present=3ms inter_flip_ms=36 drawcalls-since-flip=20 drawcalls-total=174885 fail-total=0 null-skips-total=0
[12:30:47] [info] flip-probe: flip #2790 ok=true present=3ms inter_flip_ms=33 drawcalls-since-flip=19 drawcalls-total=175077 fail-total=0 null-skips-total=0
[12:30:47] [info] flip-probe: flip #2800 ok=true present=3ms inter_flip_ms=33 drawcalls-since-flip=19 drawcalls-total=175267 fail-total=0 null-skips-total=0
[12:30:47] [info] alpha audit block 0: 1844 total drawcalls, 0 with alpha<255 (block pct_x10=0; global 0/159722 pct_x10=0); alpha-mod skipped: block=0 global=0
[12:30:47] [info] fastpath audit block 0: taken=1844 (idx8=1844) skipped=0 pct_x10=1000; global taken=159722 (idx8=159722) skipped=0 pct_x10=1000
[12:30:47] [info] primitive tally block 0: clear=200(hr=200) fill=0(hr=0) rect=0(hr=0) line=0(hr=0) tint=0 spotlight=0 (over 100 flips ending at flip 2800)
[12:30:47] [info] phase timing block 0: drawcalls=2053 dc_total_ms=534 flip_inner_total_ms=578 inter_flip_total_ms=3560 (per-flip avg x10: dc_ms=53 fi_ms=57 if_ms=356 derived audio+engine_ms=246; per-drawcall avg us_x10=2605) [direct-vesa: presents=100 total_ms=267 avg_ms_x10=26 failed=0] [ablation: NO_DC_TIMING=0 CACHE_WINSURF=0 DIRECT_VESA=1]
[12:30:47] [info] kbd/audio block 0: kbd_irq=0 kbd_drain=0 ring_chunks=16 pump_pass=5027 pic1_mask=0xb8 first_irq_ticks=0 install_ticks=0 vector_at_install=0x0083a0b0 pic1_mask_live=0x38 kbd_8042_stat=0x34 bios_kbd_head=0x0022 bios_kbd_tail=0x0022 bios_kbd_buf0=0x1c0d
[12:30:47] [info] audio/engine split block 0: audio_mixer_calls=155 audio_mixer_ms_x10=9 engine_tick_calls=0 engine_tick_ms_x10=0 audio_service_calls=0 audio_service_ms_x10=0 (per-flip avg; per-call us_x10: audio_mix=6115 engine_tick=0 audio_service=0; global ns: audio_mix=2734158312 engine_tick=6197564495 audio_service=0)
[12:30:47] [info] dirty-rect block @flip=2800: total_calls=0 dirty_rects_avg=1 dirty_pct_x10=1000 forced_full=0 first_n_force=0 threshold_exceeded=0 dirty_path_taken=0 full_flush_taken=0
[12:30:47] [info] prev-frame-diff block @flip=2800: diff_calls=0 diff_rects_avg=0 diff_dirty_pct_x10=0 bbox_pct_x10=0 bbox_thresh_exceeded=0
[12:30:47] [info] flip-probe: flip #2810 ok=true present=3ms inter_flip_ms=30 drawcalls-since-flip=19 drawcalls-total=175457 fail-total=0 null-skips-total=0
[12:30:48] [info] backdrop cache: thrashing-detect engaged (streak=64, route=direct)
[12:30:48] [info] tas: stall frame 255 ms -> contributing 1 tick (patch 0286)
[12:30:48] [info] flip-probe: flip #2820 ok=true present=3ms inter_flip_ms=33 drawcalls-since-flip=19 drawcalls-total=175647 fail-total=0 null-skips-total=0
[12:30:48] [info] flip-probe: flip #2830 ok=true present=3ms inter_flip_ms=33 drawcalls-since-flip=19 drawcalls-total=175837 fail-total=0 null-skips-total=0
[12:30:49] [info] flip-probe: flip #2840 ok=true present=3ms inter_flip_ms=33 drawcalls-since-flip=19 drawcalls-total=176027 fail-total=0 null-skips-total=0
[12:30:49] [info] run_tick_fixed #5100: heartbeat (loop alive)
[12:30:49] [info] flip-probe: flip #2850 ok=true present=3ms inter_flip_ms=33 drawcalls-since-flip=60 drawcalls-total=176422 fail-total=0 null-skips-total=0
[12:30:49] [info] flip-probe: flip #2860 ok=true present=3ms inter_flip_ms=34 drawcalls-since-flip=60 drawcalls-total=177022 fail-total=0 null-skips-total=0
[12:30:50] [info] flip-probe: flip #2870 ok=true present=3ms inter_flip_ms=36 drawcalls-since-flip=60 drawcalls-total=177622 fail-total=0 null-skips-total=0
[12:30:50] [info] backdrop cache: thrashing-detect engaged (streak=124, route=direct)
[12:30:50] [info] tas: end-of-replay auto-exit at tick 5140 (recording exhausted; set DOSKUTSU_TAS_REPLAY_HOLD=1 to disable + observe steady-state past recording end)
[12:30:50] [info] Script engine shutdown.
[12:30:50] [info] Sound system shutdown
[12:30:50] [info] Renderer::Close()
[12:30:50] [info] tas: replay file closed
[12:30:50] [info] [fps-true] flips=2879 render_s=134 fps_mean=21.4 (clock-independent: flips / seconds since the FIRST flip; use THIS for the fps matrix, not inter_flip medians, which are invalid in any cell running the PIT/IRQ-0 music pump)
[RUNMANIFEST-BEGIN]
schema_version=1
environment=realhw
binary_sha12=f8d446b4b0e0
wave_tag=AC3
scene=
env_block_sha=29cf111dbfcb
started_utc=2026-08-11T12:28:22Z
duration_s=148
exit_code=0
fps_p50=NA
fps_p95=NA
audio_vital_status=NA
regime=NA
banner_required_hit=0
banner_required_total=0
banner_forbidden_hit=0
banner_optional_hit=0
critical_count=0
warn_count=0
[RUNMANIFEST-END]
[12:30:50] [info] [runmanifest-emit] schema=v1 env=realhw sha12=f8d446b4b0e0 dur=148s tag='AC3' scene='' env_sha=29cf111dbfcb (signals=0x4)
