Logger::init: wave-53 log level=INFO path='LOGS/AC4C.LOG'
[13:12:44] [info] config: loaded DOSKUTSU.CFG (3 keys)
[13:12:45] [info] tas: PRNG seed forced to 12345 via DOSKUTSU_TAS_PRNG_SEED
[13:12:45] [info] tas: auto-exit armed at tick 30000 via DOSKUTSU_TAS_AUTO_EXIT_TICK
[13:12:45] [info] tas: replay opened path='QA.TAS' header_seed=12345
[13:12:45] [info] data cache: DISABLED (default)
[13:12:45] [info] Joystick: skipped (default; set DOSKUTSU_USE_JOYSTICK=1 to enable -- skips SDL3-DOS gameport BIOS INT 15h polling, ~82 ms / flip on real HW)
[13:12:45] [info] Loading settings...
[13:12:45] [info] [input-bind] applied=0 invert_y=0 dos_axes=1
[13:12:45] [info] Renderer::initVideo: 8bpp mode requested via SDL_HINT_DOS_MAX_BPP=8 (wave 16); SDL3-DOS will pick the highest-bpp <= 8 mode at requested resolution
[13:12:45] [info] Renderer::initVideo: DOS resolution-label lock ENABLED (default)
[13:12:45] [info] Renderer::initVideo: using: software renderer
[13:12:47] [info] Renderer::initVideo: dirty-rect tracking ENABLED (wave 15, default ON; set SDL_HINT_DOSKUTSU_DIRTY_RECTS=0 to disable)
[13:12:47] [info] Renderer::initVideo: ablation flags: NO_DC_TIMING=0 CACHE_WINSURF=0 NO_INPUT_POLL=0 DIRECT_VESA=1
[13:12:47] [info] Renderer::initVideo: direct-VESA hot path ENABLED (default since wave 20 patch 0088; bypasses SDL_RenderPresent / SDL_UpdateWindowSurface and writes via SDL/0034's PresentFull helper; R2 mitigation handled by SDL/0034 generation counter -- no per-N-flip heartbeat needed; set SDL_HINT_DOSKUTSU_DIRECT_VESA=0 to revert)
[13:12:47] [info] Renderer::initVideo: flip-phase instrumentation DISABLED (default; set SDL_HINT_DOSKUTSU_FLIP_INSTR=1 to opt in for wave-20 Lever A diagnostic)
[13:12:47] [info] Renderer::initVideo: asm opaque-span blit lever DISABLED (default; set SDL_HINT_DOSKUTSU_ASM_BLIT=1 to opt in -- wave-51 _blit_indexed colorkey-blit lever)
[13:12:47] [info] Renderer::initVideo: blit-decomp instrumentation DISABLED (default; set SDL_HINT_DOSKUTSU_BLIT_DECOMP=1 to opt in -- wave-51 _blit_indexed sub-decomp sizing)
[13:12:47] [info] Renderer::initVideo: mds-scroll-decomp instrumentation DISABLED (default; set SDL_HINT_DOSKUTSU_MDS_DECOMP=1 to opt in -- wave-52 mode_draw_scene scrolling-block decomp)
[13:12:47] [info] Renderer::initVideo: DOSVESA pump yield: skipped (default) (per-flip explicit SDL_Delay(0) yield is always on; set SDL_HINT_DOSKUTSU_FORCE_PUMP_YIELD=1 to restore old per-pump yield)
[13:12:47] [info] Renderer::initVideo: indexed-mode (8bpp) ENABLED -- master palette + 107 per-asset remap LUTs loaded (wave 16, default ON; set SDL_HINT_DOSKUTSU_PIXEL_FORMAT_8=0 to disable)
[13:12:47] [info] Renderer::initVideo: master palette attached to window surface (format=SDL_PIXELFORMAT_INDEX8, ncolors=256)
[13:12:47] [info] Renderer::initVideo: indexed-mode smoke: idx0=(0,0,0) OK idx255=(255,0,255) OK
[13:12:47] [info] Renderer::initVideo: indexed-mode smoke: paletteRemapFor('MyChar.pbm') = present
[13:12:48] [info] Surface::loadImage palmap-diag #1: 'data/Loading.pbm' fmt=SDL_PIXELFORMAT_ABGR8888 remap=HIT -> path=truecolor
[13:12:48] [info] Renderer: prev-frame diff DISABLED (default since wave 17.6; set SDL_HINT_DOSKUTSU_PREVFRAME_DIFF=1 to opt in)
[13:12:48] [info] flip-probe: renderer=software window_ptr=8809184 colorspace=301991328 window_size=320x240 framebuffer_pixels=320x240 logical_present=320x240 mode=2
[13:12:48] [info] flip-probe: first flip ok=true present=51ms inter_flip_ms=0 drawcalls-since-flip=1 drawcalls-total=1
[13:12:48] [info] Sound system init
[13:12:48] [info] Sound system: 4-state audio enable (#31) -- music=on sfx=on (MUSIC_OFF/AUDIO_BACKEND=none -> music-off; SFX_OFF/SFX_DEVICE=none -> sfx-off; both gates are dispatch-level, the device still opens; AUDIO_OFF=1 is the device-level both-off).
[13:12:48] [info] Sound system: Tier-2 audio config (default since wave 21 patch 0093; 11025 Hz, 1 channel, buffer pinned to 256 frames). Measured savings on g2k Pentium OverDrive 83 MHz (W21A): heavy-music scenes ~+11 fps vs Tier-1 baseline (measured -10 to -15 ms/flip post-0094 audio fix; W21A's pre-fix -26.6 ms figure was inflated by stereo-vs-mono playback bug, see patch 0094). Audio quality is reduced vs Tier-1 (mono, 11025 Hz, simple-average L+R downmix) but recognizable; user accepted the trade per direction 2026-05-05. Set SDL_HINT_DOSKUTSU_AUDIO_TIER2=0 to revert to Tier-1 22050 stereo (full Cave Story 2004 audio quality; trades fps for fidelity).
[13:12:48] [info] Sound system: SDL_HINT_AUDIO_DEVICE_SAMPLE_FRAMES=256
[13:12:48] [info] Pixtone IRQ rate-divider: handed master_rate=11025 int16/s (SAMPLE_RATE=11025 x AUDIO_CHANNELS=1) to SDL for auto-RATEDIV (SDL/0074 computes shift_div from the resolved device freq).
[13:12:48] [info] Sound system: device frame-rate: requesting 11025 Hz match to master (SDL_DOSAudioSetDeviceFrameRate; SB16 opens at the engine frame rate instead of SDL's 44100 floor -- 4x less PCM/s + no resampler on the Organya/Pixtone path; killswitch SDL_HINT_DOSKUTSU_DOS_AUDIO_DEVICE_RATE_DEFAULT=0).
[13:12:48] [info] audio backend: opl3 (Phase 10 Stage 4 -- concrete OPL3 FM synthesis backend via SDL/0037+ OPL3 helpers; MidiScheduler routes music dispatch through 18 x 2-op voice allocator + small inline patch bank). SoundManager::init will probe OPL3 via Adlib timer-1 sequence + fall back to organya gracefully if the chip is absent. Pixtone SFX still active on SB16 DAC.
[13:12:48] [info] wave-13.6.1: ring_chunks=16 FORCE_PUMP_YIELD=off (set SDL_HINT_DOSKUTSU_AUDIO_RING_CHUNKS=4|8|16 to override; default 16 matches wave 13.6 behaviour)
[13:12:48] [info] MidiScheduler: MIDI source = 'orgmid2' (native-GM org2mid set; resolves to data/orgmid2/<name>.mid).
[13:12:48] [info] opl3 backend probing for OPL3 chip (Adlib timer-1 sequence)...
[13:12:48] [info] opl3 backend: opl3bank.dat loaded 128 programs from 'data/opl3bank.dat' (v1; 1536 bytes payload). Per-program GM patches now use the runtime bank; programs >= 128 fall back to 8-patch family bucket. Drum channel (MIDI ch 9) unchanged (uses PATCH_DRUM regardless of bank loading).
[13:12:48] [info] opl3 backend ready (OPL3 detected via Adlib timer-1; InitChip applied 18 x 2-op layout; voice allocator armed). Patch bank state: runtime opl3bank.dat ACTIVE (loaded_count=128; programs >= loaded_count fall back to 8-patch placeholder covering GM family categories piano/mallet/organ/guitar/strings/brass/reed/pad). Phase 10.5 path: ship a fuller community bank as data/opl3bank.dat (DOPL3v1 format; 12-byte SBI records per GM program; loader at MidiBackendOpl3 ctor).
[13:12:48] [info] opl3 backend: PATCH_ORGAN + PATCH_MALLET RR=8 (medium release; wub-wub fix per patch 0171; was RR=0 in slot 0103 placeholder -- KEY-OFF couldn't silence; H6 reg 0xBD wave-47 falsified; H1+H5/RR=0 byte-level bug root per WAVE-46/47 analysis)
[13:12:48] [info] Sound system: MidiScheduler armed with MidiBackendOpl3 (patch 0103 Phase 10 Stage 4). Music dispatch routes via SMF parser + 18 x 2-op OPL3 voice allocator + small inline patch bank (community-sourced from Apogee Sound System / AdLib SBI public-domain refs). Pixtone SFX still active on SB16 DAC.
[13:12:48] [info] Sound system: idle-pause skipped (default OFF since patch 0119; backend=opl3 would qualify but operator did not opt-in via SDL_HINT_DOSKUTSU_IDLE_PAUSE=1). DSP stays in continuous-stream mode. Re-enable for an A/B iter once SDL/0037 ForcePause non-engagement is rooted out (task #17).
[13:12:48] [warn] Music dir Ogg/ doesn't exist
[13:12:48] [warn] Music dir Ogg11/ doesn't exist
[13:12:48] [warn] Music dir Ogg17/ doesn't exist
[13:12:48] [warn] Music dir Ogg_ridic/ doesn't exist
[13:12:48] [info] Loading Sound FX...
[13:12:49] [info] [pxt-cache] init(): HIT (loaded cache; render skipped)
[13:12:53] [info] Organya init...
[13:12:54] [info] Organya init done
[13:13:01] [info] gus SFX gain [nx0259]: 70% (SDL_HINT_DOSKUTSU_GUS_SFX_GAIN; scales the GF1 SFX voice volume to balance against velocity/CC-scaled GUS music; default 70, clamp 0..150).
[13:13:01] [info] pixtone IRQ-mix: ENABLED (default; SDL backend engaged; set SDL_HINT_DOSKUTSU_PIXTONE_IRQ_MIX=0 to disable)
[13:13:01] [info] Pixtone::setVolume: L3 active -- mid-play SFX volume updates are no-op in v1 (v2 candidate: SDL_DOSPixtoneSetGain API). gain_x256=256 stored for subsequent SDL_DOSPixtoneStart calls; currently-playing L3 channels unaffected.
[13:13:01] [info] midi ISR tick: engine registered tick_isr callback (L2b active; default ON; set SDL_HINT_DOSKUTSU_MIDI_ISR_TICK=0 to disable)
[13:13:01] [info] menu slide-in fixed-timestep: ENABLED (default; slide advances at 50 Hz logic rate)
[13:13:01] [info] Reading npc.tbl...
[13:13:01] [info] Loading tilekey.dat.
[13:13:01] [info] Script engine init.
[13:13:01] [info] Entering main loop...
[13:13:01] [info] audio mid-gap pump: DISABLED (default)
[13:13:01] [info] TAS fixed-timestep guard: ENABLED (default) (patch 0280; load_stage wall-clock kept out of the FT accumulator so TAS replay advances at a true 50 Hz; set SDL_HINT_DOSKUTSU_TAS_FT_GUARD=0 to disable)
[13:13:01] [info] load_stage ring+DMA silence flush: ENABLED (default) (set SDL_HINT_DOSKUTSU_LOADSTAGE_SILENCE=0 to disable)
[13:13:01] [info] load-band audio-underrun probe: DISABLED (default) (opt-in SDL_HINT_DOSKUTSU_LOADBAND_STAT=1)
[13:13:01] [info]  >> Entering stage 72: 'u'.
[13:13:01] [info] skip sheet flush: ENABLED (default) (SFXPAUSE-012 SHIPPED FIX; sprite sheets stay resident across caves so no per-cave re-decode -> no fire-frame pause; map_flush_graphics tilemap cache still flushes; set SDL_HINT_DOSKUTSU_SKIP_SHEET_FLUSH=0 to restore the old per-cave flush)
[13:13:01] [info] [skip-sheet-flush] cave=1
[13:13:01] [info] eager action sheets: ENABLED (default) (first-fire hitch fix: pre-loads the weapon bullet + hit/muzzle/trail caret sheets at stage load so the first fire/impact does not lazy-decode mid-gameplay; set SDL_HINT_DOSKUTSU_EAGER_ACTION_SHEETS=0 to restore lazy load)
[13:13:01] [info] Surface::loadImage palmap-diag #2: 'data/Bullet.pbm' fmt=SDL_PIXELFORMAT_ABGR8888 remap=HIT -> path=truecolor
[13:13:02] [info] Surface::loadImage palmap-diag #3: 'data/Arms.pbm' fmt=SDL_PIXELFORMAT_ABGR8888 remap=HIT -> path=truecolor
[13:13:02] [info] Surface::loadImage palmap-diag #4: 'data/Caret.pbm' fmt=SDL_PIXELFORMAT_ABGR8888 remap=HIT -> path=truecolor
[13:13:02] [info] Surface::loadImage palmap-diag #5: 'data/Npc/NpcSym.pbm' fmt=SDL_PIXELFORMAT_ABGR8888 remap=HIT -> path=truecolor
[13:13:02] [info] [eager-action-sheets] cave=1 sheets=4 wall_ms=983
[13:13:02] [info] Surface::loadImage palmap-diag #6: 'data/Stage/PrtWhite.pbm' fmt=SDL_PIXELFORMAT_ABGR8888 remap=HIT -> path=truecolor
[13:13:03] [info] load_stage: entry-music preload ENABLED (default) (set SDL_HINT_DOSKUTSU_PRELOAD_STAGE_MUSIC=0 to disable)
[13:13:03] [info] Surface::loadImage palmap-diag #7: 'data/bk0.pbm' fmt=SDL_PIXELFORMAT_ABGR8888 remap=HIT -> path=truecolor
[13:13:03] [info] gameloop: entered (curmap=72, running=1)
[13:13:03] [info] gameloop: iter 1 ticks=18282 mapno=-1
[13:13:03] [info] fixed-timestep: ENABLED (default; logic 50 Hz, decoupled from render)
[13:13:03] [info] map: BG skip-when-unchanged DISABLED (default) (set SDL_HINT_DOSKUTSU_BG_SKIP_WHEN_UNCHANGED=1 to enable; default OFF since wave-61 -- abandoned, it shipped a backdrop-black flicker and its +0.87 fps was below the noise floor)
[13:13:03] [info] map: skip-redundant-clear lever ENABLED (default since wave-53 promotion)
[13:13:03] [info] perf-mode: level=0 (faithful (default))
[13:13:03] [info] Surface::loadImage palmap-diag #8: 'data/Npc/NpcKings.pbm' fmt=SDL_PIXELFORMAT_ABGR8888 remap=HIT -> path=truecolor
[13:13:03] [info] audio tick-boundary pump: DISABLED (default)
[13:13:03] [info] gameloop: iter 2 ticks=18577 mapno=-1
[13:13:03] [info] gameloop: iter 3 ticks=18622 mapno=-1
[13:13:03] [info] direct-vesa: snapshot @gen=2 use_dosmemput=1 banked_multibank=1 pitches_match=1 vram_w=320 vram_h=240 vram_pitch=320 bpp=1 fb_size=76800 vram_phys=0x000a0000 vram_ptr=0x00000000
[13:13:03] [info] flip-probe: flip #10 ok=true present=5ms inter_flip_ms=23 drawcalls-since-flip=6 drawcalls-total=43 fail-total=0 null-skips-total=0
[13:13:04] [info] flip-probe: flip #20 ok=true present=4ms inter_flip_ms=24 drawcalls-since-flip=4 drawcalls-total=92 fail-total=0 null-skips-total=0
[13:13:04] [info] flip-probe: flip #30 ok=true present=4ms inter_flip_ms=42 drawcalls-since-flip=326 drawcalls-total=2707 fail-total=0 null-skips-total=0
[13:13:04] [info] flip-probe: flip #40 ok=true present=4ms inter_flip_ms=37 drawcalls-since-flip=264 drawcalls-total=5837 fail-total=0 null-skips-total=0
[13:13:05] [info] flip-probe: flip #50 ok=true present=4ms inter_flip_ms=25 drawcalls-since-flip=67 drawcalls-total=7392 fail-total=0 null-skips-total=0
[13:13:05] [info] flip-probe: flip #60 ok=true present=4ms inter_flip_ms=21 drawcalls-since-flip=4 drawcalls-total=7502 fail-total=0 null-skips-total=0
[13:13:05] [info] flip-probe: flip #70 ok=true present=4ms inter_flip_ms=22 drawcalls-since-flip=6 drawcalls-total=7557 fail-total=0 null-skips-total=0
[13:13:05] [info] flip-probe: flip #80 ok=true present=4ms inter_flip_ms=21 drawcalls-since-flip=0 drawcalls-total=7586 fail-total=0 null-skips-total=0
[13:13:06] [info] flip-probe: flip #90 ok=true present=4ms inter_flip_ms=21 drawcalls-since-flip=0 drawcalls-total=7586 fail-total=0 null-skips-total=0
[13:13:06] [info] title: eager-title-IO phase tag ENABLED (default) (set SDL_HINT_DOSKUTSU_EAGER_TITLE_IO=0 to disable)
[13:13:06] [warn] MidiScheduler::_refresh_isr_buffer: track has 27749 events; ISR buffer is 16384 (truncated; events after 16384 will not dispatch under L2b ON -- the engine-thread tick() path still uses _events directly under L2b OFF)
[13:13:06] [info] MidiScheduler::load: parsed 'data/orgmid2/curly.mid' = 27749 events at 48 PPQ
[13:13:06] [info] opl3 backend: on_song_start
[13:13:07] [info] gameloop: entered (curmap=1005, running=1)
[13:13:07] [info] gameloop: iter 1 ticks=22061 mapno=-1
[13:13:07] [info] map: backdrop cache ENABLED (default) (set SDL_HINT_DOSKUTSU_BACKDROP_CACHE=0 to disable)
[13:13:07] [info] gameloop: iter 2 ticks=22583 mapno=-1
[13:13:07] [info] gameloop: iter 3 ticks=22618 mapno=-1
[13:13:07] [info] backdrop cache: thrashing-detect engaged (streak=4, route=direct)
[13:13:07] [info] flip-probe: flip #100 ok=true present=4ms inter_flip_ms=27 drawcalls-since-flip=75 drawcalls-total=7886 fail-total=0 null-skips-total=0
[13:13:07] [info] alpha audit block 0: 7798 total drawcalls, 0 with alpha<255 (block pct_x10=0; global 0/7798 pct_x10=0); alpha-mod skipped: block=0 global=0
[13:13:07] [info] fastpath audit block 0: taken=7798 (idx8=7798) skipped=0 pct_x10=1000; global taken=7798 (idx8=7798) skipped=0 pct_x10=1000
[13:13:07] [info] primitive tally block 0: clear=220(hr=220) fill=0(hr=0) rect=0(hr=0) line=0(hr=0) tint=0 spotlight=0 (over 100 flips ending at flip 100)
[13:13:07] [info] color/alpha audit block 0: cmod_white=104 cmod_black=0 (idx=0) cmod_general=84 (idx=84) cmod_fb=0; alpha_taken=0 alpha_skipped=0 (global cmod=104/0/84/0 idx=0/84 alpha=0/0)
[13:13:07] [info] phase timing block 0: drawcalls=8209 dc_total_ms=941 flip_inner_total_ms=638 inter_flip_total_ms=19678 (per-flip avg x10: dc_ms=94 fi_ms=63 if_ms=1967 derived audio+engine_ms=1810; per-drawcall avg us_x10=1146) [direct-vesa: presents=97 total_ms=391 avg_ms_x10=40 failed=0] [ablation: NO_DC_TIMING=0 CACHE_WINSURF=0 DIRECT_VESA=1]
[13:13:07] [info] kbd/audio block 0: kbd_irq=0 kbd_drain=0 ring_chunks=16 pump_pass=99 pic1_mask=0xb8 first_irq_ticks=0 install_ticks=0 vector_at_install=0x00839fa0 pic1_mask_live=0x38 kbd_8042_stat=0x34 bios_kbd_head=0x002a bios_kbd_tail=0x002a bios_kbd_buf0=0x2064
[13:13:07] [info] audio/engine split block 0: audio_mixer_calls=0 audio_mixer_ms_x10=0 engine_tick_calls=99 engine_tick_ms_x10=353 audio_service_calls=0 audio_service_ms_x10=0 (per-flip avg; per-call us_x10: audio_mix=0 engine_tick=356769 audio_service=0; global ns: audio_mix=0 engine_tick=3532013615 audio_service=0)
[13:13:07] [info] pixtone multi-source probe: DISABLED (default)
[13:13:07] [info] dirty-rect block @flip=100: total_calls=0 dirty_rects_avg=0 dirty_pct_x10=990 forced_full=0 first_n_force=3 threshold_exceeded=2 dirty_path_taken=0 full_flush_taken=3
[13:13:07] [info] prev-frame-diff block @flip=100: diff_calls=0 diff_rects_avg=0 diff_dirty_pct_x10=0 bbox_pct_x10=0 bbox_thresh_exceeded=0
[13:13:07] [info] flip-probe: flip #110 ok=true present=4ms inter_flip_ms=22 drawcalls-since-flip=75 drawcalls-total=8636 fail-total=0 null-skips-total=0
[13:13:08] [info] flip-probe: flip #120 ok=true present=4ms inter_flip_ms=23 drawcalls-since-flip=75 drawcalls-total=9386 fail-total=0 null-skips-total=0
[13:13:08] [info] flip-probe: flip #130 ok=true present=4ms inter_flip_ms=21 drawcalls-since-flip=0 drawcalls-total=9986 fail-total=0 null-skips-total=0
[13:13:08] [info] Loading profile from profile.dat
[13:13:08] [error] profile_load: unable to open 'profile.dat'
[13:13:08] [info] Loading profile from profile2.dat
[13:13:08] [error] profile_load: unable to open 'profile2.dat'
[13:13:08] [info] Loading profile from profile3.dat
[13:13:08] [info] Loading profile from profile4.dat
[13:13:08] [error] profile_load: unable to open 'profile4.dat'
[13:13:08] [info] Loading profile from profile5.dat
[13:13:08] [info] flip-probe: flip #140 ok=true present=4ms inter_flip_ms=33 drawcalls-since-flip=214 drawcalls-total=10842 fail-total=0 null-skips-total=0
[13:13:09] [info] flip-probe: flip #150 ok=true present=4ms inter_flip_ms=33 drawcalls-since-flip=214 drawcalls-total=12982 fail-total=0 null-skips-total=0
[13:13:09] [info] Writing settings...
[13:13:09] [info] flip-probe: flip #160 ok=true present=4ms inter_flip_ms=20 drawcalls-since-flip=0 drawcalls-total=13846 fail-total=0 null-skips-total=0
[13:13:09] [info] flip-probe: flip #170 ok=true present=4ms inter_flip_ms=20 drawcalls-since-flip=0 drawcalls-total=13846 fail-total=0 null-skips-total=0
[13:13:09] [info] gameloop: iter 600 ticks=24909 mapno=-1
[13:13:10] [info] opl3 backend: on_song_stop
[13:13:10] [info] Loading profile from profile5.dat
[13:13:10] [info]  >> Entering stage 20: 'Save Point'.
[13:13:10] [info] [skip-sheet-flush] cave=2
[13:13:10] [info] MidiScheduler::load: parsed 'data/orgmid2/mura.mid' = 7123 events at 48 PPQ
[13:13:10] [info] opl3 backend: on_song_start
[13:13:10] [info] gameloop: entered (curmap=20, running=1)
[13:13:10] [info] gameloop: iter 1 ticks=25931 mapno=-1
[13:13:10] [info] TAS stall discount: ENABLED (default) (patch 0286; a replay frame over 150 ms is a load, not slow rendering, so it contributes 1 tick instead of its wall-clock; set SDL_HINT_DOSKUTSU_TAS_STALL_DISCOUNT=0 to disable)
[13:13:10] [info] TAS accumulator clamp: DISABLED (default) (patch 0281; caps the FT accumulator delta at one tick during TAS so a stalled frame cannot race the replay index; set SDL_HINT_DOSKUTSU_TAS_FT_GUARD=0 to disable)
[13:13:11] [info] gameloop: iter 2 ticks=25964 mapno=-1
[13:13:11] [info] gameloop: iter 3 ticks=25993 mapno=-1
[13:13:11] [info] flip-probe: flip #180 ok=true present=4ms inter_flip_ms=22 drawcalls-since-flip=17 drawcalls-total=13971 fail-total=0 null-skips-total=0
[13:13:11] [info] flip-probe: flip #190 ok=true present=4ms inter_flip_ms=21 drawcalls-since-flip=17 drawcalls-total=14141 fail-total=0 null-skips-total=0
[13:13:11] [info] flip-probe: flip #200 ok=true present=4ms inter_flip_ms=21 drawcalls-since-flip=17 drawcalls-total=14311 fail-total=0 null-skips-total=0
[13:13:11] [info] alpha audit block 0: 5788 total drawcalls, 0 with alpha<255 (block pct_x10=0; global 0/13586 pct_x10=0); alpha-mod skipped: block=0 global=0
[13:13:11] [info] fastpath audit block 0: taken=5788 (idx8=5788) skipped=0 pct_x10=1000; global taken=13586 (idx8=13586) skipped=0 pct_x10=1000
[13:13:11] [info] primitive tally block 0: clear=201(hr=201) fill=0(hr=0) rect=0(hr=0) line=0(hr=0) tint=0 spotlight=0 (over 100 flips ending at flip 200)
[13:13:11] [info] color/alpha audit block 0: cmod_white=1438 cmod_black=0 (idx=0) cmod_general=609 (idx=609) cmod_fb=0; alpha_taken=0 alpha_skipped=0 (global cmod=1542/0/693/0 idx=0/693 alpha=0/0)
[13:13:11] [info] phase timing block 0: drawcalls=8036 dc_total_ms=902 flip_inner_total_ms=548 inter_flip_total_ms=3814 (per-flip avg x10: dc_ms=90 fi_ms=54 if_ms=381 derived audio+engine_ms=237; per-drawcall avg us_x10=1123) [direct-vesa: presents=100 total_ms=398 avg_ms_x10=39 failed=0] [ablation: NO_DC_TIMING=0 CACHE_WINSURF=0 DIRECT_VESA=1]
[13:13:11] [info] kbd/audio block 0: kbd_irq=0 kbd_drain=0 ring_chunks=16 pump_pass=201 pic1_mask=0xb8 first_irq_ticks=0 install_ticks=0 vector_at_install=0x00839fa0 pic1_mask_live=0x38 kbd_8042_stat=0x34 bios_kbd_head=0x002a bios_kbd_tail=0x002a bios_kbd_buf0=0x2064
[13:13:11] [info] audio/engine split block 0: audio_mixer_calls=0 audio_mixer_ms_x10=0 engine_tick_calls=76 engine_tick_ms_x10=153 audio_service_calls=0 audio_service_ms_x10=0 (per-flip avg; per-call us_x10: audio_mix=0 engine_tick=202168 audio_service=0; global ns: audio_mix=0 engine_tick=5068490929 audio_service=0)
[13:13:11] [info] dirty-rect block @flip=200: total_calls=0 dirty_rects_avg=1 dirty_pct_x10=1000 forced_full=0 first_n_force=0 threshold_exceeded=0 dirty_path_taken=0 full_flush_taken=0
[13:13:11] [info] prev-frame-diff block @flip=200: diff_calls=0 diff_rects_avg=0 diff_dirty_pct_x10=0 bbox_pct_x10=0 bbox_thresh_exceeded=0
[13:13:11] [info] flip-probe: flip #210 ok=true present=5ms inter_flip_ms=21 drawcalls-since-flip=17 drawcalls-total=14481 fail-total=0 null-skips-total=0
[13:13:12] [info] flip-probe: flip #220 ok=true present=4ms inter_flip_ms=22 drawcalls-since-flip=17 drawcalls-total=14651 fail-total=0 null-skips-total=0
[13:13:12] [info] flip-probe: flip #230 ok=true present=5ms inter_flip_ms=21 drawcalls-since-flip=17 drawcalls-total=14821 fail-total=0 null-skips-total=0
[13:13:12] [info] flip-probe: flip #240 ok=true present=4ms inter_flip_ms=21 drawcalls-since-flip=17 drawcalls-total=14991 fail-total=0 null-skips-total=0
[13:13:12] [info] flip-probe: flip #250 ok=true present=4ms inter_flip_ms=21 drawcalls-since-flip=17 drawcalls-total=15161 fail-total=0 null-skips-total=0
[13:13:12] [info] flip-probe: flip #260 ok=true present=4ms inter_flip_ms=35 drawcalls-since-flip=274 drawcalls-total=16266 fail-total=0 null-skips-total=0
[13:13:13] [info] flip-probe: flip #270 ok=true present=4ms inter_flip_ms=23 drawcalls-since-flip=6 drawcalls-total=19442 fail-total=0 null-skips-total=0
[13:13:13] [info]  >> Entering stage 11: 'Mimiga Village'.
[13:13:13] [info] [skip-sheet-flush] cave=3
[13:13:13] [info] [load-stage] preloading entry music song=9 (cave=3)
[13:13:13] [info] gameloop: entered (curmap=11, running=1)
[13:13:13] [info] gameloop: iter 1 ticks=28792 mapno=-1
[13:13:13] [info] map: mds_clear LUT ENABLED (default) (set SDL_HINT_DOSKUTSU_MDS_CLEAR_LUT=0 to disable; default ON; patch 0144 wave-49 bandwidth lever)
[13:13:13] [info] mds-clear-lut: rebuilt N=240 entries (k_skip=0% k_keep=100%; curmap=11 map_size=60x60; rebuild #1 since boot)
[13:13:13] [info] backdrop thrash full-cover ENABLED (default) (set SDL_HINT_DOSKUTSU_THRASH_FULLCOVER=0 to disable)
[13:13:13] [info] [bd-diag] backdrop render-path diag disabled (default) (set SDL_HINT_DOSKUTSU_BACKDROP_DIAG=1 to enable)
[13:13:14] [info] gameloop: iter 2 ticks=29006 mapno=-1
[13:13:14] [info] tas: stall frame 215 ms -> contributing 1 tick (patch 0286)
[13:13:14] [info] gameloop: iter 3 ticks=29080 mapno=-1
[13:13:14] [info] backdrop cache: thrashing-detect engaged (streak=4, route=direct)
[13:13:14] [info] flip-probe: flip #280 ok=true present=4ms inter_flip_ms=47 drawcalls-since-flip=240 drawcalls-total=22689 fail-total=0 null-skips-total=0
[13:13:14] [info] flip-probe: flip #290 ok=true present=4ms inter_flip_ms=33 drawcalls-since-flip=43 drawcalls-total=23298 fail-total=0 null-skips-total=0
[13:13:15] [info] flip-probe: flip #300 ok=true present=4ms inter_flip_ms=33 drawcalls-since-flip=45 drawcalls-total=23730 fail-total=0 null-skips-total=0
[13:13:15] [info] alpha audit block 0: 9013 total drawcalls, 0 with alpha<255 (block pct_x10=0; global 0/22599 pct_x10=0); alpha-mod skipped: block=0 global=0
[13:13:15] [info] fastpath audit block 0: taken=9013 (idx8=9013) skipped=0 pct_x10=1000; global taken=22599 (idx8=22599) skipped=0 pct_x10=1000
[13:13:15] [info] primitive tally block 0: clear=202(hr=202) fill=0(hr=0) rect=0(hr=0) line=0(hr=0) tint=0 spotlight=0 (over 100 flips ending at flip 300)
[13:13:15] [info] color/alpha audit block 0: cmod_white=377 cmod_black=377 (idx=377) cmod_general=0 (idx=0) cmod_fb=0; alpha_taken=0 alpha_skipped=0 (global cmod=1919/377/693/0 idx=377/693 alpha=0/0)
[13:13:15] [info] phase timing block 0: drawcalls=9976 dc_total_ms=887 flip_inner_total_ms=536 inter_flip_total_ms=3678 (per-flip avg x10: dc_ms=88 fi_ms=53 if_ms=367 derived audio+engine_ms=226; per-drawcall avg us_x10=890) [direct-vesa: presents=100 total_ms=398 avg_ms_x10=39 failed=0] [ablation: NO_DC_TIMING=0 CACHE_WINSURF=0 DIRECT_VESA=1]
[13:13:15] [info] kbd/audio block 0: kbd_irq=0 kbd_drain=0 ring_chunks=16 pump_pass=354 pic1_mask=0xb8 first_irq_ticks=0 install_ticks=0 vector_at_install=0x00839fa0 pic1_mask_live=0x38 kbd_8042_stat=0x34 bios_kbd_head=0x002a bios_kbd_tail=0x002a bios_kbd_buf0=0x2064
[13:13:15] [info] [tile-speedup-stat n=100 drawtile_us=63.04 raw_blit_us=39.05 ratio=1.61]
[13:13:15] [info] dirty-rect block @flip=300: total_calls=100 dirty_rects_avg=1 dirty_pct_x10=1000 forced_full=0 first_n_force=0 threshold_exceeded=0 dirty_path_taken=0 full_flush_taken=0
[13:13:15] [info] prev-frame-diff block @flip=300: diff_calls=0 diff_rects_avg=0 diff_dirty_pct_x10=0 bbox_pct_x10=0 bbox_thresh_exceeded=0
[13:13:15] [info] flip-probe: flip #310 ok=true present=4ms inter_flip_ms=35 drawcalls-since-flip=46 drawcalls-total=24291 fail-total=0 null-skips-total=0
[13:13:15] [info] flip-probe: flip #320 ok=true present=5ms inter_flip_ms=33 drawcalls-since-flip=43 drawcalls-total=24735 fail-total=0 null-skips-total=0
[13:13:16] [info] flip-probe: flip #330 ok=true present=4ms inter_flip_ms=34 drawcalls-since-flip=43 drawcalls-total=25165 fail-total=0 null-skips-total=0
[13:13:16] [info] backdrop cache: thrashing-detect engaged (streak=64, route=direct)
[13:13:16] [info] flip-probe: flip #340 ok=true present=4ms inter_flip_ms=34 drawcalls-since-flip=43 drawcalls-total=25595 fail-total=0 null-skips-total=0
[13:13:17] [info] flip-probe: flip #350 ok=true present=4ms inter_flip_ms=33 drawcalls-since-flip=43 drawcalls-total=26025 fail-total=0 null-skips-total=0
[13:13:17] [info] flip-probe: flip #360 ok=true present=5ms inter_flip_ms=33 drawcalls-since-flip=43 drawcalls-total=26455 fail-total=0 null-skips-total=0
[13:13:17] [info] flip-probe: flip #370 ok=true present=4ms inter_flip_ms=31 drawcalls-since-flip=43 drawcalls-total=26885 fail-total=0 null-skips-total=0
[13:13:17] [info] flip-probe: flip #380 ok=true present=4ms inter_flip_ms=34 drawcalls-since-flip=43 drawcalls-total=27315 fail-total=0 null-skips-total=0
[13:13:18] [info] flip-probe: flip #390 ok=true present=4ms inter_flip_ms=33 drawcalls-since-flip=43 drawcalls-total=27745 fail-total=0 null-skips-total=0
[13:13:18] [info] backdrop cache: thrashing-detect engaged (streak=124, route=direct)
[13:13:18] [info] flip-probe: flip #400 ok=true present=4ms inter_flip_ms=32 drawcalls-since-flip=17 drawcalls-total=27941 fail-total=0 null-skips-total=0
[13:13:18] [info] alpha audit block 0: 2928 total drawcalls, 0 with alpha<255 (block pct_x10=0; global 0/25527 pct_x10=0); alpha-mod skipped: block=0 global=0
[13:13:18] [info] fastpath audit block 0: taken=2928 (idx8=2928) skipped=0 pct_x10=1000; global taken=25527 (idx8=25527) skipped=0 pct_x10=1000
[13:13:18] [info] primitive tally block 0: clear=200(hr=200) fill=0(hr=0) rect=0(hr=0) line=0(hr=0) tint=0 spotlight=0 (over 100 flips ending at flip 400)
[13:13:18] [info] color/alpha audit block 0: cmod_white=1183 cmod_black=1183 (idx=1183) cmod_general=0 (idx=0) cmod_fb=0; alpha_taken=0 alpha_skipped=0 (global cmod=3102/1560/693/0 idx=1560/693 alpha=0/0)
[13:13:18] [info] phase timing block 0: drawcalls=5494 dc_total_ms=615 flip_inner_total_ms=544 inter_flip_total_ms=3445 (per-flip avg x10: dc_ms=61 fi_ms=54 if_ms=344 derived audio+engine_ms=229; per-drawcall avg us_x10=1120) [direct-vesa: presents=100 total_ms=397 avg_ms_x10=39 failed=0] [ablation: NO_DC_TIMING=0 CACHE_WINSURF=0 DIRECT_VESA=1]
[13:13:18] [info] kbd/audio block 0: kbd_irq=0 kbd_drain=0 ring_chunks=16 pump_pass=527 pic1_mask=0xb8 first_irq_ticks=0 install_ticks=0 vector_at_install=0x00839fa0 pic1_mask_live=0x38 kbd_8042_stat=0x34 bios_kbd_head=0x002a bios_kbd_tail=0x002a bios_kbd_buf0=0x2064
[13:13:18] [info] dirty-rect block @flip=400: total_calls=0 dirty_rects_avg=1 dirty_pct_x10=1000 forced_full=0 first_n_force=0 threshold_exceeded=0 dirty_path_taken=0 full_flush_taken=0
[13:13:18] [info] prev-frame-diff block @flip=400: diff_calls=0 diff_rects_avg=0 diff_dirty_pct_x10=0 bbox_pct_x10=0 bbox_thresh_exceeded=0
[13:13:19] [info] flip-probe: flip #410 ok=true present=4ms inter_flip_ms=29 drawcalls-since-flip=17 drawcalls-total=28111 fail-total=0 null-skips-total=0
[13:13:19] [info] flip-probe: flip #420 ok=true present=4ms inter_flip_ms=32 drawcalls-since-flip=20 drawcalls-total=28304 fail-total=0 null-skips-total=0
[13:13:19] [info] flip-probe: flip #430 ok=true present=4ms inter_flip_ms=30 drawcalls-since-flip=17 drawcalls-total=28486 fail-total=0 null-skips-total=0
[13:13:19] [info] flip-probe: flip #440 ok=true present=4ms inter_flip_ms=29 drawcalls-since-flip=18 drawcalls-total=28657 fail-total=0 null-skips-total=0
[13:13:20] [info] flip-probe: flip #450 ok=true present=5ms inter_flip_ms=28 drawcalls-since-flip=18 drawcalls-total=28830 fail-total=0 null-skips-total=0
[13:13:20] [info] backdrop cache: thrashing-detect engaged (streak=184, route=direct)
[13:13:20] [info] flip-probe: flip #460 ok=true present=4ms inter_flip_ms=32 drawcalls-since-flip=16 drawcalls-total=29004 fail-total=0 null-skips-total=0
[13:13:20] [info] flip-probe: flip #470 ok=true present=4ms inter_flip_ms=33 drawcalls-since-flip=15 drawcalls-total=29156 fail-total=0 null-skips-total=0
[13:13:21] [info] flip-probe: flip #480 ok=true present=4ms inter_flip_ms=34 drawcalls-since-flip=18 drawcalls-total=29326 fail-total=0 null-skips-total=0
[13:13:21] [info] flip-probe: flip #490 ok=true present=4ms inter_flip_ms=32 drawcalls-since-flip=17 drawcalls-total=29505 fail-total=0 null-skips-total=0
[13:13:21] [info] flip-probe: flip #500 ok=true present=4ms inter_flip_ms=32 drawcalls-since-flip=15 drawcalls-total=29659 fail-total=0 null-skips-total=0
[13:13:21] [info] alpha audit block 0: 1618 total drawcalls, 0 with alpha<255 (block pct_x10=0; global 0/27145 pct_x10=0); alpha-mod skipped: block=0 global=0
[13:13:21] [info] fastpath audit block 0: taken=1618 (idx8=1618) skipped=0 pct_x10=1000; global taken=27145 (idx8=27145) skipped=0 pct_x10=1000
[13:13:21] [info] primitive tally block 0: clear=200(hr=200) fill=0(hr=0) rect=0(hr=0) line=0(hr=0) tint=0 spotlight=0 (over 100 flips ending at flip 500)
[13:13:21] [info] phase timing block 0: drawcalls=1818 dc_total_ms=484 flip_inner_total_ms=533 inter_flip_total_ms=3261 (per-flip avg x10: dc_ms=48 fi_ms=53 if_ms=326 derived audio+engine_ms=225; per-drawcall avg us_x10=2666) [direct-vesa: presents=100 total_ms=403 avg_ms_x10=40 failed=0] [ablation: NO_DC_TIMING=0 CACHE_WINSURF=0 DIRECT_VESA=1]
[13:13:21] [info] kbd/audio block 0: kbd_irq=0 kbd_drain=0 ring_chunks=16 pump_pass=690 pic1_mask=0xb8 first_irq_ticks=0 install_ticks=0 vector_at_install=0x00839fa0 pic1_mask_live=0x38 kbd_8042_stat=0x34 bios_kbd_head=0x002a bios_kbd_tail=0x002a bios_kbd_buf0=0x2064
[13:13:21] [info] dirty-rect block @flip=500: total_calls=0 dirty_rects_avg=1 dirty_pct_x10=1000 forced_full=0 first_n_force=0 threshold_exceeded=0 dirty_path_taken=0 full_flush_taken=0
[13:13:21] [info] prev-frame-diff block @flip=500: diff_calls=0 diff_rects_avg=0 diff_dirty_pct_x10=0 bbox_pct_x10=0 bbox_thresh_exceeded=0
[13:13:22] [info] flip-probe: flip #510 ok=true present=5ms inter_flip_ms=33 drawcalls-since-flip=15 drawcalls-total=29809 fail-total=0 null-skips-total=0
[13:13:22] [info] backdrop cache: thrashing-detect engaged (streak=244, route=direct)
[13:13:22] [info] flip-probe: flip #520 ok=true present=4ms inter_flip_ms=46 drawcalls-since-flip=214 drawcalls-total=30530 fail-total=0 null-skips-total=0
[13:13:23] [info] flip-probe: flip #530 ok=true present=4ms inter_flip_ms=32 drawcalls-since-flip=4 drawcalls-total=33000 fail-total=0 null-skips-total=0
[13:13:23] [info]  >> Entering stage 17: 'Yamashita Farm'.
[13:13:23] [info] [skip-sheet-flush] cave=4
[13:13:23] [info] [load-stage] preloading entry music song=13 (cave=4)
[13:13:23] [info] opl3 backend: on_song_stop
[13:13:23] [info] MidiScheduler::load: parsed 'data/orgmid2/plant.mid' = 6246 events at 48 PPQ
[13:13:23] [info] opl3 backend: on_song_start
[13:13:23] [info] gameloop: entered (curmap=17, running=1)
[13:13:23] [info] gameloop: iter 1 ticks=38645 mapno=-1
[13:13:23] [info] mds-clear-lut: rebuilt N=240 entries (k_skip=33% k_keep=67%; curmap=17 map_size=40x16; rebuild #2 since boot)
[13:13:23] [info] gameloop: iter 2 ticks=38809 mapno=-1
[13:13:23] [info] tas: stall frame 165 ms -> contributing 1 tick (patch 0286)
[13:13:23] [info] gameloop: iter 3 ticks=38873 mapno=-1
[13:13:24] [info] flip-probe: flip #540 ok=true present=4ms inter_flip_ms=49 drawcalls-since-flip=269 drawcalls-total=36770 fail-total=0 null-skips-total=0
[13:13:24] [info] flip-probe: flip #550 ok=true present=4ms inter_flip_ms=41 drawcalls-since-flip=138 drawcalls-total=38309 fail-total=0 null-skips-total=0
[13:13:25] [info] flip-probe: flip #560 ok=true present=4ms inter_flip_ms=41 drawcalls-since-flip=143 drawcalls-total=39714 fail-total=0 null-skips-total=0
[13:13:25] [info] flip-probe: flip #570 ok=true present=4ms inter_flip_ms=42 drawcalls-since-flip=142 drawcalls-total=41142 fail-total=0 null-skips-total=0
[13:13:25] [info] backdrop cache: thrashing-detect engaged (streak=4, route=direct)
[13:13:26] [info] flip-probe: flip #580 ok=true present=4ms inter_flip_ms=39 drawcalls-since-flip=129 drawcalls-total=42530 fail-total=0 null-skips-total=0
[13:13:26] [info] flip-probe: flip #590 ok=true present=5ms inter_flip_ms=41 drawcalls-since-flip=134 drawcalls-total=43851 fail-total=0 null-skips-total=0
[13:13:26] [info] flip-probe: flip #600 ok=true present=4ms inter_flip_ms=42 drawcalls-since-flip=141 drawcalls-total=45224 fail-total=0 null-skips-total=0
[13:13:26] [info] alpha audit block 0: 14555 total drawcalls, 0 with alpha<255 (block pct_x10=0; global 0/41700 pct_x10=0); alpha-mod skipped: block=0 global=0
[13:13:26] [info] fastpath audit block 0: taken=14555 (idx8=14555) skipped=0 pct_x10=1000; global taken=41700 (idx8=41700) skipped=0 pct_x10=1000
[13:13:26] [info] primitive tally block 0: clear=202(hr=202) fill=0(hr=0) rect=0(hr=0) line=0(hr=0) tint=0 spotlight=0 (over 100 flips ending at flip 600)
[13:13:26] [info] color/alpha audit block 0: cmod_white=910 cmod_black=910 (idx=910) cmod_general=0 (idx=0) cmod_fb=0; alpha_taken=0 alpha_skipped=0 (global cmod=4012/2470/693/0 idx=2470/693 alpha=0/0)
[13:13:26] [info] phase timing block 0: drawcalls=16623 dc_total_ms=1185 flip_inner_total_ms=553 inter_flip_total_ms=5007 (per-flip avg x10: dc_ms=118 fi_ms=55 if_ms=500 derived audio+engine_ms=327; per-drawcall avg us_x10=713) [direct-vesa: presents=100 total_ms=397 avg_ms_x10=39 failed=0] [ablation: NO_DC_TIMING=0 CACHE_WINSURF=0 DIRECT_VESA=1]
[13:13:26] [info] kbd/audio block 0: kbd_irq=0 kbd_drain=0 ring_chunks=16 pump_pass=905 pic1_mask=0xb8 first_irq_ticks=0 install_ticks=0 vector_at_install=0x00839fa0 pic1_mask_live=0x38 kbd_8042_stat=0x34 bios_kbd_head=0x002a bios_kbd_tail=0x002a bios_kbd_buf0=0x2064
[13:13:26] [info] dirty-rect block @flip=600: total_calls=0 dirty_rects_avg=1 dirty_pct_x10=1000 forced_full=0 first_n_force=0 threshold_exceeded=0 dirty_path_taken=0 full_flush_taken=0
[13:13:27] [info] prev-frame-diff block @flip=600: diff_calls=0 diff_rects_avg=0 diff_dirty_pct_x10=0 bbox_pct_x10=0 bbox_thresh_exceeded=0
[13:13:27] [info] flip-probe: flip #610 ok=true present=4ms inter_flip_ms=43 drawcalls-since-flip=148 drawcalls-total=46676 fail-total=0 null-skips-total=0
[13:13:27] [info] backdrop cache: thrashing-detect engaged (streak=4, route=direct)
[13:13:27] [info] flip-probe: flip #620 ok=true present=4ms inter_flip_ms=43 drawcalls-since-flip=151 drawcalls-total=48149 fail-total=0 null-skips-total=0
[13:13:28] [info] flip-probe: flip #630 ok=true present=4ms inter_flip_ms=42 drawcalls-since-flip=141 drawcalls-total=49584 fail-total=0 null-skips-total=0
[13:13:28] [info] flip-probe: flip #640 ok=true present=4ms inter_flip_ms=42 drawcalls-since-flip=133 drawcalls-total=50963 fail-total=0 null-skips-total=0
[13:13:29] [info] flip-probe: flip #650 ok=true present=4ms inter_flip_ms=39 drawcalls-since-flip=132 drawcalls-total=52299 fail-total=0 null-skips-total=0
[13:13:29] [info] backdrop cache: thrashing-detect engaged (streak=4, route=direct)
[13:13:29] [info] flip-probe: flip #660 ok=true present=4ms inter_flip_ms=43 drawcalls-since-flip=96 drawcalls-total=53292 fail-total=0 null-skips-total=0
[13:13:30] [info] flip-probe: flip #670 ok=true present=4ms inter_flip_ms=38 drawcalls-since-flip=105 drawcalls-total=54343 fail-total=0 null-skips-total=0
[13:13:30] [info] flip-probe: flip #680 ok=true present=4ms inter_flip_ms=38 drawcalls-since-flip=107 drawcalls-total=55413 fail-total=0 null-skips-total=0
[13:13:30] [info] flip-probe: flip #690 ok=true present=4ms inter_flip_ms=38 drawcalls-since-flip=109 drawcalls-total=56493 fail-total=0 null-skips-total=0
[13:13:31] [info] flip-probe: flip #700 ok=true present=4ms inter_flip_ms=41 drawcalls-since-flip=107 drawcalls-total=57551 fail-total=0 null-skips-total=0
[13:13:31] [info] alpha audit block 0: 11577 total drawcalls, 0 with alpha<255 (block pct_x10=0; global 0/53277 pct_x10=0); alpha-mod skipped: block=0 global=0
[13:13:31] [info] fastpath audit block 0: taken=11577 (idx8=11577) skipped=0 pct_x10=1000; global taken=53277 (idx8=53277) skipped=0 pct_x10=1000
[13:13:31] [info] primitive tally block 0: clear=200(hr=200) fill=0(hr=0) rect=0(hr=0) line=0(hr=0) tint=0 spotlight=0 (over 100 flips ending at flip 700)
[13:13:31] [info] color/alpha audit block 0: cmod_white=650 cmod_black=650 (idx=650) cmod_general=0 (idx=0) cmod_fb=0; alpha_taken=0 alpha_skipped=0 (global cmod=4662/3120/693/0 idx=3120/693 alpha=0/0)
[13:13:31] [info] phase timing block 0: drawcalls=13085 dc_total_ms=742 flip_inner_total_ms=537 inter_flip_total_ms=4291 (per-flip avg x10: dc_ms=74 fi_ms=53 if_ms=429 derived audio+engine_ms=302; per-drawcall avg us_x10=567) [direct-vesa: presents=100 total_ms=400 avg_ms_x10=40 failed=0] [ablation: NO_DC_TIMING=0 CACHE_WINSURF=0 DIRECT_VESA=1]
[13:13:31] [info] kbd/audio block 0: kbd_irq=0 kbd_drain=0 ring_chunks=16 pump_pass=1120 pic1_mask=0xb8 first_irq_ticks=0 install_ticks=0 vector_at_install=0x00839fa0 pic1_mask_live=0x38 kbd_8042_stat=0x34 bios_kbd_head=0x002a bios_kbd_tail=0x002a bios_kbd_buf0=0x2064
[13:13:31] [info] dirty-rect block @flip=700: total_calls=0 dirty_rects_avg=1 dirty_pct_x10=1000 forced_full=0 first_n_force=0 threshold_exceeded=0 dirty_path_taken=0 full_flush_taken=0
[13:13:31] [info] prev-frame-diff block @flip=700: diff_calls=0 diff_rects_avg=0 diff_dirty_pct_x10=0 bbox_pct_x10=0 bbox_thresh_exceeded=0
[13:13:31] [info] flip-probe: flip #710 ok=true present=4ms inter_flip_ms=40 drawcalls-since-flip=106 drawcalls-total=58555 fail-total=0 null-skips-total=0
[13:13:31] [info] backdrop cache: thrashing-detect engaged (streak=64, route=direct)
[13:13:32] [info] flip-probe: flip #720 ok=true present=4ms inter_flip_ms=40 drawcalls-since-flip=107 drawcalls-total=59630 fail-total=0 null-skips-total=0
[13:13:32] [info] flip-probe: flip #730 ok=true present=4ms inter_flip_ms=40 drawcalls-since-flip=116 drawcalls-total=60778 fail-total=0 null-skips-total=0
[13:13:32] [info] flip-probe: flip #740 ok=true present=4ms inter_flip_ms=39 drawcalls-since-flip=112 drawcalls-total=61918 fail-total=0 null-skips-total=0
[13:13:33] [info] flip-probe: flip #750 ok=true present=4ms inter_flip_ms=37 drawcalls-since-flip=110 drawcalls-total=63010 fail-total=0 null-skips-total=0
[13:13:33] [info] flip-probe: flip #760 ok=true present=4ms inter_flip_ms=42 drawcalls-since-flip=115 drawcalls-total=64127 fail-total=0 null-skips-total=0
[13:13:34] [info] flip-probe: flip #770 ok=true present=4ms inter_flip_ms=41 drawcalls-since-flip=116 drawcalls-total=65291 fail-total=0 null-skips-total=0
[13:13:34] [info] backdrop cache: thrashing-detect engaged (streak=124, route=direct)
[13:13:34] [info] flip-probe: flip #780 ok=true present=4ms inter_flip_ms=40 drawcalls-since-flip=110 drawcalls-total=66433 fail-total=0 null-skips-total=0
[13:13:35] [info] flip-probe: flip #790 ok=true present=4ms inter_flip_ms=40 drawcalls-since-flip=112 drawcalls-total=67555 fail-total=0 null-skips-total=0
[13:13:35] [info] flip-probe: flip #800 ok=true present=4ms inter_flip_ms=39 drawcalls-since-flip=113 drawcalls-total=68684 fail-total=0 null-skips-total=0
[13:13:35] [info] alpha audit block 0: 11033 total drawcalls, 0 with alpha<255 (block pct_x10=0; global 0/64310 pct_x10=0); alpha-mod skipped: block=0 global=0
[13:13:35] [info] fastpath audit block 0: taken=11033 (idx8=11033) skipped=0 pct_x10=1000; global taken=64310 (idx8=64310) skipped=0 pct_x10=1000
[13:13:35] [info] primitive tally block 0: clear=200(hr=200) fill=0(hr=0) rect=0(hr=0) line=0(hr=0) tint=0 spotlight=0 (over 100 flips ending at flip 800)
[13:13:35] [info] phase timing block 0: drawcalls=11233 dc_total_ms=652 flip_inner_total_ms=755 inter_flip_total_ms=4205 (per-flip avg x10: dc_ms=65 fi_ms=75 if_ms=420 derived audio+engine_ms=280; per-drawcall avg us_x10=581) [direct-vesa: presents=100 total_ms=398 avg_ms_x10=39 failed=0] [ablation: NO_DC_TIMING=0 CACHE_WINSURF=0 DIRECT_VESA=1]
[13:13:35] [info] kbd/audio block 0: kbd_irq=0 kbd_drain=0 ring_chunks=16 pump_pass=1330 pic1_mask=0xb8 first_irq_ticks=0 install_ticks=0 vector_at_install=0x00839fa0 pic1_mask_live=0x38 kbd_8042_stat=0x34 bios_kbd_head=0x002a bios_kbd_tail=0x002a bios_kbd_buf0=0x2064
[13:13:35] [info] dirty-rect block @flip=800: total_calls=0 dirty_rects_avg=1 dirty_pct_x10=1000 forced_full=0 first_n_force=0 threshold_exceeded=0 dirty_path_taken=0 full_flush_taken=0
[13:13:35] [info] prev-frame-diff block @flip=800: diff_calls=0 diff_rects_avg=0 diff_dirty_pct_x10=0 bbox_pct_x10=0 bbox_thresh_exceeded=0
[13:13:35] [info] tas: stall frame 297 ms -> contributing 1 tick (patch 0286)
[13:13:36] [info] flip-probe: flip #810 ok=true present=4ms inter_flip_ms=38 drawcalls-since-flip=111 drawcalls-total=69788 fail-total=0 null-skips-total=0
[13:13:36] [info] flip-probe: flip #820 ok=true present=4ms inter_flip_ms=40 drawcalls-since-flip=107 drawcalls-total=70876 fail-total=0 null-skips-total=0
[13:13:36] [info] flip-probe: flip #830 ok=true present=4ms inter_flip_ms=40 drawcalls-since-flip=122 drawcalls-total=72084 fail-total=0 null-skips-total=0
[13:13:37] [info] backdrop cache: thrashing-detect engaged (streak=184, route=direct)
[13:13:37] [info] flip-probe: flip #840 ok=true present=4ms inter_flip_ms=39 drawcalls-since-flip=118 drawcalls-total=73283 fail-total=0 null-skips-total=0
[13:13:37] [info] flip-probe: flip #850 ok=true present=4ms inter_flip_ms=39 drawcalls-since-flip=119 drawcalls-total=74442 fail-total=0 null-skips-total=0
[13:13:38] [info] flip-probe: flip #860 ok=true present=5ms inter_flip_ms=38 drawcalls-since-flip=116 drawcalls-total=75610 fail-total=0 null-skips-total=0
[13:13:38] [info] flip-probe: flip #870 ok=true present=4ms inter_flip_ms=39 drawcalls-since-flip=114 drawcalls-total=76784 fail-total=0 null-skips-total=0
[13:13:38] [info] flip-probe: flip #880 ok=true present=4ms inter_flip_ms=43 drawcalls-since-flip=191 drawcalls-total=78007 fail-total=0 null-skips-total=0
[13:13:39] [info] flip-probe: flip #890 ok=true present=4ms inter_flip_ms=54 drawcalls-since-flip=401 drawcalls-total=81417 fail-total=0 null-skips-total=0
[13:13:39] [info]  >> Entering stage 11: 'Mimiga Village'.
[13:13:39] [info] [skip-sheet-flush] cave=5
[13:13:39] [info] [load-stage] preloading entry music song=9 (cave=5)
[13:13:39] [info] opl3 backend: on_song_stop
[13:13:40] [info] MidiScheduler::load: parsed 'data/orgmid2/mura.mid' = 7123 events at 48 PPQ
[13:13:40] [info] opl3 backend: on_song_start
[13:13:40] [info] gameloop: entered (curmap=11, running=1)
[13:13:40] [info] gameloop: iter 1 ticks=55057 mapno=-1
[13:13:40] [info] mds-clear-lut: rebuilt N=240 entries (k_skip=0% k_keep=100%; curmap=11 map_size=60x60; rebuild #3 since boot)
[13:13:40] [info] gameloop: iter 2 ticks=55130 mapno=-1
[13:13:40] [info] gameloop: iter 3 ticks=55193 mapno=-1
[13:13:40] [info] backdrop cache: thrashing-detect engaged (streak=4, route=direct)
[13:13:40] [info] flip-probe: flip #900 ok=true present=5ms inter_flip_ms=55 drawcalls-since-flip=270 drawcalls-total=84330 fail-total=0 null-skips-total=0
[13:13:40] [info] alpha audit block 0: 15455 total drawcalls, 0 with alpha<255 (block pct_x10=0; global 0/79765 pct_x10=0); alpha-mod skipped: block=0 global=0
[13:13:40] [info] fastpath audit block 0: taken=15455 (idx8=15455) skipped=0 pct_x10=1000; global taken=79765 (idx8=79765) skipped=0 pct_x10=1000
[13:13:40] [info] primitive tally block 0: clear=202(hr=202) fill=0(hr=0) rect=0(hr=0) line=0(hr=0) tint=0 spotlight=0 (over 100 flips ending at flip 900)
[13:13:40] [info] color/alpha audit block 0: cmod_white=91 cmod_black=91 (idx=91) cmod_general=0 (idx=0) cmod_fb=0; alpha_taken=0 alpha_skipped=0 (global cmod=4753/3211/693/0 idx=3211/693 alpha=0/0)
[13:13:40] [info] phase timing block 0: drawcalls=15845 dc_total_ms=917 flip_inner_total_ms=539 inter_flip_total_ms=5115 (per-flip avg x10: dc_ms=91 fi_ms=53 if_ms=511 derived audio+engine_ms=367; per-drawcall avg us_x10=579) [direct-vesa: presents=100 total_ms=399 avg_ms_x10=39 failed=0] [ablation: NO_DC_TIMING=0 CACHE_WINSURF=0 DIRECT_VESA=1]
[13:13:40] [info] kbd/audio block 0: kbd_irq=0 kbd_drain=0 ring_chunks=16 pump_pass=1543 pic1_mask=0xb8 first_irq_ticks=0 install_ticks=0 vector_at_install=0x00839fa0 pic1_mask_live=0x38 kbd_8042_stat=0x34 bios_kbd_head=0x002a bios_kbd_tail=0x002a bios_kbd_buf0=0x2064
[13:13:40] [info] dirty-rect block @flip=900: total_calls=0 dirty_rects_avg=1 dirty_pct_x10=1000 forced_full=0 first_n_force=0 threshold_exceeded=0 dirty_path_taken=0 full_flush_taken=0
[13:13:40] [info] prev-frame-diff block @flip=900: diff_calls=0 diff_rects_avg=0 diff_dirty_pct_x10=0 bbox_pct_x10=0 bbox_thresh_exceeded=0
[13:13:40] [info] flip-probe: flip #910 ok=true present=4ms inter_flip_ms=34 drawcalls-since-flip=41 drawcalls-total=85154 fail-total=0 null-skips-total=0
[13:13:41] [info] flip-probe: flip #920 ok=true present=4ms inter_flip_ms=33 drawcalls-since-flip=41 drawcalls-total=85564 fail-total=0 null-skips-total=0
[13:13:41] [info] flip-probe: flip #930 ok=true present=4ms inter_flip_ms=33 drawcalls-since-flip=41 drawcalls-total=85974 fail-total=0 null-skips-total=0
[13:13:41] [info] flip-probe: flip #940 ok=true present=4ms inter_flip_ms=33 drawcalls-since-flip=41 drawcalls-total=86384 fail-total=0 null-skips-total=0
[13:13:42] [info] flip-probe: flip #950 ok=true present=4ms inter_flip_ms=33 drawcalls-since-flip=41 drawcalls-total=86794 fail-total=0 null-skips-total=0
[13:13:42] [info] backdrop cache: thrashing-detect engaged (streak=64, route=direct)
[13:13:42] [info] flip-probe: flip #960 ok=true present=4ms inter_flip_ms=39 drawcalls-since-flip=41 drawcalls-total=87208 fail-total=0 null-skips-total=0
[13:13:43] [info] flip-probe: flip #970 ok=true present=4ms inter_flip_ms=31 drawcalls-since-flip=41 drawcalls-total=87626 fail-total=0 null-skips-total=0
[13:13:43] [info] flip-probe: flip #980 ok=true present=4ms inter_flip_ms=33 drawcalls-since-flip=41 drawcalls-total=88039 fail-total=0 null-skips-total=0
[13:13:43] [info] flip-probe: flip #990 ok=true present=4ms inter_flip_ms=32 drawcalls-since-flip=42 drawcalls-total=88456 fail-total=0 null-skips-total=0
[13:13:44] [info] flip-probe: flip #1000 ok=true present=4ms inter_flip_ms=36 drawcalls-since-flip=42 drawcalls-total=88876 fail-total=0 null-skips-total=0
[13:13:44] [info] alpha audit block 0: 3146 total drawcalls, 0 with alpha<255 (block pct_x10=0; global 0/82911 pct_x10=0); alpha-mod skipped: block=0 global=0
[13:13:44] [info] fastpath audit block 0: taken=3146 (idx8=3146) skipped=0 pct_x10=1000; global taken=82911 (idx8=82911) skipped=0 pct_x10=1000
[13:13:44] [info] primitive tally block 0: clear=200(hr=200) fill=0(hr=0) rect=0(hr=0) line=0(hr=0) tint=0 spotlight=0 (over 100 flips ending at flip 1000)
[13:13:44] [info] color/alpha audit block 0: cmod_white=1300 cmod_black=1300 (idx=1300) cmod_general=0 (idx=0) cmod_fb=0; alpha_taken=0 alpha_skipped=0 (global cmod=6053/4511/693/0 idx=4511/693 alpha=0/0)
[13:13:44] [info] phase timing block 0: drawcalls=5946 dc_total_ms=620 flip_inner_total_ms=553 inter_flip_total_ms=3479 (per-flip avg x10: dc_ms=62 fi_ms=55 if_ms=347 derived audio+engine_ms=230; per-drawcall avg us_x10=1043) [direct-vesa: presents=100 total_ms=404 avg_ms_x10=40 failed=0] [ablation: NO_DC_TIMING=0 CACHE_WINSURF=0 DIRECT_VESA=1]
[13:13:44] [info] kbd/audio block 0: kbd_irq=0 kbd_drain=0 ring_chunks=16 pump_pass=1718 pic1_mask=0xb8 first_irq_ticks=0 install_ticks=0 vector_at_install=0x00839fa0 pic1_mask_live=0x38 kbd_8042_stat=0x34 bios_kbd_head=0x002a bios_kbd_tail=0x002a bios_kbd_buf0=0x2064
[13:13:44] [info] dirty-rect block @flip=1000: total_calls=0 dirty_rects_avg=1 dirty_pct_x10=1000 forced_full=0 first_n_force=0 threshold_exceeded=0 dirty_path_taken=0 full_flush_taken=0
[13:13:44] [info] prev-frame-diff block @flip=1000: diff_calls=0 diff_rects_avg=0 diff_dirty_pct_x10=0 bbox_pct_x10=0 bbox_thresh_exceeded=0
[13:13:44] [info] flip-probe: flip #1010 ok=true present=4ms inter_flip_ms=30 drawcalls-since-flip=42 drawcalls-total=89303 fail-total=0 null-skips-total=0
[13:13:44] [info] backdrop cache: thrashing-detect engaged (streak=124, route=direct)
[13:13:44] [info] flip-probe: flip #1020 ok=true present=4ms inter_flip_ms=34 drawcalls-since-flip=16 drawcalls-total=89541 fail-total=0 null-skips-total=0
[13:13:45] [info] flip-probe: flip #1030 ok=true present=4ms inter_flip_ms=26 drawcalls-since-flip=16 drawcalls-total=89701 fail-total=0 null-skips-total=0
[13:13:45] [info] flip-probe: flip #1040 ok=true present=4ms inter_flip_ms=27 drawcalls-since-flip=17 drawcalls-total=89865 fail-total=0 null-skips-total=0
[13:13:45] [info] flip-probe: flip #1050 ok=true present=5ms inter_flip_ms=31 drawcalls-since-flip=18 drawcalls-total=90036 fail-total=0 null-skips-total=0
[13:13:45] [info] run_tick_fixed #1800: heartbeat (loop alive)
[13:13:45] [info] flip-probe: flip #1060 ok=true present=4ms inter_flip_ms=32 drawcalls-since-flip=18 drawcalls-total=90216 fail-total=0 null-skips-total=0
[13:13:46] [info] flip-probe: flip #1070 ok=true present=4ms inter_flip_ms=31 drawcalls-since-flip=18 drawcalls-total=90396 fail-total=0 null-skips-total=0
[13:13:46] [info] backdrop cache: thrashing-detect engaged (streak=184, route=direct)
[13:13:46] [info] flip-probe: flip #1080 ok=true present=4ms inter_flip_ms=32 drawcalls-since-flip=18 drawcalls-total=90576 fail-total=0 null-skips-total=0
[13:13:46] [info] flip-probe: flip #1090 ok=true present=4ms inter_flip_ms=31 drawcalls-since-flip=17 drawcalls-total=90749 fail-total=0 null-skips-total=0
[13:13:47] [info] flip-probe: flip #1100 ok=true present=4ms inter_flip_ms=31 drawcalls-since-flip=16 drawcalls-total=90915 fail-total=0 null-skips-total=0
[13:13:47] [info] alpha audit block 0: 1770 total drawcalls, 0 with alpha<255 (block pct_x10=0; global 0/84681 pct_x10=0); alpha-mod skipped: block=0 global=0
[13:13:47] [info] fastpath audit block 0: taken=1770 (idx8=1770) skipped=0 pct_x10=1000; global taken=84681 (idx8=84681) skipped=0 pct_x10=1000
[13:13:47] [info] primitive tally block 0: clear=200(hr=200) fill=0(hr=0) rect=0(hr=0) line=0(hr=0) tint=0 spotlight=0 (over 100 flips ending at flip 1100)
[13:13:47] [info] color/alpha audit block 0: cmod_white=169 cmod_black=169 (idx=169) cmod_general=0 (idx=0) cmod_fb=0; alpha_taken=0 alpha_skipped=0 (global cmod=6222/4680/693/0 idx=4680/693 alpha=0/0)
[13:13:47] [info] phase timing block 0: drawcalls=2308 dc_total_ms=500 flip_inner_total_ms=748 inter_flip_total_ms=3137 (per-flip avg x10: dc_ms=50 fi_ms=74 if_ms=313 derived audio+engine_ms=189; per-drawcall avg us_x10=2168) [direct-vesa: presents=100 total_ms=396 avg_ms_x10=39 failed=0] [ablation: NO_DC_TIMING=0 CACHE_WINSURF=0 DIRECT_VESA=1]
[13:13:47] [info] kbd/audio block 0: kbd_irq=0 kbd_drain=0 ring_chunks=16 pump_pass=1875 pic1_mask=0xb8 first_irq_ticks=0 install_ticks=0 vector_at_install=0x00839fa0 pic1_mask_live=0x38 kbd_8042_stat=0x34 bios_kbd_head=0x002a bios_kbd_tail=0x002a bios_kbd_buf0=0x2064
[13:13:47] [info] dirty-rect block @flip=1100: total_calls=0 dirty_rects_avg=1 dirty_pct_x10=1000 forced_full=0 first_n_force=0 threshold_exceeded=0 dirty_path_taken=0 full_flush_taken=0
[13:13:47] [info] prev-frame-diff block @flip=1100: diff_calls=0 diff_rects_avg=0 diff_dirty_pct_x10=0 bbox_pct_x10=0 bbox_thresh_exceeded=0
[13:13:47] [info] tas: stall frame 296 ms -> contributing 1 tick (patch 0286)
[13:13:47] [info] flip-probe: flip #1110 ok=true present=5ms inter_flip_ms=27 drawcalls-since-flip=17 drawcalls-total=91083 fail-total=0 null-skips-total=0
[13:13:48] [info] flip-probe: flip #1120 ok=true present=4ms inter_flip_ms=30 drawcalls-since-flip=16 drawcalls-total=91246 fail-total=0 null-skips-total=0
[13:13:48] [info] flip-probe: flip #1130 ok=true present=4ms inter_flip_ms=30 drawcalls-since-flip=16 drawcalls-total=91406 fail-total=0 null-skips-total=0
[13:13:48] [info] backdrop cache: thrashing-detect engaged (streak=244, route=direct)
[13:13:48] [info] flip-probe: flip #1140 ok=true present=4ms inter_flip_ms=32 drawcalls-since-flip=16 drawcalls-total=91566 fail-total=0 null-skips-total=0
[13:13:48] [info] flip-probe: flip #1150 ok=true present=4ms inter_flip_ms=27 drawcalls-since-flip=16 drawcalls-total=91726 fail-total=0 null-skips-total=0
[13:13:49] [info] flip-probe: flip #1160 ok=true present=4ms inter_flip_ms=28 drawcalls-since-flip=16 drawcalls-total=91886 fail-total=0 null-skips-total=0
[13:13:49] [info] flip-probe: flip #1170 ok=true present=5ms inter_flip_ms=32 drawcalls-since-flip=25 drawcalls-total=92121 fail-total=0 null-skips-total=0
[13:13:49] [info] flip-probe: flip #1180 ok=true present=4ms inter_flip_ms=29 drawcalls-since-flip=19 drawcalls-total=92347 fail-total=0 null-skips-total=0
[13:13:50] [info] flip-probe: flip #1190 ok=true present=4ms inter_flip_ms=30 drawcalls-since-flip=20 drawcalls-total=92538 fail-total=0 null-skips-total=0
[13:13:50] [info] backdrop cache: thrashing-detect engaged (streak=304, route=direct)
[13:13:50] [info] flip-probe: flip #1200 ok=true present=4ms inter_flip_ms=35 drawcalls-since-flip=17 drawcalls-total=92729 fail-total=0 null-skips-total=0
[13:13:50] [info] alpha audit block 0: 1714 total drawcalls, 0 with alpha<255 (block pct_x10=0; global 0/86395 pct_x10=0); alpha-mod skipped: block=0 global=0
[13:13:50] [info] fastpath audit block 0: taken=1714 (idx8=1714) skipped=0 pct_x10=1000; global taken=86395 (idx8=86395) skipped=0 pct_x10=1000
[13:13:50] [info] primitive tally block 0: clear=200(hr=200) fill=0(hr=0) rect=0(hr=0) line=0(hr=0) tint=0 spotlight=0 (over 100 flips ending at flip 1200)
[13:13:50] [info] phase timing block 0: drawcalls=1914 dc_total_ms=486 flip_inner_total_ms=537 inter_flip_total_ms=3300 (per-flip avg x10: dc_ms=48 fi_ms=53 if_ms=330 derived audio+engine_ms=229; per-drawcall avg us_x10=2540) [direct-vesa: presents=100 total_ms=401 avg_ms_x10=40 failed=0] [ablation: NO_DC_TIMING=0 CACHE_WINSURF=0 DIRECT_VESA=1]
[13:13:50] [info] kbd/audio block 0: kbd_irq=0 kbd_drain=0 ring_chunks=16 pump_pass=2026 pic1_mask=0xb8 first_irq_ticks=0 install_ticks=0 vector_at_install=0x00839fa0 pic1_mask_live=0x38 kbd_8042_stat=0x34 bios_kbd_head=0x002a bios_kbd_tail=0x002a bios_kbd_buf0=0x2064
[13:13:50] [info] dirty-rect block @flip=1200: total_calls=0 dirty_rects_avg=1 dirty_pct_x10=1000 forced_full=0 first_n_force=0 threshold_exceeded=0 dirty_path_taken=0 full_flush_taken=0
[13:13:50] [info] prev-frame-diff block @flip=1200: diff_calls=0 diff_rects_avg=0 diff_dirty_pct_x10=0 bbox_pct_x10=0 bbox_thresh_exceeded=0
[13:13:50] [info] flip-probe: flip #1210 ok=true present=4ms inter_flip_ms=38 drawcalls-since-flip=170 drawcalls-total=93373 fail-total=0 null-skips-total=0
[13:13:51] [info] flip-probe: flip #1220 ok=true present=4ms inter_flip_ms=50 drawcalls-since-flip=305 drawcalls-total=96213 fail-total=0 null-skips-total=0
[13:13:51] [info]  >> Entering stage 15: 'Reservoir'.
[13:13:51] [info] [skip-sheet-flush] cave=6
[13:13:51] [info] [load-stage] preloading entry music song=9 (cave=6)
[13:13:51] [info] gameloop: entered (curmap=15, running=1)
[13:13:51] [info] gameloop: iter 1 ticks=66666 mapno=-1
[13:13:51] [info] mds-clear-lut: rebuilt N=240 entries (k_skip=13% k_keep=87%; curmap=15 map_size=40x20; rebuild #4 since boot)
[13:13:51] [info] gameloop: iter 2 ticks=66737 mapno=-1
[13:13:51] [info] gameloop: iter 3 ticks=66796 mapno=-1
[13:13:52] [info] flip-probe: flip #1230 ok=true present=4ms inter_flip_ms=43 drawcalls-since-flip=216 drawcalls-total=99002 fail-total=0 null-skips-total=0
[13:13:52] [info] flip-probe: flip #1240 ok=true present=4ms inter_flip_ms=29 drawcalls-since-flip=32 drawcalls-total=99815 fail-total=0 null-skips-total=0
[13:13:52] [info] flip-probe: flip #1250 ok=true present=4ms inter_flip_ms=31 drawcalls-since-flip=32 drawcalls-total=100135 fail-total=0 null-skips-total=0
[13:13:53] [info] flip-probe: flip #1260 ok=true present=5ms inter_flip_ms=29 drawcalls-since-flip=32 drawcalls-total=100455 fail-total=0 null-skips-total=0
[13:13:53] [info] flip-probe: flip #1270 ok=true present=4ms inter_flip_ms=39 drawcalls-since-flip=32 drawcalls-total=100775 fail-total=0 null-skips-total=0
[13:13:53] [info] backdrop cache: thrashing-detect engaged (streak=4, route=direct)
[13:13:53] [info] flip-probe: flip #1280 ok=true present=4ms inter_flip_ms=32 drawcalls-since-flip=34 drawcalls-total=101107 fail-total=0 null-skips-total=0
[13:13:54] [info] flip-probe: flip #1290 ok=true present=4ms inter_flip_ms=31 drawcalls-since-flip=35 drawcalls-total=101456 fail-total=0 null-skips-total=0
[13:13:54] [info] flip-probe: flip #1300 ok=true present=4ms inter_flip_ms=32 drawcalls-since-flip=32 drawcalls-total=101787 fail-total=0 null-skips-total=0
[13:13:54] [info] alpha audit block 0: 8247 total drawcalls, 0 with alpha<255 (block pct_x10=0; global 0/94642 pct_x10=0); alpha-mod skipped: block=0 global=0
[13:13:54] [info] fastpath audit block 0: taken=8247 (idx8=8247) skipped=0 pct_x10=1000; global taken=94642 (idx8=94642) skipped=0 pct_x10=1000
[13:13:54] [info] primitive tally block 0: clear=201(hr=201) fill=0(hr=0) rect=0(hr=0) line=0(hr=0) tint=0 spotlight=0 (over 100 flips ending at flip 1300)
[13:13:54] [info] color/alpha audit block 0: cmod_white=711 cmod_black=711 (idx=711) cmod_general=0 (idx=0) cmod_fb=0; alpha_taken=0 alpha_skipped=0 (global cmod=6933/5391/693/0 idx=5391/693 alpha=0/0)
[13:13:54] [info] phase timing block 0: drawcalls=9921 dc_total_ms=1062 flip_inner_total_ms=543 inter_flip_total_ms=4027 (per-flip avg x10: dc_ms=106 fi_ms=54 if_ms=402 derived audio+engine_ms=242; per-drawcall avg us_x10=1070) [direct-vesa: presents=100 total_ms=399 avg_ms_x10=39 failed=0] [ablation: NO_DC_TIMING=0 CACHE_WINSURF=0 DIRECT_VESA=1]
[13:13:54] [info] kbd/audio block 0: kbd_irq=0 kbd_drain=0 ring_chunks=16 pump_pass=2208 pic1_mask=0xb8 first_irq_ticks=0 install_ticks=0 vector_at_install=0x00839fa0 pic1_mask_live=0x38 kbd_8042_stat=0x34 bios_kbd_head=0x002a bios_kbd_tail=0x002a bios_kbd_buf0=0x2064
[13:13:54] [info] dirty-rect block @flip=1300: total_calls=0 dirty_rects_avg=1 dirty_pct_x10=1000 forced_full=0 first_n_force=0 threshold_exceeded=0 dirty_path_taken=0 full_flush_taken=0
[13:13:54] [info] prev-frame-diff block @flip=1300: diff_calls=0 diff_rects_avg=0 diff_dirty_pct_x10=0 bbox_pct_x10=0 bbox_thresh_exceeded=0
[13:13:54] [info] flip-probe: flip #1310 ok=true present=4ms inter_flip_ms=30 drawcalls-since-flip=32 drawcalls-total=102107 fail-total=0 null-skips-total=0
[13:13:55] [info] flip-probe: flip #1320 ok=true present=4ms inter_flip_ms=31 drawcalls-since-flip=32 drawcalls-total=102427 fail-total=0 null-skips-total=0
[13:13:55] [info] flip-probe: flip #1330 ok=true present=4ms inter_flip_ms=32 drawcalls-since-flip=32 drawcalls-total=102747 fail-total=0 null-skips-total=0
[13:13:55] [info] backdrop cache: thrashing-detect engaged (streak=64, route=direct)
[13:13:55] [info] flip-probe: flip #1340 ok=true present=5ms inter_flip_ms=30 drawcalls-since-flip=34 drawcalls-total=103080 fail-total=0 null-skips-total=0
[13:13:56] [info] flip-probe: flip #1350 ok=true present=4ms inter_flip_ms=30 drawcalls-since-flip=16 drawcalls-total=103258 fail-total=0 null-skips-total=0
[13:13:56] [info] flip-probe: flip #1360 ok=true present=4ms inter_flip_ms=31 drawcalls-since-flip=17 drawcalls-total=103426 fail-total=0 null-skips-total=0
[13:13:56] [info] flip-probe: flip #1370 ok=true present=5ms inter_flip_ms=30 drawcalls-since-flip=17 drawcalls-total=103600 fail-total=0 null-skips-total=0
[13:13:57] [info] flip-probe: flip #1380 ok=true present=4ms inter_flip_ms=30 drawcalls-since-flip=18 drawcalls-total=103778 fail-total=0 null-skips-total=0
[13:13:57] [info] flip-probe: flip #1390 ok=true present=4ms inter_flip_ms=27 drawcalls-since-flip=18 drawcalls-total=103958 fail-total=0 null-skips-total=0
[13:13:57] [info] backdrop cache: thrashing-detect engaged (streak=124, route=direct)
[13:13:57] [info] flip-probe: flip #1400 ok=true present=4ms inter_flip_ms=29 drawcalls-since-flip=18 drawcalls-total=104138 fail-total=0 null-skips-total=0
[13:13:57] [info] alpha audit block 0: 1882 total drawcalls, 0 with alpha<255 (block pct_x10=0; global 0/96524 pct_x10=0); alpha-mod skipped: block=0 global=0
[13:13:57] [info] fastpath audit block 0: taken=1882 (idx8=1882) skipped=0 pct_x10=1000; global taken=96524 (idx8=96524) skipped=0 pct_x10=1000
[13:13:57] [info] primitive tally block 0: clear=200(hr=200) fill=0(hr=0) rect=0(hr=0) line=0(hr=0) tint=0 spotlight=0 (over 100 flips ending at flip 1400)
[13:13:57] [info] color/alpha audit block 0: cmod_white=369 cmod_black=369 (idx=369) cmod_general=0 (idx=0) cmod_fb=0; alpha_taken=0 alpha_skipped=0 (global cmod=7302/5760/693/0 idx=5760/693 alpha=0/0)
[13:13:57] [info] phase timing block 0: drawcalls=2820 dc_total_ms=490 flip_inner_total_ms=535 inter_flip_total_ms=3151 (per-flip avg x10: dc_ms=49 fi_ms=53 if_ms=315 derived audio+engine_ms=213; per-drawcall avg us_x10=1740) [direct-vesa: presents=100 total_ms=396 avg_ms_x10=39 failed=0] [ablation: NO_DC_TIMING=0 CACHE_WINSURF=0 DIRECT_VESA=1]
[13:13:57] [info] kbd/audio block 0: kbd_irq=0 kbd_drain=0 ring_chunks=16 pump_pass=2366 pic1_mask=0xb8 first_irq_ticks=0 install_ticks=0 vector_at_install=0x00839fa0 pic1_mask_live=0x38 kbd_8042_stat=0x34 bios_kbd_head=0x002a bios_kbd_tail=0x002a bios_kbd_buf0=0x2064
[13:13:57] [info] dirty-rect block @flip=1400: total_calls=0 dirty_rects_avg=1 dirty_pct_x10=1000 forced_full=0 first_n_force=0 threshold_exceeded=0 dirty_path_taken=0 full_flush_taken=0
[13:13:57] [info] prev-frame-diff block @flip=1400: diff_calls=0 diff_rects_avg=0 diff_dirty_pct_x10=0 bbox_pct_x10=0 bbox_thresh_exceeded=0
[13:13:57] [info] flip-probe: flip #1410 ok=true present=4ms inter_flip_ms=30 drawcalls-since-flip=17 drawcalls-total=104315 fail-total=0 null-skips-total=0
[13:13:58] [info] flip-probe: flip #1420 ok=true present=4ms inter_flip_ms=29 drawcalls-since-flip=17 drawcalls-total=104485 fail-total=0 null-skips-total=0
[13:13:58] [info] run_tick_fixed #2400: heartbeat (loop alive)
[13:13:58] [info] flip-probe: flip #1430 ok=true present=4ms inter_flip_ms=27 drawcalls-since-flip=16 drawcalls-total=104649 fail-total=0 null-skips-total=0
[13:13:58] [info] flip-probe: flip #1440 ok=true present=4ms inter_flip_ms=28 drawcalls-since-flip=15 drawcalls-total=104802 fail-total=0 null-skips-total=0
[13:13:59] [info] flip-probe: flip #1450 ok=true present=4ms inter_flip_ms=28 drawcalls-since-flip=16 drawcalls-total=104954 fail-total=0 null-skips-total=0
[13:13:59] [info] backdrop cache: thrashing-detect engaged (streak=184, route=direct)
[13:13:59] [info] tas: stall frame 250 ms -> contributing 1 tick (patch 0286)
[13:13:59] [info] flip-probe: flip #1460 ok=true present=4ms inter_flip_ms=28 drawcalls-since-flip=16 drawcalls-total=105118 fail-total=0 null-skips-total=0
[13:14:00] [info] flip-probe: flip #1470 ok=true present=4ms inter_flip_ms=28 drawcalls-since-flip=17 drawcalls-total=105288 fail-total=0 null-skips-total=0
[13:14:00] [info] flip-probe: flip #1480 ok=true present=4ms inter_flip_ms=30 drawcalls-since-flip=17 drawcalls-total=105458 fail-total=0 null-skips-total=0
[13:14:00] [info] flip-probe: flip #1490 ok=true present=5ms inter_flip_ms=35 drawcalls-since-flip=15 drawcalls-total=105615 fail-total=0 null-skips-total=0
[13:14:00] [info] backdrop cache: thrashing-detect engaged (streak=4, route=direct)
[13:14:00] [info] flip-probe: flip #1500 ok=true present=4ms inter_flip_ms=31 drawcalls-since-flip=14 drawcalls-total=105756 fail-total=0 null-skips-total=0
[13:14:00] [info] alpha audit block 0: 1518 total drawcalls, 0 with alpha<255 (block pct_x10=0; global 0/98042 pct_x10=0); alpha-mod skipped: block=0 global=0
[13:14:00] [info] fastpath audit block 0: taken=1518 (idx8=1518) skipped=0 pct_x10=1000; global taken=98042 (idx8=98042) skipped=0 pct_x10=1000
[13:14:00] [info] primitive tally block 0: clear=200(hr=200) fill=0(hr=0) rect=0(hr=0) line=0(hr=0) tint=0 spotlight=0 (over 100 flips ending at flip 1500)
[13:14:00] [info] phase timing block 0: drawcalls=1747 dc_total_ms=584 flip_inner_total_ms=541 inter_flip_total_ms=3358 (per-flip avg x10: dc_ms=58 fi_ms=54 if_ms=335 derived audio+engine_ms=223; per-drawcall avg us_x10=3343) [direct-vesa: presents=100 total_ms=397 avg_ms_x10=39 failed=0] [ablation: NO_DC_TIMING=0 CACHE_WINSURF=0 DIRECT_VESA=1]
[13:14:00] [info] kbd/audio block 0: kbd_irq=0 kbd_drain=0 ring_chunks=16 pump_pass=2522 pic1_mask=0xb8 first_irq_ticks=0 install_ticks=0 vector_at_install=0x00839fa0 pic1_mask_live=0x38 kbd_8042_stat=0x34 bios_kbd_head=0x002a bios_kbd_tail=0x002a bios_kbd_buf0=0x2064
[13:14:01] [info] dirty-rect block @flip=1500: total_calls=0 dirty_rects_avg=1 dirty_pct_x10=1000 forced_full=0 first_n_force=0 threshold_exceeded=0 dirty_path_taken=0 full_flush_taken=0
[13:14:01] [info] prev-frame-diff block @flip=1500: diff_calls=0 diff_rects_avg=0 diff_dirty_pct_x10=0 bbox_pct_x10=0 bbox_thresh_exceeded=0
[13:14:01] [info] flip-probe: flip #1510 ok=true present=4ms inter_flip_ms=30 drawcalls-since-flip=15 drawcalls-total=105906 fail-total=0 null-skips-total=0
[13:14:01] [info] flip-probe: flip #1520 ok=true present=4ms inter_flip_ms=28 drawcalls-since-flip=14 drawcalls-total=106054 fail-total=0 null-skips-total=0
[13:14:01] [info] flip-probe: flip #1530 ok=true present=4ms inter_flip_ms=28 drawcalls-since-flip=14 drawcalls-total=106194 fail-total=0 null-skips-total=0
[13:14:02] [info] flip-probe: flip #1540 ok=true present=4ms inter_flip_ms=33 drawcalls-since-flip=23 drawcalls-total=106388 fail-total=0 null-skips-total=0
[13:14:02] [info] flip-probe: flip #1550 ok=true present=4ms inter_flip_ms=29 drawcalls-since-flip=26 drawcalls-total=106642 fail-total=0 null-skips-total=0
[13:14:02] [info] backdrop cache: thrashing-detect engaged (streak=64, route=direct)
[13:14:02] [info] flip-probe: flip #1560 ok=true present=4ms inter_flip_ms=29 drawcalls-since-flip=24 drawcalls-total=106883 fail-total=0 null-skips-total=0
[13:14:03] [info] flip-probe: flip #1570 ok=true present=4ms inter_flip_ms=31 drawcalls-since-flip=19 drawcalls-total=107103 fail-total=0 null-skips-total=0
[13:14:03] [info] flip-probe: flip #1580 ok=true present=4ms inter_flip_ms=30 drawcalls-since-flip=15 drawcalls-total=107278 fail-total=0 null-skips-total=0
[13:14:03] [info] flip-probe: flip #1590 ok=true present=4ms inter_flip_ms=28 drawcalls-since-flip=14 drawcalls-total=107421 fail-total=0 null-skips-total=0
[13:14:04] [info] flip-probe: flip #1600 ok=true present=4ms inter_flip_ms=28 drawcalls-since-flip=14 drawcalls-total=107561 fail-total=0 null-skips-total=0
[13:14:04] [info] alpha audit block 0: 1705 total drawcalls, 0 with alpha<255 (block pct_x10=0; global 0/99747 pct_x10=0); alpha-mod skipped: block=0 global=0
[13:14:04] [info] fastpath audit block 0: taken=1705 (idx8=1705) skipped=0 pct_x10=1000; global taken=99747 (idx8=99747) skipped=0 pct_x10=1000
[13:14:04] [info] primitive tally block 0: clear=200(hr=200) fill=0(hr=0) rect=0(hr=0) line=0(hr=0) tint=0 spotlight=0 (over 100 flips ending at flip 1600)
[13:14:04] [info] phase timing block 0: drawcalls=1905 dc_total_ms=454 flip_inner_total_ms=534 inter_flip_total_ms=3142 (per-flip avg x10: dc_ms=45 fi_ms=53 if_ms=314 derived audio+engine_ms=216; per-drawcall avg us_x10=2384) [direct-vesa: presents=100 total_ms=397 avg_ms_x10=39 failed=0] [ablation: NO_DC_TIMING=0 CACHE_WINSURF=0 DIRECT_VESA=1]
[13:14:04] [info] kbd/audio block 0: kbd_irq=0 kbd_drain=0 ring_chunks=16 pump_pass=2679 pic1_mask=0xb8 first_irq_ticks=0 install_ticks=0 vector_at_install=0x00839fa0 pic1_mask_live=0x38 kbd_8042_stat=0x34 bios_kbd_head=0x002a bios_kbd_tail=0x002a bios_kbd_buf0=0x2064
[13:14:04] [info] dirty-rect block @flip=1600: total_calls=0 dirty_rects_avg=1 dirty_pct_x10=1000 forced_full=0 first_n_force=0 threshold_exceeded=0 dirty_path_taken=0 full_flush_taken=0
[13:14:04] [info] prev-frame-diff block @flip=1600: diff_calls=0 diff_rects_avg=0 diff_dirty_pct_x10=0 bbox_pct_x10=0 bbox_thresh_exceeded=0
[13:14:04] [info] flip-probe: flip #1610 ok=true present=4ms inter_flip_ms=29 drawcalls-since-flip=14 drawcalls-total=107701 fail-total=0 null-skips-total=0
[13:14:04] [info] run_tick_fixed #2700: heartbeat (loop alive)
[13:14:04] [info] backdrop cache: thrashing-detect engaged (streak=124, route=direct)
[13:14:04] [info] flip-probe: flip #1620 ok=true present=4ms inter_flip_ms=42 drawcalls-since-flip=243 drawcalls-total=108671 fail-total=0 null-skips-total=0
[13:14:05] [info] flip-probe: flip #1630 ok=true present=4ms inter_flip_ms=30 drawcalls-since-flip=3 drawcalls-total=111161 fail-total=0 null-skips-total=0
[13:14:05] [info]  >> Entering stage 11: 'Mimiga Village'.
[13:14:05] [info] [skip-sheet-flush] cave=7
[13:14:05] [info] [load-stage] preloading entry music song=9 (cave=7)
[13:14:05] [info] gameloop: entered (curmap=11, running=1)
[13:14:05] [info] gameloop: iter 1 ticks=80608 mapno=-1
[13:14:05] [info] mds-clear-lut: rebuilt N=240 entries (k_skip=0% k_keep=100%; curmap=11 map_size=60x60; rebuild #5 since boot)
[13:14:05] [info] gameloop: iter 2 ticks=80676 mapno=-1
[13:14:05] [info] gameloop: iter 3 ticks=80737 mapno=-1
[13:14:06] [info] flip-probe: flip #1640 ok=true present=4ms inter_flip_ms=41 drawcalls-since-flip=196 drawcalls-total=114126 fail-total=0 null-skips-total=0
[13:14:06] [info] flip-probe: flip #1650 ok=true present=4ms inter_flip_ms=33 drawcalls-since-flip=42 drawcalls-total=114855 fail-total=0 null-skips-total=0
[13:14:06] [info] flip-probe: flip #1660 ok=true present=4ms inter_flip_ms=32 drawcalls-since-flip=42 drawcalls-total=115275 fail-total=0 null-skips-total=0
[13:14:07] [info] flip-probe: flip #1670 ok=true present=4ms inter_flip_ms=30 drawcalls-since-flip=42 drawcalls-total=115695 fail-total=0 null-skips-total=0
[13:14:07] [info] flip-probe: flip #1680 ok=true present=4ms inter_flip_ms=30 drawcalls-since-flip=42 drawcalls-total=116115 fail-total=0 null-skips-total=0
[13:14:07] [info] flip-probe: flip #1690 ok=true present=5ms inter_flip_ms=32 drawcalls-since-flip=53 drawcalls-total=116644 fail-total=0 null-skips-total=0
[13:14:07] [info] backdrop cache: thrashing-detect engaged (streak=4, route=direct)
[13:14:08] [info] flip-probe: flip #1700 ok=true present=4ms inter_flip_ms=32 drawcalls-since-flip=50 drawcalls-total=117145 fail-total=0 null-skips-total=0
[13:14:08] [info] alpha audit block 0: 8574 total drawcalls, 0 with alpha<255 (block pct_x10=0; global 0/108321 pct_x10=0); alpha-mod skipped: block=0 global=0
[13:14:08] [info] fastpath audit block 0: taken=8574 (idx8=8574) skipped=0 pct_x10=1000; global taken=108321 (idx8=108321) skipped=0 pct_x10=1000
[13:14:08] [info] primitive tally block 0: clear=202(hr=202) fill=0(hr=0) rect=0(hr=0) line=0(hr=0) tint=0 spotlight=0 (over 100 flips ending at flip 1700)
[13:14:08] [info] color/alpha audit block 0: cmod_white=910 cmod_black=910 (idx=910) cmod_general=0 (idx=0) cmod_fb=0; alpha_taken=0 alpha_skipped=0 (global cmod=8212/6670/693/0 idx=6670/693 alpha=0/0)
[13:14:08] [info] phase timing block 0: drawcalls=10659 dc_total_ms=1158 flip_inner_total_ms=536 inter_flip_total_ms=4100 (per-flip avg x10: dc_ms=115 fi_ms=53 if_ms=410 derived audio+engine_ms=242; per-drawcall avg us_x10=1086) [direct-vesa: presents=100 total_ms=397 avg_ms_x10=39 failed=0] [ablation: NO_DC_TIMING=0 CACHE_WINSURF=0 DIRECT_VESA=1]
[13:14:08] [info] kbd/audio block 0: kbd_irq=0 kbd_drain=0 ring_chunks=16 pump_pass=2863 pic1_mask=0xb8 first_irq_ticks=0 install_ticks=0 vector_at_install=0x00839fa0 pic1_mask_live=0x38 kbd_8042_stat=0x34 bios_kbd_head=0x002a bios_kbd_tail=0x002a bios_kbd_buf0=0x2064
[13:14:08] [info] dirty-rect block @flip=1700: total_calls=0 dirty_rects_avg=1 dirty_pct_x10=1000 forced_full=0 first_n_force=0 threshold_exceeded=0 dirty_path_taken=0 full_flush_taken=0
[13:14:08] [info] prev-frame-diff block @flip=1700: diff_calls=0 diff_rects_avg=0 diff_dirty_pct_x10=0 bbox_pct_x10=0 bbox_thresh_exceeded=0
[13:14:08] [info] flip-probe: flip #1710 ok=true present=4ms inter_flip_ms=34 drawcalls-since-flip=44 drawcalls-total=117616 fail-total=0 null-skips-total=0
[13:14:08] [info] tas: stall frame 253 ms -> contributing 1 tick (patch 0286)
[13:14:09] [info] flip-probe: flip #1720 ok=true present=4ms inter_flip_ms=34 drawcalls-since-flip=48 drawcalls-total=118083 fail-total=0 null-skips-total=0
[13:14:09] [info] flip-probe: flip #1730 ok=true present=4ms inter_flip_ms=34 drawcalls-since-flip=45 drawcalls-total=118526 fail-total=0 null-skips-total=0
[13:14:09] [info] flip-probe: flip #1740 ok=true present=4ms inter_flip_ms=34 drawcalls-since-flip=44 drawcalls-total=118970 fail-total=0 null-skips-total=0
[13:14:10] [info] flip-probe: flip #1750 ok=true present=4ms inter_flip_ms=32 drawcalls-since-flip=48 drawcalls-total=119419 fail-total=0 null-skips-total=0
[13:14:10] [info] backdrop cache: thrashing-detect engaged (streak=64, route=direct)
[13:14:10] [info] flip-probe: flip #1760 ok=true present=4ms inter_flip_ms=30 drawcalls-since-flip=19 drawcalls-total=119621 fail-total=0 null-skips-total=0
[13:14:10] [info] flip-probe: flip #1770 ok=true present=4ms inter_flip_ms=30 drawcalls-since-flip=19 drawcalls-total=119811 fail-total=0 null-skips-total=0
[13:14:11] [info] flip-probe: flip #1780 ok=true present=4ms inter_flip_ms=31 drawcalls-since-flip=19 drawcalls-total=120001 fail-total=0 null-skips-total=0
[13:14:11] [info] run_tick_fixed #3000: heartbeat (loop alive)
[13:14:11] [info] flip-probe: flip #1790 ok=true present=4ms inter_flip_ms=32 drawcalls-since-flip=19 drawcalls-total=120191 fail-total=0 null-skips-total=0
[13:14:11] [info] flip-probe: flip #1800 ok=true present=4ms inter_flip_ms=31 drawcalls-since-flip=19 drawcalls-total=120381 fail-total=0 null-skips-total=0
[13:14:11] [info] alpha audit block 0: 2486 total drawcalls, 0 with alpha<255 (block pct_x10=0; global 0/110807 pct_x10=0); alpha-mod skipped: block=0 global=0
[13:14:11] [info] fastpath audit block 0: taken=2486 (idx8=2486) skipped=0 pct_x10=1000; global taken=110807 (idx8=110807) skipped=0 pct_x10=1000
[13:14:11] [info] primitive tally block 0: clear=200(hr=200) fill=0(hr=0) rect=0(hr=0) line=0(hr=0) tint=0 spotlight=0 (over 100 flips ending at flip 1800)
[13:14:11] [info] color/alpha audit block 0: cmod_white=650 cmod_black=650 (idx=650) cmod_general=0 (idx=0) cmod_fb=0; alpha_taken=0 alpha_skipped=0 (global cmod=8862/7320/693/0 idx=7320/693 alpha=0/0)
[13:14:11] [info] phase timing block 0: drawcalls=3986 dc_total_ms=559 flip_inner_total_ms=754 inter_flip_total_ms=3591 (per-flip avg x10: dc_ms=55 fi_ms=75 if_ms=359 derived audio+engine_ms=229; per-drawcall avg us_x10=1403) [direct-vesa: presents=100 total_ms=398 avg_ms_x10=39 failed=0] [ablation: NO_DC_TIMING=0 CACHE_WINSURF=0 DIRECT_VESA=1]
[13:14:11] [info] kbd/audio block 0: kbd_irq=0 kbd_drain=0 ring_chunks=16 pump_pass=3031 pic1_mask=0xb8 first_irq_ticks=0 install_ticks=0 vector_at_install=0x00839fa0 pic1_mask_live=0x38 kbd_8042_stat=0x34 bios_kbd_head=0x002a bios_kbd_tail=0x002a bios_kbd_buf0=0x2064
[13:14:11] [info] dirty-rect block @flip=1800: total_calls=0 dirty_rects_avg=1 dirty_pct_x10=1000 forced_full=0 first_n_force=0 threshold_exceeded=0 dirty_path_taken=0 full_flush_taken=0
[13:14:11] [info] prev-frame-diff block @flip=1800: diff_calls=0 diff_rects_avg=0 diff_dirty_pct_x10=0 bbox_pct_x10=0 bbox_thresh_exceeded=0
[13:14:12] [info] flip-probe: flip #1810 ok=true present=5ms inter_flip_ms=31 drawcalls-since-flip=19 drawcalls-total=120571 fail-total=0 null-skips-total=0
[13:14:12] [info] backdrop cache: thrashing-detect engaged (streak=124, route=direct)
[13:14:12] [info] flip-probe: flip #1820 ok=true present=4ms inter_flip_ms=32 drawcalls-since-flip=18 drawcalls-total=120756 fail-total=0 null-skips-total=0
[13:14:12] [info] flip-probe: flip #1830 ok=true present=4ms inter_flip_ms=30 drawcalls-since-flip=18 drawcalls-total=120936 fail-total=0 null-skips-total=0
[13:14:13] [info] flip-probe: flip #1840 ok=true present=4ms inter_flip_ms=30 drawcalls-since-flip=18 drawcalls-total=121116 fail-total=0 null-skips-total=0
[13:14:13] [info] flip-probe: flip #1850 ok=true present=4ms inter_flip_ms=31 drawcalls-since-flip=17 drawcalls-total=121288 fail-total=0 null-skips-total=0
[13:14:13] [info] flip-probe: flip #1860 ok=true present=4ms inter_flip_ms=29 drawcalls-since-flip=17 drawcalls-total=121458 fail-total=0 null-skips-total=0
[13:14:14] [info] flip-probe: flip #1870 ok=true present=4ms inter_flip_ms=32 drawcalls-since-flip=18 drawcalls-total=121636 fail-total=0 null-skips-total=0
[13:14:14] [info] backdrop cache: thrashing-detect engaged (streak=184, route=direct)
[13:14:14] [info] flip-probe: flip #1880 ok=true present=4ms inter_flip_ms=32 drawcalls-since-flip=19 drawcalls-total=121824 fail-total=0 null-skips-total=0
[13:14:14] [info] flip-probe: flip #1890 ok=true present=4ms inter_flip_ms=31 drawcalls-since-flip=19 drawcalls-total=122014 fail-total=0 null-skips-total=0
[13:14:15] [info] flip-probe: flip #1900 ok=true present=5ms inter_flip_ms=27 drawcalls-since-flip=19 drawcalls-total=122204 fail-total=0 null-skips-total=0
[13:14:15] [info] alpha audit block 0: 1723 total drawcalls, 0 with alpha<255 (block pct_x10=0; global 0/112530 pct_x10=0); alpha-mod skipped: block=0 global=0
[13:14:15] [info] fastpath audit block 0: taken=1723 (idx8=1723) skipped=0 pct_x10=1000; global taken=112530 (idx8=112530) skipped=0 pct_x10=1000
[13:14:15] [info] primitive tally block 0: clear=200(hr=200) fill=0(hr=0) rect=0(hr=0) line=0(hr=0) tint=0 spotlight=0 (over 100 flips ending at flip 1900)
[13:14:15] [info] phase timing block 0: drawcalls=1923 dc_total_ms=486 flip_inner_total_ms=525 inter_flip_total_ms=3213 (per-flip avg x10: dc_ms=48 fi_ms=52 if_ms=321 derived audio+engine_ms=221; per-drawcall avg us_x10=2529) [direct-vesa: presents=100 total_ms=398 avg_ms_x10=39 failed=0] [ablation: NO_DC_TIMING=0 CACHE_WINSURF=0 DIRECT_VESA=1]
[13:14:15] [info] kbd/audio block 0: kbd_irq=0 kbd_drain=0 ring_chunks=16 pump_pass=3192 pic1_mask=0xb8 first_irq_ticks=0 install_ticks=0 vector_at_install=0x00839fa0 pic1_mask_live=0x38 kbd_8042_stat=0x34 bios_kbd_head=0x002a bios_kbd_tail=0x002a bios_kbd_buf0=0x2064
[13:14:15] [info] dirty-rect block @flip=1900: total_calls=0 dirty_rects_avg=1 dirty_pct_x10=1000 forced_full=0 first_n_force=0 threshold_exceeded=0 dirty_path_taken=0 full_flush_taken=0
[13:14:15] [info] prev-frame-diff block @flip=1900: diff_calls=0 diff_rects_avg=0 diff_dirty_pct_x10=0 bbox_pct_x10=0 bbox_thresh_exceeded=0
[13:14:15] [info] flip-probe: flip #1910 ok=true present=5ms inter_flip_ms=31 drawcalls-since-flip=18 drawcalls-total=122389 fail-total=0 null-skips-total=0
[13:14:15] [info] flip-probe: flip #1920 ok=true present=4ms inter_flip_ms=33 drawcalls-since-flip=18 drawcalls-total=122569 fail-total=0 null-skips-total=0
[13:14:16] [info] flip-probe: flip #1930 ok=true present=4ms inter_flip_ms=30 drawcalls-since-flip=17 drawcalls-total=122739 fail-total=0 null-skips-total=0
[13:14:16] [info] backdrop cache: thrashing-detect engaged (streak=244, route=direct)
[13:14:16] [info] flip-probe: flip #1940 ok=true present=4ms inter_flip_ms=30 drawcalls-since-flip=18 drawcalls-total=122919 fail-total=0 null-skips-total=0
[13:14:16] [info] flip-probe: flip #1950 ok=true present=4ms inter_flip_ms=28 drawcalls-since-flip=18 drawcalls-total=123099 fail-total=0 null-skips-total=0
[13:14:16] [info] flip-probe: flip #1960 ok=true present=4ms inter_flip_ms=33 drawcalls-since-flip=19 drawcalls-total=123287 fail-total=0 null-skips-total=0
[13:14:17] [info] run_tick_fixed #3300: heartbeat (loop alive)
[13:14:17] [info] flip-probe: flip #1970 ok=true present=4ms inter_flip_ms=31 drawcalls-since-flip=19 drawcalls-total=123477 fail-total=0 null-skips-total=0
[13:14:17] [info] flip-probe: flip #1980 ok=true present=5ms inter_flip_ms=30 drawcalls-since-flip=19 drawcalls-total=123667 fail-total=0 null-skips-total=0
[13:14:17] [info] flip-probe: flip #1990 ok=true present=4ms inter_flip_ms=30 drawcalls-since-flip=20 drawcalls-total=123861 fail-total=0 null-skips-total=0
[13:14:18] [info] backdrop cache: thrashing-detect engaged (streak=304, route=direct)
[13:14:18] [info] flip-probe: flip #2000 ok=true present=4ms inter_flip_ms=35 drawcalls-since-flip=20 drawcalls-total=124061 fail-total=0 null-skips-total=0
[13:14:18] [info] alpha audit block 0: 1757 total drawcalls, 0 with alpha<255 (block pct_x10=0; global 0/114287 pct_x10=0); alpha-mod skipped: block=0 global=0
[13:14:18] [info] fastpath audit block 0: taken=1757 (idx8=1757) skipped=0 pct_x10=1000; global taken=114287 (idx8=114287) skipped=0 pct_x10=1000
[13:14:18] [info] primitive tally block 0: clear=200(hr=200) fill=0(hr=0) rect=0(hr=0) line=0(hr=0) tint=0 spotlight=0 (over 100 flips ending at flip 2000)
[13:14:18] [info] phase timing block 0: drawcalls=1957 dc_total_ms=490 flip_inner_total_ms=549 inter_flip_total_ms=3262 (per-flip avg x10: dc_ms=49 fi_ms=54 if_ms=326 derived audio+engine_ms=223; per-drawcall avg us_x10=2508) [direct-vesa: presents=100 total_ms=400 avg_ms_x10=40 failed=0] [ablation: NO_DC_TIMING=0 CACHE_WINSURF=0 DIRECT_VESA=1]
[13:14:18] [info] kbd/audio block 0: kbd_irq=0 kbd_drain=0 ring_chunks=16 pump_pass=3355 pic1_mask=0xb8 first_irq_ticks=0 install_ticks=0 vector_at_install=0x00839fa0 pic1_mask_live=0x38 kbd_8042_stat=0x34 bios_kbd_head=0x002a bios_kbd_tail=0x002a bios_kbd_buf0=0x2064
[13:14:18] [info] dirty-rect block @flip=2000: total_calls=0 dirty_rects_avg=1 dirty_pct_x10=1000 forced_full=0 first_n_force=0 threshold_exceeded=0 dirty_path_taken=0 full_flush_taken=0
[13:14:18] [info] prev-frame-diff block @flip=2000: diff_calls=0 diff_rects_avg=0 diff_dirty_pct_x10=0 bbox_pct_x10=0 bbox_thresh_exceeded=0
[13:14:18] [info] flip-probe: flip #2010 ok=true present=4ms inter_flip_ms=29 drawcalls-since-flip=20 drawcalls-total=124261 fail-total=0 null-skips-total=0
[13:14:19] [info] flip-probe: flip #2020 ok=true present=4ms inter_flip_ms=30 drawcalls-since-flip=20 drawcalls-total=124461 fail-total=0 null-skips-total=0
[13:14:19] [info] flip-probe: flip #2030 ok=true present=4ms inter_flip_ms=30 drawcalls-since-flip=17 drawcalls-total=124643 fail-total=0 null-skips-total=0
[13:14:19] [info] flip-probe: flip #2040 ok=true present=4ms inter_flip_ms=32 drawcalls-since-flip=17 drawcalls-total=124813 fail-total=0 null-skips-total=0
[13:14:19] [info] flip-probe: flip #2050 ok=true present=4ms inter_flip_ms=30 drawcalls-since-flip=17 drawcalls-total=124983 fail-total=0 null-skips-total=0
[13:14:20] [info] backdrop cache: thrashing-detect engaged (streak=364, route=direct)
[13:14:20] [info] flip-probe: flip #2060 ok=true present=4ms inter_flip_ms=33 drawcalls-since-flip=18 drawcalls-total=125156 fail-total=0 null-skips-total=0
[13:14:20] [info] flip-probe: flip #2070 ok=true present=4ms inter_flip_ms=33 drawcalls-since-flip=18 drawcalls-total=125339 fail-total=0 null-skips-total=0
[13:14:20] [info] flip-probe: flip #2080 ok=true present=4ms inter_flip_ms=29 drawcalls-since-flip=17 drawcalls-total=125515 fail-total=0 null-skips-total=0
[13:14:21] [info] flip-probe: flip #2090 ok=true present=5ms inter_flip_ms=30 drawcalls-since-flip=16 drawcalls-total=125684 fail-total=0 null-skips-total=0
[13:14:21] [info] flip-probe: flip #2100 ok=true present=4ms inter_flip_ms=30 drawcalls-since-flip=16 drawcalls-total=125844 fail-total=0 null-skips-total=0
[13:14:21] [info] alpha audit block 0: 1683 total drawcalls, 0 with alpha<255 (block pct_x10=0; global 0/115970 pct_x10=0); alpha-mod skipped: block=0 global=0
[13:14:21] [info] fastpath audit block 0: taken=1683 (idx8=1683) skipped=0 pct_x10=1000; global taken=115970 (idx8=115970) skipped=0 pct_x10=1000
[13:14:21] [info] primitive tally block 0: clear=200(hr=200) fill=0(hr=0) rect=0(hr=0) line=0(hr=0) tint=0 spotlight=0 (over 100 flips ending at flip 2100)
[13:14:21] [info] phase timing block 0: drawcalls=1883 dc_total_ms=489 flip_inner_total_ms=748 inter_flip_total_ms=3262 (per-flip avg x10: dc_ms=48 fi_ms=74 if_ms=326 derived audio+engine_ms=204; per-drawcall avg us_x10=2599) [direct-vesa: presents=100 total_ms=400 avg_ms_x10=40 failed=0] [ablation: NO_DC_TIMING=0 CACHE_WINSURF=0 DIRECT_VESA=1]
[13:14:21] [info] kbd/audio block 0: kbd_irq=0 kbd_drain=0 ring_chunks=16 pump_pass=3518 pic1_mask=0xb8 first_irq_ticks=0 install_ticks=0 vector_at_install=0x00839fa0 pic1_mask_live=0x38 kbd_8042_stat=0x34 bios_kbd_head=0x002a bios_kbd_tail=0x002a bios_kbd_buf0=0x2064
[13:14:21] [info] dirty-rect block @flip=2100: total_calls=0 dirty_rects_avg=1 dirty_pct_x10=1000 forced_full=0 first_n_force=0 threshold_exceeded=0 dirty_path_taken=0 full_flush_taken=0
[13:14:21] [info] prev-frame-diff block @flip=2100: diff_calls=0 diff_rects_avg=0 diff_dirty_pct_x10=0 bbox_pct_x10=0 bbox_thresh_exceeded=0
[13:14:21] [info] tas: stall frame 290 ms -> contributing 1 tick (patch 0286)
[13:14:22] [info] flip-probe: flip #2110 ok=true present=4ms inter_flip_ms=31 drawcalls-since-flip=17 drawcalls-total=126013 fail-total=0 null-skips-total=0
[13:14:22] [info] backdrop cache: thrashing-detect engaged (streak=424, route=direct)
[13:14:22] [info] flip-probe: flip #2120 ok=true present=4ms inter_flip_ms=30 drawcalls-since-flip=18 drawcalls-total=126197 fail-total=0 null-skips-total=0
[13:14:22] [info] flip-probe: flip #2130 ok=true present=4ms inter_flip_ms=34 drawcalls-since-flip=22 drawcalls-total=126400 fail-total=0 null-skips-total=0
[13:14:23] [info] flip-probe: flip #2140 ok=true present=4ms inter_flip_ms=31 drawcalls-since-flip=18 drawcalls-total=126593 fail-total=0 null-skips-total=0
[13:14:23] [info] flip-probe: flip #2150 ok=true present=4ms inter_flip_ms=37 drawcalls-since-flip=119 drawcalls-total=126925 fail-total=0 null-skips-total=0
[13:14:23] [info] run_tick_fixed #3600: heartbeat (loop alive)
[13:14:24] [info] flip-probe: flip #2160 ok=true present=4ms inter_flip_ms=54 drawcalls-since-flip=359 drawcalls-total=130155 fail-total=0 null-skips-total=0
[13:14:24] [info]  >> Entering stage 19: 'Assembly Hall'.
[13:14:24] [info] [skip-sheet-flush] cave=8
[13:14:24] [info] [load-stage] preloading entry music song=9 (cave=8)
[13:14:24] [info] gameloop: entered (curmap=19, running=1)
[13:14:24] [info] gameloop: iter 1 ticks=99530 mapno=-1
[13:14:24] [info] mds-clear-lut: rebuilt N=240 entries (k_skip=100% k_keep=0%; curmap=19 map_size=21x16; rebuild #6 since boot)
[13:14:24] [info] gameloop: iter 2 ticks=99604 mapno=-1
[13:14:24] [info] gameloop: iter 3 ticks=99667 mapno=-1
[13:14:25] [info] flip-probe: flip #2170 ok=true present=4ms inter_flip_ms=43 drawcalls-since-flip=287 drawcalls-total=133997 fail-total=0 null-skips-total=0
[13:14:25] [info] flip-probe: flip #2180 ok=true present=4ms inter_flip_ms=33 drawcalls-since-flip=122 drawcalls-total=135351 fail-total=0 null-skips-total=0
[13:14:25] [info] flip-probe: flip #2190 ok=true present=4ms inter_flip_ms=33 drawcalls-since-flip=122 drawcalls-total=136571 fail-total=0 null-skips-total=0
[13:14:26] [info] flip-probe: flip #2200 ok=true present=4ms inter_flip_ms=33 drawcalls-since-flip=122 drawcalls-total=137791 fail-total=0 null-skips-total=0
[13:14:26] [info] alpha audit block 0: 11379 total drawcalls, 0 with alpha<255 (block pct_x10=0; global 0/127349 pct_x10=0); alpha-mod skipped: block=0 global=0
[13:14:26] [info] fastpath audit block 0: taken=11379 (idx8=11379) skipped=0 pct_x10=1000; global taken=127349 (idx8=127349) skipped=0 pct_x10=1000
[13:14:26] [info] primitive tally block 0: clear=201(hr=201) fill=0(hr=0) rect=0(hr=0) line=0(hr=0) tint=0 spotlight=0 (over 100 flips ending at flip 2200)
[13:14:26] [info] color/alpha audit block 0: cmod_white=468 cmod_black=468 (idx=468) cmod_general=0 (idx=0) cmod_fb=0; alpha_taken=0 alpha_skipped=0 (global cmod=9330/7788/693/0 idx=7788/693 alpha=0/0)
[13:14:26] [info] phase timing block 0: drawcalls=12555 dc_total_ms=1008 flip_inner_total_ms=543 inter_flip_total_ms=4543 (per-flip avg x10: dc_ms=100 fi_ms=54 if_ms=454 derived audio+engine_ms=300; per-drawcall avg us_x10=803) [direct-vesa: presents=100 total_ms=399 avg_ms_x10=39 failed=0] [ablation: NO_DC_TIMING=0 CACHE_WINSURF=0 DIRECT_VESA=1]
[13:14:26] [info] kbd/audio block 0: kbd_irq=0 kbd_drain=0 ring_chunks=16 pump_pass=3704 pic1_mask=0xb8 first_irq_ticks=0 install_ticks=0 vector_at_install=0x00839fa0 pic1_mask_live=0x38 kbd_8042_stat=0x34 bios_kbd_head=0x002a bios_kbd_tail=0x002a bios_kbd_buf0=0x2064
[13:14:26] [info] dirty-rect block @flip=2200: total_calls=0 dirty_rects_avg=1 dirty_pct_x10=1000 forced_full=0 first_n_force=0 threshold_exceeded=0 dirty_path_taken=0 full_flush_taken=0
[13:14:26] [info] prev-frame-diff block @flip=2200: diff_calls=0 diff_rects_avg=0 diff_dirty_pct_x10=0 bbox_pct_x10=0 bbox_thresh_exceeded=0
[13:14:26] [info] flip-probe: flip #2210 ok=true present=4ms inter_flip_ms=32 drawcalls-since-flip=124 drawcalls-total=139017 fail-total=0 null-skips-total=0
[13:14:26] [info] flip-probe: flip #2220 ok=true present=4ms inter_flip_ms=35 drawcalls-since-flip=123 drawcalls-total=140263 fail-total=0 null-skips-total=0
[13:14:27] [info] flip-probe: flip #2230 ok=true present=4ms inter_flip_ms=32 drawcalls-since-flip=122 drawcalls-total=141486 fail-total=0 null-skips-total=0
[13:14:27] [info] flip-probe: flip #2240 ok=true present=4ms inter_flip_ms=34 drawcalls-since-flip=123 drawcalls-total=142722 fail-total=0 null-skips-total=0
[13:14:27] [info] flip-probe: flip #2250 ok=true present=4ms inter_flip_ms=33 drawcalls-since-flip=122 drawcalls-total=143943 fail-total=0 null-skips-total=0
[13:14:28] [info] flip-probe: flip #2260 ok=true present=5ms inter_flip_ms=33 drawcalls-since-flip=122 drawcalls-total=145163 fail-total=0 null-skips-total=0
[13:14:28] [info] flip-probe: flip #2270 ok=true present=4ms inter_flip_ms=33 drawcalls-since-flip=122 drawcalls-total=146383 fail-total=0 null-skips-total=0
[13:14:28] [info] flip-probe: flip #2280 ok=true present=4ms inter_flip_ms=33 drawcalls-since-flip=122 drawcalls-total=147603 fail-total=0 null-skips-total=0
[13:14:29] [info] flip-probe: flip #2290 ok=true present=4ms inter_flip_ms=32 drawcalls-since-flip=98 drawcalls-total=148607 fail-total=0 null-skips-total=0
[13:14:29] [info] flip-probe: flip #2300 ok=true present=4ms inter_flip_ms=53 drawcalls-since-flip=438 drawcalls-total=151991 fail-total=0 null-skips-total=0
[13:14:29] [info] alpha audit block 0: 13128 total drawcalls, 0 with alpha<255 (block pct_x10=0; global 0/140477 pct_x10=0); alpha-mod skipped: block=0 global=0
[13:14:29] [info] fastpath audit block 0: taken=13128 (idx8=13128) skipped=0 pct_x10=1000; global taken=140477 (idx8=140477) skipped=0 pct_x10=1000
[13:14:29] [info] primitive tally block 0: clear=200(hr=200) fill=0(hr=0) rect=0(hr=0) line=0(hr=0) tint=0 spotlight=0 (over 100 flips ending at flip 2300)
[13:14:29] [info] color/alpha audit block 0: cmod_white=972 cmod_black=972 (idx=972) cmod_general=0 (idx=0) cmod_fb=0; alpha_taken=0 alpha_skipped=0 (global cmod=10302/8760/693/0 idx=8760/693 alpha=0/0)
[13:14:29] [info] phase timing block 0: drawcalls=15372 dc_total_ms=1161 flip_inner_total_ms=544 inter_flip_total_ms=3572 (per-flip avg x10: dc_ms=116 fi_ms=54 if_ms=357 derived audio+engine_ms=187; per-drawcall avg us_x10=755) [direct-vesa: presents=100 total_ms=398 avg_ms_x10=39 failed=0] [ablation: NO_DC_TIMING=0 CACHE_WINSURF=0 DIRECT_VESA=1]
[13:14:29] [info] kbd/audio block 0: kbd_irq=0 kbd_drain=0 ring_chunks=16 pump_pass=3881 pic1_mask=0xb8 first_irq_ticks=0 install_ticks=0 vector_at_install=0x00839fa0 pic1_mask_live=0x38 kbd_8042_stat=0x34 bios_kbd_head=0x002a bios_kbd_tail=0x002a bios_kbd_buf0=0x2064
[13:14:29] [info] dirty-rect block @flip=2300: total_calls=0 dirty_rects_avg=1 dirty_pct_x10=1000 forced_full=0 first_n_force=0 threshold_exceeded=0 dirty_path_taken=0 full_flush_taken=0
[13:14:29] [info] prev-frame-diff block @flip=2300: diff_calls=0 diff_rects_avg=0 diff_dirty_pct_x10=0 bbox_pct_x10=0 bbox_thresh_exceeded=0
[13:14:29] [info]  >> Entering stage 11: 'Mimiga Village'.
[13:14:29] [info] [skip-sheet-flush] cave=9
[13:14:30] [info] [load-stage] preloading entry music song=9 (cave=9)
[13:14:30] [info] gameloop: entered (curmap=11, running=1)
[13:14:30] [info] gameloop: iter 1 ticks=105369 mapno=-1
[13:14:30] [info] mds-clear-lut: rebuilt N=240 entries (k_skip=0% k_keep=100%; curmap=11 map_size=60x60; rebuild #7 since boot)
[13:14:30] [info] gameloop: iter 2 ticks=105445 mapno=-1
[13:14:30] [info] gameloop: iter 3 ticks=105507 mapno=-1
[13:14:30] [info] backdrop cache: thrashing-detect engaged (streak=4, route=direct)
[13:14:30] [info] flip-probe: flip #2310 ok=true present=4ms inter_flip_ms=57 drawcalls-since-flip=324 drawcalls-total=155569 fail-total=0 null-skips-total=0
[13:14:31] [info] flip-probe: flip #2320 ok=true present=4ms inter_flip_ms=32 drawcalls-since-flip=43 drawcalls-total=156375 fail-total=0 null-skips-total=0
[13:14:31] [info] flip-probe: flip #2330 ok=true present=4ms inter_flip_ms=34 drawcalls-since-flip=46 drawcalls-total=156826 fail-total=0 null-skips-total=0
[13:14:31] [info] flip-probe: flip #2340 ok=true present=4ms inter_flip_ms=32 drawcalls-since-flip=43 drawcalls-total=157280 fail-total=0 null-skips-total=0
[13:14:32] [info] flip-probe: flip #2350 ok=true present=4ms inter_flip_ms=34 drawcalls-since-flip=43 drawcalls-total=157704 fail-total=0 null-skips-total=0
[13:14:32] [info] flip-probe: flip #2360 ok=true present=5ms inter_flip_ms=32 drawcalls-since-flip=43 drawcalls-total=158134 fail-total=0 null-skips-total=0
[13:14:32] [info] backdrop cache: thrashing-detect engaged (streak=64, route=direct)
[13:14:32] [info] flip-probe: flip #2370 ok=true present=4ms inter_flip_ms=41 drawcalls-since-flip=45 drawcalls-total=158575 fail-total=0 null-skips-total=0
[13:14:33] [info] flip-probe: flip #2380 ok=true present=4ms inter_flip_ms=34 drawcalls-since-flip=43 drawcalls-total=159015 fail-total=0 null-skips-total=0
[13:14:33] [info] flip-probe: flip #2390 ok=true present=4ms inter_flip_ms=34 drawcalls-since-flip=43 drawcalls-total=159445 fail-total=0 null-skips-total=0
[13:14:34] [info] flip-probe: flip #2400 ok=true present=4ms inter_flip_ms=32 drawcalls-since-flip=46 drawcalls-total=159899 fail-total=0 null-skips-total=0
[13:14:34] [info] alpha audit block 0: 6547 total drawcalls, 0 with alpha<255 (block pct_x10=0; global 0/147024 pct_x10=0); alpha-mod skipped: block=0 global=0
[13:14:34] [info] fastpath audit block 0: taken=6547 (idx8=6547) skipped=0 pct_x10=1000; global taken=147024 (idx8=147024) skipped=0 pct_x10=1000
[13:14:34] [info] primitive tally block 0: clear=201(hr=201) fill=0(hr=0) rect=0(hr=0) line=0(hr=0) tint=0 spotlight=0 (over 100 flips ending at flip 2400)
[13:14:34] [info] color/alpha audit block 0: cmod_white=1261 cmod_black=1261 (idx=1261) cmod_general=0 (idx=0) cmod_fb=0; alpha_taken=0 alpha_skipped=0 (global cmod=11563/10021/693/0 idx=10021/693 alpha=0/0)
[13:14:34] [info] phase timing block 0: drawcalls=9279 dc_total_ms=825 flip_inner_total_ms=761 inter_flip_total_ms=4311 (per-flip avg x10: dc_ms=82 fi_ms=76 if_ms=431 derived audio+engine_ms=273; per-drawcall avg us_x10=889) [direct-vesa: presents=100 total_ms=400 avg_ms_x10=40 failed=0] [ablation: NO_DC_TIMING=0 CACHE_WINSURF=0 DIRECT_VESA=1]
[13:14:34] [info] kbd/audio block 0: kbd_irq=0 kbd_drain=0 ring_chunks=16 pump_pass=4069 pic1_mask=0xb8 first_irq_ticks=0 install_ticks=0 vector_at_install=0x00839fa0 pic1_mask_live=0x38 kbd_8042_stat=0x34 bios_kbd_head=0x002a bios_kbd_tail=0x002a bios_kbd_buf0=0x2064
[13:14:34] [info] dirty-rect block @flip=2400: total_calls=0 dirty_rects_avg=1 dirty_pct_x10=1000 forced_full=0 first_n_force=0 threshold_exceeded=0 dirty_path_taken=0 full_flush_taken=0
[13:14:34] [info] prev-frame-diff block @flip=2400: diff_calls=0 diff_rects_avg=0 diff_dirty_pct_x10=0 bbox_pct_x10=0 bbox_thresh_exceeded=0
[13:14:34] [info] tas: stall frame 306 ms -> contributing 1 tick (patch 0286)
[13:14:34] [info] flip-probe: flip #2410 ok=true present=4ms inter_flip_ms=34 drawcalls-since-flip=45 drawcalls-total=160351 fail-total=0 null-skips-total=0
[13:14:34] [info] flip-probe: flip #2420 ok=true present=4ms inter_flip_ms=34 drawcalls-since-flip=44 drawcalls-total=160796 fail-total=0 null-skips-total=0
[13:14:35] [info] backdrop cache: thrashing-detect engaged (streak=124, route=direct)
[13:14:35] [info] flip-probe: flip #2430 ok=true present=4ms inter_flip_ms=35 drawcalls-since-flip=18 drawcalls-total=161054 fail-total=0 null-skips-total=0
[13:14:35] [info] flip-probe: flip #2440 ok=true present=4ms inter_flip_ms=30 drawcalls-since-flip=18 drawcalls-total=161234 fail-total=0 null-skips-total=0
[13:14:35] [info] flip-probe: flip #2450 ok=true present=4ms inter_flip_ms=31 drawcalls-since-flip=17 drawcalls-total=161405 fail-total=0 null-skips-total=0
[13:14:36] [info] flip-probe: flip #2460 ok=true present=4ms inter_flip_ms=28 drawcalls-since-flip=17 drawcalls-total=161575 fail-total=0 null-skips-total=0
[13:14:36] [info] flip-probe: flip #2470 ok=true present=4ms inter_flip_ms=30 drawcalls-since-flip=17 drawcalls-total=161745 fail-total=0 null-skips-total=0
[13:14:36] [info] flip-probe: flip #2480 ok=true present=4ms inter_flip_ms=30 drawcalls-since-flip=18 drawcalls-total=161921 fail-total=0 null-skips-total=0
[13:14:36] [info] run_tick_fixed #4200: heartbeat (loop alive)
[13:14:37] [info] backdrop cache: thrashing-detect engaged (streak=184, route=direct)
[13:14:37] [info] flip-probe: flip #2490 ok=true present=4ms inter_flip_ms=37 drawcalls-since-flip=18 drawcalls-total=162101 fail-total=0 null-skips-total=0
[13:14:37] [info] flip-probe: flip #2500 ok=true present=3ms inter_flip_ms=34 drawcalls-since-flip=20 drawcalls-total=162287 fail-total=0 null-skips-total=0
[13:14:37] [info] alpha audit block 0: 1989 total drawcalls, 0 with alpha<255 (block pct_x10=0; global 0/149013 pct_x10=0); alpha-mod skipped: block=0 global=0
[13:14:37] [info] fastpath audit block 0: taken=1989 (idx8=1989) skipped=0 pct_x10=1000; global taken=149013 (idx8=149013) skipped=0 pct_x10=1000
[13:14:37] [info] primitive tally block 0: clear=200(hr=200) fill=0(hr=0) rect=0(hr=0) line=0(hr=0) tint=0 spotlight=0 (over 100 flips ending at flip 2500)
[13:14:37] [info] color/alpha audit block 0: cmod_white=299 cmod_black=299 (idx=299) cmod_general=0 (idx=0) cmod_fb=0; alpha_taken=0 alpha_skipped=0 (global cmod=11862/10320/693/0 idx=10320/693 alpha=0/0)
[13:14:37] [info] phase timing block 0: drawcalls=2787 dc_total_ms=518 flip_inner_total_ms=544 inter_flip_total_ms=3518 (per-flip avg x10: dc_ms=51 fi_ms=54 if_ms=351 derived audio+engine_ms=246; per-drawcall avg us_x10=1859) [direct-vesa: presents=100 total_ms=398 avg_ms_x10=39 failed=0] [ablation: NO_DC_TIMING=0 CACHE_WINSURF=0 DIRECT_VESA=1]
[13:14:37] [info] kbd/audio block 0: kbd_irq=0 kbd_drain=0 ring_chunks=16 pump_pass=4231 pic1_mask=0xb8 first_irq_ticks=0 install_ticks=0 vector_at_install=0x00839fa0 pic1_mask_live=0x38 kbd_8042_stat=0x34 bios_kbd_head=0x002a bios_kbd_tail=0x002a bios_kbd_buf0=0x2064
[13:14:37] [info] dirty-rect block @flip=2500: total_calls=0 dirty_rects_avg=1 dirty_pct_x10=1000 forced_full=0 first_n_force=0 threshold_exceeded=0 dirty_path_taken=0 full_flush_taken=0
[13:14:37] [info] prev-frame-diff block @flip=2500: diff_calls=0 diff_rects_avg=0 diff_dirty_pct_x10=0 bbox_pct_x10=0 bbox_thresh_exceeded=0
[13:14:37] [info] flip-probe: flip #2510 ok=true present=4ms inter_flip_ms=33 drawcalls-since-flip=18 drawcalls-total=162474 fail-total=0 null-skips-total=0
[13:14:38] [info] flip-probe: flip #2520 ok=true present=5ms inter_flip_ms=30 drawcalls-since-flip=15 drawcalls-total=162640 fail-total=0 null-skips-total=0
[13:14:38] [info] flip-probe: flip #2530 ok=true present=4ms inter_flip_ms=30 drawcalls-since-flip=15 drawcalls-total=162790 fail-total=0 null-skips-total=0
[13:14:38] [info] flip-probe: flip #2540 ok=true present=4ms inter_flip_ms=40 drawcalls-since-flip=148 drawcalls-total=163195 fail-total=0 null-skips-total=0
[13:14:39] [info] backdrop cache: thrashing-detect engaged (streak=244, route=direct)
[13:14:39] [info] flip-probe: flip #2550 ok=true present=4ms inter_flip_ms=41 drawcalls-since-flip=4 drawcalls-total=166147 fail-total=0 null-skips-total=0
[13:14:39] [info]  >> Entering stage 14: 'Shack'.
[13:14:39] [info] [skip-sheet-flush] cave=10
[13:14:39] [info] [load-stage] preloading entry music song=8 (cave=10)
[13:14:39] [info] opl3 backend: on_song_stop
[13:14:39] [info] MidiScheduler::load: parsed 'data/orgmid2/vivi.mid' = 11188 events at 48 PPQ
[13:14:39] [info] opl3 backend: on_song_start
[13:14:40] [info] gameloop: entered (curmap=14, running=1)
[13:14:40] [info] gameloop: iter 1 ticks=115067 mapno=-1
[13:14:40] [info] gameloop: iter 2 ticks=115117 mapno=-1
[13:14:40] [info] gameloop: iter 3 ticks=115171 mapno=-1
[13:14:40] [info] flip-probe: flip #2560 ok=true present=4ms inter_flip_ms=42 drawcalls-since-flip=305 drawcalls-total=169364 fail-total=0 null-skips-total=0
[13:14:40] [info] flip-probe: flip #2570 ok=true present=4ms inter_flip_ms=23 drawcalls-since-flip=13 drawcalls-total=170186 fail-total=0 null-skips-total=0
[13:14:41] [info] flip-probe: flip #2580 ok=true present=4ms inter_flip_ms=24 drawcalls-since-flip=24 drawcalls-total=170415 fail-total=0 null-skips-total=0
[13:14:41] [info] flip-probe: flip #2590 ok=true present=4ms inter_flip_ms=24 drawcalls-since-flip=24 drawcalls-total=170655 fail-total=0 null-skips-total=0
[13:14:41] [info] flip-probe: flip #2600 ok=true present=5ms inter_flip_ms=24 drawcalls-since-flip=24 drawcalls-total=170895 fail-total=0 null-skips-total=0
[13:14:41] [info] alpha audit block 0: 8312 total drawcalls, 0 with alpha<255 (block pct_x10=0; global 0/157325 pct_x10=0); alpha-mod skipped: block=0 global=0
[13:14:41] [info] fastpath audit block 0: taken=8312 (idx8=8312) skipped=0 pct_x10=1000; global taken=157325 (idx8=157325) skipped=0 pct_x10=1000
[13:14:41] [info] primitive tally block 0: clear=202(hr=202) fill=0(hr=0) rect=0(hr=0) line=0(hr=0) tint=0 spotlight=0 (over 100 flips ending at flip 2600)
[13:14:41] [info] color/alpha audit block 0: cmod_white=245 cmod_black=245 (idx=245) cmod_general=0 (idx=0) cmod_fb=0; alpha_taken=0 alpha_skipped=0 (global cmod=12107/10565/693/0 idx=10565/693 alpha=0/0)
[13:14:41] [info] phase timing block 0: drawcalls=9004 dc_total_ms=807 flip_inner_total_ms=541 inter_flip_total_ms=4078 (per-flip avg x10: dc_ms=80 fi_ms=54 if_ms=407 derived audio+engine_ms=273; per-drawcall avg us_x10=896) [direct-vesa: presents=100 total_ms=398 avg_ms_x10=39 failed=0] [ablation: NO_DC_TIMING=0 CACHE_WINSURF=0 DIRECT_VESA=1]
[13:14:41] [info] kbd/audio block 0: kbd_irq=0 kbd_drain=0 ring_chunks=16 pump_pass=4400 pic1_mask=0xb8 first_irq_ticks=0 install_ticks=0 vector_at_install=0x00839fa0 pic1_mask_live=0x38 kbd_8042_stat=0x34 bios_kbd_head=0x002a bios_kbd_tail=0x002a bios_kbd_buf0=0x2064
[13:14:41] [info] dirty-rect block @flip=2600: total_calls=0 dirty_rects_avg=1 dirty_pct_x10=1000 forced_full=0 first_n_force=0 threshold_exceeded=0 dirty_path_taken=0 full_flush_taken=0
[13:14:41] [info] prev-frame-diff block @flip=2600: diff_calls=0 diff_rects_avg=0 diff_dirty_pct_x10=0 bbox_pct_x10=0 bbox_thresh_exceeded=0
[13:14:41] [info] tas: stall frame 290 ms -> contributing 1 tick (patch 0286)
[13:14:42] [info] flip-probe: flip #2610 ok=true present=4ms inter_flip_ms=26 drawcalls-since-flip=26 drawcalls-total=171137 fail-total=0 null-skips-total=0
[13:14:42] [info] flip-probe: flip #2620 ok=true present=4ms inter_flip_ms=27 drawcalls-since-flip=27 drawcalls-total=171402 fail-total=0 null-skips-total=0
[13:14:42] [info] flip-probe: flip #2630 ok=true present=4ms inter_flip_ms=26 drawcalls-since-flip=27 drawcalls-total=171676 fail-total=0 null-skips-total=0
[13:14:42] [info] flip-probe: flip #2640 ok=true present=5ms inter_flip_ms=23 drawcalls-since-flip=24 drawcalls-total=171925 fail-total=0 null-skips-total=0
[13:14:43] [info] flip-probe: flip #2650 ok=true present=4ms inter_flip_ms=24 drawcalls-since-flip=24 drawcalls-total=172165 fail-total=0 null-skips-total=0
[13:14:43] [info] flip-probe: flip #2660 ok=true present=4ms inter_flip_ms=23 drawcalls-since-flip=24 drawcalls-total=172405 fail-total=0 null-skips-total=0
[13:14:43] [info] flip-probe: flip #2670 ok=true present=4ms inter_flip_ms=24 drawcalls-since-flip=24 drawcalls-total=172645 fail-total=0 null-skips-total=0
[13:14:43] [info] run_tick_fixed #4500: heartbeat (loop alive)
[13:14:43] [info] flip-probe: flip #2680 ok=true present=4ms inter_flip_ms=31 drawcalls-since-flip=14 drawcalls-total=172795 fail-total=0 null-skips-total=0
[13:14:44] [info] flip-probe: flip #2690 ok=true present=4ms inter_flip_ms=23 drawcalls-since-flip=14 drawcalls-total=172935 fail-total=0 null-skips-total=0
[13:14:44] [info] flip-probe: flip #2700 ok=true present=4ms inter_flip_ms=23 drawcalls-since-flip=14 drawcalls-total=173075 fail-total=0 null-skips-total=0
[13:14:44] [info] alpha audit block 0: 1825 total drawcalls, 0 with alpha<255 (block pct_x10=0; global 0/159150 pct_x10=0); alpha-mod skipped: block=0 global=0
[13:14:44] [info] fastpath audit block 0: taken=1825 (idx8=1825) skipped=0 pct_x10=1000; global taken=159150 (idx8=159150) skipped=0 pct_x10=1000
[13:14:44] [info] primitive tally block 0: clear=200(hr=200) fill=0(hr=0) rect=0(hr=0) line=0(hr=0) tint=0 spotlight=0 (over 100 flips ending at flip 2700)
[13:14:44] [info] color/alpha audit block 0: cmod_white=355 cmod_black=355 (idx=355) cmod_general=0 (idx=0) cmod_fb=0; alpha_taken=0 alpha_skipped=0 (global cmod=12462/10920/693/0 idx=10920/693 alpha=0/0)
[13:14:44] [info] phase timing block 0: drawcalls=2735 dc_total_ms=500 flip_inner_total_ms=533 inter_flip_total_ms=2787 (per-flip avg x10: dc_ms=50 fi_ms=53 if_ms=278 derived audio+engine_ms=175; per-drawcall avg us_x10=1828) [direct-vesa: presents=100 total_ms=396 avg_ms_x10=39 failed=0] [ablation: NO_DC_TIMING=0 CACHE_WINSURF=0 DIRECT_VESA=1]
[13:14:44] [info] kbd/audio block 0: kbd_irq=0 kbd_drain=0 ring_chunks=16 pump_pass=4526 pic1_mask=0xb8 first_irq_ticks=0 install_ticks=0 vector_at_install=0x00839fa0 pic1_mask_live=0x38 kbd_8042_stat=0x34 bios_kbd_head=0x002a bios_kbd_tail=0x002a bios_kbd_buf0=0x2064
[13:14:44] [info] dirty-rect block @flip=2700: total_calls=0 dirty_rects_avg=1 dirty_pct_x10=1000 forced_full=0 first_n_force=0 threshold_exceeded=0 dirty_path_taken=0 full_flush_taken=0
[13:14:44] [info] prev-frame-diff block @flip=2700: diff_calls=0 diff_rects_avg=0 diff_dirty_pct_x10=0 bbox_pct_x10=0 bbox_thresh_exceeded=0
[13:14:44] [info] flip-probe: flip #2710 ok=true present=4ms inter_flip_ms=24 drawcalls-since-flip=14 drawcalls-total=173215 fail-total=0 null-skips-total=0
[13:14:44] [info] flip-probe: flip #2720 ok=true present=4ms inter_flip_ms=23 drawcalls-since-flip=14 drawcalls-total=173355 fail-total=0 null-skips-total=0
[13:14:45] [info] flip-probe: flip #2730 ok=true present=4ms inter_flip_ms=23 drawcalls-since-flip=14 drawcalls-total=173495 fail-total=0 null-skips-total=0
[13:14:45] [info] flip-probe: flip #2740 ok=true present=4ms inter_flip_ms=27 drawcalls-since-flip=43 drawcalls-total=173664 fail-total=0 null-skips-total=0
[13:14:45] [info] flip-probe: flip #2750 ok=true present=4ms inter_flip_ms=46 drawcalls-since-flip=355 drawcalls-total=176070 fail-total=0 null-skips-total=0
[13:14:46] [info]  >> Entering stage 11: 'Mimiga Village'.
[13:14:46] [info] [skip-sheet-flush] cave=11
[13:14:46] [info] [load-stage] preloading entry music song=9 (cave=11)
[13:14:46] [info] opl3 backend: on_song_stop
[13:14:46] [info] MidiScheduler::load: parsed 'data/orgmid2/mura.mid' = 7123 events at 48 PPQ
[13:14:46] [info] opl3 backend: on_song_start
[13:14:46] [info] gameloop: entered (curmap=11, running=1)
[13:14:46] [info] gameloop: iter 1 ticks=121530 mapno=-1
[13:14:46] [info] gameloop: iter 2 ticks=121599 mapno=-1
[13:14:46] [info] gameloop: iter 3 ticks=121664 mapno=-1
[13:14:46] [info] flip-probe: flip #2760 ok=true present=4ms inter_flip_ms=65 drawcalls-since-flip=382 drawcalls-total=179024 fail-total=0 null-skips-total=0
[13:14:46] [info] backdrop cache: thrashing-detect engaged (streak=4, route=direct)
[13:14:47] [info] flip-probe: flip #2770 ok=true present=4ms inter_flip_ms=31 drawcalls-since-flip=30 drawcalls-total=180740 fail-total=0 null-skips-total=0
[13:14:47] [info] flip-probe: flip #2780 ok=true present=4ms inter_flip_ms=32 drawcalls-since-flip=41 drawcalls-total=181139 fail-total=0 null-skips-total=0
[13:14:47] [info] flip-probe: flip #2790 ok=true present=4ms inter_flip_ms=33 drawcalls-since-flip=43 drawcalls-total=181563 fail-total=0 null-skips-total=0
[13:14:48] [info] flip-probe: flip #2800 ok=true present=5ms inter_flip_ms=33 drawcalls-since-flip=44 drawcalls-total=182003 fail-total=0 null-skips-total=0
[13:14:48] [info] alpha audit block 0: 8312 total drawcalls, 0 with alpha<255 (block pct_x10=0; global 0/167462 pct_x10=0); alpha-mod skipped: block=0 global=0
[13:14:48] [info] fastpath audit block 0: taken=8312 (idx8=8312) skipped=0 pct_x10=1000; global taken=167462 (idx8=167462) skipped=0 pct_x10=1000
[13:14:48] [info] primitive tally block 0: clear=202(hr=202) fill=0(hr=0) rect=0(hr=0) line=0(hr=0) tint=0 spotlight=0 (over 100 flips ending at flip 2800)
[13:14:48] [info] color/alpha audit block 0: cmod_white=572 cmod_black=572 (idx=572) cmod_general=0 (idx=0) cmod_fb=0; alpha_taken=0 alpha_skipped=0 (global cmod=13034/11492/693/0 idx=11492/693 alpha=0/0)
[13:14:48] [info] phase timing block 0: drawcalls=9664 dc_total_ms=849 flip_inner_total_ms=543 inter_flip_total_ms=3915 (per-flip avg x10: dc_ms=84 fi_ms=54 if_ms=391 derived audio+engine_ms=253; per-drawcall avg us_x10=879) [direct-vesa: presents=100 total_ms=399 avg_ms_x10=39 failed=0] [ablation: NO_DC_TIMING=0 CACHE_WINSURF=0 DIRECT_VESA=1]
[13:14:48] [info] kbd/audio block 0: kbd_irq=0 kbd_drain=0 ring_chunks=16 pump_pass=4694 pic1_mask=0xb8 first_irq_ticks=0 install_ticks=0 vector_at_install=0x00839fa0 pic1_mask_live=0x38 kbd_8042_stat=0x34 bios_kbd_head=0x002a bios_kbd_tail=0x002a bios_kbd_buf0=0x2064
[13:14:48] [info] dirty-rect block @flip=2800: total_calls=0 dirty_rects_avg=1 dirty_pct_x10=1000 forced_full=0 first_n_force=0 threshold_exceeded=0 dirty_path_taken=0 full_flush_taken=0
[13:14:48] [info] prev-frame-diff block @flip=2800: diff_calls=0 diff_rects_avg=0 diff_dirty_pct_x10=0 bbox_pct_x10=0 bbox_thresh_exceeded=0
[13:14:48] [info] flip-probe: flip #2810 ok=true present=4ms inter_flip_ms=31 drawcalls-since-flip=46 drawcalls-total=182453 fail-total=0 null-skips-total=0
[13:14:49] [info] flip-probe: flip #2820 ok=true present=4ms inter_flip_ms=33 drawcalls-since-flip=47 drawcalls-total=182928 fail-total=0 null-skips-total=0
[13:14:49] [info] backdrop cache: thrashing-detect engaged (streak=64, route=direct)
[13:14:49] [info] flip-probe: flip #2830 ok=true present=4ms inter_flip_ms=34 drawcalls-since-flip=43 drawcalls-total=183371 fail-total=0 null-skips-total=0
[13:14:49] [info] flip-probe: flip #2840 ok=true present=4ms inter_flip_ms=33 drawcalls-since-flip=43 drawcalls-total=183801 fail-total=0 null-skips-total=0
[13:14:50] [info] flip-probe: flip #2850 ok=true present=4ms inter_flip_ms=33 drawcalls-since-flip=44 drawcalls-total=184234 fail-total=0 null-skips-total=0
[13:14:50] [info] flip-probe: flip #2860 ok=true present=4ms inter_flip_ms=33 drawcalls-since-flip=46 drawcalls-total=184697 fail-total=0 null-skips-total=0
[13:14:50] [info] run_tick_fixed #4800: heartbeat (loop alive)
[13:14:50] [info] backdrop cache: thrashing-detect engaged (streak=4, route=direct)
[13:14:50] [info] flip-probe: flip #2870 ok=true present=4ms inter_flip_ms=35 drawcalls-since-flip=45 drawcalls-total=185147 fail-total=0 null-skips-total=0
[13:14:51] [info] flip-probe: flip #2880 ok=true present=4ms inter_flip_ms=32 drawcalls-since-flip=19 drawcalls-total=185493 fail-total=0 null-skips-total=0
[13:14:51] [info] flip-probe: flip #2890 ok=true present=4ms inter_flip_ms=29 drawcalls-since-flip=19 drawcalls-total=185683 fail-total=0 null-skips-total=0
[13:14:51] [info] flip-probe: flip #2900 ok=true present=4ms inter_flip_ms=31 drawcalls-since-flip=21 drawcalls-total=185887 fail-total=0 null-skips-total=0
[13:14:51] [info] alpha audit block 0: 2796 total drawcalls, 0 with alpha<255 (block pct_x10=0; global 0/170258 pct_x10=0); alpha-mod skipped: block=0 global=0
[13:14:51] [info] fastpath audit block 0: taken=2796 (idx8=2796) skipped=0 pct_x10=1000; global taken=170258 (idx8=170258) skipped=0 pct_x10=1000
[13:14:51] [info] primitive tally block 0: clear=200(hr=200) fill=0(hr=0) rect=0(hr=0) line=0(hr=0) tint=0 spotlight=0 (over 100 flips ending at flip 2900)
[13:14:51] [info] color/alpha audit block 0: cmod_white=988 cmod_black=988 (idx=988) cmod_general=0 (idx=0) cmod_fb=0; alpha_taken=0 alpha_skipped=0 (global cmod=14022/12480/693/0 idx=12480/693 alpha=0/0)
[13:14:51] [info] phase timing block 0: drawcalls=4976 dc_total_ms=614 flip_inner_total_ms=541 inter_flip_total_ms=3460 (per-flip avg x10: dc_ms=61 fi_ms=54 if_ms=346 derived audio+engine_ms=231; per-drawcall avg us_x10=1234) [direct-vesa: presents=100 total_ms=399 avg_ms_x10=39 failed=0] [ablation: NO_DC_TIMING=0 CACHE_WINSURF=0 DIRECT_VESA=1]
[13:14:51] [info] kbd/audio block 0: kbd_irq=0 kbd_drain=0 ring_chunks=16 pump_pass=4867 pic1_mask=0xb8 first_irq_ticks=0 install_ticks=0 vector_at_install=0x00839fa0 pic1_mask_live=0x38 kbd_8042_stat=0x34 bios_kbd_head=0x002a bios_kbd_tail=0x002a bios_kbd_buf0=0x2064
[13:14:51] [info] dirty-rect block @flip=2900: total_calls=0 dirty_rects_avg=1 dirty_pct_x10=1000 forced_full=0 first_n_force=0 threshold_exceeded=0 dirty_path_taken=0 full_flush_taken=0
[13:14:51] [info] prev-frame-diff block @flip=2900: diff_calls=0 diff_rects_avg=0 diff_dirty_pct_x10=0 bbox_pct_x10=0 bbox_thresh_exceeded=0
[13:14:52] [info] flip-probe: flip #2910 ok=true present=4ms inter_flip_ms=34 drawcalls-since-flip=19 drawcalls-total=186086 fail-total=0 null-skips-total=0
[13:14:52] [info] backdrop cache: thrashing-detect engaged (streak=4, route=direct)
[13:14:52] [info] flip-probe: flip #2920 ok=true present=4ms inter_flip_ms=33 drawcalls-since-flip=18 drawcalls-total=186270 fail-total=0 null-skips-total=0
[13:14:52] [info] flip-probe: flip #2930 ok=true present=4ms inter_flip_ms=31 drawcalls-since-flip=18 drawcalls-total=186450 fail-total=0 null-skips-total=0
[13:14:53] [info] backdrop cache: thrashing-detect engaged (streak=4, route=direct)
[13:14:53] [info] flip-probe: flip #2940 ok=true present=4ms inter_flip_ms=38 drawcalls-since-flip=19 drawcalls-total=186636 fail-total=0 null-skips-total=0
[13:14:53] [info] flip-probe: flip #2950 ok=true present=4ms inter_flip_ms=30 drawcalls-since-flip=20 drawcalls-total=186831 fail-total=0 null-skips-total=0
[13:14:53] [info] flip-probe: flip #2960 ok=true present=4ms inter_flip_ms=33 drawcalls-since-flip=21 drawcalls-total=187036 fail-total=0 null-skips-total=0
[13:14:54] [info] tas: stall frame 254 ms -> contributing 1 tick (patch 0286)
[13:14:54] [info] flip-probe: flip #2970 ok=true present=4ms inter_flip_ms=31 drawcalls-since-flip=20 drawcalls-total=187242 fail-total=0 null-skips-total=0
[13:14:54] [info] flip-probe: flip #2980 ok=true present=4ms inter_flip_ms=31 drawcalls-since-flip=19 drawcalls-total=187438 fail-total=0 null-skips-total=0
[13:14:55] [info] flip-probe: flip #2990 ok=true present=4ms inter_flip_ms=33 drawcalls-since-flip=19 drawcalls-total=187628 fail-total=0 null-skips-total=0
[13:14:55] [info] backdrop cache: thrashing-detect engaged (streak=64, route=direct)
[13:14:55] [info] flip-probe: flip #3000 ok=true present=5ms inter_flip_ms=40 drawcalls-since-flip=19 drawcalls-total=187818 fail-total=0 null-skips-total=0
[13:14:55] [info] alpha audit block 0: 1831 total drawcalls, 0 with alpha<255 (block pct_x10=0; global 0/172089 pct_x10=0); alpha-mod skipped: block=0 global=0
[13:14:55] [info] fastpath audit block 0: taken=1831 (idx8=1831) skipped=0 pct_x10=1000; global taken=172089 (idx8=172089) skipped=0 pct_x10=1000
[13:14:55] [info] primitive tally block 0: clear=200(hr=200) fill=0(hr=0) rect=0(hr=0) line=0(hr=0) tint=0 spotlight=0 (over 100 flips ending at flip 3000)
[13:14:55] [info] phase timing block 0: drawcalls=2043 dc_total_ms=552 flip_inner_total_ms=753 inter_flip_total_ms=3621 (per-flip avg x10: dc_ms=55 fi_ms=75 if_ms=362 derived audio+engine_ms=232; per-drawcall avg us_x10=2706) [direct-vesa: presents=100 total_ms=399 avg_ms_x10=39 failed=0] [ablation: NO_DC_TIMING=0 CACHE_WINSURF=0 DIRECT_VESA=1]
[13:14:55] [info] kbd/audio block 0: kbd_irq=0 kbd_drain=0 ring_chunks=16 pump_pass=5036 pic1_mask=0xb8 first_irq_ticks=0 install_ticks=0 vector_at_install=0x00839fa0 pic1_mask_live=0x38 kbd_8042_stat=0x34 bios_kbd_head=0x002a bios_kbd_tail=0x002a bios_kbd_buf0=0x2064
[13:14:55] [info] dirty-rect block @flip=3000: total_calls=0 dirty_rects_avg=1 dirty_pct_x10=1000 forced_full=0 first_n_force=0 threshold_exceeded=0 dirty_path_taken=0 full_flush_taken=0
[13:14:55] [info] prev-frame-diff block @flip=3000: diff_calls=0 diff_rects_avg=0 diff_dirty_pct_x10=0 bbox_pct_x10=0 bbox_thresh_exceeded=0
[13:14:55] [info] flip-probe: flip #3010 ok=true present=4ms inter_flip_ms=31 drawcalls-since-flip=19 drawcalls-total=188008 fail-total=0 null-skips-total=0
[13:14:56] [info] flip-probe: flip #3020 ok=true present=4ms inter_flip_ms=32 drawcalls-since-flip=19 drawcalls-total=188198 fail-total=0 null-skips-total=0
[13:14:56] [info] flip-probe: flip #3030 ok=true present=4ms inter_flip_ms=32 drawcalls-since-flip=19 drawcalls-total=188388 fail-total=0 null-skips-total=0
[13:14:56] [info] run_tick_fixed #5100: heartbeat (loop alive)
[13:14:56] [info] flip-probe: flip #3040 ok=true present=4ms inter_flip_ms=32 drawcalls-since-flip=19 drawcalls-total=188578 fail-total=0 null-skips-total=0
[13:14:57] [info] flip-probe: flip #3050 ok=true present=4ms inter_flip_ms=32 drawcalls-since-flip=60 drawcalls-total=189137 fail-total=0 null-skips-total=0
[13:14:57] [info] backdrop cache: thrashing-detect engaged (streak=124, route=direct)
[13:14:57] [info] flip-probe: flip #3060 ok=true present=4ms inter_flip_ms=39 drawcalls-since-flip=60 drawcalls-total=189737 fail-total=0 null-skips-total=0
[13:14:57] [info] flip-probe: flip #3070 ok=true present=4ms inter_flip_ms=33 drawcalls-since-flip=60 drawcalls-total=190337 fail-total=0 null-skips-total=0
[13:14:57] [info] tas: end-of-replay auto-exit at tick 5140 (recording exhausted; set DOSKUTSU_TAS_REPLAY_HOLD=1 to disable + observe steady-state past recording end)
[13:14:57] [info] Script engine shutdown.
[13:14:58] [info] opl3 backend: on_song_stop
[13:14:58] [info] opl3 backend: cleared reg 0xBD chip-wide latch (wub-wub mitigation per flush-instr WAVE-46 H6)
[13:14:58] [info] opl3 backend shutdown (all 18 voices KEY-OFF unconditionally; OPL2 mode restored; chip state safe for next process)
[13:14:58] [info] Sound system shutdown
[13:14:58] [info] Renderer::Close()
[13:14:58] [info] tas: replay file closed
[13:14:58] [info] [fps-true] flips=3075 render_s=130 fps_mean=23.6 (clock-independent: flips / seconds since the FIRST flip; use THIS for the fps matrix, not inter_flip medians, which are invalid in any cell running the PIT/IRQ-0 music pump)
[RUNMANIFEST-BEGIN]
schema_version=1
environment=realhw
binary_sha12=f8d446b4b0e0
wave_tag=AC4C
scene=
env_block_sha=c7adc70c137e
started_utc=2026-08-11T13:12:34Z
duration_s=144
exit_code=0
fps_p50=NA
fps_p95=NA
audio_vital_status=NA
regime=NA
banner_required_hit=0
banner_required_total=0
banner_forbidden_hit=0
banner_optional_hit=0
critical_count=0
warn_count=0
[RUNMANIFEST-END]
[13:14:58] [info] [runmanifest-emit] schema=v1 env=realhw sha12=f8d446b4b0e0 dur=144s tag='AC4C' scene='' env_sha=c7adc70c137e (signals=0x4)
