Logger::init: wave-53 log level=INFO path='LOGS/G23B.LOG'
[13:36:41] [info] config: loaded DOSKUTSU.CFG (4 keys)
[13:36:42] [info] tas: PRNG seed forced to 12345 via DOSKUTSU_TAS_PRNG_SEED
[13:36:42] [info] tas: auto-exit armed at tick 30000 via DOSKUTSU_TAS_AUTO_EXIT_TICK
[13:36:42] [info] tas: replay opened path='QA.TAS' header_seed=12345
[13:36:42] [info] AUDIO_BACKEND=gus -- bridged ULTRASND='240,3,3,7,7' ULTRADIR='C:\ULTRASND' from env into the GUS SDL hints (SDL reads hints, not env).
[13:36:42] [info] AUDIO_BACKEND=gus -- bridged 2 GUS_* diag/probe hint(s) from DOS env into the SDL hint table (DOSBox-X env-read workaround).
[13:36:42] [info] AUDIO_BACKEND=gus -- omitting SDL_INIT_AUDIO (no Sound Blaster on a Gravis Ultrasound config; the GF1 is driven out-of-band via the SDL/0112 exports + the PIT/IRQ-0 music pump). SoundManager::init() STILL RUNS (unlike AUDIO_OFF) to bring up the GF1 backend. MUSIC ONLY this phase (#27) -- GF1 SFX = #28.
[13:36:42] [info] data cache: DISABLED (default)
[13:36:42] [info] Joystick: skipped (default; set DOSKUTSU_USE_JOYSTICK=1 to enable -- skips SDL3-DOS gameport BIOS INT 15h polling, ~82 ms / flip on real HW)
[13:36:42] [info] Loading settings...
[13:36:42] [info] [input-bind] applied=0 invert_y=0 dos_axes=1
[13:36:42] [info] Renderer::initVideo: 8bpp mode requested via SDL_HINT_DOS_MAX_BPP=8 (wave 16); SDL3-DOS will pick the highest-bpp <= 8 mode at requested resolution
[13:36:42] [info] Renderer::initVideo: DOS resolution-label lock ENABLED (default)
[13:36:43] [info] Renderer::initVideo: using: software renderer
[13:36:44] [info] Renderer::initVideo: dirty-rect tracking ENABLED (wave 15, default ON; set SDL_HINT_DOSKUTSU_DIRTY_RECTS=0 to disable)
[13:36:44] [info] Renderer::initVideo: ablation flags: NO_DC_TIMING=0 CACHE_WINSURF=0 NO_INPUT_POLL=0 DIRECT_VESA=1
[13:36:44] [info] Renderer::initVideo: direct-VESA hot path ENABLED (default since wave 20 patch 0088; bypasses SDL_RenderPresent / SDL_UpdateWindowSurface and writes via SDL/0034's PresentFull helper; R2 mitigation handled by SDL/0034 generation counter -- no per-N-flip heartbeat needed; set SDL_HINT_DOSKUTSU_DIRECT_VESA=0 to revert)
[13:36:44] [info] Renderer::initVideo: flip-phase instrumentation DISABLED (default; set SDL_HINT_DOSKUTSU_FLIP_INSTR=1 to opt in for wave-20 Lever A diagnostic)
[13:36:44] [info] Renderer::initVideo: asm opaque-span blit lever DISABLED (default; set SDL_HINT_DOSKUTSU_ASM_BLIT=1 to opt in -- wave-51 _blit_indexed colorkey-blit lever)
[13:36:44] [info] Renderer::initVideo: blit-decomp instrumentation DISABLED (default; set SDL_HINT_DOSKUTSU_BLIT_DECOMP=1 to opt in -- wave-51 _blit_indexed sub-decomp sizing)
[13:36:44] [info] Renderer::initVideo: mds-scroll-decomp instrumentation DISABLED (default; set SDL_HINT_DOSKUTSU_MDS_DECOMP=1 to opt in -- wave-52 mode_draw_scene scrolling-block decomp)
[13:36:44] [info] Renderer::initVideo: DOSVESA pump yield: skipped (default) (per-flip explicit SDL_Delay(0) yield is always on; set SDL_HINT_DOSKUTSU_FORCE_PUMP_YIELD=1 to restore old per-pump yield)
[13:36:44] [info] Renderer::initVideo: indexed-mode (8bpp) ENABLED -- master palette + 107 per-asset remap LUTs loaded (wave 16, default ON; set SDL_HINT_DOSKUTSU_PIXEL_FORMAT_8=0 to disable)
[13:36:44] [info] Renderer::initVideo: master palette attached to window surface (format=SDL_PIXELFORMAT_INDEX8, ncolors=256)
[13:36:44] [info] Renderer::initVideo: indexed-mode smoke: idx0=(0,0,0) OK idx255=(255,0,255) OK
[13:36:44] [info] Renderer::initVideo: indexed-mode smoke: paletteRemapFor('MyChar.pbm') = present
[13:36:45] [info] Surface::loadImage palmap-diag #1: 'data/Loading.pbm' fmt=SDL_PIXELFORMAT_ABGR8888 remap=HIT -> path=truecolor
[13:36:45] [info] Renderer: prev-frame diff DISABLED (default since wave 17.6; set SDL_HINT_DOSKUTSU_PREVFRAME_DIFF=1 to opt in)
[13:36:45] [info] flip-probe: renderer=software window_ptr=8695544 colorspace=301991328 window_size=320x240 framebuffer_pixels=320x240 logical_present=320x240 mode=2
[13:36:45] [info] flip-probe: first flip ok=true present=43ms inter_flip_ms=0 drawcalls-since-flip=1 drawcalls-total=1
[13:36:45] [info] Sound system init
[13:36:45] [info] Sound system: GUS (GF1) path -- AUDIO_BACKEND=gus. Skipping SB16 + SDL_mixer bring-up (no SDL_INIT_AUDIO); music via native GF1 wavetable on the PIT/IRQ-0 pump. MUSIC ONLY this phase (#27) -- GF1 SFX = #28. See docs/internal/GUS-NATIVE-DESIGN.md.
[13:36:45] [info] Sound system: 4-state audio enable (#31) -- music=on sfx=on (MUSIC_OFF/AUDIO_BACKEND=none -> music-off; SFX_OFF/SFX_DEVICE=none -> sfx-off; both gates are dispatch-level, the device still opens; AUDIO_OFF=1 is the device-level both-off).
[13:36:45] [info] Sound system: Tier-2 audio config (default since wave 21 patch 0093; 11025 Hz, 1 channel, buffer pinned to 256 frames). Measured savings on g2k Pentium OverDrive 83 MHz (W21A): heavy-music scenes ~+11 fps vs Tier-1 baseline (measured -10 to -15 ms/flip post-0094 audio fix; W21A's pre-fix -26.6 ms figure was inflated by stereo-vs-mono playback bug, see patch 0094). Audio quality is reduced vs Tier-1 (mono, 11025 Hz, simple-average L+R downmix) but recognizable; user accepted the trade per direction 2026-05-05. Set SDL_HINT_DOSKUTSU_AUDIO_TIER2=0 to revert to Tier-1 22050 stereo (full Cave Story 2004 audio quality; trades fps for fidelity).
[13:36:45] [info] Sound system: SDL_HINT_AUDIO_DEVICE_SAMPLE_FRAMES=256
[13:36:45] [info] Pixtone IRQ rate-divider: handed master_rate=11025 int16/s (SAMPLE_RATE=11025 x AUDIO_CHANNELS=1) to SDL for auto-RATEDIV (SDL/0074 computes shift_div from the resolved device freq).
[13:36:45] [info] Sound system: device frame-rate: requesting 11025 Hz match to master (SDL_DOSAudioSetDeviceFrameRate; SB16 opens at the engine frame rate instead of SDL's 44100 floor -- 4x less PCM/s + no resampler on the Organya/Pixtone path; killswitch SDL_HINT_DOSKUTSU_DOS_AUDIO_DEVICE_RATE_DEFAULT=0).
[13:36:45] [info] audio backend: gus (Campaign 3 -- native Gravis Ultrasound GF1 wavetable music; GM instruments render on GF1 hardware voices from .pat samples uploaded to card DRAM; music clock = PIT/IRQ-0 pump, NOT SB IRQ-5). MUSIC ONLY this phase. SoundManager::init brings up the GF1 via SDL_DOSGusInit; if absent, music is silent (the game still runs). Reads GM .pat from ULTRADIR (Gravis stock set). See docs/internal/GUS-NATIVE-DESIGN.md.
[13:36:45] [info] Sound system: GUS (GF1) path -- no SB16 mixer (music via the PIT pump; SFX disabled on this no-SB out-of-band path).
[13:36:45] [info] wave-13.6.1: ring_chunks=16 FORCE_PUMP_YIELD=off (set SDL_HINT_DOSKUTSU_AUDIO_RING_CHUNKS=4|8|16 to override; default 16 matches wave 13.6 behaviour)
[13:36:45] [info] MidiScheduler: MIDI source = 'orgmid2' (native-GM org2mid set; resolves to data/orgmid2/<name>.mid).
[13:36:45] [info] gus backend: bringing up the GF1 (SDL_DOSGusInit -- parses ULTRASND, GF1 reset, DRAM sizing, voice/rate program, IRQ hook)...
[13:36:45] [info] gus backend ready: GF1 detected, 32 voices @ 19293 Hz, 1024 KB DRAM. Clock = PIT/IRQ-0 pump (SDL/0110), NOT SB IRQ-5. GM instruments load lazily per song from ULTRADIR .pat (Gravis stock set). MUSIC ONLY this phase (#27); GF1 SFX = #28.
[13:36:45] [info] gus backend: release-ramp ENABLED (default) -- software note-off volume fade over 12 ticks (GUS_RELEASE; the GF1 has no hardware ramp).
[13:36:45] [info] gus backend: multisample ENABLED (default) -- per-note .pat sample selection (up to 8 resident/instrument; GUS_MULTISAMPLE; =0 = single nearest-middle-C sample, patch 0245 behavior).
[13:36:45] [info] Sound system: MidiScheduler armed with MidiBackendGus (Campaign 3 GUS -- native GF1 wavetable, GM .pat instruments in card DRAM). Music dispatch routes via SMF parser + GF1 voice allocator; the clock is the PIT/IRQ-0 pump (SDL/0110), NOT the SB IRQ-5. MUSIC ONLY this phase -- no Pixtone SFX yet (GF1 SFX = #28).
[13:36:45] [info] Sound system: idle-pause skipped (backend=gus does not qualify; only opl3 supports idle-pause per patch 0115; default OFF since patch 0119 regardless of backend).
[13:36:45] [warn] Music dir Ogg/ doesn't exist
[13:36:45] [warn] Music dir Ogg11/ doesn't exist
[13:36:45] [warn] Music dir Ogg17/ doesn't exist
[13:36:45] [warn] Music dir Ogg_ridic/ doesn't exist
[13:36:45] [info] gus SFX DRAM-straddle diag [nx0256]: per-slot 256KB-bank-boundary observability active (GUS_DIAG-gated; init-time, memory-only).
[13:36:45] [info] Loading Sound FX (GUS / GF1 DRAM)... SFX budget = 640 KB of 1024 KB (reserving 384 KB for the song's .pat set -- music-priority).
[13:36:45] [info] gus SFX rendersafe [nx0257]: OFF (default) (SDL_HINT_DOSKUTSU_GUS_SFX_RENDERSAFE; opt-in pre-render budget skip; per-substep load/render instrumentation rides on GUS_DIAG).
[13:36:45] [info] gus SFX voice routing [nx0259]: SFX allocate from the reserved GF1 voice slice (SDL/0114 partition); music voices protected.
[13:36:45] [info] gus SFX gain [nx0259]: 70% (SDL_HINT_DOSKUTSU_GUS_SFX_GAIN; scales the GF1 SFX voice volume to balance against velocity/CC-scaled GUS music; default 70, clamp 0..150).
[13:36:46] [info] [pxt-cache] initGusSfx(): HIT (loaded cache; render skipped)
[13:36:52] [info] gus SFX: uploaded 66 of 117 .pxt to GF1 DRAM (8-bit unsigned mono @ 22050 Hz; 0 failed; 14 skipped over the music-priority budget). Persistent SFX bank = 637 KB DRAM (the MidiBackendGus per-song .pat residency preserves it via its auto-snapshotted keep-mark at first song start; the reserve above it always fits a song's instruments).
[13:36:52] [info] pixtone IRQ-mix: DISABLED (L3 requested but SDL backend refused; likely Organya audio backend selected -- falling back to SDL3_mixer for SFX. To engage L3 set SDL_HINT_DOSKUTSU_AUDIO_BACKEND to opl3 / wb / midi-stub.)
[13:36:52] [info] Sound system: GUS path -- Pixtone SFX uploaded to GF1 voices (#28); music via MidiBackendGus on the same shared GF1 voice pool. No SDL3_mixer / Organya.
[13:36:52] [info] gus: music pump STARTED at 120 Hz (PIT ch0 / IRQ-0 drives MidiScheduler::tick_isr; BIOS 18.2 Hz tick chained; restored on exit). This is the music clock on a no-SB card.
[13:36:52] [info] menu slide-in fixed-timestep: ENABLED (default; slide advances at 50 Hz logic rate)
[13:36:52] [info] Reading npc.tbl...
[13:36:52] [info] Loading tilekey.dat.
[13:36:52] [info] Script engine init.
[13:36:52] [info] Entering main loop...
[13:36:52] [info] audio mid-gap pump: DISABLED (default)
[13:36:52] [info] TAS fixed-timestep guard: ENABLED (default) (patch 0280; load_stage wall-clock kept out of the FT accumulator so TAS replay advances at a true 50 Hz; set SDL_HINT_DOSKUTSU_TAS_FT_GUARD=0 to disable)
[13:36:52] [info] load_stage ring+DMA silence flush: ENABLED (default) (set SDL_HINT_DOSKUTSU_LOADSTAGE_SILENCE=0 to disable)
[13:36:52] [info] load-band audio-underrun probe: DISABLED (default) (opt-in SDL_HINT_DOSKUTSU_LOADBAND_STAT=1)
[13:36:52] [info]  >> Entering stage 72: 'u'.
[13:36:52] [info] skip sheet flush: ENABLED (default) (SFXPAUSE-012 SHIPPED FIX; sprite sheets stay resident across caves so no per-cave re-decode -> no fire-frame pause; map_flush_graphics tilemap cache still flushes; set SDL_HINT_DOSKUTSU_SKIP_SHEET_FLUSH=0 to restore the old per-cave flush)
[13:36:52] [info] [skip-sheet-flush] cave=1
[13:36:52] [info] eager action sheets: ENABLED (default) (first-fire hitch fix: pre-loads the weapon bullet + hit/muzzle/trail caret sheets at stage load so the first fire/impact does not lazy-decode mid-gameplay; set SDL_HINT_DOSKUTSU_EAGER_ACTION_SHEETS=0 to restore lazy load)
[13:36:52] [info] Surface::loadImage palmap-diag #2: 'data/Bullet.pbm' fmt=SDL_PIXELFORMAT_ABGR8888 remap=HIT -> path=truecolor
[13:36:52] [info] Surface::loadImage palmap-diag #3: 'data/Arms.pbm' fmt=SDL_PIXELFORMAT_ABGR8888 remap=HIT -> path=truecolor
[13:36:53] [info] Surface::loadImage palmap-diag #4: 'data/Caret.pbm' fmt=SDL_PIXELFORMAT_ABGR8888 remap=HIT -> path=truecolor
[13:36:53] [info] Surface::loadImage palmap-diag #5: 'data/Npc/NpcSym.pbm' fmt=SDL_PIXELFORMAT_ABGR8888 remap=HIT -> path=truecolor
[13:36:53] [info] [eager-action-sheets] cave=1 sheets=4 wall_ms=879
[13:36:53] [info] Surface::loadImage palmap-diag #6: 'data/Stage/PrtWhite.pbm' fmt=SDL_PIXELFORMAT_ABGR8888 remap=HIT -> path=truecolor
[13:36:53] [info] load_stage: entry-music preload ENABLED (default) (set SDL_HINT_DOSKUTSU_PRELOAD_STAGE_MUSIC=0 to disable)
[13:36:53] [info] Surface::loadImage palmap-diag #7: 'data/bk0.pbm' fmt=SDL_PIXELFORMAT_ABGR8888 remap=HIT -> path=truecolor
[13:36:54] [info] gameloop: entered (curmap=72, running=1)
[13:36:54] [info] gameloop: iter 1 ticks=11964 mapno=-1
[13:36:54] [info] fixed-timestep: ENABLED (default; logic 50 Hz, decoupled from render)
[13:36:54] [info] map: BG skip-when-unchanged DISABLED (default) (set SDL_HINT_DOSKUTSU_BG_SKIP_WHEN_UNCHANGED=1 to enable; default OFF since wave-61 -- abandoned, it shipped a backdrop-black flicker and its +0.87 fps was below the noise floor)
[13:36:54] [info] map: skip-redundant-clear lever ENABLED (default since wave-53 promotion)
[13:36:54] [info] perf-mode: level=0 (faithful (default))
[13:36:54] [info] Surface::loadImage palmap-diag #8: 'data/Npc/NpcKings.pbm' fmt=SDL_PIXELFORMAT_ABGR8888 remap=HIT -> path=truecolor
[13:36:54] [info] audio tick-boundary pump: DISABLED (default)
[13:36:54] [info] gameloop: iter 2 ticks=12292 mapno=-1
[13:36:54] [info] gameloop: iter 3 ticks=12352 mapno=-1
[13:36:54] [info] direct-vesa: snapshot @gen=2 use_dosmemput=0 banked_multibank=0 pitches_match=1 vram_w=320 vram_h=240 vram_pitch=320 bpp=1 fb_size=76800 vram_phys=0x78000000 vram_ptr=0x77c00000
[13:36:54] [info] flip-probe: flip #10 ok=true present=-3ms inter_flip_ms=57 drawcalls-since-flip=6 drawcalls-total=43 fail-total=0 null-skips-total=0
[13:36:55] [info] flip-probe: flip #20 ok=true present=-3ms inter_flip_ms=55 drawcalls-since-flip=4 drawcalls-total=92 fail-total=0 null-skips-total=0
[13:36:55] [info] flip-probe: flip #30 ok=true present=-3ms inter_flip_ms=57 drawcalls-since-flip=326 drawcalls-total=2707 fail-total=0 null-skips-total=0
[13:36:56] [info] flip-probe: flip #40 ok=true present=-2ms inter_flip_ms=55 drawcalls-since-flip=264 drawcalls-total=5837 fail-total=0 null-skips-total=0
[13:36:56] [info] flip-probe: flip #50 ok=true present=-2ms inter_flip_ms=54 drawcalls-since-flip=67 drawcalls-total=7392 fail-total=0 null-skips-total=0
[13:36:57] [info] flip-probe: flip #60 ok=true present=-2ms inter_flip_ms=53 drawcalls-since-flip=4 drawcalls-total=7502 fail-total=0 null-skips-total=0
[13:36:58] [info] flip-probe: flip #70 ok=true present=-3ms inter_flip_ms=62 drawcalls-since-flip=6 drawcalls-total=7557 fail-total=0 null-skips-total=0
[13:36:58] [info] flip-probe: flip #80 ok=true present=-3ms inter_flip_ms=58 drawcalls-since-flip=0 drawcalls-total=7586 fail-total=0 null-skips-total=0
[13:36:59] [info] flip-probe: flip #90 ok=true present=-3ms inter_flip_ms=55 drawcalls-since-flip=0 drawcalls-total=7586 fail-total=0 null-skips-total=0
[13:36:59] [info] title: eager-title-IO phase tag ENABLED (default) (set SDL_HINT_DOSKUTSU_EAGER_TITLE_IO=0 to disable)
[13:37:00] [warn] MidiScheduler::_refresh_isr_buffer: track has 27749 events; ISR buffer is 16384 (truncated; events after 16384 will not dispatch under L2b ON -- the engine-thread tick() path still uses _events directly under L2b OFF)
[13:37:00] [info] MidiScheduler::load: parsed 'data/orgmid2/curly.mid' = 27749 events at 48 PPQ
[13:37:00] [info] gus backend: SFX-bank keep-mark = 652752 bytes DRAM (per-song .pat residency preserves [0,652752); music uploads above it).
[13:37:01] [info] gus .pat 'acpiano': 5 sample(s) -> 5 resident (multisample).
[13:37:01] [info] gus .pat 'epiano1': 1 sample(s) -> 1 resident (multisample).
[13:37:01] [info] gus .pat 'acbass': 1 sample(s) -> 1 resident (multisample).
[13:37:01] [info] gus .pat 'altosax': 3 sample(s) -> 3 resident (multisample).
[13:37:01] [info] gus .pat 'flute': 3 sample(s) -> 3 resident (multisample).
[13:37:02] [info] gus .pat 'sqrwave': 1 sample(s) -> 1 resident (multisample).
[13:37:02] [info] gus .pat 'calliope': 1 sample(s) -> 1 resident (multisample).
[13:37:03] [info] gus .pat 'warmpad': 1 sample(s) -> 1 resident (multisample).
[13:37:03] [info] gus .pat 'kick1': 1 sample(s) -> 1 resident (drum/single).
[13:37:03] [info] gus .pat 'snare1': 1 sample(s) -> 1 resident (drum/single).
[13:37:03] [info] gus .pat 'hihatcl': 1 sample(s) -> 1 resident (drum/single).
[13:37:03] [info] gus .pat 'hihatop': 1 sample(s) -> 1 resident (drum/single).
[13:37:03] [info] gus backend: on_song_start -- uploaded 12 instruments (0 missing/silent) into 1014 KB DRAM for this song; 20 subsamples resident, 0 instrument(s) K-capped/DRAM-truncated (multisample on).
[13:37:04] [info] gameloop: entered (curmap=1005, running=1)
[13:37:04] [info] gameloop: iter 1 ticks=22074 mapno=-1
[13:37:04] [info] map: backdrop cache ENABLED (default) (set SDL_HINT_DOSKUTSU_BACKDROP_CACHE=0 to disable)
[13:37:04] [info] gameloop: iter 2 ticks=22623 mapno=-1
[13:37:04] [info] gameloop: iter 3 ticks=22619 mapno=-1
[13:37:04] [info] backdrop cache: thrashing-detect engaged (streak=4, route=direct)
[13:37:04] [info] flip-probe: flip #100 ok=true present=6ms inter_flip_ms=48 drawcalls-since-flip=75 drawcalls-total=7886 fail-total=0 null-skips-total=0
[13:37:04] [info] alpha audit block 0: 7798 total drawcalls, 0 with alpha<255 (block pct_x10=0; global 0/7798 pct_x10=0); alpha-mod skipped: block=0 global=0
[13:37:04] [info] fastpath audit block 0: taken=7798 (idx8=7798) skipped=0 pct_x10=1000; global taken=7798 (idx8=7798) skipped=0 pct_x10=1000
[13:37:04] [info] primitive tally block 0: clear=220(hr=220) fill=0(hr=0) rect=0(hr=0) line=0(hr=0) tint=0 spotlight=0 (over 100 flips ending at flip 100)
[13:37:04] [info] color/alpha audit block 0: cmod_white=104 cmod_black=0 (idx=0) cmod_general=84 (idx=84) cmod_fb=0; alpha_taken=0 alpha_skipped=0 (global cmod=104/0/84/0 idx=0/84 alpha=0/0)
[13:37:04] [info] phase timing block 0: drawcalls=8209 dc_total_ms=308 flip_inner_total_ms=299 inter_flip_total_ms=19402 (per-flip avg x10: dc_ms=30 fi_ms=29 if_ms=1940 derived audio+engine_ms=1881; per-drawcall avg us_x10=375) [direct-vesa: presents=97 total_ms=105 avg_ms_x10=10 failed=0] [ablation: NO_DC_TIMING=0 CACHE_WINSURF=0 DIRECT_VESA=1]
[13:37:04] [info] kbd/audio block 0: kbd_irq=0 kbd_drain=0 ring_chunks=16 pump_pass=99 pic1_mask=0xb8 first_irq_ticks=0 install_ticks=0 vector_at_install=0x0083a5f8 pic1_mask_live=0xb8 kbd_8042_stat=0x34 bios_kbd_head=0x0038 bios_kbd_tail=0x0038 bios_kbd_buf0=0x2e63
[13:37:04] [info] audio/engine split block 0: audio_mixer_calls=0 audio_mixer_ms_x10=0 engine_tick_calls=99 engine_tick_ms_x10=548 audio_service_calls=0 audio_service_ms_x10=0 (per-flip avg; per-call us_x10: audio_mix=0 engine_tick=554044 audio_service=0; global ns: audio_mix=0 engine_tick=5485045008 audio_service=0)
[13:37:04] [info] pixtone multi-source probe: DISABLED (default)
[13:37:04] [info] dirty-rect block @flip=100: total_calls=0 dirty_rects_avg=0 dirty_pct_x10=990 forced_full=0 first_n_force=3 threshold_exceeded=2 dirty_path_taken=0 full_flush_taken=3
[13:37:04] [info] prev-frame-diff block @flip=100: diff_calls=0 diff_rects_avg=0 diff_dirty_pct_x10=0 bbox_pct_x10=0 bbox_thresh_exceeded=0
[13:37:05] [info] flip-probe: flip #110 ok=true present=-3ms inter_flip_ms=51 drawcalls-since-flip=75 drawcalls-total=8636 fail-total=0 null-skips-total=0
[13:37:05] [info] flip-probe: flip #120 ok=true present=-2ms inter_flip_ms=51 drawcalls-since-flip=75 drawcalls-total=9386 fail-total=0 null-skips-total=0
[13:37:06] [info] flip-probe: flip #130 ok=true present=-2ms inter_flip_ms=55 drawcalls-since-flip=0 drawcalls-total=9986 fail-total=0 null-skips-total=0
[13:37:06] [info] Loading profile from profile.dat
[13:37:06] [error] profile_load: unable to open 'profile.dat'
[13:37:06] [info] Loading profile from profile2.dat
[13:37:06] [error] profile_load: unable to open 'profile2.dat'
[13:37:06] [info] Loading profile from profile3.dat
[13:37:06] [info] Loading profile from profile4.dat
[13:37:06] [error] profile_load: unable to open 'profile4.dat'
[13:37:06] [info] Loading profile from profile5.dat
[13:37:07] [info] flip-probe: flip #140 ok=true present=-3ms inter_flip_ms=58 drawcalls-since-flip=214 drawcalls-total=10842 fail-total=0 null-skips-total=0
[13:37:07] [info] flip-probe: flip #150 ok=true present=-2ms inter_flip_ms=52 drawcalls-since-flip=214 drawcalls-total=12982 fail-total=0 null-skips-total=0
[13:37:07] [info] Writing settings...
[13:37:08] [info] flip-probe: flip #160 ok=true present=-3ms inter_flip_ms=56 drawcalls-since-flip=0 drawcalls-total=13846 fail-total=0 null-skips-total=0
[13:37:08] [info] flip-probe: flip #170 ok=true present=-2ms inter_flip_ms=54 drawcalls-since-flip=0 drawcalls-total=13846 fail-total=0 null-skips-total=0
[13:37:09] [info] gus backend: on_song_stop (all voices stopped).
[13:37:09] [info] Loading profile from profile5.dat
[13:37:09] [info]  >> Entering stage 20: 'Save Point'.
[13:37:09] [info] [skip-sheet-flush] cave=2
[13:37:09] [info] MidiScheduler::load: parsed 'data/orgmid2/mura.mid' = 7123 events at 48 PPQ
[13:37:10] [info] gus .pat 'acpiano': 5 sample(s) -> 5 resident (multisample).
[13:37:10] [info] gus .pat 'epiano1': 1 sample(s) -> 1 resident (multisample).
[13:37:10] [info] gus .pat 'acbass': 1 sample(s) -> 1 resident (multisample).
[13:37:10] [info] gus .pat 'altosax': 3 sample(s) -> 3 resident (multisample).
[13:37:11] [info] gus .pat 'flute': 3 sample(s) -> 3 resident (multisample).
[13:37:11] [info] gus .pat 'sqrwave': 1 sample(s) -> 1 resident (multisample).
[13:37:12] [info] gus .pat 'calliope': 1 sample(s) -> 1 resident (multisample).
[13:37:12] [info] gus .pat 'warmpad': 1 sample(s) -> 1 resident (multisample).
[13:37:12] [info] gus .pat 'kick1': 1 sample(s) -> 1 resident (drum/single).
[13:37:12] [info] gus .pat 'snare1': 1 sample(s) -> 1 resident (drum/single).
[13:37:13] [info] gus .pat 'hihatcl': 1 sample(s) -> 1 resident (drum/single).
[13:37:13] [info] gus .pat 'tommid2': 1 sample(s) -> 1 resident (drum/single).
[13:37:13] [warn] gus backend: 'hihatop.pat' DRAM upload failed (full?); instrument silent. dram_size=1048576 bytes.
[13:37:13] [info] gus backend: on_song_start -- uploaded 12 instruments (1 missing/silent) into 1019 KB DRAM for this song; 20 subsamples resident, 0 instrument(s) K-capped/DRAM-truncated (multisample on).
[13:37:13] [info] gameloop: entered (curmap=20, running=1)
[13:37:13] [info] gameloop: iter 1 ticks=31301 mapno=-1
[13:37:13] [info] TAS stall discount: ENABLED (default) (patch 0286; a replay frame over 150 ms is a load, not slow rendering, so it contributes 1 tick instead of its wall-clock; set SDL_HINT_DOSKUTSU_TAS_STALL_DISCOUNT=0 to disable)
[13:37:13] [info] TAS accumulator clamp: DISABLED (default) (patch 0281; caps the FT accumulator delta at one tick during TAS so a stalled frame cannot race the replay index; set SDL_HINT_DOSKUTSU_TAS_FT_GUARD=0 to disable)
[13:37:13] [info] gameloop: iter 2 ticks=31356 mapno=-1
[13:37:13] [info] gameloop: iter 3 ticks=31353 mapno=-1
[13:37:13] [info] flip-probe: flip #180 ok=true present=-3ms inter_flip_ms=2 drawcalls-since-flip=17 drawcalls-total=13971 fail-total=0 null-skips-total=0
[13:37:13] [info] flip-probe: flip #190 ok=true present=6ms inter_flip_ms=52 drawcalls-since-flip=17 drawcalls-total=14141 fail-total=0 null-skips-total=0
[13:37:13] [info] flip-probe: flip #200 ok=true present=-2ms inter_flip_ms=1 drawcalls-since-flip=17 drawcalls-total=14311 fail-total=0 null-skips-total=0
[13:37:13] [info] alpha audit block 0: 5788 total drawcalls, 0 with alpha<255 (block pct_x10=0; global 0/13586 pct_x10=0); alpha-mod skipped: block=0 global=0
[13:37:13] [info] fastpath audit block 0: taken=5788 (idx8=5788) skipped=0 pct_x10=1000; global taken=13586 (idx8=13586) skipped=0 pct_x10=1000
[13:37:13] [info] primitive tally block 0: clear=201(hr=201) fill=0(hr=0) rect=0(hr=0) line=0(hr=0) tint=0 spotlight=0 (over 100 flips ending at flip 200)
[13:37:13] [info] color/alpha audit block 0: cmod_white=1438 cmod_black=0 (idx=0) cmod_general=609 (idx=609) cmod_fb=0; alpha_taken=0 alpha_skipped=0 (global cmod=1542/0/693/0 idx=0/693 alpha=0/0)
[13:37:13] [info] phase timing block 0: drawcalls=8036 dc_total_ms=334 flip_inner_total_ms=25 inter_flip_total_ms=9066 (per-flip avg x10: dc_ms=33 fi_ms=2 if_ms=906 derived audio+engine_ms=871; per-drawcall avg us_x10=416) [direct-vesa: presents=100 total_ms=18446744073668 avg_ms_x10=184467440733 failed=0] [ablation: NO_DC_TIMING=0 CACHE_WINSURF=0 DIRECT_VESA=1]
[13:37:13] [info] kbd/audio block 0: kbd_irq=0 kbd_drain=0 ring_chunks=16 pump_pass=200 pic1_mask=0xb8 first_irq_ticks=0 install_ticks=0 vector_at_install=0x0083a5f8 pic1_mask_live=0xb8 kbd_8042_stat=0x34 bios_kbd_head=0x0038 bios_kbd_tail=0x0038 bios_kbd_buf0=0x2e63
[13:37:13] [info] audio/engine split block 0: audio_mixer_calls=0 audio_mixer_ms_x10=0 engine_tick_calls=76 engine_tick_ms_x10=28 audio_service_calls=0 audio_service_ms_x10=0 (per-flip avg; per-call us_x10: audio_mix=0 engine_tick=38015 audio_service=0; global ns: audio_mix=0 engine_tick=5773960344 audio_service=0)
[13:37:13] [info] dirty-rect block @flip=200: total_calls=0 dirty_rects_avg=1 dirty_pct_x10=1000 forced_full=0 first_n_force=0 threshold_exceeded=0 dirty_path_taken=0 full_flush_taken=0
[13:37:13] [info] prev-frame-diff block @flip=200: diff_calls=0 diff_rects_avg=0 diff_dirty_pct_x10=0 bbox_pct_x10=0 bbox_thresh_exceeded=0
[13:37:14] [info] tas: stall frame 276 ms -> contributing 1 tick (patch 0286)
[13:37:14] [info] flip-probe: flip #210 ok=true present=-3ms inter_flip_ms=7 drawcalls-since-flip=17 drawcalls-total=14481 fail-total=0 null-skips-total=0
[13:37:14] [info] flip-probe: flip #220 ok=true present=53ms inter_flip_ms=2 drawcalls-since-flip=17 drawcalls-total=14651 fail-total=0 null-skips-total=0
[13:37:14] [info] flip-probe: flip #230 ok=true present=-3ms inter_flip_ms=1 drawcalls-since-flip=17 drawcalls-total=14821 fail-total=0 null-skips-total=0
[13:37:14] [info] flip-probe: flip #240 ok=true present=-3ms inter_flip_ms=57 drawcalls-since-flip=17 drawcalls-total=14991 fail-total=0 null-skips-total=0
[13:37:15] [info] flip-probe: flip #250 ok=true present=-3ms inter_flip_ms=2 drawcalls-since-flip=17 drawcalls-total=15161 fail-total=0 null-skips-total=0
[13:37:15] [info] flip-probe: flip #260 ok=true present=-3ms inter_flip_ms=57 drawcalls-since-flip=17 drawcalls-total=15331 fail-total=0 null-skips-total=0
[13:37:15] [info] flip-probe: flip #270 ok=true present=-3ms inter_flip_ms=-2 drawcalls-since-flip=334 drawcalls-total=16881 fail-total=0 null-skips-total=0
[13:37:15] [info] flip-probe: flip #280 ok=true present=-3ms inter_flip_ms=1 drawcalls-since-flip=6 drawcalls-total=20101 fail-total=0 null-skips-total=0
[13:37:15] [info]  >> Entering stage 11: 'Mimiga Village'.
[13:37:15] [info] [skip-sheet-flush] cave=3
[13:37:16] [info] [load-stage] preloading entry music song=9 (cave=3)
[13:37:16] [info] gameloop: entered (curmap=11, running=1)
[13:37:16] [info] gameloop: iter 1 ticks=34374 mapno=-1
[13:37:16] [info] map: mds_clear LUT ENABLED (default) (set SDL_HINT_DOSKUTSU_MDS_CLEAR_LUT=0 to disable; default ON; patch 0144 wave-49 bandwidth lever)
[13:37:16] [info] mds-clear-lut: rebuilt N=240 entries (k_skip=0% k_keep=100%; curmap=11 map_size=60x60; rebuild #1 since boot)
[13:37:16] [info] backdrop thrash full-cover ENABLED (default) (set SDL_HINT_DOSKUTSU_THRASH_FULLCOVER=0 to disable)
[13:37:16] [info] [bd-diag] backdrop render-path diag disabled (default) (set SDL_HINT_DOSKUTSU_BACKDROP_DIAG=1 to enable)
[13:37:16] [info] gameloop: iter 2 ticks=34596 mapno=-1
[13:37:16] [info] tas: stall frame 223 ms -> contributing 1 tick (patch 0286)
[13:37:16] [info] gameloop: iter 3 ticks=34653 mapno=-1
[13:37:17] [info] flip-probe: flip #290 ok=true present=-3ms inter_flip_ms=58 drawcalls-since-flip=372 drawcalls-total=23174 fail-total=0 null-skips-total=0
[13:37:17] [info] backdrop cache: thrashing-detect engaged (streak=4, route=direct)
[13:37:17] [info] flip-probe: flip #300 ok=true present=-3ms inter_flip_ms=2 drawcalls-since-flip=32 drawcalls-total=24366 fail-total=0 null-skips-total=0
[13:37:17] [info] alpha audit block 0: 9803 total drawcalls, 0 with alpha<255 (block pct_x10=0; global 0/23389 pct_x10=0); alpha-mod skipped: block=0 global=0
[13:37:17] [info] fastpath audit block 0: taken=9803 (idx8=9803) skipped=0 pct_x10=1000; global taken=23389 (idx8=23389) skipped=0 pct_x10=1000
[13:37:17] [info] primitive tally block 0: clear=203(hr=203) fill=0(hr=0) rect=0(hr=0) line=0(hr=0) tint=0 spotlight=0 (over 100 flips ending at flip 300)
[13:37:17] [info] color/alpha audit block 0: cmod_white=234 cmod_black=234 (idx=234) cmod_general=0 (idx=0) cmod_fb=0; alpha_taken=0 alpha_skipped=0 (global cmod=1776/234/693/0 idx=234/693 alpha=0/0)
[13:37:17] [info] phase timing block 0: drawcalls=10482 dc_total_ms=715 flip_inner_total_ms=396 inter_flip_total_ms=3519 (per-flip avg x10: dc_ms=71 fi_ms=39 if_ms=351 derived audio+engine_ms=241; per-drawcall avg us_x10=683) [direct-vesa: presents=100 total_ms=238 avg_ms_x10=23 failed=0] [ablation: NO_DC_TIMING=0 CACHE_WINSURF=0 DIRECT_VESA=1]
[13:37:17] [info] kbd/audio block 0: kbd_irq=0 kbd_drain=0 ring_chunks=16 pump_pass=334 pic1_mask=0xb8 first_irq_ticks=0 install_ticks=0 vector_at_install=0x0083a5f8 pic1_mask_live=0xb8 kbd_8042_stat=0x34 bios_kbd_head=0x0038 bios_kbd_tail=0x0038 bios_kbd_buf0=0x2e63
[13:37:17] [info] [tile-speedup-stat n=100 drawtile_us=19.56 raw_blit_us=184467440737025.84 ratio=0.00]
[13:37:17] [info] dirty-rect block @flip=300: total_calls=100 dirty_rects_avg=1 dirty_pct_x10=1000 forced_full=0 first_n_force=0 threshold_exceeded=0 dirty_path_taken=0 full_flush_taken=0
[13:37:17] [info] prev-frame-diff block @flip=300: diff_calls=0 diff_rects_avg=0 diff_dirty_pct_x10=0 bbox_pct_x10=0 bbox_thresh_exceeded=0
[13:37:17] [info] flip-probe: flip #310 ok=true present=5ms inter_flip_ms=49 drawcalls-since-flip=45 drawcalls-total=24898 fail-total=0 null-skips-total=0
[13:37:18] [info] flip-probe: flip #320 ok=true present=6ms inter_flip_ms=-2 drawcalls-since-flip=46 drawcalls-total=25352 fail-total=0 null-skips-total=0
[13:37:18] [info] flip-probe: flip #330 ok=true present=-2ms inter_flip_ms=56 drawcalls-since-flip=44 drawcalls-total=25805 fail-total=0 null-skips-total=0
[13:37:18] [info] backdrop cache: thrashing-detect engaged (streak=4, route=direct)
[13:37:18] [info] flip-probe: flip #340 ok=true present=5ms inter_flip_ms=1 drawcalls-since-flip=43 drawcalls-total=26236 fail-total=0 null-skips-total=0
[13:37:19] [info] flip-probe: flip #350 ok=true present=6ms inter_flip_ms=48 drawcalls-since-flip=43 drawcalls-total=26666 fail-total=0 null-skips-total=0
[13:37:19] [info] flip-probe: flip #360 ok=true present=6ms inter_flip_ms=55 drawcalls-since-flip=43 drawcalls-total=27096 fail-total=0 null-skips-total=0
[13:37:19] [info] flip-probe: flip #370 ok=true present=-3ms inter_flip_ms=55 drawcalls-since-flip=43 drawcalls-total=27526 fail-total=0 null-skips-total=0
[13:37:20] [info] flip-probe: flip #380 ok=true present=52ms inter_flip_ms=4 drawcalls-since-flip=43 drawcalls-total=27956 fail-total=0 null-skips-total=0
[13:37:20] [info] flip-probe: flip #390 ok=true present=-2ms inter_flip_ms=53 drawcalls-since-flip=43 drawcalls-total=28386 fail-total=0 null-skips-total=0
[13:37:20] [info] backdrop cache: thrashing-detect engaged (streak=64, route=direct)
[13:37:20] [info] flip-probe: flip #400 ok=true present=6ms inter_flip_ms=50 drawcalls-since-flip=43 drawcalls-total=28816 fail-total=0 null-skips-total=0
[13:37:20] [info] alpha audit block 0: 3050 total drawcalls, 0 with alpha<255 (block pct_x10=0; global 0/26439 pct_x10=0); alpha-mod skipped: block=0 global=0
[13:37:20] [info] fastpath audit block 0: taken=3050 (idx8=3050) skipped=0 pct_x10=1000; global taken=26439 (idx8=26439) skipped=0 pct_x10=1000
[13:37:20] [info] primitive tally block 0: clear=200(hr=200) fill=0(hr=0) rect=0(hr=0) line=0(hr=0) tint=0 spotlight=0 (over 100 flips ending at flip 400)
[13:37:20] [info] color/alpha audit block 0: cmod_white=1300 cmod_black=1300 (idx=1300) cmod_general=0 (idx=0) cmod_fb=0; alpha_taken=0 alpha_skipped=0 (global cmod=3076/1534/693/0 idx=1534/693 alpha=0/0)
[13:37:20] [info] phase timing block 0: drawcalls=5866 dc_total_ms=432 flip_inner_total_ms=642 inter_flip_total_ms=3234 (per-flip avg x10: dc_ms=43 fi_ms=64 if_ms=323 derived audio+engine_ms=216; per-drawcall avg us_x10=736) [direct-vesa: presents=100 total_ms=586 avg_ms_x10=58 failed=0] [ablation: NO_DC_TIMING=0 CACHE_WINSURF=0 DIRECT_VESA=1]
[13:37:20] [info] kbd/audio block 0: kbd_irq=0 kbd_drain=0 ring_chunks=16 pump_pass=496 pic1_mask=0xb8 first_irq_ticks=0 install_ticks=0 vector_at_install=0x0083a5f8 pic1_mask_live=0xb8 kbd_8042_stat=0x34 bios_kbd_head=0x0038 bios_kbd_tail=0x0038 bios_kbd_buf0=0x2e63
[13:37:20] [info] dirty-rect block @flip=400: total_calls=0 dirty_rects_avg=1 dirty_pct_x10=1000 forced_full=0 first_n_force=0 threshold_exceeded=0 dirty_path_taken=0 full_flush_taken=0
[13:37:20] [info] prev-frame-diff block @flip=400: diff_calls=0 diff_rects_avg=0 diff_dirty_pct_x10=0 bbox_pct_x10=0 bbox_thresh_exceeded=0
[13:37:20] [info] flip-probe: flip #410 ok=true present=-3ms inter_flip_ms=55 drawcalls-since-flip=17 drawcalls-total=29038 fail-total=0 null-skips-total=0
[13:37:21] [info] flip-probe: flip #420 ok=true present=-2ms inter_flip_ms=0 drawcalls-since-flip=17 drawcalls-total=29208 fail-total=0 null-skips-total=0
[13:37:21] [info] flip-probe: flip #430 ok=true present=-2ms inter_flip_ms=-1 drawcalls-since-flip=17 drawcalls-total=29378 fail-total=0 null-skips-total=0
[13:37:21] [info] flip-probe: flip #440 ok=true present=-3ms inter_flip_ms=4 drawcalls-since-flip=20 drawcalls-total=29567 fail-total=0 null-skips-total=0
[13:37:22] [info] flip-probe: flip #450 ok=true present=6ms inter_flip_ms=-2 drawcalls-since-flip=18 drawcalls-total=29759 fail-total=0 null-skips-total=0
[13:37:22] [info] backdrop cache: thrashing-detect engaged (streak=124, route=direct)
[13:37:22] [info] flip-probe: flip #460 ok=true present=54ms inter_flip_ms=3 drawcalls-since-flip=17 drawcalls-total=29930 fail-total=0 null-skips-total=0
[13:37:22] [info] flip-probe: flip #470 ok=true present=-3ms inter_flip_ms=54 drawcalls-since-flip=19 drawcalls-total=30099 fail-total=0 null-skips-total=0
[13:37:22] [info] run_tick_fixed #600: heartbeat (loop alive)
[13:37:22] [info] flip-probe: flip #480 ok=true present=-3ms inter_flip_ms=55 drawcalls-since-flip=18 drawcalls-total=30279 fail-total=0 null-skips-total=0
[13:37:23] [info] flip-probe: flip #490 ok=true present=-2ms inter_flip_ms=6 drawcalls-since-flip=15 drawcalls-total=30440 fail-total=0 null-skips-total=0
[13:37:23] [info] flip-probe: flip #500 ok=true present=-2ms inter_flip_ms=55 drawcalls-since-flip=17 drawcalls-total=30594 fail-total=0 null-skips-total=0
[13:37:23] [info] alpha audit block 0: 1652 total drawcalls, 0 with alpha<255 (block pct_x10=0; global 0/28091 pct_x10=0); alpha-mod skipped: block=0 global=0
[13:37:23] [info] fastpath audit block 0: taken=1652 (idx8=1652) skipped=0 pct_x10=1000; global taken=28091 (idx8=28091) skipped=0 pct_x10=1000
[13:37:23] [info] primitive tally block 0: clear=200(hr=200) fill=0(hr=0) rect=0(hr=0) line=0(hr=0) tint=0 spotlight=0 (over 100 flips ending at flip 500)
[13:37:23] [info] color/alpha audit block 0: cmod_white=26 cmod_black=26 (idx=26) cmod_general=0 (idx=0) cmod_fb=0; alpha_taken=0 alpha_skipped=0 (global cmod=3102/1560/693/0 idx=1560/693 alpha=0/0)
[13:37:23] [info] phase timing block 0: drawcalls=1904 dc_total_ms=605 flip_inner_total_ms=328 inter_flip_total_ms=2913 (per-flip avg x10: dc_ms=60 fi_ms=32 if_ms=291 derived audio+engine_ms=199; per-drawcall avg us_x10=3180) [direct-vesa: presents=100 total_ms=293 avg_ms_x10=29 failed=0] [ablation: NO_DC_TIMING=0 CACHE_WINSURF=0 DIRECT_VESA=1]
[13:37:23] [info] kbd/audio block 0: kbd_irq=0 kbd_drain=0 ring_chunks=16 pump_pass=645 pic1_mask=0xb8 first_irq_ticks=0 install_ticks=0 vector_at_install=0x0083a5f8 pic1_mask_live=0xb8 kbd_8042_stat=0x34 bios_kbd_head=0x0038 bios_kbd_tail=0x0038 bios_kbd_buf0=0x2e63
[13:37:23] [info] dirty-rect block @flip=500: total_calls=0 dirty_rects_avg=1 dirty_pct_x10=1000 forced_full=0 first_n_force=0 threshold_exceeded=0 dirty_path_taken=0 full_flush_taken=0
[13:37:23] [info] prev-frame-diff block @flip=500: diff_calls=0 diff_rects_avg=0 diff_dirty_pct_x10=0 bbox_pct_x10=0 bbox_thresh_exceeded=0
[13:37:23] [info] flip-probe: flip #510 ok=true present=-3ms inter_flip_ms=1 drawcalls-since-flip=18 drawcalls-total=30773 fail-total=0 null-skips-total=0
[13:37:23] [info] backdrop cache: thrashing-detect engaged (streak=184, route=direct)
[13:37:24] [info] flip-probe: flip #520 ok=true present=-2ms inter_flip_ms=59 drawcalls-since-flip=16 drawcalls-total=30943 fail-total=0 null-skips-total=0
[13:37:24] [info] flip-probe: flip #530 ok=true present=-3ms inter_flip_ms=59 drawcalls-since-flip=15 drawcalls-total=31094 fail-total=0 null-skips-total=0
[13:37:24] [info] flip-probe: flip #540 ok=true present=6ms inter_flip_ms=0 drawcalls-since-flip=15 drawcalls-total=31244 fail-total=0 null-skips-total=0
[13:37:25] [info] flip-probe: flip #550 ok=true present=6ms inter_flip_ms=50 drawcalls-since-flip=229 drawcalls-total=32258 fail-total=0 null-skips-total=0
[13:37:25] [info] flip-probe: flip #560 ok=true present=6ms inter_flip_ms=53 drawcalls-since-flip=4 drawcalls-total=34743 fail-total=0 null-skips-total=0
[13:37:25] [info]  >> Entering stage 17: 'Yamashita Farm'.
[13:37:25] [info] [skip-sheet-flush] cave=4
[13:37:25] [info] [load-stage] preloading entry music song=13 (cave=4)
[13:37:25] [info] gus backend: on_song_stop (all voices stopped).
[13:37:26] [info] MidiScheduler::load: parsed 'data/orgmid2/plant.mid' = 6246 events at 48 PPQ
[13:37:26] [info] gus .pat 'acpiano': 5 sample(s) -> 5 resident (multisample).
[13:37:27] [info] gus .pat 'epiano1': 1 sample(s) -> 1 resident (multisample).
[13:37:27] [info] gus .pat 'acbass': 1 sample(s) -> 1 resident (multisample).
[13:37:27] [info] gus .pat 'altosax': 3 sample(s) -> 3 resident (multisample).
[13:37:27] [info] gus .pat 'flute': 3 sample(s) -> 3 resident (multisample).
[13:37:28] [info] gus .pat 'sqrwave': 1 sample(s) -> 1 resident (multisample).
[13:37:28] [info] gus .pat 'calliope': 1 sample(s) -> 1 resident (multisample).
[13:37:28] [info] gus .pat 'warmpad': 1 sample(s) -> 1 resident (multisample).
[13:37:29] [info] gus .pat 'kick1': 1 sample(s) -> 1 resident (drum/single).
[13:37:29] [info] gus .pat 'snare1': 1 sample(s) -> 1 resident (drum/single).
[13:37:29] [info] gus .pat 'hihatcl': 1 sample(s) -> 1 resident (drum/single).
[13:37:29] [info] gus .pat 'hihatop': 1 sample(s) -> 1 resident (drum/single).
[13:37:29] [info] gus backend: on_song_start -- uploaded 12 instruments (0 missing/silent) into 1014 KB DRAM for this song; 20 subsamples resident, 0 instrument(s) K-capped/DRAM-truncated (multisample on).
[13:37:29] [info] gameloop: entered (curmap=17, running=1)
[13:37:29] [info] gameloop: iter 1 ticks=47671 mapno=-1
[13:37:29] [info] mds-clear-lut: rebuilt N=240 entries (k_skip=33% k_keep=67%; curmap=17 map_size=40x16; rebuild #2 since boot)
[13:37:29] [info] gameloop: iter 2 ticks=47832 mapno=-1
[13:37:29] [info] tas: stall frame 168 ms -> contributing 1 tick (patch 0286)
[13:37:29] [info] gameloop: iter 3 ticks=47890 mapno=-1
[13:37:30] [info] flip-probe: flip #570 ok=true present=-3ms inter_flip_ms=53 drawcalls-since-flip=341 drawcalls-total=38311 fail-total=0 null-skips-total=0
[13:37:30] [info] flip-probe: flip #580 ok=true present=6ms inter_flip_ms=53 drawcalls-since-flip=134 drawcalls-total=40257 fail-total=0 null-skips-total=0
[13:37:31] [info] flip-probe: flip #590 ok=true present=53ms inter_flip_ms=0 drawcalls-since-flip=140 drawcalls-total=41642 fail-total=0 null-skips-total=0
[13:37:31] [info] flip-probe: flip #600 ok=true present=-3ms inter_flip_ms=57 drawcalls-since-flip=145 drawcalls-total=43064 fail-total=0 null-skips-total=0
[13:37:31] [info] alpha audit block 0: 11863 total drawcalls, 0 with alpha<255 (block pct_x10=0; global 0/39954 pct_x10=0); alpha-mod skipped: block=0 global=0
[13:37:31] [info] fastpath audit block 0: taken=11863 (idx8=11863) skipped=0 pct_x10=1000; global taken=39954 (idx8=39954) skipped=0 pct_x10=1000
[13:37:31] [info] primitive tally block 0: clear=203(hr=203) fill=0(hr=0) rect=0(hr=0) line=0(hr=0) tint=0 spotlight=0 (over 100 flips ending at flip 600)
[13:37:31] [info] color/alpha audit block 0: cmod_white=507 cmod_black=507 (idx=507) cmod_general=0 (idx=0) cmod_fb=0; alpha_taken=0 alpha_skipped=0 (global cmod=3609/2067/693/0 idx=2067/693 alpha=0/0)
[13:37:31] [info] phase timing block 0: drawcalls=13119 dc_total_ms=1435 flip_inner_total_ms=198 inter_flip_total_ms=7965 (per-flip avg x10: dc_ms=143 fi_ms=19 if_ms=796 derived audio+engine_ms=634; per-drawcall avg us_x10=1094) [direct-vesa: presents=100 total_ms=137 avg_ms_x10=13 failed=0] [ablation: NO_DC_TIMING=0 CACHE_WINSURF=0 DIRECT_VESA=1]
[13:37:31] [info] kbd/audio block 0: kbd_irq=0 kbd_drain=0 ring_chunks=16 pump_pass=831 pic1_mask=0xb8 first_irq_ticks=0 install_ticks=0 vector_at_install=0x0083a5f8 pic1_mask_live=0xb8 kbd_8042_stat=0x34 bios_kbd_head=0x0038 bios_kbd_tail=0x0038 bios_kbd_buf0=0x2e63
[13:37:31] [info] dirty-rect block @flip=600: total_calls=0 dirty_rects_avg=1 dirty_pct_x10=1000 forced_full=0 first_n_force=0 threshold_exceeded=0 dirty_path_taken=0 full_flush_taken=0
[13:37:31] [info] prev-frame-diff block @flip=600: diff_calls=0 diff_rects_avg=0 diff_dirty_pct_x10=0 bbox_pct_x10=0 bbox_thresh_exceeded=0
[13:37:31] [info] flip-probe: flip #610 ok=true present=-3ms inter_flip_ms=58 drawcalls-since-flip=146 drawcalls-total=44509 fail-total=0 null-skips-total=0
[13:37:32] [info] backdrop cache: thrashing-detect engaged (streak=4, route=direct)
[13:37:32] [info] flip-probe: flip #620 ok=true present=53ms inter_flip_ms=5 drawcalls-since-flip=132 drawcalls-total=45809 fail-total=0 null-skips-total=0
[13:37:32] [info] flip-probe: flip #630 ok=true present=-2ms inter_flip_ms=59 drawcalls-since-flip=138 drawcalls-total=47151 fail-total=0 null-skips-total=0
[13:37:33] [info] flip-probe: flip #640 ok=true present=-2ms inter_flip_ms=55 drawcalls-since-flip=142 drawcalls-total=48541 fail-total=0 null-skips-total=0
[13:37:33] [info] flip-probe: flip #650 ok=true present=-2ms inter_flip_ms=52 drawcalls-since-flip=149 drawcalls-total=50005 fail-total=0 null-skips-total=0
[13:37:33] [info] flip-probe: flip #660 ok=true present=-3ms inter_flip_ms=59 drawcalls-since-flip=150 drawcalls-total=51473 fail-total=0 null-skips-total=0
[13:37:34] [info] flip-probe: flip #670 ok=true present=6ms inter_flip_ms=51 drawcalls-since-flip=142 drawcalls-total=52914 fail-total=0 null-skips-total=0
[13:37:34] [info] backdrop cache: thrashing-detect engaged (streak=64, route=direct)
[13:37:34] [info] flip-probe: flip #680 ok=true present=-3ms inter_flip_ms=8 drawcalls-since-flip=135 drawcalls-total=54308 fail-total=0 null-skips-total=0
[13:37:35] [info] flip-probe: flip #690 ok=true present=-3ms inter_flip_ms=54 drawcalls-since-flip=109 drawcalls-total=55412 fail-total=0 null-skips-total=0
[13:37:35] [info] flip-probe: flip #700 ok=true present=-3ms inter_flip_ms=61 drawcalls-since-flip=99 drawcalls-total=56442 fail-total=0 null-skips-total=0
[13:37:35] [info] alpha audit block 0: 12225 total drawcalls, 0 with alpha<255 (block pct_x10=0; global 0/52179 pct_x10=0); alpha-mod skipped: block=0 global=0
[13:37:35] [info] fastpath audit block 0: taken=12225 (idx8=12225) skipped=0 pct_x10=1000; global taken=52179 (idx8=52179) skipped=0 pct_x10=1000
[13:37:35] [info] primitive tally block 0: clear=200(hr=200) fill=0(hr=0) rect=0(hr=0) line=0(hr=0) tint=0 spotlight=0 (over 100 flips ending at flip 700)
[13:37:35] [info] color/alpha audit block 0: cmod_white=1053 cmod_black=1053 (idx=1053) cmod_general=0 (idx=0) cmod_fb=0; alpha_taken=0 alpha_skipped=0 (global cmod=4662/3120/693/0 idx=3120/693 alpha=0/0)
[13:37:35] [info] phase timing block 0: drawcalls=14544 dc_total_ms=1297 flip_inner_total_ms=427 inter_flip_total_ms=4013 (per-flip avg x10: dc_ms=129 fi_ms=42 if_ms=401 derived audio+engine_ms=230; per-drawcall avg us_x10=891) [direct-vesa: presents=100 total_ms=394 avg_ms_x10=39 failed=0] [ablation: NO_DC_TIMING=0 CACHE_WINSURF=0 DIRECT_VESA=1]
[13:37:35] [info] kbd/audio block 0: kbd_irq=0 kbd_drain=0 ring_chunks=16 pump_pass=1032 pic1_mask=0xb8 first_irq_ticks=0 install_ticks=0 vector_at_install=0x0083a5f8 pic1_mask_live=0xb8 kbd_8042_stat=0x34 bios_kbd_head=0x0038 bios_kbd_tail=0x0038 bios_kbd_buf0=0x2e63
[13:37:35] [info] dirty-rect block @flip=700: total_calls=0 dirty_rects_avg=1 dirty_pct_x10=1000 forced_full=0 first_n_force=0 threshold_exceeded=0 dirty_path_taken=0 full_flush_taken=0
[13:37:35] [info] prev-frame-diff block @flip=700: diff_calls=0 diff_rects_avg=0 diff_dirty_pct_x10=0 bbox_pct_x10=0 bbox_thresh_exceeded=0
[13:37:35] [info] flip-probe: flip #710 ok=true present=-3ms inter_flip_ms=4 drawcalls-since-flip=104 drawcalls-total=57466 fail-total=0 null-skips-total=0
[13:37:36] [info] flip-probe: flip #720 ok=true present=-2ms inter_flip_ms=59 drawcalls-since-flip=108 drawcalls-total=58522 fail-total=0 null-skips-total=0
[13:37:36] [info] flip-probe: flip #730 ok=true present=5ms inter_flip_ms=50 drawcalls-since-flip=108 drawcalls-total=59595 fail-total=0 null-skips-total=0
[13:37:36] [info] backdrop cache: thrashing-detect engaged (streak=124, route=direct)
[13:37:36] [info] flip-probe: flip #740 ok=true present=-2ms inter_flip_ms=58 drawcalls-since-flip=105 drawcalls-total=60677 fail-total=0 null-skips-total=0
[13:37:37] [info] flip-probe: flip #750 ok=true present=6ms inter_flip_ms=0 drawcalls-since-flip=96 drawcalls-total=61715 fail-total=0 null-skips-total=0
[13:37:37] [info] flip-probe: flip #760 ok=true present=-2ms inter_flip_ms=4 drawcalls-since-flip=105 drawcalls-total=62736 fail-total=0 null-skips-total=0
[13:37:37] [info] backdrop cache: thrashing-detect engaged (streak=4, route=direct)
[13:37:38] [info] flip-probe: flip #770 ok=true present=5ms inter_flip_ms=56 drawcalls-since-flip=109 drawcalls-total=63818 fail-total=0 null-skips-total=0
[13:37:38] [info] flip-probe: flip #780 ok=true present=-2ms inter_flip_ms=55 drawcalls-since-flip=118 drawcalls-total=64973 fail-total=0 null-skips-total=0
[13:37:38] [info] flip-probe: flip #790 ok=true present=53ms inter_flip_ms=-3 drawcalls-since-flip=115 drawcalls-total=66117 fail-total=0 null-skips-total=0
[13:37:39] [info] flip-probe: flip #800 ok=true present=-3ms inter_flip_ms=55 drawcalls-since-flip=111 drawcalls-total=67209 fail-total=0 null-skips-total=0
[13:37:39] [info] alpha audit block 0: 10667 total drawcalls, 0 with alpha<255 (block pct_x10=0; global 0/62846 pct_x10=0); alpha-mod skipped: block=0 global=0
[13:37:39] [info] fastpath audit block 0: taken=10667 (idx8=10667) skipped=0 pct_x10=1000; global taken=62846 (idx8=62846) skipped=0 pct_x10=1000
[13:37:39] [info] primitive tally block 0: clear=200(hr=200) fill=0(hr=0) rect=0(hr=0) line=0(hr=0) tint=0 spotlight=0 (over 100 flips ending at flip 800)
[13:37:39] [info] phase timing block 0: drawcalls=10876 dc_total_ms=841 flip_inner_total_ms=747 inter_flip_total_ms=3732 (per-flip avg x10: dc_ms=84 fi_ms=74 if_ms=373 derived audio+engine_ms=215; per-drawcall avg us_x10=773) [direct-vesa: presents=100 total_ms=570 avg_ms_x10=57 failed=0] [ablation: NO_DC_TIMING=0 CACHE_WINSURF=0 DIRECT_VESA=1]
[13:37:39] [info] kbd/audio block 0: kbd_irq=0 kbd_drain=0 ring_chunks=16 pump_pass=1223 pic1_mask=0xb8 first_irq_ticks=0 install_ticks=0 vector_at_install=0x0083a5f8 pic1_mask_live=0xb8 kbd_8042_stat=0x34 bios_kbd_head=0x0038 bios_kbd_tail=0x0038 bios_kbd_buf0=0x2e63
[13:37:39] [info] dirty-rect block @flip=800: total_calls=0 dirty_rects_avg=1 dirty_pct_x10=1000 forced_full=0 first_n_force=0 threshold_exceeded=0 dirty_path_taken=0 full_flush_taken=0
[13:37:39] [info] prev-frame-diff block @flip=800: diff_calls=0 diff_rects_avg=0 diff_dirty_pct_x10=0 bbox_pct_x10=0 bbox_thresh_exceeded=0
[13:37:39] [info] flip-probe: flip #810 ok=true present=5ms inter_flip_ms=55 drawcalls-since-flip=114 drawcalls-total=68317 fail-total=0 null-skips-total=0
[13:37:40] [info] flip-probe: flip #820 ok=true present=-2ms inter_flip_ms=56 drawcalls-since-flip=117 drawcalls-total=69481 fail-total=0 null-skips-total=0
[13:37:40] [info] backdrop cache: thrashing-detect engaged (streak=64, route=direct)
[13:37:40] [info] flip-probe: flip #830 ok=true present=-3ms inter_flip_ms=56 drawcalls-since-flip=112 drawcalls-total=70632 fail-total=0 null-skips-total=0
[13:37:40] [info] flip-probe: flip #840 ok=true present=6ms inter_flip_ms=55 drawcalls-since-flip=112 drawcalls-total=71750 fail-total=0 null-skips-total=0
[13:37:41] [info] tas: stall frame 270 ms -> contributing 1 tick (patch 0286)
[13:37:41] [info] flip-probe: flip #850 ok=true present=-3ms inter_flip_ms=55 drawcalls-since-flip=113 drawcalls-total=72872 fail-total=0 null-skips-total=0
[13:37:41] [info] flip-probe: flip #860 ok=true present=-3ms inter_flip_ms=4 drawcalls-since-flip=110 drawcalls-total=73990 fail-total=0 null-skips-total=0
[13:37:42] [info] flip-probe: flip #870 ok=true present=-3ms inter_flip_ms=55 drawcalls-since-flip=111 drawcalls-total=75091 fail-total=0 null-skips-total=0
[13:37:42] [info] flip-probe: flip #880 ok=true present=6ms inter_flip_ms=48 drawcalls-since-flip=124 drawcalls-total=76185 fail-total=0 null-skips-total=0
[13:37:42] [info] backdrop cache: thrashing-detect engaged (streak=124, route=direct)
[13:37:42] [info] flip-probe: flip #890 ok=true present=5ms inter_flip_ms=55 drawcalls-since-flip=123 drawcalls-total=77404 fail-total=0 null-skips-total=0
[13:37:43] [info] flip-probe: flip #900 ok=true present=6ms inter_flip_ms=-2 drawcalls-since-flip=116 drawcalls-total=78595 fail-total=0 null-skips-total=0
[13:37:43] [info] alpha audit block 0: 11286 total drawcalls, 0 with alpha<255 (block pct_x10=0; global 0/74132 pct_x10=0); alpha-mod skipped: block=0 global=0
[13:37:43] [info] fastpath audit block 0: taken=11286 (idx8=11286) skipped=0 pct_x10=1000; global taken=74132 (idx8=74132) skipped=0 pct_x10=1000
[13:37:43] [info] primitive tally block 0: clear=200(hr=200) fill=0(hr=0) rect=0(hr=0) line=0(hr=0) tint=0 spotlight=0 (over 100 flips ending at flip 900)
[13:37:43] [info] phase timing block 0: drawcalls=11486 dc_total_ms=455 flip_inner_total_ms=646 inter_flip_total_ms=4008 (per-flip avg x10: dc_ms=45 fi_ms=64 if_ms=400 derived audio+engine_ms=291; per-drawcall avg us_x10=396) [direct-vesa: presents=100 total_ms=368 avg_ms_x10=36 failed=0] [ablation: NO_DC_TIMING=0 CACHE_WINSURF=0 DIRECT_VESA=1]
[13:37:43] [info] kbd/audio block 0: kbd_irq=0 kbd_drain=0 ring_chunks=16 pump_pass=1413 pic1_mask=0xb8 first_irq_ticks=0 install_ticks=0 vector_at_install=0x0083a5f8 pic1_mask_live=0xb8 kbd_8042_stat=0x34 bios_kbd_head=0x0038 bios_kbd_tail=0x0038 bios_kbd_buf0=0x2e63
[13:37:43] [info] dirty-rect block @flip=900: total_calls=0 dirty_rects_avg=1 dirty_pct_x10=1000 forced_full=0 first_n_force=0 threshold_exceeded=0 dirty_path_taken=0 full_flush_taken=0
[13:37:43] [info] prev-frame-diff block @flip=900: diff_calls=0 diff_rects_avg=0 diff_dirty_pct_x10=0 bbox_pct_x10=0 bbox_thresh_exceeded=0
[13:37:43] [info] flip-probe: flip #910 ok=true present=-2ms inter_flip_ms=61 drawcalls-since-flip=120 drawcalls-total=79759 fail-total=0 null-skips-total=0
[13:37:44] [info] flip-probe: flip #920 ok=true present=5ms inter_flip_ms=53 drawcalls-since-flip=116 drawcalls-total=80927 fail-total=0 null-skips-total=0
[13:37:44] [info] flip-probe: flip #930 ok=true present=-2ms inter_flip_ms=-3 drawcalls-since-flip=116 drawcalls-total=82109 fail-total=0 null-skips-total=0
[13:37:44] [info] flip-probe: flip #940 ok=true present=-1ms inter_flip_ms=59 drawcalls-since-flip=114 drawcalls-total=83258 fail-total=0 null-skips-total=0
[13:37:44] [info] backdrop cache: thrashing-detect engaged (streak=184, route=direct)
[13:37:45] [info] flip-probe: flip #950 ok=true present=5ms inter_flip_ms=50 drawcalls-since-flip=402 drawcalls-total=86226 fail-total=0 null-skips-total=0
[13:37:45] [info]  >> Entering stage 11: 'Mimiga Village'.
[13:37:45] [info] [skip-sheet-flush] cave=5
[13:37:45] [info] [load-stage] preloading entry music song=9 (cave=5)
[13:37:45] [info] gus backend: on_song_stop (all voices stopped).
[13:37:45] [info] MidiScheduler::load: parsed 'data/orgmid2/mura.mid' = 7123 events at 48 PPQ
[13:37:46] [info] gus .pat 'acpiano': 5 sample(s) -> 5 resident (multisample).
[13:37:46] [info] gus .pat 'epiano1': 1 sample(s) -> 1 resident (multisample).
[13:37:47] [info] gus .pat 'acbass': 1 sample(s) -> 1 resident (multisample).
[13:37:47] [info] gus .pat 'altosax': 3 sample(s) -> 3 resident (multisample).
[13:37:47] [info] gus .pat 'flute': 3 sample(s) -> 3 resident (multisample).
[13:37:47] [info] gus .pat 'sqrwave': 1 sample(s) -> 1 resident (multisample).
[13:37:48] [info] gus .pat 'calliope': 1 sample(s) -> 1 resident (multisample).
[13:37:48] [info] gus .pat 'warmpad': 1 sample(s) -> 1 resident (multisample).
[13:37:48] [info] gus .pat 'kick1': 1 sample(s) -> 1 resident (drum/single).
[13:37:49] [info] gus .pat 'snare1': 1 sample(s) -> 1 resident (drum/single).
[13:37:49] [info] gus .pat 'hihatcl': 1 sample(s) -> 1 resident (drum/single).
[13:37:49] [info] gus .pat 'tommid2': 1 sample(s) -> 1 resident (drum/single).
[13:37:49] [warn] gus backend: 'hihatop.pat' DRAM upload failed (full?); instrument silent. dram_size=1048576 bytes.
[13:37:49] [info] gus backend: on_song_start -- uploaded 12 instruments (1 missing/silent) into 1019 KB DRAM for this song; 20 subsamples resident, 0 instrument(s) K-capped/DRAM-truncated (multisample on).
[13:37:49] [info] gameloop: entered (curmap=11, running=1)
[13:37:49] [info] gameloop: iter 1 ticks=67604 mapno=-1
[13:37:49] [info] mds-clear-lut: rebuilt N=240 entries (k_skip=0% k_keep=100%; curmap=11 map_size=60x60; rebuild #3 since boot)
[13:37:49] [info] gameloop: iter 2 ticks=67659 mapno=-1
[13:37:49] [info] gameloop: iter 3 ticks=67712 mapno=-1
[13:37:49] [info] flip-probe: flip #960 ok=true present=5ms inter_flip_ms=49 drawcalls-since-flip=345 drawcalls-total=89117 fail-total=0 null-skips-total=0
[13:37:50] [info] flip-probe: flip #970 ok=true present=5ms inter_flip_ms=0 drawcalls-since-flip=30 drawcalls-total=91052 fail-total=0 null-skips-total=0
[13:37:50] [info] flip-probe: flip #980 ok=true present=6ms inter_flip_ms=51 drawcalls-since-flip=41 drawcalls-total=91462 fail-total=0 null-skips-total=0
[13:37:51] [info] flip-probe: flip #990 ok=true present=-3ms inter_flip_ms=58 drawcalls-since-flip=41 drawcalls-total=91872 fail-total=0 null-skips-total=0
[13:37:51] [info] flip-probe: flip #1000 ok=true present=-3ms inter_flip_ms=2 drawcalls-since-flip=41 drawcalls-total=92282 fail-total=0 null-skips-total=0
[13:37:51] [info] alpha audit block 0: 13015 total drawcalls, 0 with alpha<255 (block pct_x10=0; global 0/87147 pct_x10=0); alpha-mod skipped: block=0 global=0
[13:37:51] [info] fastpath audit block 0: taken=13015 (idx8=13015) skipped=0 pct_x10=1000; global taken=87147 (idx8=87147) skipped=0 pct_x10=1000
[13:37:51] [info] primitive tally block 0: clear=203(hr=203) fill=0(hr=0) rect=0(hr=0) line=0(hr=0) tint=0 spotlight=0 (over 100 flips ending at flip 1000)
[13:37:51] [info] color/alpha audit block 0: cmod_white=572 cmod_black=572 (idx=572) cmod_general=0 (idx=0) cmod_fb=0; alpha_taken=0 alpha_skipped=0 (global cmod=5234/3692/693/0 idx=3692/693 alpha=0/0)
[13:37:51] [info] phase timing block 0: drawcalls=14406 dc_total_ms=1331 flip_inner_total_ms=250 inter_flip_total_ms=8188 (per-flip avg x10: dc_ms=133 fi_ms=25 if_ms=818 derived audio+engine_ms=660; per-drawcall avg us_x10=924) [direct-vesa: presents=100 total_ms=148 avg_ms_x10=14 failed=0] [ablation: NO_DC_TIMING=0 CACHE_WINSURF=0 DIRECT_VESA=1]
[13:37:51] [info] kbd/audio block 0: kbd_irq=0 kbd_drain=0 ring_chunks=16 pump_pass=1615 pic1_mask=0xb8 first_irq_ticks=0 install_ticks=0 vector_at_install=0x0083a5f8 pic1_mask_live=0xb8 kbd_8042_stat=0x34 bios_kbd_head=0x0038 bios_kbd_tail=0x0038 bios_kbd_buf0=0x2e63
[13:37:51] [info] dirty-rect block @flip=1000: total_calls=0 dirty_rects_avg=1 dirty_pct_x10=1000 forced_full=0 first_n_force=0 threshold_exceeded=0 dirty_path_taken=0 full_flush_taken=0
[13:37:51] [info] prev-frame-diff block @flip=1000: diff_calls=0 diff_rects_avg=0 diff_dirty_pct_x10=0 bbox_pct_x10=0 bbox_thresh_exceeded=0
[13:37:51] [info] backdrop cache: thrashing-detect engaged (streak=4, route=direct)
[13:37:51] [info] flip-probe: flip #1010 ok=true present=-2ms inter_flip_ms=2 drawcalls-since-flip=41 drawcalls-total=92692 fail-total=0 null-skips-total=0
[13:37:52] [info] flip-probe: flip #1020 ok=true present=6ms inter_flip_ms=48 drawcalls-since-flip=43 drawcalls-total=93110 fail-total=0 null-skips-total=0
[13:37:52] [info] flip-probe: flip #1030 ok=true present=-2ms inter_flip_ms=55 drawcalls-since-flip=41 drawcalls-total=93524 fail-total=0 null-skips-total=0
[13:37:52] [info] flip-probe: flip #1040 ok=true present=-2ms inter_flip_ms=3 drawcalls-since-flip=41 drawcalls-total=93938 fail-total=0 null-skips-total=0
[13:37:53] [info] flip-probe: flip #1050 ok=true present=-3ms inter_flip_ms=57 drawcalls-since-flip=42 drawcalls-total=94353 fail-total=0 null-skips-total=0
[13:37:53] [info] flip-probe: flip #1060 ok=true present=-3ms inter_flip_ms=53 drawcalls-since-flip=42 drawcalls-total=94773 fail-total=0 null-skips-total=0
[13:37:53] [info] backdrop cache: thrashing-detect engaged (streak=64, route=direct)
[13:37:53] [info] flip-probe: flip #1070 ok=true present=6ms inter_flip_ms=-2 drawcalls-since-flip=43 drawcalls-total=95198 fail-total=0 null-skips-total=0
[13:37:53] [info] flip-probe: flip #1080 ok=true present=-3ms inter_flip_ms=7 drawcalls-since-flip=16 drawcalls-total=95517 fail-total=0 null-skips-total=0
[13:37:54] [info] flip-probe: flip #1090 ok=true present=6ms inter_flip_ms=-7 drawcalls-since-flip=16 drawcalls-total=95677 fail-total=0 null-skips-total=0
[13:37:54] [info] flip-probe: flip #1100 ok=true present=6ms inter_flip_ms=-7 drawcalls-since-flip=16 drawcalls-total=95837 fail-total=0 null-skips-total=0
[13:37:54] [info] alpha audit block 0: 2467 total drawcalls, 0 with alpha<255 (block pct_x10=0; global 0/89614 pct_x10=0); alpha-mod skipped: block=0 global=0
[13:37:54] [info] fastpath audit block 0: taken=2467 (idx8=2467) skipped=0 pct_x10=1000; global taken=89614 (idx8=89614) skipped=0 pct_x10=1000
[13:37:54] [info] primitive tally block 0: clear=200(hr=200) fill=0(hr=0) rect=0(hr=0) line=0(hr=0) tint=0 spotlight=0 (over 100 flips ending at flip 1100)
[13:37:54] [info] color/alpha audit block 0: cmod_white=988 cmod_black=988 (idx=988) cmod_general=0 (idx=0) cmod_fb=0; alpha_taken=0 alpha_skipped=0 (global cmod=6222/4680/693/0 idx=4680/693 alpha=0/0)
[13:37:54] [info] phase timing block 0: drawcalls=4644 dc_total_ms=779 flip_inner_total_ms=510 inter_flip_total_ms=3015 (per-flip avg x10: dc_ms=77 fi_ms=51 if_ms=301 derived audio+engine_ms=173; per-drawcall avg us_x10=1678) [direct-vesa: presents=100 total_ms=340 avg_ms_x10=34 failed=0] [ablation: NO_DC_TIMING=0 CACHE_WINSURF=0 DIRECT_VESA=1]
[13:37:54] [info] kbd/audio block 0: kbd_irq=0 kbd_drain=0 ring_chunks=16 pump_pass=1770 pic1_mask=0xb8 first_irq_ticks=0 install_ticks=0 vector_at_install=0x0083a5f8 pic1_mask_live=0xb8 kbd_8042_stat=0x34 bios_kbd_head=0x0038 bios_kbd_tail=0x0038 bios_kbd_buf0=0x2e63
[13:37:54] [info] dirty-rect block @flip=1100: total_calls=0 dirty_rects_avg=1 dirty_pct_x10=1000 forced_full=0 first_n_force=0 threshold_exceeded=0 dirty_path_taken=0 full_flush_taken=0
[13:37:54] [info] prev-frame-diff block @flip=1100: diff_calls=0 diff_rects_avg=0 diff_dirty_pct_x10=0 bbox_pct_x10=0 bbox_thresh_exceeded=0
[13:37:54] [info] flip-probe: flip #1110 ok=true present=5ms inter_flip_ms=-2 drawcalls-since-flip=17 drawcalls-total=96002 fail-total=0 null-skips-total=0
[13:37:55] [info] flip-probe: flip #1120 ok=true present=6ms inter_flip_ms=-2 drawcalls-since-flip=18 drawcalls-total=96173 fail-total=0 null-skips-total=0
[13:37:55] [info] backdrop cache: thrashing-detect engaged (streak=124, route=direct)
[13:37:55] [info] flip-probe: flip #1130 ok=true present=-3ms inter_flip_ms=3 drawcalls-since-flip=18 drawcalls-total=96353 fail-total=0 null-skips-total=0
[13:37:55] [info] flip-probe: flip #1140 ok=true present=6ms inter_flip_ms=-2 drawcalls-since-flip=18 drawcalls-total=96533 fail-total=0 null-skips-total=0
[13:37:55] [info] flip-probe: flip #1150 ok=true present=52ms inter_flip_ms=3 drawcalls-since-flip=18 drawcalls-total=96713 fail-total=0 null-skips-total=0
[13:37:56] [info] flip-probe: flip #1160 ok=true present=-3ms inter_flip_ms=2 drawcalls-since-flip=17 drawcalls-total=96888 fail-total=0 null-skips-total=0
[13:37:56] [info] flip-probe: flip #1170 ok=true present=-2ms inter_flip_ms=1 drawcalls-since-flip=16 drawcalls-total=97057 fail-total=0 null-skips-total=0
[13:37:56] [info] flip-probe: flip #1180 ok=true present=-2ms inter_flip_ms=2 drawcalls-since-flip=17 drawcalls-total=97222 fail-total=0 null-skips-total=0
[13:37:56] [info] backdrop cache: thrashing-detect engaged (streak=184, route=direct)
[13:37:56] [info] flip-probe: flip #1190 ok=true present=5ms inter_flip_ms=0 drawcalls-since-flip=16 drawcalls-total=97389 fail-total=0 null-skips-total=0
[13:37:57] [info] flip-probe: flip #1200 ok=true present=-3ms inter_flip_ms=55 drawcalls-since-flip=16 drawcalls-total=97549 fail-total=0 null-skips-total=0
[13:37:57] [info] alpha audit block 0: 1612 total drawcalls, 0 with alpha<255 (block pct_x10=0; global 0/91226 pct_x10=0); alpha-mod skipped: block=0 global=0
[13:37:57] [info] fastpath audit block 0: taken=1612 (idx8=1612) skipped=0 pct_x10=1000; global taken=91226 (idx8=91226) skipped=0 pct_x10=1000
[13:37:57] [info] primitive tally block 0: clear=200(hr=200) fill=0(hr=0) rect=0(hr=0) line=0(hr=0) tint=0 spotlight=0 (over 100 flips ending at flip 1200)
[13:37:57] [info] phase timing block 0: drawcalls=1812 dc_total_ms=546 flip_inner_total_ms=396 inter_flip_total_ms=2808 (per-flip avg x10: dc_ms=54 fi_ms=39 if_ms=280 derived audio+engine_ms=187; per-drawcall avg us_x10=3013) [direct-vesa: presents=100 total_ms=289 avg_ms_x10=28 failed=0] [ablation: NO_DC_TIMING=0 CACHE_WINSURF=0 DIRECT_VESA=1]
[13:37:57] [info] kbd/audio block 0: kbd_irq=0 kbd_drain=0 ring_chunks=16 pump_pass=1914 pic1_mask=0xb8 first_irq_ticks=0 install_ticks=0 vector_at_install=0x0083a5f8 pic1_mask_live=0xb8 kbd_8042_stat=0x34 bios_kbd_head=0x0038 bios_kbd_tail=0x0038 bios_kbd_buf0=0x2e63
[13:37:57] [info] dirty-rect block @flip=1200: total_calls=0 dirty_rects_avg=1 dirty_pct_x10=1000 forced_full=0 first_n_force=0 threshold_exceeded=0 dirty_path_taken=0 full_flush_taken=0
[13:37:57] [info] prev-frame-diff block @flip=1200: diff_calls=0 diff_rects_avg=0 diff_dirty_pct_x10=0 bbox_pct_x10=0 bbox_thresh_exceeded=0
[13:37:57] [info] flip-probe: flip #1210 ok=true present=-2ms inter_flip_ms=55 drawcalls-since-flip=16 drawcalls-total=97709 fail-total=0 null-skips-total=0
[13:37:57] [info] flip-probe: flip #1220 ok=true present=5ms inter_flip_ms=0 drawcalls-since-flip=16 drawcalls-total=97869 fail-total=0 null-skips-total=0
[13:37:58] [info] flip-probe: flip #1230 ok=true present=5ms inter_flip_ms=-8 drawcalls-since-flip=16 drawcalls-total=98029 fail-total=0 null-skips-total=0
[13:37:58] [info] flip-probe: flip #1240 ok=true present=6ms inter_flip_ms=-4 drawcalls-since-flip=16 drawcalls-total=98189 fail-total=0 null-skips-total=0
[13:37:58] [info] backdrop cache: thrashing-detect engaged (streak=244, route=direct)
[13:37:58] [info] flip-probe: flip #1250 ok=true present=-2ms inter_flip_ms=-2 drawcalls-since-flip=22 drawcalls-total=98433 fail-total=0 null-skips-total=0
[13:37:58] [info] flip-probe: flip #1260 ok=true present=-3ms inter_flip_ms=6 drawcalls-since-flip=20 drawcalls-total=98645 fail-total=0 null-skips-total=0
[13:37:59] [info] flip-probe: flip #1270 ok=true present=6ms inter_flip_ms=-7 drawcalls-since-flip=20 drawcalls-total=98833 fail-total=0 null-skips-total=0
[13:37:59] [info] flip-probe: flip #1280 ok=true present=6ms inter_flip_ms=-7 drawcalls-since-flip=20 drawcalls-total=99027 fail-total=0 null-skips-total=0
[13:37:59] [info] flip-probe: flip #1290 ok=true present=5ms inter_flip_ms=-3 drawcalls-since-flip=110 drawcalls-total=99311 fail-total=0 null-skips-total=0
[13:38:00] [info] flip-probe: flip #1300 ok=true present=-2ms inter_flip_ms=7 drawcalls-since-flip=305 drawcalls-total=101686 fail-total=0 null-skips-total=0
[13:38:00] [info] alpha audit block 0: 4037 total drawcalls, 0 with alpha<255 (block pct_x10=0; global 0/95263 pct_x10=0); alpha-mod skipped: block=0 global=0
[13:38:00] [info] fastpath audit block 0: taken=4037 (idx8=4037) skipped=0 pct_x10=1000; global taken=95263 (idx8=95263) skipped=0 pct_x10=1000
[13:38:00] [info] primitive tally block 0: clear=200(hr=200) fill=0(hr=0) rect=0(hr=0) line=0(hr=0) tint=0 spotlight=0 (over 100 flips ending at flip 1300)
[13:38:00] [info] phase timing block 0: drawcalls=4237 dc_total_ms=718 flip_inner_total_ms=263 inter_flip_total_ms=2856 (per-flip avg x10: dc_ms=71 fi_ms=26 if_ms=285 derived audio+engine_ms=188; per-drawcall avg us_x10=1696) [direct-vesa: presents=100 total_ms=161 avg_ms_x10=16 failed=0] [ablation: NO_DC_TIMING=0 CACHE_WINSURF=0 DIRECT_VESA=1]
[13:38:00] [info] kbd/audio block 0: kbd_irq=0 kbd_drain=0 ring_chunks=16 pump_pass=2060 pic1_mask=0xb8 first_irq_ticks=0 install_ticks=0 vector_at_install=0x0083a5f8 pic1_mask_live=0xb8 kbd_8042_stat=0x34 bios_kbd_head=0x0038 bios_kbd_tail=0x0038 bios_kbd_buf0=0x2e63
[13:38:00] [info] dirty-rect block @flip=1300: total_calls=0 dirty_rects_avg=1 dirty_pct_x10=1000 forced_full=0 first_n_force=0 threshold_exceeded=0 dirty_path_taken=0 full_flush_taken=0
[13:38:00] [info] prev-frame-diff block @flip=1300: diff_calls=0 diff_rects_avg=0 diff_dirty_pct_x10=0 bbox_pct_x10=0 bbox_thresh_exceeded=0
[13:38:00] [info] backdrop cache: thrashing-detect engaged (streak=304, route=direct)
[13:38:00] [info]  >> Entering stage 15: 'Reservoir'.
[13:38:00] [info] [skip-sheet-flush] cave=6
[13:38:00] [info] [load-stage] preloading entry music song=9 (cave=6)
[13:38:00] [info] gameloop: entered (curmap=15, running=1)
[13:38:00] [info] gameloop: iter 1 ticks=78701 mapno=-1
[13:38:00] [info] mds-clear-lut: rebuilt N=240 entries (k_skip=13% k_keep=87%; curmap=15 map_size=40x20; rebuild #4 since boot)
[13:38:00] [info] gameloop: iter 2 ticks=78755 mapno=-1
[13:38:00] [info] gameloop: iter 3 ticks=78811 mapno=-1
[13:38:01] [info] flip-probe: flip #1310 ok=true present=-3ms inter_flip_ms=59 drawcalls-since-flip=336 drawcalls-total=104622 fail-total=0 null-skips-total=0
[13:38:01] [info] flip-probe: flip #1320 ok=true present=6ms inter_flip_ms=51 drawcalls-since-flip=66 drawcalls-total=106362 fail-total=0 null-skips-total=0
[13:38:01] [info] flip-probe: flip #1330 ok=true present=-2ms inter_flip_ms=-1 drawcalls-since-flip=32 drawcalls-total=106686 fail-total=0 null-skips-total=0
[13:38:01] [info] flip-probe: flip #1340 ok=true present=-3ms inter_flip_ms=2 drawcalls-since-flip=32 drawcalls-total=107006 fail-total=0 null-skips-total=0
[13:38:02] [info] flip-probe: flip #1350 ok=true present=6ms inter_flip_ms=48 drawcalls-since-flip=32 drawcalls-total=107326 fail-total=0 null-skips-total=0
[13:38:02] [info] flip-probe: flip #1360 ok=true present=-3ms inter_flip_ms=-2 drawcalls-since-flip=32 drawcalls-total=107646 fail-total=0 null-skips-total=0
[13:38:02] [info] flip-probe: flip #1370 ok=true present=-3ms inter_flip_ms=58 drawcalls-since-flip=35 drawcalls-total=107989 fail-total=0 null-skips-total=0
[13:38:03] [info] flip-probe: flip #1380 ok=true present=-3ms inter_flip_ms=58 drawcalls-since-flip=33 drawcalls-total=108334 fail-total=0 null-skips-total=0
[13:38:03] [info] flip-probe: flip #1390 ok=true present=6ms inter_flip_ms=1 drawcalls-since-flip=32 drawcalls-total=108657 fail-total=0 null-skips-total=0
[13:38:03] [info] flip-probe: flip #1400 ok=true present=6ms inter_flip_ms=0 drawcalls-since-flip=32 drawcalls-total=108977 fail-total=0 null-skips-total=0
[13:38:03] [info] alpha audit block 0: 6327 total drawcalls, 0 with alpha<255 (block pct_x10=0; global 0/101590 pct_x10=0); alpha-mod skipped: block=0 global=0
[13:38:04] [info] fastpath audit block 0: taken=6327 (idx8=6327) skipped=0 pct_x10=1000; global taken=101590 (idx8=101590) skipped=0 pct_x10=1000
[13:38:04] [info] primitive tally block 0: clear=201(hr=201) fill=0(hr=0) rect=0(hr=0) line=0(hr=0) tint=0 spotlight=0 (over 100 flips ending at flip 1400)
[13:38:04] [info] color/alpha audit block 0: cmod_white=864 cmod_black=864 (idx=864) cmod_general=0 (idx=0) cmod_fb=0; alpha_taken=0 alpha_skipped=0 (global cmod=7086/5544/693/0 idx=5544/693 alpha=0/0)
[13:38:04] [info] phase timing block 0: drawcalls=8352 dc_total_ms=1243 flip_inner_total_ms=768 inter_flip_total_ms=3839 (per-flip avg x10: dc_ms=124 fi_ms=76 if_ms=383 derived audio+engine_ms=183; per-drawcall avg us_x10=1489) [direct-vesa: presents=100 total_ms=384 avg_ms_x10=38 failed=0] [ablation: NO_DC_TIMING=0 CACHE_WINSURF=0 DIRECT_VESA=1]
[13:38:04] [info] kbd/audio block 0: kbd_irq=0 kbd_drain=0 ring_chunks=16 pump_pass=2235 pic1_mask=0xb8 first_irq_ticks=0 install_ticks=0 vector_at_install=0x0083a5f8 pic1_mask_live=0xb8 kbd_8042_stat=0x34 bios_kbd_head=0x0038 bios_kbd_tail=0x0038 bios_kbd_buf0=0x2e63
[13:38:04] [info] dirty-rect block @flip=1400: total_calls=0 dirty_rects_avg=1 dirty_pct_x10=1000 forced_full=0 first_n_force=0 threshold_exceeded=0 dirty_path_taken=0 full_flush_taken=0
[13:38:04] [info] prev-frame-diff block @flip=1400: diff_calls=0 diff_rects_avg=0 diff_dirty_pct_x10=0 bbox_pct_x10=0 bbox_thresh_exceeded=0
[13:38:04] [info] tas: stall frame 268 ms -> contributing 1 tick (patch 0286)
[13:38:04] [info] backdrop cache: thrashing-detect engaged (streak=4, route=direct)
[13:38:04] [info] flip-probe: flip #1410 ok=true present=6ms inter_flip_ms=49 drawcalls-since-flip=32 drawcalls-total=109297 fail-total=0 null-skips-total=0
[13:38:04] [info] flip-probe: flip #1420 ok=true present=-2ms inter_flip_ms=55 drawcalls-since-flip=33 drawcalls-total=109619 fail-total=0 null-skips-total=0
[13:38:05] [info] flip-probe: flip #1430 ok=true present=-3ms inter_flip_ms=6 drawcalls-since-flip=16 drawcalls-total=109850 fail-total=0 null-skips-total=0
[13:38:05] [info] flip-probe: flip #1440 ok=true present=-2ms inter_flip_ms=-2 drawcalls-since-flip=17 drawcalls-total=110011 fail-total=0 null-skips-total=0
[13:38:05] [info] flip-probe: flip #1450 ok=true present=6ms inter_flip_ms=-3 drawcalls-since-flip=17 drawcalls-total=110181 fail-total=0 null-skips-total=0
[13:38:05] [info] flip-probe: flip #1460 ok=true present=-3ms inter_flip_ms=3 drawcalls-since-flip=17 drawcalls-total=110357 fail-total=0 null-skips-total=0
[13:38:06] [info] flip-probe: flip #1470 ok=true present=-3ms inter_flip_ms=62 drawcalls-since-flip=18 drawcalls-total=110536 fail-total=0 null-skips-total=0
[13:38:06] [info] flip-probe: flip #1480 ok=true present=-3ms inter_flip_ms=6 drawcalls-since-flip=18 drawcalls-total=110716 fail-total=0 null-skips-total=0
[13:38:06] [info] flip-probe: flip #1490 ok=true present=-3ms inter_flip_ms=53 drawcalls-since-flip=18 drawcalls-total=110896 fail-total=0 null-skips-total=0
[13:38:07] [info] flip-probe: flip #1500 ok=true present=-2ms inter_flip_ms=53 drawcalls-since-flip=17 drawcalls-total=111071 fail-total=0 null-skips-total=0
[13:38:07] [info] alpha audit block 0: 1778 total drawcalls, 0 with alpha<255 (block pct_x10=0; global 0/103368 pct_x10=0); alpha-mod skipped: block=0 global=0
[13:38:07] [info] fastpath audit block 0: taken=1778 (idx8=1778) skipped=0 pct_x10=1000; global taken=103368 (idx8=103368) skipped=0 pct_x10=1000
[13:38:07] [info] primitive tally block 0: clear=200(hr=200) fill=0(hr=0) rect=0(hr=0) line=0(hr=0) tint=0 spotlight=0 (over 100 flips ending at flip 1500)
[13:38:07] [info] color/alpha audit block 0: cmod_white=216 cmod_black=216 (idx=216) cmod_general=0 (idx=0) cmod_fb=0; alpha_taken=0 alpha_skipped=0 (global cmod=7302/5760/693/0 idx=5760/693 alpha=0/0)
[13:38:07] [info] phase timing block 0: drawcalls=2455 dc_total_ms=457 flip_inner_total_ms=336 inter_flip_total_ms=3244 (per-flip avg x10: dc_ms=45 fi_ms=33 if_ms=324 derived audio+engine_ms=246; per-drawcall avg us_x10=1863) [direct-vesa: presents=100 total_ms=341 avg_ms_x10=34 failed=0] [ablation: NO_DC_TIMING=0 CACHE_WINSURF=0 DIRECT_VESA=1]
[13:38:07] [info] kbd/audio block 0: kbd_irq=0 kbd_drain=0 ring_chunks=16 pump_pass=2385 pic1_mask=0xb8 first_irq_ticks=0 install_ticks=0 vector_at_install=0x0083a5f8 pic1_mask_live=0xb8 kbd_8042_stat=0x34 bios_kbd_head=0x0038 bios_kbd_tail=0x0038 bios_kbd_buf0=0x2e63
[13:38:07] [info] dirty-rect block @flip=1500: total_calls=0 dirty_rects_avg=1 dirty_pct_x10=1000 forced_full=0 first_n_force=0 threshold_exceeded=0 dirty_path_taken=0 full_flush_taken=0
[13:38:07] [info] prev-frame-diff block @flip=1500: diff_calls=0 diff_rects_avg=0 diff_dirty_pct_x10=0 bbox_pct_x10=0 bbox_thresh_exceeded=0
[13:38:07] [info] flip-probe: flip #1510 ok=true present=-3ms inter_flip_ms=3 drawcalls-since-flip=16 drawcalls-total=111240 fail-total=0 null-skips-total=0
[13:38:07] [info] flip-probe: flip #1520 ok=true present=-2ms inter_flip_ms=57 drawcalls-since-flip=15 drawcalls-total=111399 fail-total=0 null-skips-total=0
[13:38:08] [info] flip-probe: flip #1530 ok=true present=-3ms inter_flip_ms=62 drawcalls-since-flip=15 drawcalls-total=111549 fail-total=0 null-skips-total=0
[13:38:08] [info] flip-probe: flip #1540 ok=true present=6ms inter_flip_ms=-6 drawcalls-since-flip=17 drawcalls-total=111707 fail-total=0 null-skips-total=0
[13:38:08] [info] flip-probe: flip #1550 ok=true present=-3ms inter_flip_ms=7 drawcalls-since-flip=17 drawcalls-total=111871 fail-total=0 null-skips-total=0
[13:38:09] [info] flip-probe: flip #1560 ok=true present=-2ms inter_flip_ms=53 drawcalls-since-flip=17 drawcalls-total=112041 fail-total=0 null-skips-total=0
[13:38:09] [info] flip-probe: flip #1570 ok=true present=5ms inter_flip_ms=54 drawcalls-since-flip=16 drawcalls-total=112209 fail-total=0 null-skips-total=0
[13:38:09] [info] flip-probe: flip #1580 ok=true present=-2ms inter_flip_ms=-2 drawcalls-since-flip=14 drawcalls-total=112357 fail-total=0 null-skips-total=0
[13:38:09] [info] flip-probe: flip #1590 ok=true present=-2ms inter_flip_ms=54 drawcalls-since-flip=15 drawcalls-total=112499 fail-total=0 null-skips-total=0
[13:38:10] [info] flip-probe: flip #1600 ok=true present=6ms inter_flip_ms=54 drawcalls-since-flip=15 drawcalls-total=112649 fail-total=0 null-skips-total=0
[13:38:10] [info] alpha audit block 0: 1478 total drawcalls, 0 with alpha<255 (block pct_x10=0; global 0/104846 pct_x10=0); alpha-mod skipped: block=0 global=0
[13:38:10] [info] fastpath audit block 0: taken=1478 (idx8=1478) skipped=0 pct_x10=1000; global taken=104846 (idx8=104846) skipped=0 pct_x10=1000
[13:38:10] [info] primitive tally block 0: clear=200(hr=200) fill=0(hr=0) rect=0(hr=0) line=0(hr=0) tint=0 spotlight=0 (over 100 flips ending at flip 1600)
[13:38:10] [info] phase timing block 0: drawcalls=1778 dc_total_ms=1001 flip_inner_total_ms=643 inter_flip_total_ms=3127 (per-flip avg x10: dc_ms=100 fi_ms=64 if_ms=312 derived audio+engine_ms=148; per-drawcall avg us_x10=5634) [direct-vesa: presents=100 total_ms=571 avg_ms_x10=57 failed=0] [ablation: NO_DC_TIMING=0 CACHE_WINSURF=0 DIRECT_VESA=1]
[13:38:10] [info] kbd/audio block 0: kbd_irq=0 kbd_drain=0 ring_chunks=16 pump_pass=2544 pic1_mask=0xb8 first_irq_ticks=0 install_ticks=0 vector_at_install=0x0083a5f8 pic1_mask_live=0xb8 kbd_8042_stat=0x34 bios_kbd_head=0x0038 bios_kbd_tail=0x0038 bios_kbd_buf0=0x2e63
[13:38:10] [info] dirty-rect block @flip=1600: total_calls=0 dirty_rects_avg=1 dirty_pct_x10=1000 forced_full=0 first_n_force=0 threshold_exceeded=0 dirty_path_taken=0 full_flush_taken=0
[13:38:10] [info] prev-frame-diff block @flip=1600: diff_calls=0 diff_rects_avg=0 diff_dirty_pct_x10=0 bbox_pct_x10=0 bbox_thresh_exceeded=0
[13:38:10] [info] flip-probe: flip #1610 ok=true present=5ms inter_flip_ms=48 drawcalls-since-flip=14 drawcalls-total=112791 fail-total=0 null-skips-total=0
[13:38:11] [info] flip-probe: flip #1620 ok=true present=6ms inter_flip_ms=54 drawcalls-since-flip=14 drawcalls-total=112931 fail-total=0 null-skips-total=0
[13:38:11] [info] flip-probe: flip #1630 ok=true present=-2ms inter_flip_ms=55 drawcalls-since-flip=14 drawcalls-total=113071 fail-total=0 null-skips-total=0
[13:38:11] [info] backdrop cache: thrashing-detect engaged (streak=4, route=direct)
[13:38:11] [info] flip-probe: flip #1640 ok=true present=5ms inter_flip_ms=53 drawcalls-since-flip=14 drawcalls-total=113211 fail-total=0 null-skips-total=0
[13:38:11] [info] flip-probe: flip #1650 ok=true present=-2ms inter_flip_ms=61 drawcalls-since-flip=14 drawcalls-total=113351 fail-total=0 null-skips-total=0
[13:38:12] [info] flip-probe: flip #1660 ok=true present=5ms inter_flip_ms=54 drawcalls-since-flip=14 drawcalls-total=113491 fail-total=0 null-skips-total=0
[13:38:12] [info] flip-probe: flip #1670 ok=true present=-2ms inter_flip_ms=53 drawcalls-since-flip=14 drawcalls-total=113631 fail-total=0 null-skips-total=0
[13:38:12] [info] flip-probe: flip #1680 ok=true present=-3ms inter_flip_ms=57 drawcalls-since-flip=14 drawcalls-total=113771 fail-total=0 null-skips-total=0
[13:38:13] [info] flip-probe: flip #1690 ok=true present=53ms inter_flip_ms=4 drawcalls-since-flip=14 drawcalls-total=113911 fail-total=0 null-skips-total=0
[13:38:13] [info] backdrop cache: thrashing-detect engaged (streak=64, route=direct)
[13:38:13] [info] flip-probe: flip #1700 ok=true present=52ms inter_flip_ms=-2 drawcalls-since-flip=14 drawcalls-total=114051 fail-total=0 null-skips-total=0
[13:38:13] [info] alpha audit block 0: 1302 total drawcalls, 0 with alpha<255 (block pct_x10=0; global 0/106148 pct_x10=0); alpha-mod skipped: block=0 global=0
[13:38:13] [info] fastpath audit block 0: taken=1302 (idx8=1302) skipped=0 pct_x10=1000; global taken=106148 (idx8=106148) skipped=0 pct_x10=1000
[13:38:13] [info] primitive tally block 0: clear=200(hr=200) fill=0(hr=0) rect=0(hr=0) line=0(hr=0) tint=0 spotlight=0 (over 100 flips ending at flip 1700)
[13:38:13] [info] phase timing block 0: drawcalls=1532 dc_total_ms=703 flip_inner_total_ms=365 inter_flip_total_ms=2915 (per-flip avg x10: dc_ms=70 fi_ms=36 if_ms=291 derived audio+engine_ms=185; per-drawcall avg us_x10=4590) [direct-vesa: presents=100 total_ms=352 avg_ms_x10=35 failed=0] [ablation: NO_DC_TIMING=0 CACHE_WINSURF=0 DIRECT_VESA=1]
[13:38:13] [info] kbd/audio block 0: kbd_irq=0 kbd_drain=0 ring_chunks=16 pump_pass=2693 pic1_mask=0xb8 first_irq_ticks=0 install_ticks=0 vector_at_install=0x0083a5f8 pic1_mask_live=0xb8 kbd_8042_stat=0x34 bios_kbd_head=0x0038 bios_kbd_tail=0x0038 bios_kbd_buf0=0x2e63
[13:38:13] [info] dirty-rect block @flip=1700: total_calls=0 dirty_rects_avg=1 dirty_pct_x10=1000 forced_full=0 first_n_force=0 threshold_exceeded=0 dirty_path_taken=0 full_flush_taken=0
[13:38:13] [info] prev-frame-diff block @flip=1700: diff_calls=0 diff_rects_avg=0 diff_dirty_pct_x10=0 bbox_pct_x10=0 bbox_thresh_exceeded=0
[13:38:13] [info] flip-probe: flip #1710 ok=true present=-3ms inter_flip_ms=56 drawcalls-since-flip=198 drawcalls-total=114886 fail-total=0 null-skips-total=0
[13:38:14] [info] flip-probe: flip #1720 ok=true present=-2ms inter_flip_ms=54 drawcalls-since-flip=318 drawcalls-total=117916 fail-total=0 null-skips-total=0
[13:38:14] [info]  >> Entering stage 11: 'Mimiga Village'.
[13:38:14] [info] [skip-sheet-flush] cave=7
[13:38:14] [info] [load-stage] preloading entry music song=9 (cave=7)
[13:38:14] [info] gameloop: entered (curmap=11, running=1)
[13:38:14] [info] gameloop: iter 1 ticks=92433 mapno=-1
[13:38:14] [info] mds-clear-lut: rebuilt N=240 entries (k_skip=0% k_keep=100%; curmap=11 map_size=60x60; rebuild #5 since boot)
[13:38:14] [info] gameloop: iter 2 ticks=92486 mapno=-1
[13:38:14] [info] gameloop: iter 3 ticks=92539 mapno=-1
[13:38:14] [info] flip-probe: flip #1730 ok=true present=-3ms inter_flip_ms=55 drawcalls-since-flip=226 drawcalls-total=120703 fail-total=0 null-skips-total=0
[13:38:15] [info] flip-probe: flip #1740 ok=true present=-3ms inter_flip_ms=1 drawcalls-since-flip=42 drawcalls-total=121654 fail-total=0 null-skips-total=0
[13:38:15] [info] flip-probe: flip #1750 ok=true present=6ms inter_flip_ms=48 drawcalls-since-flip=42 drawcalls-total=122074 fail-total=0 null-skips-total=0
[13:38:15] [info] flip-probe: flip #1760 ok=true present=-2ms inter_flip_ms=1 drawcalls-since-flip=42 drawcalls-total=122494 fail-total=0 null-skips-total=0
[13:38:16] [info] flip-probe: flip #1770 ok=true present=-3ms inter_flip_ms=57 drawcalls-since-flip=42 drawcalls-total=122914 fail-total=0 null-skips-total=0
[13:38:16] [info] flip-probe: flip #1780 ok=true present=5ms inter_flip_ms=1 drawcalls-since-flip=53 drawcalls-total=123378 fail-total=0 null-skips-total=0
[13:38:16] [info] flip-probe: flip #1790 ok=true present=6ms inter_flip_ms=49 drawcalls-since-flip=49 drawcalls-total=123881 fail-total=0 null-skips-total=0
[13:38:17] [info] flip-probe: flip #1800 ok=true present=-2ms inter_flip_ms=56 drawcalls-since-flip=48 drawcalls-total=124355 fail-total=0 null-skips-total=0
[13:38:17] [info] alpha audit block 0: 9177 total drawcalls, 0 with alpha<255 (block pct_x10=0; global 0/115325 pct_x10=0); alpha-mod skipped: block=0 global=0
[13:38:17] [info] fastpath audit block 0: taken=9177 (idx8=9177) skipped=0 pct_x10=1000; global taken=115325 (idx8=115325) skipped=0 pct_x10=1000
[13:38:17] [info] primitive tally block 0: clear=201(hr=201) fill=0(hr=0) rect=0(hr=0) line=0(hr=0) tint=0 spotlight=0 (over 100 flips ending at flip 1800)
[13:38:17] [info] color/alpha audit block 0: cmod_white=1027 cmod_black=1027 (idx=1027) cmod_general=0 (idx=0) cmod_fb=0; alpha_taken=0 alpha_skipped=0 (global cmod=8329/6787/693/0 idx=6787/693 alpha=0/0)
[13:38:17] [info] phase timing block 0: drawcalls=11511 dc_total_ms=1625 flip_inner_total_ms=403 inter_flip_total_ms=3900 (per-flip avg x10: dc_ms=162 fi_ms=40 if_ms=390 derived audio+engine_ms=188; per-drawcall avg us_x10=1411) [direct-vesa: presents=100 total_ms=241 avg_ms_x10=24 failed=0] [ablation: NO_DC_TIMING=0 CACHE_WINSURF=0 DIRECT_VESA=1]
[13:38:17] [info] kbd/audio block 0: kbd_irq=0 kbd_drain=0 ring_chunks=16 pump_pass=2869 pic1_mask=0xb8 first_irq_ticks=0 install_ticks=0 vector_at_install=0x0083a5f8 pic1_mask_live=0xb8 kbd_8042_stat=0x34 bios_kbd_head=0x0038 bios_kbd_tail=0x0038 bios_kbd_buf0=0x2e63
[13:38:17] [info] dirty-rect block @flip=1800: total_calls=0 dirty_rects_avg=1 dirty_pct_x10=1000 forced_full=0 first_n_force=0 threshold_exceeded=0 dirty_path_taken=0 full_flush_taken=0
[13:38:17] [info] prev-frame-diff block @flip=1800: diff_calls=0 diff_rects_avg=0 diff_dirty_pct_x10=0 bbox_pct_x10=0 bbox_thresh_exceeded=0
[13:38:17] [info] flip-probe: flip #1810 ok=true present=5ms inter_flip_ms=-2 drawcalls-since-flip=47 drawcalls-total=124805 fail-total=0 null-skips-total=0
[13:38:17] [info] flip-probe: flip #1820 ok=true present=5ms inter_flip_ms=57 drawcalls-since-flip=43 drawcalls-total=125251 fail-total=0 null-skips-total=0
[13:38:18] [info] flip-probe: flip #1830 ok=true present=-3ms inter_flip_ms=2 drawcalls-since-flip=44 drawcalls-total=125691 fail-total=0 null-skips-total=0
[13:38:18] [info] flip-probe: flip #1840 ok=true present=-3ms inter_flip_ms=50 drawcalls-since-flip=43 drawcalls-total=126124 fail-total=0 null-skips-total=0
[13:38:18] [info] flip-probe: flip #1850 ok=true present=6ms inter_flip_ms=55 drawcalls-since-flip=20 drawcalls-total=126349 fail-total=0 null-skips-total=0
[13:38:19] [info] flip-probe: flip #1860 ok=true present=-3ms inter_flip_ms=55 drawcalls-since-flip=19 drawcalls-total=126540 fail-total=0 null-skips-total=0
[13:38:19] [info] flip-probe: flip #1870 ok=true present=-3ms inter_flip_ms=51 drawcalls-since-flip=19 drawcalls-total=126730 fail-total=0 null-skips-total=0
[13:38:19] [info] run_tick_fixed #3000: heartbeat (loop alive)
[13:38:19] [info] backdrop cache: thrashing-detect engaged (streak=4, route=direct)
[13:38:19] [info] flip-probe: flip #1880 ok=true present=5ms inter_flip_ms=50 drawcalls-since-flip=19 drawcalls-total=126920 fail-total=0 null-skips-total=0
[13:38:20] [info] flip-probe: flip #1890 ok=true present=-2ms inter_flip_ms=53 drawcalls-since-flip=19 drawcalls-total=127110 fail-total=0 null-skips-total=0
[13:38:20] [info] flip-probe: flip #1900 ok=true present=-3ms inter_flip_ms=2 drawcalls-since-flip=19 drawcalls-total=127300 fail-total=0 null-skips-total=0
[13:38:20] [info] alpha audit block 0: 2312 total drawcalls, 0 with alpha<255 (block pct_x10=0; global 0/117637 pct_x10=0); alpha-mod skipped: block=0 global=0
[13:38:20] [info] fastpath audit block 0: taken=2312 (idx8=2312) skipped=0 pct_x10=1000; global taken=117637 (idx8=117637) skipped=0 pct_x10=1000
[13:38:20] [info] primitive tally block 0: clear=200(hr=200) fill=0(hr=0) rect=0(hr=0) line=0(hr=0) tint=0 spotlight=0 (over 100 flips ending at flip 1900)
[13:38:20] [info] color/alpha audit block 0: cmod_white=533 cmod_black=533 (idx=533) cmod_general=0 (idx=0) cmod_fb=0; alpha_taken=0 alpha_skipped=0 (global cmod=8862/7320/693/0 idx=7320/693 alpha=0/0)
[13:38:20] [info] phase timing block 0: drawcalls=3655 dc_total_ms=1246 flip_inner_total_ms=648 inter_flip_total_ms=3403 (per-flip avg x10: dc_ms=124 fi_ms=64 if_ms=340 derived audio+engine_ms=152; per-drawcall avg us_x10=3410) [direct-vesa: presents=100 total_ms=552 avg_ms_x10=55 failed=0] [ablation: NO_DC_TIMING=0 CACHE_WINSURF=0 DIRECT_VESA=1]
[13:38:20] [info] kbd/audio block 0: kbd_irq=0 kbd_drain=0 ring_chunks=16 pump_pass=3045 pic1_mask=0xb8 first_irq_ticks=0 install_ticks=0 vector_at_install=0x0083a5f8 pic1_mask_live=0xb8 kbd_8042_stat=0x34 bios_kbd_head=0x0038 bios_kbd_tail=0x0038 bios_kbd_buf0=0x2e63
[13:38:20] [info] dirty-rect block @flip=1900: total_calls=0 dirty_rects_avg=1 dirty_pct_x10=1000 forced_full=0 first_n_force=0 threshold_exceeded=0 dirty_path_taken=0 full_flush_taken=0
[13:38:20] [info] prev-frame-diff block @flip=1900: diff_calls=0 diff_rects_avg=0 diff_dirty_pct_x10=0 bbox_pct_x10=0 bbox_thresh_exceeded=0
[13:38:20] [info] flip-probe: flip #1910 ok=true present=5ms inter_flip_ms=-6 drawcalls-since-flip=18 drawcalls-total=127489 fail-total=0 null-skips-total=0
[13:38:21] [info] flip-probe: flip #1920 ok=true present=5ms inter_flip_ms=48 drawcalls-since-flip=18 drawcalls-total=127669 fail-total=0 null-skips-total=0
[13:38:21] [info] flip-probe: flip #1930 ok=true present=-2ms inter_flip_ms=53 drawcalls-since-flip=18 drawcalls-total=127849 fail-total=0 null-skips-total=0
[13:38:21] [info] backdrop cache: thrashing-detect engaged (streak=64, route=direct)
[13:38:21] [info] flip-probe: flip #1940 ok=true present=-2ms inter_flip_ms=4 drawcalls-since-flip=17 drawcalls-total=128027 fail-total=0 null-skips-total=0
[13:38:22] [info] flip-probe: flip #1950 ok=true present=6ms inter_flip_ms=-3 drawcalls-since-flip=17 drawcalls-total=128197 fail-total=0 null-skips-total=0
[13:38:22] [info] flip-probe: flip #1960 ok=true present=6ms inter_flip_ms=48 drawcalls-since-flip=18 drawcalls-total=128369 fail-total=0 null-skips-total=0
[13:38:22] [info] flip-probe: flip #1970 ok=true present=-3ms inter_flip_ms=56 drawcalls-since-flip=19 drawcalls-total=128551 fail-total=0 null-skips-total=0
[13:38:22] [info] flip-probe: flip #1980 ok=true present=5ms inter_flip_ms=-6 drawcalls-since-flip=19 drawcalls-total=128741 fail-total=0 null-skips-total=0
[13:38:23] [info] flip-probe: flip #1990 ok=true present=6ms inter_flip_ms=2 drawcalls-since-flip=19 drawcalls-total=128931 fail-total=0 null-skips-total=0
[13:38:23] [info] backdrop cache: thrashing-detect engaged (streak=124, route=direct)
[13:38:23] [info] flip-probe: flip #2000 ok=true present=5ms inter_flip_ms=56 drawcalls-since-flip=19 drawcalls-total=129121 fail-total=0 null-skips-total=0
[13:38:23] [info] alpha audit block 0: 1721 total drawcalls, 0 with alpha<255 (block pct_x10=0; global 0/119358 pct_x10=0); alpha-mod skipped: block=0 global=0
[13:38:23] [info] fastpath audit block 0: taken=1721 (idx8=1721) skipped=0 pct_x10=1000; global taken=119358 (idx8=119358) skipped=0 pct_x10=1000
[13:38:23] [info] primitive tally block 0: clear=200(hr=200) fill=0(hr=0) rect=0(hr=0) line=0(hr=0) tint=0 spotlight=0 (over 100 flips ending at flip 2000)
[13:38:23] [info] phase timing block 0: drawcalls=1921 dc_total_ms=1035 flip_inner_total_ms=147 inter_flip_total_ms=2965 (per-flip avg x10: dc_ms=103 fi_ms=14 if_ms=296 derived audio+engine_ms=179; per-drawcall avg us_x10=5391) [direct-vesa: presents=100 total_ms=18446744073709 avg_ms_x10=184467440737 failed=0] [ablation: NO_DC_TIMING=0 CACHE_WINSURF=0 DIRECT_VESA=1]
[13:38:23] [info] kbd/audio block 0: kbd_irq=0 kbd_drain=0 ring_chunks=16 pump_pass=3194 pic1_mask=0xb8 first_irq_ticks=0 install_ticks=0 vector_at_install=0x0083a5f8 pic1_mask_live=0xb8 kbd_8042_stat=0x34 bios_kbd_head=0x0038 bios_kbd_tail=0x0038 bios_kbd_buf0=0x2e63
[13:38:23] [info] dirty-rect block @flip=2000: total_calls=0 dirty_rects_avg=1 dirty_pct_x10=1000 forced_full=0 first_n_force=0 threshold_exceeded=0 dirty_path_taken=0 full_flush_taken=0
[13:38:23] [info] prev-frame-diff block @flip=2000: diff_calls=0 diff_rects_avg=0 diff_dirty_pct_x10=0 bbox_pct_x10=0 bbox_thresh_exceeded=0
[13:38:23] [info] flip-probe: flip #2010 ok=true present=6ms inter_flip_ms=55 drawcalls-since-flip=18 drawcalls-total=129305 fail-total=0 null-skips-total=0
[13:38:24] [info] flip-probe: flip #2020 ok=true present=6ms inter_flip_ms=-4 drawcalls-since-flip=17 drawcalls-total=129484 fail-total=0 null-skips-total=0
[13:38:24] [info] flip-probe: flip #2030 ok=true present=6ms inter_flip_ms=-7 drawcalls-since-flip=17 drawcalls-total=129654 fail-total=0 null-skips-total=0
[13:38:24] [info] flip-probe: flip #2040 ok=true present=-3ms inter_flip_ms=61 drawcalls-since-flip=18 drawcalls-total=129834 fail-total=0 null-skips-total=0
[13:38:24] [info] flip-probe: flip #2050 ok=true present=-3ms inter_flip_ms=2 drawcalls-since-flip=18 drawcalls-total=130014 fail-total=0 null-skips-total=0
[13:38:25] [info] backdrop cache: thrashing-detect engaged (streak=184, route=direct)
[13:38:25] [info] flip-probe: flip #2060 ok=true present=6ms inter_flip_ms=-3 drawcalls-since-flip=19 drawcalls-total=130201 fail-total=0 null-skips-total=0
[13:38:25] [info] run_tick_fixed #3300: heartbeat (loop alive)
[13:38:25] [info] flip-probe: flip #2070 ok=true present=-2ms inter_flip_ms=52 drawcalls-since-flip=19 drawcalls-total=130391 fail-total=0 null-skips-total=0
[13:38:25] [info] flip-probe: flip #2080 ok=true present=-2ms inter_flip_ms=53 drawcalls-since-flip=19 drawcalls-total=130581 fail-total=0 null-skips-total=0
[13:38:26] [info] flip-probe: flip #2090 ok=true present=53ms inter_flip_ms=7 drawcalls-since-flip=19 drawcalls-total=130771 fail-total=0 null-skips-total=0
[13:38:26] [info] flip-probe: flip #2100 ok=true present=6ms inter_flip_ms=48 drawcalls-since-flip=20 drawcalls-total=130971 fail-total=0 null-skips-total=0
[13:38:26] [info] alpha audit block 0: 1750 total drawcalls, 0 with alpha<255 (block pct_x10=0; global 0/121108 pct_x10=0); alpha-mod skipped: block=0 global=0
[13:38:26] [info] fastpath audit block 0: taken=1750 (idx8=1750) skipped=0 pct_x10=1000; global taken=121108 (idx8=121108) skipped=0 pct_x10=1000
[13:38:26] [info] primitive tally block 0: clear=200(hr=200) fill=0(hr=0) rect=0(hr=0) line=0(hr=0) tint=0 spotlight=0 (over 100 flips ending at flip 2100)
[13:38:26] [info] phase timing block 0: drawcalls=1950 dc_total_ms=530 flip_inner_total_ms=474 inter_flip_total_ms=2964 (per-flip avg x10: dc_ms=53 fi_ms=47 if_ms=296 derived audio+engine_ms=196; per-drawcall avg us_x10=2722) [direct-vesa: presents=100 total_ms=373 avg_ms_x10=37 failed=0] [ablation: NO_DC_TIMING=0 CACHE_WINSURF=0 DIRECT_VESA=1]
[13:38:26] [info] kbd/audio block 0: kbd_irq=0 kbd_drain=0 ring_chunks=16 pump_pass=3346 pic1_mask=0xb8 first_irq_ticks=0 install_ticks=0 vector_at_install=0x0083a5f8 pic1_mask_live=0xb8 kbd_8042_stat=0x34 bios_kbd_head=0x0038 bios_kbd_tail=0x0038 bios_kbd_buf0=0x2e63
[13:38:26] [info] dirty-rect block @flip=2100: total_calls=0 dirty_rects_avg=1 dirty_pct_x10=1000 forced_full=0 first_n_force=0 threshold_exceeded=0 dirty_path_taken=0 full_flush_taken=0
[13:38:26] [info] prev-frame-diff block @flip=2100: diff_calls=0 diff_rects_avg=0 diff_dirty_pct_x10=0 bbox_pct_x10=0 bbox_thresh_exceeded=0
[13:38:26] [info] flip-probe: flip #2110 ok=true present=-2ms inter_flip_ms=2 drawcalls-since-flip=20 drawcalls-total=131171 fail-total=0 null-skips-total=0
[13:38:27] [info] backdrop cache: thrashing-detect engaged (streak=244, route=direct)
[13:38:27] [info] flip-probe: flip #2120 ok=true present=6ms inter_flip_ms=54 drawcalls-since-flip=20 drawcalls-total=131371 fail-total=0 null-skips-total=0
[13:38:27] [info] flip-probe: flip #2130 ok=true present=-2ms inter_flip_ms=57 drawcalls-since-flip=20 drawcalls-total=131571 fail-total=0 null-skips-total=0
[13:38:27] [info] flip-probe: flip #2140 ok=true present=-2ms inter_flip_ms=-3 drawcalls-since-flip=17 drawcalls-total=131741 fail-total=0 null-skips-total=0
[13:38:27] [info] tas: stall frame 223 ms -> contributing 1 tick (patch 0286)
[13:38:28] [info] flip-probe: flip #2150 ok=true present=-3ms inter_flip_ms=6 drawcalls-since-flip=17 drawcalls-total=131911 fail-total=0 null-skips-total=0
[13:38:28] [info] flip-probe: flip #2160 ok=true present=5ms inter_flip_ms=58 drawcalls-since-flip=17 drawcalls-total=132081 fail-total=0 null-skips-total=0
[13:38:28] [info] flip-probe: flip #2170 ok=true present=-2ms inter_flip_ms=-1 drawcalls-since-flip=18 drawcalls-total=132256 fail-total=0 null-skips-total=0
[13:38:28] [info] backdrop cache: thrashing-detect engaged (streak=304, route=direct)
[13:38:29] [info] flip-probe: flip #2180 ok=true present=6ms inter_flip_ms=53 drawcalls-since-flip=18 drawcalls-total=132439 fail-total=0 null-skips-total=0
[13:38:29] [info] flip-probe: flip #2190 ok=true present=-3ms inter_flip_ms=-2 drawcalls-since-flip=17 drawcalls-total=132615 fail-total=0 null-skips-total=0
[13:38:29] [info] flip-probe: flip #2200 ok=true present=-2ms inter_flip_ms=-3 drawcalls-since-flip=16 drawcalls-total=132784 fail-total=0 null-skips-total=0
[13:38:29] [info] alpha audit block 0: 1713 total drawcalls, 0 with alpha<255 (block pct_x10=0; global 0/122821 pct_x10=0); alpha-mod skipped: block=0 global=0
[13:38:29] [info] fastpath audit block 0: taken=1713 (idx8=1713) skipped=0 pct_x10=1000; global taken=122821 (idx8=122821) skipped=0 pct_x10=1000
[13:38:29] [info] primitive tally block 0: clear=200(hr=200) fill=0(hr=0) rect=0(hr=0) line=0(hr=0) tint=0 spotlight=0 (over 100 flips ending at flip 2200)
[13:38:29] [info] phase timing block 0: drawcalls=1913 dc_total_ms=447 flip_inner_total_ms=545 inter_flip_total_ms=3188 (per-flip avg x10: dc_ms=44 fi_ms=54 if_ms=318 derived audio+engine_ms=220; per-drawcall avg us_x10=2339) [direct-vesa: presents=100 total_ms=211 avg_ms_x10=21 failed=0] [ablation: NO_DC_TIMING=0 CACHE_WINSURF=0 DIRECT_VESA=1]
[13:38:29] [info] kbd/audio block 0: kbd_irq=0 kbd_drain=0 ring_chunks=16 pump_pass=3502 pic1_mask=0xb8 first_irq_ticks=0 install_ticks=0 vector_at_install=0x0083a5f8 pic1_mask_live=0xb8 kbd_8042_stat=0x34 bios_kbd_head=0x0038 bios_kbd_tail=0x0038 bios_kbd_buf0=0x2e63
[13:38:29] [info] dirty-rect block @flip=2200: total_calls=0 dirty_rects_avg=1 dirty_pct_x10=1000 forced_full=0 first_n_force=0 threshold_exceeded=0 dirty_path_taken=0 full_flush_taken=0
[13:38:29] [info] prev-frame-diff block @flip=2200: diff_calls=0 diff_rects_avg=0 diff_dirty_pct_x10=0 bbox_pct_x10=0 bbox_thresh_exceeded=0
[13:38:30] [info] flip-probe: flip #2210 ok=true present=53ms inter_flip_ms=-2 drawcalls-since-flip=16 drawcalls-total=132944 fail-total=0 null-skips-total=0
[13:38:30] [info] flip-probe: flip #2220 ok=true present=6ms inter_flip_ms=49 drawcalls-since-flip=17 drawcalls-total=133114 fail-total=0 null-skips-total=0
[13:38:30] [info] flip-probe: flip #2230 ok=true present=-3ms inter_flip_ms=6 drawcalls-since-flip=18 drawcalls-total=133301 fail-total=0 null-skips-total=0
[13:38:30] [info] backdrop cache: thrashing-detect engaged (streak=364, route=direct)
[13:38:30] [info] flip-probe: flip #2240 ok=true present=6ms inter_flip_ms=57 drawcalls-since-flip=20 drawcalls-total=133499 fail-total=0 null-skips-total=0
[13:38:31] [info] flip-probe: flip #2250 ok=true present=6ms inter_flip_ms=-2 drawcalls-since-flip=18 drawcalls-total=133697 fail-total=0 null-skips-total=0
[13:38:31] [info] flip-probe: flip #2260 ok=true present=-2ms inter_flip_ms=50 drawcalls-since-flip=19 drawcalls-total=133879 fail-total=0 null-skips-total=0
[13:38:31] [info] run_tick_fixed #3600: heartbeat (loop alive)
[13:38:31] [info] run_tick_fixed #3600: heartbeat (loop alive)
[13:38:31] [info] flip-probe: flip #2270 ok=true present=5ms inter_flip_ms=49 drawcalls-since-flip=359 drawcalls-total=136365 fail-total=0 null-skips-total=0
[13:38:32] [info]  >> Entering stage 19: 'Assembly Hall'.
[13:38:32] [info] [skip-sheet-flush] cave=8
[13:38:32] [info] [load-stage] preloading entry music song=9 (cave=8)
[13:38:32] [info] gameloop: entered (curmap=19, running=1)
[13:38:32] [info] gameloop: iter 1 ticks=110611 mapno=-1
[13:38:32] [info] mds-clear-lut: rebuilt N=240 entries (k_skip=100% k_keep=0%; curmap=19 map_size=21x16; rebuild #6 since boot)
[13:38:32] [info] gameloop: iter 2 ticks=110725 mapno=-1
[13:38:32] [info] gameloop: iter 3 ticks=110776 mapno=-1
[13:38:33] [info] flip-probe: flip #2280 ok=true present=6ms inter_flip_ms=53 drawcalls-since-flip=459 drawcalls-total=140223 fail-total=0 null-skips-total=0
[13:38:33] [info] flip-probe: flip #2290 ok=true present=-2ms inter_flip_ms=5 drawcalls-since-flip=111 drawcalls-total=142337 fail-total=0 null-skips-total=0
[13:38:33] [info] flip-probe: flip #2300 ok=true present=-3ms inter_flip_ms=-2 drawcalls-since-flip=122 drawcalls-total=143557 fail-total=0 null-skips-total=0
[13:38:33] [info] alpha audit block 0: 10361 total drawcalls, 0 with alpha<255 (block pct_x10=0; global 0/133182 pct_x10=0); alpha-mod skipped: block=0 global=0
[13:38:33] [info] fastpath audit block 0: taken=10361 (idx8=10361) skipped=0 pct_x10=1000; global taken=133182 (idx8=133182) skipped=0 pct_x10=1000
[13:38:33] [info] primitive tally block 0: clear=201(hr=201) fill=0(hr=0) rect=0(hr=0) line=0(hr=0) tint=0 spotlight=0 (over 100 flips ending at flip 2300)
[13:38:33] [info] color/alpha audit block 0: cmod_white=312 cmod_black=312 (idx=312) cmod_general=0 (idx=0) cmod_fb=0; alpha_taken=0 alpha_skipped=0 (global cmod=9174/7632/693/0 idx=7632/693 alpha=0/0)
[13:38:33] [info] phase timing block 0: drawcalls=11212 dc_total_ms=1289 flip_inner_total_ms=369 inter_flip_total_ms=4068 (per-flip avg x10: dc_ms=128 fi_ms=36 if_ms=406 derived audio+engine_ms=242; per-drawcall avg us_x10=1149) [direct-vesa: presents=100 total_ms=260 avg_ms_x10=26 failed=0] [ablation: NO_DC_TIMING=0 CACHE_WINSURF=0 DIRECT_VESA=1]
[13:38:33] [info] kbd/audio block 0: kbd_irq=0 kbd_drain=0 ring_chunks=16 pump_pass=3680 pic1_mask=0xb8 first_irq_ticks=0 install_ticks=0 vector_at_install=0x0083a5f8 pic1_mask_live=0xb8 kbd_8042_stat=0x34 bios_kbd_head=0x0038 bios_kbd_tail=0x0038 bios_kbd_buf0=0x2e63
[13:38:33] [info] dirty-rect block @flip=2300: total_calls=0 dirty_rects_avg=1 dirty_pct_x10=1000 forced_full=0 first_n_force=0 threshold_exceeded=0 dirty_path_taken=0 full_flush_taken=0
[13:38:33] [info] prev-frame-diff block @flip=2300: diff_calls=0 diff_rects_avg=0 diff_dirty_pct_x10=0 bbox_pct_x10=0 bbox_thresh_exceeded=0
[13:38:34] [info] flip-probe: flip #2310 ok=true present=-2ms inter_flip_ms=55 drawcalls-since-flip=122 drawcalls-total=144777 fail-total=0 null-skips-total=0
[13:38:34] [info] flip-probe: flip #2320 ok=true present=6ms inter_flip_ms=54 drawcalls-since-flip=122 drawcalls-total=145997 fail-total=0 null-skips-total=0
[13:38:34] [info] flip-probe: flip #2330 ok=true present=6ms inter_flip_ms=53 drawcalls-since-flip=125 drawcalls-total=147236 fail-total=0 null-skips-total=0
[13:38:35] [info] flip-probe: flip #2340 ok=true present=6ms inter_flip_ms=-3 drawcalls-since-flip=123 drawcalls-total=148475 fail-total=0 null-skips-total=0
[13:38:35] [info] flip-probe: flip #2350 ok=true present=-3ms inter_flip_ms=1 drawcalls-since-flip=124 drawcalls-total=149701 fail-total=0 null-skips-total=0
[13:38:35] [info] flip-probe: flip #2360 ok=true present=-3ms inter_flip_ms=60 drawcalls-since-flip=122 drawcalls-total=150932 fail-total=0 null-skips-total=0
[13:38:36] [info] flip-probe: flip #2370 ok=true present=-2ms inter_flip_ms=57 drawcalls-since-flip=122 drawcalls-total=152152 fail-total=0 null-skips-total=0
[13:38:36] [info] flip-probe: flip #2380 ok=true present=-3ms inter_flip_ms=0 drawcalls-since-flip=122 drawcalls-total=153372 fail-total=0 null-skips-total=0
[13:38:36] [info] flip-probe: flip #2390 ok=true present=-3ms inter_flip_ms=-1 drawcalls-since-flip=122 drawcalls-total=154592 fail-total=0 null-skips-total=0
[13:38:36] [info] flip-probe: flip #2400 ok=true present=-3ms inter_flip_ms=60 drawcalls-since-flip=98 drawcalls-total=155668 fail-total=0 null-skips-total=0
[13:38:36] [info] alpha audit block 0: 10883 total drawcalls, 0 with alpha<255 (block pct_x10=0; global 0/144065 pct_x10=0); alpha-mod skipped: block=0 global=0
[13:38:36] [info] fastpath audit block 0: taken=10883 (idx8=10883) skipped=0 pct_x10=1000; global taken=144065 (idx8=144065) skipped=0 pct_x10=1000
[13:38:36] [info] primitive tally block 0: clear=200(hr=200) fill=0(hr=0) rect=0(hr=0) line=0(hr=0) tint=0 spotlight=0 (over 100 flips ending at flip 2400)
[13:38:36] [info] color/alpha audit block 0: cmod_white=1128 cmod_black=1128 (idx=1128) cmod_general=0 (idx=0) cmod_fb=0; alpha_taken=0 alpha_skipped=0 (global cmod=10302/8760/693/0 idx=8760/693 alpha=0/0)
[13:38:36] [info] phase timing block 0: drawcalls=13439 dc_total_ms=1137 flip_inner_total_ms=394 inter_flip_total_ms=3241 (per-flip avg x10: dc_ms=113 fi_ms=39 if_ms=324 derived audio+engine_ms=172; per-drawcall avg us_x10=846) [direct-vesa: presents=100 total_ms=265 avg_ms_x10=26 failed=0] [ablation: NO_DC_TIMING=0 CACHE_WINSURF=0 DIRECT_VESA=1]
[13:38:36] [info] kbd/audio block 0: kbd_irq=0 kbd_drain=0 ring_chunks=16 pump_pass=3842 pic1_mask=0xb8 first_irq_ticks=0 install_ticks=0 vector_at_install=0x0083a5f8 pic1_mask_live=0xb8 kbd_8042_stat=0x34 bios_kbd_head=0x0038 bios_kbd_tail=0x0038 bios_kbd_buf0=0x2e63
[13:38:37] [info] dirty-rect block @flip=2400: total_calls=0 dirty_rects_avg=1 dirty_pct_x10=1000 forced_full=0 first_n_force=0 threshold_exceeded=0 dirty_path_taken=0 full_flush_taken=0
[13:38:37] [info] prev-frame-diff block @flip=2400: diff_calls=0 diff_rects_avg=0 diff_dirty_pct_x10=0 bbox_pct_x10=0 bbox_thresh_exceeded=0
[13:38:37] [info] flip-probe: flip #2410 ok=true present=6ms inter_flip_ms=-6 drawcalls-since-flip=170 drawcalls-total=156720 fail-total=0 null-skips-total=0
[13:38:37] [info] flip-probe: flip #2420 ok=true present=-3ms inter_flip_ms=2 drawcalls-since-flip=438 drawcalls-total=160388 fail-total=0 null-skips-total=0
[13:38:37] [info]  >> Entering stage 11: 'Mimiga Village'.
[13:38:37] [info] [skip-sheet-flush] cave=9
[13:38:38] [info] [load-stage] preloading entry music song=9 (cave=9)
[13:38:38] [info] gameloop: entered (curmap=11, running=1)
[13:38:38] [info] gameloop: iter 1 ticks=116435 mapno=-1
[13:38:38] [info] mds-clear-lut: rebuilt N=240 entries (k_skip=0% k_keep=100%; curmap=11 map_size=60x60; rebuild #7 since boot)
[13:38:38] [info] gameloop: iter 2 ticks=116485 mapno=-1
[13:38:38] [info] gameloop: iter 3 ticks=116548 mapno=-1
[13:38:38] [info] run_tick_fixed #3900: heartbeat (loop alive)
[13:38:38] [info] flip-probe: flip #2430 ok=true present=-2ms inter_flip_ms=56 drawcalls-since-flip=380 drawcalls-total=164088 fail-total=0 null-skips-total=0
[13:38:39] [info] flip-probe: flip #2440 ok=true present=-3ms inter_flip_ms=56 drawcalls-since-flip=32 drawcalls-total=165448 fail-total=0 null-skips-total=0
[13:38:39] [info] flip-probe: flip #2450 ok=true present=5ms inter_flip_ms=55 drawcalls-since-flip=46 drawcalls-total=165893 fail-total=0 null-skips-total=0
[13:38:39] [info] flip-probe: flip #2460 ok=true present=6ms inter_flip_ms=50 drawcalls-since-flip=45 drawcalls-total=166353 fail-total=0 null-skips-total=0
[13:38:40] [info] flip-probe: flip #2470 ok=true present=-3ms inter_flip_ms=53 drawcalls-since-flip=43 drawcalls-total=166776 fail-total=0 null-skips-total=0
[13:38:40] [info] flip-probe: flip #2480 ok=true present=6ms inter_flip_ms=-3 drawcalls-since-flip=44 drawcalls-total=167207 fail-total=0 null-skips-total=0
[13:38:40] [info] backdrop cache: thrashing-detect engaged (streak=4, route=direct)
[13:38:41] [info] flip-probe: flip #2490 ok=true present=53ms inter_flip_ms=0 drawcalls-since-flip=45 drawcalls-total=167648 fail-total=0 null-skips-total=0
[13:38:41] [info] flip-probe: flip #2500 ok=true present=-2ms inter_flip_ms=5 drawcalls-since-flip=43 drawcalls-total=168088 fail-total=0 null-skips-total=0
[13:38:41] [info] alpha audit block 0: 11332 total drawcalls, 0 with alpha<255 (block pct_x10=0; global 0/155397 pct_x10=0); alpha-mod skipped: block=0 global=0
[13:38:41] [info] fastpath audit block 0: taken=11332 (idx8=11332) skipped=0 pct_x10=1000; global taken=155397 (idx8=155397) skipped=0 pct_x10=1000
[13:38:41] [info] primitive tally block 0: clear=201(hr=201) fill=0(hr=0) rect=0(hr=0) line=0(hr=0) tint=0 spotlight=0 (over 100 flips ending at flip 2500)
[13:38:41] [info] color/alpha audit block 0: cmod_white=988 cmod_black=988 (idx=988) cmod_general=0 (idx=0) cmod_fb=0; alpha_taken=0 alpha_skipped=0 (global cmod=11290/9748/693/0 idx=9748/693 alpha=0/0)
[13:38:41] [info] phase timing block 0: drawcalls=13593 dc_total_ms=1961 flip_inner_total_ms=291 inter_flip_total_ms=4395 (per-flip avg x10: dc_ms=196 fi_ms=29 if_ms=439 derived audio+engine_ms=214; per-drawcall avg us_x10=1442) [direct-vesa: presents=100 total_ms=219 avg_ms_x10=21 failed=0] [ablation: NO_DC_TIMING=0 CACHE_WINSURF=0 DIRECT_VESA=1]
[13:38:41] [info] kbd/audio block 0: kbd_irq=0 kbd_drain=0 ring_chunks=16 pump_pass=4035 pic1_mask=0xb8 first_irq_ticks=0 install_ticks=0 vector_at_install=0x0083a5f8 pic1_mask_live=0xb8 kbd_8042_stat=0x34 bios_kbd_head=0x0038 bios_kbd_tail=0x0038 bios_kbd_buf0=0x2e63
[13:38:41] [info] dirty-rect block @flip=2500: total_calls=0 dirty_rects_avg=1 dirty_pct_x10=1000 forced_full=0 first_n_force=0 threshold_exceeded=0 dirty_path_taken=0 full_flush_taken=0
[13:38:41] [info] prev-frame-diff block @flip=2500: diff_calls=0 diff_rects_avg=0 diff_dirty_pct_x10=0 bbox_pct_x10=0 bbox_thresh_exceeded=0
[13:38:41] [info] flip-probe: flip #2510 ok=true present=-2ms inter_flip_ms=60 drawcalls-since-flip=43 drawcalls-total=168518 fail-total=0 null-skips-total=0
[13:38:42] [info] flip-probe: flip #2520 ok=true present=6ms inter_flip_ms=56 drawcalls-since-flip=46 drawcalls-total=168975 fail-total=0 null-skips-total=0
[13:38:42] [info] flip-probe: flip #2530 ok=true present=5ms inter_flip_ms=-3 drawcalls-since-flip=45 drawcalls-total=169427 fail-total=0 null-skips-total=0
[13:38:42] [info] flip-probe: flip #2540 ok=true present=-2ms inter_flip_ms=51 drawcalls-since-flip=46 drawcalls-total=169878 fail-total=0 null-skips-total=0
[13:38:42] [info] backdrop cache: thrashing-detect engaged (streak=64, route=direct)
[13:38:42] [info] flip-probe: flip #2550 ok=true present=-3ms inter_flip_ms=4 drawcalls-since-flip=18 drawcalls-total=170162 fail-total=0 null-skips-total=0
[13:38:43] [info] flip-probe: flip #2560 ok=true present=5ms inter_flip_ms=0 drawcalls-since-flip=18 drawcalls-total=170342 fail-total=0 null-skips-total=0
[13:38:43] [info] flip-probe: flip #2570 ok=true present=6ms inter_flip_ms=55 drawcalls-since-flip=17 drawcalls-total=170517 fail-total=0 null-skips-total=0
[13:38:43] [info] flip-probe: flip #2580 ok=true present=6ms inter_flip_ms=55 drawcalls-since-flip=17 drawcalls-total=170687 fail-total=0 null-skips-total=0
[13:38:44] [info] flip-probe: flip #2590 ok=true present=-3ms inter_flip_ms=56 drawcalls-since-flip=17 drawcalls-total=170857 fail-total=0 null-skips-total=0
[13:38:44] [info] flip-probe: flip #2600 ok=true present=-3ms inter_flip_ms=1 drawcalls-since-flip=17 drawcalls-total=171027 fail-total=0 null-skips-total=0
[13:38:44] [info] alpha audit block 0: 2267 total drawcalls, 0 with alpha<255 (block pct_x10=0; global 0/157664 pct_x10=0); alpha-mod skipped: block=0 global=0
[13:38:44] [info] fastpath audit block 0: taken=2267 (idx8=2267) skipped=0 pct_x10=1000; global taken=157664 (idx8=157664) skipped=0 pct_x10=1000
[13:38:44] [info] primitive tally block 0: clear=200(hr=200) fill=0(hr=0) rect=0(hr=0) line=0(hr=0) tint=0 spotlight=0 (over 100 flips ending at flip 2600)
[13:38:44] [info] color/alpha audit block 0: cmod_white=572 cmod_black=572 (idx=572) cmod_general=0 (idx=0) cmod_fb=0; alpha_taken=0 alpha_skipped=0 (global cmod=11862/10320/693/0 idx=10320/693 alpha=0/0)
[13:38:44] [info] phase timing block 0: drawcalls=3611 dc_total_ms=517 flip_inner_total_ms=590 inter_flip_total_ms=3017 (per-flip avg x10: dc_ms=51 fi_ms=59 if_ms=301 derived audio+engine_ms=191; per-drawcall avg us_x10=1433) [direct-vesa: presents=100 total_ms=462 avg_ms_x10=46 failed=0] [ablation: NO_DC_TIMING=0 CACHE_WINSURF=0 DIRECT_VESA=1]
[13:38:44] [info] kbd/audio block 0: kbd_irq=0 kbd_drain=0 ring_chunks=16 pump_pass=4188 pic1_mask=0xb8 first_irq_ticks=0 install_ticks=0 vector_at_install=0x0083a5f8 pic1_mask_live=0xb8 kbd_8042_stat=0x34 bios_kbd_head=0x0038 bios_kbd_tail=0x0038 bios_kbd_buf0=0x2e63
[13:38:44] [info] dirty-rect block @flip=2600: total_calls=0 dirty_rects_avg=1 dirty_pct_x10=1000 forced_full=0 first_n_force=0 threshold_exceeded=0 dirty_path_taken=0 full_flush_taken=0
[13:38:44] [info] prev-frame-diff block @flip=2600: diff_calls=0 diff_rects_avg=0 diff_dirty_pct_x10=0 bbox_pct_x10=0 bbox_thresh_exceeded=0
[13:38:44] [info] backdrop cache: thrashing-detect engaged (streak=124, route=direct)
[13:38:44] [info] run_tick_fixed #4200: heartbeat (loop alive)
[13:38:44] [info] flip-probe: flip #2610 ok=true present=53ms inter_flip_ms=6 drawcalls-since-flip=18 drawcalls-total=171207 fail-total=0 null-skips-total=0
[13:38:45] [info] flip-probe: flip #2620 ok=true present=-3ms inter_flip_ms=55 drawcalls-since-flip=18 drawcalls-total=171387 fail-total=0 null-skips-total=0
[13:38:45] [info] flip-probe: flip #2630 ok=true present=6ms inter_flip_ms=53 drawcalls-since-flip=19 drawcalls-total=171576 fail-total=0 null-skips-total=0
[13:38:45] [info] flip-probe: flip #2640 ok=true present=6ms inter_flip_ms=54 drawcalls-since-flip=18 drawcalls-total=171761 fail-total=0 null-skips-total=0
[13:38:45] [info] flip-probe: flip #2650 ok=true present=-3ms inter_flip_ms=57 drawcalls-since-flip=16 drawcalls-total=171927 fail-total=0 null-skips-total=0
[13:38:46] [info] flip-probe: flip #2660 ok=true present=-2ms inter_flip_ms=-2 drawcalls-since-flip=15 drawcalls-total=172077 fail-total=0 null-skips-total=0
[13:38:46] [info] backdrop cache: thrashing-detect engaged (streak=184, route=direct)
[13:38:46] [info] flip-probe: flip #2670 ok=true present=-3ms inter_flip_ms=59 drawcalls-since-flip=64 drawcalls-total=172325 fail-total=0 null-skips-total=0
[13:38:46] [info] flip-probe: flip #2680 ok=true present=-3ms inter_flip_ms=62 drawcalls-since-flip=356 drawcalls-total=175285 fail-total=0 null-skips-total=0
[13:38:47] [info]  >> Entering stage 14: 'Shack'.
[13:38:47] [info] [skip-sheet-flush] cave=10
[13:38:47] [info] [load-stage] preloading entry music song=8 (cave=10)
[13:38:47] [info] gus backend: on_song_stop (all voices stopped).
[13:38:47] [info] MidiScheduler::load: parsed 'data/orgmid2/vivi.mid' = 11188 events at 48 PPQ
[13:38:48] [info] gus .pat 'acpiano': 5 sample(s) -> 5 resident (multisample).
[13:38:48] [info] gus .pat 'epiano1': 1 sample(s) -> 1 resident (multisample).
[13:38:48] [info] gus .pat 'acbass': 1 sample(s) -> 1 resident (multisample).
[13:38:48] [info] gus .pat 'altosax': 3 sample(s) -> 3 resident (multisample).
[13:38:49] [info] gus .pat 'flute': 3 sample(s) -> 3 resident (multisample).
[13:38:49] [info] gus .pat 'sqrwave': 1 sample(s) -> 1 resident (multisample).
[13:38:50] [info] gus .pat 'calliope': 1 sample(s) -> 1 resident (multisample).
[13:38:50] [info] gus .pat 'warmpad': 1 sample(s) -> 1 resident (multisample).
[13:38:50] [info] gus .pat 'kick1': 1 sample(s) -> 1 resident (drum/single).
[13:38:50] [info] gus .pat 'snare1': 1 sample(s) -> 1 resident (drum/single).
[13:38:51] [info] gus .pat 'hihatcl': 1 sample(s) -> 1 resident (drum/single).
[13:38:51] [info] gus .pat 'tommid2': 1 sample(s) -> 1 resident (drum/single).
[13:38:51] [warn] gus backend: 'hihatop.pat' DRAM upload failed (full?); instrument silent. dram_size=1048576 bytes.
[13:38:51] [info] gus backend: on_song_start -- uploaded 12 instruments (1 missing/silent) into 1019 KB DRAM for this song; 20 subsamples resident, 0 instrument(s) K-capped/DRAM-truncated (multisample on).
[13:38:51] [info] gameloop: entered (curmap=14, running=1)
[13:38:51] [info] gameloop: iter 1 ticks=129614 mapno=-1
[13:38:51] [info] gameloop: iter 2 ticks=129620 mapno=-1
[13:38:51] [info] gameloop: iter 3 ticks=129670 mapno=-1
[13:38:51] [info] flip-probe: flip #2690 ok=true present=-3ms inter_flip_ms=1 drawcalls-since-flip=361 drawcalls-total=178552 fail-total=0 null-skips-total=0
[13:38:52] [info] flip-probe: flip #2700 ok=true present=6ms inter_flip_ms=54 drawcalls-since-flip=37 drawcalls-total=180238 fail-total=0 null-skips-total=0
[13:38:52] [info] alpha audit block 0: 9043 total drawcalls, 0 with alpha<255 (block pct_x10=0; global 0/166707 pct_x10=0); alpha-mod skipped: block=0 global=0
[13:38:52] [info] fastpath audit block 0: taken=9043 (idx8=9043) skipped=0 pct_x10=1000; global taken=166707 (idx8=166707) skipped=0 pct_x10=1000
[13:38:52] [info] primitive tally block 0: clear=201(hr=201) fill=0(hr=0) rect=0(hr=0) line=0(hr=0) tint=0 spotlight=0 (over 100 flips ending at flip 2700)
[13:38:52] [info] color/alpha audit block 0: cmod_white=85 cmod_black=85 (idx=85) cmod_general=0 (idx=0) cmod_fb=0; alpha_taken=0 alpha_skipped=0 (global cmod=11947/10405/693/0 idx=10405/693 alpha=0/0)
[13:38:52] [info] phase timing block 0: drawcalls=9414 dc_total_ms=715 flip_inner_total_ms=422 inter_flip_total_ms=7906 (per-flip avg x10: dc_ms=71 fi_ms=42 if_ms=790 derived audio+engine_ms=677; per-drawcall avg us_x10=759) [direct-vesa: presents=100 total_ms=337 avg_ms_x10=33 failed=0] [ablation: NO_DC_TIMING=0 CACHE_WINSURF=0 DIRECT_VESA=1]
[13:38:52] [info] kbd/audio block 0: kbd_irq=0 kbd_drain=0 ring_chunks=16 pump_pass=4356 pic1_mask=0xb8 first_irq_ticks=0 install_ticks=0 vector_at_install=0x0083a5f8 pic1_mask_live=0xb8 kbd_8042_stat=0x34 bios_kbd_head=0x0038 bios_kbd_tail=0x0038 bios_kbd_buf0=0x2e63
[13:38:52] [info] dirty-rect block @flip=2700: total_calls=0 dirty_rects_avg=1 dirty_pct_x10=1000 forced_full=0 first_n_force=0 threshold_exceeded=0 dirty_path_taken=0 full_flush_taken=0
[13:38:52] [info] prev-frame-diff block @flip=2700: diff_calls=0 diff_rects_avg=0 diff_dirty_pct_x10=0 bbox_pct_x10=0 bbox_thresh_exceeded=0
[13:38:52] [info] flip-probe: flip #2710 ok=true present=-3ms inter_flip_ms=54 drawcalls-since-flip=24 drawcalls-total=180456 fail-total=0 null-skips-total=0
[13:38:52] [info] flip-probe: flip #2720 ok=true present=-2ms inter_flip_ms=53 drawcalls-since-flip=24 drawcalls-total=180696 fail-total=0 null-skips-total=0
[13:38:52] [info] flip-probe: flip #2730 ok=true present=-3ms inter_flip_ms=62 drawcalls-since-flip=24 drawcalls-total=180936 fail-total=0 null-skips-total=0
[13:38:53] [info] flip-probe: flip #2740 ok=true present=-3ms inter_flip_ms=7 drawcalls-since-flip=24 drawcalls-total=181176 fail-total=0 null-skips-total=0
[13:38:53] [info] flip-probe: flip #2750 ok=true present=6ms inter_flip_ms=-3 drawcalls-since-flip=26 drawcalls-total=181428 fail-total=0 null-skips-total=0
[13:38:53] [info] flip-probe: flip #2760 ok=true present=-3ms inter_flip_ms=2 drawcalls-since-flip=29 drawcalls-total=181696 fail-total=0 null-skips-total=0
[13:38:53] [info] flip-probe: flip #2770 ok=true present=6ms inter_flip_ms=-2 drawcalls-since-flip=25 drawcalls-total=181965 fail-total=0 null-skips-total=0
[13:38:54] [info] flip-probe: flip #2780 ok=true present=6ms inter_flip_ms=54 drawcalls-since-flip=24 drawcalls-total=182210 fail-total=0 null-skips-total=0
[13:38:54] [info] flip-probe: flip #2790 ok=true present=-3ms inter_flip_ms=54 drawcalls-since-flip=24 drawcalls-total=182450 fail-total=0 null-skips-total=0
[13:38:54] [info] flip-probe: flip #2800 ok=true present=-3ms inter_flip_ms=54 drawcalls-since-flip=24 drawcalls-total=182690 fail-total=0 null-skips-total=0
[13:38:54] [info] alpha audit block 0: 1952 total drawcalls, 0 with alpha<255 (block pct_x10=0; global 0/168659 pct_x10=0); alpha-mod skipped: block=0 global=0
[13:38:54] [info] fastpath audit block 0: taken=1952 (idx8=1952) skipped=0 pct_x10=1000; global taken=168659 (idx8=168659) skipped=0 pct_x10=1000
[13:38:54] [info] primitive tally block 0: clear=200(hr=200) fill=0(hr=0) rect=0(hr=0) line=0(hr=0) tint=0 spotlight=0 (over 100 flips ending at flip 2800)
[13:38:54] [info] color/alpha audit block 0: cmod_white=500 cmod_black=500 (idx=500) cmod_general=0 (idx=0) cmod_fb=0; alpha_taken=0 alpha_skipped=0 (global cmod=12447/10905/693/0 idx=10905/693 alpha=0/0)
[13:38:54] [info] phase timing block 0: drawcalls=3152 dc_total_ms=462 flip_inner_total_ms=421 inter_flip_total_ms=2311 (per-flip avg x10: dc_ms=46 fi_ms=42 if_ms=231 derived audio+engine_ms=143; per-drawcall avg us_x10=1466) [direct-vesa: presents=100 total_ms=307 avg_ms_x10=30 failed=0] [ablation: NO_DC_TIMING=0 CACHE_WINSURF=0 DIRECT_VESA=1]
[13:38:54] [info] kbd/audio block 0: kbd_irq=0 kbd_drain=0 ring_chunks=16 pump_pass=4474 pic1_mask=0xb8 first_irq_ticks=0 install_ticks=0 vector_at_install=0x0083a5f8 pic1_mask_live=0xb8 kbd_8042_stat=0x34 bios_kbd_head=0x0038 bios_kbd_tail=0x0038 bios_kbd_buf0=0x2e63
[13:38:54] [info] dirty-rect block @flip=2800: total_calls=0 dirty_rects_avg=1 dirty_pct_x10=1000 forced_full=0 first_n_force=0 threshold_exceeded=0 dirty_path_taken=0 full_flush_taken=0
[13:38:54] [info] prev-frame-diff block @flip=2800: diff_calls=0 diff_rects_avg=0 diff_dirty_pct_x10=0 bbox_pct_x10=0 bbox_thresh_exceeded=0
[13:38:54] [info] flip-probe: flip #2810 ok=true present=-3ms inter_flip_ms=52 drawcalls-since-flip=14 drawcalls-total=182860 fail-total=0 null-skips-total=0
[13:38:55] [info] flip-probe: flip #2820 ok=true present=-2ms inter_flip_ms=60 drawcalls-since-flip=14 drawcalls-total=183000 fail-total=0 null-skips-total=0
[13:38:55] [info] flip-probe: flip #2830 ok=true present=-3ms inter_flip_ms=52 drawcalls-since-flip=14 drawcalls-total=183140 fail-total=0 null-skips-total=0
[13:38:55] [info] flip-probe: flip #2840 ok=true present=-3ms inter_flip_ms=52 drawcalls-since-flip=14 drawcalls-total=183280 fail-total=0 null-skips-total=0
[13:38:55] [info] flip-probe: flip #2850 ok=true present=-3ms inter_flip_ms=52 drawcalls-since-flip=14 drawcalls-total=183420 fail-total=0 null-skips-total=0
[13:38:55] [info] flip-probe: flip #2860 ok=true present=6ms inter_flip_ms=-3 drawcalls-since-flip=14 drawcalls-total=183560 fail-total=0 null-skips-total=0
[13:38:56] [info] flip-probe: flip #2870 ok=true present=-3ms inter_flip_ms=-3 drawcalls-since-flip=14 drawcalls-total=183700 fail-total=0 null-skips-total=0
[13:38:56] [info] flip-probe: flip #2880 ok=true present=-3ms inter_flip_ms=1 drawcalls-since-flip=14 drawcalls-total=183840 fail-total=0 null-skips-total=0
[13:38:56] [info] flip-probe: flip #2890 ok=true present=53ms inter_flip_ms=6 drawcalls-since-flip=115 drawcalls-total=184269 fail-total=0 null-skips-total=0
[13:38:57] [info] flip-probe: flip #2900 ok=true present=-2ms inter_flip_ms=57 drawcalls-since-flip=355 drawcalls-total=187423 fail-total=0 null-skips-total=0
[13:38:57] [info] alpha audit block 0: 4718 total drawcalls, 0 with alpha<255 (block pct_x10=0; global 0/173377 pct_x10=0); alpha-mod skipped: block=0 global=0
[13:38:57] [info] fastpath audit block 0: taken=4718 (idx8=4718) skipped=0 pct_x10=1000; global taken=173377 (idx8=173377) skipped=0 pct_x10=1000
[13:38:57] [info] primitive tally block 0: clear=200(hr=200) fill=0(hr=0) rect=0(hr=0) line=0(hr=0) tint=0 spotlight=0 (over 100 flips ending at flip 2900)
[13:38:57] [info] color/alpha audit block 0: cmod_white=15 cmod_black=15 (idx=15) cmod_general=0 (idx=0) cmod_fb=0; alpha_taken=0 alpha_skipped=0 (global cmod=12462/10920/693/0 idx=10920/693 alpha=0/0)
[13:38:57] [info] phase timing block 0: drawcalls=4948 dc_total_ms=200 flip_inner_total_ms=516 inter_flip_total_ms=2418 (per-flip avg x10: dc_ms=20 fi_ms=51 if_ms=241 derived audio+engine_ms=170; per-drawcall avg us_x10=405) [direct-vesa: presents=100 total_ms=298 avg_ms_x10=29 failed=0] [ablation: NO_DC_TIMING=0 CACHE_WINSURF=0 DIRECT_VESA=1]
[13:38:57] [info] kbd/audio block 0: kbd_irq=0 kbd_drain=0 ring_chunks=16 pump_pass=4600 pic1_mask=0xb8 first_irq_ticks=0 install_ticks=0 vector_at_install=0x0083a5f8 pic1_mask_live=0xb8 kbd_8042_stat=0x34 bios_kbd_head=0x0038 bios_kbd_tail=0x0038 bios_kbd_buf0=0x2e63
[13:38:57] [info] dirty-rect block @flip=2900: total_calls=0 dirty_rects_avg=1 dirty_pct_x10=1000 forced_full=0 first_n_force=0 threshold_exceeded=0 dirty_path_taken=0 full_flush_taken=0
[13:38:57] [info] prev-frame-diff block @flip=2900: diff_calls=0 diff_rects_avg=0 diff_dirty_pct_x10=0 bbox_pct_x10=0 bbox_thresh_exceeded=0
[13:38:57] [info]  >> Entering stage 11: 'Mimiga Village'.
[13:38:57] [info] [skip-sheet-flush] cave=11
[13:38:57] [info] [load-stage] preloading entry music song=9 (cave=11)
[13:38:57] [info] gus backend: on_song_stop (all voices stopped).
[13:38:57] [info] MidiScheduler::load: parsed 'data/orgmid2/mura.mid' = 7123 events at 48 PPQ
[13:38:58] [info] gus .pat 'acpiano': 5 sample(s) -> 5 resident (multisample).
[13:38:58] [info] gus .pat 'epiano1': 1 sample(s) -> 1 resident (multisample).
[13:38:58] [info] gus .pat 'acbass': 1 sample(s) -> 1 resident (multisample).
[13:38:58] [info] gus .pat 'altosax': 3 sample(s) -> 3 resident (multisample).
[13:38:59] [info] gus .pat 'flute': 3 sample(s) -> 3 resident (multisample).
[13:38:59] [info] gus .pat 'sqrwave': 1 sample(s) -> 1 resident (multisample).
[13:39:00] [info] gus .pat 'calliope': 1 sample(s) -> 1 resident (multisample).
[13:39:00] [info] gus .pat 'warmpad': 1 sample(s) -> 1 resident (multisample).
[13:39:00] [info] gus .pat 'kick1': 1 sample(s) -> 1 resident (drum/single).
[13:39:00] [info] gus .pat 'snare1': 1 sample(s) -> 1 resident (drum/single).
[13:39:00] [info] gus .pat 'hihatcl': 1 sample(s) -> 1 resident (drum/single).
[13:39:01] [info] gus .pat 'tommid2': 1 sample(s) -> 1 resident (drum/single).
[13:39:01] [warn] gus backend: 'hihatop.pat' DRAM upload failed (full?); instrument silent. dram_size=1048576 bytes.
[13:39:01] [info] gus backend: on_song_start -- uploaded 12 instruments (1 missing/silent) into 1019 KB DRAM for this song; 20 subsamples resident, 0 instrument(s) K-capped/DRAM-truncated (multisample on).
[13:39:01] [info] gameloop: entered (curmap=11, running=1)
[13:39:01] [info] gameloop: iter 1 ticks=139226 mapno=-1
[13:39:01] [info] gameloop: iter 2 ticks=139283 mapno=-1
[13:39:01] [info] gameloop: iter 3 ticks=139391 mapno=-1
[13:39:01] [info] flip-probe: flip #2910 ok=true present=-3ms inter_flip_ms=58 drawcalls-since-flip=270 drawcalls-total=190681 fail-total=0 null-skips-total=0
[13:39:01] [info] backdrop cache: thrashing-detect engaged (streak=4, route=direct)
[13:39:02] [info] flip-probe: flip #2920 ok=true present=-3ms inter_flip_ms=57 drawcalls-since-flip=41 drawcalls-total=191327 fail-total=0 null-skips-total=0
[13:39:02] [info] flip-probe: flip #2930 ok=true present=5ms inter_flip_ms=49 drawcalls-since-flip=42 drawcalls-total=191740 fail-total=0 null-skips-total=0
[13:39:02] [info] flip-probe: flip #2940 ok=true present=-3ms inter_flip_ms=60 drawcalls-since-flip=43 drawcalls-total=192166 fail-total=0 null-skips-total=0
[13:39:03] [info] flip-probe: flip #2950 ok=true present=-3ms inter_flip_ms=50 drawcalls-since-flip=44 drawcalls-total=192606 fail-total=0 null-skips-total=0
[13:39:03] [info] flip-probe: flip #2960 ok=true present=-3ms inter_flip_ms=6 drawcalls-since-flip=46 drawcalls-total=193052 fail-total=0 null-skips-total=0
[13:39:03] [info] flip-probe: flip #2970 ok=true present=-3ms inter_flip_ms=60 drawcalls-since-flip=48 drawcalls-total=193521 fail-total=0 null-skips-total=0
[13:39:03] [info] backdrop cache: thrashing-detect engaged (streak=64, route=direct)
[13:39:03] [info] flip-probe: flip #2980 ok=true present=5ms inter_flip_ms=56 drawcalls-since-flip=44 drawcalls-total=193978 fail-total=0 null-skips-total=0
[13:39:04] [info] flip-probe: flip #2990 ok=true present=-3ms inter_flip_ms=-1 drawcalls-since-flip=43 drawcalls-total=194408 fail-total=0 null-skips-total=0
[13:39:04] [info] flip-probe: flip #3000 ok=true present=-3ms inter_flip_ms=56 drawcalls-since-flip=43 drawcalls-total=194838 fail-total=0 null-skips-total=0
[13:39:04] [info] alpha audit block 0: 6043 total drawcalls, 0 with alpha<255 (block pct_x10=0; global 0/179420 pct_x10=0); alpha-mod skipped: block=0 global=0
[13:39:04] [info] fastpath audit block 0: taken=6043 (idx8=6043) skipped=0 pct_x10=1000; global taken=179420 (idx8=179420) skipped=0 pct_x10=1000
[13:39:04] [info] primitive tally block 0: clear=201(hr=201) fill=0(hr=0) rect=0(hr=0) line=0(hr=0) tint=0 spotlight=0 (over 100 flips ending at flip 3000)
[13:39:04] [info] color/alpha audit block 0: cmod_white=1274 cmod_black=1274 (idx=1274) cmod_general=0 (idx=0) cmod_fb=0; alpha_taken=0 alpha_skipped=0 (global cmod=13736/12194/693/0 idx=12194/693 alpha=0/0)
[13:39:04] [info] phase timing block 0: drawcalls=8801 dc_total_ms=1146 flip_inner_total_ms=396 inter_flip_total_ms=7580 (per-flip avg x10: dc_ms=114 fi_ms=39 if_ms=758 derived audio+engine_ms=605; per-drawcall avg us_x10=1302) [direct-vesa: presents=100 total_ms=350 avg_ms_x10=35 failed=0] [ablation: NO_DC_TIMING=0 CACHE_WINSURF=0 DIRECT_VESA=1]
[13:39:04] [info] kbd/audio block 0: kbd_irq=0 kbd_drain=0 ring_chunks=16 pump_pass=4773 pic1_mask=0xb8 first_irq_ticks=0 install_ticks=0 vector_at_install=0x0083a5f8 pic1_mask_live=0xb8 kbd_8042_stat=0x34 bios_kbd_head=0x0038 bios_kbd_tail=0x0038 bios_kbd_buf0=0x2e63
[13:39:04] [info] dirty-rect block @flip=3000: total_calls=0 dirty_rects_avg=1 dirty_pct_x10=1000 forced_full=0 first_n_force=0 threshold_exceeded=0 dirty_path_taken=0 full_flush_taken=0
[13:39:04] [info] prev-frame-diff block @flip=3000: diff_calls=0 diff_rects_avg=0 diff_dirty_pct_x10=0 bbox_pct_x10=0 bbox_thresh_exceeded=0
[13:39:04] [info] flip-probe: flip #3010 ok=true present=-2ms inter_flip_ms=-3 drawcalls-since-flip=47 drawcalls-total=195295 fail-total=0 null-skips-total=0
[13:39:05] [info] run_tick_fixed #4800: heartbeat (loop alive)
[13:39:05] [info] run_tick_fixed #4800: heartbeat (loop alive)
[13:39:05] [info] flip-probe: flip #3020 ok=true present=-3ms inter_flip_ms=2 drawcalls-since-flip=45 drawcalls-total=195750 fail-total=0 null-skips-total=0
[13:39:05] [info] flip-probe: flip #3030 ok=true present=-3ms inter_flip_ms=57 drawcalls-since-flip=19 drawcalls-total=195992 fail-total=0 null-skips-total=0
[13:39:05] [info] backdrop cache: thrashing-detect engaged (streak=124, route=direct)
[13:39:05] [info] flip-probe: flip #3040 ok=true present=-3ms inter_flip_ms=-1 drawcalls-since-flip=19 drawcalls-total=196182 fail-total=0 null-skips-total=0
[13:39:06] [info] flip-probe: flip #3050 ok=true present=-2ms inter_flip_ms=57 drawcalls-since-flip=20 drawcalls-total=196374 fail-total=0 null-skips-total=0
[13:39:06] [info] flip-probe: flip #3060 ok=true present=-3ms inter_flip_ms=54 drawcalls-since-flip=21 drawcalls-total=196579 fail-total=0 null-skips-total=0
[13:39:06] [info] flip-probe: flip #3070 ok=true present=53ms inter_flip_ms=-1 drawcalls-since-flip=20 drawcalls-total=196782 fail-total=0 null-skips-total=0
[13:39:07] [info] flip-probe: flip #3080 ok=true present=5ms inter_flip_ms=51 drawcalls-since-flip=18 drawcalls-total=196970 fail-total=0 null-skips-total=0
[13:39:07] [info] flip-probe: flip #3090 ok=true present=-3ms inter_flip_ms=-1 drawcalls-since-flip=18 drawcalls-total=197150 fail-total=0 null-skips-total=0
[13:39:07] [info] backdrop cache: thrashing-detect engaged (streak=184, route=direct)
[13:39:07] [info] flip-probe: flip #3100 ok=true present=-2ms inter_flip_ms=51 drawcalls-since-flip=18 drawcalls-total=197330 fail-total=0 null-skips-total=0
[13:39:07] [info] alpha audit block 0: 2106 total drawcalls, 0 with alpha<255 (block pct_x10=0; global 0/181526 pct_x10=0); alpha-mod skipped: block=0 global=0
[13:39:07] [info] fastpath audit block 0: taken=2106 (idx8=2106) skipped=0 pct_x10=1000; global taken=181526 (idx8=181526) skipped=0 pct_x10=1000
[13:39:07] [info] primitive tally block 0: clear=200(hr=200) fill=0(hr=0) rect=0(hr=0) line=0(hr=0) tint=0 spotlight=0 (over 100 flips ending at flip 3100)
[13:39:07] [info] color/alpha audit block 0: cmod_white=286 cmod_black=286 (idx=286) cmod_general=0 (idx=0) cmod_fb=0; alpha_taken=0 alpha_skipped=0 (global cmod=14022/12480/693/0 idx=12480/693 alpha=0/0)
[13:39:07] [info] phase timing block 0: drawcalls=2878 dc_total_ms=658 flip_inner_total_ms=431 inter_flip_total_ms=3074 (per-flip avg x10: dc_ms=65 fi_ms=43 if_ms=307 derived audio+engine_ms=199; per-drawcall avg us_x10=2288) [direct-vesa: presents=100 total_ms=292 avg_ms_x10=29 failed=0] [ablation: NO_DC_TIMING=0 CACHE_WINSURF=0 DIRECT_VESA=1]
[13:39:07] [info] kbd/audio block 0: kbd_irq=0 kbd_drain=0 ring_chunks=16 pump_pass=4927 pic1_mask=0xb8 first_irq_ticks=0 install_ticks=0 vector_at_install=0x0083a5f8 pic1_mask_live=0xb8 kbd_8042_stat=0x34 bios_kbd_head=0x0038 bios_kbd_tail=0x0038 bios_kbd_buf0=0x2e63
[13:39:07] [info] dirty-rect block @flip=3100: total_calls=0 dirty_rects_avg=1 dirty_pct_x10=1000 forced_full=0 first_n_force=0 threshold_exceeded=0 dirty_path_taken=0 full_flush_taken=0
[13:39:07] [info] prev-frame-diff block @flip=3100: diff_calls=0 diff_rects_avg=0 diff_dirty_pct_x10=0 bbox_pct_x10=0 bbox_thresh_exceeded=0
[13:39:08] [info] flip-probe: flip #3110 ok=true present=-3ms inter_flip_ms=57 drawcalls-since-flip=19 drawcalls-total=197520 fail-total=0 null-skips-total=0
[13:39:08] [info] flip-probe: flip #3120 ok=true present=-2ms inter_flip_ms=0 drawcalls-since-flip=21 drawcalls-total=197721 fail-total=0 null-skips-total=0
[13:39:08] [info] flip-probe: flip #3130 ok=true present=6ms inter_flip_ms=50 drawcalls-since-flip=20 drawcalls-total=197930 fail-total=0 null-skips-total=0
[13:39:09] [info] flip-probe: flip #3140 ok=true present=-2ms inter_flip_ms=56 drawcalls-since-flip=19 drawcalls-total=198128 fail-total=0 null-skips-total=0
[13:39:09] [info] flip-probe: flip #3150 ok=true present=-3ms inter_flip_ms=3 drawcalls-since-flip=19 drawcalls-total=198318 fail-total=0 null-skips-total=0
[13:39:09] [info] flip-probe: flip #3160 ok=true present=-3ms inter_flip_ms=3 drawcalls-since-flip=19 drawcalls-total=198508 fail-total=0 null-skips-total=0
[13:39:10] [info] flip-probe: flip #3170 ok=true present=-3ms inter_flip_ms=56 drawcalls-since-flip=19 drawcalls-total=198698 fail-total=0 null-skips-total=0
[13:39:10] [info] flip-probe: flip #3180 ok=true present=-2ms inter_flip_ms=4 drawcalls-since-flip=19 drawcalls-total=198888 fail-total=0 null-skips-total=0
[13:39:10] [info] flip-probe: flip #3190 ok=true present=-2ms inter_flip_ms=55 drawcalls-since-flip=19 drawcalls-total=199078 fail-total=0 null-skips-total=0
[13:39:10] [info] flip-probe: flip #3200 ok=true present=6ms inter_flip_ms=50 drawcalls-since-flip=19 drawcalls-total=199268 fail-total=0 null-skips-total=0
[13:39:10] [info] alpha audit block 0: 1838 total drawcalls, 0 with alpha<255 (block pct_x10=0; global 0/183364 pct_x10=0); alpha-mod skipped: block=0 global=0
[13:39:10] [info] fastpath audit block 0: taken=1838 (idx8=1838) skipped=0 pct_x10=1000; global taken=183364 (idx8=183364) skipped=0 pct_x10=1000
[13:39:10] [info] primitive tally block 0: clear=200(hr=200) fill=0(hr=0) rect=0(hr=0) line=0(hr=0) tint=0 spotlight=0 (over 100 flips ending at flip 3200)
[13:39:10] [info] phase timing block 0: drawcalls=2134 dc_total_ms=1551 flip_inner_total_ms=179 inter_flip_total_ms=3292 (per-flip avg x10: dc_ms=155 fi_ms=17 if_ms=329 derived audio+engine_ms=157; per-drawcall avg us_x10=7271) [direct-vesa: presents=100 total_ms=172 avg_ms_x10=17 failed=0] [ablation: NO_DC_TIMING=0 CACHE_WINSURF=0 DIRECT_VESA=1]
[13:39:11] [info] kbd/audio block 0: kbd_irq=0 kbd_drain=0 ring_chunks=16 pump_pass=5098 pic1_mask=0xb8 first_irq_ticks=0 install_ticks=0 vector_at_install=0x0083a5f8 pic1_mask_live=0xb8 kbd_8042_stat=0x34 bios_kbd_head=0x0038 bios_kbd_tail=0x0038 bios_kbd_buf0=0x2e63
[13:39:11] [info] dirty-rect block @flip=3200: total_calls=0 dirty_rects_avg=1 dirty_pct_x10=1000 forced_full=0 first_n_force=0 threshold_exceeded=0 dirty_path_taken=0 full_flush_taken=0
[13:39:11] [info] prev-frame-diff block @flip=3200: diff_calls=0 diff_rects_avg=0 diff_dirty_pct_x10=0 bbox_pct_x10=0 bbox_thresh_exceeded=0
[13:39:11] [info] flip-probe: flip #3210 ok=true present=6ms inter_flip_ms=-7 drawcalls-since-flip=60 drawcalls-total=199704 fail-total=0 null-skips-total=0
[13:39:11] [info] flip-probe: flip #3220 ok=true present=-3ms inter_flip_ms=56 drawcalls-since-flip=60 drawcalls-total=200304 fail-total=0 null-skips-total=0
[13:39:11] [info] flip-probe: flip #3230 ok=true present=6ms inter_flip_ms=0 drawcalls-since-flip=60 drawcalls-total=200904 fail-total=0 null-skips-total=0
[13:39:12] [info] tas: end-of-replay auto-exit at tick 5140 (recording exhausted; set DOSKUTSU_TAS_REPLAY_HOLD=1 to disable + observe steady-state past recording end)
[13:39:12] [info] Script engine shutdown.
[13:39:12] [info] gus backend: on_song_stop (all voices stopped).
[13:39:12] [info] gus backend shutdown (all voices stopped; GF1 in reset).
[13:39:12] [info] Organya init...
[13:39:13] [info] Organya init done
[13:39:13] [info] Sound system shutdown
[13:39:13] [info] Renderer::Close()
[13:39:13] [info] tas: replay file closed
[13:39:13] [info] [fps-true] flips=3238 render_s=148 fps_mean=21.8 (clock-independent: flips / seconds since the FIRST flip; use THIS for the fps matrix, not inter_flip medians, which are invalid in any cell running the PIT/IRQ-0 music pump)
[RUNMANIFEST-BEGIN]
schema_version=1
environment=realhw
binary_sha12=f8d446b4b0e0
wave_tag=G23B
scene=
env_block_sha=36c8c4851a8e
started_utc=2026-11-18T06:41:51Z
duration_s=162
exit_code=0
fps_p50=NA
fps_p95=NA
audio_vital_status=NA
regime=NA
banner_required_hit=0
banner_required_total=0
banner_forbidden_hit=0
banner_optional_hit=0
critical_count=0
warn_count=0
[RUNMANIFEST-END]
[13:39:13] [info] [runmanifest-emit] schema=v1 env=realhw sha12=f8d446b4b0e0 dur=162s tag='G23B' scene='' env_sha=36c8c4851a8e (signals=0x4)
