Logger::init: wave-53 log level=INFO path='LOGS/G51.LOG'
[13:26:23] [info] config: loaded DOSKUTSU.CFG (1 keys)
[13:26:23] [info] tas: PRNG seed forced to 12345 via DOSKUTSU_TAS_PRNG_SEED
[13:26:23] [info] tas: auto-exit armed at tick 30000 via DOSKUTSU_TAS_AUTO_EXIT_TICK
[13:26:23] [info] tas: replay opened path='QA.TAS' header_seed=12345
[13:26:24] [info] data cache: DISABLED (default)
[13:26:24] [info] Joystick: skipped (default; set DOSKUTSU_USE_JOYSTICK=1 to enable -- skips SDL3-DOS gameport BIOS INT 15h polling, ~82 ms / flip on real HW)
[13:26:24] [info] Loading settings...
[13:26:24] [info] [input-bind] applied=0 invert_y=0 dos_axes=1
[13:26:24] [info] Renderer::initVideo: 8bpp mode requested via SDL_HINT_DOS_MAX_BPP=8 (wave 16); SDL3-DOS will pick the highest-bpp <= 8 mode at requested resolution
[13:26:24] [info] Renderer::initVideo: DOS resolution-label lock ENABLED (default)
[13:26:24] [info] Renderer::initVideo: using: software renderer
[13:26:26] [info] Renderer::initVideo: dirty-rect tracking ENABLED (wave 15, default ON; set SDL_HINT_DOSKUTSU_DIRTY_RECTS=0 to disable)
[13:26:26] [info] Renderer::initVideo: ablation flags: NO_DC_TIMING=0 CACHE_WINSURF=0 NO_INPUT_POLL=0 DIRECT_VESA=1
[13:26:26] [info] Renderer::initVideo: direct-VESA hot path ENABLED (default since wave 20 patch 0088; bypasses SDL_RenderPresent / SDL_UpdateWindowSurface and writes via SDL/0034's PresentFull helper; R2 mitigation handled by SDL/0034 generation counter -- no per-N-flip heartbeat needed; set SDL_HINT_DOSKUTSU_DIRECT_VESA=0 to revert)
[13:26:26] [info] Renderer::initVideo: flip-phase instrumentation DISABLED (default; set SDL_HINT_DOSKUTSU_FLIP_INSTR=1 to opt in for wave-20 Lever A diagnostic)
[13:26:26] [info] Renderer::initVideo: asm opaque-span blit lever DISABLED (default; set SDL_HINT_DOSKUTSU_ASM_BLIT=1 to opt in -- wave-51 _blit_indexed colorkey-blit lever)
[13:26:26] [info] Renderer::initVideo: blit-decomp instrumentation DISABLED (default; set SDL_HINT_DOSKUTSU_BLIT_DECOMP=1 to opt in -- wave-51 _blit_indexed sub-decomp sizing)
[13:26:26] [info] Renderer::initVideo: mds-scroll-decomp instrumentation DISABLED (default; set SDL_HINT_DOSKUTSU_MDS_DECOMP=1 to opt in -- wave-52 mode_draw_scene scrolling-block decomp)
[13:26:26] [info] Renderer::initVideo: DOSVESA pump yield: skipped (default) (per-flip explicit SDL_Delay(0) yield is always on; set SDL_HINT_DOSKUTSU_FORCE_PUMP_YIELD=1 to restore old per-pump yield)
[13:26:26] [info] Renderer::initVideo: indexed-mode (8bpp) ENABLED -- master palette + 107 per-asset remap LUTs loaded (wave 16, default ON; set SDL_HINT_DOSKUTSU_PIXEL_FORMAT_8=0 to disable)
[13:26:26] [info] Renderer::initVideo: master palette attached to window surface (format=SDL_PIXELFORMAT_INDEX8, ncolors=256)
[13:26:26] [info] Renderer::initVideo: indexed-mode smoke: idx0=(0,0,0) OK idx255=(255,0,255) OK
[13:26:26] [info] Renderer::initVideo: indexed-mode smoke: paletteRemapFor('MyChar.pbm') = present
[13:26:26] [info] Surface::loadImage palmap-diag #1: 'data/Loading.pbm' fmt=SDL_PIXELFORMAT_ABGR8888 remap=HIT -> path=truecolor
[13:26:26] [info] Renderer: prev-frame diff DISABLED (default since wave 17.6; set SDL_HINT_DOSKUTSU_PREVFRAME_DIFF=1 to opt in)
[13:26:26] [info] flip-probe: renderer=software window_ptr=8809072 colorspace=301991328 window_size=320x240 framebuffer_pixels=320x240 logical_present=320x240 mode=2
[13:26:26] [info] flip-probe: first flip ok=true present=42ms inter_flip_ms=0 drawcalls-since-flip=1 drawcalls-total=1
[13:26:26] [info] Sound system init
[13:26:26] [info] Sound system: 4-state audio enable (#31) -- music=on sfx=on (MUSIC_OFF/AUDIO_BACKEND=none -> music-off; SFX_OFF/SFX_DEVICE=none -> sfx-off; both gates are dispatch-level, the device still opens; AUDIO_OFF=1 is the device-level both-off).
[13:26:27] [info] Sound system: Tier-2 audio config (default since wave 21 patch 0093; 11025 Hz, 1 channel, buffer pinned to 256 frames). Measured savings on g2k Pentium OverDrive 83 MHz (W21A): heavy-music scenes ~+11 fps vs Tier-1 baseline (measured -10 to -15 ms/flip post-0094 audio fix; W21A's pre-fix -26.6 ms figure was inflated by stereo-vs-mono playback bug, see patch 0094). Audio quality is reduced vs Tier-1 (mono, 11025 Hz, simple-average L+R downmix) but recognizable; user accepted the trade per direction 2026-05-05. Set SDL_HINT_DOSKUTSU_AUDIO_TIER2=0 to revert to Tier-1 22050 stereo (full Cave Story 2004 audio quality; trades fps for fidelity).
[13:26:27] [info] Sound system: SDL_HINT_AUDIO_DEVICE_SAMPLE_FRAMES=256
[13:26:27] [info] Pixtone IRQ rate-divider: handed master_rate=11025 int16/s (SAMPLE_RATE=11025 x AUDIO_CHANNELS=1) to SDL for auto-RATEDIV (SDL/0074 computes shift_div from the resolved device freq).
[13:26:27] [info] Sound system: device frame-rate: requesting 11025 Hz match to master (SDL_DOSAudioSetDeviceFrameRate; SB16 opens at the engine frame rate instead of SDL's 44100 floor -- 4x less PCM/s + no resampler on the Organya/Pixtone path; killswitch SDL_HINT_DOSKUTSU_DOS_AUDIO_DEVICE_RATE_DEFAULT=0).
[13:26:27] [info] audio backend: opl3 (default since wave 46 patch 0139; +8.77 fps vs organya at Mimiga BK_PARALLAX per WAVE-44-OPL3-LOG-ANALYSIS; operator perceptual preference). Probes OPL3 via Adlib timer-1 sequence at SoundManager::init; on probe failure falls back gracefully to organya. Override via SDL_HINT_DOSKUTSU_AUDIO_BACKEND=organya for Cave Story 2004 original synth. Pixtone SFX continues on SB16 DAC unchanged.
[13:26:27] [info] wave-13.6.1: ring_chunks=16 FORCE_PUMP_YIELD=off (set SDL_HINT_DOSKUTSU_AUDIO_RING_CHUNKS=4|8|16 to override; default 16 matches wave 13.6 behaviour)
[13:26:27] [info] MidiScheduler: MIDI source = 'orgmid2' (native-GM org2mid set; resolves to data/orgmid2/<name>.mid).
[13:26:27] [info] opl3 backend probing for OPL3 chip (Adlib timer-1 sequence)...
[13:26:27] [info] opl3 backend: opl3bank.dat loaded 128 programs from 'data/opl3bank.dat' (v1; 1536 bytes payload). Per-program GM patches now use the runtime bank; programs >= 128 fall back to 8-patch family bucket. Drum channel (MIDI ch 9) unchanged (uses PATCH_DRUM regardless of bank loading).
[13:26:27] [info] opl3 backend ready (OPL3 detected via Adlib timer-1; InitChip applied 18 x 2-op layout; voice allocator armed). Patch bank state: runtime opl3bank.dat ACTIVE (loaded_count=128; programs >= loaded_count fall back to 8-patch placeholder covering GM family categories piano/mallet/organ/guitar/strings/brass/reed/pad). Phase 10.5 path: ship a fuller community bank as data/opl3bank.dat (DOPL3v1 format; 12-byte SBI records per GM program; loader at MidiBackendOpl3 ctor).
[13:26:27] [info] opl3 backend: PATCH_ORGAN + PATCH_MALLET RR=8 (medium release; wub-wub fix per patch 0171; was RR=0 in slot 0103 placeholder -- KEY-OFF couldn't silence; H6 reg 0xBD wave-47 falsified; H1+H5/RR=0 byte-level bug root per WAVE-46/47 analysis)
[13:26:27] [info] Sound system: MidiScheduler armed with MidiBackendOpl3 (patch 0103 Phase 10 Stage 4). Music dispatch routes via SMF parser + 18 x 2-op OPL3 voice allocator + small inline patch bank (community-sourced from Apogee Sound System / AdLib SBI public-domain refs). Pixtone SFX still active on SB16 DAC.
[13:26:27] [info] Sound system: idle-pause skipped (default OFF since patch 0119; backend=opl3 would qualify but operator did not opt-in via SDL_HINT_DOSKUTSU_IDLE_PAUSE=1). DSP stays in continuous-stream mode. Re-enable for an A/B iter once SDL/0037 ForcePause non-engagement is rooted out (task #17).
[13:26:27] [warn] Music dir Ogg/ doesn't exist
[13:26:27] [warn] Music dir Ogg11/ doesn't exist
[13:26:27] [warn] Music dir Ogg17/ doesn't exist
[13:26:27] [warn] Music dir Ogg_ridic/ doesn't exist
[13:26:27] [info] Loading Sound FX...
[13:26:28] [info] [pxt-cache] init(): HIT (loaded cache; render skipped)
[13:26:31] [info] Organya init...
[13:26:31] [info] Organya init done
[13:26:34] [info] gus SFX gain [nx0259]: 70% (SDL_HINT_DOSKUTSU_GUS_SFX_GAIN; scales the GF1 SFX voice volume to balance against velocity/CC-scaled GUS music; default 70, clamp 0..150).
[13:26:34] [info] pixtone IRQ-mix: ENABLED (default; SDL backend engaged; set SDL_HINT_DOSKUTSU_PIXTONE_IRQ_MIX=0 to disable)
[13:26:35] [info] Pixtone::setVolume: L3 active -- mid-play SFX volume updates are no-op in v1 (v2 candidate: SDL_DOSPixtoneSetGain API). gain_x256=256 stored for subsequent SDL_DOSPixtoneStart calls; currently-playing L3 channels unaffected.
[13:26:35] [info] midi ISR tick: engine registered tick_isr callback (L2b active; default ON; set SDL_HINT_DOSKUTSU_MIDI_ISR_TICK=0 to disable)
[13:26:35] [info] menu slide-in fixed-timestep: ENABLED (default; slide advances at 50 Hz logic rate)
[13:26:35] [info] Reading npc.tbl...
[13:26:35] [info] Loading tilekey.dat.
[13:26:35] [info] Script engine init.
[13:26:35] [info] Entering main loop...
[13:26:35] [info] audio mid-gap pump: DISABLED (default)
[13:26:35] [info] TAS fixed-timestep guard: ENABLED (default) (patch 0280; load_stage wall-clock kept out of the FT accumulator so TAS replay advances at a true 50 Hz; set SDL_HINT_DOSKUTSU_TAS_FT_GUARD=0 to disable)
[13:26:35] [info] load_stage ring+DMA silence flush: ENABLED (default) (set SDL_HINT_DOSKUTSU_LOADSTAGE_SILENCE=0 to disable)
[13:26:35] [info] load-band audio-underrun probe: DISABLED (default) (opt-in SDL_HINT_DOSKUTSU_LOADBAND_STAT=1)
[13:26:35] [info]  >> Entering stage 72: 'u'.
[13:26:35] [info] skip sheet flush: ENABLED (default) (SFXPAUSE-012 SHIPPED FIX; sprite sheets stay resident across caves so no per-cave re-decode -> no fire-frame pause; map_flush_graphics tilemap cache still flushes; set SDL_HINT_DOSKUTSU_SKIP_SHEET_FLUSH=0 to restore the old per-cave flush)
[13:26:35] [info] [skip-sheet-flush] cave=1
[13:26:35] [info] eager action sheets: ENABLED (default) (first-fire hitch fix: pre-loads the weapon bullet + hit/muzzle/trail caret sheets at stage load so the first fire/impact does not lazy-decode mid-gameplay; set SDL_HINT_DOSKUTSU_EAGER_ACTION_SHEETS=0 to restore lazy load)
[13:26:35] [info] Surface::loadImage palmap-diag #2: 'data/Bullet.pbm' fmt=SDL_PIXELFORMAT_ABGR8888 remap=HIT -> path=truecolor
[13:26:35] [info] Surface::loadImage palmap-diag #3: 'data/Arms.pbm' fmt=SDL_PIXELFORMAT_ABGR8888 remap=HIT -> path=truecolor
[13:26:36] [info] Surface::loadImage palmap-diag #4: 'data/Caret.pbm' fmt=SDL_PIXELFORMAT_ABGR8888 remap=HIT -> path=truecolor
[13:26:36] [info] Surface::loadImage palmap-diag #5: 'data/Npc/NpcSym.pbm' fmt=SDL_PIXELFORMAT_ABGR8888 remap=HIT -> path=truecolor
[13:26:36] [info] [eager-action-sheets] cave=1 sheets=4 wall_ms=1041
[13:26:36] [info] Surface::loadImage palmap-diag #6: 'data/Stage/PrtWhite.pbm' fmt=SDL_PIXELFORMAT_ABGR8888 remap=HIT -> path=truecolor
[13:26:37] [info] load_stage: entry-music preload ENABLED (default) (set SDL_HINT_DOSKUTSU_PRELOAD_STAGE_MUSIC=0 to disable)
[13:26:37] [info] Surface::loadImage palmap-diag #7: 'data/bk0.pbm' fmt=SDL_PIXELFORMAT_ABGR8888 remap=HIT -> path=truecolor
[13:26:37] [info] gameloop: entered (curmap=72, running=1)
[13:26:37] [info] gameloop: iter 1 ticks=13987 mapno=-1
[13:26:37] [info] fixed-timestep: ENABLED (default; logic 50 Hz, decoupled from render)
[13:26:37] [info] map: BG skip-when-unchanged DISABLED (default) (set SDL_HINT_DOSKUTSU_BG_SKIP_WHEN_UNCHANGED=1 to enable; default OFF since wave-61 -- abandoned, it shipped a backdrop-black flicker and its +0.87 fps was below the noise floor)
[13:26:37] [info] map: skip-redundant-clear lever ENABLED (default since wave-53 promotion)
[13:26:37] [info] perf-mode: level=0 (faithful (default))
[13:26:37] [info] Surface::loadImage palmap-diag #8: 'data/Npc/NpcKings.pbm' fmt=SDL_PIXELFORMAT_ABGR8888 remap=HIT -> path=truecolor
[13:26:37] [info] audio tick-boundary pump: DISABLED (default)
[13:26:37] [info] gameloop: iter 2 ticks=14297 mapno=-1
[13:26:37] [info] gameloop: iter 3 ticks=14340 mapno=-1
[13:26:37] [info] direct-vesa: snapshot @gen=2 use_dosmemput=0 banked_multibank=0 pitches_match=1 vram_w=320 vram_h=240 vram_pitch=320 bpp=1 fb_size=76800 vram_phys=0x78000000 vram_ptr=0x77c00000
[13:26:37] [info] flip-probe: flip #10 ok=true present=3ms inter_flip_ms=21 drawcalls-since-flip=6 drawcalls-total=43 fail-total=0 null-skips-total=0
[13:26:38] [info] flip-probe: flip #20 ok=true present=3ms inter_flip_ms=21 drawcalls-since-flip=4 drawcalls-total=92 fail-total=0 null-skips-total=0
[13:26:38] [info] flip-probe: flip #30 ok=true present=3ms inter_flip_ms=39 drawcalls-since-flip=326 drawcalls-total=2707 fail-total=0 null-skips-total=0
[13:26:38] [info] flip-probe: flip #40 ok=true present=3ms inter_flip_ms=34 drawcalls-since-flip=264 drawcalls-total=5837 fail-total=0 null-skips-total=0
[13:26:39] [info] flip-probe: flip #50 ok=true present=3ms inter_flip_ms=23 drawcalls-since-flip=67 drawcalls-total=7392 fail-total=0 null-skips-total=0
[13:26:39] [info] flip-probe: flip #60 ok=true present=3ms inter_flip_ms=19 drawcalls-since-flip=4 drawcalls-total=7502 fail-total=0 null-skips-total=0
[13:26:39] [info] gameloop: iter 600 ticks=16216 mapno=-1
[13:26:39] [info] flip-probe: flip #70 ok=true present=3ms inter_flip_ms=25 drawcalls-since-flip=6 drawcalls-total=7557 fail-total=0 null-skips-total=0
[13:26:39] [info] flip-probe: flip #80 ok=true present=3ms inter_flip_ms=20 drawcalls-since-flip=0 drawcalls-total=7586 fail-total=0 null-skips-total=0
[13:26:39] [info] gameloop: iter 1200 ticks=16568 mapno=-1
[13:26:40] [info] flip-probe: flip #90 ok=true present=3ms inter_flip_ms=21 drawcalls-since-flip=0 drawcalls-total=7586 fail-total=0 null-skips-total=0
[13:26:40] [info] title: eager-title-IO phase tag ENABLED (default) (set SDL_HINT_DOSKUTSU_EAGER_TITLE_IO=0 to disable)
[13:26:40] [warn] MidiScheduler::_refresh_isr_buffer: track has 27749 events; ISR buffer is 16384 (truncated; events after 16384 will not dispatch under L2b ON -- the engine-thread tick() path still uses _events directly under L2b OFF)
[13:26:40] [info] MidiScheduler::load: parsed 'data/orgmid2/curly.mid' = 27749 events at 48 PPQ
[13:26:40] [info] opl3 backend: on_song_start
[13:26:41] [info] gameloop: entered (curmap=1005, running=1)
[13:26:41] [info] gameloop: iter 1 ticks=17696 mapno=-1
[13:26:41] [info] map: backdrop cache ENABLED (default) (set SDL_HINT_DOSKUTSU_BACKDROP_CACHE=0 to disable)
[13:26:41] [info] gameloop: iter 2 ticks=18230 mapno=-1
[13:26:41] [info] gameloop: iter 3 ticks=18264 mapno=-1
[13:26:41] [info] backdrop cache: thrashing-detect engaged (streak=4, route=direct)
[13:26:41] [info] flip-probe: flip #100 ok=true present=3ms inter_flip_ms=28 drawcalls-since-flip=75 drawcalls-total=7886 fail-total=0 null-skips-total=0
[13:26:41] [info] alpha audit block 0: 7798 total drawcalls, 0 with alpha<255 (block pct_x10=0; global 0/7798 pct_x10=0); alpha-mod skipped: block=0 global=0
[13:26:41] [info] fastpath audit block 0: taken=7798 (idx8=7798) skipped=0 pct_x10=1000; global taken=7798 (idx8=7798) skipped=0 pct_x10=1000
[13:26:41] [info] primitive tally block 0: clear=220(hr=220) fill=0(hr=0) rect=0(hr=0) line=0(hr=0) tint=0 spotlight=0 (over 100 flips ending at flip 100)
[13:26:41] [info] color/alpha audit block 0: cmod_white=104 cmod_black=0 (idx=0) cmod_general=84 (idx=84) cmod_fb=0; alpha_taken=0 alpha_skipped=0 (global cmod=104/0/84/0 idx=0/84 alpha=0/0)
[13:26:41] [info] phase timing block 0: drawcalls=8209 dc_total_ms=917 flip_inner_total_ms=525 inter_flip_total_ms=14764 (per-flip avg x10: dc_ms=91 fi_ms=52 if_ms=1476 derived audio+engine_ms=1333; per-drawcall avg us_x10=1117) [direct-vesa: presents=97 total_ms=277 avg_ms_x10=28 failed=0] [ablation: NO_DC_TIMING=0 CACHE_WINSURF=0 DIRECT_VESA=1]
[13:26:41] [info] kbd/audio block 0: kbd_irq=0 kbd_drain=0 ring_chunks=16 pump_pass=99 pic1_mask=0xb8 first_irq_ticks=0 install_ticks=0 vector_at_install=0x00849fc0 pic1_mask_live=0x38 kbd_8042_stat=0x34 bios_kbd_head=0x0038 bios_kbd_tail=0x0038 bios_kbd_buf0=0x2e63
[13:26:41] [info] audio/engine split block 0: audio_mixer_calls=0 audio_mixer_ms_x10=0 engine_tick_calls=99 engine_tick_ms_x10=351 audio_service_calls=0 audio_service_ms_x10=0 (per-flip avg; per-call us_x10: audio_mix=0 engine_tick=355356 audio_service=0; global ns: audio_mix=0 engine_tick=3518030817 audio_service=0)
[13:26:41] [info] pixtone multi-source probe: DISABLED (default)
[13:26:41] [info] dirty-rect block @flip=100: total_calls=0 dirty_rects_avg=0 dirty_pct_x10=990 forced_full=0 first_n_force=3 threshold_exceeded=2 dirty_path_taken=0 full_flush_taken=3
[13:26:41] [info] prev-frame-diff block @flip=100: diff_calls=0 diff_rects_avg=0 diff_dirty_pct_x10=0 bbox_pct_x10=0 bbox_thresh_exceeded=0
[13:26:41] [info] flip-probe: flip #110 ok=true present=3ms inter_flip_ms=22 drawcalls-since-flip=75 drawcalls-total=8636 fail-total=0 null-skips-total=0
[13:26:42] [info] flip-probe: flip #120 ok=true present=3ms inter_flip_ms=22 drawcalls-since-flip=75 drawcalls-total=9386 fail-total=0 null-skips-total=0
[13:26:42] [info] flip-probe: flip #130 ok=true present=3ms inter_flip_ms=19 drawcalls-since-flip=0 drawcalls-total=9986 fail-total=0 null-skips-total=0
[13:26:42] [info] Loading profile from profile.dat
[13:26:42] [error] profile_load: unable to open 'profile.dat'
[13:26:42] [info] Loading profile from profile2.dat
[13:26:42] [error] profile_load: unable to open 'profile2.dat'
[13:26:42] [info] Loading profile from profile3.dat
[13:26:42] [info] Loading profile from profile4.dat
[13:26:42] [error] profile_load: unable to open 'profile4.dat'
[13:26:42] [info] Loading profile from profile5.dat
[13:26:43] [info] flip-probe: flip #140 ok=true present=3ms inter_flip_ms=31 drawcalls-since-flip=214 drawcalls-total=10842 fail-total=0 null-skips-total=0
[13:26:43] [info] flip-probe: flip #150 ok=true present=3ms inter_flip_ms=44 drawcalls-since-flip=214 drawcalls-total=12982 fail-total=0 null-skips-total=0
[13:26:43] [info] Writing settings...
[13:26:43] [info] flip-probe: flip #160 ok=true present=3ms inter_flip_ms=20 drawcalls-since-flip=0 drawcalls-total=13846 fail-total=0 null-skips-total=0
[13:26:43] [info] gameloop: iter 600 ticks=20334 mapno=-1
[13:26:43] [info] flip-probe: flip #170 ok=true present=3ms inter_flip_ms=21 drawcalls-since-flip=0 drawcalls-total=13846 fail-total=0 null-skips-total=0
[13:26:44] [info] opl3 backend: on_song_stop
[13:26:44] [info] Loading profile from profile5.dat
[13:26:44] [info]  >> Entering stage 20: 'Save Point'.
[13:26:44] [info] [skip-sheet-flush] cave=2
[13:26:44] [info] MidiScheduler::load: parsed 'data/orgmid2/mura.mid' = 7123 events at 48 PPQ
[13:26:44] [info] opl3 backend: on_song_start
[13:26:44] [info] gameloop: entered (curmap=20, running=1)
[13:26:44] [info] gameloop: iter 1 ticks=21356 mapno=-1
[13:26:44] [info] TAS stall discount: ENABLED (default) (patch 0286; a replay frame over 150 ms is a load, not slow rendering, so it contributes 1 tick instead of its wall-clock; set SDL_HINT_DOSKUTSU_TAS_STALL_DISCOUNT=0 to disable)
[13:26:44] [info] TAS accumulator clamp: DISABLED (default) (patch 0281; caps the FT accumulator delta at one tick during TAS so a stalled frame cannot race the replay index; set SDL_HINT_DOSKUTSU_TAS_FT_GUARD=0 to disable)
[13:26:44] [info] gameloop: iter 2 ticks=21391 mapno=-1
[13:26:44] [info] gameloop: iter 3 ticks=21418 mapno=-1
[13:26:44] [info] flip-probe: flip #180 ok=true present=2ms inter_flip_ms=21 drawcalls-since-flip=17 drawcalls-total=13971 fail-total=0 null-skips-total=0
[13:26:45] [info] flip-probe: flip #190 ok=true present=3ms inter_flip_ms=20 drawcalls-since-flip=17 drawcalls-total=14141 fail-total=0 null-skips-total=0
[13:26:45] [info] flip-probe: flip #200 ok=true present=3ms inter_flip_ms=20 drawcalls-since-flip=17 drawcalls-total=14311 fail-total=0 null-skips-total=0
[13:26:45] [info] alpha audit block 0: 5788 total drawcalls, 0 with alpha<255 (block pct_x10=0; global 0/13586 pct_x10=0); alpha-mod skipped: block=0 global=0
[13:26:45] [info] fastpath audit block 0: taken=5788 (idx8=5788) skipped=0 pct_x10=1000; global taken=13586 (idx8=13586) skipped=0 pct_x10=1000
[13:26:45] [info] primitive tally block 0: clear=201(hr=201) fill=0(hr=0) rect=0(hr=0) line=0(hr=0) tint=0 spotlight=0 (over 100 flips ending at flip 200)
[13:26:45] [info] color/alpha audit block 0: cmod_white=1438 cmod_black=0 (idx=0) cmod_general=609 (idx=609) cmod_fb=0; alpha_taken=0 alpha_skipped=0 (global cmod=1542/0/693/0 idx=0/693 alpha=0/0)
[13:26:45] [info] phase timing block 0: drawcalls=8036 dc_total_ms=881 flip_inner_total_ms=460 inter_flip_total_ms=3551 (per-flip avg x10: dc_ms=88 fi_ms=46 if_ms=355 derived audio+engine_ms=221; per-drawcall avg us_x10=1097) [direct-vesa: presents=100 total_ms=282 avg_ms_x10=28 failed=0] [ablation: NO_DC_TIMING=0 CACHE_WINSURF=0 DIRECT_VESA=1]
[13:26:45] [info] kbd/audio block 0: kbd_irq=0 kbd_drain=0 ring_chunks=16 pump_pass=199 pic1_mask=0xb8 first_irq_ticks=0 install_ticks=0 vector_at_install=0x00849fc0 pic1_mask_live=0x38 kbd_8042_stat=0x34 bios_kbd_head=0x0038 bios_kbd_tail=0x0038 bios_kbd_buf0=0x2e63
[13:26:45] [info] audio/engine split block 0: audio_mixer_calls=0 audio_mixer_ms_x10=0 engine_tick_calls=76 engine_tick_ms_x10=152 audio_service_calls=0 audio_service_ms_x10=0 (per-flip avg; per-call us_x10: audio_mix=0 engine_tick=200242 audio_service=0; global ns: audio_mix=0 engine_tick=5039876639 audio_service=0)
[13:26:45] [info] dirty-rect block @flip=200: total_calls=0 dirty_rects_avg=1 dirty_pct_x10=1000 forced_full=0 first_n_force=0 threshold_exceeded=0 dirty_path_taken=0 full_flush_taken=0
[13:26:45] [info] prev-frame-diff block @flip=200: diff_calls=0 diff_rects_avg=0 diff_dirty_pct_x10=0 bbox_pct_x10=0 bbox_thresh_exceeded=0
[13:26:45] [info] flip-probe: flip #210 ok=true present=3ms inter_flip_ms=20 drawcalls-since-flip=17 drawcalls-total=14481 fail-total=0 null-skips-total=0
[13:26:45] [info] flip-probe: flip #220 ok=true present=3ms inter_flip_ms=21 drawcalls-since-flip=17 drawcalls-total=14651 fail-total=0 null-skips-total=0
[13:26:45] [info] flip-probe: flip #230 ok=true present=2ms inter_flip_ms=21 drawcalls-since-flip=17 drawcalls-total=14821 fail-total=0 null-skips-total=0
[13:26:46] [info] flip-probe: flip #240 ok=true present=3ms inter_flip_ms=20 drawcalls-since-flip=17 drawcalls-total=14991 fail-total=0 null-skips-total=0
[13:26:46] [info] flip-probe: flip #250 ok=true present=3ms inter_flip_ms=20 drawcalls-since-flip=17 drawcalls-total=15161 fail-total=0 null-skips-total=0
[13:26:46] [info] flip-probe: flip #260 ok=true present=3ms inter_flip_ms=20 drawcalls-since-flip=17 drawcalls-total=15331 fail-total=0 null-skips-total=0
[13:26:46] [info] flip-probe: flip #270 ok=true present=3ms inter_flip_ms=40 drawcalls-since-flip=354 drawcalls-total=17359 fail-total=0 null-skips-total=0
[13:26:47] [info]  >> Entering stage 11: 'Mimiga Village'.
[13:26:47] [info] [skip-sheet-flush] cave=3
[13:26:47] [info] [load-stage] preloading entry music song=9 (cave=3)
[13:26:47] [info] gameloop: entered (curmap=11, running=1)
[13:26:47] [info] gameloop: iter 1 ticks=24228 mapno=-1
[13:26:47] [info] map: mds_clear LUT ENABLED (default) (set SDL_HINT_DOSKUTSU_MDS_CLEAR_LUT=0 to disable; default ON; patch 0144 wave-49 bandwidth lever)
[13:26:47] [info] mds-clear-lut: rebuilt N=240 entries (k_skip=0% k_keep=100%; curmap=11 map_size=60x60; rebuild #1 since boot)
[13:26:47] [info] backdrop thrash full-cover ENABLED (default) (set SDL_HINT_DOSKUTSU_THRASH_FULLCOVER=0 to disable)
[13:26:47] [info] [bd-diag] backdrop render-path diag disabled (default) (set SDL_HINT_DOSKUTSU_BACKDROP_DIAG=1 to enable)
[13:26:47] [info] flip-probe: flip #280 ok=true present=3ms inter_flip_ms=502 drawcalls-since-flip=384 drawcalls-total=20261 fail-total=0 null-skips-total=0
[13:26:47] [info] gameloop: iter 2 ticks=24324 mapno=-1
[13:26:47] [info] gameloop: iter 3 ticks=24388 mapno=-1
[13:26:48] [info] backdrop cache: thrashing-detect engaged (streak=4, route=direct)
[13:26:48] [info] flip-probe: flip #290 ok=true present=3ms inter_flip_ms=31 drawcalls-since-flip=72 drawcalls-total=23061 fail-total=0 null-skips-total=0
[13:26:48] [info] flip-probe: flip #300 ok=true present=3ms inter_flip_ms=33 drawcalls-since-flip=43 drawcalls-total=23459 fail-total=0 null-skips-total=0
[13:26:48] [info] alpha audit block 0: 8854 total drawcalls, 0 with alpha<255 (block pct_x10=0; global 0/22440 pct_x10=0); alpha-mod skipped: block=0 global=0
[13:26:48] [info] fastpath audit block 0: taken=8854 (idx8=8854) skipped=0 pct_x10=1000; global taken=22440 (idx8=22440) skipped=0 pct_x10=1000
[13:26:48] [info] primitive tally block 0: clear=202(hr=202) fill=0(hr=0) rect=0(hr=0) line=0(hr=0) tint=0 spotlight=0 (over 100 flips ending at flip 300)
[13:26:48] [info] color/alpha audit block 0: cmod_white=273 cmod_black=273 (idx=273) cmod_general=0 (idx=0) cmod_fb=0; alpha_taken=0 alpha_skipped=0 (global cmod=1815/273/693/0 idx=273/693 alpha=0/0)
[13:26:48] [info] phase timing block 0: drawcalls=9608 dc_total_ms=835 flip_inner_total_ms=431 inter_flip_total_ms=3272 (per-flip avg x10: dc_ms=83 fi_ms=43 if_ms=327 derived audio+engine_ms=201; per-drawcall avg us_x10=869) [direct-vesa: presents=100 total_ms=281 avg_ms_x10=28 failed=0] [ablation: NO_DC_TIMING=0 CACHE_WINSURF=0 DIRECT_VESA=1]
[13:26:48] [info] kbd/audio block 0: kbd_irq=0 kbd_drain=0 ring_chunks=16 pump_pass=341 pic1_mask=0xb8 first_irq_ticks=0 install_ticks=0 vector_at_install=0x00849fc0 pic1_mask_live=0x38 kbd_8042_stat=0x34 bios_kbd_head=0x0038 bios_kbd_tail=0x0038 bios_kbd_buf0=0x2e63
[13:26:48] [info] [tile-speedup-stat n=100 drawtile_us=52.15 raw_blit_us=48.26 ratio=1.08]
[13:26:48] [info] dirty-rect block @flip=300: total_calls=100 dirty_rects_avg=1 dirty_pct_x10=1000 forced_full=0 first_n_force=0 threshold_exceeded=0 dirty_path_taken=0 full_flush_taken=0
[13:26:48] [info] prev-frame-diff block @flip=300: diff_calls=0 diff_rects_avg=0 diff_dirty_pct_x10=0 bbox_pct_x10=0 bbox_thresh_exceeded=0
[13:26:48] [info] tas: stall frame 320 ms -> contributing 1 tick (patch 0286)
[13:26:49] [info] flip-probe: flip #310 ok=true present=3ms inter_flip_ms=31 drawcalls-since-flip=45 drawcalls-total=23993 fail-total=0 null-skips-total=0
[13:26:49] [info] backdrop cache: thrashing-detect engaged (streak=4, route=direct)
[13:26:49] [info] flip-probe: flip #320 ok=true present=4ms inter_flip_ms=33 drawcalls-since-flip=46 drawcalls-total=24452 fail-total=0 null-skips-total=0
[13:26:49] [info] flip-probe: flip #330 ok=true present=3ms inter_flip_ms=33 drawcalls-since-flip=43 drawcalls-total=24898 fail-total=0 null-skips-total=0
[13:26:50] [info] flip-probe: flip #340 ok=true present=3ms inter_flip_ms=29 drawcalls-since-flip=43 drawcalls-total=25328 fail-total=0 null-skips-total=0
[13:26:50] [info] flip-probe: flip #350 ok=true present=3ms inter_flip_ms=31 drawcalls-since-flip=43 drawcalls-total=25758 fail-total=0 null-skips-total=0
[13:26:50] [info] flip-probe: flip #360 ok=true present=3ms inter_flip_ms=31 drawcalls-since-flip=43 drawcalls-total=26188 fail-total=0 null-skips-total=0
[13:26:51] [info] flip-probe: flip #370 ok=true present=3ms inter_flip_ms=28 drawcalls-since-flip=43 drawcalls-total=26618 fail-total=0 null-skips-total=0
[13:26:51] [info] backdrop cache: thrashing-detect engaged (streak=64, route=direct)
[13:26:51] [info] flip-probe: flip #380 ok=true present=3ms inter_flip_ms=32 drawcalls-since-flip=43 drawcalls-total=27048 fail-total=0 null-skips-total=0
[13:26:51] [info] flip-probe: flip #390 ok=true present=3ms inter_flip_ms=29 drawcalls-since-flip=43 drawcalls-total=27478 fail-total=0 null-skips-total=0
[13:26:52] [info] flip-probe: flip #400 ok=true present=3ms inter_flip_ms=29 drawcalls-since-flip=17 drawcalls-total=27882 fail-total=0 null-skips-total=0
[13:26:52] [info] alpha audit block 0: 3036 total drawcalls, 0 with alpha<255 (block pct_x10=0; global 0/25476 pct_x10=0); alpha-mod skipped: block=0 global=0
[13:26:52] [info] fastpath audit block 0: taken=3036 (idx8=3036) skipped=0 pct_x10=1000; global taken=25476 (idx8=25476) skipped=0 pct_x10=1000
[13:26:52] [info] primitive tally block 0: clear=200(hr=200) fill=0(hr=0) rect=0(hr=0) line=0(hr=0) tint=0 spotlight=0 (over 100 flips ending at flip 400)
[13:26:52] [info] color/alpha audit block 0: cmod_white=1287 cmod_black=1287 (idx=1287) cmod_general=0 (idx=0) cmod_fb=0; alpha_taken=0 alpha_skipped=0 (global cmod=3102/1560/693/0 idx=1560/693 alpha=0/0)
[13:26:52] [info] phase timing block 0: drawcalls=5814 dc_total_ms=638 flip_inner_total_ms=437 inter_flip_total_ms=3537 (per-flip avg x10: dc_ms=63 fi_ms=43 if_ms=353 derived audio+engine_ms=247; per-drawcall avg us_x10=1097) [direct-vesa: presents=100 total_ms=281 avg_ms_x10=28 failed=0] [ablation: NO_DC_TIMING=0 CACHE_WINSURF=0 DIRECT_VESA=1]
[13:26:52] [info] kbd/audio block 0: kbd_irq=0 kbd_drain=0 ring_chunks=16 pump_pass=503 pic1_mask=0xb8 first_irq_ticks=0 install_ticks=0 vector_at_install=0x00849fc0 pic1_mask_live=0x38 kbd_8042_stat=0x34 bios_kbd_head=0x0038 bios_kbd_tail=0x0038 bios_kbd_buf0=0x2e63
[13:26:52] [info] dirty-rect block @flip=400: total_calls=0 dirty_rects_avg=1 dirty_pct_x10=1000 forced_full=0 first_n_force=0 threshold_exceeded=0 dirty_path_taken=0 full_flush_taken=0
[13:26:52] [info] prev-frame-diff block @flip=400: diff_calls=0 diff_rects_avg=0 diff_dirty_pct_x10=0 bbox_pct_x10=0 bbox_thresh_exceeded=0
[13:26:52] [info] flip-probe: flip #410 ok=true present=3ms inter_flip_ms=29 drawcalls-since-flip=17 drawcalls-total=28052 fail-total=0 null-skips-total=0
[13:26:52] [info] flip-probe: flip #420 ok=true present=3ms inter_flip_ms=28 drawcalls-since-flip=17 drawcalls-total=28222 fail-total=0 null-skips-total=0
[13:26:52] [info] flip-probe: flip #430 ok=true present=3ms inter_flip_ms=29 drawcalls-since-flip=19 drawcalls-total=28398 fail-total=0 null-skips-total=0
[13:26:53] [info] backdrop cache: thrashing-detect engaged (streak=124, route=direct)
[13:26:53] [info] flip-probe: flip #440 ok=true present=3ms inter_flip_ms=30 drawcalls-since-flip=19 drawcalls-total=28593 fail-total=0 null-skips-total=0
[13:26:53] [info] flip-probe: flip #450 ok=true present=3ms inter_flip_ms=30 drawcalls-since-flip=17 drawcalls-total=28769 fail-total=0 null-skips-total=0
[13:26:53] [info] flip-probe: flip #460 ok=true present=3ms inter_flip_ms=28 drawcalls-since-flip=16 drawcalls-total=28940 fail-total=0 null-skips-total=0
[13:26:54] [info] run_tick_fixed #600: heartbeat (loop alive)
[13:26:54] [info] flip-probe: flip #470 ok=true present=3ms inter_flip_ms=32 drawcalls-since-flip=20 drawcalls-total=29119 fail-total=0 null-skips-total=0
[13:26:54] [info] flip-probe: flip #480 ok=true present=3ms inter_flip_ms=29 drawcalls-since-flip=16 drawcalls-total=29289 fail-total=0 null-skips-total=0
[13:26:54] [info] flip-probe: flip #490 ok=true present=2ms inter_flip_ms=32 drawcalls-since-flip=15 drawcalls-total=29440 fail-total=0 null-skips-total=0
[13:26:55] [info] backdrop cache: thrashing-detect engaged (streak=184, route=direct)
[13:26:55] [info] flip-probe: flip #500 ok=true present=3ms inter_flip_ms=31 drawcalls-since-flip=18 drawcalls-total=29611 fail-total=0 null-skips-total=0
[13:26:55] [info] alpha audit block 0: 1629 total drawcalls, 0 with alpha<255 (block pct_x10=0; global 0/27105 pct_x10=0); alpha-mod skipped: block=0 global=0
[13:26:55] [info] fastpath audit block 0: taken=1629 (idx8=1629) skipped=0 pct_x10=1000; global taken=27105 (idx8=27105) skipped=0 pct_x10=1000
[13:26:55] [info] primitive tally block 0: clear=200(hr=200) fill=0(hr=0) rect=0(hr=0) line=0(hr=0) tint=0 spotlight=0 (over 100 flips ending at flip 500)
[13:26:55] [info] phase timing block 0: drawcalls=1829 dc_total_ms=490 flip_inner_total_ms=424 inter_flip_total_ms=3063 (per-flip avg x10: dc_ms=49 fi_ms=42 if_ms=306 derived audio+engine_ms=215; per-drawcall avg us_x10=2681) [direct-vesa: presents=100 total_ms=284 avg_ms_x10=28 failed=0] [ablation: NO_DC_TIMING=0 CACHE_WINSURF=0 DIRECT_VESA=1]
[13:26:55] [info] kbd/audio block 0: kbd_irq=0 kbd_drain=0 ring_chunks=16 pump_pass=656 pic1_mask=0xb8 first_irq_ticks=0 install_ticks=0 vector_at_install=0x00849fc0 pic1_mask_live=0x38 kbd_8042_stat=0x34 bios_kbd_head=0x0038 bios_kbd_tail=0x0038 bios_kbd_buf0=0x2e63
[13:26:55] [info] dirty-rect block @flip=500: total_calls=0 dirty_rects_avg=1 dirty_pct_x10=1000 forced_full=0 first_n_force=0 threshold_exceeded=0 dirty_path_taken=0 full_flush_taken=0
[13:26:55] [info] prev-frame-diff block @flip=500: diff_calls=0 diff_rects_avg=0 diff_dirty_pct_x10=0 bbox_pct_x10=0 bbox_thresh_exceeded=0
[13:26:55] [info] flip-probe: flip #510 ok=true present=2ms inter_flip_ms=30 drawcalls-since-flip=16 drawcalls-total=29789 fail-total=0 null-skips-total=0
[13:26:55] [info] flip-probe: flip #520 ok=true present=3ms inter_flip_ms=34 drawcalls-since-flip=15 drawcalls-total=29943 fail-total=0 null-skips-total=0
[13:26:56] [info] flip-probe: flip #530 ok=true present=3ms inter_flip_ms=31 drawcalls-since-flip=15 drawcalls-total=30093 fail-total=0 null-skips-total=0
[13:26:56] [info] flip-probe: flip #540 ok=true present=3ms inter_flip_ms=41 drawcalls-since-flip=169 drawcalls-total=30615 fail-total=0 null-skips-total=0
[13:26:56] [info] flip-probe: flip #550 ok=true present=3ms inter_flip_ms=52 drawcalls-since-flip=319 drawcalls-total=33535 fail-total=0 null-skips-total=0
[13:26:57] [info]  >> Entering stage 17: 'Yamashita Farm'.
[13:26:57] [info] [skip-sheet-flush] cave=4
[13:26:57] [info] [load-stage] preloading entry music song=13 (cave=4)
[13:26:57] [info] opl3 backend: on_song_stop
[13:26:57] [info] MidiScheduler::load: parsed 'data/orgmid2/plant.mid' = 6246 events at 48 PPQ
[13:26:57] [info] opl3 backend: on_song_start
[13:26:57] [info] gameloop: entered (curmap=17, running=1)
[13:26:57] [info] gameloop: iter 1 ticks=34198 mapno=-1
[13:26:57] [info] mds-clear-lut: rebuilt N=240 entries (k_skip=33% k_keep=67%; curmap=17 map_size=40x16; rebuild #2 since boot)
[13:26:57] [info] gameloop: iter 2 ticks=34366 mapno=-1
[13:26:57] [info] tas: stall frame 167 ms -> contributing 1 tick (patch 0286)
[13:26:57] [info] gameloop: iter 3 ticks=34431 mapno=-1
[13:26:58] [info] flip-probe: flip #560 ok=true present=3ms inter_flip_ms=48 drawcalls-since-flip=326 drawcalls-total=37053 fail-total=0 null-skips-total=0
[13:26:58] [info] flip-probe: flip #570 ok=true present=4ms inter_flip_ms=37 drawcalls-since-flip=136 drawcalls-total=38798 fail-total=0 null-skips-total=0
[13:26:58] [info] tas: stall frame 257 ms -> contributing 1 tick (patch 0286)
[13:26:59] [info] flip-probe: flip #580 ok=true present=3ms inter_flip_ms=41 drawcalls-since-flip=141 drawcalls-total=40186 fail-total=0 null-skips-total=0
[13:26:59] [info] flip-probe: flip #590 ok=true present=3ms inter_flip_ms=40 drawcalls-since-flip=145 drawcalls-total=41614 fail-total=0 null-skips-total=0
[13:27:00] [info] flip-probe: flip #600 ok=true present=3ms inter_flip_ms=49 drawcalls-since-flip=146 drawcalls-total=43059 fail-total=0 null-skips-total=0
[13:27:00] [info] alpha audit block 0: 12711 total drawcalls, 0 with alpha<255 (block pct_x10=0; global 0/39816 pct_x10=0); alpha-mod skipped: block=0 global=0
[13:27:00] [info] fastpath audit block 0: taken=12711 (idx8=12711) skipped=0 pct_x10=1000; global taken=39816 (idx8=39816) skipped=0 pct_x10=1000
[13:27:00] [info] primitive tally block 0: clear=201(hr=201) fill=0(hr=0) rect=0(hr=0) line=0(hr=0) tint=0 spotlight=0 (over 100 flips ending at flip 600)
[13:27:00] [info] color/alpha audit block 0: cmod_white=637 cmod_black=637 (idx=637) cmod_general=0 (idx=0) cmod_fb=0; alpha_taken=0 alpha_skipped=0 (global cmod=3739/2197/693/0 idx=2197/693 alpha=0/0)
[13:27:00] [info] phase timing block 0: drawcalls=14235 dc_total_ms=1120 flip_inner_total_ms=655 inter_flip_total_ms=4899 (per-flip avg x10: dc_ms=112 fi_ms=65 if_ms=489 derived audio+engine_ms=312; per-drawcall avg us_x10=787) [direct-vesa: presents=100 total_ms=280 avg_ms_x10=28 failed=0] [ablation: NO_DC_TIMING=0 CACHE_WINSURF=0 DIRECT_VESA=1]
[13:27:00] [info] kbd/audio block 0: kbd_irq=0 kbd_drain=0 ring_chunks=16 pump_pass=852 pic1_mask=0xb8 first_irq_ticks=0 install_ticks=0 vector_at_install=0x00849fc0 pic1_mask_live=0x38 kbd_8042_stat=0x34 bios_kbd_head=0x0038 bios_kbd_tail=0x0038 bios_kbd_buf0=0x2e63
[13:27:00] [info] dirty-rect block @flip=600: total_calls=0 dirty_rects_avg=1 dirty_pct_x10=1000 forced_full=0 first_n_force=0 threshold_exceeded=0 dirty_path_taken=0 full_flush_taken=0
[13:27:00] [info] prev-frame-diff block @flip=600: diff_calls=0 diff_rects_avg=0 diff_dirty_pct_x10=0 bbox_pct_x10=0 bbox_thresh_exceeded=0
[13:27:00] [info] backdrop cache: thrashing-detect engaged (streak=4, route=direct)
[13:27:00] [info] flip-probe: flip #610 ok=true present=3ms inter_flip_ms=40 drawcalls-since-flip=131 drawcalls-total=44364 fail-total=0 null-skips-total=0
[13:27:00] [info] flip-probe: flip #620 ok=true present=3ms inter_flip_ms=42 drawcalls-since-flip=136 drawcalls-total=45719 fail-total=0 null-skips-total=0
[13:27:01] [info] flip-probe: flip #630 ok=true present=2ms inter_flip_ms=40 drawcalls-since-flip=143 drawcalls-total=47129 fail-total=0 null-skips-total=0
[13:27:01] [info] flip-probe: flip #640 ok=true present=3ms inter_flip_ms=42 drawcalls-since-flip=147 drawcalls-total=48603 fail-total=0 null-skips-total=0
[13:27:01] [info] backdrop cache: thrashing-detect engaged (streak=4, route=direct)
[13:27:02] [info] flip-probe: flip #650 ok=true present=3ms inter_flip_ms=42 drawcalls-since-flip=145 drawcalls-total=50074 fail-total=0 null-skips-total=0
[13:27:02] [info] flip-probe: flip #660 ok=true present=3ms inter_flip_ms=41 drawcalls-since-flip=142 drawcalls-total=51495 fail-total=0 null-skips-total=0
[13:27:03] [info] flip-probe: flip #670 ok=true present=3ms inter_flip_ms=41 drawcalls-since-flip=133 drawcalls-total=52846 fail-total=0 null-skips-total=0
[13:27:03] [info] flip-probe: flip #680 ok=true present=3ms inter_flip_ms=39 drawcalls-since-flip=103 drawcalls-total=53945 fail-total=0 null-skips-total=0
[13:27:03] [info] flip-probe: flip #690 ok=true present=3ms inter_flip_ms=39 drawcalls-since-flip=96 drawcalls-total=54923 fail-total=0 null-skips-total=0
[13:27:04] [info] flip-probe: flip #700 ok=true present=3ms inter_flip_ms=36 drawcalls-since-flip=105 drawcalls-total=55974 fail-total=0 null-skips-total=0
[13:27:04] [info] alpha audit block 0: 11892 total drawcalls, 0 with alpha<255 (block pct_x10=0; global 0/51708 pct_x10=0); alpha-mod skipped: block=0 global=0
[13:27:04] [info] fastpath audit block 0: taken=11892 (idx8=11892) skipped=0 pct_x10=1000; global taken=51708 (idx8=51708) skipped=0 pct_x10=1000
[13:27:04] [info] primitive tally block 0: clear=200(hr=200) fill=0(hr=0) rect=0(hr=0) line=0(hr=0) tint=0 spotlight=0 (over 100 flips ending at flip 700)
[13:27:04] [info] color/alpha audit block 0: cmod_white=923 cmod_black=923 (idx=923) cmod_general=0 (idx=0) cmod_fb=0; alpha_taken=0 alpha_skipped=0 (global cmod=4662/3120/693/0 idx=3120/693 alpha=0/0)
[13:27:04] [info] phase timing block 0: drawcalls=13942 dc_total_ms=738 flip_inner_total_ms=429 inter_flip_total_ms=4140 (per-flip avg x10: dc_ms=73 fi_ms=42 if_ms=414 derived audio+engine_ms=299; per-drawcall avg us_x10=529) [direct-vesa: presents=100 total_ms=283 avg_ms_x10=28 failed=0] [ablation: NO_DC_TIMING=0 CACHE_WINSURF=0 DIRECT_VESA=1]
[13:27:04] [info] kbd/audio block 0: kbd_irq=0 kbd_drain=0 ring_chunks=16 pump_pass=1060 pic1_mask=0xb8 first_irq_ticks=0 install_ticks=0 vector_at_install=0x00849fc0 pic1_mask_live=0x38 kbd_8042_stat=0x34 bios_kbd_head=0x0038 bios_kbd_tail=0x0038 bios_kbd_buf0=0x2e63
[13:27:04] [info] dirty-rect block @flip=700: total_calls=0 dirty_rects_avg=1 dirty_pct_x10=1000 forced_full=0 first_n_force=0 threshold_exceeded=0 dirty_path_taken=0 full_flush_taken=0
[13:27:04] [info] prev-frame-diff block @flip=700: diff_calls=0 diff_rects_avg=0 diff_dirty_pct_x10=0 bbox_pct_x10=0 bbox_thresh_exceeded=0
[13:27:04] [info] backdrop cache: thrashing-detect engaged (streak=64, route=direct)
[13:27:04] [info] flip-probe: flip #710 ok=true present=3ms inter_flip_ms=36 drawcalls-since-flip=106 drawcalls-total=57044 fail-total=0 null-skips-total=0
[13:27:05] [info] flip-probe: flip #720 ok=true present=3ms inter_flip_ms=37 drawcalls-since-flip=108 drawcalls-total=58125 fail-total=0 null-skips-total=0
[13:27:05] [info] flip-probe: flip #730 ok=true present=3ms inter_flip_ms=40 drawcalls-since-flip=106 drawcalls-total=59176 fail-total=0 null-skips-total=0
[13:27:05] [info] flip-probe: flip #740 ok=true present=2ms inter_flip_ms=38 drawcalls-since-flip=100 drawcalls-total=60184 fail-total=0 null-skips-total=0
[13:27:05] [info] backdrop cache: thrashing-detect engaged (streak=4, route=direct)
[13:27:06] [info] flip-probe: flip #750 ok=true present=3ms inter_flip_ms=38 drawcalls-since-flip=107 drawcalls-total=61244 fail-total=0 null-skips-total=0
[13:27:06] [info] flip-probe: flip #760 ok=true present=3ms inter_flip_ms=40 drawcalls-since-flip=115 drawcalls-total=62376 fail-total=0 null-skips-total=0
[13:27:06] [info] flip-probe: flip #770 ok=true present=3ms inter_flip_ms=39 drawcalls-since-flip=113 drawcalls-total=63523 fail-total=0 null-skips-total=0
[13:27:06] [info] run_tick_fixed #1200: heartbeat (loop alive)
[13:27:07] [info] flip-probe: flip #780 ok=true present=3ms inter_flip_ms=35 drawcalls-since-flip=109 drawcalls-total=64625 fail-total=0 null-skips-total=0
[13:27:07] [info] flip-probe: flip #790 ok=true present=3ms inter_flip_ms=39 drawcalls-since-flip=112 drawcalls-total=65730 fail-total=0 null-skips-total=0
[13:27:08] [info] flip-probe: flip #800 ok=true present=3ms inter_flip_ms=39 drawcalls-since-flip=117 drawcalls-total=66888 fail-total=0 null-skips-total=0
[13:27:08] [info] alpha audit block 0: 10814 total drawcalls, 0 with alpha<255 (block pct_x10=0; global 0/62522 pct_x10=0); alpha-mod skipped: block=0 global=0
[13:27:08] [info] fastpath audit block 0: taken=10814 (idx8=10814) skipped=0 pct_x10=1000; global taken=62522 (idx8=62522) skipped=0 pct_x10=1000
[13:27:08] [info] primitive tally block 0: clear=200(hr=200) fill=0(hr=0) rect=0(hr=0) line=0(hr=0) tint=0 spotlight=0 (over 100 flips ending at flip 800)
[13:27:08] [info] phase timing block 0: drawcalls=11018 dc_total_ms=642 flip_inner_total_ms=434 inter_flip_total_ms=3927 (per-flip avg x10: dc_ms=64 fi_ms=43 if_ms=392 derived audio+engine_ms=285; per-drawcall avg us_x10=582) [direct-vesa: presents=100 total_ms=281 avg_ms_x10=28 failed=0] [ablation: NO_DC_TIMING=0 CACHE_WINSURF=0 DIRECT_VESA=1]
[13:27:08] [info] kbd/audio block 0: kbd_irq=0 kbd_drain=0 ring_chunks=16 pump_pass=1256 pic1_mask=0xb8 first_irq_ticks=0 install_ticks=0 vector_at_install=0x00849fc0 pic1_mask_live=0x38 kbd_8042_stat=0x34 bios_kbd_head=0x0038 bios_kbd_tail=0x0038 bios_kbd_buf0=0x2e63
[13:27:08] [info] dirty-rect block @flip=800: total_calls=0 dirty_rects_avg=1 dirty_pct_x10=1000 forced_full=0 first_n_force=0 threshold_exceeded=0 dirty_path_taken=0 full_flush_taken=0
[13:27:08] [info] prev-frame-diff block @flip=800: diff_calls=0 diff_rects_avg=0 diff_dirty_pct_x10=0 bbox_pct_x10=0 bbox_thresh_exceeded=0
[13:27:08] [info] backdrop cache: thrashing-detect engaged (streak=64, route=direct)
[13:27:08] [info] flip-probe: flip #810 ok=true present=3ms inter_flip_ms=40 drawcalls-since-flip=112 drawcalls-total=68046 fail-total=0 null-skips-total=0
[13:27:08] [info] flip-probe: flip #820 ok=true present=3ms inter_flip_ms=39 drawcalls-since-flip=113 drawcalls-total=69167 fail-total=0 null-skips-total=0
[13:27:09] [info] flip-probe: flip #830 ok=true present=3ms inter_flip_ms=39 drawcalls-since-flip=113 drawcalls-total=70291 fail-total=0 null-skips-total=0
[13:27:09] [info] flip-probe: flip #840 ok=true present=3ms inter_flip_ms=39 drawcalls-since-flip=112 drawcalls-total=71406 fail-total=0 null-skips-total=0
[13:27:10] [info] flip-probe: flip #850 ok=true present=3ms inter_flip_ms=39 drawcalls-since-flip=110 drawcalls-total=72515 fail-total=0 null-skips-total=0
[13:27:10] [info] flip-probe: flip #860 ok=true present=3ms inter_flip_ms=41 drawcalls-since-flip=123 drawcalls-total=73628 fail-total=0 null-skips-total=0
[13:27:10] [info] flip-probe: flip #870 ok=true present=3ms inter_flip_ms=40 drawcalls-since-flip=119 drawcalls-total=74839 fail-total=0 null-skips-total=0
[13:27:11] [info] flip-probe: flip #880 ok=true present=3ms inter_flip_ms=38 drawcalls-since-flip=114 drawcalls-total=76018 fail-total=0 null-skips-total=0
[13:27:11] [info] flip-probe: flip #890 ok=true present=3ms inter_flip_ms=39 drawcalls-since-flip=117 drawcalls-total=77188 fail-total=0 null-skips-total=0
[13:27:12] [info] flip-probe: flip #900 ok=true present=3ms inter_flip_ms=39 drawcalls-since-flip=118 drawcalls-total=78358 fail-total=0 null-skips-total=0
[13:27:12] [info] alpha audit block 0: 11370 total drawcalls, 0 with alpha<255 (block pct_x10=0; global 0/73892 pct_x10=0); alpha-mod skipped: block=0 global=0
[13:27:12] [info] fastpath audit block 0: taken=11370 (idx8=11370) skipped=0 pct_x10=1000; global taken=73892 (idx8=73892) skipped=0 pct_x10=1000
[13:27:12] [info] primitive tally block 0: clear=200(hr=200) fill=0(hr=0) rect=0(hr=0) line=0(hr=0) tint=0 spotlight=0 (over 100 flips ending at flip 900)
[13:27:12] [info] phase timing block 0: drawcalls=11610 dc_total_ms=835 flip_inner_total_ms=635 inter_flip_total_ms=3994 (per-flip avg x10: dc_ms=83 fi_ms=63 if_ms=399 derived audio+engine_ms=253; per-drawcall avg us_x10=719) [direct-vesa: presents=100 total_ms=281 avg_ms_x10=28 failed=0] [ablation: NO_DC_TIMING=0 CACHE_WINSURF=0 DIRECT_VESA=1]
[13:27:12] [info] kbd/audio block 0: kbd_irq=0 kbd_drain=0 ring_chunks=16 pump_pass=1456 pic1_mask=0xb8 first_irq_ticks=0 install_ticks=0 vector_at_install=0x00849fc0 pic1_mask_live=0x38 kbd_8042_stat=0x34 bios_kbd_head=0x0038 bios_kbd_tail=0x0038 bios_kbd_buf0=0x2e63
[13:27:12] [info] dirty-rect block @flip=900: total_calls=0 dirty_rects_avg=1 dirty_pct_x10=1000 forced_full=0 first_n_force=0 threshold_exceeded=0 dirty_path_taken=0 full_flush_taken=0
[13:27:12] [info] prev-frame-diff block @flip=900: diff_calls=0 diff_rects_avg=0 diff_dirty_pct_x10=0 bbox_pct_x10=0 bbox_thresh_exceeded=0
[13:27:12] [info] tas: stall frame 299 ms -> contributing 1 tick (patch 0286)
[13:27:12] [info] flip-probe: flip #910 ok=true present=3ms inter_flip_ms=39 drawcalls-since-flip=116 drawcalls-total=79528 fail-total=0 null-skips-total=0
[13:27:13] [info] flip-probe: flip #920 ok=true present=3ms inter_flip_ms=40 drawcalls-since-flip=221 drawcalls-total=80854 fail-total=0 null-skips-total=0
[13:27:13] [info] run_tick_fixed #1500: heartbeat (loop alive)
[13:27:13] [info] flip-probe: flip #930 ok=true present=3ms inter_flip_ms=56 drawcalls-since-flip=401 drawcalls-total=84519 fail-total=0 null-skips-total=0
[13:27:13] [info]  >> Entering stage 11: 'Mimiga Village'.
[13:27:13] [info] [skip-sheet-flush] cave=5
[13:27:14] [info] [load-stage] preloading entry music song=9 (cave=5)
[13:27:14] [info] opl3 backend: on_song_stop
[13:27:14] [info] MidiScheduler::load: parsed 'data/orgmid2/mura.mid' = 7123 events at 48 PPQ
[13:27:14] [info] opl3 backend: on_song_start
[13:27:14] [info] gameloop: entered (curmap=11, running=1)
[13:27:14] [info] gameloop: iter 1 ticks=50866 mapno=-1
[13:27:14] [info] mds-clear-lut: rebuilt N=240 entries (k_skip=0% k_keep=100%; curmap=11 map_size=60x60; rebuild #3 since boot)
[13:27:14] [info] gameloop: iter 2 ticks=50934 mapno=-1
[13:27:14] [info] gameloop: iter 3 ticks=51004 mapno=-1
[13:27:14] [info] backdrop cache: thrashing-detect engaged (streak=4, route=direct)
[13:27:14] [info] flip-probe: flip #940 ok=true present=3ms inter_flip_ms=51 drawcalls-since-flip=210 drawcalls-total=87425 fail-total=0 null-skips-total=0
[13:27:15] [info] flip-probe: flip #950 ok=true present=3ms inter_flip_ms=32 drawcalls-since-flip=41 drawcalls-total=88159 fail-total=0 null-skips-total=0
[13:27:15] [info] flip-probe: flip #960 ok=true present=3ms inter_flip_ms=32 drawcalls-since-flip=41 drawcalls-total=88569 fail-total=0 null-skips-total=0
[13:27:15] [info] flip-probe: flip #970 ok=true present=2ms inter_flip_ms=35 drawcalls-since-flip=41 drawcalls-total=88979 fail-total=0 null-skips-total=0
[13:27:16] [info] flip-probe: flip #980 ok=true present=4ms inter_flip_ms=33 drawcalls-since-flip=41 drawcalls-total=89389 fail-total=0 null-skips-total=0
[13:27:16] [info] flip-probe: flip #990 ok=true present=3ms inter_flip_ms=32 drawcalls-since-flip=41 drawcalls-total=89799 fail-total=0 null-skips-total=0
[13:27:16] [info] backdrop cache: thrashing-detect engaged (streak=64, route=direct)
[13:27:16] [info] flip-probe: flip #1000 ok=true present=3ms inter_flip_ms=44 drawcalls-since-flip=41 drawcalls-total=90213 fail-total=0 null-skips-total=0
[13:27:16] [info] alpha audit block 0: 10858 total drawcalls, 0 with alpha<255 (block pct_x10=0; global 0/84750 pct_x10=0); alpha-mod skipped: block=0 global=0
[13:27:16] [info] fastpath audit block 0: taken=10858 (idx8=10858) skipped=0 pct_x10=1000; global taken=84750 (idx8=84750) skipped=0 pct_x10=1000
[13:27:16] [info] primitive tally block 0: clear=201(hr=201) fill=0(hr=0) rect=0(hr=0) line=0(hr=0) tint=0 spotlight=0 (over 100 flips ending at flip 1000)
[13:27:16] [info] color/alpha audit block 0: cmod_white=897 cmod_black=897 (idx=897) cmod_general=0 (idx=0) cmod_fb=0; alpha_taken=0 alpha_skipped=0 (global cmod=5559/4017/693/0 idx=4017/693 alpha=0/0)
[13:27:16] [info] phase timing block 0: drawcalls=12892 dc_total_ms=1044 flip_inner_total_ms=446 inter_flip_total_ms=4693 (per-flip avg x10: dc_ms=104 fi_ms=44 if_ms=469 derived audio+engine_ms=321; per-drawcall avg us_x10=810) [direct-vesa: presents=100 total_ms=285 avg_ms_x10=28 failed=0] [ablation: NO_DC_TIMING=0 CACHE_WINSURF=0 DIRECT_VESA=1]
[13:27:16] [info] kbd/audio block 0: kbd_irq=0 kbd_drain=0 ring_chunks=16 pump_pass=1647 pic1_mask=0xb8 first_irq_ticks=0 install_ticks=0 vector_at_install=0x00849fc0 pic1_mask_live=0x38 kbd_8042_stat=0x34 bios_kbd_head=0x0038 bios_kbd_tail=0x0038 bios_kbd_buf0=0x2e63
[13:27:16] [info] dirty-rect block @flip=1000: total_calls=0 dirty_rects_avg=1 dirty_pct_x10=1000 forced_full=0 first_n_force=0 threshold_exceeded=0 dirty_path_taken=0 full_flush_taken=0
[13:27:16] [info] prev-frame-diff block @flip=1000: diff_calls=0 diff_rects_avg=0 diff_dirty_pct_x10=0 bbox_pct_x10=0 bbox_thresh_exceeded=0
[13:27:17] [info] flip-probe: flip #1010 ok=true present=3ms inter_flip_ms=33 drawcalls-since-flip=41 drawcalls-total=90631 fail-total=0 null-skips-total=0
[13:27:17] [info] flip-probe: flip #1020 ok=true present=3ms inter_flip_ms=32 drawcalls-since-flip=41 drawcalls-total=91045 fail-total=0 null-skips-total=0
[13:27:17] [info] flip-probe: flip #1030 ok=true present=3ms inter_flip_ms=30 drawcalls-since-flip=42 drawcalls-total=91461 fail-total=0 null-skips-total=0
[13:27:18] [info] flip-probe: flip #1040 ok=true present=3ms inter_flip_ms=32 drawcalls-since-flip=42 drawcalls-total=91881 fail-total=0 null-skips-total=0
[13:27:18] [info] flip-probe: flip #1050 ok=true present=3ms inter_flip_ms=29 drawcalls-since-flip=43 drawcalls-total=92309 fail-total=0 null-skips-total=0
[13:27:18] [info] backdrop cache: thrashing-detect engaged (streak=124, route=direct)
[13:27:18] [info] flip-probe: flip #1060 ok=true present=2ms inter_flip_ms=33 drawcalls-since-flip=16 drawcalls-total=92498 fail-total=0 null-skips-total=0
[13:27:18] [info] flip-probe: flip #1070 ok=true present=2ms inter_flip_ms=30 drawcalls-since-flip=16 drawcalls-total=92658 fail-total=0 null-skips-total=0
[13:27:19] [info] flip-probe: flip #1080 ok=true present=3ms inter_flip_ms=26 drawcalls-since-flip=16 drawcalls-total=92818 fail-total=0 null-skips-total=0
[13:27:19] [info] flip-probe: flip #1090 ok=true present=3ms inter_flip_ms=28 drawcalls-since-flip=17 drawcalls-total=92984 fail-total=0 null-skips-total=0
[13:27:19] [info] flip-probe: flip #1100 ok=true present=3ms inter_flip_ms=28 drawcalls-since-flip=18 drawcalls-total=93157 fail-total=0 null-skips-total=0
[13:27:19] [info] alpha audit block 0: 2181 total drawcalls, 0 with alpha<255 (block pct_x10=0; global 0/86931 pct_x10=0); alpha-mod skipped: block=0 global=0
[13:27:19] [info] fastpath audit block 0: taken=2181 (idx8=2181) skipped=0 pct_x10=1000; global taken=86931 (idx8=86931) skipped=0 pct_x10=1000
[13:27:19] [info] primitive tally block 0: clear=200(hr=200) fill=0(hr=0) rect=0(hr=0) line=0(hr=0) tint=0 spotlight=0 (over 100 flips ending at flip 1100)
[13:27:19] [info] color/alpha audit block 0: cmod_white=663 cmod_black=663 (idx=663) cmod_general=0 (idx=0) cmod_fb=0; alpha_taken=0 alpha_skipped=0 (global cmod=6222/4680/693/0 idx=4680/693 alpha=0/0)
[13:27:19] [info] phase timing block 0: drawcalls=3707 dc_total_ms=540 flip_inner_total_ms=433 inter_flip_total_ms=3042 (per-flip avg x10: dc_ms=54 fi_ms=43 if_ms=304 derived audio+engine_ms=207; per-drawcall avg us_x10=1458) [direct-vesa: presents=100 total_ms=280 avg_ms_x10=28 failed=0] [ablation: NO_DC_TIMING=0 CACHE_WINSURF=0 DIRECT_VESA=1]
[13:27:19] [info] kbd/audio block 0: kbd_irq=0 kbd_drain=0 ring_chunks=16 pump_pass=1799 pic1_mask=0xb8 first_irq_ticks=0 install_ticks=0 vector_at_install=0x00849fc0 pic1_mask_live=0x38 kbd_8042_stat=0x34 bios_kbd_head=0x0038 bios_kbd_tail=0x0038 bios_kbd_buf0=0x2e63
[13:27:19] [info] dirty-rect block @flip=1100: total_calls=0 dirty_rects_avg=1 dirty_pct_x10=1000 forced_full=0 first_n_force=0 threshold_exceeded=0 dirty_path_taken=0 full_flush_taken=0
[13:27:19] [info] prev-frame-diff block @flip=1100: diff_calls=0 diff_rects_avg=0 diff_dirty_pct_x10=0 bbox_pct_x10=0 bbox_thresh_exceeded=0
[13:27:20] [info] flip-probe: flip #1110 ok=true present=3ms inter_flip_ms=29 drawcalls-since-flip=18 drawcalls-total=93337 fail-total=0 null-skips-total=0
[13:27:20] [info] backdrop cache: thrashing-detect engaged (streak=184, route=direct)
[13:27:20] [info] flip-probe: flip #1120 ok=true present=3ms inter_flip_ms=33 drawcalls-since-flip=18 drawcalls-total=93517 fail-total=0 null-skips-total=0
[13:27:20] [info] flip-probe: flip #1130 ok=true present=3ms inter_flip_ms=30 drawcalls-since-flip=18 drawcalls-total=93697 fail-total=0 null-skips-total=0
[13:27:21] [info] flip-probe: flip #1140 ok=true present=3ms inter_flip_ms=30 drawcalls-since-flip=17 drawcalls-total=93868 fail-total=0 null-skips-total=0
[13:27:21] [info] flip-probe: flip #1150 ok=true present=2ms inter_flip_ms=31 drawcalls-since-flip=16 drawcalls-total=94034 fail-total=0 null-skips-total=0
[13:27:21] [info] flip-probe: flip #1160 ok=true present=3ms inter_flip_ms=26 drawcalls-since-flip=17 drawcalls-total=94202 fail-total=0 null-skips-total=0
[13:27:21] [info] flip-probe: flip #1170 ok=true present=3ms inter_flip_ms=29 drawcalls-since-flip=16 drawcalls-total=94365 fail-total=0 null-skips-total=0
[13:27:22] [info] tas: stall frame 249 ms -> contributing 1 tick (patch 0286)
[13:27:22] [info] backdrop cache: thrashing-detect engaged (streak=244, route=direct)
[13:27:22] [info] flip-probe: flip #1180 ok=true present=3ms inter_flip_ms=32 drawcalls-since-flip=16 drawcalls-total=94525 fail-total=0 null-skips-total=0
[13:27:22] [info] flip-probe: flip #1190 ok=true present=3ms inter_flip_ms=27 drawcalls-since-flip=16 drawcalls-total=94685 fail-total=0 null-skips-total=0
[13:27:22] [info] flip-probe: flip #1200 ok=true present=3ms inter_flip_ms=29 drawcalls-since-flip=16 drawcalls-total=94845 fail-total=0 null-skips-total=0
[13:27:22] [info] alpha audit block 0: 1588 total drawcalls, 0 with alpha<255 (block pct_x10=0; global 0/88519 pct_x10=0); alpha-mod skipped: block=0 global=0
[13:27:22] [info] fastpath audit block 0: taken=1588 (idx8=1588) skipped=0 pct_x10=1000; global taken=88519 (idx8=88519) skipped=0 pct_x10=1000
[13:27:22] [info] primitive tally block 0: clear=200(hr=200) fill=0(hr=0) rect=0(hr=0) line=0(hr=0) tint=0 spotlight=0 (over 100 flips ending at flip 1200)
[13:27:22] [info] phase timing block 0: drawcalls=1788 dc_total_ms=485 flip_inner_total_ms=643 inter_flip_total_ms=3117 (per-flip avg x10: dc_ms=48 fi_ms=64 if_ms=311 derived audio+engine_ms=199; per-drawcall avg us_x10=2712) [direct-vesa: presents=100 total_ms=280 avg_ms_x10=28 failed=0] [ablation: NO_DC_TIMING=0 CACHE_WINSURF=0 DIRECT_VESA=1]
[13:27:22] [info] kbd/audio block 0: kbd_irq=0 kbd_drain=0 ring_chunks=16 pump_pass=1944 pic1_mask=0xb8 first_irq_ticks=0 install_ticks=0 vector_at_install=0x00849fc0 pic1_mask_live=0x38 kbd_8042_stat=0x34 bios_kbd_head=0x0038 bios_kbd_tail=0x0038 bios_kbd_buf0=0x2e63
[13:27:22] [info] dirty-rect block @flip=1200: total_calls=0 dirty_rects_avg=1 dirty_pct_x10=1000 forced_full=0 first_n_force=0 threshold_exceeded=0 dirty_path_taken=0 full_flush_taken=0
[13:27:22] [info] prev-frame-diff block @flip=1200: diff_calls=0 diff_rects_avg=0 diff_dirty_pct_x10=0 bbox_pct_x10=0 bbox_thresh_exceeded=0
[13:27:23] [info] flip-probe: flip #1210 ok=true present=3ms inter_flip_ms=27 drawcalls-since-flip=16 drawcalls-total=95005 fail-total=0 null-skips-total=0
[13:27:23] [info] flip-probe: flip #1220 ok=true present=3ms inter_flip_ms=30 drawcalls-since-flip=27 drawcalls-total=95209 fail-total=0 null-skips-total=0
[13:27:23] [info] flip-probe: flip #1230 ok=true present=3ms inter_flip_ms=31 drawcalls-since-flip=27 drawcalls-total=95479 fail-total=0 null-skips-total=0
[13:27:24] [info] backdrop cache: thrashing-detect engaged (streak=304, route=direct)
[13:27:24] [info] flip-probe: flip #1240 ok=true present=3ms inter_flip_ms=34 drawcalls-since-flip=28 drawcalls-total=95749 fail-total=0 null-skips-total=0
[13:27:24] [info] flip-probe: flip #1250 ok=true present=3ms inter_flip_ms=27 drawcalls-since-flip=19 drawcalls-total=95975 fail-total=0 null-skips-total=0
[13:27:24] [info] flip-probe: flip #1260 ok=true present=3ms inter_flip_ms=29 drawcalls-since-flip=20 drawcalls-total=96172 fail-total=0 null-skips-total=0
[13:27:25] [info] flip-probe: flip #1270 ok=true present=3ms inter_flip_ms=42 drawcalls-since-flip=260 drawcalls-total=97506 fail-total=0 null-skips-total=0
[13:27:25] [info]  >> Entering stage 15: 'Reservoir'.
[13:27:25] [info] [skip-sheet-flush] cave=6
[13:27:25] [info] [load-stage] preloading entry music song=9 (cave=6)
[13:27:25] [info] gameloop: entered (curmap=15, running=1)
[13:27:25] [info] gameloop: iter 1 ticks=62481 mapno=-1
[13:27:25] [info] mds-clear-lut: rebuilt N=240 entries (k_skip=13% k_keep=87%; curmap=15 map_size=40x20; rebuild #4 since boot)
[13:27:25] [info] flip-probe: flip #1280 ok=true present=3ms inter_flip_ms=452 drawcalls-since-flip=336 drawcalls-total=99987 fail-total=0 null-skips-total=0
[13:27:25] [info] gameloop: iter 2 ticks=62555 mapno=-1
[13:27:25] [info] gameloop: iter 3 ticks=62613 mapno=-1
[13:27:26] [info] flip-probe: flip #1290 ok=true present=3ms inter_flip_ms=38 drawcalls-since-flip=186 drawcalls-total=102897 fail-total=0 null-skips-total=0
[13:27:26] [info] flip-probe: flip #1300 ok=true present=4ms inter_flip_ms=30 drawcalls-since-flip=32 drawcalls-total=103511 fail-total=0 null-skips-total=0
[13:27:26] [info] alpha audit block 0: 8377 total drawcalls, 0 with alpha<255 (block pct_x10=0; global 0/96896 pct_x10=0); alpha-mod skipped: block=0 global=0
[13:27:26] [info] fastpath audit block 0: taken=8377 (idx8=8377) skipped=0 pct_x10=1000; global taken=96896 (idx8=96896) skipped=0 pct_x10=1000
[13:27:26] [info] primitive tally block 0: clear=202(hr=202) fill=0(hr=0) rect=0(hr=0) line=0(hr=0) tint=0 spotlight=0 (over 100 flips ending at flip 1300)
[13:27:26] [info] color/alpha audit block 0: cmod_white=189 cmod_black=189 (idx=189) cmod_general=0 (idx=0) cmod_fb=0; alpha_taken=0 alpha_skipped=0 (global cmod=6411/4869/693/0 idx=4869/693 alpha=0/0)
[13:27:26] [info] phase timing block 0: drawcalls=8978 dc_total_ms=888 flip_inner_total_ms=440 inter_flip_total_ms=3787 (per-flip avg x10: dc_ms=88 fi_ms=44 if_ms=378 derived audio+engine_ms=246; per-drawcall avg us_x10=990) [direct-vesa: presents=100 total_ms=284 avg_ms_x10=28 failed=0] [ablation: NO_DC_TIMING=0 CACHE_WINSURF=0 DIRECT_VESA=1]
[13:27:26] [info] kbd/audio block 0: kbd_irq=0 kbd_drain=0 ring_chunks=16 pump_pass=2113 pic1_mask=0xb8 first_irq_ticks=0 install_ticks=0 vector_at_install=0x00849fc0 pic1_mask_live=0x38 kbd_8042_stat=0x34 bios_kbd_head=0x0038 bios_kbd_tail=0x0038 bios_kbd_buf0=0x2e63
[13:27:26] [info] dirty-rect block @flip=1300: total_calls=0 dirty_rects_avg=1 dirty_pct_x10=1000 forced_full=0 first_n_force=0 threshold_exceeded=0 dirty_path_taken=0 full_flush_taken=0
[13:27:26] [info] prev-frame-diff block @flip=1300: diff_calls=0 diff_rects_avg=0 diff_dirty_pct_x10=0 bbox_pct_x10=0 bbox_thresh_exceeded=0
[13:27:27] [info] flip-probe: flip #1310 ok=true present=3ms inter_flip_ms=30 drawcalls-since-flip=32 drawcalls-total=103831 fail-total=0 null-skips-total=0
[13:27:27] [info] flip-probe: flip #1320 ok=true present=3ms inter_flip_ms=29 drawcalls-since-flip=32 drawcalls-total=104151 fail-total=0 null-skips-total=0
[13:27:27] [info] flip-probe: flip #1330 ok=true present=3ms inter_flip_ms=29 drawcalls-since-flip=32 drawcalls-total=104471 fail-total=0 null-skips-total=0
[13:27:27] [info] backdrop cache: thrashing-detect engaged (streak=4, route=direct)
[13:27:28] [info] flip-probe: flip #1340 ok=true present=4ms inter_flip_ms=30 drawcalls-since-flip=35 drawcalls-total=104809 fail-total=0 null-skips-total=0
[13:27:28] [info] flip-probe: flip #1350 ok=true present=3ms inter_flip_ms=28 drawcalls-since-flip=35 drawcalls-total=105159 fail-total=0 null-skips-total=0
[13:27:28] [info] flip-probe: flip #1360 ok=true present=3ms inter_flip_ms=32 drawcalls-since-flip=32 drawcalls-total=105484 fail-total=0 null-skips-total=0
[13:27:29] [info] flip-probe: flip #1370 ok=true present=3ms inter_flip_ms=28 drawcalls-since-flip=33 drawcalls-total=105814 fail-total=0 null-skips-total=0
[13:27:29] [info] flip-probe: flip #1380 ok=true present=3ms inter_flip_ms=29 drawcalls-since-flip=35 drawcalls-total=106156 fail-total=0 null-skips-total=0
[13:27:29] [info] flip-probe: flip #1390 ok=true present=3ms inter_flip_ms=31 drawcalls-since-flip=33 drawcalls-total=106502 fail-total=0 null-skips-total=0
[13:27:29] [info] backdrop cache: thrashing-detect engaged (streak=64, route=direct)
[13:27:29] [info] tas: stall frame 168 ms -> contributing 1 tick (patch 0286)
[13:27:30] [info] flip-probe: flip #1400 ok=true present=3ms inter_flip_ms=29 drawcalls-since-flip=15 drawcalls-total=106816 fail-total=0 null-skips-total=0
[13:27:30] [info] alpha audit block 0: 2314 total drawcalls, 0 with alpha<255 (block pct_x10=0; global 0/99210 pct_x10=0); alpha-mod skipped: block=0 global=0
[13:27:30] [info] fastpath audit block 0: taken=2314 (idx8=2314) skipped=0 pct_x10=1000; global taken=99210 (idx8=99210) skipped=0 pct_x10=1000
[13:27:30] [info] primitive tally block 0: clear=200(hr=200) fill=0(hr=0) rect=0(hr=0) line=0(hr=0) tint=0 spotlight=0 (over 100 flips ending at flip 1400)
[13:27:30] [info] color/alpha audit block 0: cmod_white=891 cmod_black=891 (idx=891) cmod_general=0 (idx=0) cmod_fb=0; alpha_taken=0 alpha_skipped=0 (global cmod=7302/5760/693/0 idx=5760/693 alpha=0/0)
[13:27:30] [info] phase timing block 0: drawcalls=4329 dc_total_ms=689 flip_inner_total_ms=436 inter_flip_total_ms=3332 (per-flip avg x10: dc_ms=68 fi_ms=43 if_ms=333 derived audio+engine_ms=222; per-drawcall avg us_x10=1592) [direct-vesa: presents=100 total_ms=284 avg_ms_x10=28 failed=0] [ablation: NO_DC_TIMING=0 CACHE_WINSURF=0 DIRECT_VESA=1]
[13:27:30] [info] kbd/audio block 0: kbd_irq=0 kbd_drain=0 ring_chunks=16 pump_pass=2272 pic1_mask=0xb8 first_irq_ticks=0 install_ticks=0 vector_at_install=0x00849fc0 pic1_mask_live=0x38 kbd_8042_stat=0x34 bios_kbd_head=0x0038 bios_kbd_tail=0x0038 bios_kbd_buf0=0x2e63
[13:27:30] [info] dirty-rect block @flip=1400: total_calls=0 dirty_rects_avg=1 dirty_pct_x10=1000 forced_full=0 first_n_force=0 threshold_exceeded=0 dirty_path_taken=0 full_flush_taken=0
[13:27:30] [info] prev-frame-diff block @flip=1400: diff_calls=0 diff_rects_avg=0 diff_dirty_pct_x10=0 bbox_pct_x10=0 bbox_thresh_exceeded=0
[13:27:30] [info] flip-probe: flip #1410 ok=true present=2ms inter_flip_ms=31 drawcalls-since-flip=15 drawcalls-total=106966 fail-total=0 null-skips-total=0
[13:27:30] [info] flip-probe: flip #1420 ok=true present=3ms inter_flip_ms=27 drawcalls-since-flip=16 drawcalls-total=107123 fail-total=0 null-skips-total=0
[13:27:30] [info] flip-probe: flip #1430 ok=true present=2ms inter_flip_ms=31 drawcalls-since-flip=17 drawcalls-total=107286 fail-total=0 null-skips-total=0
[13:27:31] [info] flip-probe: flip #1440 ok=true present=3ms inter_flip_ms=26 drawcalls-since-flip=19 drawcalls-total=107464 fail-total=0 null-skips-total=0
[13:27:31] [info] flip-probe: flip #1450 ok=true present=3ms inter_flip_ms=30 drawcalls-since-flip=20 drawcalls-total=107664 fail-total=0 null-skips-total=0
[13:27:31] [info] tas: stall frame 251 ms -> contributing 1 tick (patch 0286)
[13:27:31] [info] backdrop cache: thrashing-detect engaged (streak=124, route=direct)
[13:27:32] [info] flip-probe: flip #1460 ok=true present=2ms inter_flip_ms=30 drawcalls-since-flip=20 drawcalls-total=107864 fail-total=0 null-skips-total=0
[13:27:32] [info] flip-probe: flip #1470 ok=true present=3ms inter_flip_ms=29 drawcalls-since-flip=18 drawcalls-total=108060 fail-total=0 null-skips-total=0
[13:27:32] [info] tas: stall frame 254 ms -> contributing 1 tick (patch 0286)
[13:27:32] [info] flip-probe: flip #1480 ok=true present=3ms inter_flip_ms=26 drawcalls-since-flip=16 drawcalls-total=108230 fail-total=0 null-skips-total=0
[13:27:33] [info] flip-probe: flip #1490 ok=true present=2ms inter_flip_ms=28 drawcalls-since-flip=15 drawcalls-total=108389 fail-total=0 null-skips-total=0
[13:27:33] [info] flip-probe: flip #1500 ok=true present=3ms inter_flip_ms=31 drawcalls-since-flip=16 drawcalls-total=108542 fail-total=0 null-skips-total=0
[13:27:33] [info] alpha audit block 0: 1626 total drawcalls, 0 with alpha<255 (block pct_x10=0; global 0/100836 pct_x10=0); alpha-mod skipped: block=0 global=0
[13:27:33] [info] fastpath audit block 0: taken=1626 (idx8=1626) skipped=0 pct_x10=1000; global taken=100836 (idx8=100836) skipped=0 pct_x10=1000
[13:27:33] [info] primitive tally block 0: clear=200(hr=200) fill=0(hr=0) rect=0(hr=0) line=0(hr=0) tint=0 spotlight=0 (over 100 flips ending at flip 1500)
[13:27:33] [info] phase timing block 0: drawcalls=1826 dc_total_ms=455 flip_inner_total_ms=858 inter_flip_total_ms=3387 (per-flip avg x10: dc_ms=45 fi_ms=85 if_ms=338 derived audio+engine_ms=208; per-drawcall avg us_x10=2494) [direct-vesa: presents=100 total_ms=281 avg_ms_x10=28 failed=0] [ablation: NO_DC_TIMING=0 CACHE_WINSURF=0 DIRECT_VESA=1]
[13:27:33] [info] kbd/audio block 0: kbd_irq=0 kbd_drain=0 ring_chunks=16 pump_pass=2418 pic1_mask=0xb8 first_irq_ticks=0 install_ticks=0 vector_at_install=0x00849fc0 pic1_mask_live=0x38 kbd_8042_stat=0x34 bios_kbd_head=0x0038 bios_kbd_tail=0x0038 bios_kbd_buf0=0x2e63
[13:27:33] [info] dirty-rect block @flip=1500: total_calls=0 dirty_rects_avg=1 dirty_pct_x10=1000 forced_full=0 first_n_force=0 threshold_exceeded=0 dirty_path_taken=0 full_flush_taken=0
[13:27:33] [info] prev-frame-diff block @flip=1500: diff_calls=0 diff_rects_avg=0 diff_dirty_pct_x10=0 bbox_pct_x10=0 bbox_thresh_exceeded=0
[13:27:33] [info] flip-probe: flip #1510 ok=true present=3ms inter_flip_ms=30 drawcalls-since-flip=16 drawcalls-total=108702 fail-total=0 null-skips-total=0
[13:27:33] [info] backdrop cache: thrashing-detect engaged (streak=184, route=direct)
[13:27:34] [info] flip-probe: flip #1520 ok=true present=3ms inter_flip_ms=30 drawcalls-since-flip=18 drawcalls-total=108870 fail-total=0 null-skips-total=0
[13:27:34] [info] flip-probe: flip #1530 ok=true present=3ms inter_flip_ms=27 drawcalls-since-flip=16 drawcalls-total=109039 fail-total=0 null-skips-total=0
[13:27:34] [info] flip-probe: flip #1540 ok=true present=3ms inter_flip_ms=27 drawcalls-since-flip=17 drawcalls-total=109201 fail-total=0 null-skips-total=0
[13:27:34] [info] flip-probe: flip #1550 ok=true present=3ms inter_flip_ms=29 drawcalls-since-flip=16 drawcalls-total=109367 fail-total=0 null-skips-total=0
[13:27:35] [info] flip-probe: flip #1560 ok=true present=3ms inter_flip_ms=27 drawcalls-since-flip=15 drawcalls-total=109517 fail-total=0 null-skips-total=0
[13:27:35] [info] backdrop cache: thrashing-detect engaged (streak=4, route=direct)
[13:27:35] [info] flip-probe: flip #1570 ok=true present=3ms inter_flip_ms=27 drawcalls-since-flip=15 drawcalls-total=109667 fail-total=0 null-skips-total=0
[13:27:35] [info] flip-probe: flip #1580 ok=true present=3ms inter_flip_ms=28 drawcalls-since-flip=14 drawcalls-total=109807 fail-total=0 null-skips-total=0
[13:27:36] [info] flip-probe: flip #1590 ok=true present=3ms inter_flip_ms=29 drawcalls-since-flip=14 drawcalls-total=109947 fail-total=0 null-skips-total=0
[13:27:36] [info] flip-probe: flip #1600 ok=true present=3ms inter_flip_ms=29 drawcalls-since-flip=14 drawcalls-total=110087 fail-total=0 null-skips-total=0
[13:27:36] [info] alpha audit block 0: 1445 total drawcalls, 0 with alpha<255 (block pct_x10=0; global 0/102281 pct_x10=0); alpha-mod skipped: block=0 global=0
[13:27:36] [info] fastpath audit block 0: taken=1445 (idx8=1445) skipped=0 pct_x10=1000; global taken=102281 (idx8=102281) skipped=0 pct_x10=1000
[13:27:36] [info] primitive tally block 0: clear=200(hr=200) fill=0(hr=0) rect=0(hr=0) line=0(hr=0) tint=0 spotlight=0 (over 100 flips ending at flip 1600)
[13:27:36] [info] phase timing block 0: drawcalls=1683 dc_total_ms=626 flip_inner_total_ms=431 inter_flip_total_ms=3038 (per-flip avg x10: dc_ms=62 fi_ms=43 if_ms=303 derived audio+engine_ms=198; per-drawcall avg us_x10=3725) [direct-vesa: presents=100 total_ms=282 avg_ms_x10=28 failed=0] [ablation: NO_DC_TIMING=0 CACHE_WINSURF=0 DIRECT_VESA=1]
[13:27:36] [info] kbd/audio block 0: kbd_irq=0 kbd_drain=0 ring_chunks=16 pump_pass=2570 pic1_mask=0xb8 first_irq_ticks=0 install_ticks=0 vector_at_install=0x00849fc0 pic1_mask_live=0x38 kbd_8042_stat=0x34 bios_kbd_head=0x0038 bios_kbd_tail=0x0038 bios_kbd_buf0=0x2e63
[13:27:36] [info] dirty-rect block @flip=1600: total_calls=0 dirty_rects_avg=1 dirty_pct_x10=1000 forced_full=0 first_n_force=0 threshold_exceeded=0 dirty_path_taken=0 full_flush_taken=0
[13:27:36] [info] prev-frame-diff block @flip=1600: diff_calls=0 diff_rects_avg=0 diff_dirty_pct_x10=0 bbox_pct_x10=0 bbox_thresh_exceeded=0
[13:27:36] [info] flip-probe: flip #1610 ok=true present=3ms inter_flip_ms=30 drawcalls-since-flip=14 drawcalls-total=110227 fail-total=0 null-skips-total=0
[13:27:37] [info] flip-probe: flip #1620 ok=true present=3ms inter_flip_ms=29 drawcalls-since-flip=14 drawcalls-total=110367 fail-total=0 null-skips-total=0
[13:27:37] [info] backdrop cache: thrashing-detect engaged (streak=64, route=direct)
[13:27:37] [info] flip-probe: flip #1630 ok=true present=3ms inter_flip_ms=28 drawcalls-since-flip=14 drawcalls-total=110507 fail-total=0 null-skips-total=0
[13:27:37] [info] flip-probe: flip #1640 ok=true present=3ms inter_flip_ms=29 drawcalls-since-flip=14 drawcalls-total=110647 fail-total=0 null-skips-total=0
[13:27:38] [info] flip-probe: flip #1650 ok=true present=4ms inter_flip_ms=29 drawcalls-since-flip=14 drawcalls-total=110787 fail-total=0 null-skips-total=0
[13:27:38] [info] flip-probe: flip #1660 ok=true present=3ms inter_flip_ms=29 drawcalls-since-flip=14 drawcalls-total=110927 fail-total=0 null-skips-total=0
[13:27:38] [info] flip-probe: flip #1670 ok=true present=2ms inter_flip_ms=28 drawcalls-since-flip=14 drawcalls-total=111067 fail-total=0 null-skips-total=0
[13:27:38] [info] flip-probe: flip #1680 ok=true present=2ms inter_flip_ms=28 drawcalls-since-flip=14 drawcalls-total=111207 fail-total=0 null-skips-total=0
[13:27:39] [info] backdrop cache: thrashing-detect engaged (streak=124, route=direct)
[13:27:39] [info] run_tick_fixed #2700: heartbeat (loop alive)
[13:27:39] [info] flip-probe: flip #1690 ok=true present=2ms inter_flip_ms=34 drawcalls-since-flip=14 drawcalls-total=111347 fail-total=0 null-skips-total=0
[13:27:39] [info] flip-probe: flip #1700 ok=true present=3ms inter_flip_ms=47 drawcalls-since-flip=318 drawcalls-total=113582 fail-total=0 null-skips-total=0
[13:27:39] [info] alpha audit block 0: 3395 total drawcalls, 0 with alpha<255 (block pct_x10=0; global 0/105676 pct_x10=0); alpha-mod skipped: block=0 global=0
[13:27:39] [info] fastpath audit block 0: taken=3395 (idx8=3395) skipped=0 pct_x10=1000; global taken=105676 (idx8=105676) skipped=0 pct_x10=1000
[13:27:39] [info] primitive tally block 0: clear=200(hr=200) fill=0(hr=0) rect=0(hr=0) line=0(hr=0) tint=0 spotlight=0 (over 100 flips ending at flip 1700)
[13:27:39] [info] phase timing block 0: drawcalls=3595 dc_total_ms=526 flip_inner_total_ms=422 inter_flip_total_ms=3043 (per-flip avg x10: dc_ms=52 fi_ms=42 if_ms=304 derived audio+engine_ms=210; per-drawcall avg us_x10=1464) [direct-vesa: presents=100 total_ms=284 avg_ms_x10=28 failed=0] [ablation: NO_DC_TIMING=0 CACHE_WINSURF=0 DIRECT_VESA=1]
[13:27:39] [info] kbd/audio block 0: kbd_irq=0 kbd_drain=0 ring_chunks=16 pump_pass=2721 pic1_mask=0xb8 first_irq_ticks=0 install_ticks=0 vector_at_install=0x00849fc0 pic1_mask_live=0x38 kbd_8042_stat=0x34 bios_kbd_head=0x0038 bios_kbd_tail=0x0038 bios_kbd_buf0=0x2e63
[13:27:39] [info] dirty-rect block @flip=1700: total_calls=0 dirty_rects_avg=1 dirty_pct_x10=1000 forced_full=0 first_n_force=0 threshold_exceeded=0 dirty_path_taken=0 full_flush_taken=0
[13:27:39] [info] prev-frame-diff block @flip=1700: diff_calls=0 diff_rects_avg=0 diff_dirty_pct_x10=0 bbox_pct_x10=0 bbox_thresh_exceeded=0
[13:27:39] [info]  >> Entering stage 11: 'Mimiga Village'.
[13:27:39] [info] [skip-sheet-flush] cave=7
[13:27:40] [info] [load-stage] preloading entry music song=9 (cave=7)
[13:27:40] [info] gameloop: entered (curmap=11, running=1)
[13:27:40] [info] gameloop: iter 1 ticks=76821 mapno=-1
[13:27:40] [info] mds-clear-lut: rebuilt N=240 entries (k_skip=0% k_keep=100%; curmap=11 map_size=60x60; rebuild #5 since boot)
[13:27:40] [info] gameloop: iter 2 ticks=76885 mapno=-1
[13:27:40] [info] gameloop: iter 3 ticks=76946 mapno=-1
[13:27:40] [info] flip-probe: flip #1710 ok=true present=3ms inter_flip_ms=51 drawcalls-since-flip=331 drawcalls-total=116512 fail-total=0 null-skips-total=0
[13:27:40] [info] flip-probe: flip #1720 ok=true present=3ms inter_flip_ms=32 drawcalls-since-flip=61 drawcalls-total=118427 fail-total=0 null-skips-total=0
[13:27:41] [info] flip-probe: flip #1730 ok=true present=3ms inter_flip_ms=29 drawcalls-since-flip=42 drawcalls-total=118825 fail-total=0 null-skips-total=0
[13:27:41] [info] flip-probe: flip #1740 ok=true present=3ms inter_flip_ms=29 drawcalls-since-flip=42 drawcalls-total=119245 fail-total=0 null-skips-total=0
[13:27:41] [info] flip-probe: flip #1750 ok=true present=3ms inter_flip_ms=31 drawcalls-since-flip=42 drawcalls-total=119665 fail-total=0 null-skips-total=0
[13:27:42] [info] flip-probe: flip #1760 ok=true present=3ms inter_flip_ms=40 drawcalls-since-flip=53 drawcalls-total=120107 fail-total=0 null-skips-total=0
[13:27:42] [info] flip-probe: flip #1770 ok=true present=3ms inter_flip_ms=41 drawcalls-since-flip=50 drawcalls-total=120632 fail-total=0 null-skips-total=0
[13:27:42] [info] backdrop cache: thrashing-detect engaged (streak=4, route=direct)
[13:27:42] [info] flip-probe: flip #1780 ok=true present=3ms inter_flip_ms=34 drawcalls-since-flip=47 drawcalls-total=121130 fail-total=0 null-skips-total=0
[13:27:43] [info] flip-probe: flip #1790 ok=true present=3ms inter_flip_ms=31 drawcalls-since-flip=48 drawcalls-total=121609 fail-total=0 null-skips-total=0
[13:27:43] [info] flip-probe: flip #1800 ok=true present=3ms inter_flip_ms=33 drawcalls-since-flip=49 drawcalls-total=122085 fail-total=0 null-skips-total=0
[13:27:43] [info] alpha audit block 0: 7168 total drawcalls, 0 with alpha<255 (block pct_x10=0; global 0/112844 pct_x10=0); alpha-mod skipped: block=0 global=0
[13:27:43] [info] fastpath audit block 0: taken=7168 (idx8=7168) skipped=0 pct_x10=1000; global taken=112844 (idx8=112844) skipped=0 pct_x10=1000
[13:27:43] [info] primitive tally block 0: clear=201(hr=201) fill=0(hr=0) rect=0(hr=0) line=0(hr=0) tint=0 spotlight=0 (over 100 flips ending at flip 1800)
[13:27:43] [info] color/alpha audit block 0: cmod_white=1235 cmod_black=1235 (idx=1235) cmod_general=0 (idx=0) cmod_fb=0; alpha_taken=0 alpha_skipped=0 (global cmod=8537/6995/693/0 idx=6995/693 alpha=0/0)
[13:27:43] [info] phase timing block 0: drawcalls=9905 dc_total_ms=1107 flip_inner_total_ms=441 inter_flip_total_ms=3940 (per-flip avg x10: dc_ms=110 fi_ms=44 if_ms=394 derived audio+engine_ms=240; per-drawcall avg us_x10=1117) [direct-vesa: presents=100 total_ms=279 avg_ms_x10=27 failed=0] [ablation: NO_DC_TIMING=0 CACHE_WINSURF=0 DIRECT_VESA=1]
[13:27:43] [info] kbd/audio block 0: kbd_irq=0 kbd_drain=0 ring_chunks=16 pump_pass=2898 pic1_mask=0xb8 first_irq_ticks=0 install_ticks=0 vector_at_install=0x00849fc0 pic1_mask_live=0x38 kbd_8042_stat=0x34 bios_kbd_head=0x0038 bios_kbd_tail=0x0038 bios_kbd_buf0=0x2e63
[13:27:43] [info] dirty-rect block @flip=1800: total_calls=0 dirty_rects_avg=1 dirty_pct_x10=1000 forced_full=0 first_n_force=0 threshold_exceeded=0 dirty_path_taken=0 full_flush_taken=0
[13:27:43] [info] prev-frame-diff block @flip=1800: diff_calls=0 diff_rects_avg=0 diff_dirty_pct_x10=0 bbox_pct_x10=0 bbox_thresh_exceeded=0
[13:27:43] [info] flip-probe: flip #1810 ok=true present=2ms inter_flip_ms=34 drawcalls-since-flip=46 drawcalls-total=122538 fail-total=0 null-skips-total=0
[13:27:44] [info] flip-probe: flip #1820 ok=true present=3ms inter_flip_ms=31 drawcalls-since-flip=45 drawcalls-total=122995 fail-total=0 null-skips-total=0
[13:27:44] [info] flip-probe: flip #1830 ok=true present=3ms inter_flip_ms=28 drawcalls-since-flip=19 drawcalls-total=123310 fail-total=0 null-skips-total=0
[13:27:44] [info] backdrop cache: thrashing-detect engaged (streak=64, route=direct)
[13:27:44] [info] flip-probe: flip #1840 ok=true present=3ms inter_flip_ms=30 drawcalls-since-flip=19 drawcalls-total=123513 fail-total=0 null-skips-total=0
[13:27:45] [info] flip-probe: flip #1850 ok=true present=3ms inter_flip_ms=29 drawcalls-since-flip=19 drawcalls-total=123703 fail-total=0 null-skips-total=0
[13:27:45] [info] flip-probe: flip #1860 ok=true present=2ms inter_flip_ms=30 drawcalls-since-flip=19 drawcalls-total=123893 fail-total=0 null-skips-total=0
[13:27:45] [info] run_tick_fixed #3000: heartbeat (loop alive)
[13:27:45] [info] flip-probe: flip #1870 ok=true present=3ms inter_flip_ms=31 drawcalls-since-flip=19 drawcalls-total=124083 fail-total=0 null-skips-total=0
[13:27:46] [info] flip-probe: flip #1880 ok=true present=3ms inter_flip_ms=32 drawcalls-since-flip=19 drawcalls-total=124273 fail-total=0 null-skips-total=0
[13:27:46] [info] flip-probe: flip #1890 ok=true present=3ms inter_flip_ms=31 drawcalls-since-flip=19 drawcalls-total=124463 fail-total=0 null-skips-total=0
[13:27:46] [info] backdrop cache: thrashing-detect engaged (streak=124, route=direct)
[13:27:46] [info] flip-probe: flip #1900 ok=true present=3ms inter_flip_ms=30 drawcalls-since-flip=19 drawcalls-total=124653 fail-total=0 null-skips-total=0
[13:27:46] [info] alpha audit block 0: 2143 total drawcalls, 0 with alpha<255 (block pct_x10=0; global 0/114987 pct_x10=0); alpha-mod skipped: block=0 global=0
[13:27:46] [info] fastpath audit block 0: taken=2143 (idx8=2143) skipped=0 pct_x10=1000; global taken=114987 (idx8=114987) skipped=0 pct_x10=1000
[13:27:46] [info] primitive tally block 0: clear=200(hr=200) fill=0(hr=0) rect=0(hr=0) line=0(hr=0) tint=0 spotlight=0 (over 100 flips ending at flip 1900)
[13:27:46] [info] color/alpha audit block 0: cmod_white=325 cmod_black=325 (idx=325) cmod_general=0 (idx=0) cmod_fb=0; alpha_taken=0 alpha_skipped=0 (global cmod=8862/7320/693/0 idx=7320/693 alpha=0/0)
[13:27:46] [info] phase timing block 0: drawcalls=2993 dc_total_ms=520 flip_inner_total_ms=429 inter_flip_total_ms=3195 (per-flip avg x10: dc_ms=52 fi_ms=42 if_ms=319 derived audio+engine_ms=225; per-drawcall avg us_x10=1740) [direct-vesa: presents=100 total_ms=281 avg_ms_x10=28 failed=0] [ablation: NO_DC_TIMING=0 CACHE_WINSURF=0 DIRECT_VESA=1]
[13:27:46] [info] kbd/audio block 0: kbd_irq=0 kbd_drain=0 ring_chunks=16 pump_pass=3058 pic1_mask=0xb8 first_irq_ticks=0 install_ticks=0 vector_at_install=0x00849fc0 pic1_mask_live=0x38 kbd_8042_stat=0x34 bios_kbd_head=0x0038 bios_kbd_tail=0x0038 bios_kbd_buf0=0x2e63
[13:27:46] [info] dirty-rect block @flip=1900: total_calls=0 dirty_rects_avg=1 dirty_pct_x10=1000 forced_full=0 first_n_force=0 threshold_exceeded=0 dirty_path_taken=0 full_flush_taken=0
[13:27:46] [info] prev-frame-diff block @flip=1900: diff_calls=0 diff_rects_avg=0 diff_dirty_pct_x10=0 bbox_pct_x10=0 bbox_thresh_exceeded=0
[13:27:47] [info] flip-probe: flip #1910 ok=true present=3ms inter_flip_ms=29 drawcalls-since-flip=18 drawcalls-total=124833 fail-total=0 null-skips-total=0
[13:27:47] [info] flip-probe: flip #1920 ok=true present=3ms inter_flip_ms=32 drawcalls-since-flip=18 drawcalls-total=125013 fail-total=0 null-skips-total=0
[13:27:47] [info] flip-probe: flip #1930 ok=true present=3ms inter_flip_ms=31 drawcalls-since-flip=17 drawcalls-total=125189 fail-total=0 null-skips-total=0
[13:27:47] [info] flip-probe: flip #1940 ok=true present=3ms inter_flip_ms=29 drawcalls-since-flip=17 drawcalls-total=125359 fail-total=0 null-skips-total=0
[13:27:48] [info] flip-probe: flip #1950 ok=true present=3ms inter_flip_ms=29 drawcalls-since-flip=18 drawcalls-total=125531 fail-total=0 null-skips-total=0
[13:27:48] [info] backdrop cache: thrashing-detect engaged (streak=184, route=direct)
[13:27:48] [info] flip-probe: flip #1960 ok=true present=3ms inter_flip_ms=31 drawcalls-since-flip=19 drawcalls-total=125714 fail-total=0 null-skips-total=0
[13:27:48] [info] flip-probe: flip #1970 ok=true present=2ms inter_flip_ms=30 drawcalls-since-flip=19 drawcalls-total=125904 fail-total=0 null-skips-total=0
[13:27:49] [info] flip-probe: flip #1980 ok=true present=3ms inter_flip_ms=31 drawcalls-since-flip=19 drawcalls-total=126094 fail-total=0 null-skips-total=0
[13:27:49] [info] flip-probe: flip #1990 ok=true present=3ms inter_flip_ms=31 drawcalls-since-flip=19 drawcalls-total=126284 fail-total=0 null-skips-total=0
[13:27:49] [info] flip-probe: flip #2000 ok=true present=3ms inter_flip_ms=36 drawcalls-since-flip=18 drawcalls-total=126468 fail-total=0 null-skips-total=0
[13:27:49] [info] alpha audit block 0: 1715 total drawcalls, 0 with alpha<255 (block pct_x10=0; global 0/116702 pct_x10=0); alpha-mod skipped: block=0 global=0
[13:27:49] [info] fastpath audit block 0: taken=1715 (idx8=1715) skipped=0 pct_x10=1000; global taken=116702 (idx8=116702) skipped=0 pct_x10=1000
[13:27:49] [info] primitive tally block 0: clear=200(hr=200) fill=0(hr=0) rect=0(hr=0) line=0(hr=0) tint=0 spotlight=0 (over 100 flips ending at flip 2000)
[13:27:49] [info] phase timing block 0: drawcalls=1915 dc_total_ms=487 flip_inner_total_ms=442 inter_flip_total_ms=3088 (per-flip avg x10: dc_ms=48 fi_ms=44 if_ms=308 derived audio+engine_ms=216; per-drawcall avg us_x10=2548) [direct-vesa: presents=100 total_ms=281 avg_ms_x10=28 failed=0] [ablation: NO_DC_TIMING=0 CACHE_WINSURF=0 DIRECT_VESA=1]
[13:27:49] [info] kbd/audio block 0: kbd_irq=0 kbd_drain=0 ring_chunks=16 pump_pass=3212 pic1_mask=0xb8 first_irq_ticks=0 install_ticks=0 vector_at_install=0x00849fc0 pic1_mask_live=0x38 kbd_8042_stat=0x34 bios_kbd_head=0x0038 bios_kbd_tail=0x0038 bios_kbd_buf0=0x2e63
[13:27:49] [info] dirty-rect block @flip=2000: total_calls=0 dirty_rects_avg=1 dirty_pct_x10=1000 forced_full=0 first_n_force=0 threshold_exceeded=0 dirty_path_taken=0 full_flush_taken=0
[13:27:49] [info] prev-frame-diff block @flip=2000: diff_calls=0 diff_rects_avg=0 diff_dirty_pct_x10=0 bbox_pct_x10=0 bbox_thresh_exceeded=0
[13:27:50] [info] flip-probe: flip #2010 ok=true present=2ms inter_flip_ms=30 drawcalls-since-flip=17 drawcalls-total=126645 fail-total=0 null-skips-total=0
[13:27:50] [info] backdrop cache: thrashing-detect engaged (streak=244, route=direct)
[13:27:50] [info] flip-probe: flip #2020 ok=true present=3ms inter_flip_ms=31 drawcalls-since-flip=18 drawcalls-total=126816 fail-total=0 null-skips-total=0
[13:27:50] [info] flip-probe: flip #2030 ok=true present=3ms inter_flip_ms=28 drawcalls-since-flip=18 drawcalls-total=126996 fail-total=0 null-skips-total=0
[13:27:51] [info] flip-probe: flip #2040 ok=true present=3ms inter_flip_ms=29 drawcalls-since-flip=18 drawcalls-total=127176 fail-total=0 null-skips-total=0
[13:27:51] [info] flip-probe: flip #2050 ok=true present=3ms inter_flip_ms=30 drawcalls-since-flip=19 drawcalls-total=127365 fail-total=0 null-skips-total=0
[13:27:51] [info] flip-probe: flip #2060 ok=true present=3ms inter_flip_ms=31 drawcalls-since-flip=19 drawcalls-total=127555 fail-total=0 null-skips-total=0
[13:27:51] [info] flip-probe: flip #2070 ok=true present=3ms inter_flip_ms=32 drawcalls-since-flip=19 drawcalls-total=127745 fail-total=0 null-skips-total=0
[13:27:51] [info] backdrop cache: thrashing-detect engaged (streak=304, route=direct)
[13:27:52] [info] flip-probe: flip #2080 ok=true present=2ms inter_flip_ms=28 drawcalls-since-flip=20 drawcalls-total=127938 fail-total=0 null-skips-total=0
[13:27:52] [info] flip-probe: flip #2090 ok=true present=3ms inter_flip_ms=30 drawcalls-since-flip=20 drawcalls-total=128138 fail-total=0 null-skips-total=0
[13:27:52] [info] flip-probe: flip #2100 ok=true present=3ms inter_flip_ms=31 drawcalls-since-flip=20 drawcalls-total=128338 fail-total=0 null-skips-total=0
[13:27:53] [info] alpha audit block 0: 1770 total drawcalls, 0 with alpha<255 (block pct_x10=0; global 0/118472 pct_x10=0); alpha-mod skipped: block=0 global=0
[13:27:53] [info] fastpath audit block 0: taken=1770 (idx8=1770) skipped=0 pct_x10=1000; global taken=118472 (idx8=118472) skipped=0 pct_x10=1000
[13:27:53] [info] primitive tally block 0: clear=200(hr=200) fill=0(hr=0) rect=0(hr=0) line=0(hr=0) tint=0 spotlight=0 (over 100 flips ending at flip 2100)
[13:27:53] [info] phase timing block 0: drawcalls=1970 dc_total_ms=494 flip_inner_total_ms=641 inter_flip_total_ms=3096 (per-flip avg x10: dc_ms=49 fi_ms=64 if_ms=309 derived audio+engine_ms=196; per-drawcall avg us_x10=2508) [direct-vesa: presents=100 total_ms=283 avg_ms_x10=28 failed=0] [ablation: NO_DC_TIMING=0 CACHE_WINSURF=0 DIRECT_VESA=1]
[13:27:53] [info] kbd/audio block 0: kbd_irq=0 kbd_drain=0 ring_chunks=16 pump_pass=3367 pic1_mask=0xb8 first_irq_ticks=0 install_ticks=0 vector_at_install=0x00849fc0 pic1_mask_live=0x38 kbd_8042_stat=0x34 bios_kbd_head=0x0038 bios_kbd_tail=0x0038 bios_kbd_buf0=0x2e63
[13:27:53] [info] dirty-rect block @flip=2100: total_calls=0 dirty_rects_avg=1 dirty_pct_x10=1000 forced_full=0 first_n_force=0 threshold_exceeded=0 dirty_path_taken=0 full_flush_taken=0
[13:27:53] [info] prev-frame-diff block @flip=2100: diff_calls=0 diff_rects_avg=0 diff_dirty_pct_x10=0 bbox_pct_x10=0 bbox_thresh_exceeded=0
[13:27:53] [info] tas: stall frame 292 ms -> contributing 1 tick (patch 0286)
[13:27:53] [info] flip-probe: flip #2110 ok=true present=2ms inter_flip_ms=32 drawcalls-since-flip=20 drawcalls-total=128538 fail-total=0 null-skips-total=0
[13:27:53] [info] flip-probe: flip #2120 ok=true present=3ms inter_flip_ms=30 drawcalls-since-flip=20 drawcalls-total=128738 fail-total=0 null-skips-total=0
[13:27:53] [info] flip-probe: flip #2130 ok=true present=3ms inter_flip_ms=31 drawcalls-since-flip=17 drawcalls-total=128908 fail-total=0 null-skips-total=0
[13:27:54] [info] backdrop cache: thrashing-detect engaged (streak=364, route=direct)
[13:27:54] [info] flip-probe: flip #2140 ok=true present=3ms inter_flip_ms=30 drawcalls-since-flip=17 drawcalls-total=129078 fail-total=0 null-skips-total=0
[13:27:54] [info] flip-probe: flip #2150 ok=true present=3ms inter_flip_ms=28 drawcalls-since-flip=17 drawcalls-total=129248 fail-total=0 null-skips-total=0
[13:27:54] [info] flip-probe: flip #2160 ok=true present=3ms inter_flip_ms=33 drawcalls-since-flip=18 drawcalls-total=129423 fail-total=0 null-skips-total=0
[13:27:55] [info] flip-probe: flip #2170 ok=true present=3ms inter_flip_ms=29 drawcalls-since-flip=18 drawcalls-total=129606 fail-total=0 null-skips-total=0
[13:27:55] [info] flip-probe: flip #2180 ok=true present=3ms inter_flip_ms=29 drawcalls-since-flip=17 drawcalls-total=129781 fail-total=0 null-skips-total=0
[13:27:55] [info] flip-probe: flip #2190 ok=true present=2ms inter_flip_ms=32 drawcalls-since-flip=16 drawcalls-total=129949 fail-total=0 null-skips-total=0
[13:27:55] [info] backdrop cache: thrashing-detect engaged (streak=424, route=direct)
[13:27:56] [info] flip-probe: flip #2200 ok=true present=3ms inter_flip_ms=29 drawcalls-since-flip=16 drawcalls-total=130109 fail-total=0 null-skips-total=0
[13:27:56] [info] alpha audit block 0: 1671 total drawcalls, 0 with alpha<255 (block pct_x10=0; global 0/120143 pct_x10=0); alpha-mod skipped: block=0 global=0
[13:27:56] [info] fastpath audit block 0: taken=1671 (idx8=1671) skipped=0 pct_x10=1000; global taken=120143 (idx8=120143) skipped=0 pct_x10=1000
[13:27:56] [info] primitive tally block 0: clear=200(hr=200) fill=0(hr=0) rect=0(hr=0) line=0(hr=0) tint=0 spotlight=0 (over 100 flips ending at flip 2200)
[13:27:56] [info] phase timing block 0: drawcalls=1871 dc_total_ms=491 flip_inner_total_ms=433 inter_flip_total_ms=3325 (per-flip avg x10: dc_ms=49 fi_ms=43 if_ms=332 derived audio+engine_ms=240; per-drawcall avg us_x10=2625) [direct-vesa: presents=100 total_ms=282 avg_ms_x10=28 failed=0] [ablation: NO_DC_TIMING=0 CACHE_WINSURF=0 DIRECT_VESA=1]
[13:27:56] [info] kbd/audio block 0: kbd_irq=0 kbd_drain=0 ring_chunks=16 pump_pass=3519 pic1_mask=0xb8 first_irq_ticks=0 install_ticks=0 vector_at_install=0x00849fc0 pic1_mask_live=0x38 kbd_8042_stat=0x34 bios_kbd_head=0x0038 bios_kbd_tail=0x0038 bios_kbd_buf0=0x2e63
[13:27:56] [info] dirty-rect block @flip=2200: total_calls=0 dirty_rects_avg=1 dirty_pct_x10=1000 forced_full=0 first_n_force=0 threshold_exceeded=0 dirty_path_taken=0 full_flush_taken=0
[13:27:56] [info] prev-frame-diff block @flip=2200: diff_calls=0 diff_rects_avg=0 diff_dirty_pct_x10=0 bbox_pct_x10=0 bbox_thresh_exceeded=0
[13:27:56] [info] flip-probe: flip #2210 ok=true present=3ms inter_flip_ms=33 drawcalls-since-flip=19 drawcalls-total=130281 fail-total=0 null-skips-total=0
[13:27:56] [info] flip-probe: flip #2220 ok=true present=3ms inter_flip_ms=30 drawcalls-since-flip=20 drawcalls-total=130471 fail-total=0 null-skips-total=0
[13:27:57] [info] flip-probe: flip #2230 ok=true present=2ms inter_flip_ms=29 drawcalls-since-flip=22 drawcalls-total=130677 fail-total=0 null-skips-total=0
[13:27:57] [info] flip-probe: flip #2240 ok=true present=3ms inter_flip_ms=30 drawcalls-since-flip=18 drawcalls-total=130866 fail-total=0 null-skips-total=0
[13:27:57] [info] flip-probe: flip #2250 ok=true present=3ms inter_flip_ms=38 drawcalls-since-flip=151 drawcalls-total=131282 fail-total=0 null-skips-total=0
[13:27:57] [info] backdrop cache: thrashing-detect engaged (streak=484, route=direct)
[13:27:58] [info] flip-probe: flip #2260 ok=true present=3ms inter_flip_ms=54 drawcalls-since-flip=359 drawcalls-total=134600 fail-total=0 null-skips-total=0
[13:27:58] [info]  >> Entering stage 19: 'Assembly Hall'.
[13:27:58] [info] [skip-sheet-flush] cave=8
[13:27:58] [info] [load-stage] preloading entry music song=9 (cave=8)
[13:27:58] [info] gameloop: entered (curmap=19, running=1)
[13:27:58] [info] gameloop: iter 1 ticks=95546 mapno=-1
[13:27:58] [info] mds-clear-lut: rebuilt N=240 entries (k_skip=100% k_keep=0%; curmap=19 map_size=21x16; rebuild #6 since boot)
[13:27:58] [info] gameloop: iter 2 ticks=95620 mapno=-1
[13:27:59] [info] gameloop: iter 3 ticks=95683 mapno=-1
[13:27:59] [info] flip-probe: flip #2270 ok=true present=3ms inter_flip_ms=44 drawcalls-since-flip=319 drawcalls-total=138502 fail-total=0 null-skips-total=0
[13:27:59] [info] flip-probe: flip #2280 ok=true present=2ms inter_flip_ms=34 drawcalls-since-flip=122 drawcalls-total=139853 fail-total=0 null-skips-total=0
[13:28:00] [info] flip-probe: flip #2290 ok=true present=3ms inter_flip_ms=32 drawcalls-since-flip=122 drawcalls-total=141073 fail-total=0 null-skips-total=0
[13:28:00] [info] flip-probe: flip #2300 ok=true present=4ms inter_flip_ms=33 drawcalls-since-flip=122 drawcalls-total=142293 fail-total=0 null-skips-total=0
[13:28:00] [info] alpha audit block 0: 11616 total drawcalls, 0 with alpha<255 (block pct_x10=0; global 0/131759 pct_x10=0); alpha-mod skipped: block=0 global=0
[13:28:00] [info] fastpath audit block 0: taken=11616 (idx8=11616) skipped=0 pct_x10=1000; global taken=131759 (idx8=131759) skipped=0 pct_x10=1000
[13:28:00] [info] primitive tally block 0: clear=201(hr=201) fill=0(hr=0) rect=0(hr=0) line=0(hr=0) tint=0 spotlight=0 (over 100 flips ending at flip 2300)
[13:28:00] [info] color/alpha audit block 0: cmod_white=468 cmod_black=468 (idx=468) cmod_general=0 (idx=0) cmod_fb=0; alpha_taken=0 alpha_skipped=0 (global cmod=9330/7788/693/0 idx=7788/693 alpha=0/0)
[13:28:00] [info] phase timing block 0: drawcalls=12792 dc_total_ms=989 flip_inner_total_ms=440 inter_flip_total_ms=4248 (per-flip avg x10: dc_ms=98 fi_ms=44 if_ms=424 derived audio+engine_ms=282; per-drawcall avg us_x10=773) [direct-vesa: presents=100 total_ms=285 avg_ms_x10=28 failed=0] [ablation: NO_DC_TIMING=0 CACHE_WINSURF=0 DIRECT_VESA=1]
[13:28:00] [info] kbd/audio block 0: kbd_irq=0 kbd_drain=0 ring_chunks=16 pump_pass=3702 pic1_mask=0xb8 first_irq_ticks=0 install_ticks=0 vector_at_install=0x00849fc0 pic1_mask_live=0x38 kbd_8042_stat=0x34 bios_kbd_head=0x0038 bios_kbd_tail=0x0038 bios_kbd_buf0=0x2e63
[13:28:00] [info] dirty-rect block @flip=2300: total_calls=0 dirty_rects_avg=1 dirty_pct_x10=1000 forced_full=0 first_n_force=0 threshold_exceeded=0 dirty_path_taken=0 full_flush_taken=0
[13:28:00] [info] prev-frame-diff block @flip=2300: diff_calls=0 diff_rects_avg=0 diff_dirty_pct_x10=0 bbox_pct_x10=0 bbox_thresh_exceeded=0
[13:28:00] [info] flip-probe: flip #2310 ok=true present=3ms inter_flip_ms=34 drawcalls-since-flip=124 drawcalls-total=143517 fail-total=0 null-skips-total=0
[13:28:01] [info] flip-probe: flip #2320 ok=true present=3ms inter_flip_ms=34 drawcalls-since-flip=124 drawcalls-total=144762 fail-total=0 null-skips-total=0
[13:28:01] [info] flip-probe: flip #2330 ok=true present=3ms inter_flip_ms=33 drawcalls-since-flip=122 drawcalls-total=145987 fail-total=0 null-skips-total=0
[13:28:01] [info] flip-probe: flip #2340 ok=true present=3ms inter_flip_ms=31 drawcalls-since-flip=123 drawcalls-total=147221 fail-total=0 null-skips-total=0
[13:28:02] [info] flip-probe: flip #2350 ok=true present=3ms inter_flip_ms=33 drawcalls-since-flip=122 drawcalls-total=148444 fail-total=0 null-skips-total=0
[13:28:02] [info] flip-probe: flip #2360 ok=true present=2ms inter_flip_ms=32 drawcalls-since-flip=122 drawcalls-total=149664 fail-total=0 null-skips-total=0
[13:28:02] [info] flip-probe: flip #2370 ok=true present=3ms inter_flip_ms=33 drawcalls-since-flip=122 drawcalls-total=150884 fail-total=0 null-skips-total=0
[13:28:03] [info] flip-probe: flip #2380 ok=true present=3ms inter_flip_ms=31 drawcalls-since-flip=122 drawcalls-total=152104 fail-total=0 null-skips-total=0
[13:28:03] [info] flip-probe: flip #2390 ok=true present=3ms inter_flip_ms=30 drawcalls-since-flip=98 drawcalls-total=153108 fail-total=0 null-skips-total=0
[13:28:03] [info] flip-probe: flip #2400 ok=true present=3ms inter_flip_ms=48 drawcalls-since-flip=414 drawcalls-total=155252 fail-total=0 null-skips-total=0
[13:28:03] [info] alpha audit block 0: 11887 total drawcalls, 0 with alpha<255 (block pct_x10=0; global 0/143646 pct_x10=0); alpha-mod skipped: block=0 global=0
[13:28:03] [info] fastpath audit block 0: taken=11887 (idx8=11887) skipped=0 pct_x10=1000; global taken=143646 (idx8=143646) skipped=0 pct_x10=1000
[13:28:03] [info] primitive tally block 0: clear=200(hr=200) fill=0(hr=0) rect=0(hr=0) line=0(hr=0) tint=0 spotlight=0 (over 100 flips ending at flip 2400)
[13:28:03] [info] color/alpha audit block 0: cmod_white=972 cmod_black=972 (idx=972) cmod_general=0 (idx=0) cmod_fb=0; alpha_taken=0 alpha_skipped=0 (global cmod=10302/8760/693/0 idx=8760/693 alpha=0/0)
[13:28:03] [info] phase timing block 0: drawcalls=14131 dc_total_ms=1085 flip_inner_total_ms=433 inter_flip_total_ms=3400 (per-flip avg x10: dc_ms=108 fi_ms=43 if_ms=340 derived audio+engine_ms=189; per-drawcall avg us_x10=768) [direct-vesa: presents=100 total_ms=279 avg_ms_x10=27 failed=0] [ablation: NO_DC_TIMING=0 CACHE_WINSURF=0 DIRECT_VESA=1]
[13:28:03] [info] kbd/audio block 0: kbd_irq=0 kbd_drain=0 ring_chunks=16 pump_pass=3871 pic1_mask=0xb8 first_irq_ticks=0 install_ticks=0 vector_at_install=0x00849fc0 pic1_mask_live=0x38 kbd_8042_stat=0x34 bios_kbd_head=0x0038 bios_kbd_tail=0x0038 bios_kbd_buf0=0x2e63
[13:28:04] [info] dirty-rect block @flip=2400: total_calls=0 dirty_rects_avg=1 dirty_pct_x10=1000 forced_full=0 first_n_force=0 threshold_exceeded=0 dirty_path_taken=0 full_flush_taken=0
[13:28:04] [info] prev-frame-diff block @flip=2400: diff_calls=0 diff_rects_avg=0 diff_dirty_pct_x10=0 bbox_pct_x10=0 bbox_thresh_exceeded=0
[13:28:04] [info] tas: stall frame 324 ms -> contributing 1 tick (patch 0286)
[13:28:04] [info]  >> Entering stage 11: 'Mimiga Village'.
[13:28:04] [info] [skip-sheet-flush] cave=9
[13:28:04] [info] [load-stage] preloading entry music song=9 (cave=9)
[13:28:05] [info] gameloop: entered (curmap=11, running=1)
[13:28:05] [info] gameloop: iter 1 ticks=101714 mapno=-1
[13:28:05] [info] mds-clear-lut: rebuilt N=240 entries (k_skip=0% k_keep=100%; curmap=11 map_size=60x60; rebuild #7 since boot)
[13:28:05] [info] flip-probe: flip #2410 ok=true present=3ms inter_flip_ms=653 drawcalls-since-flip=384 drawcalls-total=158862 fail-total=0 null-skips-total=0
[13:28:05] [info] gameloop: iter 2 ticks=101801 mapno=-1
[13:28:05] [info] gameloop: iter 3 ticks=101864 mapno=-1
[13:28:05] [info] run_tick_fixed #3900: heartbeat (loop alive)
[13:28:05] [info] backdrop cache: thrashing-detect engaged (streak=4, route=direct)
[13:28:05] [info] flip-probe: flip #2420 ok=true present=3ms inter_flip_ms=32 drawcalls-since-flip=72 drawcalls-total=161698 fail-total=0 null-skips-total=0
[13:28:06] [info] flip-probe: flip #2430 ok=true present=2ms inter_flip_ms=32 drawcalls-since-flip=45 drawcalls-total=162106 fail-total=0 null-skips-total=0
[13:28:06] [info] flip-probe: flip #2440 ok=true present=2ms inter_flip_ms=31 drawcalls-since-flip=47 drawcalls-total=162563 fail-total=0 null-skips-total=0
[13:28:06] [info] flip-probe: flip #2450 ok=true present=3ms inter_flip_ms=34 drawcalls-since-flip=43 drawcalls-total=163011 fail-total=0 null-skips-total=0
[13:28:07] [info] flip-probe: flip #2460 ok=true present=3ms inter_flip_ms=31 drawcalls-since-flip=43 drawcalls-total=163434 fail-total=0 null-skips-total=0
[13:28:07] [info] flip-probe: flip #2470 ok=true present=2ms inter_flip_ms=34 drawcalls-since-flip=44 drawcalls-total=163865 fail-total=0 null-skips-total=0
[13:28:07] [info] backdrop cache: thrashing-detect engaged (streak=64, route=direct)
[13:28:07] [info] flip-probe: flip #2480 ok=true present=2ms inter_flip_ms=34 drawcalls-since-flip=45 drawcalls-total=164307 fail-total=0 null-skips-total=0
[13:28:08] [info] flip-probe: flip #2490 ok=true present=3ms inter_flip_ms=33 drawcalls-since-flip=43 drawcalls-total=164747 fail-total=0 null-skips-total=0
[13:28:08] [info] flip-probe: flip #2500 ok=true present=3ms inter_flip_ms=33 drawcalls-since-flip=43 drawcalls-total=165177 fail-total=0 null-skips-total=0
[13:28:08] [info] alpha audit block 0: 8642 total drawcalls, 0 with alpha<255 (block pct_x10=0; global 0/152288 pct_x10=0); alpha-mod skipped: block=0 global=0
[13:28:08] [info] fastpath audit block 0: taken=8642 (idx8=8642) skipped=0 pct_x10=1000; global taken=152288 (idx8=152288) skipped=0 pct_x10=1000
[13:28:08] [info] primitive tally block 0: clear=202(hr=202) fill=0(hr=0) rect=0(hr=0) line=0(hr=0) tint=0 spotlight=0 (over 100 flips ending at flip 2500)
[13:28:08] [info] color/alpha audit block 0: cmod_white=1183 cmod_black=1183 (idx=1183) cmod_general=0 (idx=0) cmod_fb=0; alpha_taken=0 alpha_skipped=0 (global cmod=11485/9943/693/0 idx=9943/693 alpha=0/0)
[13:28:08] [info] phase timing block 0: drawcalls=11225 dc_total_ms=913 flip_inner_total_ms=431 inter_flip_total_ms=4479 (per-flip avg x10: dc_ms=91 fi_ms=43 if_ms=447 derived audio+engine_ms=313; per-drawcall avg us_x10=813) [direct-vesa: presents=100 total_ms=282 avg_ms_x10=28 failed=0] [ablation: NO_DC_TIMING=0 CACHE_WINSURF=0 DIRECT_VESA=1]
[13:28:08] [info] kbd/audio block 0: kbd_irq=0 kbd_drain=0 ring_chunks=16 pump_pass=4051 pic1_mask=0xb8 first_irq_ticks=0 install_ticks=0 vector_at_install=0x00849fc0 pic1_mask_live=0x38 kbd_8042_stat=0x34 bios_kbd_head=0x0038 bios_kbd_tail=0x0038 bios_kbd_buf0=0x2e63
[13:28:08] [info] dirty-rect block @flip=2500: total_calls=0 dirty_rects_avg=1 dirty_pct_x10=1000 forced_full=0 first_n_force=0 threshold_exceeded=0 dirty_path_taken=0 full_flush_taken=0
[13:28:08] [info] prev-frame-diff block @flip=2500: diff_calls=0 diff_rects_avg=0 diff_dirty_pct_x10=0 bbox_pct_x10=0 bbox_thresh_exceeded=0
[13:28:08] [info] flip-probe: flip #2510 ok=true present=3ms inter_flip_ms=34 drawcalls-since-flip=46 drawcalls-total=165634 fail-total=0 null-skips-total=0
[13:28:08] [info] flip-probe: flip #2520 ok=true present=3ms inter_flip_ms=31 drawcalls-since-flip=45 drawcalls-total=166085 fail-total=0 null-skips-total=0
[13:28:09] [info] flip-probe: flip #2530 ok=true present=3ms inter_flip_ms=28 drawcalls-since-flip=18 drawcalls-total=166506 fail-total=0 null-skips-total=0
[13:28:09] [info] backdrop cache: thrashing-detect engaged (streak=124, route=direct)
[13:28:09] [info] flip-probe: flip #2540 ok=true present=2ms inter_flip_ms=30 drawcalls-since-flip=18 drawcalls-total=166686 fail-total=0 null-skips-total=0
[13:28:09] [info] flip-probe: flip #2550 ok=true present=3ms inter_flip_ms=29 drawcalls-since-flip=18 drawcalls-total=166866 fail-total=0 null-skips-total=0
[13:28:10] [info] flip-probe: flip #2560 ok=true present=3ms inter_flip_ms=30 drawcalls-since-flip=17 drawcalls-total=167040 fail-total=0 null-skips-total=0
[13:28:10] [info] flip-probe: flip #2570 ok=true present=3ms inter_flip_ms=29 drawcalls-since-flip=17 drawcalls-total=167210 fail-total=0 null-skips-total=0
[13:28:10] [info] flip-probe: flip #2580 ok=true present=3ms inter_flip_ms=31 drawcalls-since-flip=17 drawcalls-total=167380 fail-total=0 null-skips-total=0
[13:28:11] [info] flip-probe: flip #2590 ok=true present=3ms inter_flip_ms=31 drawcalls-since-flip=18 drawcalls-total=167552 fail-total=0 null-skips-total=0
[13:28:11] [info] backdrop cache: thrashing-detect engaged (streak=184, route=direct)
[13:28:11] [info] flip-probe: flip #2600 ok=true present=3ms inter_flip_ms=31 drawcalls-since-flip=18 drawcalls-total=167732 fail-total=0 null-skips-total=0
[13:28:11] [info] alpha audit block 0: 2078 total drawcalls, 0 with alpha<255 (block pct_x10=0; global 0/154366 pct_x10=0); alpha-mod skipped: block=0 global=0
[13:28:11] [info] fastpath audit block 0: taken=2078 (idx8=2078) skipped=0 pct_x10=1000; global taken=154366 (idx8=154366) skipped=0 pct_x10=1000
[13:28:11] [info] primitive tally block 0: clear=200(hr=200) fill=0(hr=0) rect=0(hr=0) line=0(hr=0) tint=0 spotlight=0 (over 100 flips ending at flip 2600)
[13:28:11] [info] color/alpha audit block 0: cmod_white=377 cmod_black=377 (idx=377) cmod_general=0 (idx=0) cmod_fb=0; alpha_taken=0 alpha_skipped=0 (global cmod=11862/10320/693/0 idx=10320/693 alpha=0/0)
[13:28:11] [info] phase timing block 0: drawcalls=3032 dc_total_ms=521 flip_inner_total_ms=429 inter_flip_total_ms=3124 (per-flip avg x10: dc_ms=52 fi_ms=42 if_ms=312 derived audio+engine_ms=218; per-drawcall avg us_x10=1718) [direct-vesa: presents=100 total_ms=280 avg_ms_x10=28 failed=0] [ablation: NO_DC_TIMING=0 CACHE_WINSURF=0 DIRECT_VESA=1]
[13:28:11] [info] kbd/audio block 0: kbd_irq=0 kbd_drain=0 ring_chunks=16 pump_pass=4207 pic1_mask=0xb8 first_irq_ticks=0 install_ticks=0 vector_at_install=0x00849fc0 pic1_mask_live=0x38 kbd_8042_stat=0x34 bios_kbd_head=0x0038 bios_kbd_tail=0x0038 bios_kbd_buf0=0x2e63
[13:28:11] [info] dirty-rect block @flip=2600: total_calls=0 dirty_rects_avg=1 dirty_pct_x10=1000 forced_full=0 first_n_force=0 threshold_exceeded=0 dirty_path_taken=0 full_flush_taken=0
[13:28:11] [info] prev-frame-diff block @flip=2600: diff_calls=0 diff_rects_avg=0 diff_dirty_pct_x10=0 bbox_pct_x10=0 bbox_thresh_exceeded=0
[13:28:11] [info] flip-probe: flip #2610 ok=true present=3ms inter_flip_ms=32 drawcalls-since-flip=18 drawcalls-total=167912 fail-total=0 null-skips-total=0
[13:28:12] [info] flip-probe: flip #2620 ok=true present=3ms inter_flip_ms=30 drawcalls-since-flip=19 drawcalls-total=168105 fail-total=0 null-skips-total=0
[13:28:12] [info] flip-probe: flip #2630 ok=true present=3ms inter_flip_ms=31 drawcalls-since-flip=18 drawcalls-total=168288 fail-total=0 null-skips-total=0
[13:28:12] [info] flip-probe: flip #2640 ok=true present=3ms inter_flip_ms=30 drawcalls-since-flip=15 drawcalls-total=168444 fail-total=0 null-skips-total=0
[13:28:13] [info] flip-probe: flip #2650 ok=true present=2ms inter_flip_ms=33 drawcalls-since-flip=15 drawcalls-total=168594 fail-total=0 null-skips-total=0
[13:28:13] [info] backdrop cache: thrashing-detect engaged (streak=244, route=direct)
[13:28:13] [info] flip-probe: flip #2660 ok=true present=3ms inter_flip_ms=48 drawcalls-since-flip=296 drawcalls-total=169598 fail-total=0 null-skips-total=0
[13:28:13] [info]  >> Entering stage 14: 'Shack'.
[13:28:13] [info] [skip-sheet-flush] cave=10
[13:28:14] [info] [load-stage] preloading entry music song=8 (cave=10)
[13:28:14] [info] opl3 backend: on_song_stop
[13:28:14] [info] MidiScheduler::load: parsed 'data/orgmid2/vivi.mid' = 11188 events at 48 PPQ
[13:28:14] [info] opl3 backend: on_song_start
[13:28:14] [info] gameloop: entered (curmap=14, running=1)
[13:28:14] [info] gameloop: iter 1 ticks=111153 mapno=-1
[13:28:14] [info] flip-probe: flip #2670 ok=true present=3ms inter_flip_ms=760 drawcalls-since-flip=365 drawcalls-total=172451 fail-total=0 null-skips-total=0
[13:28:14] [info] gameloop: iter 2 ticks=111208 mapno=-1
[13:28:14] [info] gameloop: iter 3 ticks=111262 mapno=-1
[13:28:15] [info] flip-probe: flip #2680 ok=true present=2ms inter_flip_ms=34 drawcalls-since-flip=221 drawcalls-total=175761 fail-total=0 null-skips-total=0
[13:28:15] [info] flip-probe: flip #2690 ok=true present=3ms inter_flip_ms=22 drawcalls-since-flip=13 drawcalls-total=176219 fail-total=0 null-skips-total=0
[13:28:15] [info] flip-probe: flip #2700 ok=true present=3ms inter_flip_ms=23 drawcalls-since-flip=24 drawcalls-total=176459 fail-total=0 null-skips-total=0
[13:28:15] [info] alpha audit block 0: 8503 total drawcalls, 0 with alpha<255 (block pct_x10=0; global 0/162869 pct_x10=0); alpha-mod skipped: block=0 global=0
[13:28:15] [info] fastpath audit block 0: taken=8503 (idx8=8503) skipped=0 pct_x10=1000; global taken=162869 (idx8=162869) skipped=0 pct_x10=1000
[13:28:15] [info] primitive tally block 0: clear=202(hr=202) fill=0(hr=0) rect=0(hr=0) line=0(hr=0) tint=0 spotlight=0 (over 100 flips ending at flip 2700)
[13:28:15] [info] color/alpha audit block 0: cmod_white=155 cmod_black=155 (idx=155) cmod_general=0 (idx=0) cmod_fb=0; alpha_taken=0 alpha_skipped=0 (global cmod=12017/10475/693/0 idx=10475/693 alpha=0/0)
[13:28:15] [info] phase timing block 0: drawcalls=9015 dc_total_ms=781 flip_inner_total_ms=434 inter_flip_total_ms=4087 (per-flip avg x10: dc_ms=78 fi_ms=43 if_ms=408 derived audio+engine_ms=287; per-drawcall avg us_x10=866) [direct-vesa: presents=100 total_ms=282 avg_ms_x10=28 failed=0] [ablation: NO_DC_TIMING=0 CACHE_WINSURF=0 DIRECT_VESA=1]
[13:28:15] [info] kbd/audio block 0: kbd_irq=0 kbd_drain=0 ring_chunks=16 pump_pass=4375 pic1_mask=0xb8 first_irq_ticks=0 install_ticks=0 vector_at_install=0x00849fc0 pic1_mask_live=0x38 kbd_8042_stat=0x34 bios_kbd_head=0x0038 bios_kbd_tail=0x0038 bios_kbd_buf0=0x2e63
[13:28:15] [info] dirty-rect block @flip=2700: total_calls=0 dirty_rects_avg=1 dirty_pct_x10=1000 forced_full=0 first_n_force=0 threshold_exceeded=0 dirty_path_taken=0 full_flush_taken=0
[13:28:15] [info] prev-frame-diff block @flip=2700: diff_calls=0 diff_rects_avg=0 diff_dirty_pct_x10=0 bbox_pct_x10=0 bbox_thresh_exceeded=0
[13:28:15] [info] flip-probe: flip #2710 ok=true present=3ms inter_flip_ms=23 drawcalls-since-flip=24 drawcalls-total=176699 fail-total=0 null-skips-total=0
[13:28:16] [info] flip-probe: flip #2720 ok=true present=3ms inter_flip_ms=23 drawcalls-since-flip=24 drawcalls-total=176939 fail-total=0 null-skips-total=0
[13:28:16] [info] flip-probe: flip #2730 ok=true present=3ms inter_flip_ms=24 drawcalls-since-flip=26 drawcalls-total=177185 fail-total=0 null-skips-total=0
[13:28:16] [info] flip-probe: flip #2740 ok=true present=3ms inter_flip_ms=24 drawcalls-since-flip=27 drawcalls-total=177449 fail-total=0 null-skips-total=0
[13:28:16] [info] flip-probe: flip #2750 ok=true present=3ms inter_flip_ms=24 drawcalls-since-flip=27 drawcalls-total=177723 fail-total=0 null-skips-total=0
[13:28:17] [info] flip-probe: flip #2760 ok=true present=3ms inter_flip_ms=24 drawcalls-since-flip=24 drawcalls-total=177973 fail-total=0 null-skips-total=0
[13:28:17] [info] tas: stall frame 243 ms -> contributing 1 tick (patch 0286)
[13:28:17] [info] flip-probe: flip #2770 ok=true present=3ms inter_flip_ms=23 drawcalls-since-flip=24 drawcalls-total=178213 fail-total=0 null-skips-total=0
[13:28:17] [info] flip-probe: flip #2780 ok=true present=3ms inter_flip_ms=23 drawcalls-since-flip=24 drawcalls-total=178453 fail-total=0 null-skips-total=0
[13:28:17] [info] flip-probe: flip #2790 ok=true present=3ms inter_flip_ms=22 drawcalls-since-flip=14 drawcalls-total=178683 fail-total=0 null-skips-total=0
[13:28:18] [info] flip-probe: flip #2800 ok=true present=2ms inter_flip_ms=23 drawcalls-since-flip=14 drawcalls-total=178823 fail-total=0 null-skips-total=0
[13:28:18] [info] alpha audit block 0: 1919 total drawcalls, 0 with alpha<255 (block pct_x10=0; global 0/164788 pct_x10=0); alpha-mod skipped: block=0 global=0
[13:28:18] [info] fastpath audit block 0: taken=1919 (idx8=1919) skipped=0 pct_x10=1000; global taken=164788 (idx8=164788) skipped=0 pct_x10=1000
[13:28:18] [info] primitive tally block 0: clear=200(hr=200) fill=0(hr=0) rect=0(hr=0) line=0(hr=0) tint=0 spotlight=0 (over 100 flips ending at flip 2800)
[13:28:18] [info] color/alpha audit block 0: cmod_white=445 cmod_black=445 (idx=445) cmod_general=0 (idx=0) cmod_fb=0; alpha_taken=0 alpha_skipped=0 (global cmod=12462/10920/693/0 idx=10920/693 alpha=0/0)
[13:28:18] [info] phase timing block 0: drawcalls=3009 dc_total_ms=508 flip_inner_total_ms=648 inter_flip_total_ms=2663 (per-flip avg x10: dc_ms=50 fi_ms=64 if_ms=266 derived audio+engine_ms=152; per-drawcall avg us_x10=1689) [direct-vesa: presents=100 total_ms=281 avg_ms_x10=28 failed=0] [ablation: NO_DC_TIMING=0 CACHE_WINSURF=0 DIRECT_VESA=1]
[13:28:18] [info] kbd/audio block 0: kbd_irq=0 kbd_drain=0 ring_chunks=16 pump_pass=4497 pic1_mask=0xb8 first_irq_ticks=0 install_ticks=0 vector_at_install=0x00849fc0 pic1_mask_live=0x38 kbd_8042_stat=0x34 bios_kbd_head=0x0038 bios_kbd_tail=0x0038 bios_kbd_buf0=0x2e63
[13:28:18] [info] dirty-rect block @flip=2800: total_calls=0 dirty_rects_avg=1 dirty_pct_x10=1000 forced_full=0 first_n_force=0 threshold_exceeded=0 dirty_path_taken=0 full_flush_taken=0
[13:28:18] [info] prev-frame-diff block @flip=2800: diff_calls=0 diff_rects_avg=0 diff_dirty_pct_x10=0 bbox_pct_x10=0 bbox_thresh_exceeded=0
[13:28:18] [info] flip-probe: flip #2810 ok=true present=4ms inter_flip_ms=22 drawcalls-since-flip=14 drawcalls-total=178963 fail-total=0 null-skips-total=0
[13:28:18] [info] flip-probe: flip #2820 ok=true present=3ms inter_flip_ms=22 drawcalls-since-flip=14 drawcalls-total=179103 fail-total=0 null-skips-total=0
[13:28:18] [info] flip-probe: flip #2830 ok=true present=3ms inter_flip_ms=22 drawcalls-since-flip=14 drawcalls-total=179243 fail-total=0 null-skips-total=0
[13:28:19] [info] flip-probe: flip #2840 ok=true present=3ms inter_flip_ms=22 drawcalls-since-flip=14 drawcalls-total=179383 fail-total=0 null-skips-total=0
[13:28:19] [info] flip-probe: flip #2850 ok=true present=3ms inter_flip_ms=22 drawcalls-since-flip=14 drawcalls-total=179523 fail-total=0 null-skips-total=0
[13:28:19] [info] flip-probe: flip #2860 ok=true present=3ms inter_flip_ms=22 drawcalls-since-flip=14 drawcalls-total=179663 fail-total=0 null-skips-total=0
[13:28:19] [info] flip-probe: flip #2870 ok=true present=4ms inter_flip_ms=25 drawcalls-since-flip=87 drawcalls-total=179954 fail-total=0 null-skips-total=0
[13:28:20] [info] flip-probe: flip #2880 ok=true present=3ms inter_flip_ms=45 drawcalls-since-flip=355 drawcalls-total=182896 fail-total=0 null-skips-total=0
[13:28:20] [info]  >> Entering stage 11: 'Mimiga Village'.
[13:28:20] [info] [skip-sheet-flush] cave=11
[13:28:20] [info] [load-stage] preloading entry music song=9 (cave=11)
[13:28:20] [info] opl3 backend: on_song_stop
[13:28:20] [info] MidiScheduler::load: parsed 'data/orgmid2/mura.mid' = 7123 events at 48 PPQ
[13:28:20] [info] opl3 backend: on_song_start
[13:28:20] [info] gameloop: entered (curmap=11, running=1)
[13:28:20] [info] gameloop: iter 1 ticks=117597 mapno=-1
[13:28:21] [info] gameloop: iter 2 ticks=117661 mapno=-1
[13:28:21] [info] gameloop: iter 3 ticks=117731 mapno=-1
[13:28:21] [info] flip-probe: flip #2890 ok=true present=3ms inter_flip_ms=54 drawcalls-since-flip=382 drawcalls-total=185877 fail-total=0 null-skips-total=0
[13:28:21] [info] backdrop cache: thrashing-detect engaged (streak=4, route=direct)
[13:28:21] [info] flip-probe: flip #2900 ok=true present=3ms inter_flip_ms=32 drawcalls-since-flip=30 drawcalls-total=187417 fail-total=0 null-skips-total=0
[13:28:21] [info] alpha audit block 0: 8384 total drawcalls, 0 with alpha<255 (block pct_x10=0; global 0/173172 pct_x10=0); alpha-mod skipped: block=0 global=0
[13:28:21] [info] fastpath audit block 0: taken=8384 (idx8=8384) skipped=0 pct_x10=1000; global taken=173172 (idx8=173172) skipped=0 pct_x10=1000
[13:28:21] [info] primitive tally block 0: clear=202(hr=202) fill=0(hr=0) rect=0(hr=0) line=0(hr=0) tint=0 spotlight=0 (over 100 flips ending at flip 2900)
[13:28:21] [info] color/alpha audit block 0: cmod_white=195 cmod_black=195 (idx=195) cmod_general=0 (idx=0) cmod_fb=0; alpha_taken=0 alpha_skipped=0 (global cmod=12657/11115/693/0 idx=11115/693 alpha=0/0)
[13:28:21] [info] phase timing block 0: drawcalls=8988 dc_total_ms=829 flip_inner_total_ms=434 inter_flip_total_ms=3559 (per-flip avg x10: dc_ms=82 fi_ms=43 if_ms=355 derived audio+engine_ms=230; per-drawcall avg us_x10=923) [direct-vesa: presents=100 total_ms=282 avg_ms_x10=28 failed=0] [ablation: NO_DC_TIMING=0 CACHE_WINSURF=0 DIRECT_VESA=1]
[13:28:21] [info] kbd/audio block 0: kbd_irq=0 kbd_drain=0 ring_chunks=16 pump_pass=4646 pic1_mask=0xb8 first_irq_ticks=0 install_ticks=0 vector_at_install=0x00849fc0 pic1_mask_live=0x38 kbd_8042_stat=0x34 bios_kbd_head=0x0038 bios_kbd_tail=0x0038 bios_kbd_buf0=0x2e63
[13:28:21] [info] dirty-rect block @flip=2900: total_calls=0 dirty_rects_avg=1 dirty_pct_x10=1000 forced_full=0 first_n_force=0 threshold_exceeded=0 dirty_path_taken=0 full_flush_taken=0
[13:28:21] [info] prev-frame-diff block @flip=2900: diff_calls=0 diff_rects_avg=0 diff_dirty_pct_x10=0 bbox_pct_x10=0 bbox_thresh_exceeded=0
[13:28:22] [info] flip-probe: flip #2910 ok=true present=3ms inter_flip_ms=31 drawcalls-since-flip=42 drawcalls-total=187830 fail-total=0 null-skips-total=0
[13:28:22] [info] flip-probe: flip #2920 ok=true present=3ms inter_flip_ms=31 drawcalls-since-flip=44 drawcalls-total=188259 fail-total=0 null-skips-total=0
[13:28:22] [info] flip-probe: flip #2930 ok=true present=3ms inter_flip_ms=31 drawcalls-since-flip=44 drawcalls-total=188699 fail-total=0 null-skips-total=0
[13:28:23] [info] flip-probe: flip #2940 ok=true present=3ms inter_flip_ms=33 drawcalls-since-flip=46 drawcalls-total=189149 fail-total=0 null-skips-total=0
[13:28:23] [info] flip-probe: flip #2950 ok=true present=3ms inter_flip_ms=33 drawcalls-since-flip=47 drawcalls-total=189624 fail-total=0 null-skips-total=0
[13:28:23] [info] backdrop cache: thrashing-detect engaged (streak=64, route=direct)
[13:28:23] [info] flip-probe: flip #2960 ok=true present=2ms inter_flip_ms=33 drawcalls-since-flip=43 drawcalls-total=190069 fail-total=0 null-skips-total=0
[13:28:24] [info] flip-probe: flip #2970 ok=true present=3ms inter_flip_ms=31 drawcalls-since-flip=43 drawcalls-total=190499 fail-total=0 null-skips-total=0
[13:28:24] [info] flip-probe: flip #2980 ok=true present=3ms inter_flip_ms=31 drawcalls-since-flip=44 drawcalls-total=190930 fail-total=0 null-skips-total=0
[13:28:24] [info] flip-probe: flip #2990 ok=true present=3ms inter_flip_ms=33 drawcalls-since-flip=46 drawcalls-total=191390 fail-total=0 null-skips-total=0
[13:28:24] [info] run_tick_fixed #4800: heartbeat (loop alive)
[13:28:25] [info] backdrop cache: thrashing-detect engaged (streak=4, route=direct)
[13:28:25] [info] flip-probe: flip #3000 ok=true present=3ms inter_flip_ms=44 drawcalls-since-flip=45 drawcalls-total=191842 fail-total=0 null-skips-total=0
[13:28:25] [info] alpha audit block 0: 3025 total drawcalls, 0 with alpha<255 (block pct_x10=0; global 0/176197 pct_x10=0); alpha-mod skipped: block=0 global=0
[13:28:25] [info] fastpath audit block 0: taken=3025 (idx8=3025) skipped=0 pct_x10=1000; global taken=176197 (idx8=176197) skipped=0 pct_x10=1000
[13:28:25] [info] primitive tally block 0: clear=200(hr=200) fill=0(hr=0) rect=0(hr=0) line=0(hr=0) tint=0 spotlight=0 (over 100 flips ending at flip 3000)
[13:28:25] [info] color/alpha audit block 0: cmod_white=1300 cmod_black=1300 (idx=1300) cmod_general=0 (idx=0) cmod_fb=0; alpha_taken=0 alpha_skipped=0 (global cmod=13957/12415/693/0 idx=12415/693 alpha=0/0)
[13:28:25] [info] phase timing block 0: drawcalls=5829 dc_total_ms=630 flip_inner_total_ms=445 inter_flip_total_ms=3345 (per-flip avg x10: dc_ms=63 fi_ms=44 if_ms=334 derived audio+engine_ms=227; per-drawcall avg us_x10=1082) [direct-vesa: presents=100 total_ms=282 avg_ms_x10=28 failed=0] [ablation: NO_DC_TIMING=0 CACHE_WINSURF=0 DIRECT_VESA=1]
[13:28:25] [info] kbd/audio block 0: kbd_irq=0 kbd_drain=0 ring_chunks=16 pump_pass=4813 pic1_mask=0xb8 first_irq_ticks=0 install_ticks=0 vector_at_install=0x00849fc0 pic1_mask_live=0x38 kbd_8042_stat=0x34 bios_kbd_head=0x0038 bios_kbd_tail=0x0038 bios_kbd_buf0=0x2e63
[13:28:25] [info] dirty-rect block @flip=3000: total_calls=0 dirty_rects_avg=1 dirty_pct_x10=1000 forced_full=0 first_n_force=0 threshold_exceeded=0 dirty_path_taken=0 full_flush_taken=0
[13:28:25] [info] prev-frame-diff block @flip=3000: diff_calls=0 diff_rects_avg=0 diff_dirty_pct_x10=0 bbox_pct_x10=0 bbox_thresh_exceeded=0
[13:28:25] [info] flip-probe: flip #3010 ok=true present=3ms inter_flip_ms=33 drawcalls-since-flip=19 drawcalls-total=192162 fail-total=0 null-skips-total=0
[13:28:25] [info] flip-probe: flip #3020 ok=true present=3ms inter_flip_ms=30 drawcalls-since-flip=19 drawcalls-total=192352 fail-total=0 null-skips-total=0
[13:28:26] [info] flip-probe: flip #3030 ok=true present=3ms inter_flip_ms=32 drawcalls-since-flip=21 drawcalls-total=192551 fail-total=0 null-skips-total=0
[13:28:26] [info] flip-probe: flip #3040 ok=true present=3ms inter_flip_ms=31 drawcalls-since-flip=20 drawcalls-total=192757 fail-total=0 null-skips-total=0
[13:28:26] [info] flip-probe: flip #3050 ok=true present=3ms inter_flip_ms=31 drawcalls-since-flip=19 drawcalls-total=192950 fail-total=0 null-skips-total=0
[13:28:27] [info] flip-probe: flip #3060 ok=true present=3ms inter_flip_ms=29 drawcalls-since-flip=18 drawcalls-total=193130 fail-total=0 null-skips-total=0
[13:28:27] [info] flip-probe: flip #3070 ok=true present=3ms inter_flip_ms=30 drawcalls-since-flip=19 drawcalls-total=193312 fail-total=0 null-skips-total=0
[13:28:27] [info] flip-probe: flip #3080 ok=true present=3ms inter_flip_ms=38 drawcalls-since-flip=20 drawcalls-total=193503 fail-total=0 null-skips-total=0
[13:28:27] [info] backdrop cache: thrashing-detect engaged (streak=4, route=direct)
[13:28:28] [info] flip-probe: flip #3090 ok=true present=3ms inter_flip_ms=29 drawcalls-since-flip=21 drawcalls-total=193704 fail-total=0 null-skips-total=0
[13:28:28] [info] flip-probe: flip #3100 ok=true present=3ms inter_flip_ms=30 drawcalls-since-flip=21 drawcalls-total=193914 fail-total=0 null-skips-total=0
[13:28:28] [info] alpha audit block 0: 1907 total drawcalls, 0 with alpha<255 (block pct_x10=0; global 0/178104 pct_x10=0); alpha-mod skipped: block=0 global=0
[13:28:28] [info] fastpath audit block 0: taken=1907 (idx8=1907) skipped=0 pct_x10=1000; global taken=178104 (idx8=178104) skipped=0 pct_x10=1000
[13:28:28] [info] primitive tally block 0: clear=200(hr=200) fill=0(hr=0) rect=0(hr=0) line=0(hr=0) tint=0 spotlight=0 (over 100 flips ending at flip 3100)
[13:28:28] [info] color/alpha audit block 0: cmod_white=65 cmod_black=65 (idx=65) cmod_general=0 (idx=0) cmod_fb=0; alpha_taken=0 alpha_skipped=0 (global cmod=14022/12480/693/0 idx=12480/693 alpha=0/0)
[13:28:28] [info] phase timing block 0: drawcalls=2267 dc_total_ms=645 flip_inner_total_ms=644 inter_flip_total_ms=3314 (per-flip avg x10: dc_ms=64 fi_ms=64 if_ms=331 derived audio+engine_ms=203; per-drawcall avg us_x10=2845) [direct-vesa: presents=100 total_ms=282 avg_ms_x10=28 failed=0] [ablation: NO_DC_TIMING=0 CACHE_WINSURF=0 DIRECT_VESA=1]
[13:28:28] [info] kbd/audio block 0: kbd_irq=0 kbd_drain=0 ring_chunks=16 pump_pass=4979 pic1_mask=0xb8 first_irq_ticks=0 install_ticks=0 vector_at_install=0x00849fc0 pic1_mask_live=0x38 kbd_8042_stat=0x34 bios_kbd_head=0x0038 bios_kbd_tail=0x0038 bios_kbd_buf0=0x2e63
[13:28:28] [info] dirty-rect block @flip=3100: total_calls=0 dirty_rects_avg=1 dirty_pct_x10=1000 forced_full=0 first_n_force=0 threshold_exceeded=0 dirty_path_taken=0 full_flush_taken=0
[13:28:28] [info] prev-frame-diff block @flip=3100: diff_calls=0 diff_rects_avg=0 diff_dirty_pct_x10=0 bbox_pct_x10=0 bbox_thresh_exceeded=0
[13:28:28] [info] tas: stall frame 298 ms -> contributing 1 tick (patch 0286)
[13:28:28] [info] flip-probe: flip #3110 ok=true present=3ms inter_flip_ms=31 drawcalls-since-flip=20 drawcalls-total=194114 fail-total=0 null-skips-total=0
[13:28:29] [info] flip-probe: flip #3120 ok=true present=3ms inter_flip_ms=32 drawcalls-since-flip=19 drawcalls-total=194304 fail-total=0 null-skips-total=0
[13:28:29] [info] flip-probe: flip #3130 ok=true present=3ms inter_flip_ms=33 drawcalls-since-flip=19 drawcalls-total=194494 fail-total=0 null-skips-total=0
[13:28:29] [info] flip-probe: flip #3140 ok=true present=2ms inter_flip_ms=28 drawcalls-since-flip=19 drawcalls-total=194684 fail-total=0 null-skips-total=0
[13:28:29] [info] backdrop cache: thrashing-detect engaged (streak=64, route=direct)
[13:28:30] [info] flip-probe: flip #3150 ok=true present=3ms inter_flip_ms=32 drawcalls-since-flip=19 drawcalls-total=194874 fail-total=0 null-skips-total=0
[13:28:30] [info] flip-probe: flip #3160 ok=true present=3ms inter_flip_ms=30 drawcalls-since-flip=19 drawcalls-total=195064 fail-total=0 null-skips-total=0
[13:28:30] [info] flip-probe: flip #3170 ok=true present=3ms inter_flip_ms=32 drawcalls-since-flip=19 drawcalls-total=195254 fail-total=0 null-skips-total=0
[13:28:31] [info] flip-probe: flip #3180 ok=true present=3ms inter_flip_ms=32 drawcalls-since-flip=19 drawcalls-total=195444 fail-total=0 null-skips-total=0
[13:28:31] [info] flip-probe: flip #3190 ok=true present=2ms inter_flip_ms=33 drawcalls-since-flip=60 drawcalls-total=196003 fail-total=0 null-skips-total=0
[13:28:31] [info] flip-probe: flip #3200 ok=true present=3ms inter_flip_ms=33 drawcalls-since-flip=60 drawcalls-total=196603 fail-total=0 null-skips-total=0
[13:28:31] [info] alpha audit block 0: 2589 total drawcalls, 0 with alpha<255 (block pct_x10=0; global 0/180693 pct_x10=0); alpha-mod skipped: block=0 global=0
[13:28:31] [info] fastpath audit block 0: taken=2589 (idx8=2589) skipped=0 pct_x10=1000; global taken=180693 (idx8=180693) skipped=0 pct_x10=1000
[13:28:31] [info] primitive tally block 0: clear=200(hr=200) fill=0(hr=0) rect=0(hr=0) line=0(hr=0) tint=19 spotlight=0 (over 100 flips ending at flip 3200)
[13:28:31] [info] color/alpha audit block 0: cmod_white=418 cmod_black=0 (idx=0) cmod_general=0 (idx=0) cmod_fb=0; alpha_taken=0 alpha_skipped=0 (global cmod=14440/12480/693/0 idx=12480/693 alpha=0/0)
[13:28:31] [info] phase timing block 0: drawcalls=3226 dc_total_ms=557 flip_inner_total_ms=432 inter_flip_total_ms=3422 (per-flip avg x10: dc_ms=55 fi_ms=43 if_ms=342 derived audio+engine_ms=244; per-drawcall avg us_x10=1728) [direct-vesa: presents=100 total_ms=282 avg_ms_x10=28 failed=0] [ablation: NO_DC_TIMING=0 CACHE_WINSURF=0 DIRECT_VESA=1]
[13:28:31] [info] kbd/audio block 0: kbd_irq=0 kbd_drain=0 ring_chunks=16 pump_pass=5125 pic1_mask=0xb8 first_irq_ticks=0 install_ticks=0 vector_at_install=0x00849fc0 pic1_mask_live=0x38 kbd_8042_stat=0x34 bios_kbd_head=0x0038 bios_kbd_tail=0x0038 bios_kbd_buf0=0x2e63
[13:28:31] [info] dirty-rect block @flip=3200: total_calls=0 dirty_rects_avg=1 dirty_pct_x10=1000 forced_full=0 first_n_force=0 threshold_exceeded=0 dirty_path_taken=0 full_flush_taken=0
[13:28:31] [info] prev-frame-diff block @flip=3200: diff_calls=0 diff_rects_avg=0 diff_dirty_pct_x10=0 bbox_pct_x10=0 bbox_thresh_exceeded=0
[13:28:31] [info] backdrop cache: thrashing-detect engaged (streak=124, route=direct)
[13:28:32] [info] flip-probe: flip #3210 ok=true present=3ms inter_flip_ms=32 drawcalls-since-flip=60 drawcalls-total=197203 fail-total=0 null-skips-total=0
[13:28:32] [info] tas: end-of-replay auto-exit at tick 5140 (recording exhausted; set DOSKUTSU_TAS_REPLAY_HOLD=1 to disable + observe steady-state past recording end)
[13:28:32] [info] Script engine shutdown.
[13:28:32] [info] opl3 backend: on_song_stop
[13:28:32] [info] opl3 backend: cleared reg 0xBD chip-wide latch (wub-wub mitigation per flush-instr WAVE-46 H6)
[13:28:32] [info] opl3 backend shutdown (all 18 voices KEY-OFF unconditionally; OPL2 mode restored; chip state safe for next process)
[13:28:32] [info] Sound system shutdown
[13:28:32] [info] Renderer::Close()
[13:28:32] [info] tas: replay file closed
[13:28:32] [info] [fps-true] flips=3215 render_s=126 fps_mean=25.5 (clock-independent: flips / seconds since the FIRST flip; use THIS for the fps matrix, not inter_flip medians, which are invalid in any cell running the PIT/IRQ-0 music pump)
[RUNMANIFEST-BEGIN]
schema_version=1
environment=realhw
binary_sha12=f8d446b4b0e0
wave_tag=G51
scene=
env_block_sha=0df81a0c69eb
started_utc=2026-11-18T06:29:33Z
duration_s=139
exit_code=0
fps_p50=NA
fps_p95=NA
audio_vital_status=NA
regime=NA
banner_required_hit=0
banner_required_total=0
banner_forbidden_hit=0
banner_optional_hit=0
critical_count=0
warn_count=0
[RUNMANIFEST-END]
[13:28:32] [info] [runmanifest-emit] schema=v1 env=realhw sha12=f8d446b4b0e0 dur=139s tag='G51' scene='' env_sha=0df81a0c69eb (signals=0x4)
