Logger::init: wave-53 log level=INFO path='LOGS/GC4.LOG'
[13:21:36] [info] config: loaded DOSKUTSU.CFG (3 keys)
[13:21:36] [info] tas: PRNG seed forced to 12345 via DOSKUTSU_TAS_PRNG_SEED
[13:21:36] [info] tas: auto-exit armed at tick 30000 via DOSKUTSU_TAS_AUTO_EXIT_TICK
[13:21:36] [info] tas: replay opened path='QA.TAS' header_seed=12345
[13:21:36] [info] data cache: DISABLED (default)
[13:21:36] [info] Joystick: skipped (default; set DOSKUTSU_USE_JOYSTICK=1 to enable -- skips SDL3-DOS gameport BIOS INT 15h polling, ~82 ms / flip on real HW)
[13:21:36] [info] Loading settings...
[13:21:36] [info] [input-bind] applied=0 invert_y=0 dos_axes=1
[13:21:36] [info] Renderer::initVideo: 8bpp mode requested via SDL_HINT_DOS_MAX_BPP=8 (wave 16); SDL3-DOS will pick the highest-bpp <= 8 mode at requested resolution
[13:21:36] [info] Renderer::initVideo: DOS resolution-label lock ENABLED (default)
[13:21:37] [info] Renderer::initVideo: using: software renderer
[13:21:39] [info] Renderer::initVideo: dirty-rect tracking ENABLED (wave 15, default ON; set SDL_HINT_DOSKUTSU_DIRTY_RECTS=0 to disable)
[13:21:39] [info] Renderer::initVideo: ablation flags: NO_DC_TIMING=0 CACHE_WINSURF=0 NO_INPUT_POLL=0 DIRECT_VESA=1
[13:21:39] [info] Renderer::initVideo: direct-VESA hot path ENABLED (default since wave 20 patch 0088; bypasses SDL_RenderPresent / SDL_UpdateWindowSurface and writes via SDL/0034's PresentFull helper; R2 mitigation handled by SDL/0034 generation counter -- no per-N-flip heartbeat needed; set SDL_HINT_DOSKUTSU_DIRECT_VESA=0 to revert)
[13:21:39] [info] Renderer::initVideo: flip-phase instrumentation DISABLED (default; set SDL_HINT_DOSKUTSU_FLIP_INSTR=1 to opt in for wave-20 Lever A diagnostic)
[13:21:39] [info] Renderer::initVideo: asm opaque-span blit lever DISABLED (default; set SDL_HINT_DOSKUTSU_ASM_BLIT=1 to opt in -- wave-51 _blit_indexed colorkey-blit lever)
[13:21:39] [info] Renderer::initVideo: blit-decomp instrumentation DISABLED (default; set SDL_HINT_DOSKUTSU_BLIT_DECOMP=1 to opt in -- wave-51 _blit_indexed sub-decomp sizing)
[13:21:39] [info] Renderer::initVideo: mds-scroll-decomp instrumentation DISABLED (default; set SDL_HINT_DOSKUTSU_MDS_DECOMP=1 to opt in -- wave-52 mode_draw_scene scrolling-block decomp)
[13:21:39] [info] Renderer::initVideo: DOSVESA pump yield: skipped (default) (per-flip explicit SDL_Delay(0) yield is always on; set SDL_HINT_DOSKUTSU_FORCE_PUMP_YIELD=1 to restore old per-pump yield)
[13:21:39] [info] Renderer::initVideo: indexed-mode (8bpp) ENABLED -- master palette + 107 per-asset remap LUTs loaded (wave 16, default ON; set SDL_HINT_DOSKUTSU_PIXEL_FORMAT_8=0 to disable)
[13:21:39] [info] Renderer::initVideo: master palette attached to window surface (format=SDL_PIXELFORMAT_INDEX8, ncolors=256)
[13:21:39] [info] Renderer::initVideo: indexed-mode smoke: idx0=(0,0,0) OK idx255=(255,0,255) OK
[13:21:39] [info] Renderer::initVideo: indexed-mode smoke: paletteRemapFor('MyChar.pbm') = present
[13:21:39] [info] Surface::loadImage palmap-diag #1: 'data/Loading.pbm' fmt=SDL_PIXELFORMAT_ABGR8888 remap=HIT -> path=truecolor
[13:21:39] [info] Renderer: prev-frame diff DISABLED (default since wave 17.6; set SDL_HINT_DOSKUTSU_PREVFRAME_DIFF=1 to opt in)
[13:21:39] [info] flip-probe: renderer=software window_ptr=8809312 colorspace=301991328 window_size=320x240 framebuffer_pixels=320x240 logical_present=320x240 mode=2
[13:21:39] [info] flip-probe: first flip ok=true present=42ms inter_flip_ms=0 drawcalls-since-flip=1 drawcalls-total=1
[13:21:39] [info] Sound system init
[13:21:39] [info] Sound system: 4-state audio enable (#31) -- music=on sfx=on (MUSIC_OFF/AUDIO_BACKEND=none -> music-off; SFX_OFF/SFX_DEVICE=none -> sfx-off; both gates are dispatch-level, the device still opens; AUDIO_OFF=1 is the device-level both-off).
[13:21:39] [info] Sound system: Tier-2 audio config (default since wave 21 patch 0093; 11025 Hz, 1 channel, buffer pinned to 256 frames). Measured savings on g2k Pentium OverDrive 83 MHz (W21A): heavy-music scenes ~+11 fps vs Tier-1 baseline (measured -10 to -15 ms/flip post-0094 audio fix; W21A's pre-fix -26.6 ms figure was inflated by stereo-vs-mono playback bug, see patch 0094). Audio quality is reduced vs Tier-1 (mono, 11025 Hz, simple-average L+R downmix) but recognizable; user accepted the trade per direction 2026-05-05. Set SDL_HINT_DOSKUTSU_AUDIO_TIER2=0 to revert to Tier-1 22050 stereo (full Cave Story 2004 audio quality; trades fps for fidelity).
[13:21:39] [info] Sound system: SDL_HINT_AUDIO_DEVICE_SAMPLE_FRAMES=256
[13:21:39] [info] Pixtone IRQ rate-divider: handed master_rate=11025 int16/s (SAMPLE_RATE=11025 x AUDIO_CHANNELS=1) to SDL for auto-RATEDIV (SDL/0074 computes shift_div from the resolved device freq).
[13:21:39] [info] Sound system: device frame-rate: requesting 11025 Hz match to master (SDL_DOSAudioSetDeviceFrameRate; SB16 opens at the engine frame rate instead of SDL's 44100 floor -- 4x less PCM/s + no resampler on the Organya/Pixtone path; killswitch SDL_HINT_DOSKUTSU_DOS_AUDIO_DEVICE_RATE_DEFAULT=0).
[13:21:40] [info] audio backend: opl3 (Phase 10 Stage 4 -- concrete OPL3 FM synthesis backend via SDL/0037+ OPL3 helpers; MidiScheduler routes music dispatch through 18 x 2-op voice allocator + small inline patch bank). SoundManager::init will probe OPL3 via Adlib timer-1 sequence + fall back to organya gracefully if the chip is absent. Pixtone SFX still active on SB16 DAC.
[13:21:40] [info] wave-13.6.1: ring_chunks=16 FORCE_PUMP_YIELD=off (set SDL_HINT_DOSKUTSU_AUDIO_RING_CHUNKS=4|8|16 to override; default 16 matches wave 13.6 behaviour)
[13:21:40] [info] MidiScheduler: MIDI source = 'orgmid2' (native-GM org2mid set; resolves to data/orgmid2/<name>.mid).
[13:21:40] [info] opl3 backend probing for OPL3 chip (Adlib timer-1 sequence)...
[13:21:40] [info] opl3 backend: opl3bank.dat loaded 128 programs from 'data/opl3bank.dat' (v1; 1536 bytes payload). Per-program GM patches now use the runtime bank; programs >= 128 fall back to 8-patch family bucket. Drum channel (MIDI ch 9) unchanged (uses PATCH_DRUM regardless of bank loading).
[13:21:40] [info] opl3 backend ready (OPL3 detected via Adlib timer-1; InitChip applied 18 x 2-op layout; voice allocator armed). Patch bank state: runtime opl3bank.dat ACTIVE (loaded_count=128; programs >= loaded_count fall back to 8-patch placeholder covering GM family categories piano/mallet/organ/guitar/strings/brass/reed/pad). Phase 10.5 path: ship a fuller community bank as data/opl3bank.dat (DOPL3v1 format; 12-byte SBI records per GM program; loader at MidiBackendOpl3 ctor).
[13:21:40] [info] opl3 backend: PATCH_ORGAN + PATCH_MALLET RR=8 (medium release; wub-wub fix per patch 0171; was RR=0 in slot 0103 placeholder -- KEY-OFF couldn't silence; H6 reg 0xBD wave-47 falsified; H1+H5/RR=0 byte-level bug root per WAVE-46/47 analysis)
[13:21:40] [info] Sound system: MidiScheduler armed with MidiBackendOpl3 (patch 0103 Phase 10 Stage 4). Music dispatch routes via SMF parser + 18 x 2-op OPL3 voice allocator + small inline patch bank (community-sourced from Apogee Sound System / AdLib SBI public-domain refs). Pixtone SFX still active on SB16 DAC.
[13:21:40] [info] Sound system: idle-pause skipped (default OFF since patch 0119; backend=opl3 would qualify but operator did not opt-in via SDL_HINT_DOSKUTSU_IDLE_PAUSE=1). DSP stays in continuous-stream mode. Re-enable for an A/B iter once SDL/0037 ForcePause non-engagement is rooted out (task #17).
[13:21:40] [warn] Music dir Ogg/ doesn't exist
[13:21:40] [warn] Music dir Ogg11/ doesn't exist
[13:21:40] [warn] Music dir Ogg17/ doesn't exist
[13:21:40] [warn] Music dir Ogg_ridic/ doesn't exist
[13:21:40] [info] Loading Sound FX...
[13:21:41] [info] [pxt-cache] init(): HIT (loaded cache; render skipped)
[13:21:43] [info] Organya init...
[13:21:44] [info] Organya init done
[13:21:47] [info] gus SFX gain [nx0259]: 70% (SDL_HINT_DOSKUTSU_GUS_SFX_GAIN; scales the GF1 SFX voice volume to balance against velocity/CC-scaled GUS music; default 70, clamp 0..150).
[13:21:47] [info] pixtone IRQ-mix: ENABLED (default; SDL backend engaged; set SDL_HINT_DOSKUTSU_PIXTONE_IRQ_MIX=0 to disable)
[13:21:47] [info] Pixtone::setVolume: L3 active -- mid-play SFX volume updates are no-op in v1 (v2 candidate: SDL_DOSPixtoneSetGain API). gain_x256=256 stored for subsequent SDL_DOSPixtoneStart calls; currently-playing L3 channels unaffected.
[13:21:47] [info] midi ISR tick: engine registered tick_isr callback (L2b active; default ON; set SDL_HINT_DOSKUTSU_MIDI_ISR_TICK=0 to disable)
[13:21:47] [info] menu slide-in fixed-timestep: ENABLED (default; slide advances at 50 Hz logic rate)
[13:21:47] [info] Reading npc.tbl...
[13:21:47] [info] Loading tilekey.dat.
[13:21:47] [info] Script engine init.
[13:21:48] [info] Entering main loop...
[13:21:48] [info] audio mid-gap pump: DISABLED (default)
[13:21:48] [info] TAS fixed-timestep guard: ENABLED (default) (patch 0280; load_stage wall-clock kept out of the FT accumulator so TAS replay advances at a true 50 Hz; set SDL_HINT_DOSKUTSU_TAS_FT_GUARD=0 to disable)
[13:21:48] [info] load_stage ring+DMA silence flush: ENABLED (default) (set SDL_HINT_DOSKUTSU_LOADSTAGE_SILENCE=0 to disable)
[13:21:48] [info] load-band audio-underrun probe: DISABLED (default) (opt-in SDL_HINT_DOSKUTSU_LOADBAND_STAT=1)
[13:21:48] [info]  >> Entering stage 72: 'u'.
[13:21:48] [info] skip sheet flush: ENABLED (default) (SFXPAUSE-012 SHIPPED FIX; sprite sheets stay resident across caves so no per-cave re-decode -> no fire-frame pause; map_flush_graphics tilemap cache still flushes; set SDL_HINT_DOSKUTSU_SKIP_SHEET_FLUSH=0 to restore the old per-cave flush)
[13:21:48] [info] [skip-sheet-flush] cave=1
[13:21:48] [info] eager action sheets: ENABLED (default) (first-fire hitch fix: pre-loads the weapon bullet + hit/muzzle/trail caret sheets at stage load so the first fire/impact does not lazy-decode mid-gameplay; set SDL_HINT_DOSKUTSU_EAGER_ACTION_SHEETS=0 to restore lazy load)
[13:21:48] [info] Surface::loadImage palmap-diag #2: 'data/Bullet.pbm' fmt=SDL_PIXELFORMAT_ABGR8888 remap=HIT -> path=truecolor
[13:21:48] [info] Surface::loadImage palmap-diag #3: 'data/Arms.pbm' fmt=SDL_PIXELFORMAT_ABGR8888 remap=HIT -> path=truecolor
[13:21:48] [info] Surface::loadImage palmap-diag #4: 'data/Caret.pbm' fmt=SDL_PIXELFORMAT_ABGR8888 remap=HIT -> path=truecolor
[13:21:49] [info] Surface::loadImage palmap-diag #5: 'data/Npc/NpcSym.pbm' fmt=SDL_PIXELFORMAT_ABGR8888 remap=HIT -> path=truecolor
[13:21:49] [info] [eager-action-sheets] cave=1 sheets=4 wall_ms=1040
[13:21:49] [info] Surface::loadImage palmap-diag #6: 'data/Stage/PrtWhite.pbm' fmt=SDL_PIXELFORMAT_ABGR8888 remap=HIT -> path=truecolor
[13:21:49] [info] load_stage: entry-music preload ENABLED (default) (set SDL_HINT_DOSKUTSU_PRELOAD_STAGE_MUSIC=0 to disable)
[13:21:50] [info] Surface::loadImage palmap-diag #7: 'data/bk0.pbm' fmt=SDL_PIXELFORMAT_ABGR8888 remap=HIT -> path=truecolor
[13:21:50] [info] gameloop: entered (curmap=72, running=1)
[13:21:50] [info] gameloop: iter 1 ticks=13999 mapno=-1
[13:21:50] [info] fixed-timestep: ENABLED (default; logic 50 Hz, decoupled from render)
[13:21:50] [info] map: BG skip-when-unchanged DISABLED (default) (set SDL_HINT_DOSKUTSU_BG_SKIP_WHEN_UNCHANGED=1 to enable; default OFF since wave-61 -- abandoned, it shipped a backdrop-black flicker and its +0.87 fps was below the noise floor)
[13:21:50] [info] map: skip-redundant-clear lever ENABLED (default since wave-53 promotion)
[13:21:50] [info] perf-mode: level=0 (faithful (default))
[13:21:50] [info] Surface::loadImage palmap-diag #8: 'data/Npc/NpcKings.pbm' fmt=SDL_PIXELFORMAT_ABGR8888 remap=HIT -> path=truecolor
[13:21:50] [info] audio tick-boundary pump: DISABLED (default)
[13:21:50] [info] gameloop: iter 2 ticks=14307 mapno=-1
[13:21:50] [info] gameloop: iter 3 ticks=14350 mapno=-1
[13:21:50] [info] direct-vesa: snapshot @gen=2 use_dosmemput=0 banked_multibank=0 pitches_match=1 vram_w=320 vram_h=240 vram_pitch=320 bpp=1 fb_size=76800 vram_phys=0x78000000 vram_ptr=0x77c00000
[13:21:50] [info] flip-probe: flip #10 ok=true present=3ms inter_flip_ms=21 drawcalls-since-flip=6 drawcalls-total=43 fail-total=0 null-skips-total=0
[13:21:50] [info] flip-probe: flip #20 ok=true present=3ms inter_flip_ms=21 drawcalls-since-flip=4 drawcalls-total=92 fail-total=0 null-skips-total=0
[13:21:51] [info] flip-probe: flip #30 ok=true present=3ms inter_flip_ms=39 drawcalls-since-flip=326 drawcalls-total=2707 fail-total=0 null-skips-total=0
[13:21:51] [info] flip-probe: flip #40 ok=true present=3ms inter_flip_ms=33 drawcalls-since-flip=264 drawcalls-total=5837 fail-total=0 null-skips-total=0
[13:21:51] [info] flip-probe: flip #50 ok=true present=3ms inter_flip_ms=23 drawcalls-since-flip=67 drawcalls-total=7392 fail-total=0 null-skips-total=0
[13:21:52] [info] flip-probe: flip #60 ok=true present=3ms inter_flip_ms=19 drawcalls-since-flip=4 drawcalls-total=7502 fail-total=0 null-skips-total=0
[13:21:52] [info] flip-probe: flip #70 ok=true present=3ms inter_flip_ms=20 drawcalls-since-flip=6 drawcalls-total=7557 fail-total=0 null-skips-total=0
[13:21:52] [info] gameloop: iter 600 ticks=16321 mapno=-1
[13:21:52] [info] flip-probe: flip #80 ok=true present=3ms inter_flip_ms=21 drawcalls-since-flip=0 drawcalls-total=7586 fail-total=0 null-skips-total=0
[13:21:52] [info] flip-probe: flip #90 ok=true present=3ms inter_flip_ms=20 drawcalls-since-flip=0 drawcalls-total=7586 fail-total=0 null-skips-total=0
[13:21:52] [info] title: eager-title-IO phase tag ENABLED (default) (set SDL_HINT_DOSKUTSU_EAGER_TITLE_IO=0 to disable)
[13:21:53] [warn] MidiScheduler::_refresh_isr_buffer: track has 27749 events; ISR buffer is 16384 (truncated; events after 16384 will not dispatch under L2b ON -- the engine-thread tick() path still uses _events directly under L2b OFF)
[13:21:53] [info] MidiScheduler::load: parsed 'data/orgmid2/curly.mid' = 27749 events at 48 PPQ
[13:21:53] [info] opl3 backend: on_song_start
[13:21:53] [info] gameloop: entered (curmap=1005, running=1)
[13:21:53] [info] gameloop: iter 1 ticks=17683 mapno=-1
[13:21:53] [info] map: backdrop cache ENABLED (default) (set SDL_HINT_DOSKUTSU_BACKDROP_CACHE=0 to disable)
[13:21:54] [info] gameloop: iter 2 ticks=18210 mapno=-1
[13:21:54] [info] gameloop: iter 3 ticks=18244 mapno=-1
[13:21:54] [info] backdrop cache: thrashing-detect engaged (streak=4, route=direct)
[13:21:54] [info] flip-probe: flip #100 ok=true present=3ms inter_flip_ms=27 drawcalls-since-flip=75 drawcalls-total=7886 fail-total=0 null-skips-total=0
[13:21:54] [info] alpha audit block 0: 7798 total drawcalls, 0 with alpha<255 (block pct_x10=0; global 0/7798 pct_x10=0); alpha-mod skipped: block=0 global=0
[13:21:54] [info] fastpath audit block 0: taken=7798 (idx8=7798) skipped=0 pct_x10=1000; global taken=7798 (idx8=7798) skipped=0 pct_x10=1000
[13:21:54] [info] primitive tally block 0: clear=220(hr=220) fill=0(hr=0) rect=0(hr=0) line=0(hr=0) tint=0 spotlight=0 (over 100 flips ending at flip 100)
[13:21:54] [info] color/alpha audit block 0: cmod_white=104 cmod_black=0 (idx=0) cmod_general=84 (idx=84) cmod_fb=0; alpha_taken=0 alpha_skipped=0 (global cmod=104/0/84/0 idx=0/84 alpha=0/0)
[13:21:54] [info] phase timing block 0: drawcalls=8209 dc_total_ms=916 flip_inner_total_ms=525 inter_flip_total_ms=14698 (per-flip avg x10: dc_ms=91 fi_ms=52 if_ms=1469 derived audio+engine_ms=1326; per-drawcall avg us_x10=1116) [direct-vesa: presents=97 total_ms=279 avg_ms_x10=28 failed=0] [ablation: NO_DC_TIMING=0 CACHE_WINSURF=0 DIRECT_VESA=1]
[13:21:54] [info] kbd/audio block 0: kbd_irq=0 kbd_drain=0 ring_chunks=16 pump_pass=99 pic1_mask=0xb8 first_irq_ticks=0 install_ticks=0 vector_at_install=0x0083a028 pic1_mask_live=0x38 kbd_8042_stat=0x34 bios_kbd_head=0x0038 bios_kbd_tail=0x0038 bios_kbd_buf0=0x2e63
[13:21:54] [info] audio/engine split block 0: audio_mixer_calls=0 audio_mixer_ms_x10=0 engine_tick_calls=99 engine_tick_ms_x10=347 audio_service_calls=0 audio_service_ms_x10=0 (per-flip avg; per-call us_x10: audio_mix=0 engine_tick=351428 audio_service=0; global ns: audio_mix=0 engine_tick=3479146485 audio_service=0)
[13:21:54] [info] pixtone multi-source probe: DISABLED (default)
[13:21:54] [info] dirty-rect block @flip=100: total_calls=0 dirty_rects_avg=0 dirty_pct_x10=990 forced_full=0 first_n_force=3 threshold_exceeded=2 dirty_path_taken=0 full_flush_taken=3
[13:21:54] [info] prev-frame-diff block @flip=100: diff_calls=0 diff_rects_avg=0 diff_dirty_pct_x10=0 bbox_pct_x10=0 bbox_thresh_exceeded=0
[13:21:54] [info] flip-probe: flip #110 ok=true present=2ms inter_flip_ms=23 drawcalls-since-flip=75 drawcalls-total=8636 fail-total=0 null-skips-total=0
[13:21:54] [info] flip-probe: flip #120 ok=true present=3ms inter_flip_ms=22 drawcalls-since-flip=75 drawcalls-total=9386 fail-total=0 null-skips-total=0
[13:21:55] [info] flip-probe: flip #130 ok=true present=3ms inter_flip_ms=20 drawcalls-since-flip=0 drawcalls-total=9986 fail-total=0 null-skips-total=0
[13:21:55] [info] Loading profile from profile.dat
[13:21:55] [error] profile_load: unable to open 'profile.dat'
[13:21:55] [info] Loading profile from profile2.dat
[13:21:55] [error] profile_load: unable to open 'profile2.dat'
[13:21:55] [info] Loading profile from profile3.dat
[13:21:55] [info] Loading profile from profile4.dat
[13:21:55] [error] profile_load: unable to open 'profile4.dat'
[13:21:55] [info] Loading profile from profile5.dat
[13:21:55] [info] flip-probe: flip #140 ok=true present=3ms inter_flip_ms=31 drawcalls-since-flip=214 drawcalls-total=10842 fail-total=0 null-skips-total=0
[13:21:56] [info] flip-probe: flip #150 ok=true present=3ms inter_flip_ms=31 drawcalls-since-flip=214 drawcalls-total=12982 fail-total=0 null-skips-total=0
[13:21:56] [info] Writing settings...
[13:21:56] [info] flip-probe: flip #160 ok=true present=3ms inter_flip_ms=19 drawcalls-since-flip=0 drawcalls-total=13846 fail-total=0 null-skips-total=0
[13:21:56] [info] gameloop: iter 600 ticks=20320 mapno=-1
[13:21:56] [info] flip-probe: flip #170 ok=true present=2ms inter_flip_ms=21 drawcalls-since-flip=0 drawcalls-total=13846 fail-total=0 null-skips-total=0
[13:21:56] [info] opl3 backend: on_song_stop
[13:21:56] [info] Loading profile from profile5.dat
[13:21:56] [info]  >> Entering stage 20: 'Save Point'.
[13:21:56] [info] [skip-sheet-flush] cave=2
[13:21:57] [info] MidiScheduler::load: parsed 'data/orgmid2/mura.mid' = 7123 events at 48 PPQ
[13:21:57] [info] opl3 backend: on_song_start
[13:21:57] [info] gameloop: entered (curmap=20, running=1)
[13:21:57] [info] gameloop: iter 1 ticks=21307 mapno=-1
[13:21:57] [info] TAS stall discount: ENABLED (default) (patch 0286; a replay frame over 150 ms is a load, not slow rendering, so it contributes 1 tick instead of its wall-clock; set SDL_HINT_DOSKUTSU_TAS_STALL_DISCOUNT=0 to disable)
[13:21:57] [info] TAS accumulator clamp: DISABLED (default) (patch 0281; caps the FT accumulator delta at one tick during TAS so a stalled frame cannot race the replay index; set SDL_HINT_DOSKUTSU_TAS_FT_GUARD=0 to disable)
[13:21:57] [info] gameloop: iter 2 ticks=21342 mapno=-1
[13:21:57] [info] gameloop: iter 3 ticks=21369 mapno=-1
[13:21:57] [info] flip-probe: flip #180 ok=true present=3ms inter_flip_ms=20 drawcalls-since-flip=17 drawcalls-total=13971 fail-total=0 null-skips-total=0
[13:21:57] [info] flip-probe: flip #190 ok=true present=3ms inter_flip_ms=20 drawcalls-since-flip=17 drawcalls-total=14141 fail-total=0 null-skips-total=0
[13:21:57] [info] flip-probe: flip #200 ok=true present=3ms inter_flip_ms=20 drawcalls-since-flip=17 drawcalls-total=14311 fail-total=0 null-skips-total=0
[13:21:57] [info] alpha audit block 0: 5788 total drawcalls, 0 with alpha<255 (block pct_x10=0; global 0/13586 pct_x10=0); alpha-mod skipped: block=0 global=0
[13:21:57] [info] fastpath audit block 0: taken=5788 (idx8=5788) skipped=0 pct_x10=1000; global taken=13586 (idx8=13586) skipped=0 pct_x10=1000
[13:21:57] [info] primitive tally block 0: clear=201(hr=201) fill=0(hr=0) rect=0(hr=0) line=0(hr=0) tint=0 spotlight=0 (over 100 flips ending at flip 200)
[13:21:57] [info] color/alpha audit block 0: cmod_white=1438 cmod_black=0 (idx=0) cmod_general=609 (idx=609) cmod_fb=0; alpha_taken=0 alpha_skipped=0 (global cmod=1542/0/693/0 idx=0/693 alpha=0/0)
[13:21:57] [info] phase timing block 0: drawcalls=8036 dc_total_ms=879 flip_inner_total_ms=667 inter_flip_total_ms=3524 (per-flip avg x10: dc_ms=87 fi_ms=66 if_ms=352 derived audio+engine_ms=199; per-drawcall avg us_x10=1094) [direct-vesa: presents=100 total_ms=283 avg_ms_x10=28 failed=0] [ablation: NO_DC_TIMING=0 CACHE_WINSURF=0 DIRECT_VESA=1]
[13:21:57] [info] kbd/audio block 0: kbd_irq=0 kbd_drain=0 ring_chunks=16 pump_pass=199 pic1_mask=0xb8 first_irq_ticks=0 install_ticks=0 vector_at_install=0x0083a028 pic1_mask_live=0x38 kbd_8042_stat=0x34 bios_kbd_head=0x0038 bios_kbd_tail=0x0038 bios_kbd_buf0=0x2e63
[13:21:57] [info] audio/engine split block 0: audio_mixer_calls=0 audio_mixer_ms_x10=0 engine_tick_calls=76 engine_tick_ms_x10=130 audio_service_calls=0 audio_service_ms_x10=0 (per-flip avg; per-call us_x10: audio_mix=0 engine_tick=171602 audio_service=0; global ns: audio_mix=0 engine_tick=4783323556 audio_service=0)
[13:21:57] [info] dirty-rect block @flip=200: total_calls=0 dirty_rects_avg=1 dirty_pct_x10=1000 forced_full=0 first_n_force=0 threshold_exceeded=0 dirty_path_taken=0 full_flush_taken=0
[13:21:57] [info] prev-frame-diff block @flip=200: diff_calls=0 diff_rects_avg=0 diff_dirty_pct_x10=0 bbox_pct_x10=0 bbox_thresh_exceeded=0
[13:21:58] [info] flip-probe: flip #210 ok=true present=3ms inter_flip_ms=20 drawcalls-since-flip=17 drawcalls-total=14481 fail-total=0 null-skips-total=0
[13:21:58] [info] flip-probe: flip #220 ok=true present=2ms inter_flip_ms=21 drawcalls-since-flip=17 drawcalls-total=14651 fail-total=0 null-skips-total=0
[13:21:58] [info] flip-probe: flip #230 ok=true present=3ms inter_flip_ms=20 drawcalls-since-flip=17 drawcalls-total=14821 fail-total=0 null-skips-total=0
[13:21:58] [info] flip-probe: flip #240 ok=true present=3ms inter_flip_ms=20 drawcalls-since-flip=17 drawcalls-total=14991 fail-total=0 null-skips-total=0
[13:21:59] [info] flip-probe: flip #250 ok=true present=3ms inter_flip_ms=20 drawcalls-since-flip=17 drawcalls-total=15161 fail-total=0 null-skips-total=0
[13:21:59] [info] flip-probe: flip #260 ok=true present=3ms inter_flip_ms=20 drawcalls-since-flip=17 drawcalls-total=15331 fail-total=0 null-skips-total=0
[13:21:59] [info] flip-probe: flip #270 ok=true present=3ms inter_flip_ms=39 drawcalls-since-flip=354 drawcalls-total=17387 fail-total=0 null-skips-total=0
[13:21:59] [info]  >> Entering stage 11: 'Mimiga Village'.
[13:21:59] [info] [skip-sheet-flush] cave=3
[13:22:00] [info] [load-stage] preloading entry music song=9 (cave=3)
[13:22:00] [info] gameloop: entered (curmap=11, running=1)
[13:22:00] [info] gameloop: iter 1 ticks=24167 mapno=-1
[13:22:00] [info] map: mds_clear LUT ENABLED (default) (set SDL_HINT_DOSKUTSU_MDS_CLEAR_LUT=0 to disable; default ON; patch 0144 wave-49 bandwidth lever)
[13:22:00] [info] mds-clear-lut: rebuilt N=240 entries (k_skip=0% k_keep=100%; curmap=11 map_size=60x60; rebuild #1 since boot)
[13:22:00] [info] backdrop thrash full-cover ENABLED (default) (set SDL_HINT_DOSKUTSU_THRASH_FULLCOVER=0 to disable)
[13:22:00] [info] [bd-diag] backdrop render-path diag disabled (default) (set SDL_HINT_DOSKUTSU_BACKDROP_DIAG=1 to enable)
[13:22:00] [info] flip-probe: flip #280 ok=true present=3ms inter_flip_ms=492 drawcalls-since-flip=384 drawcalls-total=20289 fail-total=0 null-skips-total=0
[13:22:00] [info] gameloop: iter 2 ticks=24263 mapno=-1
[13:22:00] [info] gameloop: iter 3 ticks=24328 mapno=-1
[13:22:00] [info] backdrop cache: thrashing-detect engaged (streak=4, route=direct)
[13:22:00] [info] flip-probe: flip #290 ok=true present=3ms inter_flip_ms=32 drawcalls-since-flip=72 drawcalls-total=23125 fail-total=0 null-skips-total=0
[13:22:01] [info] flip-probe: flip #300 ok=true present=3ms inter_flip_ms=33 drawcalls-since-flip=43 drawcalls-total=23523 fail-total=0 null-skips-total=0
[13:22:01] [info] alpha audit block 0: 8918 total drawcalls, 0 with alpha<255 (block pct_x10=0; global 0/22504 pct_x10=0); alpha-mod skipped: block=0 global=0
[13:22:01] [info] fastpath audit block 0: taken=8918 (idx8=8918) skipped=0 pct_x10=1000; global taken=22504 (idx8=22504) skipped=0 pct_x10=1000
[13:22:01] [info] primitive tally block 0: clear=202(hr=202) fill=0(hr=0) rect=0(hr=0) line=0(hr=0) tint=0 spotlight=0 (over 100 flips ending at flip 300)
[13:22:01] [info] color/alpha audit block 0: cmod_white=273 cmod_black=273 (idx=273) cmod_general=0 (idx=0) cmod_fb=0; alpha_taken=0 alpha_skipped=0 (global cmod=1815/273/693/0 idx=273/693 alpha=0/0)
[13:22:01] [info] phase timing block 0: drawcalls=9672 dc_total_ms=840 flip_inner_total_ms=430 inter_flip_total_ms=3262 (per-flip avg x10: dc_ms=84 fi_ms=43 if_ms=326 derived audio+engine_ms=199; per-drawcall avg us_x10=868) [direct-vesa: presents=100 total_ms=282 avg_ms_x10=28 failed=0] [ablation: NO_DC_TIMING=0 CACHE_WINSURF=0 DIRECT_VESA=1]
[13:22:01] [info] kbd/audio block 0: kbd_irq=0 kbd_drain=0 ring_chunks=16 pump_pass=341 pic1_mask=0xb8 first_irq_ticks=0 install_ticks=0 vector_at_install=0x0083a028 pic1_mask_live=0x38 kbd_8042_stat=0x34 bios_kbd_head=0x0038 bios_kbd_tail=0x0038 bios_kbd_buf0=0x2e63
[13:22:01] [info] [tile-speedup-stat n=100 drawtile_us=52.27 raw_blit_us=48.32 ratio=1.08]
[13:22:01] [info] dirty-rect block @flip=300: total_calls=100 dirty_rects_avg=1 dirty_pct_x10=1000 forced_full=0 first_n_force=0 threshold_exceeded=0 dirty_path_taken=0 full_flush_taken=0
[13:22:01] [info] prev-frame-diff block @flip=300: diff_calls=0 diff_rects_avg=0 diff_dirty_pct_x10=0 bbox_pct_x10=0 bbox_thresh_exceeded=0
[13:22:01] [info] tas: stall frame 320 ms -> contributing 1 tick (patch 0286)
[13:22:01] [info] flip-probe: flip #310 ok=true present=3ms inter_flip_ms=33 drawcalls-since-flip=45 drawcalls-total=24057 fail-total=0 null-skips-total=0
[13:22:01] [info] backdrop cache: thrashing-detect engaged (streak=4, route=direct)
[13:22:02] [info] flip-probe: flip #320 ok=true present=2ms inter_flip_ms=34 drawcalls-since-flip=46 drawcalls-total=24518 fail-total=0 null-skips-total=0
[13:22:02] [info] flip-probe: flip #330 ok=true present=3ms inter_flip_ms=31 drawcalls-since-flip=43 drawcalls-total=24964 fail-total=0 null-skips-total=0
[13:22:02] [info] flip-probe: flip #340 ok=true present=3ms inter_flip_ms=29 drawcalls-since-flip=43 drawcalls-total=25394 fail-total=0 null-skips-total=0
[13:22:03] [info] flip-probe: flip #350 ok=true present=3ms inter_flip_ms=33 drawcalls-since-flip=43 drawcalls-total=25824 fail-total=0 null-skips-total=0
[13:22:03] [info] flip-probe: flip #360 ok=true present=4ms inter_flip_ms=33 drawcalls-since-flip=43 drawcalls-total=26254 fail-total=0 null-skips-total=0
[13:22:03] [info] flip-probe: flip #370 ok=true present=3ms inter_flip_ms=33 drawcalls-since-flip=43 drawcalls-total=26684 fail-total=0 null-skips-total=0
[13:22:03] [info] backdrop cache: thrashing-detect engaged (streak=64, route=direct)
[13:22:04] [info] flip-probe: flip #380 ok=true present=3ms inter_flip_ms=31 drawcalls-since-flip=43 drawcalls-total=27114 fail-total=0 null-skips-total=0
[13:22:04] [info] flip-probe: flip #390 ok=true present=3ms inter_flip_ms=31 drawcalls-since-flip=43 drawcalls-total=27544 fail-total=0 null-skips-total=0
[13:22:04] [info] flip-probe: flip #400 ok=true present=3ms inter_flip_ms=30 drawcalls-since-flip=17 drawcalls-total=27948 fail-total=0 null-skips-total=0
[13:22:04] [info] alpha audit block 0: 3038 total drawcalls, 0 with alpha<255 (block pct_x10=0; global 0/25542 pct_x10=0); alpha-mod skipped: block=0 global=0
[13:22:04] [info] fastpath audit block 0: taken=3038 (idx8=3038) skipped=0 pct_x10=1000; global taken=25542 (idx8=25542) skipped=0 pct_x10=1000
[13:22:04] [info] primitive tally block 0: clear=200(hr=200) fill=0(hr=0) rect=0(hr=0) line=0(hr=0) tint=0 spotlight=0 (over 100 flips ending at flip 400)
[13:22:04] [info] color/alpha audit block 0: cmod_white=1287 cmod_black=1287 (idx=1287) cmod_general=0 (idx=0) cmod_fb=0; alpha_taken=0 alpha_skipped=0 (global cmod=3102/1560/693/0 idx=1560/693 alpha=0/0)
[13:22:04] [info] phase timing block 0: drawcalls=5817 dc_total_ms=641 flip_inner_total_ms=444 inter_flip_total_ms=3557 (per-flip avg x10: dc_ms=64 fi_ms=44 if_ms=355 derived audio+engine_ms=247; per-drawcall avg us_x10=1102) [direct-vesa: presents=100 total_ms=281 avg_ms_x10=28 failed=0] [ablation: NO_DC_TIMING=0 CACHE_WINSURF=0 DIRECT_VESA=1]
[13:22:04] [info] kbd/audio block 0: kbd_irq=0 kbd_drain=0 ring_chunks=16 pump_pass=504 pic1_mask=0xb8 first_irq_ticks=0 install_ticks=0 vector_at_install=0x0083a028 pic1_mask_live=0x38 kbd_8042_stat=0x34 bios_kbd_head=0x0038 bios_kbd_tail=0x0038 bios_kbd_buf0=0x2e63
[13:22:04] [info] dirty-rect block @flip=400: total_calls=0 dirty_rects_avg=1 dirty_pct_x10=1000 forced_full=0 first_n_force=0 threshold_exceeded=0 dirty_path_taken=0 full_flush_taken=0
[13:22:04] [info] prev-frame-diff block @flip=400: diff_calls=0 diff_rects_avg=0 diff_dirty_pct_x10=0 bbox_pct_x10=0 bbox_thresh_exceeded=0
[13:22:05] [info] flip-probe: flip #410 ok=true present=3ms inter_flip_ms=28 drawcalls-since-flip=17 drawcalls-total=28118 fail-total=0 null-skips-total=0
[13:22:05] [info] flip-probe: flip #420 ok=true present=3ms inter_flip_ms=28 drawcalls-since-flip=17 drawcalls-total=28288 fail-total=0 null-skips-total=0
[13:22:05] [info] flip-probe: flip #430 ok=true present=3ms inter_flip_ms=31 drawcalls-since-flip=19 drawcalls-total=28466 fail-total=0 null-skips-total=0
[13:22:05] [info] backdrop cache: thrashing-detect engaged (streak=124, route=direct)
[13:22:05] [info] flip-probe: flip #440 ok=true present=2ms inter_flip_ms=32 drawcalls-since-flip=19 drawcalls-total=28661 fail-total=0 null-skips-total=0
[13:22:06] [info] flip-probe: flip #450 ok=true present=3ms inter_flip_ms=29 drawcalls-since-flip=17 drawcalls-total=28835 fail-total=0 null-skips-total=0
[13:22:06] [info] flip-probe: flip #460 ok=true present=3ms inter_flip_ms=29 drawcalls-since-flip=16 drawcalls-total=29005 fail-total=0 null-skips-total=0
[13:22:06] [info] run_tick_fixed #600: heartbeat (loop alive)
[13:22:06] [info] flip-probe: flip #470 ok=true present=3ms inter_flip_ms=28 drawcalls-since-flip=19 drawcalls-total=29187 fail-total=0 null-skips-total=0
[13:22:07] [info] flip-probe: flip #480 ok=true present=3ms inter_flip_ms=32 drawcalls-since-flip=16 drawcalls-total=29355 fail-total=0 null-skips-total=0
[13:22:07] [info] flip-probe: flip #490 ok=true present=3ms inter_flip_ms=31 drawcalls-since-flip=15 drawcalls-total=29505 fail-total=0 null-skips-total=0
[13:22:07] [info] backdrop cache: thrashing-detect engaged (streak=184, route=direct)
[13:22:07] [info] flip-probe: flip #500 ok=true present=4ms inter_flip_ms=33 drawcalls-since-flip=18 drawcalls-total=29678 fail-total=0 null-skips-total=0
[13:22:07] [info] alpha audit block 0: 1630 total drawcalls, 0 with alpha<255 (block pct_x10=0; global 0/27172 pct_x10=0); alpha-mod skipped: block=0 global=0
[13:22:07] [info] fastpath audit block 0: taken=1630 (idx8=1630) skipped=0 pct_x10=1000; global taken=27172 (idx8=27172) skipped=0 pct_x10=1000
[13:22:07] [info] primitive tally block 0: clear=200(hr=200) fill=0(hr=0) rect=0(hr=0) line=0(hr=0) tint=0 spotlight=0 (over 100 flips ending at flip 500)
[13:22:07] [info] phase timing block 0: drawcalls=1830 dc_total_ms=489 flip_inner_total_ms=422 inter_flip_total_ms=3080 (per-flip avg x10: dc_ms=48 fi_ms=42 if_ms=308 derived audio+engine_ms=218; per-drawcall avg us_x10=2674) [direct-vesa: presents=100 total_ms=284 avg_ms_x10=28 failed=0] [ablation: NO_DC_TIMING=0 CACHE_WINSURF=0 DIRECT_VESA=1]
[13:22:07] [info] kbd/audio block 0: kbd_irq=0 kbd_drain=0 ring_chunks=16 pump_pass=658 pic1_mask=0xb8 first_irq_ticks=0 install_ticks=0 vector_at_install=0x0083a028 pic1_mask_live=0x38 kbd_8042_stat=0x34 bios_kbd_head=0x0038 bios_kbd_tail=0x0038 bios_kbd_buf0=0x2e63
[13:22:07] [info] dirty-rect block @flip=500: total_calls=0 dirty_rects_avg=1 dirty_pct_x10=1000 forced_full=0 first_n_force=0 threshold_exceeded=0 dirty_path_taken=0 full_flush_taken=0
[13:22:07] [info] prev-frame-diff block @flip=500: diff_calls=0 diff_rects_avg=0 diff_dirty_pct_x10=0 bbox_pct_x10=0 bbox_thresh_exceeded=0
[13:22:08] [info] flip-probe: flip #510 ok=true present=3ms inter_flip_ms=33 drawcalls-since-flip=16 drawcalls-total=29851 fail-total=0 null-skips-total=0
[13:22:08] [info] flip-probe: flip #520 ok=true present=3ms inter_flip_ms=33 drawcalls-since-flip=15 drawcalls-total=30003 fail-total=0 null-skips-total=0
[13:22:08] [info] flip-probe: flip #530 ok=true present=3ms inter_flip_ms=33 drawcalls-since-flip=15 drawcalls-total=30153 fail-total=0 null-skips-total=0
[13:22:09] [info] flip-probe: flip #540 ok=true present=3ms inter_flip_ms=43 drawcalls-since-flip=199 drawcalls-total=30874 fail-total=0 null-skips-total=0
[13:22:09] [info] flip-probe: flip #550 ok=true present=3ms inter_flip_ms=33 drawcalls-since-flip=4 drawcalls-total=33614 fail-total=0 null-skips-total=0
[13:22:09] [info]  >> Entering stage 17: 'Yamashita Farm'.
[13:22:09] [info] [skip-sheet-flush] cave=4
[13:22:09] [info] [load-stage] preloading entry music song=13 (cave=4)
[13:22:09] [info] opl3 backend: on_song_stop
[13:22:10] [info] MidiScheduler::load: parsed 'data/orgmid2/plant.mid' = 6246 events at 48 PPQ
[13:22:10] [info] opl3 backend: on_song_start
[13:22:10] [info] gameloop: entered (curmap=17, running=1)
[13:22:10] [info] gameloop: iter 1 ticks=34131 mapno=-1
[13:22:10] [info] mds-clear-lut: rebuilt N=240 entries (k_skip=33% k_keep=67%; curmap=17 map_size=40x16; rebuild #2 since boot)
[13:22:10] [info] gameloop: iter 2 ticks=34300 mapno=-1
[13:22:10] [info] tas: stall frame 171 ms -> contributing 1 tick (patch 0286)
[13:22:10] [info] gameloop: iter 3 ticks=34364 mapno=-1
[13:22:10] [info] flip-probe: flip #560 ok=true present=3ms inter_flip_ms=46 drawcalls-since-flip=298 drawcalls-total=37441 fail-total=0 null-skips-total=0
[13:22:11] [info] tas: stall frame 266 ms -> contributing 1 tick (patch 0286)
[13:22:11] [info] flip-probe: flip #570 ok=true present=3ms inter_flip_ms=35 drawcalls-since-flip=136 drawcalls-total=39167 fail-total=0 null-skips-total=0
[13:22:11] [info] flip-probe: flip #580 ok=true present=3ms inter_flip_ms=39 drawcalls-since-flip=142 drawcalls-total=40561 fail-total=0 null-skips-total=0
[13:22:12] [info] flip-probe: flip #590 ok=true present=3ms inter_flip_ms=39 drawcalls-since-flip=144 drawcalls-total=41991 fail-total=0 null-skips-total=0
[13:22:12] [info] backdrop cache: thrashing-detect engaged (streak=4, route=direct)
[13:22:12] [info] flip-probe: flip #600 ok=true present=3ms inter_flip_ms=49 drawcalls-since-flip=129 drawcalls-total=43421 fail-total=0 null-skips-total=0
[13:22:12] [info] alpha audit block 0: 12993 total drawcalls, 0 with alpha<255 (block pct_x10=0; global 0/40165 pct_x10=0); alpha-mod skipped: block=0 global=0
[13:22:12] [info] fastpath audit block 0: taken=12993 (idx8=12993) skipped=0 pct_x10=1000; global taken=40165 (idx8=40165) skipped=0 pct_x10=1000
[13:22:12] [info] primitive tally block 0: clear=201(hr=201) fill=0(hr=0) rect=0(hr=0) line=0(hr=0) tint=0 spotlight=0 (over 100 flips ending at flip 600)
[13:22:12] [info] color/alpha audit block 0: cmod_white=650 cmod_black=650 (idx=650) cmod_general=0 (idx=0) cmod_fb=0; alpha_taken=0 alpha_skipped=0 (global cmod=3752/2210/693/0 idx=2210/693 alpha=0/0)
[13:22:12] [info] phase timing block 0: drawcalls=14543 dc_total_ms=1132 flip_inner_total_ms=658 inter_flip_total_ms=4915 (per-flip avg x10: dc_ms=113 fi_ms=65 if_ms=491 derived audio+engine_ms=313; per-drawcall avg us_x10=778) [direct-vesa: presents=100 total_ms=283 avg_ms_x10=28 failed=0] [ablation: NO_DC_TIMING=0 CACHE_WINSURF=0 DIRECT_VESA=1]
[13:22:12] [info] kbd/audio block 0: kbd_irq=0 kbd_drain=0 ring_chunks=16 pump_pass=855 pic1_mask=0xb8 first_irq_ticks=0 install_ticks=0 vector_at_install=0x0083a028 pic1_mask_live=0x38 kbd_8042_stat=0x34 bios_kbd_head=0x0038 bios_kbd_tail=0x0038 bios_kbd_buf0=0x2e63
[13:22:12] [info] dirty-rect block @flip=600: total_calls=0 dirty_rects_avg=1 dirty_pct_x10=1000 forced_full=0 first_n_force=0 threshold_exceeded=0 dirty_path_taken=0 full_flush_taken=0
[13:22:12] [info] prev-frame-diff block @flip=600: diff_calls=0 diff_rects_avg=0 diff_dirty_pct_x10=0 bbox_pct_x10=0 bbox_thresh_exceeded=0
[13:22:13] [info] flip-probe: flip #610 ok=true present=3ms inter_flip_ms=40 drawcalls-since-flip=133 drawcalls-total=44731 fail-total=0 null-skips-total=0
[13:22:13] [info] flip-probe: flip #620 ok=true present=3ms inter_flip_ms=40 drawcalls-since-flip=137 drawcalls-total=46091 fail-total=0 null-skips-total=0
[13:22:14] [info] flip-probe: flip #630 ok=true present=2ms inter_flip_ms=42 drawcalls-since-flip=145 drawcalls-total=47509 fail-total=0 null-skips-total=0
[13:22:14] [info] flip-probe: flip #640 ok=true present=3ms inter_flip_ms=42 drawcalls-since-flip=147 drawcalls-total=48987 fail-total=0 null-skips-total=0
[13:22:14] [info] flip-probe: flip #650 ok=true present=3ms inter_flip_ms=42 drawcalls-since-flip=144 drawcalls-total=50454 fail-total=0 null-skips-total=0
[13:22:15] [info] backdrop cache: thrashing-detect engaged (streak=64, route=direct)
[13:22:15] [info] flip-probe: flip #660 ok=true present=3ms inter_flip_ms=45 drawcalls-since-flip=141 drawcalls-total=51873 fail-total=0 null-skips-total=0
[13:22:15] [info] flip-probe: flip #670 ok=true present=3ms inter_flip_ms=38 drawcalls-since-flip=132 drawcalls-total=53218 fail-total=0 null-skips-total=0
[13:22:16] [info] flip-probe: flip #680 ok=true present=3ms inter_flip_ms=37 drawcalls-since-flip=103 drawcalls-total=54287 fail-total=0 null-skips-total=0
[13:22:16] [info] backdrop cache: thrashing-detect engaged (streak=4, route=direct)
[13:22:16] [info] flip-probe: flip #690 ok=true present=3ms inter_flip_ms=37 drawcalls-since-flip=111 drawcalls-total=55273 fail-total=0 null-skips-total=0
[13:22:16] [info] flip-probe: flip #700 ok=true present=3ms inter_flip_ms=38 drawcalls-since-flip=105 drawcalls-total=56328 fail-total=0 null-skips-total=0
[13:22:16] [info] alpha audit block 0: 11897 total drawcalls, 0 with alpha<255 (block pct_x10=0; global 0/52062 pct_x10=0); alpha-mod skipped: block=0 global=0
[13:22:16] [info] fastpath audit block 0: taken=11897 (idx8=11897) skipped=0 pct_x10=1000; global taken=52062 (idx8=52062) skipped=0 pct_x10=1000
[13:22:16] [info] primitive tally block 0: clear=200(hr=200) fill=0(hr=0) rect=0(hr=0) line=0(hr=0) tint=0 spotlight=0 (over 100 flips ending at flip 700)
[13:22:16] [info] color/alpha audit block 0: cmod_white=910 cmod_black=910 (idx=910) cmod_general=0 (idx=0) cmod_fb=0; alpha_taken=0 alpha_skipped=0 (global cmod=4662/3120/693/0 idx=3120/693 alpha=0/0)
[13:22:16] [info] phase timing block 0: drawcalls=13921 dc_total_ms=735 flip_inner_total_ms=433 inter_flip_total_ms=4147 (per-flip avg x10: dc_ms=73 fi_ms=43 if_ms=414 derived audio+engine_ms=298; per-drawcall avg us_x10=528) [direct-vesa: presents=100 total_ms=284 avg_ms_x10=28 failed=0] [ablation: NO_DC_TIMING=0 CACHE_WINSURF=0 DIRECT_VESA=1]
[13:22:16] [info] kbd/audio block 0: kbd_irq=0 kbd_drain=0 ring_chunks=16 pump_pass=1063 pic1_mask=0xb8 first_irq_ticks=0 install_ticks=0 vector_at_install=0x0083a028 pic1_mask_live=0x38 kbd_8042_stat=0x34 bios_kbd_head=0x0038 bios_kbd_tail=0x0038 bios_kbd_buf0=0x2e63
[13:22:16] [info] dirty-rect block @flip=700: total_calls=0 dirty_rects_avg=1 dirty_pct_x10=1000 forced_full=0 first_n_force=0 threshold_exceeded=0 dirty_path_taken=0 full_flush_taken=0
[13:22:16] [info] prev-frame-diff block @flip=700: diff_calls=0 diff_rects_avg=0 diff_dirty_pct_x10=0 bbox_pct_x10=0 bbox_thresh_exceeded=0
[13:22:17] [info] flip-probe: flip #710 ok=true present=3ms inter_flip_ms=32 drawcalls-since-flip=107 drawcalls-total=57401 fail-total=0 null-skips-total=0
[13:22:17] [info] flip-probe: flip #720 ok=true present=3ms inter_flip_ms=36 drawcalls-since-flip=106 drawcalls-total=58483 fail-total=0 null-skips-total=0
[13:22:18] [info] flip-probe: flip #730 ok=true present=3ms inter_flip_ms=39 drawcalls-since-flip=107 drawcalls-total=59536 fail-total=0 null-skips-total=0
[13:22:18] [info] flip-probe: flip #740 ok=true present=3ms inter_flip_ms=46 drawcalls-since-flip=104 drawcalls-total=60543 fail-total=0 null-skips-total=0
[13:22:18] [info] backdrop cache: thrashing-detect engaged (streak=4, route=direct)
[13:22:18] [info] flip-probe: flip #750 ok=true present=2ms inter_flip_ms=40 drawcalls-since-flip=108 drawcalls-total=61613 fail-total=0 null-skips-total=0
[13:22:19] [info] flip-probe: flip #760 ok=true present=3ms inter_flip_ms=38 drawcalls-since-flip=118 drawcalls-total=62758 fail-total=0 null-skips-total=0
[13:22:19] [info] flip-probe: flip #770 ok=true present=2ms inter_flip_ms=41 drawcalls-since-flip=114 drawcalls-total=63897 fail-total=0 null-skips-total=0
[13:22:19] [info] flip-probe: flip #780 ok=true present=2ms inter_flip_ms=38 drawcalls-since-flip=111 drawcalls-total=64996 fail-total=0 null-skips-total=0
[13:22:20] [info] flip-probe: flip #790 ok=true present=3ms inter_flip_ms=39 drawcalls-since-flip=113 drawcalls-total=66100 fail-total=0 null-skips-total=0
[13:22:20] [info] flip-probe: flip #800 ok=true present=3ms inter_flip_ms=40 drawcalls-since-flip=117 drawcalls-total=67263 fail-total=0 null-skips-total=0
[13:22:20] [info] alpha audit block 0: 10835 total drawcalls, 0 with alpha<255 (block pct_x10=0; global 0/62897 pct_x10=0); alpha-mod skipped: block=0 global=0
[13:22:20] [info] fastpath audit block 0: taken=10835 (idx8=10835) skipped=0 pct_x10=1000; global taken=62897 (idx8=62897) skipped=0 pct_x10=1000
[13:22:20] [info] primitive tally block 0: clear=200(hr=200) fill=0(hr=0) rect=0(hr=0) line=0(hr=0) tint=0 spotlight=0 (over 100 flips ending at flip 800)
[13:22:20] [info] phase timing block 0: drawcalls=11039 dc_total_ms=643 flip_inner_total_ms=432 inter_flip_total_ms=3946 (per-flip avg x10: dc_ms=64 fi_ms=43 if_ms=394 derived audio+engine_ms=287; per-drawcall avg us_x10=582) [direct-vesa: presents=100 total_ms=282 avg_ms_x10=28 failed=0] [ablation: NO_DC_TIMING=0 CACHE_WINSURF=0 DIRECT_VESA=1]
[13:22:20] [info] kbd/audio block 0: kbd_irq=0 kbd_drain=0 ring_chunks=16 pump_pass=1260 pic1_mask=0xb8 first_irq_ticks=0 install_ticks=0 vector_at_install=0x0083a028 pic1_mask_live=0x38 kbd_8042_stat=0x34 bios_kbd_head=0x0038 bios_kbd_tail=0x0038 bios_kbd_buf0=0x2e63
[13:22:20] [info] dirty-rect block @flip=800: total_calls=0 dirty_rects_avg=1 dirty_pct_x10=1000 forced_full=0 first_n_force=0 threshold_exceeded=0 dirty_path_taken=0 full_flush_taken=0
[13:22:20] [info] prev-frame-diff block @flip=800: diff_calls=0 diff_rects_avg=0 diff_dirty_pct_x10=0 bbox_pct_x10=0 bbox_thresh_exceeded=0
[13:22:20] [info] backdrop cache: thrashing-detect engaged (streak=64, route=direct)
[13:22:21] [info] flip-probe: flip #810 ok=true present=2ms inter_flip_ms=40 drawcalls-since-flip=113 drawcalls-total=68415 fail-total=0 null-skips-total=0
[13:22:21] [info] flip-probe: flip #820 ok=true present=3ms inter_flip_ms=39 drawcalls-since-flip=110 drawcalls-total=69530 fail-total=0 null-skips-total=0
[13:22:22] [info] flip-probe: flip #830 ok=true present=3ms inter_flip_ms=39 drawcalls-since-flip=113 drawcalls-total=70657 fail-total=0 null-skips-total=0
[13:22:22] [info] flip-probe: flip #840 ok=true present=3ms inter_flip_ms=34 drawcalls-since-flip=110 drawcalls-total=71768 fail-total=0 null-skips-total=0
[13:22:22] [info] flip-probe: flip #850 ok=true present=3ms inter_flip_ms=38 drawcalls-since-flip=109 drawcalls-total=72874 fail-total=0 null-skips-total=0
[13:22:23] [info] flip-probe: flip #860 ok=true present=5ms inter_flip_ms=39 drawcalls-since-flip=122 drawcalls-total=74012 fail-total=0 null-skips-total=0
[13:22:23] [info] flip-probe: flip #870 ok=true present=3ms inter_flip_ms=40 drawcalls-since-flip=121 drawcalls-total=75219 fail-total=0 null-skips-total=0
[13:22:24] [info] flip-probe: flip #880 ok=true present=3ms inter_flip_ms=39 drawcalls-since-flip=116 drawcalls-total=76384 fail-total=0 null-skips-total=0
[13:22:24] [info] flip-probe: flip #890 ok=true present=3ms inter_flip_ms=39 drawcalls-since-flip=116 drawcalls-total=77557 fail-total=0 null-skips-total=0
[13:22:24] [info] flip-probe: flip #900 ok=true present=3ms inter_flip_ms=39 drawcalls-since-flip=118 drawcalls-total=78734 fail-total=0 null-skips-total=0
[13:22:24] [info] alpha audit block 0: 11371 total drawcalls, 0 with alpha<255 (block pct_x10=0; global 0/74268 pct_x10=0); alpha-mod skipped: block=0 global=0
[13:22:24] [info] fastpath audit block 0: taken=11371 (idx8=11371) skipped=0 pct_x10=1000; global taken=74268 (idx8=74268) skipped=0 pct_x10=1000
[13:22:25] [info] primitive tally block 0: clear=200(hr=200) fill=0(hr=0) rect=0(hr=0) line=0(hr=0) tint=0 spotlight=0 (over 100 flips ending at flip 900)
[13:22:25] [info] phase timing block 0: drawcalls=11614 dc_total_ms=850 flip_inner_total_ms=643 inter_flip_total_ms=4015 (per-flip avg x10: dc_ms=85 fi_ms=64 if_ms=401 derived audio+engine_ms=252; per-drawcall avg us_x10=731) [direct-vesa: presents=100 total_ms=284 avg_ms_x10=28 failed=0] [ablation: NO_DC_TIMING=0 CACHE_WINSURF=0 DIRECT_VESA=1]
[13:22:25] [info] kbd/audio block 0: kbd_irq=0 kbd_drain=0 ring_chunks=16 pump_pass=1461 pic1_mask=0xb8 first_irq_ticks=0 install_ticks=0 vector_at_install=0x0083a028 pic1_mask_live=0x38 kbd_8042_stat=0x34 bios_kbd_head=0x0038 bios_kbd_tail=0x0038 bios_kbd_buf0=0x2e63
[13:22:25] [info] dirty-rect block @flip=900: total_calls=0 dirty_rects_avg=1 dirty_pct_x10=1000 forced_full=0 first_n_force=0 threshold_exceeded=0 dirty_path_taken=0 full_flush_taken=0
[13:22:25] [info] prev-frame-diff block @flip=900: diff_calls=0 diff_rects_avg=0 diff_dirty_pct_x10=0 bbox_pct_x10=0 bbox_thresh_exceeded=0
[13:22:25] [info] tas: stall frame 299 ms -> contributing 1 tick (patch 0286)
[13:22:25] [info] flip-probe: flip #910 ok=true present=3ms inter_flip_ms=38 drawcalls-since-flip=114 drawcalls-total=79900 fail-total=0 null-skips-total=0
[13:22:25] [info] flip-probe: flip #920 ok=true present=3ms inter_flip_ms=45 drawcalls-since-flip=311 drawcalls-total=81727 fail-total=0 null-skips-total=0
[13:22:26] [info]  >> Entering stage 11: 'Mimiga Village'.
[13:22:26] [info] [skip-sheet-flush] cave=5
[13:22:26] [info] [load-stage] preloading entry music song=9 (cave=5)
[13:22:26] [info] opl3 backend: on_song_stop
[13:22:26] [info] MidiScheduler::load: parsed 'data/orgmid2/mura.mid' = 7123 events at 48 PPQ
[13:22:26] [info] opl3 backend: on_song_start
[13:22:26] [info] gameloop: entered (curmap=11, running=1)
[13:22:26] [info] gameloop: iter 1 ticks=50822 mapno=-1
[13:22:26] [info] mds-clear-lut: rebuilt N=240 entries (k_skip=0% k_keep=100%; curmap=11 map_size=60x60; rebuild #3 since boot)
[13:22:26] [info] flip-probe: flip #930 ok=true present=3ms inter_flip_ms=615 drawcalls-since-flip=345 drawcalls-total=85322 fail-total=0 null-skips-total=0
[13:22:26] [info] gameloop: iter 2 ticks=50896 mapno=-1
[13:22:27] [info] gameloop: iter 3 ticks=50965 mapno=-1
[13:22:27] [info] flip-probe: flip #940 ok=true present=3ms inter_flip_ms=45 drawcalls-since-flip=135 drawcalls-total=88082 fail-total=0 null-skips-total=0
[13:22:27] [info] backdrop cache: thrashing-detect engaged (streak=4, route=direct)
[13:22:27] [info] flip-probe: flip #950 ok=true present=3ms inter_flip_ms=32 drawcalls-since-flip=41 drawcalls-total=88564 fail-total=0 null-skips-total=0
[13:22:28] [info] flip-probe: flip #960 ok=true present=3ms inter_flip_ms=34 drawcalls-since-flip=41 drawcalls-total=88974 fail-total=0 null-skips-total=0
[13:22:28] [info] flip-probe: flip #970 ok=true present=3ms inter_flip_ms=32 drawcalls-since-flip=41 drawcalls-total=89384 fail-total=0 null-skips-total=0
[13:22:28] [info] flip-probe: flip #980 ok=true present=3ms inter_flip_ms=34 drawcalls-since-flip=41 drawcalls-total=89794 fail-total=0 null-skips-total=0
[13:22:29] [info] flip-probe: flip #990 ok=true present=3ms inter_flip_ms=34 drawcalls-since-flip=41 drawcalls-total=90204 fail-total=0 null-skips-total=0
[13:22:29] [info] flip-probe: flip #1000 ok=true present=3ms inter_flip_ms=36 drawcalls-since-flip=43 drawcalls-total=90620 fail-total=0 null-skips-total=0
[13:22:29] [info] alpha audit block 0: 10863 total drawcalls, 0 with alpha<255 (block pct_x10=0; global 0/85131 pct_x10=0); alpha-mod skipped: block=0 global=0
[13:22:29] [info] fastpath audit block 0: taken=10863 (idx8=10863) skipped=0 pct_x10=1000; global taken=85131 (idx8=85131) skipped=0 pct_x10=1000
[13:22:29] [info] primitive tally block 0: clear=201(hr=201) fill=0(hr=0) rect=0(hr=0) line=0(hr=0) tint=0 spotlight=0 (over 100 flips ending at flip 1000)
[13:22:29] [info] color/alpha audit block 0: cmod_white=923 cmod_black=923 (idx=923) cmod_general=0 (idx=0) cmod_fb=0; alpha_taken=0 alpha_skipped=0 (global cmod=5585/4043/693/0 idx=4043/693 alpha=0/0)
[13:22:29] [info] phase timing block 0: drawcalls=12951 dc_total_ms=1064 flip_inner_total_ms=446 inter_flip_total_ms=4693 (per-flip avg x10: dc_ms=106 fi_ms=44 if_ms=469 derived audio+engine_ms=319; per-drawcall avg us_x10=821) [direct-vesa: presents=100 total_ms=282 avg_ms_x10=28 failed=0] [ablation: NO_DC_TIMING=0 CACHE_WINSURF=0 DIRECT_VESA=1]
[13:22:29] [info] kbd/audio block 0: kbd_irq=0 kbd_drain=0 ring_chunks=16 pump_pass=1653 pic1_mask=0xb8 first_irq_ticks=0 install_ticks=0 vector_at_install=0x0083a028 pic1_mask_live=0x38 kbd_8042_stat=0x34 bios_kbd_head=0x0038 bios_kbd_tail=0x0038 bios_kbd_buf0=0x2e63
[13:22:29] [info] dirty-rect block @flip=1000: total_calls=0 dirty_rects_avg=1 dirty_pct_x10=1000 forced_full=0 first_n_force=0 threshold_exceeded=0 dirty_path_taken=0 full_flush_taken=0
[13:22:29] [info] prev-frame-diff block @flip=1000: diff_calls=0 diff_rects_avg=0 diff_dirty_pct_x10=0 bbox_pct_x10=0 bbox_thresh_exceeded=0
[13:22:29] [info] backdrop cache: thrashing-detect engaged (streak=64, route=direct)
[13:22:29] [info] flip-probe: flip #1010 ok=true present=3ms inter_flip_ms=34 drawcalls-since-flip=42 drawcalls-total=91037 fail-total=0 null-skips-total=0
[13:22:30] [info] flip-probe: flip #1020 ok=true present=3ms inter_flip_ms=33 drawcalls-since-flip=41 drawcalls-total=91448 fail-total=0 null-skips-total=0
[13:22:30] [info] flip-probe: flip #1030 ok=true present=3ms inter_flip_ms=32 drawcalls-since-flip=42 drawcalls-total=91867 fail-total=0 null-skips-total=0
[13:22:30] [info] flip-probe: flip #1040 ok=true present=3ms inter_flip_ms=32 drawcalls-since-flip=43 drawcalls-total=92288 fail-total=0 null-skips-total=0
[13:22:31] [info] flip-probe: flip #1050 ok=true present=3ms inter_flip_ms=28 drawcalls-since-flip=16 drawcalls-total=92691 fail-total=0 null-skips-total=0
[13:22:31] [info] flip-probe: flip #1060 ok=true present=3ms inter_flip_ms=28 drawcalls-since-flip=16 drawcalls-total=92851 fail-total=0 null-skips-total=0
[13:22:31] [info] backdrop cache: thrashing-detect engaged (streak=124, route=direct)
[13:22:31] [info] flip-probe: flip #1070 ok=true present=3ms inter_flip_ms=29 drawcalls-since-flip=16 drawcalls-total=93011 fail-total=0 null-skips-total=0
[13:22:31] [info] flip-probe: flip #1080 ok=true present=3ms inter_flip_ms=26 drawcalls-since-flip=16 drawcalls-total=93171 fail-total=0 null-skips-total=0
[13:22:32] [info] flip-probe: flip #1090 ok=true present=3ms inter_flip_ms=28 drawcalls-since-flip=17 drawcalls-total=93341 fail-total=0 null-skips-total=0
[13:22:32] [info] run_tick_fixed #1800: heartbeat (loop alive)
[13:22:32] [info] flip-probe: flip #1100 ok=true present=3ms inter_flip_ms=30 drawcalls-since-flip=18 drawcalls-total=93517 fail-total=0 null-skips-total=0
[13:22:32] [info] alpha audit block 0: 2160 total drawcalls, 0 with alpha<255 (block pct_x10=0; global 0/87291 pct_x10=0); alpha-mod skipped: block=0 global=0
[13:22:32] [info] fastpath audit block 0: taken=2160 (idx8=2160) skipped=0 pct_x10=1000; global taken=87291 (idx8=87291) skipped=0 pct_x10=1000
[13:22:32] [info] primitive tally block 0: clear=200(hr=200) fill=0(hr=0) rect=0(hr=0) line=0(hr=0) tint=0 spotlight=0 (over 100 flips ending at flip 1100)
[13:22:32] [info] color/alpha audit block 0: cmod_white=637 cmod_black=637 (idx=637) cmod_general=0 (idx=0) cmod_fb=0; alpha_taken=0 alpha_skipped=0 (global cmod=6222/4680/693/0 idx=4680/693 alpha=0/0)
[13:22:32] [info] phase timing block 0: drawcalls=3634 dc_total_ms=539 flip_inner_total_ms=437 inter_flip_total_ms=3064 (per-flip avg x10: dc_ms=53 fi_ms=43 if_ms=306 derived audio+engine_ms=210; per-drawcall avg us_x10=1483) [direct-vesa: presents=100 total_ms=284 avg_ms_x10=28 failed=0] [ablation: NO_DC_TIMING=0 CACHE_WINSURF=0 DIRECT_VESA=1]
[13:22:32] [info] kbd/audio block 0: kbd_irq=0 kbd_drain=0 ring_chunks=16 pump_pass=1806 pic1_mask=0xb8 first_irq_ticks=0 install_ticks=0 vector_at_install=0x0083a028 pic1_mask_live=0x38 kbd_8042_stat=0x34 bios_kbd_head=0x0038 bios_kbd_tail=0x0038 bios_kbd_buf0=0x2e63
[13:22:32] [info] dirty-rect block @flip=1100: total_calls=0 dirty_rects_avg=1 dirty_pct_x10=1000 forced_full=0 first_n_force=0 threshold_exceeded=0 dirty_path_taken=0 full_flush_taken=0
[13:22:32] [info] prev-frame-diff block @flip=1100: diff_calls=0 diff_rects_avg=0 diff_dirty_pct_x10=0 bbox_pct_x10=0 bbox_thresh_exceeded=0
[13:22:32] [info] flip-probe: flip #1110 ok=true present=3ms inter_flip_ms=27 drawcalls-since-flip=18 drawcalls-total=93697 fail-total=0 null-skips-total=0
[13:22:33] [info] flip-probe: flip #1120 ok=true present=3ms inter_flip_ms=29 drawcalls-since-flip=18 drawcalls-total=93877 fail-total=0 null-skips-total=0
[13:22:33] [info] backdrop cache: thrashing-detect engaged (streak=184, route=direct)
[13:22:33] [info] flip-probe: flip #1130 ok=true present=3ms inter_flip_ms=28 drawcalls-since-flip=17 drawcalls-total=94055 fail-total=0 null-skips-total=0
[13:22:33] [info] flip-probe: flip #1140 ok=true present=3ms inter_flip_ms=28 drawcalls-since-flip=17 drawcalls-total=94225 fail-total=0 null-skips-total=0
[13:22:34] [info] flip-probe: flip #1150 ok=true present=3ms inter_flip_ms=28 drawcalls-since-flip=17 drawcalls-total=94389 fail-total=0 null-skips-total=0
[13:22:34] [info] flip-probe: flip #1160 ok=true present=3ms inter_flip_ms=30 drawcalls-since-flip=16 drawcalls-total=94558 fail-total=0 null-skips-total=0
[13:22:34] [info] tas: stall frame 251 ms -> contributing 1 tick (patch 0286)
[13:22:34] [info] flip-probe: flip #1170 ok=true present=3ms inter_flip_ms=29 drawcalls-since-flip=16 drawcalls-total=94718 fail-total=0 null-skips-total=0
[13:22:35] [info] flip-probe: flip #1180 ok=true present=2ms inter_flip_ms=29 drawcalls-since-flip=16 drawcalls-total=94878 fail-total=0 null-skips-total=0
[13:22:35] [info] backdrop cache: thrashing-detect engaged (streak=244, route=direct)
[13:22:35] [info] flip-probe: flip #1190 ok=true present=3ms inter_flip_ms=27 drawcalls-since-flip=16 drawcalls-total=95038 fail-total=0 null-skips-total=0
[13:22:35] [info] flip-probe: flip #1200 ok=true present=3ms inter_flip_ms=27 drawcalls-since-flip=16 drawcalls-total=95198 fail-total=0 null-skips-total=0
[13:22:35] [info] alpha audit block 0: 1581 total drawcalls, 0 with alpha<255 (block pct_x10=0; global 0/88872 pct_x10=0); alpha-mod skipped: block=0 global=0
[13:22:35] [info] fastpath audit block 0: taken=1581 (idx8=1581) skipped=0 pct_x10=1000; global taken=88872 (idx8=88872) skipped=0 pct_x10=1000
[13:22:35] [info] primitive tally block 0: clear=200(hr=200) fill=0(hr=0) rect=0(hr=0) line=0(hr=0) tint=0 spotlight=0 (over 100 flips ending at flip 1200)
[13:22:35] [info] phase timing block 0: drawcalls=1781 dc_total_ms=484 flip_inner_total_ms=639 inter_flip_total_ms=3133 (per-flip avg x10: dc_ms=48 fi_ms=63 if_ms=313 derived audio+engine_ms=202; per-drawcall avg us_x10=2718) [direct-vesa: presents=100 total_ms=281 avg_ms_x10=28 failed=0] [ablation: NO_DC_TIMING=0 CACHE_WINSURF=0 DIRECT_VESA=1]
[13:22:35] [info] kbd/audio block 0: kbd_irq=0 kbd_drain=0 ring_chunks=16 pump_pass=1951 pic1_mask=0xb8 first_irq_ticks=0 install_ticks=0 vector_at_install=0x0083a028 pic1_mask_live=0x38 kbd_8042_stat=0x34 bios_kbd_head=0x0038 bios_kbd_tail=0x0038 bios_kbd_buf0=0x2e63
[13:22:35] [info] dirty-rect block @flip=1200: total_calls=0 dirty_rects_avg=1 dirty_pct_x10=1000 forced_full=0 first_n_force=0 threshold_exceeded=0 dirty_path_taken=0 full_flush_taken=0
[13:22:35] [info] prev-frame-diff block @flip=1200: diff_calls=0 diff_rects_avg=0 diff_dirty_pct_x10=0 bbox_pct_x10=0 bbox_thresh_exceeded=0
[13:22:36] [info] flip-probe: flip #1210 ok=true present=2ms inter_flip_ms=30 drawcalls-since-flip=16 drawcalls-total=95358 fail-total=0 null-skips-total=0
[13:22:36] [info] flip-probe: flip #1220 ok=true present=3ms inter_flip_ms=30 drawcalls-since-flip=20 drawcalls-total=95600 fail-total=0 null-skips-total=0
[13:22:36] [info] flip-probe: flip #1230 ok=true present=3ms inter_flip_ms=28 drawcalls-since-flip=20 drawcalls-total=95800 fail-total=0 null-skips-total=0
[13:22:36] [info] flip-probe: flip #1240 ok=true present=3ms inter_flip_ms=30 drawcalls-since-flip=20 drawcalls-total=95992 fail-total=0 null-skips-total=0
[13:22:36] [info] backdrop cache: thrashing-detect engaged (streak=304, route=direct)
[13:22:37] [info] flip-probe: flip #1250 ok=true present=3ms inter_flip_ms=30 drawcalls-since-flip=20 drawcalls-total=96183 fail-total=0 null-skips-total=0
[13:22:37] [info] flip-probe: flip #1260 ok=true present=3ms inter_flip_ms=33 drawcalls-since-flip=125 drawcalls-total=96551 fail-total=0 null-skips-total=0
[13:22:37] [info] flip-probe: flip #1270 ok=true present=2ms inter_flip_ms=47 drawcalls-since-flip=305 drawcalls-total=99151 fail-total=0 null-skips-total=0
[13:22:38] [info]  >> Entering stage 15: 'Reservoir'.
[13:22:38] [info] [skip-sheet-flush] cave=6
[13:22:38] [info] [load-stage] preloading entry music song=9 (cave=6)
[13:22:38] [info] gameloop: entered (curmap=15, running=1)
[13:22:38] [info] gameloop: iter 1 ticks=62413 mapno=-1
[13:22:38] [info] mds-clear-lut: rebuilt N=240 entries (k_skip=13% k_keep=87%; curmap=15 map_size=40x20; rebuild #4 since boot)
[13:22:38] [info] gameloop: iter 2 ticks=62480 mapno=-1
[13:22:38] [info] gameloop: iter 3 ticks=62537 mapno=-1
[13:22:38] [info] flip-probe: flip #1280 ok=true present=3ms inter_flip_ms=48 drawcalls-since-flip=336 drawcalls-total=101787 fail-total=0 null-skips-total=0
[13:22:39] [info] run_tick_fixed #2100: heartbeat (loop alive)
[13:22:39] [info] flip-probe: flip #1290 ok=true present=3ms inter_flip_ms=30 drawcalls-since-flip=36 drawcalls-total=103497 fail-total=0 null-skips-total=0
[13:22:39] [info] flip-probe: flip #1300 ok=true present=3ms inter_flip_ms=30 drawcalls-since-flip=32 drawcalls-total=103806 fail-total=0 null-skips-total=0
[13:22:39] [info] alpha audit block 0: 8274 total drawcalls, 0 with alpha<255 (block pct_x10=0; global 0/97146 pct_x10=0); alpha-mod skipped: block=0 global=0
[13:22:39] [info] fastpath audit block 0: taken=8274 (idx8=8274) skipped=0 pct_x10=1000; global taken=97146 (idx8=97146) skipped=0 pct_x10=1000
[13:22:39] [info] primitive tally block 0: clear=202(hr=202) fill=0(hr=0) rect=0(hr=0) line=0(hr=0) tint=0 spotlight=0 (over 100 flips ending at flip 1300)
[13:22:39] [info] color/alpha audit block 0: cmod_white=234 cmod_black=234 (idx=234) cmod_general=0 (idx=0) cmod_fb=0; alpha_taken=0 alpha_skipped=0 (global cmod=6456/4914/693/0 idx=4914/693 alpha=0/0)
[13:22:39] [info] phase timing block 0: drawcalls=8970 dc_total_ms=914 flip_inner_total_ms=431 inter_flip_total_ms=3793 (per-flip avg x10: dc_ms=91 fi_ms=43 if_ms=379 derived audio+engine_ms=245; per-drawcall avg us_x10=1020) [direct-vesa: presents=100 total_ms=281 avg_ms_x10=28 failed=0] [ablation: NO_DC_TIMING=0 CACHE_WINSURF=0 DIRECT_VESA=1]
[13:22:39] [info] kbd/audio block 0: kbd_irq=0 kbd_drain=0 ring_chunks=16 pump_pass=2121 pic1_mask=0xb8 first_irq_ticks=0 install_ticks=0 vector_at_install=0x0083a028 pic1_mask_live=0x38 kbd_8042_stat=0x34 bios_kbd_head=0x0038 bios_kbd_tail=0x0038 bios_kbd_buf0=0x2e63
[13:22:39] [info] dirty-rect block @flip=1300: total_calls=0 dirty_rects_avg=1 dirty_pct_x10=1000 forced_full=0 first_n_force=0 threshold_exceeded=0 dirty_path_taken=0 full_flush_taken=0
[13:22:39] [info] prev-frame-diff block @flip=1300: diff_calls=0 diff_rects_avg=0 diff_dirty_pct_x10=0 bbox_pct_x10=0 bbox_thresh_exceeded=0
[13:22:39] [info] flip-probe: flip #1310 ok=true present=3ms inter_flip_ms=31 drawcalls-since-flip=32 drawcalls-total=104126 fail-total=0 null-skips-total=0
[13:22:40] [info] flip-probe: flip #1320 ok=true present=4ms inter_flip_ms=38 drawcalls-since-flip=32 drawcalls-total=104446 fail-total=0 null-skips-total=0
[13:22:40] [info] backdrop cache: thrashing-detect engaged (streak=4, route=direct)
[13:22:40] [info] flip-probe: flip #1330 ok=true present=3ms inter_flip_ms=30 drawcalls-since-flip=34 drawcalls-total=104772 fail-total=0 null-skips-total=0
[13:22:40] [info] flip-probe: flip #1340 ok=true present=3ms inter_flip_ms=32 drawcalls-since-flip=36 drawcalls-total=105118 fail-total=0 null-skips-total=0
[13:22:41] [info] flip-probe: flip #1350 ok=true present=2ms inter_flip_ms=33 drawcalls-since-flip=33 drawcalls-total=105458 fail-total=0 null-skips-total=0
[13:22:41] [info] flip-probe: flip #1360 ok=true present=2ms inter_flip_ms=30 drawcalls-since-flip=32 drawcalls-total=105778 fail-total=0 null-skips-total=0
[13:22:41] [info] flip-probe: flip #1370 ok=true present=3ms inter_flip_ms=31 drawcalls-since-flip=32 drawcalls-total=106098 fail-total=0 null-skips-total=0
[13:22:42] [info] flip-probe: flip #1380 ok=true present=3ms inter_flip_ms=31 drawcalls-since-flip=32 drawcalls-total=106418 fail-total=0 null-skips-total=0
[13:22:42] [info] backdrop cache: thrashing-detect engaged (streak=64, route=direct)
[13:22:42] [info] flip-probe: flip #1390 ok=true present=3ms inter_flip_ms=164 drawcalls-since-flip=33 drawcalls-total=106739 fail-total=0 null-skips-total=0
[13:22:42] [info] tas: stall frame 169 ms -> contributing 1 tick (patch 0286)
[13:22:42] [info] flip-probe: flip #1400 ok=true present=3ms inter_flip_ms=30 drawcalls-since-flip=16 drawcalls-total=106968 fail-total=0 null-skips-total=0
[13:22:42] [info] alpha audit block 0: 2216 total drawcalls, 0 with alpha<255 (block pct_x10=0; global 0/99362 pct_x10=0); alpha-mod skipped: block=0 global=0
[13:22:42] [info] fastpath audit block 0: taken=2216 (idx8=2216) skipped=0 pct_x10=1000; global taken=99362 (idx8=99362) skipped=0 pct_x10=1000
[13:22:42] [info] primitive tally block 0: clear=200(hr=200) fill=0(hr=0) rect=0(hr=0) line=0(hr=0) tint=0 spotlight=0 (over 100 flips ending at flip 1400)
[13:22:42] [info] color/alpha audit block 0: cmod_white=846 cmod_black=846 (idx=846) cmod_general=0 (idx=0) cmod_fb=0; alpha_taken=0 alpha_skipped=0 (global cmod=7302/5760/693/0 idx=5760/693 alpha=0/0)
[13:22:42] [info] phase timing block 0: drawcalls=4133 dc_total_ms=643 flip_inner_total_ms=434 inter_flip_total_ms=3308 (per-flip avg x10: dc_ms=64 fi_ms=43 if_ms=330 derived audio+engine_ms=223; per-drawcall avg us_x10=1556) [direct-vesa: presents=100 total_ms=283 avg_ms_x10=28 failed=0] [ablation: NO_DC_TIMING=0 CACHE_WINSURF=0 DIRECT_VESA=1]
[13:22:42] [info] kbd/audio block 0: kbd_irq=0 kbd_drain=0 ring_chunks=16 pump_pass=2279 pic1_mask=0xb8 first_irq_ticks=0 install_ticks=0 vector_at_install=0x0083a028 pic1_mask_live=0x38 kbd_8042_stat=0x34 bios_kbd_head=0x0038 bios_kbd_tail=0x0038 bios_kbd_buf0=0x2e63
[13:22:42] [info] dirty-rect block @flip=1400: total_calls=0 dirty_rects_avg=1 dirty_pct_x10=1000 forced_full=0 first_n_force=0 threshold_exceeded=0 dirty_path_taken=0 full_flush_taken=0
[13:22:42] [info] prev-frame-diff block @flip=1400: diff_calls=0 diff_rects_avg=0 diff_dirty_pct_x10=0 bbox_pct_x10=0 bbox_thresh_exceeded=0
[13:22:43] [info] flip-probe: flip #1410 ok=true present=3ms inter_flip_ms=29 drawcalls-since-flip=17 drawcalls-total=107129 fail-total=0 null-skips-total=0
[13:22:43] [info] flip-probe: flip #1420 ok=true present=3ms inter_flip_ms=28 drawcalls-since-flip=17 drawcalls-total=107299 fail-total=0 null-skips-total=0
[13:22:43] [info] flip-probe: flip #1430 ok=true present=3ms inter_flip_ms=29 drawcalls-since-flip=18 drawcalls-total=107475 fail-total=0 null-skips-total=0
[13:22:44] [info] flip-probe: flip #1440 ok=true present=3ms inter_flip_ms=29 drawcalls-since-flip=18 drawcalls-total=107655 fail-total=0 null-skips-total=0
[13:22:44] [info] backdrop cache: thrashing-detect engaged (streak=124, route=direct)
[13:22:44] [info] flip-probe: flip #1450 ok=true present=3ms inter_flip_ms=30 drawcalls-since-flip=18 drawcalls-total=107835 fail-total=0 null-skips-total=0
[13:22:44] [info] tas: stall frame 251 ms -> contributing 1 tick (patch 0286)
[13:22:44] [info] flip-probe: flip #1460 ok=true present=3ms inter_flip_ms=30 drawcalls-since-flip=18 drawcalls-total=108015 fail-total=0 null-skips-total=0
[13:22:45] [info] flip-probe: flip #1470 ok=true present=2ms inter_flip_ms=29 drawcalls-since-flip=17 drawcalls-total=108191 fail-total=0 null-skips-total=0
[13:22:45] [info] flip-probe: flip #1480 ok=true present=2ms inter_flip_ms=29 drawcalls-since-flip=17 drawcalls-total=108361 fail-total=0 null-skips-total=0
[13:22:45] [info] run_tick_fixed #2400: heartbeat (loop alive)
[13:22:45] [info] flip-probe: flip #1490 ok=true present=3ms inter_flip_ms=28 drawcalls-since-flip=16 drawcalls-total=108525 fail-total=0 null-skips-total=0
[13:22:45] [info] flip-probe: flip #1500 ok=true present=3ms inter_flip_ms=28 drawcalls-since-flip=15 drawcalls-total=108680 fail-total=0 null-skips-total=0
[13:22:45] [info] alpha audit block 0: 1612 total drawcalls, 0 with alpha<255 (block pct_x10=0; global 0/100974 pct_x10=0); alpha-mod skipped: block=0 global=0
[13:22:46] [info] fastpath audit block 0: taken=1612 (idx8=1612) skipped=0 pct_x10=1000; global taken=100974 (idx8=100974) skipped=0 pct_x10=1000
[13:22:46] [info] primitive tally block 0: clear=200(hr=200) fill=0(hr=0) rect=0(hr=0) line=0(hr=0) tint=0 spotlight=0 (over 100 flips ending at flip 1500)
[13:22:46] [info] phase timing block 0: drawcalls=1812 dc_total_ms=457 flip_inner_total_ms=642 inter_flip_total_ms=3179 (per-flip avg x10: dc_ms=45 fi_ms=64 if_ms=317 derived audio+engine_ms=208; per-drawcall avg us_x10=2523) [direct-vesa: presents=100 total_ms=281 avg_ms_x10=28 failed=0] [ablation: NO_DC_TIMING=0 CACHE_WINSURF=0 DIRECT_VESA=1]
[13:22:46] [info] kbd/audio block 0: kbd_irq=0 kbd_drain=0 ring_chunks=16 pump_pass=2426 pic1_mask=0xb8 first_irq_ticks=0 install_ticks=0 vector_at_install=0x0083a028 pic1_mask_live=0x38 kbd_8042_stat=0x34 bios_kbd_head=0x0038 bios_kbd_tail=0x0038 bios_kbd_buf0=0x2e63
[13:22:46] [info] dirty-rect block @flip=1500: total_calls=0 dirty_rects_avg=1 dirty_pct_x10=1000 forced_full=0 first_n_force=0 threshold_exceeded=0 dirty_path_taken=0 full_flush_taken=0
[13:22:46] [info] prev-frame-diff block @flip=1500: diff_calls=0 diff_rects_avg=0 diff_dirty_pct_x10=0 bbox_pct_x10=0 bbox_thresh_exceeded=0
[13:22:46] [info] backdrop cache: thrashing-detect engaged (streak=184, route=direct)
[13:22:46] [info] flip-probe: flip #1510 ok=true present=2ms inter_flip_ms=29 drawcalls-since-flip=16 drawcalls-total=108831 fail-total=0 null-skips-total=0
[13:22:46] [info] flip-probe: flip #1520 ok=true present=3ms inter_flip_ms=30 drawcalls-since-flip=16 drawcalls-total=108995 fail-total=0 null-skips-total=0
[13:22:46] [info] flip-probe: flip #1530 ok=true present=3ms inter_flip_ms=37 drawcalls-since-flip=17 drawcalls-total=109164 fail-total=0 null-skips-total=0
[13:22:47] [info] flip-probe: flip #1540 ok=true present=2ms inter_flip_ms=30 drawcalls-since-flip=17 drawcalls-total=109334 fail-total=0 null-skips-total=0
[13:22:47] [info] flip-probe: flip #1550 ok=true present=3ms inter_flip_ms=29 drawcalls-since-flip=15 drawcalls-total=109495 fail-total=0 null-skips-total=0
[13:22:47] [info] flip-probe: flip #1560 ok=true present=3ms inter_flip_ms=28 drawcalls-since-flip=14 drawcalls-total=109638 fail-total=0 null-skips-total=0
[13:22:47] [info] backdrop cache: thrashing-detect engaged (streak=4, route=direct)
[13:22:48] [info] flip-probe: flip #1570 ok=true present=3ms inter_flip_ms=30 drawcalls-since-flip=15 drawcalls-total=109785 fail-total=0 null-skips-total=0
[13:22:48] [info] flip-probe: flip #1580 ok=true present=3ms inter_flip_ms=27 drawcalls-since-flip=15 drawcalls-total=109935 fail-total=0 null-skips-total=0
[13:22:48] [info] flip-probe: flip #1590 ok=true present=3ms inter_flip_ms=28 drawcalls-since-flip=14 drawcalls-total=110076 fail-total=0 null-skips-total=0
[13:22:49] [info] flip-probe: flip #1600 ok=true present=3ms inter_flip_ms=30 drawcalls-since-flip=14 drawcalls-total=110216 fail-total=0 null-skips-total=0
[13:22:49] [info] alpha audit block 0: 1436 total drawcalls, 0 with alpha<255 (block pct_x10=0; global 0/102410 pct_x10=0); alpha-mod skipped: block=0 global=0
[13:22:49] [info] fastpath audit block 0: taken=1436 (idx8=1436) skipped=0 pct_x10=1000; global taken=102410 (idx8=102410) skipped=0 pct_x10=1000
[13:22:49] [info] primitive tally block 0: clear=200(hr=200) fill=0(hr=0) rect=0(hr=0) line=0(hr=0) tint=0 spotlight=0 (over 100 flips ending at flip 1600)
[13:22:49] [info] phase timing block 0: drawcalls=1672 dc_total_ms=610 flip_inner_total_ms=427 inter_flip_total_ms=3065 (per-flip avg x10: dc_ms=61 fi_ms=42 if_ms=306 derived audio+engine_ms=203; per-drawcall avg us_x10=3650) [direct-vesa: presents=100 total_ms=280 avg_ms_x10=28 failed=0] [ablation: NO_DC_TIMING=0 CACHE_WINSURF=0 DIRECT_VESA=1]
[13:22:49] [info] kbd/audio block 0: kbd_irq=0 kbd_drain=0 ring_chunks=16 pump_pass=2579 pic1_mask=0xb8 first_irq_ticks=0 install_ticks=0 vector_at_install=0x0083a028 pic1_mask_live=0x38 kbd_8042_stat=0x34 bios_kbd_head=0x0038 bios_kbd_tail=0x0038 bios_kbd_buf0=0x2e63
[13:22:49] [info] dirty-rect block @flip=1600: total_calls=0 dirty_rects_avg=1 dirty_pct_x10=1000 forced_full=0 first_n_force=0 threshold_exceeded=0 dirty_path_taken=0 full_flush_taken=0
[13:22:49] [info] prev-frame-diff block @flip=1600: diff_calls=0 diff_rects_avg=0 diff_dirty_pct_x10=0 bbox_pct_x10=0 bbox_thresh_exceeded=0
[13:22:49] [info] flip-probe: flip #1610 ok=true present=3ms inter_flip_ms=30 drawcalls-since-flip=14 drawcalls-total=110356 fail-total=0 null-skips-total=0
[13:22:49] [info] flip-probe: flip #1620 ok=true present=3ms inter_flip_ms=30 drawcalls-since-flip=14 drawcalls-total=110496 fail-total=0 null-skips-total=0
[13:22:49] [info] backdrop cache: thrashing-detect engaged (streak=64, route=direct)
[13:22:49] [info] flip-probe: flip #1630 ok=true present=3ms inter_flip_ms=30 drawcalls-since-flip=14 drawcalls-total=110636 fail-total=0 null-skips-total=0
[13:22:50] [info] flip-probe: flip #1640 ok=true present=3ms inter_flip_ms=29 drawcalls-since-flip=14 drawcalls-total=110776 fail-total=0 null-skips-total=0
[13:22:50] [info] flip-probe: flip #1650 ok=true present=3ms inter_flip_ms=28 drawcalls-since-flip=14 drawcalls-total=110916 fail-total=0 null-skips-total=0
[13:22:50] [info] flip-probe: flip #1660 ok=true present=3ms inter_flip_ms=30 drawcalls-since-flip=14 drawcalls-total=111056 fail-total=0 null-skips-total=0
[13:22:51] [info] flip-probe: flip #1670 ok=true present=4ms inter_flip_ms=29 drawcalls-since-flip=14 drawcalls-total=111196 fail-total=0 null-skips-total=0
[13:22:51] [info] flip-probe: flip #1680 ok=true present=2ms inter_flip_ms=29 drawcalls-since-flip=14 drawcalls-total=111336 fail-total=0 null-skips-total=0
[13:22:51] [info] run_tick_fixed #2700: heartbeat (loop alive)
[13:22:51] [info] backdrop cache: thrashing-detect engaged (streak=124, route=direct)
[13:22:51] [info] flip-probe: flip #1690 ok=true present=3ms inter_flip_ms=41 drawcalls-since-flip=258 drawcalls-total=112520 fail-total=0 null-skips-total=0
[13:22:52] [info]  >> Entering stage 11: 'Mimiga Village'.
[13:22:52] [info] [skip-sheet-flush] cave=7
[13:22:52] [info] [load-stage] preloading entry music song=9 (cave=7)
[13:22:52] [info] gameloop: entered (curmap=11, running=1)
[13:22:52] [info] gameloop: iter 1 ticks=76484 mapno=-1
[13:22:52] [info] mds-clear-lut: rebuilt N=240 entries (k_skip=0% k_keep=100%; curmap=11 map_size=60x60; rebuild #5 since boot)
[13:22:52] [info] flip-probe: flip #1700 ok=true present=3ms inter_flip_ms=456 drawcalls-since-flip=331 drawcalls-total=115368 fail-total=0 null-skips-total=0
[13:22:52] [info] alpha audit block 0: 5039 total drawcalls, 0 with alpha<255 (block pct_x10=0; global 0/107449 pct_x10=0); alpha-mod skipped: block=0 global=0
[13:22:52] [info] fastpath audit block 0: taken=5039 (idx8=5039) skipped=0 pct_x10=1000; global taken=107449 (idx8=107449) skipped=0 pct_x10=1000
[13:22:52] [info] primitive tally block 0: clear=201(hr=201) fill=0(hr=0) rect=0(hr=0) line=0(hr=0) tint=0 spotlight=0 (over 100 flips ending at flip 1700)
[13:22:52] [info] color/alpha audit block 0: cmod_white=13 cmod_black=13 (idx=13) cmod_general=0 (idx=0) cmod_fb=0; alpha_taken=0 alpha_skipped=0 (global cmod=7315/5773/693/0 idx=5773/693 alpha=0/0)
[13:22:52] [info] phase timing block 0: drawcalls=5267 dc_total_ms=624 flip_inner_total_ms=430 inter_flip_total_ms=3566 (per-flip avg x10: dc_ms=62 fi_ms=43 if_ms=356 derived audio+engine_ms=251; per-drawcall avg us_x10=1186) [direct-vesa: presents=100 total_ms=281 avg_ms_x10=28 failed=0] [ablation: NO_DC_TIMING=0 CACHE_WINSURF=0 DIRECT_VESA=1]
[13:22:52] [info] kbd/audio block 0: kbd_irq=0 kbd_drain=0 ring_chunks=16 pump_pass=2735 pic1_mask=0xb8 first_irq_ticks=0 install_ticks=0 vector_at_install=0x0083a028 pic1_mask_live=0x38 kbd_8042_stat=0x34 bios_kbd_head=0x0038 bios_kbd_tail=0x0038 bios_kbd_buf0=0x2e63
[13:22:52] [info] dirty-rect block @flip=1700: total_calls=0 dirty_rects_avg=1 dirty_pct_x10=1000 forced_full=0 first_n_force=0 threshold_exceeded=0 dirty_path_taken=0 full_flush_taken=0
[13:22:52] [info] prev-frame-diff block @flip=1700: diff_calls=0 diff_rects_avg=0 diff_dirty_pct_x10=0 bbox_pct_x10=0 bbox_thresh_exceeded=0
[13:22:52] [info] gameloop: iter 2 ticks=76607 mapno=-1
[13:22:52] [info] gameloop: iter 3 ticks=76668 mapno=-1
[13:22:53] [info] flip-probe: flip #1710 ok=true present=3ms inter_flip_ms=36 drawcalls-since-flip=136 drawcalls-total=117988 fail-total=0 null-skips-total=0
[13:22:53] [info] flip-probe: flip #1720 ok=true present=3ms inter_flip_ms=32 drawcalls-since-flip=42 drawcalls-total=118503 fail-total=0 null-skips-total=0
[13:22:53] [info] flip-probe: flip #1730 ok=true present=3ms inter_flip_ms=29 drawcalls-since-flip=42 drawcalls-total=118923 fail-total=0 null-skips-total=0
[13:22:54] [info] flip-probe: flip #1740 ok=true present=3ms inter_flip_ms=32 drawcalls-since-flip=42 drawcalls-total=119343 fail-total=0 null-skips-total=0
[13:22:54] [info] flip-probe: flip #1750 ok=true present=3ms inter_flip_ms=30 drawcalls-since-flip=42 drawcalls-total=119763 fail-total=0 null-skips-total=0
[13:22:54] [info] flip-probe: flip #1760 ok=true present=3ms inter_flip_ms=32 drawcalls-since-flip=51 drawcalls-total=120278 fail-total=0 null-skips-total=0
[13:22:54] [info] backdrop cache: thrashing-detect engaged (streak=4, route=direct)
[13:22:55] [info] flip-probe: flip #1770 ok=true present=4ms inter_flip_ms=31 drawcalls-since-flip=50 drawcalls-total=120801 fail-total=0 null-skips-total=0
[13:22:55] [info] flip-probe: flip #1780 ok=true present=3ms inter_flip_ms=34 drawcalls-since-flip=44 drawcalls-total=121294 fail-total=0 null-skips-total=0
[13:22:55] [info] flip-probe: flip #1790 ok=true present=3ms inter_flip_ms=34 drawcalls-since-flip=47 drawcalls-total=121752 fail-total=0 null-skips-total=0
[13:22:56] [info] flip-probe: flip #1800 ok=true present=2ms inter_flip_ms=34 drawcalls-since-flip=43 drawcalls-total=122188 fail-total=0 null-skips-total=0
[13:22:56] [info] alpha audit block 0: 5420 total drawcalls, 0 with alpha<255 (block pct_x10=0; global 0/112869 pct_x10=0); alpha-mod skipped: block=0 global=0
[13:22:56] [info] fastpath audit block 0: taken=5420 (idx8=5420) skipped=0 pct_x10=1000; global taken=112869 (idx8=112869) skipped=0 pct_x10=1000
[13:22:56] [info] primitive tally block 0: clear=200(hr=200) fill=0(hr=0) rect=0(hr=0) line=0(hr=0) tint=0 spotlight=0 (over 100 flips ending at flip 1800)
[13:22:56] [info] color/alpha audit block 0: cmod_white=1300 cmod_black=1300 (idx=1300) cmod_general=0 (idx=0) cmod_fb=0; alpha_taken=0 alpha_skipped=0 (global cmod=8615/7073/693/0 idx=7073/693 alpha=0/0)
[13:22:56] [info] phase timing block 0: drawcalls=8284 dc_total_ms=1012 flip_inner_total_ms=654 inter_flip_total_ms=3449 (per-flip avg x10: dc_ms=101 fi_ms=65 if_ms=344 derived audio+engine_ms=178; per-drawcall avg us_x10=1222) [direct-vesa: presents=100 total_ms=284 avg_ms_x10=28 failed=0] [ablation: NO_DC_TIMING=0 CACHE_WINSURF=0 DIRECT_VESA=1]
[13:22:56] [info] kbd/audio block 0: kbd_irq=0 kbd_drain=0 ring_chunks=16 pump_pass=2909 pic1_mask=0xb8 first_irq_ticks=0 install_ticks=0 vector_at_install=0x0083a028 pic1_mask_live=0x38 kbd_8042_stat=0x34 bios_kbd_head=0x0038 bios_kbd_tail=0x0038 bios_kbd_buf0=0x2e63
[13:22:56] [info] dirty-rect block @flip=1800: total_calls=0 dirty_rects_avg=1 dirty_pct_x10=1000 forced_full=0 first_n_force=0 threshold_exceeded=0 dirty_path_taken=0 full_flush_taken=0
[13:22:56] [info] prev-frame-diff block @flip=1800: diff_calls=0 diff_rects_avg=0 diff_dirty_pct_x10=0 bbox_pct_x10=0 bbox_thresh_exceeded=0
[13:22:56] [info] tas: stall frame 303 ms -> contributing 1 tick (patch 0286)
[13:22:56] [info] flip-probe: flip #1810 ok=true present=3ms inter_flip_ms=29 drawcalls-since-flip=44 drawcalls-total=122621 fail-total=0 null-skips-total=0
[13:22:56] [info] flip-probe: flip #1820 ok=true present=3ms inter_flip_ms=30 drawcalls-since-flip=18 drawcalls-total=123030 fail-total=0 null-skips-total=0
[13:22:57] [info] backdrop cache: thrashing-detect engaged (streak=64, route=direct)
[13:22:57] [info] flip-probe: flip #1830 ok=true present=3ms inter_flip_ms=30 drawcalls-since-flip=20 drawcalls-total=123219 fail-total=0 null-skips-total=0
[13:22:57] [info] flip-probe: flip #1840 ok=true present=3ms inter_flip_ms=29 drawcalls-since-flip=19 drawcalls-total=123414 fail-total=0 null-skips-total=0
[13:22:57] [info] flip-probe: flip #1850 ok=true present=3ms inter_flip_ms=32 drawcalls-since-flip=19 drawcalls-total=123604 fail-total=0 null-skips-total=0
[13:22:58] [info] flip-probe: flip #1860 ok=true present=3ms inter_flip_ms=30 drawcalls-since-flip=19 drawcalls-total=123794 fail-total=0 null-skips-total=0
[13:22:58] [info] flip-probe: flip #1870 ok=true present=3ms inter_flip_ms=32 drawcalls-since-flip=19 drawcalls-total=123984 fail-total=0 null-skips-total=0
[13:22:58] [info] flip-probe: flip #1880 ok=true present=3ms inter_flip_ms=28 drawcalls-since-flip=19 drawcalls-total=124174 fail-total=0 null-skips-total=0
[13:22:58] [info] backdrop cache: thrashing-detect engaged (streak=124, route=direct)
[13:22:59] [info] flip-probe: flip #1890 ok=true present=3ms inter_flip_ms=32 drawcalls-since-flip=19 drawcalls-total=124364 fail-total=0 null-skips-total=0
[13:22:59] [info] flip-probe: flip #1900 ok=true present=3ms inter_flip_ms=31 drawcalls-since-flip=18 drawcalls-total=124550 fail-total=0 null-skips-total=0
[13:22:59] [info] alpha audit block 0: 2015 total drawcalls, 0 with alpha<255 (block pct_x10=0; global 0/114884 pct_x10=0); alpha-mod skipped: block=0 global=0
[13:22:59] [info] fastpath audit block 0: taken=2015 (idx8=2015) skipped=0 pct_x10=1000; global taken=114884 (idx8=114884) skipped=0 pct_x10=1000
[13:22:59] [info] primitive tally block 0: clear=200(hr=200) fill=0(hr=0) rect=0(hr=0) line=0(hr=0) tint=0 spotlight=0 (over 100 flips ending at flip 1900)
[13:22:59] [info] color/alpha audit block 0: cmod_white=247 cmod_black=247 (idx=247) cmod_general=0 (idx=0) cmod_fb=0; alpha_taken=0 alpha_skipped=0 (global cmod=8862/7320/693/0 idx=7320/693 alpha=0/0)
[13:22:59] [info] phase timing block 0: drawcalls=2709 dc_total_ms=510 flip_inner_total_ms=423 inter_flip_total_ms=3376 (per-flip avg x10: dc_ms=51 fi_ms=42 if_ms=337 derived audio+engine_ms=244; per-drawcall avg us_x10=1884) [direct-vesa: presents=100 total_ms=281 avg_ms_x10=28 failed=0] [ablation: NO_DC_TIMING=0 CACHE_WINSURF=0 DIRECT_VESA=1]
[13:22:59] [info] kbd/audio block 0: kbd_irq=0 kbd_drain=0 ring_chunks=16 pump_pass=3064 pic1_mask=0xb8 first_irq_ticks=0 install_ticks=0 vector_at_install=0x0083a028 pic1_mask_live=0x38 kbd_8042_stat=0x34 bios_kbd_head=0x0038 bios_kbd_tail=0x0038 bios_kbd_buf0=0x2e63
[13:22:59] [info] dirty-rect block @flip=1900: total_calls=0 dirty_rects_avg=1 dirty_pct_x10=1000 forced_full=0 first_n_force=0 threshold_exceeded=0 dirty_path_taken=0 full_flush_taken=0
[13:22:59] [info] prev-frame-diff block @flip=1900: diff_calls=0 diff_rects_avg=0 diff_dirty_pct_x10=0 bbox_pct_x10=0 bbox_thresh_exceeded=0
[13:22:59] [info] flip-probe: flip #1910 ok=true present=3ms inter_flip_ms=28 drawcalls-since-flip=18 drawcalls-total=124730 fail-total=0 null-skips-total=0
[13:23:00] [info] flip-probe: flip #1920 ok=true present=3ms inter_flip_ms=30 drawcalls-since-flip=18 drawcalls-total=124910 fail-total=0 null-skips-total=0
[13:23:00] [info] flip-probe: flip #1930 ok=true present=4ms inter_flip_ms=31 drawcalls-since-flip=17 drawcalls-total=125082 fail-total=0 null-skips-total=0
[13:23:00] [info] flip-probe: flip #1940 ok=true present=2ms inter_flip_ms=32 drawcalls-since-flip=17 drawcalls-total=125252 fail-total=0 null-skips-total=0
[13:23:00] [info] backdrop cache: thrashing-detect engaged (streak=184, route=direct)
[13:23:01] [info] flip-probe: flip #1950 ok=true present=3ms inter_flip_ms=27 drawcalls-since-flip=18 drawcalls-total=125429 fail-total=0 null-skips-total=0
[13:23:01] [info] flip-probe: flip #1960 ok=true present=2ms inter_flip_ms=29 drawcalls-since-flip=19 drawcalls-total=125616 fail-total=0 null-skips-total=0
[13:23:01] [info] flip-probe: flip #1970 ok=true present=3ms inter_flip_ms=30 drawcalls-since-flip=19 drawcalls-total=125806 fail-total=0 null-skips-total=0
[13:23:01] [info] flip-probe: flip #1980 ok=true present=2ms inter_flip_ms=30 drawcalls-since-flip=19 drawcalls-total=125996 fail-total=0 null-skips-total=0
[13:23:02] [info] flip-probe: flip #1990 ok=true present=3ms inter_flip_ms=28 drawcalls-since-flip=19 drawcalls-total=126186 fail-total=0 null-skips-total=0
[13:23:02] [info] flip-probe: flip #2000 ok=true present=3ms inter_flip_ms=35 drawcalls-since-flip=18 drawcalls-total=126366 fail-total=0 null-skips-total=0
[13:23:02] [info] alpha audit block 0: 1716 total drawcalls, 0 with alpha<255 (block pct_x10=0; global 0/116600 pct_x10=0); alpha-mod skipped: block=0 global=0
[13:23:02] [info] fastpath audit block 0: taken=1716 (idx8=1716) skipped=0 pct_x10=1000; global taken=116600 (idx8=116600) skipped=0 pct_x10=1000
[13:23:02] [info] primitive tally block 0: clear=200(hr=200) fill=0(hr=0) rect=0(hr=0) line=0(hr=0) tint=0 spotlight=0 (over 100 flips ending at flip 2000)
[13:23:02] [info] phase timing block 0: drawcalls=1916 dc_total_ms=492 flip_inner_total_ms=441 inter_flip_total_ms=3097 (per-flip avg x10: dc_ms=49 fi_ms=44 if_ms=309 derived audio+engine_ms=216; per-drawcall avg us_x10=2567) [direct-vesa: presents=100 total_ms=281 avg_ms_x10=28 failed=0] [ablation: NO_DC_TIMING=0 CACHE_WINSURF=0 DIRECT_VESA=1]
[13:23:02] [info] kbd/audio block 0: kbd_irq=0 kbd_drain=0 ring_chunks=16 pump_pass=3219 pic1_mask=0xb8 first_irq_ticks=0 install_ticks=0 vector_at_install=0x0083a028 pic1_mask_live=0x38 kbd_8042_stat=0x34 bios_kbd_head=0x0038 bios_kbd_tail=0x0038 bios_kbd_buf0=0x2e63
[13:23:02] [info] dirty-rect block @flip=2000: total_calls=0 dirty_rects_avg=1 dirty_pct_x10=1000 forced_full=0 first_n_force=0 threshold_exceeded=0 dirty_path_taken=0 full_flush_taken=0
[13:23:02] [info] prev-frame-diff block @flip=2000: diff_calls=0 diff_rects_avg=0 diff_dirty_pct_x10=0 bbox_pct_x10=0 bbox_thresh_exceeded=0
[13:23:02] [info] backdrop cache: thrashing-detect engaged (streak=244, route=direct)
[13:23:02] [info] flip-probe: flip #2010 ok=true present=3ms inter_flip_ms=31 drawcalls-since-flip=17 drawcalls-total=126539 fail-total=0 null-skips-total=0
[13:23:03] [info] flip-probe: flip #2020 ok=true present=3ms inter_flip_ms=31 drawcalls-since-flip=18 drawcalls-total=126715 fail-total=0 null-skips-total=0
[13:23:03] [info] flip-probe: flip #2030 ok=true present=4ms inter_flip_ms=29 drawcalls-since-flip=18 drawcalls-total=126895 fail-total=0 null-skips-total=0
[13:23:03] [info] flip-probe: flip #2040 ok=true present=3ms inter_flip_ms=30 drawcalls-since-flip=19 drawcalls-total=127079 fail-total=0 null-skips-total=0
[13:23:04] [info] flip-probe: flip #2050 ok=true present=3ms inter_flip_ms=30 drawcalls-since-flip=19 drawcalls-total=127269 fail-total=0 null-skips-total=0
[13:23:04] [info] flip-probe: flip #2060 ok=true present=3ms inter_flip_ms=32 drawcalls-since-flip=19 drawcalls-total=127459 fail-total=0 null-skips-total=0
[13:23:04] [info] backdrop cache: thrashing-detect engaged (streak=304, route=direct)
[13:23:04] [info] flip-probe: flip #2070 ok=true present=2ms inter_flip_ms=33 drawcalls-since-flip=19 drawcalls-total=127649 fail-total=0 null-skips-total=0
[13:23:05] [info] flip-probe: flip #2080 ok=true present=2ms inter_flip_ms=28 drawcalls-since-flip=20 drawcalls-total=127847 fail-total=0 null-skips-total=0
[13:23:05] [info] tas: stall frame 246 ms -> contributing 1 tick (patch 0286)
[13:23:05] [info] flip-probe: flip #2090 ok=true present=3ms inter_flip_ms=32 drawcalls-since-flip=20 drawcalls-total=128047 fail-total=0 null-skips-total=0
[13:23:05] [info] flip-probe: flip #2100 ok=true present=3ms inter_flip_ms=27 drawcalls-since-flip=20 drawcalls-total=128247 fail-total=0 null-skips-total=0
[13:23:05] [info] alpha audit block 0: 1781 total drawcalls, 0 with alpha<255 (block pct_x10=0; global 0/118381 pct_x10=0); alpha-mod skipped: block=0 global=0
[13:23:05] [info] fastpath audit block 0: taken=1781 (idx8=1781) skipped=0 pct_x10=1000; global taken=118381 (idx8=118381) skipped=0 pct_x10=1000
[13:23:05] [info] primitive tally block 0: clear=200(hr=200) fill=0(hr=0) rect=0(hr=0) line=0(hr=0) tint=0 spotlight=0 (over 100 flips ending at flip 2100)
[13:23:05] [info] phase timing block 0: drawcalls=1981 dc_total_ms=488 flip_inner_total_ms=635 inter_flip_total_ms=3333 (per-flip avg x10: dc_ms=48 fi_ms=63 if_ms=333 derived audio+engine_ms=222; per-drawcall avg us_x10=2466) [direct-vesa: presents=100 total_ms=283 avg_ms_x10=28 failed=0] [ablation: NO_DC_TIMING=0 CACHE_WINSURF=0 DIRECT_VESA=1]
[13:23:05] [info] kbd/audio block 0: kbd_irq=0 kbd_drain=0 ring_chunks=16 pump_pass=3374 pic1_mask=0xb8 first_irq_ticks=0 install_ticks=0 vector_at_install=0x0083a028 pic1_mask_live=0x38 kbd_8042_stat=0x34 bios_kbd_head=0x0038 bios_kbd_tail=0x0038 bios_kbd_buf0=0x2e63
[13:23:05] [info] dirty-rect block @flip=2100: total_calls=0 dirty_rects_avg=1 dirty_pct_x10=1000 forced_full=0 first_n_force=0 threshold_exceeded=0 dirty_path_taken=0 full_flush_taken=0
[13:23:05] [info] prev-frame-diff block @flip=2100: diff_calls=0 diff_rects_avg=0 diff_dirty_pct_x10=0 bbox_pct_x10=0 bbox_thresh_exceeded=0
[13:23:06] [info] flip-probe: flip #2110 ok=true present=3ms inter_flip_ms=30 drawcalls-since-flip=20 drawcalls-total=128447 fail-total=0 null-skips-total=0
[13:23:06] [info] flip-probe: flip #2120 ok=true present=3ms inter_flip_ms=27 drawcalls-since-flip=17 drawcalls-total=128623 fail-total=0 null-skips-total=0
[13:23:06] [info] backdrop cache: thrashing-detect engaged (streak=364, route=direct)
[13:23:06] [info] flip-probe: flip #2130 ok=true present=2ms inter_flip_ms=32 drawcalls-since-flip=17 drawcalls-total=128793 fail-total=0 null-skips-total=0
[13:23:07] [info] flip-probe: flip #2140 ok=true present=3ms inter_flip_ms=28 drawcalls-since-flip=17 drawcalls-total=128963 fail-total=0 null-skips-total=0
[13:23:07] [info] flip-probe: flip #2150 ok=true present=3ms inter_flip_ms=32 drawcalls-since-flip=18 drawcalls-total=129136 fail-total=0 null-skips-total=0
[13:23:07] [info] flip-probe: flip #2160 ok=true present=4ms inter_flip_ms=30 drawcalls-since-flip=18 drawcalls-total=129319 fail-total=0 null-skips-total=0
[13:23:08] [info] flip-probe: flip #2170 ok=true present=3ms inter_flip_ms=32 drawcalls-since-flip=17 drawcalls-total=129496 fail-total=0 null-skips-total=0
[13:23:08] [info] flip-probe: flip #2180 ok=true present=3ms inter_flip_ms=32 drawcalls-since-flip=17 drawcalls-total=129666 fail-total=0 null-skips-total=0
[13:23:08] [info] backdrop cache: thrashing-detect engaged (streak=424, route=direct)
[13:23:08] [info] flip-probe: flip #2190 ok=true present=3ms inter_flip_ms=31 drawcalls-since-flip=16 drawcalls-total=129826 fail-total=0 null-skips-total=0
[13:23:08] [info] flip-probe: flip #2200 ok=true present=3ms inter_flip_ms=30 drawcalls-since-flip=17 drawcalls-total=129993 fail-total=0 null-skips-total=0
[13:23:09] [info] alpha audit block 0: 1646 total drawcalls, 0 with alpha<255 (block pct_x10=0; global 0/120027 pct_x10=0); alpha-mod skipped: block=0 global=0
[13:23:09] [info] fastpath audit block 0: taken=1646 (idx8=1646) skipped=0 pct_x10=1000; global taken=120027 (idx8=120027) skipped=0 pct_x10=1000
[13:23:09] [info] primitive tally block 0: clear=200(hr=200) fill=0(hr=0) rect=0(hr=0) line=0(hr=0) tint=0 spotlight=0 (over 100 flips ending at flip 2200)
[13:23:09] [info] phase timing block 0: drawcalls=1846 dc_total_ms=489 flip_inner_total_ms=426 inter_flip_total_ms=3139 (per-flip avg x10: dc_ms=48 fi_ms=42 if_ms=313 derived audio+engine_ms=223; per-drawcall avg us_x10=2651) [direct-vesa: presents=100 total_ms=283 avg_ms_x10=28 failed=0] [ablation: NO_DC_TIMING=0 CACHE_WINSURF=0 DIRECT_VESA=1]
[13:23:09] [info] kbd/audio block 0: kbd_irq=0 kbd_drain=0 ring_chunks=16 pump_pass=3531 pic1_mask=0xb8 first_irq_ticks=0 install_ticks=0 vector_at_install=0x0083a028 pic1_mask_live=0x38 kbd_8042_stat=0x34 bios_kbd_head=0x0038 bios_kbd_tail=0x0038 bios_kbd_buf0=0x2e63
[13:23:09] [info] dirty-rect block @flip=2200: total_calls=0 dirty_rects_avg=1 dirty_pct_x10=1000 forced_full=0 first_n_force=0 threshold_exceeded=0 dirty_path_taken=0 full_flush_taken=0
[13:23:09] [info] prev-frame-diff block @flip=2200: diff_calls=0 diff_rects_avg=0 diff_dirty_pct_x10=0 bbox_pct_x10=0 bbox_thresh_exceeded=0
[13:23:09] [info] flip-probe: flip #2210 ok=true present=3ms inter_flip_ms=29 drawcalls-since-flip=18 drawcalls-total=130178 fail-total=0 null-skips-total=0
[13:23:09] [info] flip-probe: flip #2220 ok=true present=3ms inter_flip_ms=31 drawcalls-since-flip=20 drawcalls-total=130379 fail-total=0 null-skips-total=0
[13:23:10] [info] flip-probe: flip #2230 ok=true present=3ms inter_flip_ms=31 drawcalls-since-flip=18 drawcalls-total=130576 fail-total=0 null-skips-total=0
[13:23:10] [info] flip-probe: flip #2240 ok=true present=3ms inter_flip_ms=32 drawcalls-since-flip=47 drawcalls-total=130786 fail-total=0 null-skips-total=0
[13:23:10] [info] backdrop cache: thrashing-detect engaged (streak=484, route=direct)
[13:23:10] [info] flip-probe: flip #2250 ok=true present=3ms inter_flip_ms=54 drawcalls-since-flip=359 drawcalls-total=133620 fail-total=0 null-skips-total=0
[13:23:10] [info]  >> Entering stage 19: 'Assembly Hall'.
[13:23:10] [info] [skip-sheet-flush] cave=8
[13:23:11] [info] [load-stage] preloading entry music song=9 (cave=8)
[13:23:11] [info] gameloop: entered (curmap=19, running=1)
[13:23:11] [info] gameloop: iter 1 ticks=95443 mapno=-1
[13:23:11] [info] mds-clear-lut: rebuilt N=240 entries (k_skip=100% k_keep=0%; curmap=19 map_size=21x16; rebuild #6 since boot)
[13:23:11] [info] gameloop: iter 2 ticks=95514 mapno=-1
[13:23:11] [info] gameloop: iter 3 ticks=95577 mapno=-1
[13:23:11] [info] flip-probe: flip #2260 ok=true present=3ms inter_flip_ms=50 drawcalls-since-flip=439 drawcalls-total=137558 fail-total=0 null-skips-total=0
[13:23:12] [info] flip-probe: flip #2270 ok=true present=3ms inter_flip_ms=32 drawcalls-since-flip=122 drawcalls-total=139435 fail-total=0 null-skips-total=0
[13:23:12] [info] flip-probe: flip #2280 ok=true present=3ms inter_flip_ms=34 drawcalls-since-flip=122 drawcalls-total=140655 fail-total=0 null-skips-total=0
[13:23:12] [info] flip-probe: flip #2290 ok=true present=3ms inter_flip_ms=33 drawcalls-since-flip=122 drawcalls-total=141875 fail-total=0 null-skips-total=0
[13:23:13] [info] flip-probe: flip #2300 ok=true present=3ms inter_flip_ms=33 drawcalls-since-flip=122 drawcalls-total=143095 fail-total=0 null-skips-total=0
[13:23:13] [info] alpha audit block 0: 12438 total drawcalls, 0 with alpha<255 (block pct_x10=0; global 0/132465 pct_x10=0); alpha-mod skipped: block=0 global=0
[13:23:13] [info] fastpath audit block 0: taken=12438 (idx8=12438) skipped=0 pct_x10=1000; global taken=132465 (idx8=132465) skipped=0 pct_x10=1000
[13:23:13] [info] primitive tally block 0: clear=201(hr=201) fill=0(hr=0) rect=0(hr=0) line=0(hr=0) tint=0 spotlight=0 (over 100 flips ending at flip 2300)
[13:23:13] [info] color/alpha audit block 0: cmod_white=564 cmod_black=564 (idx=564) cmod_general=0 (idx=0) cmod_fb=0; alpha_taken=0 alpha_skipped=0 (global cmod=9426/7884/693/0 idx=7884/693 alpha=0/0)
[13:23:13] [info] phase timing block 0: drawcalls=13814 dc_total_ms=1036 flip_inner_total_ms=436 inter_flip_total_ms=4252 (per-flip avg x10: dc_ms=103 fi_ms=43 if_ms=425 derived audio+engine_ms=279; per-drawcall avg us_x10=750) [direct-vesa: presents=100 total_ms=281 avg_ms_x10=28 failed=0] [ablation: NO_DC_TIMING=0 CACHE_WINSURF=0 DIRECT_VESA=1]
[13:23:13] [info] kbd/audio block 0: kbd_irq=0 kbd_drain=0 ring_chunks=16 pump_pass=3715 pic1_mask=0xb8 first_irq_ticks=0 install_ticks=0 vector_at_install=0x0083a028 pic1_mask_live=0x38 kbd_8042_stat=0x34 bios_kbd_head=0x0038 bios_kbd_tail=0x0038 bios_kbd_buf0=0x2e63
[13:23:13] [info] dirty-rect block @flip=2300: total_calls=0 dirty_rects_avg=1 dirty_pct_x10=1000 forced_full=0 first_n_force=0 threshold_exceeded=0 dirty_path_taken=0 full_flush_taken=0
[13:23:13] [info] prev-frame-diff block @flip=2300: diff_calls=0 diff_rects_avg=0 diff_dirty_pct_x10=0 bbox_pct_x10=0 bbox_thresh_exceeded=0
[13:23:13] [info] flip-probe: flip #2310 ok=true present=3ms inter_flip_ms=33 drawcalls-since-flip=125 drawcalls-total=144340 fail-total=0 null-skips-total=0
[13:23:13] [info] flip-probe: flip #2320 ok=true present=3ms inter_flip_ms=33 drawcalls-since-flip=122 drawcalls-total=145571 fail-total=0 null-skips-total=0
[13:23:14] [info] flip-probe: flip #2330 ok=true present=3ms inter_flip_ms=32 drawcalls-since-flip=124 drawcalls-total=146803 fail-total=0 null-skips-total=0
[13:23:14] [info] flip-probe: flip #2340 ok=true present=3ms inter_flip_ms=33 drawcalls-since-flip=122 drawcalls-total=148030 fail-total=0 null-skips-total=0
[13:23:14] [info] flip-probe: flip #2350 ok=true present=2ms inter_flip_ms=32 drawcalls-since-flip=122 drawcalls-total=149250 fail-total=0 null-skips-total=0
[13:23:15] [info] flip-probe: flip #2360 ok=true present=3ms inter_flip_ms=33 drawcalls-since-flip=122 drawcalls-total=150470 fail-total=0 null-skips-total=0
[13:23:15] [info] flip-probe: flip #2370 ok=true present=3ms inter_flip_ms=31 drawcalls-since-flip=122 drawcalls-total=151690 fail-total=0 null-skips-total=0
[13:23:15] [info] flip-probe: flip #2380 ok=true present=3ms inter_flip_ms=31 drawcalls-since-flip=98 drawcalls-total=152742 fail-total=0 null-skips-total=0
[13:23:16] [info] flip-probe: flip #2390 ok=true present=2ms inter_flip_ms=39 drawcalls-since-flip=262 drawcalls-total=154086 fail-total=0 null-skips-total=0
[13:23:16] [info] flip-probe: flip #2400 ok=true present=3ms inter_flip_ms=32 drawcalls-since-flip=86 drawcalls-total=157950 fail-total=0 null-skips-total=0
[13:23:16] [info] alpha audit block 0: 13879 total drawcalls, 0 with alpha<255 (block pct_x10=0; global 0/146344 pct_x10=0); alpha-mod skipped: block=0 global=0
[13:23:16] [info] fastpath audit block 0: taken=13879 (idx8=13879) skipped=0 pct_x10=1000; global taken=146344 (idx8=146344) skipped=0 pct_x10=1000
[13:23:16] [info] primitive tally block 0: clear=201(hr=201) fill=0(hr=0) rect=0(hr=0) line=0(hr=0) tint=0 spotlight=0 (over 100 flips ending at flip 2400)
[13:23:17] [info] color/alpha audit block 0: cmod_white=876 cmod_black=876 (idx=876) cmod_general=0 (idx=0) cmod_fb=0; alpha_taken=0 alpha_skipped=0 (global cmod=10302/8760/693/0 idx=8760/693 alpha=0/0)
[13:23:17] [info] phase timing block 0: drawcalls=15932 dc_total_ms=1169 flip_inner_total_ms=652 inter_flip_total_ms=3502 (per-flip avg x10: dc_ms=116 fi_ms=65 if_ms=350 derived audio+engine_ms=169; per-drawcall avg us_x10=733) [direct-vesa: presents=100 total_ms=284 avg_ms_x10=28 failed=0] [ablation: NO_DC_TIMING=0 CACHE_WINSURF=0 DIRECT_VESA=1]
[13:23:17] [info] kbd/audio block 0: kbd_irq=0 kbd_drain=0 ring_chunks=16 pump_pass=3890 pic1_mask=0xb8 first_irq_ticks=0 install_ticks=0 vector_at_install=0x0083a028 pic1_mask_live=0x38 kbd_8042_stat=0x34 bios_kbd_head=0x0038 bios_kbd_tail=0x0038 bios_kbd_buf0=0x2e63
[13:23:17] [info] dirty-rect block @flip=2400: total_calls=0 dirty_rects_avg=1 dirty_pct_x10=1000 forced_full=0 first_n_force=0 threshold_exceeded=0 dirty_path_taken=0 full_flush_taken=0
[13:23:17] [info] prev-frame-diff block @flip=2400: diff_calls=0 diff_rects_avg=0 diff_dirty_pct_x10=0 bbox_pct_x10=0 bbox_thresh_exceeded=0
[13:23:17] [info] tas: stall frame 303 ms -> contributing 1 tick (patch 0286)
[13:23:17] [info]  >> Entering stage 11: 'Mimiga Village'.
[13:23:17] [info] [skip-sheet-flush] cave=9
[13:23:17] [info] [load-stage] preloading entry music song=9 (cave=9)
[13:23:17] [info] gameloop: entered (curmap=11, running=1)
[13:23:17] [info] gameloop: iter 1 ticks=101566 mapno=-1
[13:23:17] [info] mds-clear-lut: rebuilt N=240 entries (k_skip=0% k_keep=100%; curmap=11 map_size=60x60; rebuild #7 since boot)
[13:23:17] [info] gameloop: iter 2 ticks=101640 mapno=-1
[13:23:17] [info] gameloop: iter 3 ticks=101712 mapno=-1
[13:23:18] [info] flip-probe: flip #2410 ok=true present=3ms inter_flip_ms=40 drawcalls-since-flip=208 drawcalls-total=161160 fail-total=0 null-skips-total=0
[13:23:18] [info] backdrop cache: thrashing-detect engaged (streak=4, route=direct)
[13:23:18] [info] flip-probe: flip #2420 ok=true present=4ms inter_flip_ms=40 drawcalls-since-flip=45 drawcalls-total=161666 fail-total=0 null-skips-total=0
[13:23:18] [info] flip-probe: flip #2430 ok=true present=3ms inter_flip_ms=32 drawcalls-since-flip=46 drawcalls-total=162121 fail-total=0 null-skips-total=0
[13:23:19] [info] flip-probe: flip #2440 ok=true present=3ms inter_flip_ms=34 drawcalls-since-flip=43 drawcalls-total=162572 fail-total=0 null-skips-total=0
[13:23:19] [info] flip-probe: flip #2450 ok=true present=3ms inter_flip_ms=33 drawcalls-since-flip=43 drawcalls-total=162997 fail-total=0 null-skips-total=0
[13:23:19] [info] flip-probe: flip #2460 ok=true present=3ms inter_flip_ms=29 drawcalls-since-flip=43 drawcalls-total=163427 fail-total=0 null-skips-total=0
[13:23:20] [info] flip-probe: flip #2470 ok=true present=3ms inter_flip_ms=33 drawcalls-since-flip=45 drawcalls-total=163868 fail-total=0 null-skips-total=0
[13:23:20] [info] backdrop cache: thrashing-detect engaged (streak=64, route=direct)
[13:23:20] [info] flip-probe: flip #2480 ok=true present=3ms inter_flip_ms=40 drawcalls-since-flip=43 drawcalls-total=164309 fail-total=0 null-skips-total=0
[13:23:20] [info] flip-probe: flip #2490 ok=true present=3ms inter_flip_ms=31 drawcalls-since-flip=43 drawcalls-total=164739 fail-total=0 null-skips-total=0
[13:23:21] [info] flip-probe: flip #2500 ok=true present=3ms inter_flip_ms=33 drawcalls-since-flip=46 drawcalls-total=165187 fail-total=0 null-skips-total=0
[13:23:21] [info] alpha audit block 0: 5850 total drawcalls, 0 with alpha<255 (block pct_x10=0; global 0/152194 pct_x10=0); alpha-mod skipped: block=0 global=0
[13:23:21] [info] fastpath audit block 0: taken=5850 (idx8=5850) skipped=0 pct_x10=1000; global taken=152194 (idx8=152194) skipped=0 pct_x10=1000
[13:23:21] [info] primitive tally block 0: clear=201(hr=201) fill=0(hr=0) rect=0(hr=0) line=0(hr=0) tint=0 spotlight=0 (over 100 flips ending at flip 2500)
[13:23:21] [info] color/alpha audit block 0: cmod_white=1287 cmod_black=1287 (idx=1287) cmod_general=0 (idx=0) cmod_fb=0; alpha_taken=0 alpha_skipped=0 (global cmod=11589/10047/693/0 idx=10047/693 alpha=0/0)
[13:23:21] [info] phase timing block 0: drawcalls=8644 dc_total_ms=833 flip_inner_total_ms=436 inter_flip_total_ms=4392 (per-flip avg x10: dc_ms=83 fi_ms=43 if_ms=439 derived audio+engine_ms=313; per-drawcall avg us_x10=964) [direct-vesa: presents=100 total_ms=282 avg_ms_x10=28 failed=0] [ablation: NO_DC_TIMING=0 CACHE_WINSURF=0 DIRECT_VESA=1]
[13:23:21] [info] kbd/audio block 0: kbd_irq=0 kbd_drain=0 ring_chunks=16 pump_pass=4066 pic1_mask=0xb8 first_irq_ticks=0 install_ticks=0 vector_at_install=0x0083a028 pic1_mask_live=0x38 kbd_8042_stat=0x34 bios_kbd_head=0x0038 bios_kbd_tail=0x0038 bios_kbd_buf0=0x2e63
[13:23:21] [info] dirty-rect block @flip=2500: total_calls=0 dirty_rects_avg=1 dirty_pct_x10=1000 forced_full=0 first_n_force=0 threshold_exceeded=0 dirty_path_taken=0 full_flush_taken=0
[13:23:21] [info] prev-frame-diff block @flip=2500: diff_calls=0 diff_rects_avg=0 diff_dirty_pct_x10=0 bbox_pct_x10=0 bbox_thresh_exceeded=0
[13:23:21] [info] flip-probe: flip #2510 ok=true present=4ms inter_flip_ms=33 drawcalls-since-flip=45 drawcalls-total=165639 fail-total=0 null-skips-total=0
[13:23:21] [info] flip-probe: flip #2520 ok=true present=3ms inter_flip_ms=33 drawcalls-since-flip=44 drawcalls-total=166087 fail-total=0 null-skips-total=0
[13:23:22] [info] flip-probe: flip #2530 ok=true present=3ms inter_flip_ms=29 drawcalls-since-flip=18 drawcalls-total=166293 fail-total=0 null-skips-total=0
[13:23:22] [info] backdrop cache: thrashing-detect engaged (streak=124, route=direct)
[13:23:22] [info] flip-probe: flip #2540 ok=true present=3ms inter_flip_ms=37 drawcalls-since-flip=18 drawcalls-total=166473 fail-total=0 null-skips-total=0
[13:23:22] [info] flip-probe: flip #2550 ok=true present=3ms inter_flip_ms=30 drawcalls-since-flip=17 drawcalls-total=166647 fail-total=0 null-skips-total=0
[13:23:23] [info] flip-probe: flip #2560 ok=true present=3ms inter_flip_ms=29 drawcalls-since-flip=17 drawcalls-total=166817 fail-total=0 null-skips-total=0
[13:23:23] [info] flip-probe: flip #2570 ok=true present=3ms inter_flip_ms=29 drawcalls-since-flip=17 drawcalls-total=166987 fail-total=0 null-skips-total=0
[13:23:23] [info] flip-probe: flip #2580 ok=true present=3ms inter_flip_ms=30 drawcalls-since-flip=17 drawcalls-total=167157 fail-total=0 null-skips-total=0
[13:23:23] [info] run_tick_fixed #4200: heartbeat (loop alive)
[13:23:23] [info] flip-probe: flip #2590 ok=true present=3ms inter_flip_ms=31 drawcalls-since-flip=18 drawcalls-total=167337 fail-total=0 null-skips-total=0
[13:23:24] [info] backdrop cache: thrashing-detect engaged (streak=184, route=direct)
[13:23:24] [info] flip-probe: flip #2600 ok=true present=3ms inter_flip_ms=34 drawcalls-since-flip=18 drawcalls-total=167517 fail-total=0 null-skips-total=0
[13:23:24] [info] alpha audit block 0: 1957 total drawcalls, 0 with alpha<255 (block pct_x10=0; global 0/154151 pct_x10=0); alpha-mod skipped: block=0 global=0
[13:23:24] [info] fastpath audit block 0: taken=1957 (idx8=1957) skipped=0 pct_x10=1000; global taken=154151 (idx8=154151) skipped=0 pct_x10=1000
[13:23:24] [info] primitive tally block 0: clear=200(hr=200) fill=0(hr=0) rect=0(hr=0) line=0(hr=0) tint=0 spotlight=0 (over 100 flips ending at flip 2600)
[13:23:24] [info] color/alpha audit block 0: cmod_white=273 cmod_black=273 (idx=273) cmod_general=0 (idx=0) cmod_fb=0; alpha_taken=0 alpha_skipped=0 (global cmod=11862/10320/693/0 idx=10320/693 alpha=0/0)
[13:23:24] [info] phase timing block 0: drawcalls=2703 dc_total_ms=510 flip_inner_total_ms=429 inter_flip_total_ms=3110 (per-flip avg x10: dc_ms=51 fi_ms=42 if_ms=311 derived audio+engine_ms=218; per-drawcall avg us_x10=1889) [direct-vesa: presents=100 total_ms=282 avg_ms_x10=28 failed=0] [ablation: NO_DC_TIMING=0 CACHE_WINSURF=0 DIRECT_VESA=1]
[13:23:24] [info] kbd/audio block 0: kbd_irq=0 kbd_drain=0 ring_chunks=16 pump_pass=4221 pic1_mask=0xb8 first_irq_ticks=0 install_ticks=0 vector_at_install=0x0083a028 pic1_mask_live=0x38 kbd_8042_stat=0x34 bios_kbd_head=0x0038 bios_kbd_tail=0x0038 bios_kbd_buf0=0x2e63
[13:23:24] [info] dirty-rect block @flip=2600: total_calls=0 dirty_rects_avg=1 dirty_pct_x10=1000 forced_full=0 first_n_force=0 threshold_exceeded=0 dirty_path_taken=0 full_flush_taken=0
[13:23:24] [info] prev-frame-diff block @flip=2600: diff_calls=0 diff_rects_avg=0 diff_dirty_pct_x10=0 bbox_pct_x10=0 bbox_thresh_exceeded=0
[13:23:24] [info] flip-probe: flip #2610 ok=true present=2ms inter_flip_ms=32 drawcalls-since-flip=20 drawcalls-total=167711 fail-total=0 null-skips-total=0
[13:23:24] [info] flip-probe: flip #2620 ok=true present=3ms inter_flip_ms=33 drawcalls-since-flip=18 drawcalls-total=167896 fail-total=0 null-skips-total=0
[13:23:25] [info] flip-probe: flip #2630 ok=true present=3ms inter_flip_ms=30 drawcalls-since-flip=15 drawcalls-total=168053 fail-total=0 null-skips-total=0
[13:23:25] [info] flip-probe: flip #2640 ok=true present=3ms inter_flip_ms=30 drawcalls-since-flip=15 drawcalls-total=168203 fail-total=0 null-skips-total=0
[13:23:25] [info] flip-probe: flip #2650 ok=true present=3ms inter_flip_ms=44 drawcalls-since-flip=244 drawcalls-total=168926 fail-total=0 null-skips-total=0
[13:23:26] [info] tas: stall frame 265 ms -> contributing 1 tick (patch 0286)
[13:23:26] [info] backdrop cache: thrashing-detect engaged (streak=244, route=direct)
[13:23:26] [info] flip-probe: flip #2660 ok=true present=3ms inter_flip_ms=40 drawcalls-since-flip=4 drawcalls-total=172006 fail-total=0 null-skips-total=0
[13:23:26] [info]  >> Entering stage 14: 'Shack'.
[13:23:26] [info] [skip-sheet-flush] cave=10
[13:23:26] [info] [load-stage] preloading entry music song=8 (cave=10)
[13:23:27] [info] opl3 backend: on_song_stop
[13:23:27] [info] MidiScheduler::load: parsed 'data/orgmid2/vivi.mid' = 11188 events at 48 PPQ
[13:23:27] [info] opl3 backend: on_song_start
[13:23:27] [info] gameloop: entered (curmap=14, running=1)
[13:23:27] [info] gameloop: iter 1 ticks=111242 mapno=-1
[13:23:27] [info] gameloop: iter 2 ticks=111292 mapno=-1
[13:23:27] [info] gameloop: iter 3 ticks=111344 mapno=-1
[13:23:27] [info] flip-probe: flip #2670 ok=true present=3ms inter_flip_ms=38 drawcalls-since-flip=281 drawcalls-total=175520 fail-total=0 null-skips-total=0
[13:23:28] [info] flip-probe: flip #2680 ok=true present=2ms inter_flip_ms=23 drawcalls-since-flip=13 drawcalls-total=176242 fail-total=0 null-skips-total=0
[13:23:28] [info] flip-probe: flip #2690 ok=true present=3ms inter_flip_ms=23 drawcalls-since-flip=24 drawcalls-total=176471 fail-total=0 null-skips-total=0
[13:23:28] [info] flip-probe: flip #2700 ok=true present=3ms inter_flip_ms=23 drawcalls-since-flip=24 drawcalls-total=176711 fail-total=0 null-skips-total=0
[13:23:28] [info] alpha audit block 0: 8934 total drawcalls, 0 with alpha<255 (block pct_x10=0; global 0/163085 pct_x10=0); alpha-mod skipped: block=0 global=0
[13:23:28] [info] fastpath audit block 0: taken=8934 (idx8=8934) skipped=0 pct_x10=1000; global taken=163085 (idx8=163085) skipped=0 pct_x10=1000
[13:23:28] [info] primitive tally block 0: clear=201(hr=201) fill=0(hr=0) rect=0(hr=0) line=0(hr=0) tint=0 spotlight=0 (over 100 flips ending at flip 2700)
[13:23:28] [info] color/alpha audit block 0: cmod_white=200 cmod_black=200 (idx=200) cmod_general=0 (idx=0) cmod_fb=0; alpha_taken=0 alpha_skipped=0 (global cmod=12062/10520/693/0 idx=10520/693 alpha=0/0)
[13:23:28] [info] phase timing block 0: drawcalls=9535 dc_total_ms=804 flip_inner_total_ms=653 inter_flip_total_ms=4222 (per-flip avg x10: dc_ms=80 fi_ms=65 if_ms=422 derived audio+engine_ms=277; per-drawcall avg us_x10=843) [direct-vesa: presents=100 total_ms=284 avg_ms_x10=28 failed=0] [ablation: NO_DC_TIMING=0 CACHE_WINSURF=0 DIRECT_VESA=1]
[13:23:28] [info] kbd/audio block 0: kbd_irq=0 kbd_drain=0 ring_chunks=16 pump_pass=4384 pic1_mask=0xb8 first_irq_ticks=0 install_ticks=0 vector_at_install=0x0083a028 pic1_mask_live=0x38 kbd_8042_stat=0x34 bios_kbd_head=0x0038 bios_kbd_tail=0x0038 bios_kbd_buf0=0x2e63
[13:23:28] [info] dirty-rect block @flip=2700: total_calls=0 dirty_rects_avg=1 dirty_pct_x10=1000 forced_full=0 first_n_force=0 threshold_exceeded=0 dirty_path_taken=0 full_flush_taken=0
[13:23:28] [info] prev-frame-diff block @flip=2700: diff_calls=0 diff_rects_avg=0 diff_dirty_pct_x10=0 bbox_pct_x10=0 bbox_thresh_exceeded=0
[13:23:28] [info] flip-probe: flip #2710 ok=true present=3ms inter_flip_ms=23 drawcalls-since-flip=24 drawcalls-total=176951 fail-total=0 null-skips-total=0
[13:23:29] [info] flip-probe: flip #2720 ok=true present=3ms inter_flip_ms=23 drawcalls-since-flip=24 drawcalls-total=177191 fail-total=0 null-skips-total=0
[13:23:29] [info] flip-probe: flip #2730 ok=true present=3ms inter_flip_ms=24 drawcalls-since-flip=27 drawcalls-total=177454 fail-total=0 null-skips-total=0
[13:23:29] [info] flip-probe: flip #2740 ok=true present=3ms inter_flip_ms=25 drawcalls-since-flip=27 drawcalls-total=177728 fail-total=0 null-skips-total=0
[13:23:29] [info] flip-probe: flip #2750 ok=true present=3ms inter_flip_ms=23 drawcalls-since-flip=25 drawcalls-total=177984 fail-total=0 null-skips-total=0
[13:23:29] [info] flip-probe: flip #2760 ok=true present=2ms inter_flip_ms=24 drawcalls-since-flip=24 drawcalls-total=178224 fail-total=0 null-skips-total=0
[13:23:30] [info] flip-probe: flip #2770 ok=true present=3ms inter_flip_ms=23 drawcalls-since-flip=24 drawcalls-total=178464 fail-total=0 null-skips-total=0
[13:23:30] [info] flip-probe: flip #2780 ok=true present=3ms inter_flip_ms=23 drawcalls-since-flip=24 drawcalls-total=178704 fail-total=0 null-skips-total=0
[13:23:30] [info] flip-probe: flip #2790 ok=true present=3ms inter_flip_ms=22 drawcalls-since-flip=14 drawcalls-total=178844 fail-total=0 null-skips-total=0
[13:23:30] [info] run_tick_fixed #4500: heartbeat (loop alive)
[13:23:30] [info] flip-probe: flip #2800 ok=true present=3ms inter_flip_ms=23 drawcalls-since-flip=14 drawcalls-total=178984 fail-total=0 null-skips-total=0
[13:23:30] [info] alpha audit block 0: 1873 total drawcalls, 0 with alpha<255 (block pct_x10=0; global 0/164958 pct_x10=0); alpha-mod skipped: block=0 global=0
[13:23:30] [info] fastpath audit block 0: taken=1873 (idx8=1873) skipped=0 pct_x10=1000; global taken=164958 (idx8=164958) skipped=0 pct_x10=1000
[13:23:30] [info] primitive tally block 0: clear=200(hr=200) fill=0(hr=0) rect=0(hr=0) line=0(hr=0) tint=0 spotlight=0 (over 100 flips ending at flip 2800)
[13:23:30] [info] color/alpha audit block 0: cmod_white=400 cmod_black=400 (idx=400) cmod_general=0 (idx=0) cmod_fb=0; alpha_taken=0 alpha_skipped=0 (global cmod=12462/10920/693/0 idx=10920/693 alpha=0/0)
[13:23:30] [info] phase timing block 0: drawcalls=2873 dc_total_ms=502 flip_inner_total_ms=436 inter_flip_total_ms=2440 (per-flip avg x10: dc_ms=50 fi_ms=43 if_ms=244 derived audio+engine_ms=151; per-drawcall avg us_x10=1750) [direct-vesa: presents=100 total_ms=285 avg_ms_x10=28 failed=0] [ablation: NO_DC_TIMING=0 CACHE_WINSURF=0 DIRECT_VESA=1]
[13:23:30] [info] kbd/audio block 0: kbd_irq=0 kbd_drain=0 ring_chunks=16 pump_pass=4506 pic1_mask=0xb8 first_irq_ticks=0 install_ticks=0 vector_at_install=0x0083a028 pic1_mask_live=0x38 kbd_8042_stat=0x34 bios_kbd_head=0x0038 bios_kbd_tail=0x0038 bios_kbd_buf0=0x2e63
[13:23:30] [info] dirty-rect block @flip=2800: total_calls=0 dirty_rects_avg=1 dirty_pct_x10=1000 forced_full=0 first_n_force=0 threshold_exceeded=0 dirty_path_taken=0 full_flush_taken=0
[13:23:30] [info] prev-frame-diff block @flip=2800: diff_calls=0 diff_rects_avg=0 diff_dirty_pct_x10=0 bbox_pct_x10=0 bbox_thresh_exceeded=0
[13:23:31] [info] flip-probe: flip #2810 ok=true present=3ms inter_flip_ms=22 drawcalls-since-flip=14 drawcalls-total=179124 fail-total=0 null-skips-total=0
[13:23:31] [info] flip-probe: flip #2820 ok=true present=3ms inter_flip_ms=22 drawcalls-since-flip=14 drawcalls-total=179264 fail-total=0 null-skips-total=0
[13:23:31] [info] flip-probe: flip #2830 ok=true present=3ms inter_flip_ms=23 drawcalls-since-flip=14 drawcalls-total=179404 fail-total=0 null-skips-total=0
[13:23:31] [info] flip-probe: flip #2840 ok=true present=3ms inter_flip_ms=22 drawcalls-since-flip=14 drawcalls-total=179544 fail-total=0 null-skips-total=0
[13:23:32] [info] flip-probe: flip #2850 ok=true present=3ms inter_flip_ms=22 drawcalls-since-flip=14 drawcalls-total=179684 fail-total=0 null-skips-total=0
[13:23:32] [info] flip-probe: flip #2860 ok=true present=3ms inter_flip_ms=23 drawcalls-since-flip=14 drawcalls-total=179824 fail-total=0 null-skips-total=0
[13:23:32] [info] flip-probe: flip #2870 ok=true present=2ms inter_flip_ms=45 drawcalls-since-flip=355 drawcalls-total=182118 fail-total=0 null-skips-total=0
[13:23:32] [info]  >> Entering stage 11: 'Mimiga Village'.
[13:23:32] [info] [skip-sheet-flush] cave=11
[13:23:33] [info] [load-stage] preloading entry music song=9 (cave=11)
[13:23:33] [info] opl3 backend: on_song_stop
[13:23:33] [info] MidiScheduler::load: parsed 'data/orgmid2/mura.mid' = 7123 events at 48 PPQ
[13:23:33] [info] opl3 backend: on_song_start
[13:23:33] [info] gameloop: entered (curmap=11, running=1)
[13:23:33] [info] gameloop: iter 1 ticks=117472 mapno=-1
[13:23:33] [info] gameloop: iter 2 ticks=117540 mapno=-1
[13:23:33] [info] gameloop: iter 3 ticks=117601 mapno=-1
[13:23:33] [info] flip-probe: flip #2880 ok=true present=3ms inter_flip_ms=63 drawcalls-since-flip=382 drawcalls-total=185397 fail-total=0 null-skips-total=0
[13:23:33] [info] tas: stall frame 276 ms -> contributing 1 tick (patch 0286)
[13:23:34] [info] backdrop cache: thrashing-detect engaged (streak=4, route=direct)
[13:23:34] [info] flip-probe: flip #2890 ok=true present=3ms inter_flip_ms=31 drawcalls-since-flip=54 drawcalls-total=187885 fail-total=0 null-skips-total=0
[13:23:34] [info] flip-probe: flip #2900 ok=true present=2ms inter_flip_ms=34 drawcalls-since-flip=41 drawcalls-total=188266 fail-total=0 null-skips-total=0
[13:23:34] [info] alpha audit block 0: 8960 total drawcalls, 0 with alpha<255 (block pct_x10=0; global 0/173918 pct_x10=0); alpha-mod skipped: block=0 global=0
[13:23:34] [info] fastpath audit block 0: taken=8960 (idx8=8960) skipped=0 pct_x10=1000; global taken=173918 (idx8=173918) skipped=0 pct_x10=1000
[13:23:34] [info] primitive tally block 0: clear=201(hr=201) fill=0(hr=0) rect=0(hr=0) line=0(hr=0) tint=0 spotlight=0 (over 100 flips ending at flip 2900)
[13:23:34] [info] color/alpha audit block 0: cmod_white=299 cmod_black=299 (idx=299) cmod_general=0 (idx=0) cmod_fb=0; alpha_taken=0 alpha_skipped=0 (global cmod=12761/11219/693/0 idx=11219/693 alpha=0/0)
[13:23:34] [info] phase timing block 0: drawcalls=9766 dc_total_ms=838 flip_inner_total_ms=640 inter_flip_total_ms=3815 (per-flip avg x10: dc_ms=83 fi_ms=64 if_ms=381 derived audio+engine_ms=234; per-drawcall avg us_x10=859) [direct-vesa: presents=100 total_ms=282 avg_ms_x10=28 failed=0] [ablation: NO_DC_TIMING=0 CACHE_WINSURF=0 DIRECT_VESA=1]
[13:23:34] [info] kbd/audio block 0: kbd_irq=0 kbd_drain=0 ring_chunks=16 pump_pass=4656 pic1_mask=0xb8 first_irq_ticks=0 install_ticks=0 vector_at_install=0x0083a028 pic1_mask_live=0x38 kbd_8042_stat=0x34 bios_kbd_head=0x0038 bios_kbd_tail=0x0038 bios_kbd_buf0=0x2e63
[13:23:34] [info] dirty-rect block @flip=2900: total_calls=0 dirty_rects_avg=1 dirty_pct_x10=1000 forced_full=0 first_n_force=0 threshold_exceeded=0 dirty_path_taken=0 full_flush_taken=0
[13:23:34] [info] prev-frame-diff block @flip=2900: diff_calls=0 diff_rects_avg=0 diff_dirty_pct_x10=0 bbox_pct_x10=0 bbox_thresh_exceeded=0
[13:23:35] [info] flip-probe: flip #2910 ok=true present=3ms inter_flip_ms=30 drawcalls-since-flip=43 drawcalls-total=188688 fail-total=0 null-skips-total=0
[13:23:35] [info] flip-probe: flip #2920 ok=true present=3ms inter_flip_ms=30 drawcalls-since-flip=44 drawcalls-total=189126 fail-total=0 null-skips-total=0
[13:23:35] [info] flip-probe: flip #2930 ok=true present=3ms inter_flip_ms=30 drawcalls-since-flip=44 drawcalls-total=189566 fail-total=0 null-skips-total=0
[13:23:36] [info] flip-probe: flip #2940 ok=true present=3ms inter_flip_ms=33 drawcalls-since-flip=47 drawcalls-total=190030 fail-total=0 null-skips-total=0
[13:23:36] [info] backdrop cache: thrashing-detect engaged (streak=64, route=direct)
[13:23:36] [info] flip-probe: flip #2950 ok=true present=3ms inter_flip_ms=33 drawcalls-since-flip=44 drawcalls-total=190494 fail-total=0 null-skips-total=0
[13:23:36] [info] flip-probe: flip #2960 ok=true present=3ms inter_flip_ms=32 drawcalls-since-flip=43 drawcalls-total=190925 fail-total=0 null-skips-total=0
[13:23:37] [info] flip-probe: flip #2970 ok=true present=3ms inter_flip_ms=30 drawcalls-since-flip=43 drawcalls-total=191355 fail-total=0 null-skips-total=0
[13:23:37] [info] flip-probe: flip #2980 ok=true present=3ms inter_flip_ms=31 drawcalls-since-flip=46 drawcalls-total=191800 fail-total=0 null-skips-total=0
[13:23:37] [info] flip-probe: flip #2990 ok=true present=3ms inter_flip_ms=34 drawcalls-since-flip=45 drawcalls-total=192259 fail-total=0 null-skips-total=0
[13:23:38] [info] flip-probe: flip #3000 ok=true present=3ms inter_flip_ms=34 drawcalls-since-flip=19 drawcalls-total=192631 fail-total=0 null-skips-total=0
[13:23:38] [info] alpha audit block 0: 3004 total drawcalls, 0 with alpha<255 (block pct_x10=0; global 0/176922 pct_x10=0); alpha-mod skipped: block=0 global=0
[13:23:38] [info] fastpath audit block 0: taken=3004 (idx8=3004) skipped=0 pct_x10=1000; global taken=176922 (idx8=176922) skipped=0 pct_x10=1000
[13:23:38] [info] primitive tally block 0: clear=200(hr=200) fill=0(hr=0) rect=0(hr=0) line=0(hr=0) tint=0 spotlight=0 (over 100 flips ending at flip 3000)
[13:23:38] [info] color/alpha audit block 0: cmod_white=1261 cmod_black=1261 (idx=1261) cmod_general=0 (idx=0) cmod_fb=0; alpha_taken=0 alpha_skipped=0 (global cmod=14022/12480/693/0 idx=12480/693 alpha=0/0)
[13:23:38] [info] phase timing block 0: drawcalls=5726 dc_total_ms=607 flip_inner_total_ms=442 inter_flip_total_ms=3294 (per-flip avg x10: dc_ms=60 fi_ms=44 if_ms=329 derived audio+engine_ms=225; per-drawcall avg us_x10=1061) [direct-vesa: presents=100 total_ms=280 avg_ms_x10=28 failed=0] [ablation: NO_DC_TIMING=0 CACHE_WINSURF=0 DIRECT_VESA=1]
[13:23:38] [info] kbd/audio block 0: kbd_irq=0 kbd_drain=0 ring_chunks=16 pump_pass=4820 pic1_mask=0xb8 first_irq_ticks=0 install_ticks=0 vector_at_install=0x0083a028 pic1_mask_live=0x38 kbd_8042_stat=0x34 bios_kbd_head=0x0038 bios_kbd_tail=0x0038 bios_kbd_buf0=0x2e63
[13:23:38] [info] dirty-rect block @flip=3000: total_calls=0 dirty_rects_avg=1 dirty_pct_x10=1000 forced_full=0 first_n_force=0 threshold_exceeded=0 dirty_path_taken=0 full_flush_taken=0
[13:23:38] [info] prev-frame-diff block @flip=3000: diff_calls=0 diff_rects_avg=0 diff_dirty_pct_x10=0 bbox_pct_x10=0 bbox_thresh_exceeded=0
[13:23:38] [info] backdrop cache: thrashing-detect engaged (streak=124, route=direct)
[13:23:38] [info] flip-probe: flip #3010 ok=true present=3ms inter_flip_ms=32 drawcalls-since-flip=19 drawcalls-total=192821 fail-total=0 null-skips-total=0
[13:23:38] [info] flip-probe: flip #3020 ok=true present=3ms inter_flip_ms=30 drawcalls-since-flip=20 drawcalls-total=193014 fail-total=0 null-skips-total=0
[13:23:39] [info] flip-probe: flip #3030 ok=true present=3ms inter_flip_ms=33 drawcalls-since-flip=21 drawcalls-total=193220 fail-total=0 null-skips-total=0
[13:23:39] [info] flip-probe: flip #3040 ok=true present=3ms inter_flip_ms=40 drawcalls-since-flip=19 drawcalls-total=193419 fail-total=0 null-skips-total=0
[13:23:39] [info] backdrop cache: thrashing-detect engaged (streak=4, route=direct)
[13:23:39] [info] flip-probe: flip #3050 ok=true present=3ms inter_flip_ms=32 drawcalls-since-flip=18 drawcalls-total=193603 fail-total=0 null-skips-total=0
[13:23:40] [info] flip-probe: flip #3060 ok=true present=3ms inter_flip_ms=30 drawcalls-since-flip=18 drawcalls-total=193783 fail-total=0 null-skips-total=0
[13:23:40] [info] flip-probe: flip #3070 ok=true present=3ms inter_flip_ms=33 drawcalls-since-flip=19 drawcalls-total=193968 fail-total=0 null-skips-total=0
[13:23:40] [info] backdrop cache: thrashing-detect engaged (streak=4, route=direct)
[13:23:40] [info] flip-probe: flip #3080 ok=true present=2ms inter_flip_ms=33 drawcalls-since-flip=20 drawcalls-total=194161 fail-total=0 null-skips-total=0
[13:23:41] [info] flip-probe: flip #3090 ok=true present=2ms inter_flip_ms=34 drawcalls-since-flip=21 drawcalls-total=194364 fail-total=0 null-skips-total=0
[13:23:41] [info] flip-probe: flip #3100 ok=true present=3ms inter_flip_ms=30 drawcalls-since-flip=20 drawcalls-total=194572 fail-total=0 null-skips-total=0
[13:23:41] [info] alpha audit block 0: 1841 total drawcalls, 0 with alpha<255 (block pct_x10=0; global 0/178763 pct_x10=0); alpha-mod skipped: block=0 global=0
[13:23:41] [info] fastpath audit block 0: taken=1841 (idx8=1841) skipped=0 pct_x10=1000; global taken=178763 (idx8=178763) skipped=0 pct_x10=1000
[13:23:41] [info] primitive tally block 0: clear=200(hr=200) fill=0(hr=0) rect=0(hr=0) line=0(hr=0) tint=0 spotlight=0 (over 100 flips ending at flip 3100)
[13:23:41] [info] phase timing block 0: drawcalls=2051 dc_total_ms=543 flip_inner_total_ms=418 inter_flip_total_ms=3261 (per-flip avg x10: dc_ms=54 fi_ms=41 if_ms=326 derived audio+engine_ms=231; per-drawcall avg us_x10=2647) [direct-vesa: presents=100 total_ms=280 avg_ms_x10=28 failed=0] [ablation: NO_DC_TIMING=0 CACHE_WINSURF=0 DIRECT_VESA=1]
[13:23:41] [info] kbd/audio block 0: kbd_irq=0 kbd_drain=0 ring_chunks=16 pump_pass=4983 pic1_mask=0xb8 first_irq_ticks=0 install_ticks=0 vector_at_install=0x0083a028 pic1_mask_live=0x38 kbd_8042_stat=0x34 bios_kbd_head=0x0038 bios_kbd_tail=0x0038 bios_kbd_buf0=0x2e63
[13:23:41] [info] dirty-rect block @flip=3100: total_calls=0 dirty_rects_avg=1 dirty_pct_x10=1000 forced_full=0 first_n_force=0 threshold_exceeded=0 dirty_path_taken=0 full_flush_taken=0
[13:23:41] [info] prev-frame-diff block @flip=3100: diff_calls=0 diff_rects_avg=0 diff_dirty_pct_x10=0 bbox_pct_x10=0 bbox_thresh_exceeded=0
[13:23:41] [info] flip-probe: flip #3110 ok=true present=3ms inter_flip_ms=32 drawcalls-since-flip=19 drawcalls-total=194769 fail-total=0 null-skips-total=0
[13:23:42] [info] flip-probe: flip #3120 ok=true present=3ms inter_flip_ms=32 drawcalls-since-flip=19 drawcalls-total=194959 fail-total=0 null-skips-total=0
[13:23:42] [info] flip-probe: flip #3130 ok=true present=4ms inter_flip_ms=29 drawcalls-since-flip=19 drawcalls-total=195149 fail-total=0 null-skips-total=0
[13:23:42] [info] backdrop cache: thrashing-detect engaged (streak=64, route=direct)
[13:23:42] [info] flip-probe: flip #3140 ok=true present=3ms inter_flip_ms=30 drawcalls-since-flip=19 drawcalls-total=195339 fail-total=0 null-skips-total=0
[13:23:42] [info] flip-probe: flip #3150 ok=true present=3ms inter_flip_ms=32 drawcalls-since-flip=19 drawcalls-total=195529 fail-total=0 null-skips-total=0
[13:23:43] [info] flip-probe: flip #3160 ok=true present=3ms inter_flip_ms=30 drawcalls-since-flip=19 drawcalls-total=195719 fail-total=0 null-skips-total=0
[13:23:43] [info] flip-probe: flip #3170 ok=true present=3ms inter_flip_ms=33 drawcalls-since-flip=19 drawcalls-total=195909 fail-total=0 null-skips-total=0
[13:23:43] [info] run_tick_fixed #5100: heartbeat (loop alive)
[13:23:43] [info] flip-probe: flip #3180 ok=true present=3ms inter_flip_ms=32 drawcalls-since-flip=60 drawcalls-total=196222 fail-total=0 null-skips-total=0
[13:23:44] [info] flip-probe: flip #3190 ok=true present=3ms inter_flip_ms=32 drawcalls-since-flip=60 drawcalls-total=196822 fail-total=0 null-skips-total=0
[13:23:44] [info] backdrop cache: thrashing-detect engaged (streak=124, route=direct)
[13:23:44] [info] flip-probe: flip #3200 ok=true present=3ms inter_flip_ms=32 drawcalls-since-flip=60 drawcalls-total=197422 fail-total=0 null-skips-total=0
[13:23:44] [info] alpha audit block 0: 2750 total drawcalls, 0 with alpha<255 (block pct_x10=0; global 0/181513 pct_x10=0); alpha-mod skipped: block=0 global=0
[13:23:44] [info] fastpath audit block 0: taken=2750 (idx8=2750) skipped=0 pct_x10=1000; global taken=181513 (idx8=181513) skipped=0 pct_x10=1000
[13:23:44] [info] primitive tally block 0: clear=200(hr=200) fill=0(hr=0) rect=0(hr=0) line=0(hr=0) tint=23 spotlight=0 (over 100 flips ending at flip 3200)
[13:23:44] [info] color/alpha audit block 0: cmod_white=506 cmod_black=0 (idx=0) cmod_general=0 (idx=0) cmod_fb=0; alpha_taken=0 alpha_skipped=0 (global cmod=14528/12480/693/0 idx=12480/693 alpha=0/0)
[13:23:44] [info] phase timing block 0: drawcalls=3479 dc_total_ms=564 flip_inner_total_ms=440 inter_flip_total_ms=3206 (per-flip avg x10: dc_ms=56 fi_ms=44 if_ms=320 derived audio+engine_ms=220; per-drawcall avg us_x10=1621) [direct-vesa: presents=100 total_ms=281 avg_ms_x10=28 failed=0] [ablation: NO_DC_TIMING=0 CACHE_WINSURF=0 DIRECT_VESA=1]
[13:23:44] [info] kbd/audio block 0: kbd_irq=0 kbd_drain=0 ring_chunks=16 pump_pass=5129 pic1_mask=0xb8 first_irq_ticks=0 install_ticks=0 vector_at_install=0x0083a028 pic1_mask_live=0x38 kbd_8042_stat=0x34 bios_kbd_head=0x0038 bios_kbd_tail=0x0038 bios_kbd_buf0=0x2e63
[13:23:44] [info] dirty-rect block @flip=3200: total_calls=0 dirty_rects_avg=1 dirty_pct_x10=1000 forced_full=0 first_n_force=0 threshold_exceeded=0 dirty_path_taken=0 full_flush_taken=0
[13:23:44] [info] prev-frame-diff block @flip=3200: diff_calls=0 diff_rects_avg=0 diff_dirty_pct_x10=0 bbox_pct_x10=0 bbox_thresh_exceeded=0
[13:23:45] [info] flip-probe: flip #3210 ok=true present=3ms inter_flip_ms=32 drawcalls-since-flip=60 drawcalls-total=198022 fail-total=0 null-skips-total=0
[13:23:45] [info] tas: end-of-replay auto-exit at tick 5140 (recording exhausted; set DOSKUTSU_TAS_REPLAY_HOLD=1 to disable + observe steady-state past recording end)
[13:23:45] [info] Script engine shutdown.
[13:23:45] [info] opl3 backend: on_song_stop
[13:23:45] [info] opl3 backend: cleared reg 0xBD chip-wide latch (wub-wub mitigation per flush-instr WAVE-46 H6)
[13:23:45] [info] opl3 backend shutdown (all 18 voices KEY-OFF unconditionally; OPL2 mode restored; chip state safe for next process)
[13:23:45] [info] Sound system shutdown
[13:23:45] [info] Renderer::Close()
[13:23:45] [info] tas: replay file closed
[13:23:45] [info] [fps-true] flips=3211 render_s=126 fps_mean=25.4 (clock-independent: flips / seconds since the FIRST flip; use THIS for the fps matrix, not inter_flip medians, which are invalid in any cell running the PIT/IRQ-0 music pump)
[RUNMANIFEST-BEGIN]
schema_version=1
environment=realhw
binary_sha12=f8d446b4b0e0
wave_tag=GC4
scene=
env_block_sha=f79db382c6a7
started_utc=2026-11-18T06:25:25Z
duration_s=140
exit_code=0
fps_p50=NA
fps_p95=NA
audio_vital_status=NA
regime=NA
banner_required_hit=0
banner_required_total=0
banner_forbidden_hit=0
banner_optional_hit=0
critical_count=0
warn_count=0
[RUNMANIFEST-END]
[13:23:45] [info] [runmanifest-emit] schema=v1 env=realhw sha12=f8d446b4b0e0 dur=140s tag='GC4' scene='' env_sha=f79db382c6a7 (signals=0x4)
