Logger::init: wave-53 log level=INFO path='LOGS/5C4M.LOG'
[09:57:22] [info] config: loaded DOSKUTSU.CFG (3 keys)
[09:57:22] [info] [cpu-witness] vendor=GenuineIntel cpuid=1 family=4 model=3 stepping=5 mhz_est=50 fpu=1 class=486_slow (boot-time attestation of the running CPU; MHZ_486_LOOP_DIV=16400 mirrors SETUP)
[09:57:22] [info] tas: PRNG seed forced to 12345 via DOSKUTSU_TAS_PRNG_SEED
[09:57:22] [info] tas: auto-exit armed at tick 30000 via DOSKUTSU_TAS_AUTO_EXIT_TICK
[09:57:22] [info] tas: replay opened path='QA.TAS' header_seed=12345
[09:57:23] [info] data cache: DISABLED (default)
[09:57:23] [info] Joystick: skipped (default; set DOSKUTSU_USE_JOYSTICK=1 to enable -- skips SDL3-DOS gameport BIOS INT 15h polling, ~82 ms / flip on real HW)
[09:57:23] [info] Loading settings...
[09:57:23] [info] [input-bind] applied=0 invert_y=0 dos_axes=1
[09:57:23] [info] Renderer::initVideo: 8bpp mode requested via SDL_HINT_DOS_MAX_BPP=8 (wave 16); SDL3-DOS will pick the highest-bpp <= 8 mode at requested resolution
[09:57:23] [info] Renderer::initVideo: DOS resolution-label lock ENABLED (default)
[09:57:23] [info] center-oversized: ENGAGED surface=640x480 logical=320x240 offset=160,120 (backend offered no 320x240 mode; the game is centred 1:1 and the margins are cleared once; set SDL_HINT_DOSKUTSU_CENTER_OVERSIZED=0 to restore the scaled logical-presentation path)
[09:57:23] [info] Renderer::initVideo: using: software renderer
[09:57:27] [info] center-oversized: margins cleared for surface 640x480 around box at 160,120
[09:57:27] [info] Renderer::initVideo: dirty-rect tracking ENABLED (wave 15, default ON; set SDL_HINT_DOSKUTSU_DIRTY_RECTS=0 to disable)
[09:57:27] [info] Renderer::initVideo: ablation flags: NO_DC_TIMING=0 CACHE_WINSURF=0 NO_INPUT_POLL=0 DIRECT_VESA=1
[09:57:27] [info] Renderer::initVideo: direct-VESA hot path ENABLED (default since wave 20 patch 0088; bypasses SDL_RenderPresent / SDL_UpdateWindowSurface and writes via SDL/0034's PresentFull helper; R2 mitigation handled by SDL/0034 generation counter -- no per-N-flip heartbeat needed; set SDL_HINT_DOSKUTSU_DIRECT_VESA=0 to revert)
[09:57:27] [info] Renderer::initVideo: flip-phase instrumentation DISABLED (default; set SDL_HINT_DOSKUTSU_FLIP_INSTR=1 to opt in for wave-20 Lever A diagnostic)
[09:57:27] [info] Renderer::initVideo: asm opaque-span blit lever DISABLED (default; set SDL_HINT_DOSKUTSU_ASM_BLIT=1 to opt in -- wave-51 _blit_indexed colorkey-blit lever)
[09:57:27] [info] Renderer::initVideo: blit-decomp instrumentation DISABLED (default; set SDL_HINT_DOSKUTSU_BLIT_DECOMP=1 to opt in -- wave-51 _blit_indexed sub-decomp sizing)
[09:57:27] [info] Renderer::initVideo: mds-scroll-decomp instrumentation DISABLED (default; set SDL_HINT_DOSKUTSU_MDS_DECOMP=1 to opt in -- wave-52 mode_draw_scene scrolling-block decomp)
[09:57:27] [info] Renderer::initVideo: DOSVESA pump yield: skipped (default) (per-flip explicit SDL_Delay(0) yield is always on; set SDL_HINT_DOSKUTSU_FORCE_PUMP_YIELD=1 to restore old per-pump yield)
[09:57:27] [info] Renderer::initVideo: indexed-mode (8bpp) ENABLED -- master palette + 107 per-asset remap LUTs loaded (wave 16, default ON; set SDL_HINT_DOSKUTSU_PIXEL_FORMAT_8=0 to disable)
[09:57:27] [info] Renderer::initVideo: master palette attached to window surface (format=SDL_PIXELFORMAT_INDEX8, ncolors=256)
[09:57:27] [info] Renderer::initVideo: indexed-mode smoke: idx0=(0,0,0) OK idx255=(255,0,255) OK
[09:57:27] [info] Renderer::initVideo: indexed-mode smoke: paletteRemapFor('MyChar.pbm') = present
[09:57:28] [info] Surface::loadImage palmap-diag #1: 'data/Loading.pbm' fmt=SDL_PIXELFORMAT_ABGR8888 remap=HIT -> path=truecolor
[09:57:28] [info] drawcall drawSurface call 1: src=64x8 dst=64x8 at (128,112) took 1ms
[09:57:28] [info] Renderer: prev-frame diff DISABLED (default since wave 17.6; set SDL_HINT_DOSKUTSU_PREVFRAME_DIFF=1 to opt in)
[09:57:28] [info] flip-probe: renderer=software window_ptr=8825376 colorspace=301991328 window_size=640x480 framebuffer_pixels=640x480 logical_present=0x0 mode=0
[09:57:28] [info] flip-probe: first flip ok=true present=72ms inter_flip_ms=0 drawcalls-since-flip=1 drawcalls-total=1
[09:57:28] [info] Sound system init
[09:57:28] [info] Sound system: 4-state audio enable (#31) -- music=on sfx=on (MUSIC_OFF/AUDIO_BACKEND=none -> music-off; SFX_OFF/SFX_DEVICE=none -> sfx-off; both gates are dispatch-level, the device still opens; AUDIO_OFF=1 is the device-level both-off).
[09:57:28] [info] Sound system: Tier-2 audio config (default since wave 21 patch 0093; 11025 Hz, 1 channel, buffer pinned to 256 frames). Measured savings on g2k Pentium OverDrive 83 MHz (W21A): heavy-music scenes ~+11 fps vs Tier-1 baseline (measured -10 to -15 ms/flip post-0094 audio fix; W21A's pre-fix -26.6 ms figure was inflated by stereo-vs-mono playback bug, see patch 0094). Audio quality is reduced vs Tier-1 (mono, 11025 Hz, simple-average L+R downmix) but recognizable; user accepted the trade per direction 2026-05-05. Set SDL_HINT_DOSKUTSU_AUDIO_TIER2=0 to revert to Tier-1 22050 stereo (full Cave Story 2004 audio quality; trades fps for fidelity).
[09:57:28] [info] Sound system: SDL_HINT_AUDIO_DEVICE_SAMPLE_FRAMES=256
[09:57:28] [info] Pixtone IRQ rate-divider: handed master_rate=11025 int16/s (SAMPLE_RATE=11025 x AUDIO_CHANNELS=1) to SDL for auto-RATEDIV (SDL/0074 computes shift_div from the resolved device freq).
[09:57:28] [info] Sound system: device frame-rate: requesting 11025 Hz match to master (SDL_DOSAudioSetDeviceFrameRate; SB16 opens at the engine frame rate instead of SDL's 44100 floor -- 4x less PCM/s + no resampler on the Organya/Pixtone path; killswitch SDL_HINT_DOSKUTSU_DOS_AUDIO_DEVICE_RATE_DEFAULT=0).
[09:57:28] [info] audio backend: opl3 (Phase 10 Stage 4 -- concrete OPL3 FM synthesis backend via SDL/0037+ OPL3 helpers; MidiScheduler routes music dispatch through 18 x 2-op voice allocator + small inline patch bank). SoundManager::init will probe OPL3 via Adlib timer-1 sequence + fall back to organya gracefully if the chip is absent. Pixtone SFX still active on SB16 DAC.
[09:57:28] [info] wave-13.6.1: ring_chunks=16 FORCE_PUMP_YIELD=off (set SDL_HINT_DOSKUTSU_AUDIO_RING_CHUNKS=4|8|16 to override; default 16 matches wave 13.6 behaviour)
[09:57:28] [info] MidiScheduler: MIDI source = 'orgmid2' (native-GM org2mid set; resolves to data/orgmid2/<name>.mid).
[09:57:28] [info] opl3 backend probing for OPL3 chip (Adlib timer-1 sequence)...
[09:57:28] [info] opl3 backend: opl3bank.dat loaded 128 programs from 'data/opl3bank.dat' (v1; 1536 bytes payload). Per-program GM patches now use the runtime bank; programs >= 128 fall back to 8-patch family bucket. Drum channel (MIDI ch 9) unchanged (uses PATCH_DRUM regardless of bank loading).
[09:57:28] [info] opl3 backend ready (OPL3 detected via Adlib timer-1; InitChip applied 18 x 2-op layout; voice allocator armed). Patch bank state: runtime opl3bank.dat ACTIVE (loaded_count=128; programs >= loaded_count fall back to 8-patch placeholder covering GM family categories piano/mallet/organ/guitar/strings/brass/reed/pad). Phase 10.5 path: ship a fuller community bank as data/opl3bank.dat (DOPL3v1 format; 12-byte SBI records per GM program; loader at MidiBackendOpl3 ctor).
[09:57:28] [info] opl3 backend: PATCH_ORGAN + PATCH_MALLET RR=8 (medium release; wub-wub fix per patch 0171; was RR=0 in slot 0103 placeholder -- KEY-OFF couldn't silence; H6 reg 0xBD wave-47 falsified; H1+H5/RR=0 byte-level bug root per WAVE-46/47 analysis)
[09:57:28] [info] Sound system: MidiScheduler armed with MidiBackendOpl3 (patch 0103 Phase 10 Stage 4). Music dispatch routes via SMF parser + 18 x 2-op OPL3 voice allocator + small inline patch bank (community-sourced from Apogee Sound System / AdLib SBI public-domain refs). Pixtone SFX still active on SB16 DAC.
[09:57:28] [info] Sound system: idle-pause skipped (default OFF since patch 0119; backend=opl3 would qualify but operator did not opt-in via SDL_HINT_DOSKUTSU_IDLE_PAUSE=1). DSP stays in continuous-stream mode. Re-enable for an A/B iter once SDL/0037 ForcePause non-engagement is rooted out (task #17).
[09:57:28] [warn] Music dir Ogg/ doesn't exist
[09:57:28] [warn] Music dir Ogg11/ doesn't exist
[09:57:28] [warn] Music dir Ogg17/ doesn't exist
[09:57:28] [warn] Music dir Ogg_ridic/ doesn't exist
[09:57:28] [info] Loading Sound FX...
[09:57:29] [info] [pxt-cache] init(): HIT (loaded cache; render skipped)
[09:57:40] [info] Organya init...
[09:57:42] [info] Organya init done
[09:57:58] [info] gus SFX gain [nx0259]: 70% (SDL_HINT_DOSKUTSU_GUS_SFX_GAIN; scales the GF1 SFX voice volume to balance against velocity/CC-scaled GUS music; default 70, clamp 0..150).
[09:57:58] [info] pixtone IRQ-mix: ENABLED (default; SDL backend engaged; set SDL_HINT_DOSKUTSU_PIXTONE_IRQ_MIX=0 to disable)
[09:57:58] [info] Pixtone::setVolume: L3 active -- mid-play SFX volume updates are no-op in v1 (v2 candidate: SDL_DOSPixtoneSetGain API). gain_x256=256 stored for subsequent SDL_DOSPixtoneStart calls; currently-playing L3 channels unaffected.
[09:57:58] [info] midi ISR tick: engine registered tick_isr callback (L2b active; default ON; set SDL_HINT_DOSKUTSU_MIDI_ISR_TICK=0 to disable)
[09:57:58] [info] menu slide-in fixed-timestep: ENABLED (default; slide advances at 50 Hz logic rate)
[09:57:58] [info] Reading npc.tbl...
[09:57:58] [info] Loading tilekey.dat.
[09:57:58] [info] Script engine init.
[09:57:59] [info] Entering main loop...
[09:57:59] [info] audio mid-gap pump: DISABLED (default)
[09:57:59] [info] TAS fixed-timestep guard: ENABLED (default) (patch 0280; load_stage wall-clock kept out of the FT accumulator so TAS replay advances at a true 50 Hz; set SDL_HINT_DOSKUTSU_TAS_FT_GUARD=0 to disable)
[09:57:59] [info] load_stage ring+DMA silence flush: ENABLED (default) (set SDL_HINT_DOSKUTSU_LOADSTAGE_SILENCE=0 to disable)
[09:57:59] [info] load-band audio-underrun probe: DISABLED (default) (opt-in SDL_HINT_DOSKUTSU_LOADBAND_STAT=1)
[09:57:59] [info]  >> Entering stage 72: 'u'.
[09:57:59] [info] skip sheet flush: ENABLED (default) (SFXPAUSE-012 SHIPPED FIX; sprite sheets stay resident across caves so no per-cave re-decode -> no fire-frame pause; map_flush_graphics tilemap cache still flushes; set SDL_HINT_DOSKUTSU_SKIP_SHEET_FLUSH=0 to restore the old per-cave flush)
[09:57:59] [info] [skip-sheet-flush] cave=1
[09:57:59] [info] eager action sheets: ENABLED (default) (first-fire hitch fix: pre-loads the weapon bullet + hit/muzzle/trail caret sheets at stage load so the first fire/impact does not lazy-decode mid-gameplay; set SDL_HINT_DOSKUTSU_EAGER_ACTION_SHEETS=0 to restore lazy load)
[09:57:59] [info] Surface::loadImage palmap-diag #2: 'data/Bullet.pbm' fmt=SDL_PIXELFORMAT_ABGR8888 remap=HIT -> path=truecolor
[09:57:59] [info] Surface::loadImage palmap-diag #3: 'data/Arms.pbm' fmt=SDL_PIXELFORMAT_ABGR8888 remap=HIT -> path=truecolor
[09:58:00] [info] Surface::loadImage palmap-diag #4: 'data/Caret.pbm' fmt=SDL_PIXELFORMAT_ABGR8888 remap=HIT -> path=truecolor
[09:58:00] [info] Surface::loadImage palmap-diag #5: 'data/Npc/NpcSym.pbm' fmt=SDL_PIXELFORMAT_ABGR8888 remap=HIT -> path=truecolor
[09:58:00] [info] [eager-action-sheets] cave=1 sheets=4 wall_ms=1638
[09:58:01] [info] Surface::loadImage palmap-diag #6: 'data/Stage/PrtWhite.pbm' fmt=SDL_PIXELFORMAT_ABGR8888 remap=HIT -> path=truecolor
[09:58:01] [info] load_stage: entry-music preload ENABLED (default) (set SDL_HINT_DOSKUTSU_PRELOAD_STAGE_MUSIC=0 to disable)
[09:58:01] [info] Surface::loadImage palmap-diag #7: 'data/bk0.pbm' fmt=SDL_PIXELFORMAT_ABGR8888 remap=HIT -> path=truecolor
[09:58:01] [info] gameloop: entered (curmap=72, running=1)
[09:58:01] [info] gameloop: iter 1 ticks=38929 mapno=-1
[09:58:01] [info] fixed-timestep: ENABLED (default; logic 50 Hz, decoupled from render)
[09:58:01] [info] map: BG skip-when-unchanged DISABLED (default) (set SDL_HINT_DOSKUTSU_BG_SKIP_WHEN_UNCHANGED=1 to enable; default OFF since wave-61 -- abandoned, it shipped a backdrop-black flicker and its +0.87 fps was below the noise floor)
[09:58:01] [info] map: skip-redundant-clear lever ENABLED (default since wave-53 promotion)
[09:58:01] [info] perf-mode: level=0 (faithful (default))
[09:58:01] [info] Surface::loadImage palmap-diag #8: 'data/Npc/NpcKings.pbm' fmt=SDL_PIXELFORMAT_ABGR8888 remap=HIT -> path=truecolor
[09:58:02] [info] drawcall drawSurface call 2: src=48x48 dst=48x48 at (64,79) took 0ms
[09:58:02] [info] drawcall drawSurface call 3: src=48x48 dst=48x48 at (192,76) took 0ms
[09:58:02] [info] drawcall drawSurface call 4: src=16x16 dst=16x16 at (152,158) took 0ms
[09:58:02] [info] drawcall drawSurface call 5: src=16x31 dst=16x31 at (100,152) took 0ms
[09:58:02] [info] drawcall drawSurface call 6: src=7x8 dst=7x8 at (151,168) took 0ms
[09:58:02] [info] audio tick-boundary pump: DISABLED (default)
[09:58:02] [info] gameloop: iter 2 ticks=39688 mapno=-1
[09:58:02] [info] drawcall drawSurface call 7: src=48x48 dst=48x48 at (64,79) took 0ms
[09:58:02] [info] drawcall drawSurface call 8: src=48x48 dst=48x48 at (192,76) took 0ms
[09:58:02] [info] drawcall drawSurface call 9: src=16x16 dst=16x16 at (152,158) took 0ms
[09:58:02] [info] drawcall drawSurface call 10: src=16x31 dst=16x31 at (100,152) took 0ms
[09:58:02] [info] gameloop: iter 3 ticks=40033 mapno=-1
[09:58:03] [info] center-oversized: flush rect=320x240@160,120 bytes=76800 (surface would be 640x480 bytes=307200); partial path, direct-VESA stood down (it presents full-surface only)
[09:58:04] [info] flip-probe: flip #10 ok=true present=13ms inter_flip_ms=284 drawcalls-since-flip=6 drawcalls-total=43 fail-total=0 null-skips-total=0
[09:58:07] [info] flip-probe: flip #20 ok=true present=8ms inter_flip_ms=281 drawcalls-since-flip=4 drawcalls-total=92 fail-total=0 null-skips-total=0
[09:58:11] [info] drawcall drawSurface call 1000: src=16x16 dst=16x16 at (0,47) took 0ms
[09:58:15] [info] drawcall drawSurface call 2000: src=16x16 dst=16x16 at (80,31) took 0ms
[09:58:19] [info] flip-probe: flip #30 ok=true present=1259ms inter_flip_ms=1514 drawcalls-since-flip=326 drawcalls-total=2707 fail-total=0 null-skips-total=0
[09:58:19] [info] drawcall drawSurface call 3000: src=16x16 dst=16x16 at (128,15) took 0ms
[09:58:25] [info] drawcall drawSurface call 4000: src=16x16 dst=16x16 at (176,-1) took 0ms
[09:58:32] [info] drawcall drawSurface call 5000: src=16x16 dst=16x16 at (160,223) took 1ms
[09:58:38] [info] flip-probe: flip #40 ok=true present=1439ms inter_flip_ms=1851 drawcalls-since-flip=264 drawcalls-total=5837 fail-total=0 null-skips-total=0
[09:58:38] [info] drawcall drawSurface call 6000: src=16x16 dst=16x16 at (256,63) took 0ms
[09:58:45] [info] drawcall drawSurface call 7000: src=16x16 dst=16x16 at (128,-1) took 0ms
[09:58:49] [info] flip-probe: flip #50 ok=true present=228ms inter_flip_ms=612 drawcalls-since-flip=67 drawcalls-total=7392 fail-total=0 null-skips-total=0
[09:58:51] [info] flip-probe: flip #60 ok=true present=5ms inter_flip_ms=277 drawcalls-since-flip=4 drawcalls-total=7502 fail-total=0 null-skips-total=0
[09:58:54] [info] flip-probe: flip #70 ok=true present=9ms inter_flip_ms=287 drawcalls-since-flip=6 drawcalls-total=7557 fail-total=0 null-skips-total=0
[09:58:56] [info] flip-probe: flip #80 ok=true present=10ms inter_flip_ms=21 drawcalls-since-flip=0 drawcalls-total=7586 fail-total=0 null-skips-total=0
[09:58:56] [info] flip-probe: flip #90 ok=true present=10ms inter_flip_ms=20 drawcalls-since-flip=0 drawcalls-total=7586 fail-total=0 null-skips-total=0
[09:58:56] [info] title: eager-title-IO phase tag ENABLED (default) (set SDL_HINT_DOSKUTSU_EAGER_TITLE_IO=0 to disable)
[09:58:56] [info] [music-dispatch] tick=95 song=24 (prev 0)
[09:58:57] [info] MidiScheduler::load: parsed 'data/orgmid2/curly.mid' = 11294 events at 48 PPQ
[09:58:57] [info] opl3 backend: on_song_start
[09:58:57] [info] gameloop: entered (curmap=1005, running=1)
[09:58:57] [info] gameloop: iter 1 ticks=94916 mapno=-1
[09:58:57] [info] map: backdrop cache ENABLED (default) (set SDL_HINT_DOSKUTSU_BACKDROP_CACHE=0 to disable)
[09:58:59] [info] gameloop: iter 2 ticks=96633 mapno=-1
[09:59:00] [info] gameloop: iter 3 ticks=97635 mapno=-1
[09:59:01] [info] backdrop cache: thrashing-detect engaged (streak=4, route=direct)
[09:59:02] [info] flip-probe: flip #100 ok=true present=966ms inter_flip_ms=981 drawcalls-since-flip=75 drawcalls-total=7886 fail-total=0 null-skips-total=0
[09:59:02] [info] drawcall tally block 1: drawcalls=7798 total_ms=649 avg_ms_x10=0 (over 100 flips ending at flip 100)
[09:59:02] [info] alpha audit block 1: 7798 total drawcalls, 0 with alpha<255 (block pct_x10=0; global 0/7798 pct_x10=0); alpha-mod skipped: block=7882 global=7882
[09:59:02] [info] fastpath audit block 1: taken=0 (idx8=0) skipped=7798 pct_x10=0; global taken=0 (idx8=0) skipped=7798 pct_x10=0
[09:59:02] [info] primitive tally block 1: clear=220(hr=0) fill=0(hr=0) rect=0(hr=0) line=0(hr=0) tint=0 spotlight=0 (over 100 flips ending at flip 100)
[09:59:02] [info] slowpath reason block 1: alpha=0 format=0 windim=7798 null_src=0 other=0 (of 7798 total drawSurface slow-path)
[09:59:02] [info] color/alpha audit block 1: cmod_white=104 cmod_black=0 (idx=0) cmod_general=0 (idx=0) cmod_fb=84; alpha_taken=0 alpha_skipped=0 (global cmod=104/0/0/84 idx=0/0 alpha=0/0)
[09:59:02] [info] phase timing block 1: drawcalls=8209 dc_total_ms=1502 flip_inner_total_ms=36335 inter_flip_total_ms=93487 (per-flip avg x10: dc_ms=150 fi_ms=3633 if_ms=9348 derived audio+engine_ms=5565; per-drawcall avg us_x10=1830) [direct-vesa: presents=0 total_ms=0 avg_ms_x10=0 failed=0] [ablation: NO_DC_TIMING=0 CACHE_WINSURF=0 DIRECT_VESA=1]
[09:59:02] [info] kbd/audio block 1: kbd_irq=0 kbd_drain=0 ring_chunks=16 pump_pass=99 pic1_mask=0xb8 first_irq_ticks=0 install_ticks=0 vector_at_install=0x0083def0 pic1_mask_live=0x98 kbd_8042_stat=0x34 bios_kbd_head=0x0022 bios_kbd_tail=0x0022 bios_kbd_buf0=0x1c0d
[09:59:02] [info] audio/engine split block 1: audio_mixer_calls=0 audio_mixer_ms_x10=0 engine_tick_calls=99 engine_tick_ms_x10=2423 audio_service_calls=0 audio_service_ms_x10=0 (per-flip avg; per-call us_x10: audio_mix=0 engine_tick=2448070 audio_service=0; global ns: audio_mix=0 engine_tick=24235899022 audio_service=0)
[09:59:02] [info] pixtone multi-source probe: DISABLED (default)
[09:59:02] [info] dirty-rect block @flip=100: total_calls=0 dirty_rects_avg=0 dirty_pct_x10=990 forced_full=0 first_n_force=3 threshold_exceeded=0 dirty_path_taken=97 full_flush_taken=3
[09:59:02] [info] prev-frame-diff block @flip=100: diff_calls=0 diff_rects_avg=0 diff_dirty_pct_x10=0 bbox_pct_x10=0 bbox_thresh_exceeded=0
[09:59:05] [info] drawcall drawSurface call 8000: src=5x8 dst=5x8 at (144,141) took 0ms
[09:59:12] [info] flip-probe: flip #110 ok=true present=941ms inter_flip_ms=975 drawcalls-since-flip=75 drawcalls-total=8636 fail-total=0 null-skips-total=0
[09:59:22] [info] flip-probe: flip #120 ok=true present=939ms inter_flip_ms=975 drawcalls-since-flip=75 drawcalls-total=9386 fail-total=0 null-skips-total=0
[09:59:24] [info] drawcall drawSurface call 9000: src=5x7 dst=5x7 at (156,127) took 0ms
[09:59:29] [info] flip-probe: flip #130 ok=true present=10ms inter_flip_ms=21 drawcalls-since-flip=0 drawcalls-total=9986 fail-total=0 null-skips-total=0
[09:59:30] [info] Loading profile from profile.dat
[09:59:30] [error] profile_load: unable to open 'profile.dat'
[09:59:30] [info] Loading profile from profile2.dat
[09:59:30] [error] profile_load: unable to open 'profile2.dat'
[09:59:30] [info] Loading profile from profile3.dat
[09:59:30] [info] Loading profile from profile4.dat
[09:59:30] [error] profile_load: unable to open 'profile4.dat'
[09:59:30] [info] Loading profile from profile5.dat
[09:59:37] [info] drawcall drawSurface call 10000: src=8x8 dst=8x8 at (229,131) took 0ms
[09:59:40] [info] flip-probe: flip #140 ok=true present=2471ms inter_flip_ms=2535 drawcalls-since-flip=210 drawcalls-total=10826 fail-total=0 null-skips-total=0
[09:59:50] [info] drawcall drawSurface call 11000: src=8x16 dst=8x16 at (54,75) took 0ms
[10:00:00] [info] drawcall drawSurface call 12000: src=8x8 dst=8x8 at (237,131) took 0ms
[10:00:05] [info] flip-probe: flip #150 ok=true present=2471ms inter_flip_ms=2523 drawcalls-since-flip=210 drawcalls-total=12926 fail-total=0 null-skips-total=0
[10:00:13] [info] drawcall drawSurface call 13000: src=28x16 dst=28x16 at (62,75) took 0ms
[10:00:15] [info] Writing settings...
[10:00:16] [info] flip-probe: flip #160 ok=true present=11ms inter_flip_ms=20 drawcalls-since-flip=0 drawcalls-total=13774 fail-total=0 null-skips-total=0
[10:00:16] [info] flip-probe: flip #170 ok=true present=11ms inter_flip_ms=21 drawcalls-since-flip=0 drawcalls-total=13774 fail-total=0 null-skips-total=0
[10:00:16] [info] [music-dispatch] tick=175 song=0 (prev 24)
[10:00:16] [info] opl3 backend: on_song_stop
[10:00:16] [info] Loading profile from profile5.dat
[10:00:16] [info]  >> Entering stage 20: 'Save Point'.
[10:00:16] [info] [skip-sheet-flush] cave=2
[10:00:17] [info] [music-dispatch] tick=175 song=8 (prev 0)
[10:00:17] [info] MidiScheduler::load: parsed 'data/orgmid2/vivi.mid' = 4558 events at 48 PPQ
[10:00:17] [info] opl3 backend: on_song_start
[10:00:17] [info] gameloop: entered (curmap=20, running=1)
[10:00:17] [info] gameloop: iter 1 ticks=174856 mapno=-1
[10:00:17] [info] TAS stall discount: ENABLED (default) (patch 0286; a replay frame over 150 ms is a load, not slow rendering, so it contributes 1 tick instead of its wall-clock; set SDL_HINT_DOSKUTSU_TAS_STALL_DISCOUNT=0 to disable)
[10:00:17] [info] TAS accumulator clamp: DISABLED (default) (patch 0281; caps the FT accumulator delta at one tick during TAS so a stalled frame cannot race the replay index; set SDL_HINT_DOSKUTSU_TAS_FT_GUARD=0 to disable)
[10:00:18] [info] gameloop: iter 2 ticks=175850 mapno=-1
[10:00:18] [info] tas: stall frame 993 ms -> contributing 1 tick (patch 0286)
[10:00:19] [info] gameloop: iter 3 ticks=176297 mapno=-1
[10:00:19] [info] tas: stall frame 449 ms -> contributing 1 tick (patch 0286)
[10:00:19] [info] tas: stall frame 215 ms -> contributing 1 tick (patch 0286)
[10:00:19] [info] flip-probe: flip #180 ok=true present=81ms inter_flip_ms=219 drawcalls-since-flip=16 drawcalls-total=13896 fail-total=0 null-skips-total=0
[10:00:19] [info] tas: stall frame 225 ms -> contributing 1 tick (patch 0286)
[10:00:19] [info] tas: stall frame 212 ms -> contributing 1 tick (patch 0286)
[10:00:20] [info] tas: stall frame 220 ms -> contributing 1 tick (patch 0286)
[10:00:20] [info] tas: stall frame 201 ms -> contributing 1 tick (patch 0286)
[10:00:20] [info] tas: stall frame 208 ms -> contributing 1 tick (patch 0286)
[10:00:20] [info] tas: stall frame 201 ms -> contributing 1 tick (patch 0286)
[10:00:20] [info] tas: stall frame 221 ms -> contributing 1 tick (patch 0286)
[10:00:21] [info] tas: stall frame 214 ms -> contributing 1 tick (patch 0286)
[10:00:21] [info] tas: stall frame 223 ms -> contributing 1 tick (patch 0286)
[10:00:21] [info] tas: stall frame 212 ms -> contributing 1 tick (patch 0286)
[10:00:21] [info] flip-probe: flip #190 ok=true present=81ms inter_flip_ms=218 drawcalls-since-flip=16 drawcalls-total=14056 fail-total=0 null-skips-total=0
[10:00:21] [info] tas: stall frame 224 ms -> contributing 1 tick (patch 0286)
[10:00:21] [info] tas: stall frame 211 ms -> contributing 1 tick (patch 0286)
[10:00:22] [info] tas: stall frame 214 ms -> contributing 1 tick (patch 0286)
[10:00:22] [info] tas: stall frame 206 ms -> contributing 1 tick (patch 0286)
[10:00:22] [info] tas: stall frame 213 ms -> contributing 1 tick (patch 0286)
[10:00:22] [info] tas: stall frame 205 ms -> contributing 1 tick (patch 0286)
[10:00:22] [info] tas: stall frame 209 ms -> contributing 1 tick (patch 0286)
[10:00:23] [info] tas: stall frame 202 ms -> contributing 1 tick (patch 0286)
[10:00:23] [info] tas: stall frame 227 ms -> contributing 1 tick (patch 0286)
[10:00:23] [info] tas: stall frame 220 ms -> contributing 1 tick (patch 0286)
[10:00:23] [info] flip-probe: flip #200 ok=true present=106ms inter_flip_ms=228 drawcalls-since-flip=16 drawcalls-total=14216 fail-total=0 null-skips-total=0
[10:00:23] [info] drawcall tally block 2: drawcalls=5693 total_ms=484 avg_ms_x10=0 (over 100 flips ending at flip 200)
[10:00:23] [info] alpha audit block 2: 5693 total drawcalls, 0 with alpha<255 (block pct_x10=0; global 0/13491 pct_x10=0); alpha-mod skipped: block=6302 global=14184
[10:00:23] [info] fastpath audit block 2: taken=0 (idx8=0) skipped=5693 pct_x10=0; global taken=0 (idx8=0) skipped=13491 pct_x10=0
[10:00:23] [info] primitive tally block 2: clear=201(hr=0) fill=0(hr=0) rect=0(hr=0) line=0(hr=0) tint=0 spotlight=0 (over 100 flips ending at flip 200)
[10:00:23] [info] slowpath reason block 2: alpha=0 format=0 windim=5693 null_src=0 other=0 (of 5693 total drawSurface slow-path)
[10:00:23] [info] color/alpha audit block 2: cmod_white=1402 cmod_black=0 (idx=0) cmod_general=0 (idx=0) cmod_fb=609; alpha_taken=0 alpha_skipped=0 (global cmod=1506/0/0/693 idx=0/0 alpha=0/0)
[10:00:23] [info] phase timing block 2: drawcalls=7905 dc_total_ms=1437 flip_inner_total_ms=74500 inter_flip_total_ms=82266 (per-flip avg x10: dc_ms=143 fi_ms=7450 if_ms=8226 derived audio+engine_ms=633; per-drawcall avg us_x10=1819) [direct-vesa: presents=0 total_ms=0 avg_ms_x10=0 failed=0] [ablation: NO_DC_TIMING=0 CACHE_WINSURF=0 DIRECT_VESA=1]
[10:00:23] [info] kbd/audio block 2: kbd_irq=0 kbd_drain=0 ring_chunks=16 pump_pass=198 pic1_mask=0xb8 first_irq_ticks=0 install_ticks=0 vector_at_install=0x0083def0 pic1_mask_live=0x98 kbd_8042_stat=0x34 bios_kbd_head=0x0022 bios_kbd_tail=0x0022 bios_kbd_buf0=0x1c0d
[10:00:23] [info] audio/engine split block 2: audio_mixer_calls=0 audio_mixer_ms_x10=0 engine_tick_calls=76 engine_tick_ms_x10=215 audio_service_calls=0 audio_service_ms_x10=0 (per-flip avg; per-call us_x10: audio_mix=0 engine_tick=284182 audio_service=0; global ns: audio_mix=0 engine_tick=26395689663 audio_service=0)
[10:00:23] [info] dirty-rect block @flip=200: total_calls=0 dirty_rects_avg=1 dirty_pct_x10=1000 forced_full=0 first_n_force=0 threshold_exceeded=0 dirty_path_taken=100 full_flush_taken=0
[10:00:23] [info] prev-frame-diff block @flip=200: diff_calls=0 diff_rects_avg=0 diff_dirty_pct_x10=0 bbox_pct_x10=0 bbox_thresh_exceeded=0
[10:00:23] [info] tas: stall frame 346 ms -> contributing 1 tick (patch 0286)
[10:00:24] [info] tas: stall frame 215 ms -> contributing 1 tick (patch 0286)
[10:00:24] [info] tas: stall frame 225 ms -> contributing 1 tick (patch 0286)
[10:00:24] [info] tas: stall frame 215 ms -> contributing 1 tick (patch 0286)
[10:00:24] [info] tas: stall frame 220 ms -> contributing 1 tick (patch 0286)
[10:00:25] [info] tas: stall frame 212 ms -> contributing 1 tick (patch 0286)
[10:00:25] [info] tas: stall frame 218 ms -> contributing 1 tick (patch 0286)
[10:00:25] [info] tas: stall frame 203 ms -> contributing 1 tick (patch 0286)
[10:00:25] [info] tas: stall frame 210 ms -> contributing 1 tick (patch 0286)
[10:00:25] [info] tas: stall frame 203 ms -> contributing 1 tick (patch 0286)
[10:00:26] [info] flip-probe: flip #210 ok=true present=80ms inter_flip_ms=223 drawcalls-since-flip=16 drawcalls-total=14376 fail-total=0 null-skips-total=0
[10:00:26] [info] tas: stall frame 229 ms -> contributing 1 tick (patch 0286)
[10:00:26] [info] tas: stall frame 216 ms -> contributing 1 tick (patch 0286)
[10:00:26] [info] tas: stall frame 222 ms -> contributing 1 tick (patch 0286)
[10:00:26] [info] tas: stall frame 212 ms -> contributing 1 tick (patch 0286)
[10:00:27] [info] tas: stall frame 218 ms -> contributing 1 tick (patch 0286)
[10:00:27] [info] tas: stall frame 211 ms -> contributing 1 tick (patch 0286)
[10:00:27] [info] tas: stall frame 214 ms -> contributing 1 tick (patch 0286)
[10:00:27] [info] tas: stall frame 207 ms -> contributing 1 tick (patch 0286)
[10:00:27] [info] tas: stall frame 215 ms -> contributing 1 tick (patch 0286)
[10:00:28] [info] tas: stall frame 204 ms -> contributing 1 tick (patch 0286)
[10:00:28] [info] flip-probe: flip #220 ok=true present=80ms inter_flip_ms=210 drawcalls-since-flip=16 drawcalls-total=14536 fail-total=0 null-skips-total=0
[10:00:28] [info] tas: stall frame 216 ms -> contributing 1 tick (patch 0286)
[10:00:28] [info] tas: stall frame 203 ms -> contributing 1 tick (patch 0286)
[10:00:28] [info] tas: stall frame 226 ms -> contributing 1 tick (patch 0286)
[10:00:28] [info] tas: stall frame 219 ms -> contributing 1 tick (patch 0286)
[10:00:29] [info] tas: stall frame 227 ms -> contributing 1 tick (patch 0286)
[10:00:29] [info] tas: stall frame 215 ms -> contributing 1 tick (patch 0286)
[10:00:29] [info] tas: stall frame 222 ms -> contributing 1 tick (patch 0286)
[10:00:29] [info] tas: stall frame 215 ms -> contributing 1 tick (patch 0286)
[10:00:30] [info] tas: stall frame 220 ms -> contributing 1 tick (patch 0286)
[10:00:30] [info] tas: stall frame 213 ms -> contributing 1 tick (patch 0286)
[10:00:30] [info] flip-probe: flip #230 ok=true present=81ms inter_flip_ms=221 drawcalls-since-flip=16 drawcalls-total=14696 fail-total=0 null-skips-total=0
[10:00:30] [info] tas: stall frame 227 ms -> contributing 1 tick (patch 0286)
[10:00:30] [info] tas: stall frame 202 ms -> contributing 1 tick (patch 0286)
[10:00:30] [info] drawcall drawSurface call 14000: src=14x14 dst=14x14 at (17,17) took 0ms
[10:00:30] [info] tas: stall frame 215 ms -> contributing 1 tick (patch 0286)
[10:00:31] [info] tas: stall frame 201 ms -> contributing 1 tick (patch 0286)
[10:00:31] [info] tas: stall frame 223 ms -> contributing 1 tick (patch 0286)
[10:00:31] [info] tas: stall frame 214 ms -> contributing 1 tick (patch 0286)
[10:00:31] [info] tas: stall frame 224 ms -> contributing 1 tick (patch 0286)
[10:00:32] [info] tas: stall frame 212 ms -> contributing 1 tick (patch 0286)
[10:00:32] [info] tas: stall frame 211 ms -> contributing 1 tick (patch 0286)
[10:00:32] [info] tas: stall frame 211 ms -> contributing 1 tick (patch 0286)
[10:00:32] [info] flip-probe: flip #240 ok=true present=81ms inter_flip_ms=216 drawcalls-since-flip=16 drawcalls-total=14856 fail-total=0 null-skips-total=0
[10:00:32] [info] tas: stall frame 222 ms -> contributing 1 tick (patch 0286)
[10:00:32] [info] tas: stall frame 207 ms -> contributing 1 tick (patch 0286)
[10:00:33] [info] tas: stall frame 215 ms -> contributing 1 tick (patch 0286)
[10:00:33] [info] tas: stall frame 203 ms -> contributing 1 tick (patch 0286)
[10:00:33] [info] tas: stall frame 210 ms -> contributing 1 tick (patch 0286)
[10:00:33] [info] tas: stall frame 204 ms -> contributing 1 tick (patch 0286)
[10:00:33] [info] tas: stall frame 225 ms -> contributing 1 tick (patch 0286)
[10:00:34] [info] tas: stall frame 218 ms -> contributing 1 tick (patch 0286)
[10:00:34] [info] tas: stall frame 225 ms -> contributing 1 tick (patch 0286)
[10:00:34] [info] tas: stall frame 215 ms -> contributing 1 tick (patch 0286)
[10:00:34] [info] flip-probe: flip #250 ok=true present=81ms inter_flip_ms=223 drawcalls-since-flip=16 drawcalls-total=15016 fail-total=0 null-skips-total=0
[10:00:34] [info] tas: stall frame 230 ms -> contributing 1 tick (patch 0286)
[10:00:35] [info] tas: stall frame 216 ms -> contributing 1 tick (patch 0286)
[10:00:35] [info] tas: stall frame 218 ms -> contributing 1 tick (patch 0286)
[10:00:35] [info] tas: stall frame 211 ms -> contributing 1 tick (patch 0286)
[10:00:35] [info] tas: stall frame 218 ms -> contributing 1 tick (patch 0286)
[10:00:35] [info] tas: stall frame 201 ms -> contributing 1 tick (patch 0286)
[10:00:36] [info] tas: stall frame 210 ms -> contributing 1 tick (patch 0286)
[10:00:36] [info] tas: stall frame 202 ms -> contributing 1 tick (patch 0286)
[10:00:36] [info] tas: stall frame 221 ms -> contributing 1 tick (patch 0286)
[10:00:36] [info] tas: stall frame 214 ms -> contributing 1 tick (patch 0286)
[10:00:36] [info] flip-probe: flip #260 ok=true present=81ms inter_flip_ms=222 drawcalls-since-flip=16 drawcalls-total=15176 fail-total=0 null-skips-total=0
[10:00:36] [info] tas: stall frame 230 ms -> contributing 1 tick (patch 0286)
[10:00:37] [info] tas: stall frame 212 ms -> contributing 1 tick (patch 0286)
[10:00:37] [info] tas: stall frame 219 ms -> contributing 1 tick (patch 0286)
[10:00:37] [info] tas: stall frame 211 ms -> contributing 1 tick (patch 0286)
[10:00:37] [info] tas: stall frame 215 ms -> contributing 1 tick (patch 0286)
[10:00:37] [info] tas: stall frame 207 ms -> contributing 1 tick (patch 0286)
[10:00:38] [info] tas: stall frame 214 ms -> contributing 1 tick (patch 0286)
[10:00:38] [info] tas: stall frame 484 ms -> contributing 1 tick (patch 0286)
[10:00:39] [info] tas: stall frame 342 ms -> contributing 1 tick (patch 0286)
[10:00:39] [info] tas: stall frame 454 ms -> contributing 1 tick (patch 0286)
[10:00:40] [info] flip-probe: flip #270 ok=true present=455ms inter_flip_ms=461 drawcalls-since-flip=118 drawcalls-total=15592 fail-total=0 null-skips-total=0
[10:00:40] [info] tas: stall frame 600 ms -> contributing 1 tick (patch 0286)
[10:00:40] [info] drawcall drawSurface call 15000: src=16x16 dst=16x16 at (312,64) took 0ms
[10:00:40] [info] tas: stall frame 772 ms -> contributing 1 tick (patch 0286)
[10:00:41] [info] tas: stall frame 957 ms -> contributing 1 tick (patch 0286)
[10:00:42] [info] tas: stall frame 1162 ms -> contributing 1 tick (patch 0286)
[10:00:44] [info] tas: stall frame 1373 ms -> contributing 1 tick (patch 0286)
[10:00:45] [info] tas: stall frame 1573 ms -> contributing 1 tick (patch 0286)
[10:00:46] [info] drawcall drawSurface call 16000: src=16x16 dst=16x16 at (200,192) took 0ms
[10:00:47] [info] tas: stall frame 1761 ms -> contributing 1 tick (patch 0286)
[10:00:49] [info] tas: stall frame 1906 ms -> contributing 1 tick (patch 0286)
[10:00:51] [info] tas: stall frame 2027 ms -> contributing 1 tick (patch 0286)
[10:00:51] [info] drawcall drawSurface call 17000: src=16x16 dst=16x16 at (200,16) took 0ms
[10:00:53] [info] tas: stall frame 2112 ms -> contributing 1 tick (patch 0286)
[10:00:55] [info] flip-probe: flip #280 ok=true present=1950ms inter_flip_ms=2110 drawcalls-since-flip=354 drawcalls-total=18308 fail-total=0 null-skips-total=0
[10:00:55] [info] tas: stall frame 2148 ms -> contributing 1 tick (patch 0286)
[10:00:58] [info] tas: stall frame 2132 ms -> contributing 1 tick (patch 0286)
[10:00:58] [info] drawcall drawSurface call 18000: src=16x16 dst=16x16 at (168,192) took 0ms
[10:01:00] [info] tas: stall frame 2087 ms -> contributing 1 tick (patch 0286)
[10:01:02] [info] tas: stall frame 2005 ms -> contributing 1 tick (patch 0286)
[10:01:02] [info] drawcall drawSurface call 19000: src=16x16 dst=16x16 at (312,176) took 0ms
[10:01:04] [info] tas: stall frame 1918 ms -> contributing 1 tick (patch 0286)
[10:01:05] [info] tas: stall frame 1805 ms -> contributing 1 tick (patch 0286)
[10:01:07] [info] tas: stall frame 1696 ms -> contributing 1 tick (patch 0286)
[10:01:07] [info] drawcall drawSurface call 20000: src=16x16 dst=16x16 at (280,96) took 0ms
[10:01:09] [info] tas: stall frame 1599 ms -> contributing 1 tick (patch 0286)
[10:01:10] [info] tas: stall frame 1495 ms -> contributing 1 tick (patch 0286)
[10:01:12] [info] tas: stall frame 1410 ms -> contributing 1 tick (patch 0286)
[10:01:12] [info] drawcall drawSurface call 21000: src=16x16 dst=16x16 at (232,224) took 0ms
[10:01:13] [info] flip-probe: flip #290 ok=true present=1152ms inter_flip_ms=1416 drawcalls-since-flip=358 drawcalls-total=21888 fail-total=0 null-skips-total=0
[10:01:13] [info] tas: stall frame 1357 ms -> contributing 1 tick (patch 0286)
[10:01:14] [info] tas: stall frame 1295 ms -> contributing 1 tick (patch 0286)
[10:01:15] [info] tas: stall frame 1258 ms -> contributing 1 tick (patch 0286)
[10:01:16] [info] drawcall drawSurface call 22000: src=16x16 dst=16x16 at (200,48) took 0ms
[10:01:17] [info] tas: stall frame 1240 ms -> contributing 1 tick (patch 0286)
[10:01:18] [info] tas: stall frame 1220 ms -> contributing 1 tick (patch 0286)
[10:01:19] [info] tas: stall frame 1212 ms -> contributing 1 tick (patch 0286)
[10:01:19] [info] drawcall drawSurface call 23000: src=16x16 dst=16x16 at (168,144) took 0ms
[10:01:20] [info] tas: stall frame 1219 ms -> contributing 1 tick (patch 0286)
[10:01:21] [info] run_tick_fixed #300: heartbeat (loop alive)
[10:01:21] [info]  >> Entering stage 11: 'Mimiga Village'.
[10:01:21] [info] [skip-sheet-flush] cave=3
[10:01:21] [info] [load-stage] preloading entry music song=9 (cave=3)
[10:01:21] [info] [music-dispatch] tick=300 song=9 (prev 8)
[10:01:21] [info] opl3 backend: on_song_stop
[10:01:21] [info] MidiScheduler::load: parsed 'data/orgmid2/mura.mid' = 2863 events at 48 PPQ
[10:01:21] [info] opl3 backend: on_song_start
[10:01:21] [info] gameloop: entered (curmap=11, running=1)
[10:01:21] [info] gameloop: iter 1 ticks=239115 mapno=-1
[10:01:21] [info] backdrop thrash full-cover ENABLED (default) (set SDL_HINT_DOSKUTSU_THRASH_FULLCOVER=0 to disable)
[10:01:22] [info] [bd-diag] backdrop render-path diag disabled (default) (set SDL_HINT_DOSKUTSU_BACKDROP_DIAG=1 to enable)
[10:01:23] [info] gameloop: iter 2 ticks=240612 mapno=-1
[10:01:23] [info] tas: stall frame 1496 ms -> contributing 1 tick (patch 0286)
[10:01:23] [info] drawcall drawSurface call 24000: src=16x16 dst=16x16 at (8,80) took 0ms
[10:01:24] [info] flip-probe: flip #300 ok=true present=1155ms inter_flip_ms=1461 drawcalls-since-flip=385 drawcalls-total=24818 fail-total=0 null-skips-total=0
[10:01:24] [info] drawcall tally block 3: drawcalls=10574 total_ms=893 avg_ms_x10=0 (over 100 flips ending at flip 300)
[10:01:24] [info] alpha audit block 3: 10574 total drawcalls, 0 with alpha<255 (block pct_x10=0; global 0/24065 pct_x10=0); alpha-mod skipped: block=10600 global=24784
[10:01:25] [info] fastpath audit block 3: taken=0 (idx8=0) skipped=10574 pct_x10=0; global taken=0 (idx8=0) skipped=24065 pct_x10=0
[10:01:25] [info] primitive tally block 3: clear=202(hr=0) fill=0(hr=0) rect=0(hr=0) line=0(hr=0) tint=0 spotlight=0 (over 100 flips ending at flip 300)
[10:01:25] [info] slowpath reason block 3: alpha=0 format=0 windim=10574 null_src=0 other=0 (of 10574 total drawSurface slow-path)
[10:01:25] [info] color/alpha audit block 3: cmod_white=26 cmod_black=0 (idx=0) cmod_general=0 (idx=0) cmod_fb=26; alpha_taken=0 alpha_skipped=0 (global cmod=1532/0/0/719 idx=0/0 alpha=0/0)
[10:01:25] [info] phase timing block 3: drawcalls=10830 dc_total_ms=1907 flip_inner_total_ms=44887 inter_flip_total_ms=60009 (per-flip avg x10: dc_ms=190 fi_ms=4488 if_ms=6000 derived audio+engine_ms=1322; per-drawcall avg us_x10=1761) [direct-vesa: presents=0 total_ms=0 avg_ms_x10=0 failed=0] [ablation: NO_DC_TIMING=0 CACHE_WINSURF=0 DIRECT_VESA=1]
[10:01:25] [info] kbd/audio block 3: kbd_irq=0 kbd_drain=0 ring_chunks=16 pump_pass=302 pic1_mask=0xb8 first_irq_ticks=0 install_ticks=0 vector_at_install=0x0083def0 pic1_mask_live=0x98 kbd_8042_stat=0x34 bios_kbd_head=0x0022 bios_kbd_tail=0x0022 bios_kbd_buf0=0x1c0d
[10:01:25] [info] [tile-speedup-stat n=100 drawtile_us=192.40 raw_blit_us=95.52 ratio=2.01]
[10:01:25] [info] dirty-rect block @flip=300: total_calls=100 dirty_rects_avg=1 dirty_pct_x10=1000 forced_full=0 first_n_force=0 threshold_exceeded=0 dirty_path_taken=100 full_flush_taken=0
[10:01:25] [info] prev-frame-diff block @flip=300: diff_calls=0 diff_rects_avg=0 diff_dirty_pct_x10=0 bbox_pct_x10=0 bbox_thresh_exceeded=0
[10:01:25] [info] gameloop: iter 3 ticks=242228 mapno=-1
[10:01:25] [info] tas: stall frame 1615 ms -> contributing 1 tick (patch 0286)
[10:01:26] [info] tas: stall frame 1762 ms -> contributing 1 tick (patch 0286)
[10:01:28] [info] tas: stall frame 1495 ms -> contributing 1 tick (patch 0286)
[10:01:28] [info] drawcall drawSurface call 25000: src=16x16 dst=16x16 at (184,32) took 0ms
[10:01:29] [info] tas: stall frame 1536 ms -> contributing 1 tick (patch 0286)
[10:01:31] [info] tas: stall frame 1578 ms -> contributing 1 tick (patch 0286)
[10:01:31] [info] drawcall drawSurface call 26000: src=16x16 dst=16x16 at (312,208) took 1ms
[10:01:33] [info] tas: stall frame 1653 ms -> contributing 1 tick (patch 0286)
[10:01:34] [info] tas: stall frame 1733 ms -> contributing 1 tick (patch 0286)
[10:01:36] [info] tas: stall frame 1827 ms -> contributing 1 tick (patch 0286)
[10:01:36] [info] drawcall drawSurface call 27000: src=16x16 dst=16x16 at (40,96) took 1ms
[10:01:38] [info] tas: stall frame 1962 ms -> contributing 1 tick (patch 0286)
[10:01:40] [info] tas: stall frame 2042 ms -> contributing 1 tick (patch 0286)
[10:01:42] [info] flip-probe: flip #310 ok=true present=1818ms inter_flip_ms=2043 drawcalls-since-flip=385 drawcalls-total=28768 fail-total=0 null-skips-total=0
[10:01:42] [info] tas: stall frame 2160 ms -> contributing 1 tick (patch 0286)
[10:01:43] [info] drawcall drawSurface call 28000: src=16x16 dst=16x16 at (200,32) took 0ms
[10:01:45] [info] tas: stall frame 2250 ms -> contributing 1 tick (patch 0286)
[10:01:47] [info] tas: stall frame 2341 ms -> contributing 1 tick (patch 0286)
[10:01:49] [info] tas: stall frame 2372 ms -> contributing 1 tick (patch 0286)
[10:01:50] [info] drawcall drawSurface call 29000: src=16x16 dst=16x16 at (152,144) took 0ms
[10:01:52] [info] tas: stall frame 2389 ms -> contributing 1 tick (patch 0286)
[10:01:54] [info] tas: stall frame 2364 ms -> contributing 1 tick (patch 0286)
[10:01:55] [info] drawcall drawSurface call 30000: src=16x16 dst=16x16 at (8,64) took 0ms
[10:01:57] [info] tas: stall frame 2487 ms -> contributing 1 tick (patch 0286)
[10:01:59] [info] tas: stall frame 2147 ms -> contributing 1 tick (patch 0286)
[10:02:01] [info] tas: stall frame 2014 ms -> contributing 1 tick (patch 0286)
[10:02:03] [info] tas: stall frame 1814 ms -> contributing 1 tick (patch 0286)
[10:02:03] [info] drawcall drawSurface call 31000: src=16x16 dst=16x16 at (152,0) took 0ms
[10:02:04] [info] flip-probe: flip #320 ok=true present=1304ms inter_flip_ms=1834 drawcalls-since-flip=273 drawcalls-total=32282 fail-total=0 null-skips-total=0
[10:02:04] [info] tas: stall frame 1647 ms -> contributing 1 tick (patch 0286)
[10:02:06] [info] tas: stall frame 1401 ms -> contributing 1 tick (patch 0286)
[10:02:07] [info] tas: stall frame 1197 ms -> contributing 1 tick (patch 0286)
[10:02:08] [info] tas: stall frame 1024 ms -> contributing 1 tick (patch 0286)
[10:02:09] [info] tas: stall frame 834 ms -> contributing 1 tick (patch 0286)
[10:02:09] [info] drawcall drawSurface call 32000: src=16x16 dst=16x16 at (280,192) took 0ms
[10:02:09] [info] tas: stall frame 719 ms -> contributing 1 tick (patch 0286)
[10:02:10] [info] tas: stall frame 584 ms -> contributing 1 tick (patch 0286)
[10:02:10] [info] tas: stall frame 499 ms -> contributing 1 tick (patch 0286)
[10:02:11] [info] tas: stall frame 455 ms -> contributing 1 tick (patch 0286)
[10:02:11] [info] tas: stall frame 393 ms -> contributing 1 tick (patch 0286)
[10:02:12] [info] flip-probe: flip #330 ok=true present=110ms inter_flip_ms=412 drawcalls-since-flip=37 drawcalls-total=33476 fail-total=0 null-skips-total=0
[10:02:12] [info] tas: stall frame 397 ms -> contributing 1 tick (patch 0286)
[10:02:12] [info] tas: stall frame 360 ms -> contributing 1 tick (patch 0286)
[10:02:12] [info] tas: stall frame 383 ms -> contributing 1 tick (patch 0286)
[10:02:13] [info] tas: stall frame 361 ms -> contributing 1 tick (patch 0286)
[10:02:13] [info] tas: stall frame 361 ms -> contributing 1 tick (patch 0286)
[10:02:14] [info] tas: stall frame 458 ms -> contributing 1 tick (patch 0286)
[10:02:14] [info] tas: stall frame 442 ms -> contributing 1 tick (patch 0286)
[10:02:14] [info] tas: stall frame 462 ms -> contributing 1 tick (patch 0286)
[10:02:15] [info] tas: stall frame 443 ms -> contributing 1 tick (patch 0286)
[10:02:15] [info] tas: stall frame 440 ms -> contributing 1 tick (patch 0286)
[10:02:16] [info] flip-probe: flip #340 ok=true present=178ms inter_flip_ms=442 drawcalls-since-flip=44 drawcalls-total=33871 fail-total=0 null-skips-total=0
[10:02:16] [info] tas: stall frame 449 ms -> contributing 1 tick (patch 0286)
[10:02:16] [info] tas: stall frame 442 ms -> contributing 1 tick (patch 0286)
[10:02:17] [info] tas: stall frame 442 ms -> contributing 1 tick (patch 0286)
[10:02:17] [info] tas: stall frame 442 ms -> contributing 1 tick (patch 0286)
[10:02:18] [info] tas: stall frame 442 ms -> contributing 1 tick (patch 0286)
[10:02:18] [info] tas: stall frame 442 ms -> contributing 1 tick (patch 0286)
[10:02:18] [info] tas: stall frame 442 ms -> contributing 1 tick (patch 0286)
[10:02:19] [info] tas: stall frame 458 ms -> contributing 1 tick (patch 0286)
[10:02:19] [info] tas: stall frame 441 ms -> contributing 1 tick (patch 0286)
[10:02:20] [info] tas: stall frame 441 ms -> contributing 1 tick (patch 0286)
[10:02:20] [info] flip-probe: flip #350 ok=true present=178ms inter_flip_ms=460 drawcalls-since-flip=43 drawcalls-total=34309 fail-total=0 null-skips-total=0
[10:02:20] [info] tas: stall frame 467 ms -> contributing 1 tick (patch 0286)
[10:02:21] [info] tas: stall frame 439 ms -> contributing 1 tick (patch 0286)
[10:02:21] [info] tas: stall frame 492 ms -> contributing 1 tick (patch 0286)
[10:02:22] [info] tas: stall frame 469 ms -> contributing 1 tick (patch 0286)
[10:02:22] [info] tas: stall frame 487 ms -> contributing 1 tick (patch 0286)
[10:02:22] [info] drawcall drawSurface call 33000: src=1x6 dst=1x6 at (143,88) took 0ms
[10:02:23] [info] tas: stall frame 470 ms -> contributing 1 tick (patch 0286)
[10:02:23] [info] tas: stall frame 482 ms -> contributing 1 tick (patch 0286)
[10:02:24] [info] tas: stall frame 461 ms -> contributing 1 tick (patch 0286)
[10:02:24] [info] tas: stall frame 482 ms -> contributing 1 tick (patch 0286)
[10:02:25] [info] tas: stall frame 483 ms -> contributing 1 tick (patch 0286)
[10:02:25] [info] flip-probe: flip #360 ok=true present=212ms inter_flip_ms=478 drawcalls-since-flip=45 drawcalls-total=34757 fail-total=0 null-skips-total=0
[10:02:25] [info] tas: stall frame 501 ms -> contributing 1 tick (patch 0286)
[10:02:25] [info] backdrop cache: thrashing-detect engaged (streak=4, route=direct)
[10:02:26] [info] tas: stall frame 509 ms -> contributing 1 tick (patch 0286)
[10:02:26] [info] tas: stall frame 495 ms -> contributing 1 tick (patch 0286)
[10:02:27] [info] tas: stall frame 477 ms -> contributing 1 tick (patch 0286)
[10:02:27] [info] tas: stall frame 477 ms -> contributing 1 tick (patch 0286)
[10:02:28] [info] tas: stall frame 478 ms -> contributing 1 tick (patch 0286)
[10:02:28] [info] tas: stall frame 468 ms -> contributing 1 tick (patch 0286)
[10:02:28] [info] tas: stall frame 465 ms -> contributing 1 tick (patch 0286)
[10:02:29] [info] tas: stall frame 453 ms -> contributing 1 tick (patch 0286)
[10:02:29] [info] tas: stall frame 463 ms -> contributing 1 tick (patch 0286)
[10:02:30] [info] flip-probe: flip #370 ok=true present=245ms inter_flip_ms=464 drawcalls-since-flip=48 drawcalls-total=35221 fail-total=0 null-skips-total=0
[10:02:30] [info] tas: stall frame 496 ms -> contributing 1 tick (patch 0286)
[10:02:30] [info] tas: stall frame 475 ms -> contributing 1 tick (patch 0286)
[10:02:31] [info] tas: stall frame 461 ms -> contributing 1 tick (patch 0286)
[10:02:31] [info] tas: stall frame 462 ms -> contributing 1 tick (patch 0286)
[10:02:32] [info] tas: stall frame 459 ms -> contributing 1 tick (patch 0286)
[10:02:32] [info] tas: stall frame 456 ms -> contributing 1 tick (patch 0286)
[10:02:33] [info] tas: stall frame 456 ms -> contributing 1 tick (patch 0286)
[10:02:33] [info] tas: stall frame 448 ms -> contributing 1 tick (patch 0286)
[10:02:34] [info] tas: stall frame 460 ms -> contributing 1 tick (patch 0286)
[10:02:34] [info] tas: stall frame 461 ms -> contributing 1 tick (patch 0286)
[10:02:34] [info] flip-probe: flip #380 ok=true present=205ms inter_flip_ms=462 drawcalls-since-flip=44 drawcalls-total=35671 fail-total=0 null-skips-total=0
[10:02:34] [info] tas: stall frame 455 ms -> contributing 1 tick (patch 0286)
[10:02:35] [info] tas: stall frame 438 ms -> contributing 1 tick (patch 0286)
[10:02:35] [info] tas: stall frame 438 ms -> contributing 1 tick (patch 0286)
[10:02:36] [info] tas: stall frame 436 ms -> contributing 1 tick (patch 0286)
[10:02:36] [info] tas: stall frame 653 ms -> contributing 1 tick (patch 0286)
[10:02:37] [info] tas: stall frame 437 ms -> contributing 1 tick (patch 0286)
[10:02:37] [info] tas: stall frame 430 ms -> contributing 1 tick (patch 0286)
[10:02:38] [info] drawcall drawSurface call 34000: src=5x8 dst=5x8 at (180,89) took 0ms
[10:02:38] [info] tas: stall frame 434 ms -> contributing 1 tick (patch 0286)
[10:02:38] [info] tas: stall frame 427 ms -> contributing 1 tick (patch 0286)
[10:02:39] [info] tas: stall frame 418 ms -> contributing 1 tick (patch 0286)
[10:02:39] [info] flip-probe: flip #390 ok=true present=178ms inter_flip_ms=420 drawcalls-since-flip=42 drawcalls-total=36099 fail-total=0 null-skips-total=0
[10:02:39] [info] tas: stall frame 426 ms -> contributing 1 tick (patch 0286)
[10:02:39] [info] tas: stall frame 418 ms -> contributing 1 tick (patch 0286)
[10:02:40] [info] tas: stall frame 417 ms -> contributing 1 tick (patch 0286)
[10:02:40] [info] tas: stall frame 418 ms -> contributing 1 tick (patch 0286)
[10:02:41] [info] tas: stall frame 422 ms -> contributing 1 tick (patch 0286)
[10:02:41] [info] tas: stall frame 418 ms -> contributing 1 tick (patch 0286)
[10:02:42] [info] tas: stall frame 420 ms -> contributing 1 tick (patch 0286)
[10:02:42] [info] tas: stall frame 419 ms -> contributing 1 tick (patch 0286)
[10:02:42] [info] tas: stall frame 418 ms -> contributing 1 tick (patch 0286)
[10:02:43] [info] tas: stall frame 418 ms -> contributing 1 tick (patch 0286)
[10:02:43] [info] flip-probe: flip #400 ok=true present=208ms inter_flip_ms=419 drawcalls-since-flip=42 drawcalls-total=36519 fail-total=0 null-skips-total=0
[10:02:43] [info] drawcall tally block 4: drawcalls=10301 total_ms=864 avg_ms_x10=0 (over 100 flips ending at flip 400)
[10:02:43] [info] alpha audit block 4: 10301 total drawcalls, 0 with alpha<255 (block pct_x10=0; global 0/34366 pct_x10=0); alpha-mod skipped: block=11601 global=36385
[10:02:43] [info] fastpath audit block 4: taken=0 (idx8=0) skipped=10301 pct_x10=0; global taken=0 (idx8=0) skipped=34366 pct_x10=0
[10:02:43] [info] primitive tally block 4: clear=200(hr=0) fill=0(hr=0) rect=0(hr=0) line=0(hr=0) tint=0 spotlight=0 (over 100 flips ending at flip 400)
[10:02:43] [info] slowpath reason block 4: alpha=0 format=0 windim=10301 null_src=0 other=0 (of 10301 total drawSurface slow-path)
[10:02:43] [info] color/alpha audit block 4: cmod_white=1300 cmod_black=0 (idx=0) cmod_general=0 (idx=0) cmod_fb=1300; alpha_taken=0 alpha_skipped=0 (global cmod=2832/0/0/2019 idx=0/0 alpha=0/0)
[10:02:43] [info] phase timing block 4: drawcalls=13161 dc_total_ms=3342 flip_inner_total_ms=50510 inter_flip_total_ms=79709 (per-flip avg x10: dc_ms=334 fi_ms=5051 if_ms=7970 derived audio+engine_ms=2585; per-drawcall avg us_x10=2539) [direct-vesa: presents=0 total_ms=0 avg_ms_x10=0 failed=0] [ablation: NO_DC_TIMING=0 CACHE_WINSURF=0 DIRECT_VESA=1]
[10:02:43] [info] kbd/audio block 4: kbd_irq=0 kbd_drain=0 ring_chunks=16 pump_pass=402 pic1_mask=0xb8 first_irq_ticks=0 install_ticks=0 vector_at_install=0x0083def0 pic1_mask_live=0x98 kbd_8042_stat=0x34 bios_kbd_head=0x0022 bios_kbd_tail=0x0022 bios_kbd_buf0=0x1c0d
[10:02:43] [info] dirty-rect block @flip=400: total_calls=0 dirty_rects_avg=1 dirty_pct_x10=1000 forced_full=0 first_n_force=0 threshold_exceeded=0 dirty_path_taken=100 full_flush_taken=0
[10:02:43] [info] prev-frame-diff block @flip=400: diff_calls=0 diff_rects_avg=0 diff_dirty_pct_x10=0 bbox_pct_x10=0 bbox_thresh_exceeded=0
[10:02:43] [info] tas: stall frame 529 ms -> contributing 1 tick (patch 0286)
[10:02:44] [info] tas: stall frame 422 ms -> contributing 1 tick (patch 0286)
[10:02:44] [info] tas: stall frame 419 ms -> contributing 1 tick (patch 0286)
[10:02:45] [info] tas: stall frame 419 ms -> contributing 1 tick (patch 0286)
[10:02:45] [info] tas: stall frame 420 ms -> contributing 1 tick (patch 0286)
[10:02:45] [info] tas: stall frame 419 ms -> contributing 1 tick (patch 0286)
[10:02:46] [info] tas: stall frame 418 ms -> contributing 1 tick (patch 0286)
[10:02:46] [info] tas: stall frame 419 ms -> contributing 1 tick (patch 0286)
[10:02:47] [info] tas: stall frame 419 ms -> contributing 1 tick (patch 0286)
[10:02:47] [info] tas: stall frame 419 ms -> contributing 1 tick (patch 0286)
[10:02:47] [info] flip-probe: flip #410 ok=true present=178ms inter_flip_ms=419 drawcalls-since-flip=42 drawcalls-total=36939 fail-total=0 null-skips-total=0
[10:02:47] [info] tas: stall frame 425 ms -> contributing 1 tick (patch 0286)
[10:02:48] [info] tas: stall frame 419 ms -> contributing 1 tick (patch 0286)
[10:02:48] [info] tas: stall frame 420 ms -> contributing 1 tick (patch 0286)
[10:02:49] [info] tas: stall frame 418 ms -> contributing 1 tick (patch 0286)
[10:02:49] [info] tas: stall frame 418 ms -> contributing 1 tick (patch 0286)
[10:02:50] [info] tas: stall frame 419 ms -> contributing 1 tick (patch 0286)
[10:02:50] [info] tas: stall frame 419 ms -> contributing 1 tick (patch 0286)
[10:02:50] [info] tas: stall frame 419 ms -> contributing 1 tick (patch 0286)
[10:02:51] [info] tas: stall frame 420 ms -> contributing 1 tick (patch 0286)
[10:02:51] [info] tas: stall frame 314 ms -> contributing 1 tick (patch 0286)
[10:02:52] [info] flip-probe: flip #420 ok=true present=81ms inter_flip_ms=315 drawcalls-since-flip=16 drawcalls-total=37307 fail-total=0 null-skips-total=0
[10:02:52] [info] tas: stall frame 321 ms -> contributing 1 tick (patch 0286)
[10:02:52] [info] backdrop cache: thrashing-detect engaged (streak=64, route=direct)
[10:02:52] [info] tas: stall frame 321 ms -> contributing 1 tick (patch 0286)
[10:02:52] [info] tas: stall frame 316 ms -> contributing 1 tick (patch 0286)
[10:02:52] [info] tas: stall frame 314 ms -> contributing 1 tick (patch 0286)
[10:02:53] [info] tas: stall frame 315 ms -> contributing 1 tick (patch 0286)
[10:02:53] [info] tas: stall frame 315 ms -> contributing 1 tick (patch 0286)
[10:02:53] [info] tas: stall frame 315 ms -> contributing 1 tick (patch 0286)
[10:02:54] [info] drawcall drawSurface call 35000: src=12x8 dst=12x8 at (16,32) took 0ms
[10:02:54] [info] tas: stall frame 322 ms -> contributing 1 tick (patch 0286)
[10:02:54] [info] tas: stall frame 315 ms -> contributing 1 tick (patch 0286)
[10:02:54] [info] tas: stall frame 314 ms -> contributing 1 tick (patch 0286)
[10:02:55] [info] flip-probe: flip #430 ok=true present=81ms inter_flip_ms=314 drawcalls-since-flip=16 drawcalls-total=37467 fail-total=0 null-skips-total=0
[10:02:55] [info] tas: stall frame 320 ms -> contributing 1 tick (patch 0286)
[10:02:55] [info] tas: stall frame 314 ms -> contributing 1 tick (patch 0286)
[10:02:55] [info] tas: stall frame 316 ms -> contributing 1 tick (patch 0286)
[10:02:56] [info] tas: stall frame 314 ms -> contributing 1 tick (patch 0286)
[10:02:56] [info] tas: stall frame 315 ms -> contributing 1 tick (patch 0286)
[10:02:56] [info] tas: stall frame 314 ms -> contributing 1 tick (patch 0286)
[10:02:57] [info] tas: stall frame 315 ms -> contributing 1 tick (patch 0286)
[10:02:57] [info] tas: stall frame 314 ms -> contributing 1 tick (patch 0286)
[10:02:57] [info] tas: stall frame 315 ms -> contributing 1 tick (patch 0286)
[10:02:57] [info] tas: stall frame 315 ms -> contributing 1 tick (patch 0286)
[10:02:58] [info] flip-probe: flip #440 ok=true present=81ms inter_flip_ms=315 drawcalls-since-flip=16 drawcalls-total=37627 fail-total=0 null-skips-total=0
[10:02:58] [info] tas: stall frame 322 ms -> contributing 1 tick (patch 0286)
[10:02:58] [info] tas: stall frame 315 ms -> contributing 1 tick (patch 0286)
[10:02:58] [info] tas: stall frame 315 ms -> contributing 1 tick (patch 0286)
[10:02:59] [info] tas: stall frame 315 ms -> contributing 1 tick (patch 0286)
[10:02:59] [info] tas: stall frame 316 ms -> contributing 1 tick (patch 0286)
[10:02:59] [info] tas: stall frame 315 ms -> contributing 1 tick (patch 0286)
[10:03:00] [info] tas: stall frame 315 ms -> contributing 1 tick (patch 0286)
[10:03:00] [info] tas: stall frame 316 ms -> contributing 1 tick (patch 0286)
[10:03:00] [info] tas: stall frame 314 ms -> contributing 1 tick (patch 0286)
[10:03:01] [info] tas: stall frame 317 ms -> contributing 1 tick (patch 0286)
[10:03:01] [info] flip-probe: flip #450 ok=true present=81ms inter_flip_ms=529 drawcalls-since-flip=16 drawcalls-total=37787 fail-total=0 null-skips-total=0
[10:03:01] [info] tas: stall frame 535 ms -> contributing 1 tick (patch 0286)
[10:03:02] [info] tas: stall frame 314 ms -> contributing 1 tick (patch 0286)
[10:03:02] [info] tas: stall frame 314 ms -> contributing 1 tick (patch 0286)
[10:03:02] [info] tas: stall frame 315 ms -> contributing 1 tick (patch 0286)
[10:03:02] [info] tas: stall frame 315 ms -> contributing 1 tick (patch 0286)
[10:03:03] [info] tas: stall frame 315 ms -> contributing 1 tick (patch 0286)
[10:03:03] [info] tas: stall frame 318 ms -> contributing 1 tick (patch 0286)
[10:03:03] [info] tas: stall frame 315 ms -> contributing 1 tick (patch 0286)
[10:03:04] [info] tas: stall frame 315 ms -> contributing 1 tick (patch 0286)
[10:03:04] [info] tas: stall frame 315 ms -> contributing 1 tick (patch 0286)
[10:03:04] [info] flip-probe: flip #460 ok=true present=81ms inter_flip_ms=317 drawcalls-since-flip=16 drawcalls-total=37947 fail-total=0 null-skips-total=0
[10:03:04] [info] tas: stall frame 323 ms -> contributing 1 tick (patch 0286)
[10:03:05] [info] tas: stall frame 315 ms -> contributing 1 tick (patch 0286)
[10:03:05] [info] tas: stall frame 315 ms -> contributing 1 tick (patch 0286)
[10:03:05] [info] tas: stall frame 315 ms -> contributing 1 tick (patch 0286)
[10:03:06] [info] tas: stall frame 316 ms -> contributing 1 tick (patch 0286)
[10:03:06] [info] tas: stall frame 314 ms -> contributing 1 tick (patch 0286)
[10:03:06] [info] tas: stall frame 315 ms -> contributing 1 tick (patch 0286)
[10:03:07] [info] tas: stall frame 315 ms -> contributing 1 tick (patch 0286)
[10:03:07] [info] tas: stall frame 316 ms -> contributing 1 tick (patch 0286)
[10:03:07] [info] tas: stall frame 315 ms -> contributing 1 tick (patch 0286)
[10:03:08] [info] flip-probe: flip #470 ok=true present=81ms inter_flip_ms=316 drawcalls-since-flip=16 drawcalls-total=38107 fail-total=0 null-skips-total=0
[10:03:08] [info] tas: stall frame 324 ms -> contributing 1 tick (patch 0286)
[10:03:08] [info] tas: stall frame 314 ms -> contributing 1 tick (patch 0286)
[10:03:08] [info] tas: stall frame 318 ms -> contributing 1 tick (patch 0286)
[10:03:08] [info] tas: stall frame 315 ms -> contributing 1 tick (patch 0286)
[10:03:09] [info] tas: stall frame 316 ms -> contributing 1 tick (patch 0286)
[10:03:09] [info] tas: stall frame 317 ms -> contributing 1 tick (patch 0286)
[10:03:09] [info] tas: stall frame 316 ms -> contributing 1 tick (patch 0286)
[10:03:10] [info] tas: stall frame 315 ms -> contributing 1 tick (patch 0286)
[10:03:10] [info] tas: stall frame 316 ms -> contributing 1 tick (patch 0286)
[10:03:10] [info] tas: stall frame 316 ms -> contributing 1 tick (patch 0286)
[10:03:11] [info] flip-probe: flip #480 ok=true present=81ms inter_flip_ms=316 drawcalls-since-flip=16 drawcalls-total=38267 fail-total=0 null-skips-total=0
[10:03:11] [info] tas: stall frame 324 ms -> contributing 1 tick (patch 0286)
[10:03:11] [info] backdrop cache: thrashing-detect engaged (streak=124, route=direct)
[10:03:11] [info] tas: stall frame 324 ms -> contributing 1 tick (patch 0286)
[10:03:11] [info] tas: stall frame 314 ms -> contributing 1 tick (patch 0286)
[10:03:12] [info] tas: stall frame 315 ms -> contributing 1 tick (patch 0286)
[10:03:12] [info] tas: stall frame 315 ms -> contributing 1 tick (patch 0286)
[10:03:12] [info] tas: stall frame 317 ms -> contributing 1 tick (patch 0286)
[10:03:13] [info] tas: stall frame 315 ms -> contributing 1 tick (patch 0286)
[10:03:13] [info] tas: stall frame 314 ms -> contributing 1 tick (patch 0286)
[10:03:13] [info] tas: stall frame 315 ms -> contributing 1 tick (patch 0286)
[10:03:14] [info] tas: stall frame 315 ms -> contributing 1 tick (patch 0286)
[10:03:14] [info] flip-probe: flip #490 ok=true present=81ms inter_flip_ms=315 drawcalls-since-flip=16 drawcalls-total=38427 fail-total=0 null-skips-total=0
[10:03:14] [info] tas: stall frame 323 ms -> contributing 1 tick (patch 0286)
[10:03:14] [info] tas: stall frame 314 ms -> contributing 1 tick (patch 0286)
[10:03:15] [info] tas: stall frame 317 ms -> contributing 1 tick (patch 0286)
[10:03:15] [info] tas: stall frame 318 ms -> contributing 1 tick (patch 0286)
[10:03:15] [info] drawcall drawSurface call 36000: src=16x16 dst=16x16 at (-11,195) took 0ms
[10:03:15] [info] tas: stall frame 327 ms -> contributing 1 tick (patch 0286)
[10:03:16] [info] tas: stall frame 327 ms -> contributing 1 tick (patch 0286)
[10:03:16] [info] tas: stall frame 329 ms -> contributing 1 tick (patch 0286)
[10:03:16] [info] tas: stall frame 329 ms -> contributing 1 tick (patch 0286)
[10:03:16] [info] tas: stall frame 331 ms -> contributing 1 tick (patch 0286)
[10:03:17] [info] tas: stall frame 332 ms -> contributing 1 tick (patch 0286)
[10:03:17] [info] flip-probe: flip #500 ok=true present=110ms inter_flip_ms=333 drawcalls-since-flip=17 drawcalls-total=38596 fail-total=0 null-skips-total=0
[10:03:17] [info] drawcall tally block 5: drawcalls=1743 total_ms=176 avg_ms_x10=1 (over 100 flips ending at flip 500)
[10:03:17] [info] alpha audit block 5: 1743 total drawcalls, 0 with alpha<255 (block pct_x10=0; global 0/36109 pct_x10=0); alpha-mod skipped: block=1977 global=38362
[10:03:17] [info] fastpath audit block 5: taken=0 (idx8=0) skipped=1743 pct_x10=0; global taken=0 (idx8=0) skipped=36109 pct_x10=0
[10:03:17] [info] primitive tally block 5: clear=200(hr=0) fill=0(hr=0) rect=0(hr=0) line=0(hr=0) tint=0 spotlight=0 (over 100 flips ending at flip 500)
[10:03:17] [info] slowpath reason block 5: alpha=0 format=0 windim=1743 null_src=0 other=0 (of 1743 total drawSurface slow-path)
[10:03:17] [info] color/alpha audit block 5: cmod_white=234 cmod_black=0 (idx=0) cmod_general=0 (idx=0) cmod_fb=234; alpha_taken=0 alpha_skipped=0 (global cmod=3066/0/0/2253 idx=0/0 alpha=0/0)
[10:03:17] [info] phase timing block 5: drawcalls=2411 dc_total_ms=464 flip_inner_total_ms=10120 inter_flip_total_ms=34049 (per-flip avg x10: dc_ms=46 fi_ms=1012 if_ms=3404 derived audio+engine_ms=2346; per-drawcall avg us_x10=1925) [direct-vesa: presents=0 total_ms=0 avg_ms_x10=0 failed=0] [ablation: NO_DC_TIMING=0 CACHE_WINSURF=0 DIRECT_VESA=1]
[10:03:17] [info] kbd/audio block 5: kbd_irq=0 kbd_drain=0 ring_chunks=16 pump_pass=502 pic1_mask=0xb8 first_irq_ticks=0 install_ticks=0 vector_at_install=0x0083def0 pic1_mask_live=0x98 kbd_8042_stat=0x34 bios_kbd_head=0x0022 bios_kbd_tail=0x0022 bios_kbd_buf0=0x1c0d
[10:03:17] [info] dirty-rect block @flip=500: total_calls=0 dirty_rects_avg=1 dirty_pct_x10=1000 forced_full=0 first_n_force=0 threshold_exceeded=0 dirty_path_taken=100 full_flush_taken=0
[10:03:17] [info] prev-frame-diff block @flip=500: diff_calls=0 diff_rects_avg=0 diff_dirty_pct_x10=0 bbox_pct_x10=0 bbox_thresh_exceeded=0
[10:03:17] [info] tas: stall frame 443 ms -> contributing 1 tick (patch 0286)
[10:03:18] [info] tas: stall frame 334 ms -> contributing 1 tick (patch 0286)
[10:03:18] [info] tas: stall frame 336 ms -> contributing 1 tick (patch 0286)
[10:03:18] [info] tas: stall frame 334 ms -> contributing 1 tick (patch 0286)
[10:03:19] [info] tas: stall frame 334 ms -> contributing 1 tick (patch 0286)
[10:03:19] [info] tas: stall frame 334 ms -> contributing 1 tick (patch 0286)
[10:03:19] [info] tas: stall frame 335 ms -> contributing 1 tick (patch 0286)
[10:03:20] [info] tas: stall frame 334 ms -> contributing 1 tick (patch 0286)
[10:03:20] [info] tas: stall frame 334 ms -> contributing 1 tick (patch 0286)
[10:03:20] [info] tas: stall frame 335 ms -> contributing 1 tick (patch 0286)
[10:03:21] [info] flip-probe: flip #510 ok=true present=81ms inter_flip_ms=334 drawcalls-since-flip=17 drawcalls-total=38766 fail-total=0 null-skips-total=0
[10:03:21] [info] tas: stall frame 341 ms -> contributing 1 tick (patch 0286)
[10:03:21] [info] tas: stall frame 335 ms -> contributing 1 tick (patch 0286)
[10:03:21] [info] tas: stall frame 334 ms -> contributing 1 tick (patch 0286)
[10:03:22] [info] tas: stall frame 336 ms -> contributing 1 tick (patch 0286)
[10:03:22] [info] tas: stall frame 334 ms -> contributing 1 tick (patch 0286)
[10:03:22] [info] tas: stall frame 336 ms -> contributing 1 tick (patch 0286)
[10:03:23] [info] tas: stall frame 334 ms -> contributing 1 tick (patch 0286)
[10:03:23] [info] tas: stall frame 334 ms -> contributing 1 tick (patch 0286)
[10:03:23] [info] tas: stall frame 336 ms -> contributing 1 tick (patch 0286)
[10:03:24] [info] tas: stall frame 334 ms -> contributing 1 tick (patch 0286)
[10:03:24] [info] flip-probe: flip #520 ok=true present=81ms inter_flip_ms=344 drawcalls-since-flip=17 drawcalls-total=38936 fail-total=0 null-skips-total=0
[10:03:24] [info] tas: stall frame 350 ms -> contributing 1 tick (patch 0286)
[10:03:24] [info] tas: stall frame 334 ms -> contributing 1 tick (patch 0286)
[10:03:25] [info] tas: stall frame 336 ms -> contributing 1 tick (patch 0286)
[10:03:25] [info] tas: stall frame 334 ms -> contributing 1 tick (patch 0286)
[10:03:25] [info] tas: stall frame 338 ms -> contributing 1 tick (patch 0286)
[10:03:26] [info] tas: stall frame 550 ms -> contributing 1 tick (patch 0286)
[10:03:26] [info] tas: stall frame 334 ms -> contributing 1 tick (patch 0286)
[10:03:27] [info] tas: stall frame 333 ms -> contributing 1 tick (patch 0286)
[10:03:27] [info] tas: stall frame 334 ms -> contributing 1 tick (patch 0286)
[10:03:27] [info] tas: stall frame 334 ms -> contributing 1 tick (patch 0286)
[10:03:28] [info] flip-probe: flip #530 ok=true present=81ms inter_flip_ms=336 drawcalls-since-flip=17 drawcalls-total=39106 fail-total=0 null-skips-total=0
[10:03:28] [info] tas: stall frame 343 ms -> contributing 1 tick (patch 0286)
[10:03:28] [info] tas: stall frame 334 ms -> contributing 1 tick (patch 0286)
[10:03:28] [info] tas: stall frame 335 ms -> contributing 1 tick (patch 0286)
[10:03:29] [info] tas: stall frame 333 ms -> contributing 1 tick (patch 0286)
[10:03:29] [info] tas: stall frame 332 ms -> contributing 1 tick (patch 0286)
[10:03:29] [info] tas: stall frame 333 ms -> contributing 1 tick (patch 0286)
[10:03:30] [info] tas: stall frame 328 ms -> contributing 1 tick (patch 0286)
[10:03:30] [info] tas: stall frame 325 ms -> contributing 1 tick (patch 0286)
[10:03:30] [info] tas: stall frame 321 ms -> contributing 1 tick (patch 0286)
[10:03:31] [info] tas: stall frame 316 ms -> contributing 1 tick (patch 0286)
[10:03:31] [info] flip-probe: flip #540 ok=true present=81ms inter_flip_ms=312 drawcalls-since-flip=17 drawcalls-total=39276 fail-total=0 null-skips-total=0
[10:03:31] [info] tas: stall frame 320 ms -> contributing 1 tick (patch 0286)
[10:03:31] [info] backdrop cache: thrashing-detect engaged (streak=184, route=direct)
[10:03:31] [info] tas: stall frame 313 ms -> contributing 1 tick (patch 0286)
[10:03:31] [info] tas: stall frame 303 ms -> contributing 1 tick (patch 0286)
[10:03:32] [info] tas: stall frame 302 ms -> contributing 1 tick (patch 0286)
[10:03:32] [info] tas: stall frame 330 ms -> contributing 1 tick (patch 0286)
[10:03:32] [info] tas: stall frame 329 ms -> contributing 1 tick (patch 0286)
[10:03:33] [info] tas: stall frame 320 ms -> contributing 1 tick (patch 0286)
[10:03:33] [info] tas: stall frame 319 ms -> contributing 1 tick (patch 0286)
[10:03:33] [info] tas: stall frame 319 ms -> contributing 1 tick (patch 0286)
[10:03:34] [info] tas: stall frame 315 ms -> contributing 1 tick (patch 0286)
[10:03:34] [info] flip-probe: flip #550 ok=true present=98ms inter_flip_ms=310 drawcalls-since-flip=18 drawcalls-total=39452 fail-total=0 null-skips-total=0
[10:03:34] [info] tas: stall frame 318 ms -> contributing 1 tick (patch 0286)
[10:03:34] [info] tas: stall frame 315 ms -> contributing 1 tick (patch 0286)
[10:03:35] [info] tas: stall frame 307 ms -> contributing 1 tick (patch 0286)
[10:03:35] [info] tas: stall frame 323 ms -> contributing 1 tick (patch 0286)
[10:03:35] [info] tas: stall frame 323 ms -> contributing 1 tick (patch 0286)
[10:03:36] [info] drawcall drawSurface call 37000: src=16x8 dst=16x8 at (64,16) took 0ms
[10:03:36] [info] tas: stall frame 353 ms -> contributing 1 tick (patch 0286)
[10:03:36] [info] tas: stall frame 339 ms -> contributing 1 tick (patch 0286)
[10:03:36] [info] tas: stall frame 332 ms -> contributing 1 tick (patch 0286)
[10:03:37] [info] tas: stall frame 333 ms -> contributing 1 tick (patch 0286)
[10:03:37] [info] tas: stall frame 330 ms -> contributing 1 tick (patch 0286)
[10:03:37] [info] flip-probe: flip #560 ok=true present=122ms inter_flip_ms=324 drawcalls-since-flip=19 drawcalls-total=39638 fail-total=0 null-skips-total=0
[10:03:37] [info] tas: stall frame 336 ms -> contributing 1 tick (patch 0286)
[10:03:38] [info] tas: stall frame 328 ms -> contributing 1 tick (patch 0286)
[10:03:38] [info] tas: stall frame 332 ms -> contributing 1 tick (patch 0286)
[10:03:38] [info] tas: stall frame 322 ms -> contributing 1 tick (patch 0286)
[10:03:39] [info] tas: stall frame 324 ms -> contributing 1 tick (patch 0286)
[10:03:39] [info] tas: stall frame 322 ms -> contributing 1 tick (patch 0286)
[10:03:39] [info] tas: stall frame 312 ms -> contributing 1 tick (patch 0286)
[10:03:40] [info] tas: stall frame 307 ms -> contributing 1 tick (patch 0286)
[10:03:40] [info] tas: stall frame 305 ms -> contributing 1 tick (patch 0286)
[10:03:40] [info] tas: stall frame 305 ms -> contributing 1 tick (patch 0286)
[10:03:40] [info] flip-probe: flip #570 ok=true present=98ms inter_flip_ms=304 drawcalls-since-flip=17 drawcalls-total=39814 fail-total=0 null-skips-total=0
[10:03:41] [info] tas: stall frame 312 ms -> contributing 1 tick (patch 0286)
[10:03:41] [info] tas: stall frame 287 ms -> contributing 1 tick (patch 0286)
[10:03:41] [info] tas: stall frame 288 ms -> contributing 1 tick (patch 0286)
[10:03:41] [info] tas: stall frame 287 ms -> contributing 1 tick (patch 0286)
[10:03:42] [info] tas: stall frame 288 ms -> contributing 1 tick (patch 0286)
[10:03:42] [info] tas: stall frame 288 ms -> contributing 1 tick (patch 0286)
[10:03:42] [info] tas: stall frame 286 ms -> contributing 1 tick (patch 0286)
[10:03:42] [info] tas: stall frame 288 ms -> contributing 1 tick (patch 0286)
[10:03:43] [info] tas: stall frame 287 ms -> contributing 1 tick (patch 0286)
[10:03:43] [info] tas: stall frame 287 ms -> contributing 1 tick (patch 0286)
[10:03:43] [info] flip-probe: flip #580 ok=true present=80ms inter_flip_ms=288 drawcalls-since-flip=16 drawcalls-total=39974 fail-total=0 null-skips-total=0
[10:03:43] [info] tas: stall frame 293 ms -> contributing 1 tick (patch 0286)
[10:03:44] [info] tas: stall frame 289 ms -> contributing 1 tick (patch 0286)
[10:03:44] [info] tas: stall frame 286 ms -> contributing 1 tick (patch 0286)
[10:03:44] [info] tas: stall frame 285 ms -> contributing 1 tick (patch 0286)
[10:03:45] [info] tas: stall frame 286 ms -> contributing 1 tick (patch 0286)
[10:03:45] [info] tas: stall frame 285 ms -> contributing 1 tick (patch 0286)
[10:03:45] [info] tas: stall frame 273 ms -> contributing 1 tick (patch 0286)
[10:03:45] [info] tas: stall frame 267 ms -> contributing 1 tick (patch 0286)
[10:03:46] [info] tas: stall frame 254 ms -> contributing 1 tick (patch 0286)
[10:03:46] [info] tas: stall frame 246 ms -> contributing 1 tick (patch 0286)
[10:03:46] [info] flip-probe: flip #590 ok=true present=80ms inter_flip_ms=233 drawcalls-since-flip=17 drawcalls-total=40136 fail-total=0 null-skips-total=0
[10:03:46] [info] tas: stall frame 238 ms -> contributing 1 tick (patch 0286)
[10:03:46] [info] tas: stall frame 227 ms -> contributing 1 tick (patch 0286)
[10:03:47] [info] tas: stall frame 213 ms -> contributing 1 tick (patch 0286)
[10:03:47] [info] tas: stall frame 203 ms -> contributing 1 tick (patch 0286)
[10:03:47] [info] tas: stall frame 200 ms -> contributing 1 tick (patch 0286)
[10:03:47] [info] tas: stall frame 185 ms -> contributing 1 tick (patch 0286)
[10:03:47] [info] tas: stall frame 176 ms -> contributing 1 tick (patch 0286)
[10:03:47] [info] tas: stall frame 180 ms -> contributing 1 tick (patch 0286)
[10:03:48] [info] run_tick_fixed #600: heartbeat (loop alive)
[10:03:48] [info] tas: stall frame 424 ms -> contributing 1 tick (patch 0286)
[10:03:48] [info] tas: stall frame 201 ms -> contributing 1 tick (patch 0286)
[10:03:48] [info] flip-probe: flip #600 ok=true present=129ms inter_flip_ms=206 drawcalls-since-flip=17 drawcalls-total=40296 fail-total=0 null-skips-total=0
[10:03:48] [info] drawcall tally block 6: drawcalls=1600 total_ms=162 avg_ms_x10=1 (over 100 flips ending at flip 600)
[10:03:48] [info] alpha audit block 6: 1600 total drawcalls, 0 with alpha<255 (block pct_x10=0; global 0/37709 pct_x10=0); alpha-mod skipped: block=1600 global=39962
[10:03:48] [info] fastpath audit block 6: taken=0 (idx8=0) skipped=1600 pct_x10=0; global taken=0 (idx8=0) skipped=37709 pct_x10=0
[10:03:48] [info] primitive tally block 6: clear=200(hr=0) fill=0(hr=0) rect=0(hr=0) line=0(hr=0) tint=0 spotlight=0 (over 100 flips ending at flip 600)
[10:03:48] [info] slowpath reason block 6: alpha=0 format=0 windim=1600 null_src=0 other=0 (of 1600 total drawSurface slow-path)
[10:03:48] [info] phase timing block 6: drawcalls=1800 dc_total_ms=340 flip_inner_total_ms=9233 inter_flip_total_ms=31129 (per-flip avg x10: dc_ms=34 fi_ms=923 if_ms=3112 derived audio+engine_ms=2155; per-drawcall avg us_x10=1892) [direct-vesa: presents=0 total_ms=0 avg_ms_x10=0 failed=0] [ablation: NO_DC_TIMING=0 CACHE_WINSURF=0 DIRECT_VESA=1]
[10:03:48] [info] kbd/audio block 6: kbd_irq=0 kbd_drain=0 ring_chunks=16 pump_pass=602 pic1_mask=0xb8 first_irq_ticks=0 install_ticks=0 vector_at_install=0x0083def0 pic1_mask_live=0x98 kbd_8042_stat=0x34 bios_kbd_head=0x0022 bios_kbd_tail=0x0022 bios_kbd_buf0=0x1c0d
[10:03:48] [info] dirty-rect block @flip=600: total_calls=0 dirty_rects_avg=1 dirty_pct_x10=1000 forced_full=0 first_n_force=0 threshold_exceeded=0 dirty_path_taken=100 full_flush_taken=0
[10:03:48] [info] prev-frame-diff block @flip=600: diff_calls=0 diff_rects_avg=0 diff_dirty_pct_x10=0 bbox_pct_x10=0 bbox_thresh_exceeded=0
[10:03:48] [info] tas: stall frame 301 ms -> contributing 1 tick (patch 0286)
[10:03:48] [info] backdrop cache: thrashing-detect engaged (streak=244, route=direct)
[10:03:49] [info] tas: stall frame 210 ms -> contributing 1 tick (patch 0286)
[10:03:49] [info] tas: stall frame 203 ms -> contributing 1 tick (patch 0286)
[10:03:49] [info] tas: stall frame 205 ms -> contributing 1 tick (patch 0286)
[10:03:49] [info] tas: stall frame 206 ms -> contributing 1 tick (patch 0286)
[10:03:49] [info] tas: stall frame 204 ms -> contributing 1 tick (patch 0286)
[10:03:50] [info] tas: stall frame 218 ms -> contributing 1 tick (patch 0286)
[10:03:50] [info] tas: stall frame 246 ms -> contributing 1 tick (patch 0286)
[10:03:50] [info] tas: stall frame 245 ms -> contributing 1 tick (patch 0286)
[10:03:50] [info] tas: stall frame 226 ms -> contributing 1 tick (patch 0286)
[10:03:51] [info] flip-probe: flip #610 ok=true present=121ms inter_flip_ms=226 drawcalls-since-flip=17 drawcalls-total=40469 fail-total=0 null-skips-total=0
[10:03:51] [info] tas: stall frame 232 ms -> contributing 1 tick (patch 0286)
[10:03:51] [info] tas: stall frame 226 ms -> contributing 1 tick (patch 0286)
[10:03:51] [info] tas: stall frame 221 ms -> contributing 1 tick (patch 0286)
[10:03:51] [info] tas: stall frame 219 ms -> contributing 1 tick (patch 0286)
[10:03:51] [info] tas: stall frame 218 ms -> contributing 1 tick (patch 0286)
[10:03:52] [info] tas: stall frame 198 ms -> contributing 1 tick (patch 0286)
[10:03:52] [info] tas: stall frame 196 ms -> contributing 1 tick (patch 0286)
[10:03:52] [info] tas: stall frame 217 ms -> contributing 1 tick (patch 0286)
[10:03:52] [info] tas: stall frame 208 ms -> contributing 1 tick (patch 0286)
[10:03:52] [info] drawcall drawSurface call 38000: src=64x8 dst=64x8 at (16,40) took 0ms
[10:03:53] [info] tas: stall frame 214 ms -> contributing 1 tick (patch 0286)
[10:03:53] [info] flip-probe: flip #620 ok=true present=101ms inter_flip_ms=207 drawcalls-since-flip=15 drawcalls-total=40630 fail-total=0 null-skips-total=0
[10:03:53] [info] tas: stall frame 209 ms -> contributing 1 tick (patch 0286)
[10:03:53] [info] tas: stall frame 202 ms -> contributing 1 tick (patch 0286)
[10:03:53] [info] tas: stall frame 202 ms -> contributing 1 tick (patch 0286)
[10:03:53] [info] tas: stall frame 198 ms -> contributing 1 tick (patch 0286)
[10:03:54] [info] tas: stall frame 197 ms -> contributing 1 tick (patch 0286)
[10:03:54] [info] tas: stall frame 198 ms -> contributing 1 tick (patch 0286)
[10:03:54] [info] tas: stall frame 181 ms -> contributing 1 tick (patch 0286)
[10:03:54] [info] tas: stall frame 181 ms -> contributing 1 tick (patch 0286)
[10:03:54] [info] tas: stall frame 180 ms -> contributing 1 tick (patch 0286)
[10:03:54] [info] tas: stall frame 180 ms -> contributing 1 tick (patch 0286)
[10:03:55] [info] flip-probe: flip #630 ok=true present=81ms inter_flip_ms=180 drawcalls-since-flip=14 drawcalls-total=40775 fail-total=0 null-skips-total=0
[10:03:55] [info] tas: stall frame 186 ms -> contributing 1 tick (patch 0286)
[10:03:55] [info] tas: stall frame 182 ms -> contributing 1 tick (patch 0286)
[10:03:55] [info] tas: stall frame 180 ms -> contributing 1 tick (patch 0286)
[10:03:55] [info] tas: stall frame 179 ms -> contributing 1 tick (patch 0286)
[10:03:55] [info] tas: stall frame 181 ms -> contributing 1 tick (patch 0286)
[10:03:56] [info] tas: stall frame 180 ms -> contributing 1 tick (patch 0286)
[10:03:56] [info] tas: stall frame 180 ms -> contributing 1 tick (patch 0286)
[10:03:56] [info] tas: stall frame 180 ms -> contributing 1 tick (patch 0286)
[10:03:56] [info] tas: stall frame 182 ms -> contributing 1 tick (patch 0286)
[10:03:56] [info] tas: stall frame 180 ms -> contributing 1 tick (patch 0286)
[10:03:56] [info] flip-probe: flip #640 ok=true present=81ms inter_flip_ms=181 drawcalls-since-flip=14 drawcalls-total=40915 fail-total=0 null-skips-total=0
[10:03:56] [info] tas: stall frame 187 ms -> contributing 1 tick (patch 0286)
[10:03:57] [info] tas: stall frame 180 ms -> contributing 1 tick (patch 0286)
[10:03:57] [info] tas: stall frame 213 ms -> contributing 1 tick (patch 0286)
[10:03:57] [info] tas: stall frame 210 ms -> contributing 1 tick (patch 0286)
[10:03:57] [info] tas: stall frame 204 ms -> contributing 1 tick (patch 0286)
[10:03:57] [info] tas: stall frame 204 ms -> contributing 1 tick (patch 0286)
[10:03:58] [info] tas: stall frame 205 ms -> contributing 1 tick (patch 0286)
[10:03:58] [info] tas: stall frame 201 ms -> contributing 1 tick (patch 0286)
[10:03:58] [info] tas: stall frame 204 ms -> contributing 1 tick (patch 0286)
[10:03:58] [info] tas: stall frame 202 ms -> contributing 1 tick (patch 0286)
[10:03:59] [info] flip-probe: flip #650 ok=true present=115ms inter_flip_ms=198 drawcalls-since-flip=16 drawcalls-total=41073 fail-total=0 null-skips-total=0
[10:03:59] [info] tas: stall frame 221 ms -> contributing 1 tick (patch 0286)
[10:03:59] [info] tas: stall frame 245 ms -> contributing 1 tick (patch 0286)
[10:03:59] [info] tas: stall frame 239 ms -> contributing 1 tick (patch 0286)
[10:03:59] [info] tas: stall frame 225 ms -> contributing 1 tick (patch 0286)
[10:03:59] [info] tas: stall frame 223 ms -> contributing 1 tick (patch 0286)
[10:04:00] [info] tas: stall frame 221 ms -> contributing 1 tick (patch 0286)
[10:04:00] [info] tas: stall frame 218 ms -> contributing 1 tick (patch 0286)
[10:04:00] [info] tas: stall frame 218 ms -> contributing 1 tick (patch 0286)
[10:04:00] [info] tas: stall frame 209 ms -> contributing 1 tick (patch 0286)
[10:04:01] [info] tas: stall frame 222 ms -> contributing 1 tick (patch 0286)
[10:04:01] [info] flip-probe: flip #660 ok=true present=123ms inter_flip_ms=225 drawcalls-since-flip=17 drawcalls-total=41245 fail-total=0 null-skips-total=0
[10:04:01] [info] tas: stall frame 233 ms -> contributing 1 tick (patch 0286)
[10:04:01] [info] backdrop cache: thrashing-detect engaged (streak=304, route=direct)
[10:04:01] [info] tas: stall frame 246 ms -> contributing 1 tick (patch 0286)
[10:04:01] [info] tas: stall frame 232 ms -> contributing 1 tick (patch 0286)
[10:04:02] [info] tas: stall frame 436 ms -> contributing 1 tick (patch 0286)
[10:04:02] [info] tas: stall frame 222 ms -> contributing 1 tick (patch 0286)
[10:04:02] [info] tas: stall frame 223 ms -> contributing 1 tick (patch 0286)
[10:04:02] [info] tas: stall frame 219 ms -> contributing 1 tick (patch 0286)
[10:04:03] [info] tas: stall frame 210 ms -> contributing 1 tick (patch 0286)
[10:04:03] [info] tas: stall frame 210 ms -> contributing 1 tick (patch 0286)
[10:04:03] [info] tas: stall frame 224 ms -> contributing 1 tick (patch 0286)
[10:04:03] [info] flip-probe: flip #670 ok=true present=115ms inter_flip_ms=225 drawcalls-since-flip=16 drawcalls-total=41415 fail-total=0 null-skips-total=0
[10:04:03] [info] tas: stall frame 224 ms -> contributing 1 tick (patch 0286)
[10:04:03] [info] tas: stall frame 209 ms -> contributing 1 tick (patch 0286)
[10:04:04] [info] tas: stall frame 200 ms -> contributing 1 tick (patch 0286)
[10:04:04] [info] tas: stall frame 200 ms -> contributing 1 tick (patch 0286)
[10:04:04] [info] tas: stall frame 200 ms -> contributing 1 tick (patch 0286)
[10:04:04] [info] tas: stall frame 198 ms -> contributing 1 tick (patch 0286)
[10:04:04] [info] tas: stall frame 198 ms -> contributing 1 tick (patch 0286)
[10:04:05] [info] tas: stall frame 189 ms -> contributing 1 tick (patch 0286)
[10:04:05] [info] tas: stall frame 188 ms -> contributing 1 tick (patch 0286)
[10:04:05] [info] tas: stall frame 190 ms -> contributing 1 tick (patch 0286)
[10:04:05] [info] flip-probe: flip #680 ok=true present=81ms inter_flip_ms=190 drawcalls-since-flip=14 drawcalls-total=41565 fail-total=0 null-skips-total=0
[10:04:05] [info] tas: stall frame 189 ms -> contributing 1 tick (patch 0286)
[10:04:05] [info] tas: stall frame 181 ms -> contributing 1 tick (patch 0286)
[10:04:06] [info] tas: stall frame 181 ms -> contributing 1 tick (patch 0286)
[10:04:06] [info] tas: stall frame 180 ms -> contributing 1 tick (patch 0286)
[10:04:06] [info] tas: stall frame 180 ms -> contributing 1 tick (patch 0286)
[10:04:06] [info] tas: stall frame 181 ms -> contributing 1 tick (patch 0286)
[10:04:06] [info] tas: stall frame 180 ms -> contributing 1 tick (patch 0286)
[10:04:06] [info] tas: stall frame 180 ms -> contributing 1 tick (patch 0286)
[10:04:07] [info] drawcall drawSurface call 39000: src=8x8 dst=8x8 at (48,24) took 0ms
[10:04:07] [info] tas: stall frame 187 ms -> contributing 1 tick (patch 0286)
[10:04:07] [info] tas: stall frame 181 ms -> contributing 1 tick (patch 0286)
[10:04:07] [info] flip-probe: flip #690 ok=true present=81ms inter_flip_ms=183 drawcalls-since-flip=14 drawcalls-total=41705 fail-total=0 null-skips-total=0
[10:04:07] [info] tas: stall frame 189 ms -> contributing 1 tick (patch 0286)
[10:04:07] [info] tas: stall frame 181 ms -> contributing 1 tick (patch 0286)
[10:04:07] [info] tas: stall frame 181 ms -> contributing 1 tick (patch 0286)
[10:04:08] [info] tas: stall frame 179 ms -> contributing 1 tick (patch 0286)
[10:04:08] [info] tas: stall frame 180 ms -> contributing 1 tick (patch 0286)
[10:04:08] [info] tas: stall frame 181 ms -> contributing 1 tick (patch 0286)
[10:04:08] [info] tas: stall frame 181 ms -> contributing 1 tick (patch 0286)
[10:04:08] [info] tas: stall frame 180 ms -> contributing 1 tick (patch 0286)
[10:04:08] [info] tas: stall frame 179 ms -> contributing 1 tick (patch 0286)
[10:04:09] [info] tas: stall frame 181 ms -> contributing 1 tick (patch 0286)
[10:04:09] [info] flip-probe: flip #700 ok=true present=112ms inter_flip_ms=180 drawcalls-since-flip=14 drawcalls-total=41845 fail-total=0 null-skips-total=0
[10:04:09] [info] drawcall tally block 7: drawcalls=1449 total_ms=134 avg_ms_x10=0 (over 100 flips ending at flip 700)
[10:04:09] [info] alpha audit block 7: 1449 total drawcalls, 0 with alpha<255 (block pct_x10=0; global 0/39158 pct_x10=0); alpha-mod skipped: block=1449 global=41411
[10:04:09] [info] fastpath audit block 7: taken=0 (idx8=0) skipped=1449 pct_x10=0; global taken=0 (idx8=0) skipped=39158 pct_x10=0
[10:04:09] [info] primitive tally block 7: clear=200(hr=0) fill=0(hr=0) rect=0(hr=0) line=0(hr=0) tint=0 spotlight=0 (over 100 flips ending at flip 700)
[10:04:09] [info] slowpath reason block 7: alpha=0 format=0 windim=1449 null_src=0 other=0 (of 1449 total drawSurface slow-path)
[10:04:09] [info] phase timing block 7: drawcalls=1649 dc_total_ms=315 flip_inner_total_ms=10200 inter_flip_total_ms=20535 (per-flip avg x10: dc_ms=31 fi_ms=1020 if_ms=2053 derived audio+engine_ms=1002; per-drawcall avg us_x10=1914) [direct-vesa: presents=0 total_ms=0 avg_ms_x10=0 failed=0] [ablation: NO_DC_TIMING=0 CACHE_WINSURF=0 DIRECT_VESA=1]
[10:04:09] [info] kbd/audio block 7: kbd_irq=0 kbd_drain=0 ring_chunks=16 pump_pass=702 pic1_mask=0xb8 first_irq_ticks=0 install_ticks=0 vector_at_install=0x0083def0 pic1_mask_live=0x98 kbd_8042_stat=0x34 bios_kbd_head=0x0022 bios_kbd_tail=0x0022 bios_kbd_buf0=0x1c0d
[10:04:09] [info] dirty-rect block @flip=700: total_calls=0 dirty_rects_avg=1 dirty_pct_x10=1000 forced_full=0 first_n_force=0 threshold_exceeded=0 dirty_path_taken=100 full_flush_taken=0
[10:04:09] [info] prev-frame-diff block @flip=700: diff_calls=0 diff_rects_avg=0 diff_dirty_pct_x10=0 bbox_pct_x10=0 bbox_thresh_exceeded=0
[10:04:09] [info] tas: stall frame 283 ms -> contributing 1 tick (patch 0286)
[10:04:09] [info] tas: stall frame 180 ms -> contributing 1 tick (patch 0286)
[10:04:09] [info] tas: stall frame 180 ms -> contributing 1 tick (patch 0286)
[10:04:09] [info] tas: stall frame 178 ms -> contributing 1 tick (patch 0286)
[10:04:10] [info] tas: stall frame 181 ms -> contributing 1 tick (patch 0286)
[10:04:10] [info] tas: stall frame 179 ms -> contributing 1 tick (patch 0286)
[10:04:10] [info] tas: stall frame 179 ms -> contributing 1 tick (patch 0286)
[10:04:10] [info] tas: stall frame 179 ms -> contributing 1 tick (patch 0286)
[10:04:10] [info] tas: stall frame 179 ms -> contributing 1 tick (patch 0286)
[10:04:11] [info] tas: stall frame 180 ms -> contributing 1 tick (patch 0286)
[10:04:11] [info] flip-probe: flip #710 ok=true present=81ms inter_flip_ms=180 drawcalls-since-flip=14 drawcalls-total=41985 fail-total=0 null-skips-total=0
[10:04:11] [info] tas: stall frame 188 ms -> contributing 1 tick (patch 0286)
[10:04:11] [info] tas: stall frame 180 ms -> contributing 1 tick (patch 0286)
[10:04:11] [info] tas: stall frame 180 ms -> contributing 1 tick (patch 0286)
[10:04:11] [info] tas: stall frame 178 ms -> contributing 1 tick (patch 0286)
[10:04:11] [info] tas: stall frame 179 ms -> contributing 1 tick (patch 0286)
[10:04:12] [info] tas: stall frame 181 ms -> contributing 1 tick (patch 0286)
[10:04:12] [info] tas: stall frame 179 ms -> contributing 1 tick (patch 0286)
[10:04:12] [info] tas: stall frame 179 ms -> contributing 1 tick (patch 0286)
[10:04:13] [info] tas: stall frame 640 ms -> contributing 1 tick (patch 0286)
[10:04:13] [info] tas: stall frame 753 ms -> contributing 1 tick (patch 0286)
[10:04:14] [info] flip-probe: flip #720 ok=true present=748ms inter_flip_ms=757 drawcalls-since-flip=139 drawcalls-total=42455 fail-total=0 null-skips-total=0
[10:04:14] [info] tas: stall frame 876 ms -> contributing 1 tick (patch 0286)
[10:04:14] [info] backdrop cache: thrashing-detect engaged (streak=364, route=direct)
[10:04:15] [info] tas: stall frame 976 ms -> contributing 1 tick (patch 0286)
[10:04:15] [info] drawcall drawSurface call 40000: src=16x16 dst=16x16 at (63,80) took 0ms
[10:04:16] [info] tas: stall frame 1069 ms -> contributing 1 tick (patch 0286)
[10:04:17] [info] tas: stall frame 1146 ms -> contributing 1 tick (patch 0286)
[10:04:19] [info] tas: stall frame 1223 ms -> contributing 1 tick (patch 0286)
[10:04:20] [info] tas: stall frame 1287 ms -> contributing 1 tick (patch 0286)
[10:04:21] [info] tas: stall frame 1346 ms -> contributing 1 tick (patch 0286)
[10:04:21] [info] drawcall drawSurface call 41000: src=16x16 dst=16x16 at (127,0) took 0ms
[10:04:23] [info] tas: stall frame 1399 ms -> contributing 1 tick (patch 0286)
[10:04:24] [info] tas: stall frame 1442 ms -> contributing 1 tick (patch 0286)
[10:04:26] [info] tas: stall frame 1490 ms -> contributing 1 tick (patch 0286)
[10:04:27] [info] flip-probe: flip #730 ok=true present=1386ms inter_flip_ms=1494 drawcalls-since-flip=289 drawcalls-total=44670 fail-total=0 null-skips-total=0
[10:04:27] [info] tas: stall frame 1545 ms -> contributing 1 tick (patch 0286)
[10:04:27] [info] drawcall drawSurface call 42000: src=16x16 dst=16x16 at (271,208) took 0ms
[10:04:29] [info] tas: stall frame 1593 ms -> contributing 1 tick (patch 0286)
[10:04:30] [info] tas: stall frame 1609 ms -> contributing 1 tick (patch 0286)
[10:04:32] [info] tas: stall frame 1600 ms -> contributing 1 tick (patch 0286)
[10:04:32] [info] drawcall drawSurface call 43000: src=16x16 dst=16x16 at (223,224) took 0ms
[10:04:34] [info] tas: stall frame 1584 ms -> contributing 1 tick (patch 0286)
[10:04:35] [info] tas: stall frame 1547 ms -> contributing 1 tick (patch 0286)
[10:04:37] [info] tas: stall frame 1506 ms -> contributing 1 tick (patch 0286)
[10:04:37] [info] drawcall drawSurface call 44000: src=16x16 dst=16x16 at (159,0) took 0ms
[10:04:38] [info] tas: stall frame 1678 ms -> contributing 1 tick (patch 0286)
[10:04:40] [info] tas: stall frame 1398 ms -> contributing 1 tick (patch 0286)
[10:04:41] [info] tas: stall frame 1330 ms -> contributing 1 tick (patch 0286)
[10:04:41] [info] drawcall drawSurface call 45000: src=16x16 dst=16x16 at (111,16) took 0ms
[10:04:42] [info] flip-probe: flip #740 ok=true present=1105ms inter_flip_ms=1339 drawcalls-since-flip=319 drawcalls-total=47845 fail-total=0 null-skips-total=0
[10:04:42] [info] tas: stall frame 1282 ms -> contributing 1 tick (patch 0286)
[10:04:44] [info] tas: stall frame 1209 ms -> contributing 1 tick (patch 0286)
[10:04:45] [info] tas: stall frame 1164 ms -> contributing 1 tick (patch 0286)
[10:04:45] [info] drawcall drawSurface call 46000: src=16x16 dst=16x16 at (63,32) took 0ms
[10:04:46] [info] tas: stall frame 1134 ms -> contributing 1 tick (patch 0286)
[10:04:47] [info] tas: stall frame 1101 ms -> contributing 1 tick (patch 0286)
[10:04:48] [info] tas: stall frame 1084 ms -> contributing 1 tick (patch 0286)
[10:04:48] [info] drawcall drawSurface call 47000: src=16x16 dst=16x16 at (15,48) took 0ms
[10:04:49] [info] tas: stall frame 1081 ms -> contributing 1 tick (patch 0286)
[10:04:50] [info] tas: stall frame 1074 ms -> contributing 1 tick (patch 0286)
[10:04:50] [info]  >> Entering stage 17: 'Yamashita Farm'.
[10:04:50] [info] [skip-sheet-flush] cave=4
[10:04:51] [info] [load-stage] preloading entry music song=13 (cave=4)
[10:04:51] [info] [music-dispatch] tick=755 song=13 (prev 9)
[10:04:51] [info] opl3 backend: on_song_stop
[10:04:51] [info] MidiScheduler::load: parsed 'data/orgmid2/plant.mid' = 3000 events at 48 PPQ
[10:04:51] [info] opl3 backend: on_song_start
[10:04:51] [info] gameloop: entered (curmap=17, running=1)
[10:04:51] [info] gameloop: iter 1 ticks=448796 mapno=-1
[10:04:53] [info] flip-probe: flip #750 ok=true present=1022ms inter_flip_ms=1395 drawcalls-since-flip=400 drawcalls-total=50486 fail-total=0 null-skips-total=0
[10:04:53] [info] gameloop: iter 2 ticks=450434 mapno=-1
[10:04:53] [info] tas: stall frame 1638 ms -> contributing 1 tick (patch 0286)
[10:04:53] [info] drawcall drawSurface call 48000: src=16x16 dst=16x16 at (192,144) took 0ms
[10:04:54] [info] gameloop: iter 3 ticks=451908 mapno=-1
[10:04:54] [info] tas: stall frame 1473 ms -> contributing 1 tick (patch 0286)
[10:04:56] [info] tas: stall frame 1489 ms -> contributing 1 tick (patch 0286)
[10:04:57] [info] tas: stall frame 1527 ms -> contributing 1 tick (patch 0286)
[10:04:58] [info] drawcall drawSurface call 49000: src=16x16 dst=16x16 at (16,112) took 0ms
[10:04:59] [info] tas: stall frame 1579 ms -> contributing 1 tick (patch 0286)
[10:05:00] [info] tas: stall frame 1628 ms -> contributing 1 tick (patch 0286)
[10:05:01] [info] drawcall drawSurface call 50000: src=16x16 dst=16x16 at (240,224) took 0ms
[10:05:02] [info] tas: stall frame 1701 ms -> contributing 1 tick (patch 0286)
[10:05:04] [info] tas: stall frame 1762 ms -> contributing 1 tick (patch 0286)
[10:05:06] [info] tas: stall frame 1824 ms -> contributing 1 tick (patch 0286)
[10:05:06] [info] drawcall drawSurface call 51000: src=16x16 dst=16x16 at (48,192) took 0ms
[10:05:08] [info] tas: stall frame 1879 ms -> contributing 1 tick (patch 0286)
[10:05:10] [info] flip-probe: flip #760 ok=true present=1479ms inter_flip_ms=1876 drawcalls-since-flip=410 drawcalls-total=54541 fail-total=0 null-skips-total=0
[10:05:10] [info] tas: stall frame 1923 ms -> contributing 1 tick (patch 0286)
[10:05:10] [info] drawcall drawSurface call 52000: src=16x16 dst=16x16 at (272,160) took 0ms
[10:05:12] [info] tas: stall frame 1956 ms -> contributing 1 tick (patch 0286)
[10:05:13] [info] tas: stall frame 1970 ms -> contributing 1 tick (patch 0286)
[10:05:16] [info] tas: stall frame 1986 ms -> contributing 1 tick (patch 0286)
[10:05:16] [info] drawcall drawSurface call 53000: src=16x16 dst=16x16 at (64,176) took 0ms
[10:05:17] [info] tas: stall frame 1993 ms -> contributing 1 tick (patch 0286)
[10:05:19] [info] tas: stall frame 1950 ms -> contributing 1 tick (patch 0286)
[10:05:21] [info] tas: stall frame 1891 ms -> contributing 1 tick (patch 0286)
[10:05:21] [info] drawcall drawSurface call 54000: src=16x16 dst=16x16 at (184,136) took 0ms
[10:05:23] [info] tas: stall frame 1852 ms -> contributing 1 tick (patch 0286)
[10:05:25] [info] tas: stall frame 1800 ms -> contributing 1 tick (patch 0286)
[10:05:25] [info] drawcall drawSurface call 55000: src=16x16 dst=16x16 at (304,176) took 0ms
[10:05:27] [info] tas: stall frame 1760 ms -> contributing 1 tick (patch 0286)
[10:05:28] [info] flip-probe: flip #770 ok=true present=1266ms inter_flip_ms=1749 drawcalls-since-flip=325 drawcalls-total=58357 fail-total=0 null-skips-total=0
[10:05:28] [info] tas: stall frame 1701 ms -> contributing 1 tick (patch 0286)
[10:05:30] [info] tas: stall frame 1630 ms -> contributing 1 tick (patch 0286)
[10:05:32] [info] tas: stall frame 1556 ms -> contributing 1 tick (patch 0286)
[10:05:32] [info] drawcall drawSurface call 56000: src=16x16 dst=16x16 at (144,64) took 0ms
[10:05:33] [info] tas: stall frame 1478 ms -> contributing 1 tick (patch 0286)
[10:05:34] [info] tas: stall frame 1380 ms -> contributing 1 tick (patch 0286)
[10:05:36] [info] tas: stall frame 1279 ms -> contributing 1 tick (patch 0286)
[10:05:37] [info] tas: stall frame 1172 ms -> contributing 1 tick (patch 0286)
[10:05:37] [info] drawcall drawSurface call 57000: src=16x16 dst=16x16 at (224,112) took 0ms
[10:05:38] [info] tas: stall frame 1063 ms -> contributing 1 tick (patch 0286)
[10:05:39] [info] tas: stall frame 947 ms -> contributing 1 tick (patch 0286)
[10:05:40] [info] tas: stall frame 851 ms -> contributing 1 tick (patch 0286)
[10:05:41] [info] flip-probe: flip #780 ok=true present=364ms inter_flip_ms=850 drawcalls-since-flip=177 drawcalls-total=60798 fail-total=0 null-skips-total=0
[10:05:41] [info] tas: stall frame 772 ms -> contributing 1 tick (patch 0286)
[10:05:41] [info] tas: stall frame 687 ms -> contributing 1 tick (patch 0286)
[10:05:42] [info] tas: stall frame 617 ms -> contributing 1 tick (patch 0286)
[10:05:42] [info] drawcall drawSurface call 58000: src=16x16 dst=16x16 at (328,248) took 0ms
[10:05:42] [info] tas: stall frame 561 ms -> contributing 1 tick (patch 0286)
[10:05:43] [info] tas: stall frame 509 ms -> contributing 1 tick (patch 0286)
[10:05:43] [info] tas: stall frame 513 ms -> contributing 1 tick (patch 0286)
[10:05:44] [info] tas: stall frame 592 ms -> contributing 1 tick (patch 0286)
[10:05:45] [info] tas: stall frame 594 ms -> contributing 1 tick (patch 0286)
[10:05:45] [info] tas: stall frame 597 ms -> contributing 1 tick (patch 0286)
[10:05:46] [info] tas: stall frame 596 ms -> contributing 1 tick (patch 0286)
[10:05:46] [info] flip-probe: flip #790 ok=true present=195ms inter_flip_ms=594 drawcalls-since-flip=131 drawcalls-total=62129 fail-total=0 null-skips-total=0
[10:05:46] [info] tas: stall frame 602 ms -> contributing 1 tick (patch 0286)
[10:05:47] [info] tas: stall frame 594 ms -> contributing 1 tick (patch 0286)
[10:05:47] [info] drawcall drawSurface call 59000: src=16x16 dst=16x16 at (-24,104) took 0ms
[10:05:48] [info] tas: stall frame 824 ms -> contributing 1 tick (patch 0286)
[10:05:48] [info] tas: stall frame 599 ms -> contributing 1 tick (patch 0286)
[10:05:49] [info] tas: stall frame 597 ms -> contributing 1 tick (patch 0286)
[10:05:50] [info] tas: stall frame 602 ms -> contributing 1 tick (patch 0286)
[10:05:50] [info] tas: stall frame 604 ms -> contributing 1 tick (patch 0286)
[10:05:51] [info] tas: stall frame 823 ms -> contributing 1 tick (patch 0286)
[10:05:52] [info] tas: stall frame 607 ms -> contributing 1 tick (patch 0286)
[10:05:52] [info] tas: stall frame 604 ms -> contributing 1 tick (patch 0286)
[10:05:53] [info] drawcall drawSurface call 60000: src=16x16 dst=16x16 at (280,248) took 0ms
[10:05:53] [info] flip-probe: flip #800 ok=true present=220ms inter_flip_ms=615 drawcalls-since-flip=138 drawcalls-total=63476 fail-total=0 null-skips-total=0
[10:05:53] [info] drawcall tally block 8: drawcalls=20868 total_ms=1712 avg_ms_x10=0 (over 100 flips ending at flip 800)
[10:05:53] [info] alpha audit block 8: 20868 total drawcalls, 0 with alpha<255 (block pct_x10=0; global 0/60026 pct_x10=0); alpha-mod skipped: block=21531 global=62942
[10:05:53] [info] fastpath audit block 8: taken=0 (idx8=0) skipped=20868 pct_x10=0; global taken=0 (idx8=0) skipped=60026 pct_x10=0
[10:05:53] [info] primitive tally block 8: clear=202(hr=0) fill=0(hr=0) rect=0(hr=0) line=0(hr=0) tint=0 spotlight=0 (over 100 flips ending at flip 800)
[10:05:53] [info] slowpath reason block 8: alpha=0 format=0 windim=20868 null_src=0 other=0 (of 20868 total drawSurface slow-path)
[10:05:53] [info] color/alpha audit block 8: cmod_white=663 cmod_black=0 (idx=0) cmod_general=0 (idx=0) cmod_fb=663; alpha_taken=0 alpha_skipped=0 (global cmod=3729/0/0/2916 idx=0/0 alpha=0/0)
[10:05:53] [info] phase timing block 8: drawcalls=22447 dc_total_ms=4842 flip_inner_total_ms=74842 inter_flip_total_ms=104003 (per-flip avg x10: dc_ms=484 fi_ms=7484 if_ms=10400 derived audio+engine_ms=2432; per-drawcall avg us_x10=2157) [direct-vesa: presents=0 total_ms=0 avg_ms_x10=0 failed=0] [ablation: NO_DC_TIMING=0 CACHE_WINSURF=0 DIRECT_VESA=1]
[10:05:53] [info] kbd/audio block 8: kbd_irq=0 kbd_drain=0 ring_chunks=16 pump_pass=806 pic1_mask=0xb8 first_irq_ticks=0 install_ticks=0 vector_at_install=0x0083def0 pic1_mask_live=0x98 kbd_8042_stat=0x34 bios_kbd_head=0x0022 bios_kbd_tail=0x0022 bios_kbd_buf0=0x1c0d
[10:05:53] [info] dirty-rect block @flip=800: total_calls=0 dirty_rects_avg=1 dirty_pct_x10=1000 forced_full=0 first_n_force=0 threshold_exceeded=0 dirty_path_taken=100 full_flush_taken=0
[10:05:53] [info] prev-frame-diff block @flip=800: diff_calls=0 diff_rects_avg=0 diff_dirty_pct_x10=0 bbox_pct_x10=0 bbox_thresh_exceeded=0
[10:05:53] [info] tas: stall frame 719 ms -> contributing 1 tick (patch 0286)
[10:05:54] [info] tas: stall frame 607 ms -> contributing 1 tick (patch 0286)
[10:05:54] [info] tas: stall frame 607 ms -> contributing 1 tick (patch 0286)
[10:05:55] [info] tas: stall frame 605 ms -> contributing 1 tick (patch 0286)
[10:05:55] [info] tas: stall frame 603 ms -> contributing 1 tick (patch 0286)
[10:05:56] [info] tas: stall frame 605 ms -> contributing 1 tick (patch 0286)
[10:05:57] [info] tas: stall frame 603 ms -> contributing 1 tick (patch 0286)
[10:05:57] [info] tas: stall frame 599 ms -> contributing 1 tick (patch 0286)
[10:05:58] [info] drawcall drawSurface call 61000: src=1x6 dst=1x6 at (157,88) took 0ms
[10:05:58] [info] tas: stall frame 609 ms -> contributing 1 tick (patch 0286)
[10:05:58] [info] tas: stall frame 599 ms -> contributing 1 tick (patch 0286)
[10:05:59] [info] flip-probe: flip #810 ok=true present=194ms inter_flip_ms=594 drawcalls-since-flip=130 drawcalls-total=64831 fail-total=0 null-skips-total=0
[10:05:59] [info] tas: stall frame 600 ms -> contributing 1 tick (patch 0286)
[10:06:00] [info] tas: stall frame 591 ms -> contributing 1 tick (patch 0286)
[10:06:00] [info] tas: stall frame 596 ms -> contributing 1 tick (patch 0286)
[10:06:01] [info] tas: stall frame 596 ms -> contributing 1 tick (patch 0286)
[10:06:01] [info] tas: stall frame 598 ms -> contributing 1 tick (patch 0286)
[10:06:02] [info] tas: stall frame 598 ms -> contributing 1 tick (patch 0286)
[10:06:03] [info] tas: stall frame 602 ms -> contributing 1 tick (patch 0286)
[10:06:03] [info] drawcall drawSurface call 62000: src=16x16 dst=16x16 at (184,-24) took 0ms
[10:06:03] [info] tas: stall frame 607 ms -> contributing 1 tick (patch 0286)
[10:06:04] [info] tas: stall frame 602 ms -> contributing 1 tick (patch 0286)
[10:06:04] [info] tas: stall frame 602 ms -> contributing 1 tick (patch 0286)
[10:06:05] [info] flip-probe: flip #820 ok=true present=195ms inter_flip_ms=601 drawcalls-since-flip=136 drawcalls-total=66164 fail-total=0 null-skips-total=0
[10:06:05] [info] tas: stall frame 608 ms -> contributing 1 tick (patch 0286)
[10:06:06] [info] tas: stall frame 603 ms -> contributing 1 tick (patch 0286)
[10:06:06] [info] tas: stall frame 604 ms -> contributing 1 tick (patch 0286)
[10:06:07] [info] tas: stall frame 605 ms -> contributing 1 tick (patch 0286)
[10:06:07] [info] tas: stall frame 604 ms -> contributing 1 tick (patch 0286)
[10:06:08] [info] drawcall drawSurface call 63000: src=16x16 dst=16x16 at (-8,248) took 0ms
[10:06:08] [info] tas: stall frame 610 ms -> contributing 1 tick (patch 0286)
[10:06:09] [info] tas: stall frame 604 ms -> contributing 1 tick (patch 0286)
[10:06:09] [info] tas: stall frame 606 ms -> contributing 1 tick (patch 0286)
[10:06:10] [info] tas: stall frame 609 ms -> contributing 1 tick (patch 0286)
[10:06:11] [info] tas: stall frame 611 ms -> contributing 1 tick (patch 0286)
[10:06:11] [info] flip-probe: flip #830 ok=true present=195ms inter_flip_ms=610 drawcalls-since-flip=138 drawcalls-total=67528 fail-total=0 null-skips-total=0
[10:06:11] [info] tas: stall frame 617 ms -> contributing 1 tick (patch 0286)
[10:06:12] [info] tas: stall frame 613 ms -> contributing 1 tick (patch 0286)
[10:06:12] [info] tas: stall frame 616 ms -> contributing 1 tick (patch 0286)
[10:06:13] [info] drawcall drawSurface call 64000: src=16x16 dst=16x16 at (120,248) took 0ms
[10:06:13] [info] tas: stall frame 624 ms -> contributing 1 tick (patch 0286)
[10:06:14] [info] tas: stall frame 617 ms -> contributing 1 tick (patch 0286)
[10:06:14] [info] tas: stall frame 613 ms -> contributing 1 tick (patch 0286)
[10:06:15] [info] tas: stall frame 612 ms -> contributing 1 tick (patch 0286)
[10:06:15] [info] tas: stall frame 615 ms -> contributing 1 tick (patch 0286)
[10:06:16] [info] tas: stall frame 613 ms -> contributing 1 tick (patch 0286)
[10:06:17] [info] tas: stall frame 646 ms -> contributing 1 tick (patch 0286)
[10:06:17] [info] flip-probe: flip #840 ok=true present=220ms inter_flip_ms=647 drawcalls-since-flip=143 drawcalls-total=68935 fail-total=0 null-skips-total=0
[10:06:17] [info] tas: stall frame 654 ms -> contributing 1 tick (patch 0286)
[10:06:18] [info] drawcall drawSurface call 65000: src=16x16 dst=16x16 at (-25,136) took 0ms
[10:06:18] [info] tas: stall frame 646 ms -> contributing 1 tick (patch 0286)
[10:06:19] [info] tas: stall frame 634 ms -> contributing 1 tick (patch 0286)
[10:06:19] [info] tas: stall frame 655 ms -> contributing 1 tick (patch 0286)
[10:06:20] [info] tas: stall frame 636 ms -> contributing 1 tick (patch 0286)
[10:06:21] [info] tas: stall frame 634 ms -> contributing 1 tick (patch 0286)
[10:06:21] [info] tas: stall frame 655 ms -> contributing 1 tick (patch 0286)
[10:06:22] [info] tas: stall frame 647 ms -> contributing 1 tick (patch 0286)
[10:06:23] [info] tas: stall frame 646 ms -> contributing 1 tick (patch 0286)
[10:06:23] [info] drawcall drawSurface call 66000: src=16x16 dst=16x16 at (226,-24) took 0ms
[10:06:23] [info] tas: stall frame 664 ms -> contributing 1 tick (patch 0286)
[10:06:24] [info] flip-probe: flip #850 ok=true present=214ms inter_flip_ms=640 drawcalls-since-flip=140 drawcalls-total=70346 fail-total=0 null-skips-total=0
[10:06:24] [info] tas: stall frame 852 ms -> contributing 1 tick (patch 0286)
[10:06:25] [info] tas: stall frame 662 ms -> contributing 1 tick (patch 0286)
[10:06:25] [info] tas: stall frame 674 ms -> contributing 1 tick (patch 0286)
[10:06:26] [info] tas: stall frame 653 ms -> contributing 1 tick (patch 0286)
[10:06:27] [info] tas: stall frame 675 ms -> contributing 1 tick (patch 0286)
[10:06:27] [info] tas: stall frame 645 ms -> contributing 1 tick (patch 0286)
[10:06:28] [info] tas: stall frame 664 ms -> contributing 1 tick (patch 0286)
[10:06:28] [info] drawcall drawSurface call 67000: src=5x5 dst=5x5 at (127,89) took 0ms
[10:06:29] [info] tas: stall frame 698 ms -> contributing 1 tick (patch 0286)
[10:06:29] [info] tas: stall frame 659 ms -> contributing 1 tick (patch 0286)
[10:06:30] [info] tas: stall frame 682 ms -> contributing 1 tick (patch 0286)
[10:06:31] [info] flip-probe: flip #860 ok=true present=247ms inter_flip_ms=666 drawcalls-since-flip=128 drawcalls-total=71643 fail-total=0 null-skips-total=0
[10:06:31] [info] tas: stall frame 674 ms -> contributing 1 tick (patch 0286)
[10:06:31] [info] tas: stall frame 677 ms -> contributing 1 tick (patch 0286)
[10:06:32] [info] tas: stall frame 664 ms -> contributing 1 tick (patch 0286)
[10:06:33] [info] tas: stall frame 646 ms -> contributing 1 tick (patch 0286)
[10:06:33] [info] tas: stall frame 667 ms -> contributing 1 tick (patch 0286)
[10:06:34] [info] tas: stall frame 680 ms -> contributing 1 tick (patch 0286)
[10:06:35] [info] drawcall drawSurface call 68000: src=16x16 dst=16x16 at (207,248) took 0ms
[10:06:35] [info] tas: stall frame 671 ms -> contributing 1 tick (patch 0286)
[10:06:35] [info] tas: stall frame 672 ms -> contributing 1 tick (patch 0286)
[10:06:36] [info] tas: stall frame 666 ms -> contributing 1 tick (patch 0286)
[10:06:37] [info] tas: stall frame 645 ms -> contributing 1 tick (patch 0286)
[10:06:37] [info] flip-probe: flip #870 ok=true present=99ms inter_flip_ms=658 drawcalls-since-flip=101 drawcalls-total=72899 fail-total=0 null-skips-total=0
[10:06:37] [info] tas: stall frame 542 ms -> contributing 1 tick (patch 0286)
[10:06:38] [info] tas: stall frame 538 ms -> contributing 1 tick (patch 0286)
[10:06:38] [info] tas: stall frame 526 ms -> contributing 1 tick (patch 0286)
[10:06:39] [info] tas: stall frame 539 ms -> contributing 1 tick (patch 0286)
[10:06:39] [info] tas: stall frame 537 ms -> contributing 1 tick (patch 0286)
[10:06:40] [info] tas: stall frame 515 ms -> contributing 1 tick (patch 0286)
[10:06:40] [info] drawcall drawSurface call 69000: src=2x2 dst=2x2 at (202,77) took 0ms
[10:06:40] [info] tas: stall frame 537 ms -> contributing 1 tick (patch 0286)
[10:06:41] [info] tas: stall frame 526 ms -> contributing 1 tick (patch 0286)
[10:06:42] [info] tas: stall frame 529 ms -> contributing 1 tick (patch 0286)
[10:06:42] [info] backdrop cache: thrashing-detect engaged (streak=4, route=direct)
[10:06:42] [info] tas: stall frame 520 ms -> contributing 1 tick (patch 0286)
[10:06:43] [info] flip-probe: flip #880 ok=true present=82ms inter_flip_ms=517 drawcalls-since-flip=103 drawcalls-total=73917 fail-total=0 null-skips-total=0
[10:06:43] [info] tas: stall frame 524 ms -> contributing 1 tick (patch 0286)
[10:06:43] [info] tas: stall frame 519 ms -> contributing 1 tick (patch 0286)
[10:06:44] [info] tas: stall frame 516 ms -> contributing 1 tick (patch 0286)
[10:06:44] [info] tas: stall frame 524 ms -> contributing 1 tick (patch 0286)
[10:06:45] [info] tas: stall frame 521 ms -> contributing 1 tick (patch 0286)
[10:06:45] [info] tas: stall frame 522 ms -> contributing 1 tick (patch 0286)
[10:06:45] [info] drawcall drawSurface call 70000: src=16x16 dst=16x16 at (306,88) took 0ms
[10:06:46] [info] tas: stall frame 528 ms -> contributing 1 tick (patch 0286)
[10:06:46] [info] tas: stall frame 521 ms -> contributing 1 tick (patch 0286)
[10:06:47] [info] tas: stall frame 521 ms -> contributing 1 tick (patch 0286)
[10:06:47] [info] tas: stall frame 521 ms -> contributing 1 tick (patch 0286)
[10:06:48] [info] flip-probe: flip #890 ok=true present=82ms inter_flip_ms=526 drawcalls-since-flip=103 drawcalls-total=74941 fail-total=0 null-skips-total=0
[10:06:48] [info] tas: stall frame 533 ms -> contributing 1 tick (patch 0286)
[10:06:48] [info] tas: stall frame 526 ms -> contributing 1 tick (patch 0286)
[10:06:49] [info] tas: stall frame 528 ms -> contributing 1 tick (patch 0286)
[10:06:49] [info] tas: stall frame 528 ms -> contributing 1 tick (patch 0286)
[10:06:50] [info] run_tick_fixed #900: heartbeat (loop alive)
[10:06:50] [info] tas: stall frame 537 ms -> contributing 1 tick (patch 0286)
[10:06:50] [info] drawcall drawSurface call 71000: src=16x16 dst=16x16 at (54,248) took 0ms
[10:06:50] [info] tas: stall frame 538 ms -> contributing 1 tick (patch 0286)
[10:06:51] [info] tas: stall frame 532 ms -> contributing 1 tick (patch 0286)
[10:06:52] [info] tas: stall frame 533 ms -> contributing 1 tick (patch 0286)
[10:06:52] [info] tas: stall frame 533 ms -> contributing 1 tick (patch 0286)
[10:06:53] [info] tas: stall frame 534 ms -> contributing 1 tick (patch 0286)
[10:06:53] [info] flip-probe: flip #900 ok=true present=110ms inter_flip_ms=539 drawcalls-since-flip=109 drawcalls-total=76010 fail-total=0 null-skips-total=0
[10:06:53] [info] drawcall tally block 9: drawcalls=11537 total_ms=951 avg_ms_x10=0 (over 100 flips ending at flip 900)
[10:06:53] [info] alpha audit block 9: 11537 total drawcalls, 0 with alpha<255 (block pct_x10=0; global 0/71563 pct_x10=0); alpha-mod skipped: block=12434 global=75376
[10:06:53] [info] fastpath audit block 9: taken=0 (idx8=0) skipped=11537 pct_x10=0; global taken=0 (idx8=0) skipped=71563 pct_x10=0
[10:06:53] [info] primitive tally block 9: clear=200(hr=0) fill=0(hr=0) rect=0(hr=0) line=0(hr=0) tint=0 spotlight=0 (over 100 flips ending at flip 900)
[10:06:53] [info] slowpath reason block 9: alpha=0 format=0 windim=11537 null_src=0 other=0 (of 11537 total drawSurface slow-path)
[10:06:53] [info] color/alpha audit block 9: cmod_white=897 cmod_black=0 (idx=0) cmod_general=0 (idx=0) cmod_fb=897; alpha_taken=0 alpha_skipped=0 (global cmod=4626/0/0/3813 idx=0/0 alpha=0/0)
[10:06:53] [info] phase timing block 9: drawcalls=13609 dc_total_ms=3265 flip_inner_total_ms=17559 inter_flip_total_ms=60327 (per-flip avg x10: dc_ms=326 fi_ms=1755 if_ms=6032 derived audio+engine_ms=3951; per-drawcall avg us_x10=2399) [direct-vesa: presents=0 total_ms=0 avg_ms_x10=0 failed=0] [ablation: NO_DC_TIMING=0 CACHE_WINSURF=0 DIRECT_VESA=1]
[10:06:53] [info] kbd/audio block 9: kbd_irq=0 kbd_drain=0 ring_chunks=16 pump_pass=906 pic1_mask=0xb8 first_irq_ticks=0 install_ticks=0 vector_at_install=0x0083def0 pic1_mask_live=0x98 kbd_8042_stat=0x34 bios_kbd_head=0x0022 bios_kbd_tail=0x0022 bios_kbd_buf0=0x1c0d
[10:06:53] [info] dirty-rect block @flip=900: total_calls=0 dirty_rects_avg=1 dirty_pct_x10=1000 forced_full=0 first_n_force=0 threshold_exceeded=0 dirty_path_taken=100 full_flush_taken=0
[10:06:53] [info] prev-frame-diff block @flip=900: diff_calls=0 diff_rects_avg=0 diff_dirty_pct_x10=0 bbox_pct_x10=0 bbox_thresh_exceeded=0
[10:06:53] [info] tas: stall frame 646 ms -> contributing 1 tick (patch 0286)
[10:06:54] [info] tas: stall frame 539 ms -> contributing 1 tick (patch 0286)
[10:06:54] [info] tas: stall frame 542 ms -> contributing 1 tick (patch 0286)
[10:06:55] [info] tas: stall frame 544 ms -> contributing 1 tick (patch 0286)
[10:06:55] [info] tas: stall frame 551 ms -> contributing 1 tick (patch 0286)
[10:06:55] [info] drawcall drawSurface call 72000: src=16x16 dst=16x16 at (166,104) took 0ms
[10:06:56] [info] tas: stall frame 558 ms -> contributing 1 tick (patch 0286)
[10:06:57] [info] tas: stall frame 554 ms -> contributing 1 tick (patch 0286)
[10:06:57] [info] tas: stall frame 558 ms -> contributing 1 tick (patch 0286)
[10:06:58] [info] tas: stall frame 561 ms -> contributing 1 tick (patch 0286)
[10:06:58] [info] tas: stall frame 562 ms -> contributing 1 tick (patch 0286)
[10:06:59] [info] flip-probe: flip #910 ok=true present=82ms inter_flip_ms=562 drawcalls-since-flip=110 drawcalls-total=77097 fail-total=0 null-skips-total=0
[10:06:59] [info] tas: stall frame 571 ms -> contributing 1 tick (patch 0286)
[10:06:59] [info] tas: stall frame 564 ms -> contributing 1 tick (patch 0286)
[10:07:00] [info] tas: stall frame 564 ms -> contributing 1 tick (patch 0286)
[10:07:00] [info] tas: stall frame 566 ms -> contributing 1 tick (patch 0286)
[10:07:01] [info] drawcall drawSurface call 73000: src=2x2 dst=2x2 at (154,88) took 0ms
[10:07:01] [info] tas: stall frame 571 ms -> contributing 1 tick (patch 0286)
[10:07:02] [info] tas: stall frame 570 ms -> contributing 1 tick (patch 0286)
[10:07:02] [info] tas: stall frame 572 ms -> contributing 1 tick (patch 0286)
[10:07:03] [info] tas: stall frame 569 ms -> contributing 1 tick (patch 0286)
[10:07:03] [info] tas: stall frame 566 ms -> contributing 1 tick (patch 0286)
[10:07:04] [info] tas: stall frame 565 ms -> contributing 1 tick (patch 0286)
[10:07:04] [info] flip-probe: flip #920 ok=true present=82ms inter_flip_ms=570 drawcalls-since-flip=114 drawcalls-total=78217 fail-total=0 null-skips-total=0
[10:07:04] [info] tas: stall frame 578 ms -> contributing 1 tick (patch 0286)
[10:07:05] [info] tas: stall frame 574 ms -> contributing 1 tick (patch 0286)
[10:07:06] [info] tas: stall frame 790 ms -> contributing 1 tick (patch 0286)
[10:07:06] [info] drawcall drawSurface call 74000: src=2x2 dst=2x2 at (207,63) took 0ms
[10:07:06] [info] tas: stall frame 582 ms -> contributing 1 tick (patch 0286)
[10:07:07] [info] tas: stall frame 582 ms -> contributing 1 tick (patch 0286)
[10:07:08] [info] tas: stall frame 582 ms -> contributing 1 tick (patch 0286)
[10:07:08] [info] tas: stall frame 582 ms -> contributing 1 tick (patch 0286)
[10:07:09] [info] tas: stall frame 571 ms -> contributing 1 tick (patch 0286)
[10:07:09] [info] tas: stall frame 568 ms -> contributing 1 tick (patch 0286)
[10:07:10] [info] tas: stall frame 571 ms -> contributing 1 tick (patch 0286)
[10:07:10] [info] flip-probe: flip #930 ok=true present=108ms inter_flip_ms=572 drawcalls-since-flip=119 drawcalls-total=79383 fail-total=0 null-skips-total=0
[10:07:10] [info] tas: stall frame 605 ms -> contributing 1 tick (patch 0286)
[10:07:11] [info] drawcall drawSurface call 75000: src=16x16 dst=16x16 at (110,248) took 0ms
[10:07:11] [info] tas: stall frame 601 ms -> contributing 1 tick (patch 0286)
[10:07:12] [info] tas: stall frame 590 ms -> contributing 1 tick (patch 0286)
[10:07:12] [info] tas: stall frame 587 ms -> contributing 1 tick (patch 0286)
[10:07:13] [info] tas: stall frame 576 ms -> contributing 1 tick (patch 0286)
[10:07:13] [info] tas: stall frame 571 ms -> contributing 1 tick (patch 0286)
[10:07:14] [info] tas: stall frame 562 ms -> contributing 1 tick (patch 0286)
[10:07:15] [info] tas: stall frame 559 ms -> contributing 1 tick (patch 0286)
[10:07:15] [info] tas: stall frame 567 ms -> contributing 1 tick (patch 0286)
[10:07:15] [info] backdrop cache: thrashing-detect engaged (streak=64, route=direct)
[10:07:16] [info] tas: stall frame 598 ms -> contributing 1 tick (patch 0286)
[10:07:16] [info] drawcall drawSurface call 76000: src=2x2 dst=2x2 at (87,78) took 0ms
[10:07:16] [info] flip-probe: flip #940 ok=true present=135ms inter_flip_ms=594 drawcalls-since-flip=122 drawcalls-total=80588 fail-total=0 null-skips-total=0
[10:07:16] [info] tas: stall frame 594 ms -> contributing 1 tick (patch 0286)
[10:07:17] [info] tas: stall frame 567 ms -> contributing 1 tick (patch 0286)
[10:07:17] [info] tas: stall frame 568 ms -> contributing 1 tick (patch 0286)
[10:07:18] [info] tas: stall frame 558 ms -> contributing 1 tick (patch 0286)
[10:07:19] [info] tas: stall frame 557 ms -> contributing 1 tick (patch 0286)
[10:07:19] [info] tas: stall frame 555 ms -> contributing 1 tick (patch 0286)
[10:07:20] [info] tas: stall frame 541 ms -> contributing 1 tick (patch 0286)
[10:07:20] [info] tas: stall frame 580 ms -> contributing 1 tick (patch 0286)
[10:07:20] [info] drawcall drawSurface call 77000: src=2x2 dst=2x2 at (145,116) took 0ms
[10:07:21] [info] tas: stall frame 577 ms -> contributing 1 tick (patch 0286)
[10:07:21] [info] tas: stall frame 542 ms -> contributing 1 tick (patch 0286)
[10:07:22] [info] flip-probe: flip #950 ok=true present=120ms inter_flip_ms=535 drawcalls-since-flip=126 drawcalls-total=81836 fail-total=0 null-skips-total=0
[10:07:22] [info] tas: stall frame 533 ms -> contributing 1 tick (patch 0286)
[10:07:22] [info] tas: stall frame 527 ms -> contributing 1 tick (patch 0286)
[10:07:23] [info] tas: stall frame 524 ms -> contributing 1 tick (patch 0286)
[10:07:23] [info] tas: stall frame 531 ms -> contributing 1 tick (patch 0286)
[10:07:24] [info] tas: stall frame 527 ms -> contributing 1 tick (patch 0286)
[10:07:25] [info] tas: stall frame 532 ms -> contributing 1 tick (patch 0286)
[10:07:25] [info] drawcall drawSurface call 78000: src=2x2 dst=2x2 at (151,71) took 0ms
[10:07:25] [info] tas: stall frame 544 ms -> contributing 1 tick (patch 0286)
[10:07:26] [info] tas: stall frame 538 ms -> contributing 1 tick (patch 0286)
[10:07:26] [info] tas: stall frame 515 ms -> contributing 1 tick (patch 0286)
[10:07:27] [info] tas: stall frame 517 ms -> contributing 1 tick (patch 0286)
[10:07:27] [info] flip-probe: flip #960 ok=true present=99ms inter_flip_ms=513 drawcalls-since-flip=117 drawcalls-total=83057 fail-total=0 null-skips-total=0
[10:07:27] [info] tas: stall frame 517 ms -> contributing 1 tick (patch 0286)
[10:07:28] [info] tas: stall frame 508 ms -> contributing 1 tick (patch 0286)
[10:07:28] [info] tas: stall frame 510 ms -> contributing 1 tick (patch 0286)
[10:07:29] [info] tas: stall frame 519 ms -> contributing 1 tick (patch 0286)
[10:07:29] [info] drawcall drawSurface call 79000: src=16x16 dst=16x16 at (299,248) took 0ms
[10:07:29] [info] tas: stall frame 507 ms -> contributing 1 tick (patch 0286)
[10:07:30] [info] tas: stall frame 525 ms -> contributing 1 tick (patch 0286)
[10:07:30] [info] tas: stall frame 511 ms -> contributing 1 tick (patch 0286)
[10:07:31] [info] tas: stall frame 509 ms -> contributing 1 tick (patch 0286)
[10:07:31] [info] tas: stall frame 490 ms -> contributing 1 tick (patch 0286)
[10:07:32] [info] tas: stall frame 504 ms -> contributing 1 tick (patch 0286)
[10:07:32] [info] flip-probe: flip #970 ok=true present=82ms inter_flip_ms=500 drawcalls-since-flip=115 drawcalls-total=84226 fail-total=0 null-skips-total=0
[10:07:32] [info] tas: stall frame 506 ms -> contributing 1 tick (patch 0286)
[10:07:33] [info] tas: stall frame 492 ms -> contributing 1 tick (patch 0286)
[10:07:33] [info] backdrop cache: thrashing-detect engaged (streak=4, route=direct)
[10:07:33] [info] tas: stall frame 481 ms -> contributing 1 tick (patch 0286)
[10:07:34] [info] drawcall drawSurface call 80000: src=16x16 dst=16x16 at (77,-24) took 0ms
[10:07:34] [info] tas: stall frame 482 ms -> contributing 1 tick (patch 0286)
[10:07:34] [info] tas: stall frame 474 ms -> contributing 1 tick (patch 0286)
[10:07:35] [info] tas: stall frame 470 ms -> contributing 1 tick (patch 0286)
[10:07:35] [info] tas: stall frame 467 ms -> contributing 1 tick (patch 0286)
[10:07:36] [info] tas: stall frame 460 ms -> contributing 1 tick (patch 0286)
[10:07:36] [info] tas: stall frame 458 ms -> contributing 1 tick (patch 0286)
[10:07:37] [info] tas: stall frame 455 ms -> contributing 1 tick (patch 0286)
[10:07:37] [info] flip-probe: flip #980 ok=true present=82ms inter_flip_ms=454 drawcalls-since-flip=114 drawcalls-total=85370 fail-total=0 null-skips-total=0
[10:07:37] [info] tas: stall frame 460 ms -> contributing 1 tick (patch 0286)
[10:07:37] [info] tas: stall frame 452 ms -> contributing 1 tick (patch 0286)
[10:07:37] [info] drawcall drawSurface call 81000: src=2x2 dst=2x2 at (99,118) took 0ms
[10:07:38] [info] tas: stall frame 454 ms -> contributing 1 tick (patch 0286)
[10:07:38] [info] tas: stall frame 445 ms -> contributing 1 tick (patch 0286)
[10:07:39] [info] tas: stall frame 446 ms -> contributing 1 tick (patch 0286)
[10:07:39] [info] tas: stall frame 444 ms -> contributing 1 tick (patch 0286)
[10:07:40] [info] tas: stall frame 445 ms -> contributing 1 tick (patch 0286)
[10:07:40] [info] tas: stall frame 656 ms -> contributing 1 tick (patch 0286)
[10:07:41] [info] tas: stall frame 444 ms -> contributing 1 tick (patch 0286)
[10:07:41] [info] tas: stall frame 447 ms -> contributing 1 tick (patch 0286)
[10:07:42] [info] flip-probe: flip #990 ok=true present=82ms inter_flip_ms=446 drawcalls-since-flip=111 drawcalls-total=86476 fail-total=0 null-skips-total=0
[10:07:42] [info] tas: stall frame 452 ms -> contributing 1 tick (patch 0286)
[10:07:42] [info] drawcall drawSurface call 82000: src=16x16 dst=16x16 at (64,-24) took 0ms
[10:07:42] [info] tas: stall frame 451 ms -> contributing 1 tick (patch 0286)
[10:07:43] [info] tas: stall frame 448 ms -> contributing 1 tick (patch 0286)
[10:07:43] [info] tas: stall frame 451 ms -> contributing 1 tick (patch 0286)
[10:07:43] [info] tas: stall frame 448 ms -> contributing 1 tick (patch 0286)
[10:07:44] [info] tas: stall frame 447 ms -> contributing 1 tick (patch 0286)
[10:07:44] [info] tas: stall frame 447 ms -> contributing 1 tick (patch 0286)
[10:07:45] [info] tas: stall frame 441 ms -> contributing 1 tick (patch 0286)
[10:07:45] [info] tas: stall frame 443 ms -> contributing 1 tick (patch 0286)
[10:07:46] [info] tas: stall frame 475 ms -> contributing 1 tick (patch 0286)
[10:07:46] [info] drawcall drawSurface call 83000: src=16x16 dst=16x16 at (210,248) took 0ms
[10:07:46] [info] flip-probe: flip #1000 ok=true present=135ms inter_flip_ms=485 drawcalls-since-flip=108 drawcalls-total=87565 fail-total=0 null-skips-total=0
[10:07:46] [info] drawcall tally block 10: drawcalls=11455 total_ms=969 avg_ms_x10=0 (over 100 flips ending at flip 1000)
[10:07:46] [info] alpha audit block 10: 11455 total drawcalls, 0 with alpha<255 (block pct_x10=0; global 0/83018 pct_x10=0); alpha-mod skipped: block=11455 global=86831
[10:07:46] [info] fastpath audit block 10: taken=0 (idx8=0) skipped=11455 pct_x10=0; global taken=0 (idx8=0) skipped=83018 pct_x10=0
[10:07:46] [info] primitive tally block 10: clear=200(hr=0) fill=0(hr=0) rect=0(hr=0) line=0(hr=0) tint=0 spotlight=0 (over 100 flips ending at flip 1000)
[10:07:46] [info] slowpath reason block 10: alpha=0 format=0 windim=11455 null_src=0 other=0 (of 11455 total drawSurface slow-path)
[10:07:46] [info] phase timing block 10: drawcalls=11665 dc_total_ms=2131 flip_inner_total_ms=9635 inter_flip_total_ms=53018 (per-flip avg x10: dc_ms=213 fi_ms=963 if_ms=5301 derived audio+engine_ms=4125; per-drawcall avg us_x10=1827) [direct-vesa: presents=0 total_ms=0 avg_ms_x10=0 failed=0] [ablation: NO_DC_TIMING=0 CACHE_WINSURF=0 DIRECT_VESA=1]
[10:07:46] [info] kbd/audio block 10: kbd_irq=0 kbd_drain=0 ring_chunks=16 pump_pass=1006 pic1_mask=0xb8 first_irq_ticks=0 install_ticks=0 vector_at_install=0x0083def0 pic1_mask_live=0x98 kbd_8042_stat=0x34 bios_kbd_head=0x0022 bios_kbd_tail=0x0022 bios_kbd_buf0=0x1c0d
[10:07:46] [info] dirty-rect block @flip=1000: total_calls=0 dirty_rects_avg=1 dirty_pct_x10=1000 forced_full=0 first_n_force=0 threshold_exceeded=0 dirty_path_taken=100 full_flush_taken=0
[10:07:46] [info] prev-frame-diff block @flip=1000: diff_calls=0 diff_rects_avg=0 diff_dirty_pct_x10=0 bbox_pct_x10=0 bbox_thresh_exceeded=0
[10:07:46] [info] tas: stall frame 582 ms -> contributing 1 tick (patch 0286)
[10:07:47] [info] tas: stall frame 474 ms -> contributing 1 tick (patch 0286)
[10:07:47] [info] tas: stall frame 475 ms -> contributing 1 tick (patch 0286)
[10:07:48] [info] tas: stall frame 476 ms -> contributing 1 tick (patch 0286)
[10:07:48] [info] tas: stall frame 474 ms -> contributing 1 tick (patch 0286)
[10:07:49] [info] tas: stall frame 466 ms -> contributing 1 tick (patch 0286)
[10:07:49] [info] tas: stall frame 460 ms -> contributing 1 tick (patch 0286)
[10:07:50] [info] tas: stall frame 474 ms -> contributing 1 tick (patch 0286)
[10:07:50] [info] tas: stall frame 467 ms -> contributing 1 tick (patch 0286)
[10:07:51] [info] tas: stall frame 458 ms -> contributing 1 tick (patch 0286)
[10:07:51] [info] drawcall drawSurface call 84000: src=2x2 dst=2x2 at (77,71) took 0ms
[10:07:51] [info] flip-probe: flip #1010 ok=true present=102ms inter_flip_ms=462 drawcalls-since-flip=105 drawcalls-total=88637 fail-total=0 null-skips-total=0
[10:07:51] [info] tas: stall frame 461 ms -> contributing 1 tick (patch 0286)
[10:07:51] [info] tas: stall frame 440 ms -> contributing 1 tick (patch 0286)
[10:07:52] [info] tas: stall frame 437 ms -> contributing 1 tick (patch 0286)
[10:07:52] [info] tas: stall frame 434 ms -> contributing 1 tick (patch 0286)
[10:07:53] [info] tas: stall frame 434 ms -> contributing 1 tick (patch 0286)
[10:07:53] [info] tas: stall frame 424 ms -> contributing 1 tick (patch 0286)
[10:07:54] [info] tas: stall frame 423 ms -> contributing 1 tick (patch 0286)
[10:07:54] [info] tas: stall frame 422 ms -> contributing 1 tick (patch 0286)
[10:07:54] [info] tas: stall frame 411 ms -> contributing 1 tick (patch 0286)
[10:07:55] [info] drawcall drawSurface call 85000: src=16x16 dst=16x16 at (276,248) took 0ms
[10:07:55] [info] tas: stall frame 419 ms -> contributing 1 tick (patch 0286)
[10:07:55] [info] flip-probe: flip #1020 ok=true present=82ms inter_flip_ms=412 drawcalls-since-flip=104 drawcalls-total=89683 fail-total=0 null-skips-total=0
[10:07:55] [info] tas: stall frame 418 ms -> contributing 1 tick (patch 0286)
[10:07:56] [info] tas: stall frame 410 ms -> contributing 1 tick (patch 0286)
[10:07:56] [info] tas: stall frame 410 ms -> contributing 1 tick (patch 0286)
[10:07:56] [info] tas: stall frame 412 ms -> contributing 1 tick (patch 0286)
[10:07:57] [info] tas: stall frame 415 ms -> contributing 1 tick (patch 0286)
[10:07:57] [info] tas: stall frame 416 ms -> contributing 1 tick (patch 0286)
[10:07:58] [info] tas: stall frame 413 ms -> contributing 1 tick (patch 0286)
[10:07:58] [info] tas: stall frame 408 ms -> contributing 1 tick (patch 0286)
[10:07:59] [info] tas: stall frame 408 ms -> contributing 1 tick (patch 0286)
[10:07:59] [info] drawcall drawSurface call 86000: src=16x16 dst=16x16 at (133,-24) took 0ms
[10:07:59] [info] tas: stall frame 407 ms -> contributing 1 tick (patch 0286)
[10:07:59] [info] flip-probe: flip #1030 ok=true present=82ms inter_flip_ms=394 drawcalls-since-flip=100 drawcalls-total=90721 fail-total=0 null-skips-total=0
[10:07:59] [info] tas: stall frame 401 ms -> contributing 1 tick (patch 0286)
[10:08:00] [info] tas: stall frame 394 ms -> contributing 1 tick (patch 0286)
[10:08:00] [info] backdrop cache: thrashing-detect engaged (streak=64, route=direct)
[10:08:00] [info] tas: stall frame 400 ms -> contributing 1 tick (patch 0286)
[10:08:01] [info] tas: stall frame 396 ms -> contributing 1 tick (patch 0286)
[10:08:01] [info] tas: stall frame 396 ms -> contributing 1 tick (patch 0286)
[10:08:01] [info] tas: stall frame 396 ms -> contributing 1 tick (patch 0286)
[10:08:02] [info] tas: stall frame 396 ms -> contributing 1 tick (patch 0286)
[10:08:02] [info] tas: stall frame 389 ms -> contributing 1 tick (patch 0286)
[10:08:02] [info] tas: stall frame 387 ms -> contributing 1 tick (patch 0286)
[10:08:03] [info] drawcall drawSurface call 87000: src=16x16 dst=16x16 at (293,248) took 0ms
[10:08:03] [info] tas: stall frame 391 ms -> contributing 1 tick (patch 0286)
[10:08:03] [info] flip-probe: flip #1040 ok=true present=82ms inter_flip_ms=380 drawcalls-since-flip=98 drawcalls-total=91696 fail-total=0 null-skips-total=0
[10:08:03] [info] tas: stall frame 386 ms -> contributing 1 tick (patch 0286)
[10:08:04] [info] tas: stall frame 379 ms -> contributing 1 tick (patch 0286)
[10:08:04] [info] tas: stall frame 377 ms -> contributing 1 tick (patch 0286)
[10:08:04] [info] tas: stall frame 370 ms -> contributing 1 tick (patch 0286)
[10:08:05] [info] tas: stall frame 368 ms -> contributing 1 tick (patch 0286)
[10:08:05] [info] tas: stall frame 356 ms -> contributing 1 tick (patch 0286)
[10:08:05] [info] tas: stall frame 347 ms -> contributing 1 tick (patch 0286)
[10:08:06] [info] tas: stall frame 341 ms -> contributing 1 tick (patch 0286)
[10:08:06] [info] tas: stall frame 342 ms -> contributing 1 tick (patch 0286)
[10:08:07] [info] drawcall drawSurface call 88000: src=16x16 dst=16x16 at (72,-24) took 1ms
[10:08:07] [info] tas: stall frame 569 ms -> contributing 1 tick (patch 0286)
[10:08:07] [info] flip-probe: flip #1050 ok=true present=82ms inter_flip_ms=348 drawcalls-since-flip=106 drawcalls-total=92767 fail-total=0 null-skips-total=0
[10:08:07] [info] tas: stall frame 354 ms -> contributing 1 tick (patch 0286)
[10:08:07] [info] tas: stall frame 346 ms -> contributing 1 tick (patch 0286)
[10:08:08] [info] tas: stall frame 352 ms -> contributing 1 tick (patch 0286)
[10:08:08] [info] tas: stall frame 342 ms -> contributing 1 tick (patch 0286)
[10:08:08] [info] tas: stall frame 345 ms -> contributing 1 tick (patch 0286)
[10:08:09] [info] tas: stall frame 341 ms -> contributing 1 tick (patch 0286)
[10:08:09] [info] tas: stall frame 341 ms -> contributing 1 tick (patch 0286)
[10:08:10] [info] tas: stall frame 341 ms -> contributing 1 tick (patch 0286)
[10:08:10] [info] tas: stall frame 343 ms -> contributing 1 tick (patch 0286)
[10:08:10] [info] drawcall drawSurface call 89000: src=16x16 dst=16x16 at (120,72) took 0ms
[10:08:10] [info] tas: stall frame 349 ms -> contributing 1 tick (patch 0286)
[10:08:11] [info] flip-probe: flip #1060 ok=true present=82ms inter_flip_ms=342 drawcalls-since-flip=103 drawcalls-total=93808 fail-total=0 null-skips-total=0
[10:08:11] [info] tas: stall frame 348 ms -> contributing 1 tick (patch 0286)
[10:08:11] [info] tas: stall frame 337 ms -> contributing 1 tick (patch 0286)
[10:08:11] [info] tas: stall frame 339 ms -> contributing 1 tick (patch 0286)
[10:08:12] [info] tas: stall frame 339 ms -> contributing 1 tick (patch 0286)
[10:08:12] [info] tas: stall frame 340 ms -> contributing 1 tick (patch 0286)
[10:08:12] [info] tas: stall frame 344 ms -> contributing 1 tick (patch 0286)
[10:08:13] [info] tas: stall frame 346 ms -> contributing 1 tick (patch 0286)
[10:08:13] [info] tas: stall frame 346 ms -> contributing 1 tick (patch 0286)
[10:08:13] [info] drawcall drawSurface call 90000: src=16x16 dst=16x16 at (72,248) took 0ms
[10:08:13] [info] tas: stall frame 357 ms -> contributing 1 tick (patch 0286)
[10:08:14] [info] tas: stall frame 349 ms -> contributing 1 tick (patch 0286)
[10:08:14] [info] flip-probe: flip #1070 ok=true present=83ms inter_flip_ms=350 drawcalls-since-flip=108 drawcalls-total=94856 fail-total=0 null-skips-total=0
[10:08:14] [info] tas: stall frame 357 ms -> contributing 1 tick (patch 0286)
[10:08:14] [info] tas: stall frame 353 ms -> contributing 1 tick (patch 0286)
[10:08:15] [info] tas: stall frame 350 ms -> contributing 1 tick (patch 0286)
[10:08:15] [info] tas: stall frame 354 ms -> contributing 1 tick (patch 0286)
[10:08:15] [info] tas: stall frame 353 ms -> contributing 1 tick (patch 0286)
[10:08:16] [info] tas: stall frame 352 ms -> contributing 1 tick (patch 0286)
[10:08:16] [info] tas: stall frame 350 ms -> contributing 1 tick (patch 0286)
[10:08:16] [info] tas: stall frame 345 ms -> contributing 1 tick (patch 0286)
[10:08:17] [info] drawcall drawSurface call 91000: src=16x16 dst=16x16 at (232,184) took 0ms
[10:08:17] [info] tas: stall frame 354 ms -> contributing 1 tick (patch 0286)
[10:08:17] [info] tas: stall frame 345 ms -> contributing 1 tick (patch 0286)
[10:08:17] [info] flip-probe: flip #1080 ok=true present=82ms inter_flip_ms=344 drawcalls-since-flip=108 drawcalls-total=95941 fail-total=0 null-skips-total=0
[10:08:18] [info] tas: stall frame 352 ms -> contributing 1 tick (patch 0286)
[10:08:18] [info] tas: stall frame 349 ms -> contributing 1 tick (patch 0286)
[10:08:18] [info] tas: stall frame 346 ms -> contributing 1 tick (patch 0286)
[10:08:19] [info] tas: stall frame 347 ms -> contributing 1 tick (patch 0286)
[10:08:19] [info] tas: stall frame 350 ms -> contributing 1 tick (patch 0286)
[10:08:19] [info] tas: stall frame 349 ms -> contributing 1 tick (patch 0286)
[10:08:20] [info] tas: stall frame 347 ms -> contributing 1 tick (patch 0286)
[10:08:20] [info] drawcall drawSurface call 92000: src=16x16 dst=16x16 at (216,-24) took 0ms
[10:08:20] [info] tas: stall frame 353 ms -> contributing 1 tick (patch 0286)
[10:08:20] [info] tas: stall frame 343 ms -> contributing 1 tick (patch 0286)
[10:08:21] [info] tas: stall frame 346 ms -> contributing 1 tick (patch 0286)
[10:08:21] [info] flip-probe: flip #1090 ok=true present=83ms inter_flip_ms=345 drawcalls-since-flip=104 drawcalls-total=97004 fail-total=0 null-skips-total=0
[10:08:21] [info] tas: stall frame 351 ms -> contributing 1 tick (patch 0286)
[10:08:21] [info] tas: stall frame 346 ms -> contributing 1 tick (patch 0286)
[10:08:21] [info] backdrop cache: thrashing-detect engaged (streak=124, route=direct)
[10:08:22] [info] tas: stall frame 345 ms -> contributing 1 tick (patch 0286)
[10:08:22] [info] tas: stall frame 332 ms -> contributing 1 tick (patch 0286)
[10:08:22] [info] tas: stall frame 331 ms -> contributing 1 tick (patch 0286)
[10:08:23] [info] tas: stall frame 333 ms -> contributing 1 tick (patch 0286)
[10:08:23] [info] tas: stall frame 337 ms -> contributing 1 tick (patch 0286)
[10:08:23] [info] drawcall drawSurface call 93000: src=2x2 dst=2x2 at (4,108) took 0ms
[10:08:23] [info] tas: stall frame 344 ms -> contributing 1 tick (patch 0286)
[10:08:24] [info] tas: stall frame 337 ms -> contributing 1 tick (patch 0286)
[10:08:24] [info] tas: stall frame 339 ms -> contributing 1 tick (patch 0286)
[10:08:25] [info] flip-probe: flip #1100 ok=true present=326ms inter_flip_ms=342 drawcalls-since-flip=103 drawcalls-total=98025 fail-total=0 null-skips-total=0
[10:08:25] [info] drawcall tally block 11: drawcalls=10360 total_ms=885 avg_ms_x10=0 (over 100 flips ending at flip 1100)
[10:08:25] [info] alpha audit block 11: 10360 total drawcalls, 0 with alpha<255 (block pct_x10=0; global 0/93378 pct_x10=0); alpha-mod skipped: block=10360 global=97191
[10:08:25] [info] fastpath audit block 11: taken=0 (idx8=0) skipped=10360 pct_x10=0; global taken=0 (idx8=0) skipped=93378 pct_x10=0
[10:08:25] [info] primitive tally block 11: clear=200(hr=0) fill=0(hr=0) rect=0(hr=0) line=0(hr=0) tint=0 spotlight=0 (over 100 flips ending at flip 1100)
[10:08:25] [info] slowpath reason block 11: alpha=0 format=0 windim=10360 null_src=0 other=0 (of 10360 total drawSurface slow-path)
[10:08:25] [info] phase timing block 11: drawcalls=10560 dc_total_ms=1802 flip_inner_total_ms=9020 inter_flip_total_ms=38239 (per-flip avg x10: dc_ms=180 fi_ms=902 if_ms=3823 derived audio+engine_ms=2741; per-drawcall avg us_x10=1706) [direct-vesa: presents=0 total_ms=0 avg_ms_x10=0 failed=0] [ablation: NO_DC_TIMING=0 CACHE_WINSURF=0 DIRECT_VESA=1]
[10:08:25] [info] kbd/audio block 11: kbd_irq=0 kbd_drain=0 ring_chunks=16 pump_pass=1106 pic1_mask=0xb8 first_irq_ticks=0 install_ticks=0 vector_at_install=0x0083def0 pic1_mask_live=0x98 kbd_8042_stat=0x34 bios_kbd_head=0x0022 bios_kbd_tail=0x0022 bios_kbd_buf0=0x1c0d
[10:08:25] [info] dirty-rect block @flip=1100: total_calls=0 dirty_rects_avg=1 dirty_pct_x10=1000 forced_full=0 first_n_force=0 threshold_exceeded=0 dirty_path_taken=100 full_flush_taken=0
[10:08:25] [info] prev-frame-diff block @flip=1100: diff_calls=0 diff_rects_avg=0 diff_dirty_pct_x10=0 bbox_pct_x10=0 bbox_thresh_exceeded=0
[10:08:25] [info] tas: stall frame 662 ms -> contributing 1 tick (patch 0286)
[10:08:25] [info] tas: stall frame 343 ms -> contributing 1 tick (patch 0286)
[10:08:25] [info] tas: stall frame 340 ms -> contributing 1 tick (patch 0286)
[10:08:26] [info] tas: stall frame 338 ms -> contributing 1 tick (patch 0286)
[10:08:26] [info] tas: stall frame 341 ms -> contributing 1 tick (patch 0286)
[10:08:26] [info] tas: stall frame 341 ms -> contributing 1 tick (patch 0286)
[10:08:27] [info] tas: stall frame 342 ms -> contributing 1 tick (patch 0286)
[10:08:27] [info] drawcall drawSurface call 94000: src=2x2 dst=2x2 at (16,53) took 0ms
[10:08:27] [info] tas: stall frame 351 ms -> contributing 1 tick (patch 0286)
[10:08:27] [info] tas: stall frame 348 ms -> contributing 1 tick (patch 0286)
[10:08:28] [info] tas: stall frame 344 ms -> contributing 1 tick (patch 0286)
[10:08:28] [info] flip-probe: flip #1110 ok=true present=82ms inter_flip_ms=351 drawcalls-since-flip=105 drawcalls-total=99061 fail-total=0 null-skips-total=0
[10:08:28] [info] tas: stall frame 357 ms -> contributing 1 tick (patch 0286)
[10:08:29] [info] tas: stall frame 344 ms -> contributing 1 tick (patch 0286)
[10:08:29] [info] tas: stall frame 350 ms -> contributing 1 tick (patch 0286)
[10:08:29] [info] tas: stall frame 354 ms -> contributing 1 tick (patch 0286)
[10:08:30] [info] tas: stall frame 359 ms -> contributing 1 tick (patch 0286)
[10:08:30] [info] tas: stall frame 354 ms -> contributing 1 tick (patch 0286)
[10:08:30] [info] drawcall drawSurface call 95000: src=16x16 dst=16x16 at (257,248) took 0ms
[10:08:30] [info] tas: stall frame 369 ms -> contributing 1 tick (patch 0286)
[10:08:31] [info] tas: stall frame 363 ms -> contributing 1 tick (patch 0286)
[10:08:31] [info] tas: stall frame 366 ms -> contributing 1 tick (patch 0286)
[10:08:31] [info] tas: stall frame 371 ms -> contributing 1 tick (patch 0286)
[10:08:32] [info] flip-probe: flip #1120 ok=true present=82ms inter_flip_ms=382 drawcalls-since-flip=93 drawcalls-total=100044 fail-total=0 null-skips-total=0
[10:08:32] [info] tas: stall frame 390 ms -> contributing 1 tick (patch 0286)
[10:08:32] [info] tas: stall frame 386 ms -> contributing 1 tick (patch 0286)
[10:08:33] [info] tas: stall frame 388 ms -> contributing 1 tick (patch 0286)
[10:08:33] [info] tas: stall frame 393 ms -> contributing 1 tick (patch 0286)
[10:08:33] [info] tas: stall frame 393 ms -> contributing 1 tick (patch 0286)
[10:08:34] [info] tas: stall frame 386 ms -> contributing 1 tick (patch 0286)
[10:08:34] [info] tas: stall frame 387 ms -> contributing 1 tick (patch 0286)
[10:08:34] [info] drawcall drawSurface call 96000: src=16x16 dst=16x16 at (323,-24) took 0ms
[10:08:35] [info] tas: stall frame 395 ms -> contributing 1 tick (patch 0286)
[10:08:35] [info] tas: stall frame 390 ms -> contributing 1 tick (patch 0286)
[10:08:35] [info] tas: stall frame 400 ms -> contributing 1 tick (patch 0286)
[10:08:36] [info] flip-probe: flip #1130 ok=true present=82ms inter_flip_ms=397 drawcalls-since-flip=97 drawcalls-total=100997 fail-total=0 null-skips-total=0
[10:08:36] [info] tas: stall frame 406 ms -> contributing 1 tick (patch 0286)
[10:08:36] [info] tas: stall frame 398 ms -> contributing 1 tick (patch 0286)
[10:08:36] [info] tas: stall frame 400 ms -> contributing 1 tick (patch 0286)
[10:08:37] [info] tas: stall frame 399 ms -> contributing 1 tick (patch 0286)
[10:08:37] [info] tas: stall frame 405 ms -> contributing 1 tick (patch 0286)
[10:08:38] [info] tas: stall frame 400 ms -> contributing 1 tick (patch 0286)
[10:08:38] [info] tas: stall frame 404 ms -> contributing 1 tick (patch 0286)
[10:08:38] [info] drawcall drawSurface call 97000: src=16x16 dst=16x16 at (279,248) took 1ms
[10:08:39] [info] tas: stall frame 413 ms -> contributing 1 tick (patch 0286)
[10:08:39] [info] tas: stall frame 417 ms -> contributing 1 tick (patch 0286)
[10:08:39] [info] tas: stall frame 419 ms -> contributing 1 tick (patch 0286)
[10:08:40] [info] flip-probe: flip #1140 ok=true present=82ms inter_flip_ms=417 drawcalls-since-flip=100 drawcalls-total=102000 fail-total=0 null-skips-total=0
[10:08:40] [info] tas: stall frame 424 ms -> contributing 1 tick (patch 0286)
[10:08:40] [info] tas: stall frame 412 ms -> contributing 1 tick (patch 0286)
[10:08:41] [info] tas: stall frame 423 ms -> contributing 1 tick (patch 0286)
[10:08:41] [info] tas: stall frame 427 ms -> contributing 1 tick (patch 0286)
[10:08:41] [info] tas: stall frame 437 ms -> contributing 1 tick (patch 0286)
[10:08:42] [info] tas: stall frame 443 ms -> contributing 1 tick (patch 0286)
[10:08:42] [info] tas: stall frame 449 ms -> contributing 1 tick (patch 0286)
[10:08:43] [info] drawcall drawSurface call 98000: src=16x16 dst=16x16 at (142,-24) took 0ms
[10:08:43] [info] tas: stall frame 460 ms -> contributing 1 tick (patch 0286)
[10:08:43] [info] tas: stall frame 453 ms -> contributing 1 tick (patch 0286)
[10:08:44] [info] tas: stall frame 452 ms -> contributing 1 tick (patch 0286)
[10:08:44] [info] flip-probe: flip #1150 ok=true present=82ms inter_flip_ms=450 drawcalls-since-flip=109 drawcalls-total=103066 fail-total=0 null-skips-total=0
[10:08:44] [info] tas: stall frame 456 ms -> contributing 1 tick (patch 0286)
[10:08:45] [info] tas: stall frame 447 ms -> contributing 1 tick (patch 0286)
[10:08:45] [info] backdrop cache: thrashing-detect engaged (streak=184, route=direct)
[10:08:45] [info] tas: stall frame 457 ms -> contributing 1 tick (patch 0286)
[10:08:46] [info] tas: stall frame 442 ms -> contributing 1 tick (patch 0286)
[10:08:46] [info] tas: stall frame 436 ms -> contributing 1 tick (patch 0286)
[10:08:46] [info] tas: stall frame 430 ms -> contributing 1 tick (patch 0286)
[10:08:47] [info] tas: stall frame 425 ms -> contributing 1 tick (patch 0286)
[10:08:47] [info] drawcall drawSurface call 99000: src=16x16 dst=16x16 at (182,72) took 0ms
[10:08:47] [info] tas: stall frame 436 ms -> contributing 1 tick (patch 0286)
[10:08:48] [info] tas: stall frame 643 ms -> contributing 1 tick (patch 0286)
[10:08:48] [info] tas: stall frame 428 ms -> contributing 1 tick (patch 0286)
[10:08:49] [info] flip-probe: flip #1160 ok=true present=82ms inter_flip_ms=431 drawcalls-since-flip=103 drawcalls-total=104110 fail-total=0 null-skips-total=0
[10:08:49] [info] tas: stall frame 438 ms -> contributing 1 tick (patch 0286)
[10:08:49] [info] tas: stall frame 431 ms -> contributing 1 tick (patch 0286)
[10:08:50] [info] tas: stall frame 440 ms -> contributing 1 tick (patch 0286)
[10:08:50] [info] tas: stall frame 440 ms -> contributing 1 tick (patch 0286)
[10:08:51] [info] tas: stall frame 446 ms -> contributing 1 tick (patch 0286)
[10:08:51] [info] tas: stall frame 458 ms -> contributing 1 tick (patch 0286)
[10:08:51] [info] drawcall drawSurface call 100000: src=16x16 dst=16x16 at (284,-24) took 0ms
[10:08:51] [info] tas: stall frame 464 ms -> contributing 1 tick (patch 0286)
[10:08:52] [info] tas: stall frame 463 ms -> contributing 1 tick (patch 0286)
[10:08:52] [info] tas: stall frame 469 ms -> contributing 1 tick (patch 0286)
[10:08:53] [info] tas: stall frame 491 ms -> contributing 1 tick (patch 0286)
[10:08:53] [info] flip-probe: flip #1170 ok=true present=82ms inter_flip_ms=491 drawcalls-since-flip=109 drawcalls-total=105187 fail-total=0 null-skips-total=0
[10:08:53] [info] tas: stall frame 497 ms -> contributing 1 tick (patch 0286)
[10:08:54] [info] tas: stall frame 491 ms -> contributing 1 tick (patch 0286)
[10:08:54] [info] backdrop cache: thrashing-detect engaged (streak=4, route=direct)
[10:08:54] [info] tas: stall frame 485 ms -> contributing 1 tick (patch 0286)
[10:08:55] [info] tas: stall frame 479 ms -> contributing 1 tick (patch 0286)
[10:08:55] [info] tas: stall frame 474 ms -> contributing 1 tick (patch 0286)
[10:08:56] [info] drawcall drawSurface call 101000: src=40x8 dst=40x8 at (40,32) took 0ms
[10:08:56] [info] tas: stall frame 477 ms -> contributing 1 tick (patch 0286)
[10:08:56] [info] tas: stall frame 475 ms -> contributing 1 tick (patch 0286)
[10:08:57] [info] tas: stall frame 467 ms -> contributing 1 tick (patch 0286)
[10:08:57] [info] tas: stall frame 465 ms -> contributing 1 tick (patch 0286)
[10:08:58] [info] tas: stall frame 455 ms -> contributing 1 tick (patch 0286)
[10:08:58] [info] flip-probe: flip #1180 ok=true present=82ms inter_flip_ms=457 drawcalls-since-flip=108 drawcalls-total=106265 fail-total=0 null-skips-total=0
[10:08:58] [info] tas: stall frame 465 ms -> contributing 1 tick (patch 0286)
[10:08:59] [info] tas: stall frame 457 ms -> contributing 1 tick (patch 0286)
[10:08:59] [info] tas: stall frame 472 ms -> contributing 1 tick (patch 0286)
[10:09:00] [info] tas: stall frame 481 ms -> contributing 1 tick (patch 0286)
[10:09:00] [info] tas: stall frame 488 ms -> contributing 1 tick (patch 0286)
[10:09:00] [info] drawcall drawSurface call 102000: src=2x2 dst=2x2 at (140,92) took 0ms
[10:09:01] [info] tas: stall frame 504 ms -> contributing 1 tick (patch 0286)
[10:09:01] [info] tas: stall frame 508 ms -> contributing 1 tick (patch 0286)
[10:09:02] [info] tas: stall frame 507 ms -> contributing 1 tick (patch 0286)
[10:09:02] [info] tas: stall frame 510 ms -> contributing 1 tick (patch 0286)
[10:09:03] [info] tas: stall frame 521 ms -> contributing 1 tick (patch 0286)
[10:09:03] [info] flip-probe: flip #1190 ok=true present=82ms inter_flip_ms=530 drawcalls-since-flip=112 drawcalls-total=107366 fail-total=0 null-skips-total=0
[10:09:03] [info] tas: stall frame 539 ms -> contributing 1 tick (patch 0286)
[10:09:04] [info] tas: stall frame 540 ms -> contributing 1 tick (patch 0286)
[10:09:04] [info] tas: stall frame 549 ms -> contributing 1 tick (patch 0286)
[10:09:05] [info] tas: stall frame 556 ms -> contributing 1 tick (patch 0286)
[10:09:05] [info] drawcall drawSurface call 103000: src=2x2 dst=2x2 at (157,103) took 1ms
[10:09:05] [info] run_tick_fixed #1200: heartbeat (loop alive)
[10:09:05] [info] tas: stall frame 573 ms -> contributing 1 tick (patch 0286)
[10:09:06] [info] tas: stall frame 560 ms -> contributing 1 tick (patch 0286)
[10:09:06] [info] tas: stall frame 563 ms -> contributing 1 tick (patch 0286)
[10:09:07] [info] tas: stall frame 569 ms -> contributing 1 tick (patch 0286)
[10:09:08] [info] tas: stall frame 565 ms -> contributing 1 tick (patch 0286)
[10:09:08] [info] tas: stall frame 567 ms -> contributing 1 tick (patch 0286)
[10:09:09] [info] flip-probe: flip #1200 ok=true present=110ms inter_flip_ms=562 drawcalls-since-flip=111 drawcalls-total=108487 fail-total=0 null-skips-total=0
[10:09:09] [info] drawcall tally block 12: drawcalls=10362 total_ms=874 avg_ms_x10=0 (over 100 flips ending at flip 1200)
[10:09:09] [info] alpha audit block 12: 10362 total drawcalls, 0 with alpha<255 (block pct_x10=0; global 0/103740 pct_x10=0); alpha-mod skipped: block=10362 global=107553
[10:09:09] [info] fastpath audit block 12: taken=0 (idx8=0) skipped=10362 pct_x10=0; global taken=0 (idx8=0) skipped=103740 pct_x10=0
[10:09:09] [info] primitive tally block 12: clear=200(hr=0) fill=0(hr=0) rect=0(hr=0) line=0(hr=0) tint=0 spotlight=0 (over 100 flips ending at flip 1200)
[10:09:09] [info] slowpath reason block 12: alpha=0 format=0 windim=10362 null_src=0 other=0 (of 10362 total drawSurface slow-path)
[10:09:09] [info] phase timing block 12: drawcalls=10566 dc_total_ms=1857 flip_inner_total_ms=8492 inter_flip_total_ms=44354 (per-flip avg x10: dc_ms=185 fi_ms=849 if_ms=4435 derived audio+engine_ms=3401; per-drawcall avg us_x10=1757) [direct-vesa: presents=0 total_ms=0 avg_ms_x10=0 failed=0] [ablation: NO_DC_TIMING=0 CACHE_WINSURF=0 DIRECT_VESA=1]
[10:09:09] [info] kbd/audio block 12: kbd_irq=0 kbd_drain=0 ring_chunks=16 pump_pass=1206 pic1_mask=0xb8 first_irq_ticks=0 install_ticks=0 vector_at_install=0x0083def0 pic1_mask_live=0x98 kbd_8042_stat=0x34 bios_kbd_head=0x0022 bios_kbd_tail=0x0022 bios_kbd_buf0=0x1c0d
[10:09:09] [info] dirty-rect block @flip=1200: total_calls=0 dirty_rects_avg=1 dirty_pct_x10=1000 forced_full=0 first_n_force=0 threshold_exceeded=0 dirty_path_taken=100 full_flush_taken=0
[10:09:09] [info] prev-frame-diff block @flip=1200: diff_calls=0 diff_rects_avg=0 diff_dirty_pct_x10=0 bbox_pct_x10=0 bbox_thresh_exceeded=0
[10:09:09] [info] tas: stall frame 670 ms -> contributing 1 tick (patch 0286)
[10:09:09] [info] tas: stall frame 562 ms -> contributing 1 tick (patch 0286)
[10:09:10] [info] tas: stall frame 560 ms -> contributing 1 tick (patch 0286)
[10:09:10] [info] drawcall drawSurface call 104000: src=2x2 dst=2x2 at (206,96) took 0ms
[10:09:11] [info] tas: stall frame 570 ms -> contributing 1 tick (patch 0286)
[10:09:11] [info] tas: stall frame 558 ms -> contributing 1 tick (patch 0286)
[10:09:12] [info] tas: stall frame 561 ms -> contributing 1 tick (patch 0286)
[10:09:12] [info] tas: stall frame 561 ms -> contributing 1 tick (patch 0286)
[10:09:13] [info] tas: stall frame 562 ms -> contributing 1 tick (patch 0286)
[10:09:13] [info] tas: stall frame 565 ms -> contributing 1 tick (patch 0286)
[10:09:14] [info] tas: stall frame 566 ms -> contributing 1 tick (patch 0286)
[10:09:15] [info] flip-probe: flip #1210 ok=true present=82ms inter_flip_ms=561 drawcalls-since-flip=113 drawcalls-total=109595 fail-total=0 null-skips-total=0
[10:09:15] [info] tas: stall frame 567 ms -> contributing 1 tick (patch 0286)
[10:09:15] [info] tas: stall frame 555 ms -> contributing 1 tick (patch 0286)
[10:09:15] [info] drawcall drawSurface call 105000: src=2x2 dst=2x2 at (219,114) took 0ms
[10:09:16] [info] tas: stall frame 557 ms -> contributing 1 tick (patch 0286)
[10:09:16] [info] tas: stall frame 548 ms -> contributing 1 tick (patch 0286)
[10:09:17] [info] tas: stall frame 542 ms -> contributing 1 tick (patch 0286)
[10:09:17] [info] tas: stall frame 539 ms -> contributing 1 tick (patch 0286)
[10:09:18] [info] tas: stall frame 542 ms -> contributing 1 tick (patch 0286)
[10:09:18] [info] tas: stall frame 537 ms -> contributing 1 tick (patch 0286)
[10:09:19] [info] tas: stall frame 536 ms -> contributing 1 tick (patch 0286)
[10:09:19] [info] tas: stall frame 541 ms -> contributing 1 tick (patch 0286)
[10:09:20] [info] flip-probe: flip #1220 ok=true present=82ms inter_flip_ms=536 drawcalls-since-flip=109 drawcalls-total=110704 fail-total=0 null-skips-total=0
[10:09:20] [info] tas: stall frame 542 ms -> contributing 1 tick (patch 0286)
[10:09:20] [info] drawcall drawSurface call 106000: src=16x16 dst=16x16 at (148,-24) took 0ms
[10:09:20] [info] tas: stall frame 540 ms -> contributing 1 tick (patch 0286)
[10:09:21] [info] tas: stall frame 533 ms -> contributing 1 tick (patch 0286)
[10:09:22] [info] tas: stall frame 530 ms -> contributing 1 tick (patch 0286)
[10:09:22] [info] tas: stall frame 530 ms -> contributing 1 tick (patch 0286)
[10:09:23] [info] tas: stall frame 529 ms -> contributing 1 tick (patch 0286)
[10:09:23] [info] tas: stall frame 530 ms -> contributing 1 tick (patch 0286)
[10:09:24] [info] tas: stall frame 527 ms -> contributing 1 tick (patch 0286)
[10:09:24] [info] tas: stall frame 530 ms -> contributing 1 tick (patch 0286)
[10:09:25] [info] tas: stall frame 532 ms -> contributing 1 tick (patch 0286)
[10:09:25] [info] flip-probe: flip #1230 ok=true present=82ms inter_flip_ms=528 drawcalls-since-flip=105 drawcalls-total=111769 fail-total=0 null-skips-total=0
[10:09:25] [info] tas: stall frame 534 ms -> contributing 1 tick (patch 0286)
[10:09:25] [info] drawcall drawSurface call 107000: src=16x16 dst=16x16 at (106,136) took 0ms
[10:09:26] [info] tas: stall frame 534 ms -> contributing 1 tick (patch 0286)
[10:09:26] [info] backdrop cache: thrashing-detect engaged (streak=64, route=direct)
[10:09:26] [info] tas: stall frame 536 ms -> contributing 1 tick (patch 0286)
[10:09:27] [info] tas: stall frame 526 ms -> contributing 1 tick (patch 0286)
[10:09:27] [info] tas: stall frame 523 ms -> contributing 1 tick (patch 0286)
[10:09:28] [info] tas: stall frame 525 ms -> contributing 1 tick (patch 0286)
[10:09:28] [info] tas: stall frame 526 ms -> contributing 1 tick (patch 0286)
[10:09:29] [info] tas: stall frame 525 ms -> contributing 1 tick (patch 0286)
[10:09:29] [info] tas: stall frame 522 ms -> contributing 1 tick (patch 0286)
[10:09:30] [info] tas: stall frame 519 ms -> contributing 1 tick (patch 0286)
[10:09:30] [info] drawcall drawSurface call 108000: src=16x16 dst=16x16 at (301,248) took 0ms
[10:09:31] [info] flip-probe: flip #1240 ok=true present=82ms inter_flip_ms=525 drawcalls-since-flip=100 drawcalls-total=112799 fail-total=0 null-skips-total=0
[10:09:31] [info] tas: stall frame 533 ms -> contributing 1 tick (patch 0286)
[10:09:31] [info] tas: stall frame 516 ms -> contributing 1 tick (patch 0286)
[10:09:32] [info] tas: stall frame 519 ms -> contributing 1 tick (patch 0286)
[10:09:32] [info] tas: stall frame 520 ms -> contributing 1 tick (patch 0286)
[10:09:33] [info] tas: stall frame 524 ms -> contributing 1 tick (patch 0286)
[10:09:33] [info] tas: stall frame 522 ms -> contributing 1 tick (patch 0286)
[10:09:34] [info] tas: stall frame 520 ms -> contributing 1 tick (patch 0286)
[10:09:34] [info] tas: stall frame 521 ms -> contributing 1 tick (patch 0286)
[10:09:35] [info] tas: stall frame 518 ms -> contributing 1 tick (patch 0286)
[10:09:35] [info] tas: stall frame 516 ms -> contributing 1 tick (patch 0286)
[10:09:36] [info] drawcall drawSurface call 109000: src=16x16 dst=16x16 at (255,248) took 0ms
[10:09:36] [info] flip-probe: flip #1250 ok=true present=82ms inter_flip_ms=524 drawcalls-since-flip=101 drawcalls-total=113812 fail-total=0 null-skips-total=0
[10:09:36] [info] tas: stall frame 533 ms -> contributing 1 tick (patch 0286)
[10:09:36] [info] tas: stall frame 518 ms -> contributing 1 tick (patch 0286)
[10:09:37] [info] tas: stall frame 521 ms -> contributing 1 tick (patch 0286)
[10:09:37] [info] tas: stall frame 522 ms -> contributing 1 tick (patch 0286)
[10:09:38] [info] tas: stall frame 521 ms -> contributing 1 tick (patch 0286)
[10:09:38] [info] tas: stall frame 520 ms -> contributing 1 tick (patch 0286)
[10:09:39] [info] tas: stall frame 524 ms -> contributing 1 tick (patch 0286)
[10:09:39] [info] tas: stall frame 527 ms -> contributing 1 tick (patch 0286)
[10:09:40] [info] tas: stall frame 526 ms -> contributing 1 tick (patch 0286)
[10:09:40] [info] tas: stall frame 526 ms -> contributing 1 tick (patch 0286)
[10:09:41] [info] drawcall drawSurface call 110000: src=16x16 dst=16x16 at (256,-24) took 0ms
[10:09:41] [info] flip-probe: flip #1260 ok=true present=82ms inter_flip_ms=536 drawcalls-since-flip=105 drawcalls-total=114845 fail-total=0 null-skips-total=0
[10:09:41] [info] tas: stall frame 544 ms -> contributing 1 tick (patch 0286)
[10:09:42] [info] tas: stall frame 531 ms -> contributing 1 tick (patch 0286)
[10:09:42] [info] tas: stall frame 526 ms -> contributing 1 tick (patch 0286)
[10:09:43] [info] tas: stall frame 523 ms -> contributing 1 tick (patch 0286)
[10:09:43] [info] tas: stall frame 528 ms -> contributing 1 tick (patch 0286)
[10:09:44] [info] tas: stall frame 528 ms -> contributing 1 tick (patch 0286)
[10:09:44] [info] tas: stall frame 531 ms -> contributing 1 tick (patch 0286)
[10:09:45] [info] tas: stall frame 529 ms -> contributing 1 tick (patch 0286)
[10:09:45] [info] tas: stall frame 532 ms -> contributing 1 tick (patch 0286)
[10:09:46] [info] tas: stall frame 533 ms -> contributing 1 tick (patch 0286)
[10:09:46] [info] drawcall drawSurface call 111000: src=2x2 dst=2x2 at (235,71) took 1ms
[10:09:46] [info] flip-probe: flip #1270 ok=true present=82ms inter_flip_ms=537 drawcalls-since-flip=107 drawcalls-total=115904 fail-total=0 null-skips-total=0
[10:09:46] [info] tas: stall frame 547 ms -> contributing 1 tick (patch 0286)
[10:09:47] [info] tas: stall frame 530 ms -> contributing 1 tick (patch 0286)
[10:09:47] [info] tas: stall frame 537 ms -> contributing 1 tick (patch 0286)
[10:09:48] [info] tas: stall frame 535 ms -> contributing 1 tick (patch 0286)
[10:09:48] [info] tas: stall frame 536 ms -> contributing 1 tick (patch 0286)
[10:09:49] [info] tas: stall frame 538 ms -> contributing 1 tick (patch 0286)
[10:09:50] [info] tas: stall frame 538 ms -> contributing 1 tick (patch 0286)
[10:09:50] [info] tas: stall frame 538 ms -> contributing 1 tick (patch 0286)
[10:09:51] [info] tas: stall frame 540 ms -> contributing 1 tick (patch 0286)
[10:09:51] [info] drawcall drawSurface call 112000: src=2x2 dst=2x2 at (253,118) took 0ms
[10:09:51] [info] tas: stall frame 547 ms -> contributing 1 tick (patch 0286)
[10:09:52] [info] flip-probe: flip #1280 ok=true present=82ms inter_flip_ms=544 drawcalls-since-flip=112 drawcalls-total=117001 fail-total=0 null-skips-total=0
[10:09:52] [info] tas: stall frame 551 ms -> contributing 1 tick (patch 0286)
[10:09:52] [info] tas: stall frame 542 ms -> contributing 1 tick (patch 0286)
[10:09:53] [info] tas: stall frame 541 ms -> contributing 1 tick (patch 0286)
[10:09:53] [info] tas: stall frame 541 ms -> contributing 1 tick (patch 0286)
[10:09:54] [info] tas: stall frame 543 ms -> contributing 1 tick (patch 0286)
[10:09:54] [info] tas: stall frame 545 ms -> contributing 1 tick (patch 0286)
[10:09:55] [info] tas: stall frame 546 ms -> contributing 1 tick (patch 0286)
[10:09:56] [info] tas: stall frame 545 ms -> contributing 1 tick (patch 0286)
[10:09:56] [info] drawcall drawSurface call 113000: src=2x2 dst=2x2 at (224,86) took 0ms
[10:09:56] [info] tas: stall frame 554 ms -> contributing 1 tick (patch 0286)
[10:09:57] [info] tas: stall frame 550 ms -> contributing 1 tick (patch 0286)
[10:09:57] [info] flip-probe: flip #1290 ok=true present=82ms inter_flip_ms=552 drawcalls-since-flip=117 drawcalls-total=118138 fail-total=0 null-skips-total=0
[10:09:57] [info] tas: stall frame 560 ms -> contributing 1 tick (patch 0286)
[10:09:58] [info] tas: stall frame 546 ms -> contributing 1 tick (patch 0286)
[10:09:58] [info] backdrop cache: thrashing-detect engaged (streak=124, route=direct)
[10:09:58] [info] tas: stall frame 556 ms -> contributing 1 tick (patch 0286)
[10:09:59] [info] tas: stall frame 549 ms -> contributing 1 tick (patch 0286)
[10:09:59] [info] tas: stall frame 547 ms -> contributing 1 tick (patch 0286)
[10:10:00] [info] tas: stall frame 764 ms -> contributing 1 tick (patch 0286)
[10:10:01] [info] tas: stall frame 543 ms -> contributing 1 tick (patch 0286)
[10:10:01] [info] drawcall drawSurface call 114000: src=2x2 dst=2x2 at (312,63) took 0ms
[10:10:01] [info] tas: stall frame 552 ms -> contributing 1 tick (patch 0286)
[10:10:02] [info] tas: stall frame 544 ms -> contributing 1 tick (patch 0286)
[10:10:02] [info] tas: stall frame 547 ms -> contributing 1 tick (patch 0286)
[10:10:03] [info] flip-probe: flip #1300 ok=true present=110ms inter_flip_ms=549 drawcalls-since-flip=115 drawcalls-total=119285 fail-total=0 null-skips-total=0
[10:10:03] [info] drawcall tally block 13: drawcalls=10698 total_ms=895 avg_ms_x10=0 (over 100 flips ending at flip 1300)
[10:10:03] [info] alpha audit block 13: 10698 total drawcalls, 0 with alpha<255 (block pct_x10=0; global 0/114438 pct_x10=0); alpha-mod skipped: block=10698 global=118251
[10:10:03] [info] fastpath audit block 13: taken=0 (idx8=0) skipped=10698 pct_x10=0; global taken=0 (idx8=0) skipped=114438 pct_x10=0
[10:10:03] [info] primitive tally block 13: clear=200(hr=0) fill=0(hr=0) rect=0(hr=0) line=0(hr=0) tint=0 spotlight=0 (over 100 flips ending at flip 1300)
[10:10:03] [info] slowpath reason block 13: alpha=0 format=0 windim=10698 null_src=0 other=0 (of 10698 total drawSurface slow-path)
[10:10:03] [info] phase timing block 13: drawcalls=10898 dc_total_ms=1884 flip_inner_total_ms=8484 inter_flip_total_ms=54133 (per-flip avg x10: dc_ms=188 fi_ms=848 if_ms=5413 derived audio+engine_ms=4377; per-drawcall avg us_x10=1729) [direct-vesa: presents=0 total_ms=0 avg_ms_x10=0 failed=0] [ablation: NO_DC_TIMING=0 CACHE_WINSURF=0 DIRECT_VESA=1]
[10:10:03] [info] kbd/audio block 13: kbd_irq=0 kbd_drain=0 ring_chunks=16 pump_pass=1306 pic1_mask=0xb8 first_irq_ticks=0 install_ticks=0 vector_at_install=0x0083def0 pic1_mask_live=0x98 kbd_8042_stat=0x34 bios_kbd_head=0x0022 bios_kbd_tail=0x0022 bios_kbd_buf0=0x1c0d
[10:10:03] [info] dirty-rect block @flip=1300: total_calls=0 dirty_rects_avg=1 dirty_pct_x10=1000 forced_full=0 first_n_force=0 threshold_exceeded=0 dirty_path_taken=100 full_flush_taken=0
[10:10:03] [info] prev-frame-diff block @flip=1300: diff_calls=0 diff_rects_avg=0 diff_dirty_pct_x10=0 bbox_pct_x10=0 bbox_thresh_exceeded=0
[10:10:03] [info] tas: stall frame 649 ms -> contributing 1 tick (patch 0286)
[10:10:04] [info] tas: stall frame 547 ms -> contributing 1 tick (patch 0286)
[10:10:04] [info] tas: stall frame 548 ms -> contributing 1 tick (patch 0286)
[10:10:05] [info] tas: stall frame 549 ms -> contributing 1 tick (patch 0286)
[10:10:05] [info] tas: stall frame 550 ms -> contributing 1 tick (patch 0286)
[10:10:06] [info] drawcall drawSurface call 115000: src=64x8 dst=64x8 at (16,40) took 0ms
[10:10:06] [info] tas: stall frame 556 ms -> contributing 1 tick (patch 0286)
[10:10:06] [info] tas: stall frame 545 ms -> contributing 1 tick (patch 0286)
[10:10:07] [info] tas: stall frame 547 ms -> contributing 1 tick (patch 0286)
[10:10:07] [info] tas: stall frame 553 ms -> contributing 1 tick (patch 0286)
[10:10:08] [info] tas: stall frame 547 ms -> contributing 1 tick (patch 0286)
[10:10:08] [info] flip-probe: flip #1310 ok=true present=82ms inter_flip_ms=541 drawcalls-since-flip=111 drawcalls-total=120429 fail-total=0 null-skips-total=0
[10:10:08] [info] tas: stall frame 548 ms -> contributing 1 tick (patch 0286)
[10:10:09] [info] tas: stall frame 538 ms -> contributing 1 tick (patch 0286)
[10:10:10] [info] tas: stall frame 544 ms -> contributing 1 tick (patch 0286)
[10:10:10] [info] tas: stall frame 535 ms -> contributing 1 tick (patch 0286)
[10:10:11] [info] drawcall drawSurface call 116000: src=14x14 dst=14x14 at (17,17) took 0ms
[10:10:11] [info] tas: stall frame 540 ms -> contributing 1 tick (patch 0286)
[10:10:11] [info] tas: stall frame 535 ms -> contributing 1 tick (patch 0286)
[10:10:12] [info] tas: stall frame 538 ms -> contributing 1 tick (patch 0286)
[10:10:12] [info] tas: stall frame 538 ms -> contributing 1 tick (patch 0286)
[10:10:13] [info] tas: stall frame 542 ms -> contributing 1 tick (patch 0286)
[10:10:13] [info] tas: stall frame 541 ms -> contributing 1 tick (patch 0286)
[10:10:14] [info] flip-probe: flip #1320 ok=true present=82ms inter_flip_ms=540 drawcalls-since-flip=110 drawcalls-total=121526 fail-total=0 null-skips-total=0
[10:10:14] [info] tas: stall frame 547 ms -> contributing 1 tick (patch 0286)
[10:10:14] [info] tas: stall frame 535 ms -> contributing 1 tick (patch 0286)
[10:10:15] [info] tas: stall frame 539 ms -> contributing 1 tick (patch 0286)
[10:10:15] [info] tas: stall frame 533 ms -> contributing 1 tick (patch 0286)
[10:10:16] [info] drawcall drawSurface call 117000: src=2x2 dst=2x2 at (190,61) took 0ms
[10:10:16] [info] tas: stall frame 542 ms -> contributing 1 tick (patch 0286)
[10:10:17] [info] tas: stall frame 529 ms -> contributing 1 tick (patch 0286)
[10:10:17] [info] tas: stall frame 530 ms -> contributing 1 tick (patch 0286)
[10:10:18] [info] tas: stall frame 530 ms -> contributing 1 tick (patch 0286)
[10:10:18] [info] tas: stall frame 534 ms -> contributing 1 tick (patch 0286)
[10:10:19] [info] tas: stall frame 532 ms -> contributing 1 tick (patch 0286)
[10:10:19] [info] flip-probe: flip #1330 ok=true present=82ms inter_flip_ms=523 drawcalls-since-flip=104 drawcalls-total=122600 fail-total=0 null-skips-total=0
[10:10:19] [info] tas: stall frame 531 ms -> contributing 1 tick (patch 0286)
[10:10:20] [info] tas: stall frame 524 ms -> contributing 1 tick (patch 0286)
[10:10:20] [info] tas: stall frame 548 ms -> contributing 1 tick (patch 0286)
[10:10:21] [info] drawcall drawSurface call 118000: src=16x16 dst=16x16 at (298,-24) took 0ms
[10:10:21] [info] tas: stall frame 532 ms -> contributing 1 tick (patch 0286)
[10:10:21] [info] tas: stall frame 545 ms -> contributing 1 tick (patch 0286)
[10:10:22] [info] tas: stall frame 523 ms -> contributing 1 tick (patch 0286)
[10:10:22] [info] tas: stall frame 542 ms -> contributing 1 tick (patch 0286)
[10:10:23] [info] tas: stall frame 523 ms -> contributing 1 tick (patch 0286)
[10:10:23] [info] tas: stall frame 538 ms -> contributing 1 tick (patch 0286)
[10:10:24] [info] tas: stall frame 523 ms -> contributing 1 tick (patch 0286)
[10:10:25] [info] flip-probe: flip #1340 ok=true present=82ms inter_flip_ms=545 drawcalls-since-flip=109 drawcalls-total=123669 fail-total=0 null-skips-total=0
[10:10:25] [info] tas: stall frame 551 ms -> contributing 1 tick (patch 0286)
[10:10:25] [info] tas: stall frame 523 ms -> contributing 1 tick (patch 0286)
[10:10:26] [info] tas: stall frame 543 ms -> contributing 1 tick (patch 0286)
[10:10:26] [info] drawcall drawSurface call 119000: src=16x16 dst=16x16 at (148,136) took 0ms
[10:10:26] [info] tas: stall frame 528 ms -> contributing 1 tick (patch 0286)
[10:10:27] [info] tas: stall frame 543 ms -> contributing 1 tick (patch 0286)
[10:10:27] [info] tas: stall frame 533 ms -> contributing 1 tick (patch 0286)
[10:10:28] [info] tas: stall frame 513 ms -> contributing 1 tick (patch 0286)
[10:10:28] [info] tas: stall frame 530 ms -> contributing 1 tick (patch 0286)
[10:10:29] [info] gameloop: iter 600 ticks=786444 mapno=-1
[10:10:29] [info] tas: stall frame 511 ms -> contributing 1 tick (patch 0286)
[10:10:29] [info] tas: stall frame 518 ms -> contributing 1 tick (patch 0286)
[10:10:30] [info] flip-probe: flip #1350 ok=true present=82ms inter_flip_ms=520 drawcalls-since-flip=103 drawcalls-total=124722 fail-total=0 null-skips-total=0
[10:10:30] [info] tas: stall frame 526 ms -> contributing 1 tick (patch 0286)
[10:10:30] [info] tas: stall frame 503 ms -> contributing 1 tick (patch 0286)
[10:10:31] [info] drawcall drawSurface call 120000: src=16x16 dst=16x16 at (-17,248) took 0ms
[10:10:31] [info] tas: stall frame 529 ms -> contributing 1 tick (patch 0286)
[10:10:31] [info] tas: stall frame 520 ms -> contributing 1 tick (patch 0286)
[10:10:32] [info] tas: stall frame 502 ms -> contributing 1 tick (patch 0286)
[10:10:32] [info] tas: stall frame 520 ms -> contributing 1 tick (patch 0286)
[10:10:33] [info] tas: stall frame 523 ms -> contributing 1 tick (patch 0286)
[10:10:33] [info] tas: stall frame 502 ms -> contributing 1 tick (patch 0286)
[10:10:34] [info] tas: stall frame 511 ms -> contributing 1 tick (patch 0286)
[10:10:34] [info] tas: stall frame 513 ms -> contributing 1 tick (patch 0286)
[10:10:35] [info] flip-probe: flip #1360 ok=true present=82ms inter_flip_ms=495 drawcalls-since-flip=99 drawcalls-total=125745 fail-total=0 null-skips-total=0
[10:10:35] [info] tas: stall frame 502 ms -> contributing 1 tick (patch 0286)
[10:10:36] [info] tas: stall frame 515 ms -> contributing 1 tick (patch 0286)
[10:10:36] [info] drawcall drawSurface call 121000: src=16x16 dst=16x16 at (285,-24) took 0ms
[10:10:36] [info] tas: stall frame 521 ms -> contributing 1 tick (patch 0286)
[10:10:37] [info] tas: stall frame 510 ms -> contributing 1 tick (patch 0286)
[10:10:37] [info] tas: stall frame 492 ms -> contributing 1 tick (patch 0286)
[10:10:38] [info] tas: stall frame 517 ms -> contributing 1 tick (patch 0286)
[10:10:38] [info] tas: stall frame 510 ms -> contributing 1 tick (patch 0286)
[10:10:39] [info] tas: stall frame 491 ms -> contributing 1 tick (patch 0286)
[10:10:39] [info] tas: stall frame 510 ms -> contributing 1 tick (patch 0286)
[10:10:40] [info] tas: stall frame 507 ms -> contributing 1 tick (patch 0286)
[10:10:40] [info] flip-probe: flip #1370 ok=true present=82ms inter_flip_ms=492 drawcalls-since-flip=113 drawcalls-total=126818 fail-total=0 null-skips-total=0
[10:10:40] [info] tas: stall frame 500 ms -> contributing 1 tick (patch 0286)
[10:10:40] [info] drawcall drawSurface call 122000: src=16x16 dst=16x16 at (264,248) took 0ms
[10:10:41] [info] tas: stall frame 500 ms -> contributing 1 tick (patch 0286)
[10:10:41] [info] tas: stall frame 497 ms -> contributing 1 tick (patch 0286)
[10:10:42] [info] tas: stall frame 492 ms -> contributing 1 tick (patch 0286)
[10:10:42] [info] tas: stall frame 491 ms -> contributing 1 tick (patch 0286)
[10:10:43] [info] tas: stall frame 485 ms -> contributing 1 tick (patch 0286)
[10:10:43] [info] tas: stall frame 488 ms -> contributing 1 tick (patch 0286)
[10:10:43] [info] tas: stall frame 484 ms -> contributing 1 tick (patch 0286)
[10:10:44] [info] tas: stall frame 483 ms -> contributing 1 tick (patch 0286)
[10:10:44] [info] tas: stall frame 485 ms -> contributing 1 tick (patch 0286)
[10:10:45] [info] drawcall drawSurface call 123000: src=8x8 dst=8x8 at (48,24) took 0ms
[10:10:45] [info] flip-probe: flip #1380 ok=true present=83ms inter_flip_ms=495 drawcalls-since-flip=111 drawcalls-total=127929 fail-total=0 null-skips-total=0
[10:10:45] [info] tas: stall frame 503 ms -> contributing 1 tick (patch 0286)
[10:10:45] [info] tas: stall frame 486 ms -> contributing 1 tick (patch 0286)
[10:10:46] [info] tas: stall frame 485 ms -> contributing 1 tick (patch 0286)
[10:10:46] [info] tas: stall frame 484 ms -> contributing 1 tick (patch 0286)
[10:10:47] [info] tas: stall frame 487 ms -> contributing 1 tick (patch 0286)
[10:10:47] [info] tas: stall frame 487 ms -> contributing 1 tick (patch 0286)
[10:10:48] [info] tas: stall frame 485 ms -> contributing 1 tick (patch 0286)
[10:10:48] [info] tas: stall frame 487 ms -> contributing 1 tick (patch 0286)
[10:10:49] [info] tas: stall frame 489 ms -> contributing 1 tick (patch 0286)
[10:10:49] [info] tas: stall frame 487 ms -> contributing 1 tick (patch 0286)
[10:10:49] [info] drawcall drawSurface call 124000: src=2x2 dst=2x2 at (241,84) took 0ms
[10:10:50] [info] flip-probe: flip #1390 ok=true present=83ms inter_flip_ms=496 drawcalls-since-flip=111 drawcalls-total=129033 fail-total=0 null-skips-total=0
[10:10:50] [info] tas: stall frame 506 ms -> contributing 1 tick (patch 0286)
[10:10:50] [info] tas: stall frame 490 ms -> contributing 1 tick (patch 0286)
[10:10:51] [info] tas: stall frame 493 ms -> contributing 1 tick (patch 0286)
[10:10:51] [info] tas: stall frame 487 ms -> contributing 1 tick (patch 0286)
[10:10:52] [info] tas: stall frame 485 ms -> contributing 1 tick (patch 0286)
[10:10:52] [info] tas: stall frame 490 ms -> contributing 1 tick (patch 0286)
[10:10:53] [info] tas: stall frame 487 ms -> contributing 1 tick (patch 0286)
[10:10:53] [info] tas: stall frame 488 ms -> contributing 1 tick (patch 0286)
[10:10:54] [info] tas: stall frame 486 ms -> contributing 1 tick (patch 0286)
[10:10:54] [info] drawcall drawSurface call 125000: src=2x2 dst=2x2 at (288,99) took 0ms
[10:10:54] [info] tas: stall frame 490 ms -> contributing 1 tick (patch 0286)
[10:10:55] [info] flip-probe: flip #1400 ok=true present=113ms inter_flip_ms=488 drawcalls-since-flip=109 drawcalls-total=130137 fail-total=0 null-skips-total=0
[10:10:55] [info] drawcall tally block 14: drawcalls=10752 total_ms=890 avg_ms_x10=0 (over 100 flips ending at flip 1400)
[10:10:55] [info] alpha audit block 14: 10752 total drawcalls, 0 with alpha<255 (block pct_x10=0; global 0/125190 pct_x10=0); alpha-mod skipped: block=10752 global=129003
[10:10:55] [info] fastpath audit block 14: taken=0 (idx8=0) skipped=10752 pct_x10=0; global taken=0 (idx8=0) skipped=125190 pct_x10=0
[10:10:55] [info] primitive tally block 14: clear=200(hr=0) fill=0(hr=0) rect=0(hr=0) line=0(hr=0) tint=0 spotlight=0 (over 100 flips ending at flip 1400)
[10:10:55] [info] slowpath reason block 14: alpha=0 format=0 windim=10752 null_src=0 other=0 (of 10752 total drawSurface slow-path)
[10:10:55] [info] phase timing block 14: drawcalls=11024 dc_total_ms=2686 flip_inner_total_ms=8508 inter_flip_total_ms=51861 (per-flip avg x10: dc_ms=268 fi_ms=850 if_ms=5186 derived audio+engine_ms=4068; per-drawcall avg us_x10=2437) [direct-vesa: presents=0 total_ms=0 avg_ms_x10=0 failed=0] [ablation: NO_DC_TIMING=0 CACHE_WINSURF=0 DIRECT_VESA=1]
[10:10:55] [info] kbd/audio block 14: kbd_irq=0 kbd_drain=0 ring_chunks=16 pump_pass=1406 pic1_mask=0xb8 first_irq_ticks=0 install_ticks=0 vector_at_install=0x0083def0 pic1_mask_live=0x98 kbd_8042_stat=0x34 bios_kbd_head=0x0022 bios_kbd_tail=0x0022 bios_kbd_buf0=0x1c0d
[10:10:55] [info] dirty-rect block @flip=1400: total_calls=0 dirty_rects_avg=1 dirty_pct_x10=1000 forced_full=0 first_n_force=0 threshold_exceeded=0 dirty_path_taken=100 full_flush_taken=0
[10:10:55] [info] prev-frame-diff block @flip=1400: diff_calls=0 diff_rects_avg=0 diff_dirty_pct_x10=0 bbox_pct_x10=0 bbox_thresh_exceeded=0
[10:10:55] [info] tas: stall frame 598 ms -> contributing 1 tick (patch 0286)
[10:10:55] [info] tas: stall frame 486 ms -> contributing 1 tick (patch 0286)
[10:10:56] [info] tas: stall frame 486 ms -> contributing 1 tick (patch 0286)
[10:10:56] [info] tas: stall frame 490 ms -> contributing 1 tick (patch 0286)
[10:10:57] [info] tas: stall frame 491 ms -> contributing 1 tick (patch 0286)
[10:10:57] [info] tas: stall frame 492 ms -> contributing 1 tick (patch 0286)
[10:10:58] [info] tas: stall frame 491 ms -> contributing 1 tick (patch 0286)
[10:10:58] [info] tas: stall frame 492 ms -> contributing 1 tick (patch 0286)
[10:10:58] [info] drawcall drawSurface call 126000: src=2x2 dst=2x2 at (309,104) took 0ms
[10:10:59] [info] tas: stall frame 498 ms -> contributing 1 tick (patch 0286)
[10:10:59] [info] tas: stall frame 492 ms -> contributing 1 tick (patch 0286)
[10:11:00] [info] flip-probe: flip #1410 ok=true present=82ms inter_flip_ms=492 drawcalls-since-flip=113 drawcalls-total=131263 fail-total=0 null-skips-total=0
[10:11:00] [info] tas: stall frame 498 ms -> contributing 1 tick (patch 0286)
[10:11:00] [info] tas: stall frame 491 ms -> contributing 1 tick (patch 0286)
[10:11:01] [info] tas: stall frame 495 ms -> contributing 1 tick (patch 0286)
[10:11:01] [info] tas: stall frame 496 ms -> contributing 1 tick (patch 0286)
[10:11:02] [info] tas: stall frame 494 ms -> contributing 1 tick (patch 0286)
[10:11:02] [info] tas: stall frame 491 ms -> contributing 1 tick (patch 0286)
[10:11:03] [info] tas: stall frame 488 ms -> contributing 1 tick (patch 0286)
[10:11:03] [info] drawcall drawSurface call 127000: src=2x2 dst=2x2 at (282,104) took 0ms
[10:11:03] [info] tas: stall frame 494 ms -> contributing 1 tick (patch 0286)
[10:11:04] [info] tas: stall frame 487 ms -> contributing 1 tick (patch 0286)
[10:11:04] [info] tas: stall frame 487 ms -> contributing 1 tick (patch 0286)
[10:11:05] [info] flip-probe: flip #1420 ok=true present=82ms inter_flip_ms=492 drawcalls-since-flip=112 drawcalls-total=132386 fail-total=0 null-skips-total=0
[10:11:05] [info] tas: stall frame 498 ms -> contributing 1 tick (patch 0286)
[10:11:05] [info] tas: stall frame 491 ms -> contributing 1 tick (patch 0286)
[10:11:06] [info] tas: stall frame 492 ms -> contributing 1 tick (patch 0286)
[10:11:06] [info] tas: stall frame 712 ms -> contributing 1 tick (patch 0286)
[10:11:07] [info] tas: stall frame 496 ms -> contributing 1 tick (patch 0286)
[10:11:07] [info] tas: stall frame 495 ms -> contributing 1 tick (patch 0286)
[10:11:07] [info] drawcall drawSurface call 128000: src=2x2 dst=2x2 at (295,111) took 0ms
[10:11:08] [info] tas: stall frame 500 ms -> contributing 1 tick (patch 0286)
[10:11:08] [info] tas: stall frame 493 ms -> contributing 1 tick (patch 0286)
[10:11:09] [info] tas: stall frame 496 ms -> contributing 1 tick (patch 0286)
[10:11:09] [info] tas: stall frame 495 ms -> contributing 1 tick (patch 0286)
[10:11:10] [info] flip-probe: flip #1430 ok=true present=82ms inter_flip_ms=495 drawcalls-since-flip=113 drawcalls-total=133527 fail-total=0 null-skips-total=0
[10:11:10] [info] tas: stall frame 500 ms -> contributing 1 tick (patch 0286)
[10:11:10] [info] tas: stall frame 492 ms -> contributing 1 tick (patch 0286)
[10:11:11] [info] tas: stall frame 495 ms -> contributing 1 tick (patch 0286)
[10:11:11] [info] tas: stall frame 487 ms -> contributing 1 tick (patch 0286)
[10:11:12] [info] tas: stall frame 487 ms -> contributing 1 tick (patch 0286)
[10:11:12] [info] drawcall drawSurface call 129000: src=16x16 dst=16x16 at (248,104) took 0ms
[10:11:12] [info] tas: stall frame 500 ms -> contributing 1 tick (patch 0286)
[10:11:13] [info] tas: stall frame 493 ms -> contributing 1 tick (patch 0286)
[10:11:13] [info] tas: stall frame 496 ms -> contributing 1 tick (patch 0286)
[10:11:14] [info] tas: stall frame 497 ms -> contributing 1 tick (patch 0286)
[10:11:14] [info] tas: stall frame 497 ms -> contributing 1 tick (patch 0286)
[10:11:15] [info] flip-probe: flip #1440 ok=true present=83ms inter_flip_ms=492 drawcalls-since-flip=115 drawcalls-total=134661 fail-total=0 null-skips-total=0
[10:11:15] [info] tas: stall frame 499 ms -> contributing 1 tick (patch 0286)
[10:11:15] [info] tas: stall frame 493 ms -> contributing 1 tick (patch 0286)
[10:11:16] [info] tas: stall frame 493 ms -> contributing 1 tick (patch 0286)
[10:11:16] [info] drawcall drawSurface call 130000: src=16x16 dst=16x16 at (248,248) took 0ms
[10:11:16] [info] tas: stall frame 500 ms -> contributing 1 tick (patch 0286)
[10:11:17] [info] tas: stall frame 494 ms -> contributing 1 tick (patch 0286)
[10:11:17] [info] tas: stall frame 498 ms -> contributing 1 tick (patch 0286)
[10:11:18] [info] tas: stall frame 498 ms -> contributing 1 tick (patch 0286)
[10:11:18] [info] tas: stall frame 498 ms -> contributing 1 tick (patch 0286)
[10:11:19] [info] tas: stall frame 501 ms -> contributing 1 tick (patch 0286)
[10:11:19] [info] tas: stall frame 504 ms -> contributing 1 tick (patch 0286)
[10:11:20] [info] flip-probe: flip #1450 ok=true present=83ms inter_flip_ms=497 drawcalls-since-flip=118 drawcalls-total=135821 fail-total=0 null-skips-total=0
[10:11:20] [info] tas: stall frame 505 ms -> contributing 1 tick (patch 0286)
[10:11:20] [info] tas: stall frame 498 ms -> contributing 1 tick (patch 0286)
[10:11:21] [info] drawcall drawSurface call 131000: src=16x16 dst=16x16 at (200,-24) took 0ms
[10:11:21] [info] tas: stall frame 509 ms -> contributing 1 tick (patch 0286)
[10:11:21] [info] tas: stall frame 500 ms -> contributing 1 tick (patch 0286)
[10:11:22] [info] tas: stall frame 503 ms -> contributing 1 tick (patch 0286)
[10:11:22] [info] tas: stall frame 503 ms -> contributing 1 tick (patch 0286)
[10:11:23] [info] tas: stall frame 507 ms -> contributing 1 tick (patch 0286)
[10:11:23] [info] tas: stall frame 509 ms -> contributing 1 tick (patch 0286)
[10:11:24] [info] tas: stall frame 507 ms -> contributing 1 tick (patch 0286)
[10:11:24] [info] tas: stall frame 507 ms -> contributing 1 tick (patch 0286)
[10:11:25] [info] drawcall drawSurface call 132000: src=14x14 dst=14x14 at (17,17) took 0ms
[10:11:25] [info] flip-probe: flip #1460 ok=true present=82ms inter_flip_ms=510 drawcalls-since-flip=120 drawcalls-total=137010 fail-total=0 null-skips-total=0
[10:11:25] [info] tas: stall frame 520 ms -> contributing 1 tick (patch 0286)
[10:11:25] [info] tas: stall frame 504 ms -> contributing 1 tick (patch 0286)
[10:11:26] [info] tas: stall frame 502 ms -> contributing 1 tick (patch 0286)
[10:11:26] [info] tas: stall frame 504 ms -> contributing 1 tick (patch 0286)
[10:11:27] [info] tas: stall frame 503 ms -> contributing 1 tick (patch 0286)
[10:11:27] [info] tas: stall frame 507 ms -> contributing 1 tick (patch 0286)
[10:11:28] [info] tas: stall frame 505 ms -> contributing 1 tick (patch 0286)
[10:11:28] [info] tas: stall frame 509 ms -> contributing 1 tick (patch 0286)
[10:11:29] [info] tas: stall frame 509 ms -> contributing 1 tick (patch 0286)
[10:11:29] [info] drawcall drawSurface call 133000: src=16x16 dst=16x16 at (-8,-24) took 0ms
[10:11:29] [info] tas: stall frame 519 ms -> contributing 1 tick (patch 0286)
[10:11:30] [info] flip-probe: flip #1470 ok=true present=83ms inter_flip_ms=511 drawcalls-since-flip=123 drawcalls-total=138209 fail-total=0 null-skips-total=0
[10:11:30] [info] tas: stall frame 520 ms -> contributing 1 tick (patch 0286)
[10:11:30] [info] tas: stall frame 509 ms -> contributing 1 tick (patch 0286)
[10:11:31] [info] tas: stall frame 510 ms -> contributing 1 tick (patch 0286)
[10:11:31] [info] tas: stall frame 510 ms -> contributing 1 tick (patch 0286)
[10:11:32] [info] tas: stall frame 509 ms -> contributing 1 tick (patch 0286)
[10:11:33] [info] tas: stall frame 508 ms -> contributing 1 tick (patch 0286)
[10:11:33] [info] tas: stall frame 510 ms -> contributing 1 tick (patch 0286)
[10:11:33] [info] drawcall drawSurface call 134000: src=16x16 dst=16x16 at (-24,216) took 0ms
[10:11:34] [info] tas: stall frame 519 ms -> contributing 1 tick (patch 0286)
[10:11:34] [info] tas: stall frame 508 ms -> contributing 1 tick (patch 0286)
[10:11:35] [info] tas: stall frame 507 ms -> contributing 1 tick (patch 0286)
[10:11:35] [info] flip-probe: flip #1480 ok=true present=82ms inter_flip_ms=508 drawcalls-since-flip=121 drawcalls-total=139420 fail-total=0 null-skips-total=0
[10:11:35] [info] tas: stall frame 516 ms -> contributing 1 tick (patch 0286)
[10:11:36] [info] tas: stall frame 508 ms -> contributing 1 tick (patch 0286)
[10:11:36] [info] tas: stall frame 506 ms -> contributing 1 tick (patch 0286)
[10:11:37] [info] tas: stall frame 502 ms -> contributing 1 tick (patch 0286)
[10:11:37] [info] tas: stall frame 504 ms -> contributing 1 tick (patch 0286)
[10:11:38] [info] drawcall drawSurface call 135000: src=16x16 dst=16x16 at (240,128) took 0ms
[10:11:38] [info] tas: stall frame 874 ms -> contributing 1 tick (patch 0286)
[10:11:39] [info] tas: stall frame 968 ms -> contributing 1 tick (patch 0286)
[10:11:40] [info] tas: stall frame 1083 ms -> contributing 1 tick (patch 0286)
[10:11:41] [info] tas: stall frame 1193 ms -> contributing 1 tick (patch 0286)
[10:11:42] [info] drawcall drawSurface call 136000: src=16x16 dst=16x16 at (304,96) took 0ms
[10:11:43] [info] tas: stall frame 1301 ms -> contributing 1 tick (patch 0286)
[10:11:44] [info] flip-probe: flip #1490 ok=true present=939ms inter_flip_ms=1300 drawcalls-since-flip=274 drawcalls-total=141318 fail-total=0 null-skips-total=0
[10:11:44] [info] tas: stall frame 1395 ms -> contributing 1 tick (patch 0286)
[10:11:45] [info] tas: stall frame 1471 ms -> contributing 1 tick (patch 0286)
[10:11:47] [info] tas: stall frame 1546 ms -> contributing 1 tick (patch 0286)
[10:11:47] [info] drawcall drawSurface call 137000: src=16x16 dst=16x16 at (112,64) took 0ms
[10:11:49] [info] tas: stall frame 1620 ms -> contributing 1 tick (patch 0286)
[10:11:50] [info] run_tick_fixed #1500: heartbeat (loop alive)
[10:11:50] [info] tas: stall frame 1676 ms -> contributing 1 tick (patch 0286)
[10:11:52] [info] tas: stall frame 1716 ms -> contributing 1 tick (patch 0286)
[10:11:52] [info] drawcall drawSurface call 138000: src=16x16 dst=16x16 at (64,80) took 0ms
[10:11:54] [info] tas: stall frame 1771 ms -> contributing 1 tick (patch 0286)
[10:11:56] [info] tas: stall frame 1815 ms -> contributing 1 tick (patch 0286)
[10:11:56] [info] drawcall drawSurface call 139000: src=16x16 dst=16x16 at (304,144) took 0ms
[10:11:57] [info] tas: stall frame 1868 ms -> contributing 1 tick (patch 0286)
[10:11:59] [info] tas: stall frame 1909 ms -> contributing 1 tick (patch 0286)
[10:12:01] [info] flip-probe: flip #1500 ok=true present=1461ms inter_flip_ms=1908 drawcalls-since-flip=409 drawcalls-total=144868 fail-total=0 null-skips-total=0
[10:12:01] [info] drawcall tally block 15: drawcalls=14631 total_ms=1214 avg_ms_x10=0 (over 100 flips ending at flip 1500)
[10:12:01] [info] alpha audit block 15: 14631 total drawcalls, 0 with alpha<255 (block pct_x10=0; global 0/139821 pct_x10=0); alpha-mod skipped: block=14631 global=143634
[10:12:01] [info] fastpath audit block 15: taken=0 (idx8=0) skipped=14631 pct_x10=0; global taken=0 (idx8=0) skipped=139821 pct_x10=0
[10:12:01] [info] primitive tally block 15: clear=200(hr=0) fill=0(hr=0) rect=0(hr=0) line=0(hr=0) tint=0 spotlight=0 (over 100 flips ending at flip 1500)
[10:12:01] [info] slowpath reason block 15: alpha=0 format=0 windim=14631 null_src=0 other=0 (of 14631 total drawSurface slow-path)
[10:12:01] [info] phase timing block 15: drawcalls=14931 dc_total_ms=3641 flip_inner_total_ms=23956 inter_flip_total_ms=65132 (per-flip avg x10: dc_ms=364 fi_ms=2395 if_ms=6513 derived audio+engine_ms=3754; per-drawcall avg us_x10=2439) [direct-vesa: presents=0 total_ms=0 avg_ms_x10=0 failed=0] [ablation: NO_DC_TIMING=0 CACHE_WINSURF=0 DIRECT_VESA=1]
[10:12:01] [info] kbd/audio block 15: kbd_irq=0 kbd_drain=0 ring_chunks=16 pump_pass=1506 pic1_mask=0xb8 first_irq_ticks=0 install_ticks=0 vector_at_install=0x0083def0 pic1_mask_live=0x98 kbd_8042_stat=0x34 bios_kbd_head=0x0022 bios_kbd_tail=0x0022 bios_kbd_buf0=0x1c0d
[10:12:01] [info] dirty-rect block @flip=1500: total_calls=0 dirty_rects_avg=1 dirty_pct_x10=1000 forced_full=0 first_n_force=0 threshold_exceeded=0 dirty_path_taken=100 full_flush_taken=0
[10:12:01] [info] prev-frame-diff block @flip=1500: diff_calls=0 diff_rects_avg=0 diff_dirty_pct_x10=0 bbox_pct_x10=0 bbox_thresh_exceeded=0
[10:12:01] [info] tas: stall frame 2011 ms -> contributing 1 tick (patch 0286)
[10:12:02] [info] drawcall drawSurface call 140000: src=16x16 dst=16x16 at (64,160) took 0ms
[10:12:03] [info] tas: stall frame 1904 ms -> contributing 1 tick (patch 0286)
[10:12:05] [info] tas: stall frame 1875 ms -> contributing 1 tick (patch 0286)
[10:12:06] [info] drawcall drawSurface call 141000: src=16x16 dst=16x16 at (256,224) took 0ms
[10:12:07] [info] tas: stall frame 1852 ms -> contributing 1 tick (patch 0286)
[10:12:09] [info] tas: stall frame 1803 ms -> contributing 1 tick (patch 0286)
[10:12:11] [info] tas: stall frame 1755 ms -> contributing 1 tick (patch 0286)
[10:12:11] [info] drawcall drawSurface call 142000: src=16x16 dst=16x16 at (32,0) took 0ms
[10:12:12] [info] tas: stall frame 1703 ms -> contributing 1 tick (patch 0286)
[10:12:14] [info] tas: stall frame 1630 ms -> contributing 1 tick (patch 0286)
[10:12:14] [info] drawcall drawSurface call 143000: src=16x16 dst=16x16 at (224,64) took 0ms
[10:12:15] [info] tas: stall frame 1575 ms -> contributing 1 tick (patch 0286)
[10:12:17] [info] tas: stall frame 1512 ms -> contributing 1 tick (patch 0286)
[10:12:18] [info] flip-probe: flip #1510 ok=true present=990ms inter_flip_ms=1513 drawcalls-since-flip=409 drawcalls-total=148958 fail-total=0 null-skips-total=0
[10:12:18] [info] tas: stall frame 1475 ms -> contributing 1 tick (patch 0286)
[10:12:19] [info] drawcall drawSurface call 144000: src=16x16 dst=16x16 at (184,248) took 0ms
[10:12:20] [info] tas: stall frame 1441 ms -> contributing 1 tick (patch 0286)
[10:12:21] [info] tas: stall frame 1405 ms -> contributing 1 tick (patch 0286)
[10:12:22] [info] drawcall drawSurface call 145000: src=16x16 dst=16x16 at (176,144) took 1ms
[10:12:23] [info] tas: stall frame 1394 ms -> contributing 1 tick (patch 0286)
[10:12:24] [info] tas: stall frame 1378 ms -> contributing 1 tick (patch 0286)
[10:12:24] [info] tas: stall frame 423 ms -> contributing 1 tick (patch 0286)
[10:12:25] [info]  >> Entering stage 11: 'Mimiga Village'.
[10:12:25] [info] [skip-sheet-flush] cave=5
[10:12:25] [info] [load-stage] preloading entry music song=9 (cave=5)
[10:12:25] [info] [music-dispatch] tick=1522 song=9 (prev 13)
[10:12:25] [info] opl3 backend: on_song_stop
[10:12:26] [info] MidiScheduler::load: parsed 'data/orgmid2/mura.mid' = 2863 events at 48 PPQ
[10:12:26] [info] opl3 backend: on_song_start
[10:12:26] [info] gameloop: entered (curmap=11, running=1)
[10:12:26] [info] gameloop: iter 1 ticks=903365 mapno=-1
[10:12:26] [info] drawcall drawSurface call 146000: src=16x16 dst=16x16 at (63,96) took 0ms
[10:12:27] [info] gameloop: iter 2 ticks=904589 mapno=-1
[10:12:27] [info] tas: stall frame 1224 ms -> contributing 1 tick (patch 0286)
[10:12:28] [info] gameloop: iter 3 ticks=905789 mapno=-1
[10:12:28] [info] tas: stall frame 1201 ms -> contributing 1 tick (patch 0286)
[10:12:29] [info] tas: stall frame 1211 ms -> contributing 1 tick (patch 0286)
[10:12:29] [info] drawcall drawSurface call 147000: src=16x16 dst=16x16 at (63,208) took 0ms
[10:12:31] [info] flip-probe: flip #1520 ok=true present=1066ms inter_flip_ms=1221 drawcalls-since-flip=345 drawcalls-total=152193 fail-total=0 null-skips-total=0
[10:12:31] [info] tas: stall frame 1255 ms -> contributing 1 tick (patch 0286)
[10:12:32] [info] tas: stall frame 1276 ms -> contributing 1 tick (patch 0286)
[10:12:33] [info] tas: stall frame 1322 ms -> contributing 1 tick (patch 0286)
[10:12:33] [info] drawcall drawSurface call 148000: src=16x16 dst=16x16 at (47,80) took 0ms
[10:12:35] [info] tas: stall frame 1383 ms -> contributing 1 tick (patch 0286)
[10:12:36] [info] tas: stall frame 1441 ms -> contributing 1 tick (patch 0286)
[10:12:38] [info] tas: stall frame 1510 ms -> contributing 1 tick (patch 0286)
[10:12:38] [info] drawcall drawSurface call 149000: src=16x16 dst=16x16 at (47,192) took 0ms
[10:12:39] [info] tas: stall frame 1593 ms -> contributing 1 tick (patch 0286)
[10:12:41] [info] tas: stall frame 1619 ms -> contributing 1 tick (patch 0286)
[10:12:42] [info] tas: stall frame 1657 ms -> contributing 1 tick (patch 0286)
[10:12:43] [info] drawcall drawSurface call 150000: src=16x16 dst=16x16 at (31,64) took 0ms
[10:12:44] [info] tas: stall frame 1694 ms -> contributing 1 tick (patch 0286)
[10:12:46] [info] flip-probe: flip #1530 ok=true present=1537ms inter_flip_ms=1708 drawcalls-since-flip=345 drawcalls-total=155643 fail-total=0 null-skips-total=0
[10:12:46] [info] tas: stall frame 1736 ms -> contributing 1 tick (patch 0286)
[10:12:48] [info] tas: stall frame 1719 ms -> contributing 1 tick (patch 0286)
[10:12:48] [info] drawcall drawSurface call 151000: src=16x16 dst=16x16 at (15,176) took 0ms
[10:12:49] [info] tas: stall frame 1702 ms -> contributing 1 tick (patch 0286)
[10:12:51] [info] tas: stall frame 1664 ms -> contributing 1 tick (patch 0286)
[10:12:53] [info] tas: stall frame 1598 ms -> contributing 1 tick (patch 0286)
[10:12:54] [info] tas: stall frame 1550 ms -> contributing 1 tick (patch 0286)
[10:12:54] [info] drawcall drawSurface call 152000: src=16x16 dst=16x16 at (127,32) took 0ms
[10:12:56] [info] tas: stall frame 1530 ms -> contributing 1 tick (patch 0286)
[10:12:57] [info] tas: stall frame 1453 ms -> contributing 1 tick (patch 0286)
[10:12:58] [info] tas: stall frame 1417 ms -> contributing 1 tick (patch 0286)
[10:13:00] [info] tas: stall frame 1331 ms -> contributing 1 tick (patch 0286)
[10:13:00] [info] drawcall drawSurface call 153000: src=16x16 dst=16x16 at (-1,128) took 0ms
[10:13:01] [info] flip-probe: flip #1540 ok=true present=1114ms inter_flip_ms=1336 drawcalls-since-flip=210 drawcalls-total=158418 fail-total=0 null-skips-total=0
[10:13:01] [info] tas: stall frame 1488 ms -> contributing 1 tick (patch 0286)
[10:13:02] [info] tas: stall frame 1193 ms -> contributing 1 tick (patch 0286)
[10:13:04] [info] tas: stall frame 1080 ms -> contributing 1 tick (patch 0286)
[10:13:05] [info] tas: stall frame 996 ms -> contributing 1 tick (patch 0286)
[10:13:05] [info] tas: stall frame 866 ms -> contributing 1 tick (patch 0286)
[10:13:06] [info] tas: stall frame 749 ms -> contributing 1 tick (patch 0286)
[10:13:07] [info] tas: stall frame 663 ms -> contributing 1 tick (patch 0286)
[10:13:07] [info] tas: stall frame 546 ms -> contributing 1 tick (patch 0286)
[10:13:08] [info] drawcall drawSurface call 154000: src=16x16 dst=16x16 at (31,160) took 0ms
[10:13:08] [info] tas: stall frame 485 ms -> contributing 1 tick (patch 0286)
[10:13:08] [info] tas: stall frame 379 ms -> contributing 1 tick (patch 0286)
[10:13:09] [info] flip-probe: flip #1550 ok=true present=196ms inter_flip_ms=398 drawcalls-since-flip=60 drawcalls-total=159693 fail-total=0 null-skips-total=0
[10:13:09] [info] tas: stall frame 335 ms -> contributing 1 tick (patch 0286)
[10:13:09] [info] tas: stall frame 252 ms -> contributing 1 tick (patch 0286)
[10:13:09] [info] tas: stall frame 206 ms -> contributing 1 tick (patch 0286)
[10:13:09] [info] tas: stall frame 304 ms -> contributing 1 tick (patch 0286)
[10:13:10] [info] tas: stall frame 288 ms -> contributing 1 tick (patch 0286)
[10:13:10] [info] tas: stall frame 306 ms -> contributing 1 tick (patch 0286)
[10:13:10] [info] tas: stall frame 286 ms -> contributing 1 tick (patch 0286)
[10:13:11] [info] tas: stall frame 305 ms -> contributing 1 tick (patch 0286)
[10:13:11] [info] tas: stall frame 285 ms -> contributing 1 tick (patch 0286)
[10:13:11] [info] tas: stall frame 305 ms -> contributing 1 tick (patch 0286)
[10:13:11] [info] flip-probe: flip #1560 ok=true present=178ms inter_flip_ms=287 drawcalls-since-flip=40 drawcalls-total=160088 fail-total=0 null-skips-total=0
[10:13:11] [info] tas: stall frame 295 ms -> contributing 1 tick (patch 0286)
[10:13:12] [info] tas: stall frame 303 ms -> contributing 1 tick (patch 0286)
[10:13:12] [info] tas: stall frame 307 ms -> contributing 1 tick (patch 0286)
[10:13:12] [info] tas: stall frame 286 ms -> contributing 1 tick (patch 0286)
[10:13:13] [info] tas: stall frame 307 ms -> contributing 1 tick (patch 0286)
[10:13:13] [info] tas: stall frame 299 ms -> contributing 1 tick (patch 0286)
[10:13:13] [info] tas: stall frame 308 ms -> contributing 1 tick (patch 0286)
[10:13:14] [info] tas: stall frame 303 ms -> contributing 1 tick (patch 0286)
[10:13:14] [info] tas: stall frame 285 ms -> contributing 1 tick (patch 0286)
[10:13:14] [info] tas: stall frame 306 ms -> contributing 1 tick (patch 0286)
[10:13:14] [info] flip-probe: flip #1570 ok=true present=178ms inter_flip_ms=306 drawcalls-since-flip=40 drawcalls-total=160488 fail-total=0 null-skips-total=0
[10:13:14] [info] tas: stall frame 316 ms -> contributing 1 tick (patch 0286)
[10:13:15] [info] tas: stall frame 289 ms -> contributing 1 tick (patch 0286)
[10:13:15] [info] tas: stall frame 307 ms -> contributing 1 tick (patch 0286)
[10:13:15] [info] tas: stall frame 305 ms -> contributing 1 tick (patch 0286)
[10:13:16] [info] tas: stall frame 307 ms -> contributing 1 tick (patch 0286)
[10:13:16] [info] backdrop cache: thrashing-detect engaged (streak=4, route=direct)
[10:13:16] [info] tas: stall frame 299 ms -> contributing 1 tick (patch 0286)
[10:13:16] [info] tas: stall frame 284 ms -> contributing 1 tick (patch 0286)
[10:13:17] [info] tas: stall frame 283 ms -> contributing 1 tick (patch 0286)
[10:13:17] [info] tas: stall frame 282 ms -> contributing 1 tick (patch 0286)
[10:13:17] [info] tas: stall frame 282 ms -> contributing 1 tick (patch 0286)
[10:13:17] [info] flip-probe: flip #1580 ok=true present=178ms inter_flip_ms=284 drawcalls-since-flip=40 drawcalls-total=160888 fail-total=0 null-skips-total=0
[10:13:17] [info] tas: stall frame 292 ms -> contributing 1 tick (patch 0286)
[10:13:18] [info] tas: stall frame 283 ms -> contributing 1 tick (patch 0286)
[10:13:18] [info] tas: stall frame 283 ms -> contributing 1 tick (patch 0286)
[10:13:18] [info] drawcall drawSurface call 155000: src=5x5 dst=5x5 at (151,89) took 0ms
[10:13:18] [info] tas: stall frame 291 ms -> contributing 1 tick (patch 0286)
[10:13:19] [info] tas: stall frame 283 ms -> contributing 1 tick (patch 0286)
[10:13:19] [info] tas: stall frame 286 ms -> contributing 1 tick (patch 0286)
[10:13:19] [info] tas: stall frame 282 ms -> contributing 1 tick (patch 0286)
[10:13:19] [info] tas: stall frame 282 ms -> contributing 1 tick (patch 0286)
[10:13:20] [info] tas: stall frame 284 ms -> contributing 1 tick (patch 0286)
[10:13:20] [info] tas: stall frame 282 ms -> contributing 1 tick (patch 0286)
[10:13:20] [info] flip-probe: flip #1590 ok=true present=178ms inter_flip_ms=282 drawcalls-since-flip=40 drawcalls-total=161288 fail-total=0 null-skips-total=0
[10:13:20] [info] tas: stall frame 291 ms -> contributing 1 tick (patch 0286)
[10:13:21] [info] tas: stall frame 281 ms -> contributing 1 tick (patch 0286)
[10:13:21] [info] tas: stall frame 285 ms -> contributing 1 tick (patch 0286)
[10:13:21] [info] tas: stall frame 283 ms -> contributing 1 tick (patch 0286)
[10:13:21] [info] tas: stall frame 283 ms -> contributing 1 tick (patch 0286)
[10:13:22] [info] tas: stall frame 285 ms -> contributing 1 tick (patch 0286)
[10:13:22] [info] tas: stall frame 283 ms -> contributing 1 tick (patch 0286)
[10:13:22] [info] tas: stall frame 283 ms -> contributing 1 tick (patch 0286)
[10:13:23] [info] tas: stall frame 282 ms -> contributing 1 tick (patch 0286)
[10:13:23] [info] tas: stall frame 282 ms -> contributing 1 tick (patch 0286)
[10:13:23] [info] flip-probe: flip #1600 ok=true present=206ms inter_flip_ms=284 drawcalls-since-flip=40 drawcalls-total=161688 fail-total=0 null-skips-total=0
[10:13:23] [info] drawcall tally block 16: drawcalls=15628 total_ms=1230 avg_ms_x10=0 (over 100 flips ending at flip 1600)
[10:13:23] [info] alpha audit block 16: 15628 total drawcalls, 0 with alpha<255 (block pct_x10=0; global 0/155449 pct_x10=0); alpha-mod skipped: block=16720 global=160354
[10:13:23] [info] fastpath audit block 16: taken=0 (idx8=0) skipped=15628 pct_x10=0; global taken=0 (idx8=0) skipped=155449 pct_x10=0
[10:13:23] [info] primitive tally block 16: clear=202(hr=0) fill=0(hr=0) rect=0(hr=0) line=0(hr=0) tint=0 spotlight=0 (over 100 flips ending at flip 1600)
[10:13:23] [info] slowpath reason block 16: alpha=0 format=0 windim=15628 null_src=0 other=0 (of 15628 total drawSurface slow-path)
[10:13:23] [info] color/alpha audit block 16: cmod_white=1092 cmod_black=0 (idx=0) cmod_general=0 (idx=0) cmod_fb=1092; alpha_taken=0 alpha_skipped=0 (global cmod=5718/0/0/4905 idx=0/0 alpha=0/0)
[10:13:23] [info] phase timing block 16: drawcalls=18088 dc_total_ms=4012 flip_inner_total_ms=62353 inter_flip_total_ms=83124 (per-flip avg x10: dc_ms=401 fi_ms=6235 if_ms=8312 derived audio+engine_ms=1676; per-drawcall avg us_x10=2218) [direct-vesa: presents=0 total_ms=0 avg_ms_x10=0 failed=0] [ablation: NO_DC_TIMING=0 CACHE_WINSURF=0 DIRECT_VESA=1]
[10:13:23] [info] kbd/audio block 16: kbd_irq=0 kbd_drain=0 ring_chunks=16 pump_pass=1606 pic1_mask=0xb8 first_irq_ticks=0 install_ticks=0 vector_at_install=0x0083def0 pic1_mask_live=0x98 kbd_8042_stat=0x34 bios_kbd_head=0x0022 bios_kbd_tail=0x0022 bios_kbd_buf0=0x1c0d
[10:13:23] [info] dirty-rect block @flip=1600: total_calls=0 dirty_rects_avg=1 dirty_pct_x10=1000 forced_full=0 first_n_force=0 threshold_exceeded=0 dirty_path_taken=100 full_flush_taken=0
[10:13:23] [info] prev-frame-diff block @flip=1600: diff_calls=0 diff_rects_avg=0 diff_dirty_pct_x10=0 bbox_pct_x10=0 bbox_thresh_exceeded=0
[10:13:23] [info] tas: stall frame 394 ms -> contributing 1 tick (patch 0286)
[10:13:23] [info] tas: stall frame 282 ms -> contributing 1 tick (patch 0286)
[10:13:24] [info] tas: stall frame 285 ms -> contributing 1 tick (patch 0286)
[10:13:24] [info] tas: stall frame 283 ms -> contributing 1 tick (patch 0286)
[10:13:24] [info] tas: stall frame 284 ms -> contributing 1 tick (patch 0286)
[10:13:25] [info] tas: stall frame 282 ms -> contributing 1 tick (patch 0286)
[10:13:25] [info] tas: stall frame 283 ms -> contributing 1 tick (patch 0286)
[10:13:25] [info] tas: stall frame 282 ms -> contributing 1 tick (patch 0286)
[10:13:25] [info] tas: stall frame 283 ms -> contributing 1 tick (patch 0286)
[10:13:26] [info] tas: stall frame 284 ms -> contributing 1 tick (patch 0286)
[10:13:26] [info] flip-probe: flip #1610 ok=true present=178ms inter_flip_ms=282 drawcalls-since-flip=40 drawcalls-total=162088 fail-total=0 null-skips-total=0
[10:13:26] [info] tas: stall frame 288 ms -> contributing 1 tick (patch 0286)
[10:13:26] [info] tas: stall frame 283 ms -> contributing 1 tick (patch 0286)
[10:13:27] [info] tas: stall frame 286 ms -> contributing 1 tick (patch 0286)
[10:13:27] [info] tas: stall frame 285 ms -> contributing 1 tick (patch 0286)
[10:13:27] [info] tas: stall frame 284 ms -> contributing 1 tick (patch 0286)
[10:13:27] [info] tas: stall frame 284 ms -> contributing 1 tick (patch 0286)
[10:13:28] [info] tas: stall frame 283 ms -> contributing 1 tick (patch 0286)
[10:13:28] [info] tas: stall frame 283 ms -> contributing 1 tick (patch 0286)
[10:13:28] [info] tas: stall frame 283 ms -> contributing 1 tick (patch 0286)
[10:13:29] [info] tas: stall frame 283 ms -> contributing 1 tick (patch 0286)
[10:13:29] [info] flip-probe: flip #1620 ok=true present=178ms inter_flip_ms=289 drawcalls-since-flip=40 drawcalls-total=162488 fail-total=0 null-skips-total=0
[10:13:29] [info] tas: stall frame 295 ms -> contributing 1 tick (patch 0286)
[10:13:29] [info] tas: stall frame 283 ms -> contributing 1 tick (patch 0286)
[10:13:29] [info] drawcall drawSurface call 156000: src=39x5 dst=39x5 at (40,41) took 0ms
[10:13:29] [info] tas: stall frame 291 ms -> contributing 1 tick (patch 0286)
[10:13:30] [info] tas: stall frame 286 ms -> contributing 1 tick (patch 0286)
[10:13:30] [info] tas: stall frame 285 ms -> contributing 1 tick (patch 0286)
[10:13:30] [info] tas: stall frame 284 ms -> contributing 1 tick (patch 0286)
[10:13:31] [info] tas: stall frame 283 ms -> contributing 1 tick (patch 0286)
[10:13:31] [info] tas: stall frame 284 ms -> contributing 1 tick (patch 0286)
[10:13:31] [info] tas: stall frame 285 ms -> contributing 1 tick (patch 0286)
[10:13:31] [info] tas: stall frame 286 ms -> contributing 1 tick (patch 0286)
[10:13:32] [info] flip-probe: flip #1630 ok=true present=178ms inter_flip_ms=286 drawcalls-since-flip=40 drawcalls-total=162888 fail-total=0 null-skips-total=0
[10:13:32] [info] tas: stall frame 292 ms -> contributing 1 tick (patch 0286)
[10:13:32] [info] tas: stall frame 283 ms -> contributing 1 tick (patch 0286)
[10:13:32] [info] tas: stall frame 286 ms -> contributing 1 tick (patch 0286)
[10:13:33] [info] tas: stall frame 284 ms -> contributing 1 tick (patch 0286)
[10:13:33] [info] tas: stall frame 288 ms -> contributing 1 tick (patch 0286)
[10:13:33] [info] backdrop cache: thrashing-detect engaged (streak=64, route=direct)
[10:13:33] [info] tas: stall frame 291 ms -> contributing 1 tick (patch 0286)
[10:13:33] [info] tas: stall frame 290 ms -> contributing 1 tick (patch 0286)
[10:13:34] [info] tas: stall frame 181 ms -> contributing 1 tick (patch 0286)
[10:13:34] [info] tas: stall frame 181 ms -> contributing 1 tick (patch 0286)
[10:13:34] [info] tas: stall frame 188 ms -> contributing 1 tick (patch 0286)
[10:13:34] [info] flip-probe: flip #1640 ok=true present=86ms inter_flip_ms=185 drawcalls-since-flip=16 drawcalls-total=163190 fail-total=0 null-skips-total=0
[10:13:34] [info] tas: stall frame 193 ms -> contributing 1 tick (patch 0286)
[10:13:34] [info] tas: stall frame 180 ms -> contributing 1 tick (patch 0286)
[10:13:35] [info] tas: stall frame 180 ms -> contributing 1 tick (patch 0286)
[10:13:35] [info] tas: stall frame 187 ms -> contributing 1 tick (patch 0286)
[10:13:35] [info] tas: stall frame 187 ms -> contributing 1 tick (patch 0286)
[10:13:35] [info] tas: stall frame 183 ms -> contributing 1 tick (patch 0286)
[10:13:35] [info] tas: stall frame 180 ms -> contributing 1 tick (patch 0286)
[10:13:36] [info] tas: stall frame 184 ms -> contributing 1 tick (patch 0286)
[10:13:36] [info] tas: stall frame 187 ms -> contributing 1 tick (patch 0286)
[10:13:36] [info] tas: stall frame 181 ms -> contributing 1 tick (patch 0286)
[10:13:36] [info] flip-probe: flip #1650 ok=true present=81ms inter_flip_ms=185 drawcalls-since-flip=14 drawcalls-total=163338 fail-total=0 null-skips-total=0
[10:13:36] [info] tas: stall frame 191 ms -> contributing 1 tick (patch 0286)
[10:13:36] [info] tas: stall frame 184 ms -> contributing 1 tick (patch 0286)
[10:13:36] [info] tas: stall frame 186 ms -> contributing 1 tick (patch 0286)
[10:13:37] [info] tas: stall frame 181 ms -> contributing 1 tick (patch 0286)
[10:13:37] [info] tas: stall frame 181 ms -> contributing 1 tick (patch 0286)
[10:13:37] [info] tas: stall frame 188 ms -> contributing 1 tick (patch 0286)
[10:13:37] [info] tas: stall frame 179 ms -> contributing 1 tick (patch 0286)
[10:13:37] [info] tas: stall frame 180 ms -> contributing 1 tick (patch 0286)
[10:13:38] [info] tas: stall frame 178 ms -> contributing 1 tick (patch 0286)
[10:13:38] [info] tas: stall frame 176 ms -> contributing 1 tick (patch 0286)
[10:13:38] [info] flip-probe: flip #1660 ok=true present=81ms inter_flip_ms=176 drawcalls-since-flip=14 drawcalls-total=163484 fail-total=0 null-skips-total=0
[10:13:38] [info] tas: stall frame 184 ms -> contributing 1 tick (patch 0286)
[10:13:38] [info] tas: stall frame 172 ms -> contributing 1 tick (patch 0286)
[10:13:38] [info] tas: stall frame 170 ms -> contributing 1 tick (patch 0286)
[10:13:38] [info] tas: stall frame 165 ms -> contributing 1 tick (patch 0286)
[10:13:39] [info] tas: stall frame 168 ms -> contributing 1 tick (patch 0286)
[10:13:39] [info] tas: stall frame 164 ms -> contributing 1 tick (patch 0286)
[10:13:39] [info] tas: stall frame 162 ms -> contributing 1 tick (patch 0286)
[10:13:39] [info] tas: stall frame 164 ms -> contributing 1 tick (patch 0286)
[10:13:39] [info] tas: stall frame 165 ms -> contributing 1 tick (patch 0286)
[10:13:39] [info] tas: stall frame 170 ms -> contributing 1 tick (patch 0286)
[10:13:40] [info] flip-probe: flip #1670 ok=true present=81ms inter_flip_ms=176 drawcalls-since-flip=14 drawcalls-total=163630 fail-total=0 null-skips-total=0
[10:13:40] [info] tas: stall frame 184 ms -> contributing 1 tick (patch 0286)
[10:13:40] [info] tas: stall frame 181 ms -> contributing 1 tick (patch 0286)
[10:13:40] [info] tas: stall frame 182 ms -> contributing 1 tick (patch 0286)
[10:13:40] [info] tas: stall frame 195 ms -> contributing 1 tick (patch 0286)
[10:13:40] [info] tas: stall frame 201 ms -> contributing 1 tick (patch 0286)
[10:13:41] [info] tas: stall frame 204 ms -> contributing 1 tick (patch 0286)
[10:13:41] [info] tas: stall frame 211 ms -> contributing 1 tick (patch 0286)
[10:13:41] [info] tas: stall frame 228 ms -> contributing 1 tick (patch 0286)
[10:13:41] [info] tas: stall frame 232 ms -> contributing 1 tick (patch 0286)
[10:13:41] [info] tas: stall frame 235 ms -> contributing 1 tick (patch 0286)
[10:13:42] [info] flip-probe: flip #1680 ok=true present=81ms inter_flip_ms=248 drawcalls-since-flip=14 drawcalls-total=163770 fail-total=0 null-skips-total=0
[10:13:42] [info] tas: stall frame 253 ms -> contributing 1 tick (patch 0286)
[10:13:42] [info] tas: stall frame 249 ms -> contributing 1 tick (patch 0286)
[10:13:42] [info] drawcall drawSurface call 157000: src=64x8 dst=64x8 at (16,40) took 0ms
[10:13:42] [info] tas: stall frame 256 ms -> contributing 1 tick (patch 0286)
[10:13:42] [info] tas: stall frame 260 ms -> contributing 1 tick (patch 0286)
[10:13:43] [info] tas: stall frame 261 ms -> contributing 1 tick (patch 0286)
[10:13:43] [info] tas: stall frame 261 ms -> contributing 1 tick (patch 0286)
[10:13:43] [info] tas: stall frame 479 ms -> contributing 1 tick (patch 0286)
[10:13:44] [info] tas: stall frame 260 ms -> contributing 1 tick (patch 0286)
[10:13:44] [info] tas: stall frame 260 ms -> contributing 1 tick (patch 0286)
[10:13:44] [info] tas: stall frame 261 ms -> contributing 1 tick (patch 0286)
[10:13:45] [info] flip-probe: flip #1690 ok=true present=81ms inter_flip_ms=262 drawcalls-since-flip=15 drawcalls-total=163917 fail-total=0 null-skips-total=0
[10:13:45] [info] tas: stall frame 268 ms -> contributing 1 tick (patch 0286)
[10:13:45] [info] tas: stall frame 263 ms -> contributing 1 tick (patch 0286)
[10:13:45] [info] tas: stall frame 261 ms -> contributing 1 tick (patch 0286)
[10:13:45] [info] tas: stall frame 261 ms -> contributing 1 tick (patch 0286)
[10:13:46] [info] tas: stall frame 261 ms -> contributing 1 tick (patch 0286)
[10:13:46] [info] backdrop cache: thrashing-detect engaged (streak=124, route=direct)
[10:13:46] [info] tas: stall frame 267 ms -> contributing 1 tick (patch 0286)
[10:13:46] [info] tas: stall frame 263 ms -> contributing 1 tick (patch 0286)
[10:13:46] [info] tas: stall frame 261 ms -> contributing 1 tick (patch 0286)
[10:13:47] [info] tas: stall frame 260 ms -> contributing 1 tick (patch 0286)
[10:13:47] [info] tas: stall frame 260 ms -> contributing 1 tick (patch 0286)
[10:13:47] [info] flip-probe: flip #1700 ok=true present=112ms inter_flip_ms=261 drawcalls-since-flip=15 drawcalls-total=164067 fail-total=0 null-skips-total=0
[10:13:47] [info] drawcall tally block 17: drawcalls=1811 total_ms=164 avg_ms_x10=0 (over 100 flips ending at flip 1700)
[10:13:47] [info] alpha audit block 17: 1811 total drawcalls, 0 with alpha<255 (block pct_x10=0; global 0/157260 pct_x10=0); alpha-mod skipped: block=2279 global=162633
[10:13:47] [info] fastpath audit block 17: taken=0 (idx8=0) skipped=1811 pct_x10=0; global taken=0 (idx8=0) skipped=157260 pct_x10=0
[10:13:47] [info] primitive tally block 17: clear=200(hr=0) fill=0(hr=0) rect=0(hr=0) line=0(hr=0) tint=0 spotlight=0 (over 100 flips ending at flip 1700)
[10:13:47] [info] slowpath reason block 17: alpha=0 format=0 windim=1811 null_src=0 other=0 (of 1811 total drawSurface slow-path)
[10:13:47] [info] color/alpha audit block 17: cmod_white=468 cmod_black=0 (idx=0) cmod_general=0 (idx=0) cmod_fb=468; alpha_taken=0 alpha_skipped=0 (global cmod=6186/0/0/5373 idx=0/0 alpha=0/0)
[10:13:47] [info] phase timing block 17: drawcalls=2947 dc_total_ms=566 flip_inner_total_ms=11919 inter_flip_total_ms=24164 (per-flip avg x10: dc_ms=56 fi_ms=1191 if_ms=2416 derived audio+engine_ms=1169; per-drawcall avg us_x10=1920) [direct-vesa: presents=0 total_ms=0 avg_ms_x10=0 failed=0] [ablation: NO_DC_TIMING=0 CACHE_WINSURF=0 DIRECT_VESA=1]
[10:13:47] [info] kbd/audio block 17: kbd_irq=0 kbd_drain=0 ring_chunks=16 pump_pass=1706 pic1_mask=0xb8 first_irq_ticks=0 install_ticks=0 vector_at_install=0x0083def0 pic1_mask_live=0x98 kbd_8042_stat=0x34 bios_kbd_head=0x0022 bios_kbd_tail=0x0022 bios_kbd_buf0=0x1c0d
[10:13:47] [info] dirty-rect block @flip=1700: total_calls=0 dirty_rects_avg=1 dirty_pct_x10=1000 forced_full=0 first_n_force=0 threshold_exceeded=0 dirty_path_taken=100 full_flush_taken=0
[10:13:47] [info] prev-frame-diff block @flip=1700: diff_calls=0 diff_rects_avg=0 diff_dirty_pct_x10=0 bbox_pct_x10=0 bbox_thresh_exceeded=0
[10:13:47] [info] tas: stall frame 373 ms -> contributing 1 tick (patch 0286)
[10:13:48] [info] tas: stall frame 262 ms -> contributing 1 tick (patch 0286)
[10:13:48] [info] tas: stall frame 261 ms -> contributing 1 tick (patch 0286)
[10:13:48] [info] tas: stall frame 264 ms -> contributing 1 tick (patch 0286)
[10:13:48] [info] tas: stall frame 261 ms -> contributing 1 tick (patch 0286)
[10:13:49] [info] tas: stall frame 261 ms -> contributing 1 tick (patch 0286)
[10:13:49] [info] tas: stall frame 263 ms -> contributing 1 tick (patch 0286)
[10:13:49] [info] tas: stall frame 263 ms -> contributing 1 tick (patch 0286)
[10:13:49] [info] tas: stall frame 264 ms -> contributing 1 tick (patch 0286)
[10:13:50] [info] tas: stall frame 268 ms -> contributing 1 tick (patch 0286)
[10:13:50] [info] flip-probe: flip #1710 ok=true present=81ms inter_flip_ms=268 drawcalls-since-flip=15 drawcalls-total=164217 fail-total=0 null-skips-total=0
[10:13:50] [info] tas: stall frame 275 ms -> contributing 1 tick (patch 0286)
[10:13:50] [info] tas: stall frame 270 ms -> contributing 1 tick (patch 0286)
[10:13:50] [info] tas: stall frame 273 ms -> contributing 1 tick (patch 0286)
[10:13:51] [info] tas: stall frame 275 ms -> contributing 1 tick (patch 0286)
[10:13:51] [info] tas: stall frame 278 ms -> contributing 1 tick (patch 0286)
[10:13:51] [info] tas: stall frame 280 ms -> contributing 1 tick (patch 0286)
[10:13:52] [info] tas: stall frame 279 ms -> contributing 1 tick (patch 0286)
[10:13:52] [info] tas: stall frame 278 ms -> contributing 1 tick (patch 0286)
[10:13:52] [info] tas: stall frame 282 ms -> contributing 1 tick (patch 0286)
[10:13:52] [info] tas: stall frame 279 ms -> contributing 1 tick (patch 0286)
[10:13:53] [info] flip-probe: flip #1720 ok=true present=81ms inter_flip_ms=284 drawcalls-since-flip=16 drawcalls-total=164376 fail-total=0 null-skips-total=0
[10:13:53] [info] tas: stall frame 290 ms -> contributing 1 tick (patch 0286)
[10:13:53] [info] tas: stall frame 279 ms -> contributing 1 tick (patch 0286)
[10:13:53] [info] tas: stall frame 280 ms -> contributing 1 tick (patch 0286)
[10:13:54] [info] tas: stall frame 279 ms -> contributing 1 tick (patch 0286)
[10:13:54] [info] tas: stall frame 276 ms -> contributing 1 tick (patch 0286)
[10:13:54] [info] tas: stall frame 278 ms -> contributing 1 tick (patch 0286)
[10:13:54] [info] tas: stall frame 275 ms -> contributing 1 tick (patch 0286)
[10:13:55] [info] tas: stall frame 275 ms -> contributing 1 tick (patch 0286)
[10:13:55] [info] tas: stall frame 272 ms -> contributing 1 tick (patch 0286)
[10:13:55] [info] tas: stall frame 268 ms -> contributing 1 tick (patch 0286)
[10:13:55] [info] flip-probe: flip #1730 ok=true present=81ms inter_flip_ms=267 drawcalls-since-flip=15 drawcalls-total=164533 fail-total=0 null-skips-total=0
[10:13:55] [info] tas: stall frame 275 ms -> contributing 1 tick (patch 0286)
[10:13:56] [info] tas: stall frame 265 ms -> contributing 1 tick (patch 0286)
[10:13:56] [info] tas: stall frame 263 ms -> contributing 1 tick (patch 0286)
[10:13:56] [info] tas: stall frame 261 ms -> contributing 1 tick (patch 0286)
[10:13:57] [info] tas: stall frame 263 ms -> contributing 1 tick (patch 0286)
[10:13:57] [info] tas: stall frame 261 ms -> contributing 1 tick (patch 0286)
[10:13:57] [info] tas: stall frame 263 ms -> contributing 1 tick (patch 0286)
[10:13:57] [info] tas: stall frame 262 ms -> contributing 1 tick (patch 0286)
[10:13:58] [info] tas: stall frame 262 ms -> contributing 1 tick (patch 0286)
[10:13:58] [info] tas: stall frame 260 ms -> contributing 1 tick (patch 0286)
[10:13:58] [info] flip-probe: flip #1740 ok=true present=80ms inter_flip_ms=261 drawcalls-since-flip=15 drawcalls-total=164683 fail-total=0 null-skips-total=0
[10:13:58] [info] tas: stall frame 268 ms -> contributing 1 tick (patch 0286)
[10:13:58] [info] tas: stall frame 261 ms -> contributing 1 tick (patch 0286)
[10:13:59] [info] tas: stall frame 261 ms -> contributing 1 tick (patch 0286)
[10:13:59] [info] tas: stall frame 261 ms -> contributing 1 tick (patch 0286)
[10:13:59] [info] tas: stall frame 260 ms -> contributing 1 tick (patch 0286)
[10:13:59] [info] tas: stall frame 260 ms -> contributing 1 tick (patch 0286)
[10:14:00] [info] tas: stall frame 261 ms -> contributing 1 tick (patch 0286)
[10:14:00] [info] tas: stall frame 262 ms -> contributing 1 tick (patch 0286)
[10:14:00] [info] tas: stall frame 261 ms -> contributing 1 tick (patch 0286)
[10:14:00] [info] tas: stall frame 260 ms -> contributing 1 tick (patch 0286)
[10:14:01] [info] flip-probe: flip #1750 ok=true present=81ms inter_flip_ms=260 drawcalls-since-flip=15 drawcalls-total=164833 fail-total=0 null-skips-total=0
[10:14:01] [info] tas: stall frame 267 ms -> contributing 1 tick (patch 0286)
[10:14:01] [info] tas: stall frame 263 ms -> contributing 1 tick (patch 0286)
[10:14:01] [info] drawcall drawSurface call 158000: src=8x8 dst=8x8 at (32,32) took 1ms
[10:14:01] [info] tas: stall frame 268 ms -> contributing 1 tick (patch 0286)
[10:14:02] [info] tas: stall frame 261 ms -> contributing 1 tick (patch 0286)
[10:14:02] [info] tas: stall frame 260 ms -> contributing 1 tick (patch 0286)
[10:14:02] [info] backdrop cache: thrashing-detect engaged (streak=184, route=direct)
[10:14:02] [info] tas: stall frame 269 ms -> contributing 1 tick (patch 0286)
[10:14:02] [info] tas: stall frame 261 ms -> contributing 1 tick (patch 0286)
[10:14:03] [info] tas: stall frame 261 ms -> contributing 1 tick (patch 0286)
[10:14:03] [info] tas: stall frame 261 ms -> contributing 1 tick (patch 0286)
[10:14:03] [info] tas: stall frame 261 ms -> contributing 1 tick (patch 0286)
[10:14:03] [info] flip-probe: flip #1760 ok=true present=81ms inter_flip_ms=260 drawcalls-since-flip=15 drawcalls-total=164983 fail-total=0 null-skips-total=0
[10:14:03] [info] tas: stall frame 268 ms -> contributing 1 tick (patch 0286)
[10:14:04] [info] tas: stall frame 261 ms -> contributing 1 tick (patch 0286)
[10:14:04] [info] tas: stall frame 263 ms -> contributing 1 tick (patch 0286)
[10:14:04] [info] tas: stall frame 261 ms -> contributing 1 tick (patch 0286)
[10:14:04] [info] tas: stall frame 261 ms -> contributing 1 tick (patch 0286)
[10:14:05] [info] tas: stall frame 265 ms -> contributing 1 tick (patch 0286)
[10:14:05] [info] tas: stall frame 263 ms -> contributing 1 tick (patch 0286)
[10:14:05] [info] tas: stall frame 261 ms -> contributing 1 tick (patch 0286)
[10:14:05] [info] tas: stall frame 261 ms -> contributing 1 tick (patch 0286)
[10:14:06] [info] tas: stall frame 262 ms -> contributing 1 tick (patch 0286)
[10:14:06] [info] flip-probe: flip #1770 ok=true present=81ms inter_flip_ms=262 drawcalls-since-flip=15 drawcalls-total=165133 fail-total=0 null-skips-total=0
[10:14:06] [info] tas: stall frame 268 ms -> contributing 1 tick (patch 0286)
[10:14:06] [info] tas: stall frame 269 ms -> contributing 1 tick (patch 0286)
[10:14:07] [info] tas: stall frame 275 ms -> contributing 1 tick (patch 0286)
[10:14:07] [info] tas: stall frame 277 ms -> contributing 1 tick (patch 0286)
[10:14:07] [info] tas: stall frame 281 ms -> contributing 1 tick (patch 0286)
[10:14:07] [info] tas: stall frame 284 ms -> contributing 1 tick (patch 0286)
[10:14:08] [info] tas: stall frame 286 ms -> contributing 1 tick (patch 0286)
[10:14:08] [info] tas: stall frame 287 ms -> contributing 1 tick (patch 0286)
[10:14:08] [info] tas: stall frame 288 ms -> contributing 1 tick (patch 0286)
[10:14:09] [info] tas: stall frame 287 ms -> contributing 1 tick (patch 0286)
[10:14:09] [info] flip-probe: flip #1780 ok=true present=81ms inter_flip_ms=287 drawcalls-since-flip=18 drawcalls-total=165310 fail-total=0 null-skips-total=0
[10:14:09] [info] tas: stall frame 294 ms -> contributing 1 tick (patch 0286)
[10:14:09] [info] tas: stall frame 288 ms -> contributing 1 tick (patch 0286)
[10:14:09] [info] tas: stall frame 291 ms -> contributing 1 tick (patch 0286)
[10:14:10] [info] tas: stall frame 288 ms -> contributing 1 tick (patch 0286)
[10:14:10] [info] tas: stall frame 294 ms -> contributing 1 tick (patch 0286)
[10:14:10] [info] tas: stall frame 303 ms -> contributing 1 tick (patch 0286)
[10:14:11] [info] tas: stall frame 317 ms -> contributing 1 tick (patch 0286)
[10:14:11] [info] tas: stall frame 329 ms -> contributing 1 tick (patch 0286)
[10:14:11] [info] tas: stall frame 349 ms -> contributing 1 tick (patch 0286)
[10:14:12] [info] tas: stall frame 354 ms -> contributing 1 tick (patch 0286)
[10:14:12] [info] flip-probe: flip #1790 ok=true present=81ms inter_flip_ms=361 drawcalls-since-flip=18 drawcalls-total=165490 fail-total=0 null-skips-total=0
[10:14:12] [info] tas: stall frame 367 ms -> contributing 1 tick (patch 0286)
[10:14:12] [info] tas: stall frame 359 ms -> contributing 1 tick (patch 0286)
[10:14:13] [info] tas: stall frame 361 ms -> contributing 1 tick (patch 0286)
[10:14:13] [info] tas: stall frame 360 ms -> contributing 1 tick (patch 0286)
[10:14:13] [info] run_tick_fixed #1800: heartbeat (loop alive)
[10:14:13] [info] tas: stall frame 367 ms -> contributing 1 tick (patch 0286)
[10:14:14] [info] tas: stall frame 358 ms -> contributing 1 tick (patch 0286)
[10:14:14] [info] tas: stall frame 361 ms -> contributing 1 tick (patch 0286)
[10:14:15] [info] tas: stall frame 360 ms -> contributing 1 tick (patch 0286)
[10:14:15] [info] tas: stall frame 363 ms -> contributing 1 tick (patch 0286)
[10:14:15] [info] tas: stall frame 360 ms -> contributing 1 tick (patch 0286)
[10:14:16] [info] flip-probe: flip #1800 ok=true present=107ms inter_flip_ms=360 drawcalls-since-flip=18 drawcalls-total=165670 fail-total=0 null-skips-total=0
[10:14:16] [info] drawcall tally block 18: drawcalls=1503 total_ms=139 avg_ms_x10=0 (over 100 flips ending at flip 1800)
[10:14:16] [info] alpha audit block 18: 1503 total drawcalls, 0 with alpha<255 (block pct_x10=0; global 0/158763 pct_x10=0); alpha-mod skipped: block=1503 global=164136
[10:14:16] [info] fastpath audit block 18: taken=0 (idx8=0) skipped=1503 pct_x10=0; global taken=0 (idx8=0) skipped=158763 pct_x10=0
[10:14:16] [info] primitive tally block 18: clear=200(hr=0) fill=0(hr=0) rect=0(hr=0) line=0(hr=0) tint=0 spotlight=0 (over 100 flips ending at flip 1800)
[10:14:16] [info] slowpath reason block 18: alpha=0 format=0 windim=1503 null_src=0 other=0 (of 1503 total drawSurface slow-path)
[10:14:16] [info] phase timing block 18: drawcalls=1703 dc_total_ms=320 flip_inner_total_ms=8376 inter_flip_total_ms=28465 (per-flip avg x10: dc_ms=32 fi_ms=837 if_ms=2846 derived audio+engine_ms=1977; per-drawcall avg us_x10=1882) [direct-vesa: presents=0 total_ms=0 avg_ms_x10=0 failed=0] [ablation: NO_DC_TIMING=0 CACHE_WINSURF=0 DIRECT_VESA=1]
[10:14:16] [info] kbd/audio block 18: kbd_irq=0 kbd_drain=0 ring_chunks=16 pump_pass=1806 pic1_mask=0xb8 first_irq_ticks=0 install_ticks=0 vector_at_install=0x0083def0 pic1_mask_live=0x98 kbd_8042_stat=0x34 bios_kbd_head=0x0022 bios_kbd_tail=0x0022 bios_kbd_buf0=0x1c0d
[10:14:16] [info] dirty-rect block @flip=1800: total_calls=0 dirty_rects_avg=1 dirty_pct_x10=1000 forced_full=0 first_n_force=0 threshold_exceeded=0 dirty_path_taken=100 full_flush_taken=0
[10:14:16] [info] prev-frame-diff block @flip=1800: diff_calls=0 diff_rects_avg=0 diff_dirty_pct_x10=0 bbox_pct_x10=0 bbox_thresh_exceeded=0
[10:14:16] [info] tas: stall frame 464 ms -> contributing 1 tick (patch 0286)
[10:14:16] [info] tas: stall frame 359 ms -> contributing 1 tick (patch 0286)
[10:14:16] [info] tas: stall frame 359 ms -> contributing 1 tick (patch 0286)
[10:14:17] [info] tas: stall frame 359 ms -> contributing 1 tick (patch 0286)
[10:14:17] [info] tas: stall frame 361 ms -> contributing 1 tick (patch 0286)
[10:14:18] [info] tas: stall frame 359 ms -> contributing 1 tick (patch 0286)
[10:14:18] [info] tas: stall frame 359 ms -> contributing 1 tick (patch 0286)
[10:14:18] [info] tas: stall frame 360 ms -> contributing 1 tick (patch 0286)
[10:14:19] [info] tas: stall frame 362 ms -> contributing 1 tick (patch 0286)
[10:14:19] [info] tas: stall frame 360 ms -> contributing 1 tick (patch 0286)
[10:14:19] [info] flip-probe: flip #1810 ok=true present=81ms inter_flip_ms=361 drawcalls-since-flip=18 drawcalls-total=165850 fail-total=0 null-skips-total=0
[10:14:19] [info] tas: stall frame 367 ms -> contributing 1 tick (patch 0286)
[10:14:20] [info] tas: stall frame 359 ms -> contributing 1 tick (patch 0286)
[10:14:20] [info] tas: stall frame 362 ms -> contributing 1 tick (patch 0286)
[10:14:20] [info] tas: stall frame 360 ms -> contributing 1 tick (patch 0286)
[10:14:21] [info] drawcall drawSurface call 159000: src=16x8 dst=16x8 at (64,16) took 0ms
[10:14:21] [info] tas: stall frame 367 ms -> contributing 1 tick (patch 0286)
[10:14:21] [info] backdrop cache: thrashing-detect engaged (streak=244, route=direct)
[10:14:21] [info] tas: stall frame 366 ms -> contributing 1 tick (patch 0286)
[10:14:22] [info] tas: stall frame 361 ms -> contributing 1 tick (patch 0286)
[10:14:22] [info] tas: stall frame 360 ms -> contributing 1 tick (patch 0286)
[10:14:22] [info] tas: stall frame 360 ms -> contributing 1 tick (patch 0286)
[10:14:23] [info] tas: stall frame 360 ms -> contributing 1 tick (patch 0286)
[10:14:23] [info] flip-probe: flip #1820 ok=true present=81ms inter_flip_ms=361 drawcalls-since-flip=18 drawcalls-total=166030 fail-total=0 null-skips-total=0
[10:14:23] [info] tas: stall frame 367 ms -> contributing 1 tick (patch 0286)
[10:14:24] [info] tas: stall frame 575 ms -> contributing 1 tick (patch 0286)
[10:14:24] [info] tas: stall frame 359 ms -> contributing 1 tick (patch 0286)
[10:14:24] [info] tas: stall frame 359 ms -> contributing 1 tick (patch 0286)
[10:14:25] [info] tas: stall frame 359 ms -> contributing 1 tick (patch 0286)
[10:14:25] [info] tas: stall frame 359 ms -> contributing 1 tick (patch 0286)
[10:14:25] [info] tas: stall frame 358 ms -> contributing 1 tick (patch 0286)
[10:14:26] [info] tas: stall frame 363 ms -> contributing 1 tick (patch 0286)
[10:14:26] [info] tas: stall frame 359 ms -> contributing 1 tick (patch 0286)
[10:14:26] [info] tas: stall frame 359 ms -> contributing 1 tick (patch 0286)
[10:14:27] [info] flip-probe: flip #1830 ok=true present=81ms inter_flip_ms=360 drawcalls-since-flip=18 drawcalls-total=166210 fail-total=0 null-skips-total=0
[10:14:27] [info] tas: stall frame 366 ms -> contributing 1 tick (patch 0286)
[10:14:27] [info] tas: stall frame 358 ms -> contributing 1 tick (patch 0286)
[10:14:28] [info] tas: stall frame 360 ms -> contributing 1 tick (patch 0286)
[10:14:28] [info] tas: stall frame 356 ms -> contributing 1 tick (patch 0286)
[10:14:28] [info] tas: stall frame 354 ms -> contributing 1 tick (patch 0286)
[10:14:29] [info] tas: stall frame 353 ms -> contributing 1 tick (patch 0286)
[10:14:29] [info] tas: stall frame 347 ms -> contributing 1 tick (patch 0286)
[10:14:29] [info] tas: stall frame 342 ms -> contributing 1 tick (patch 0286)
[10:14:30] [info] tas: stall frame 337 ms -> contributing 1 tick (patch 0286)
[10:14:30] [info] tas: stall frame 333 ms -> contributing 1 tick (patch 0286)
[10:14:30] [info] flip-probe: flip #1840 ok=true present=81ms inter_flip_ms=330 drawcalls-since-flip=18 drawcalls-total=166390 fail-total=0 null-skips-total=0
[10:14:30] [info] tas: stall frame 336 ms -> contributing 1 tick (patch 0286)
[10:14:31] [info] tas: stall frame 318 ms -> contributing 1 tick (patch 0286)
[10:14:31] [info] tas: stall frame 314 ms -> contributing 1 tick (patch 0286)
[10:14:31] [info] tas: stall frame 317 ms -> contributing 1 tick (patch 0286)
[10:14:32] [info] tas: stall frame 316 ms -> contributing 1 tick (patch 0286)
[10:14:32] [info] tas: stall frame 311 ms -> contributing 1 tick (patch 0286)
[10:14:32] [info] tas: stall frame 311 ms -> contributing 1 tick (patch 0286)
[10:14:32] [info] tas: stall frame 311 ms -> contributing 1 tick (patch 0286)
[10:14:33] [info] tas: stall frame 312 ms -> contributing 1 tick (patch 0286)
[10:14:33] [info] tas: stall frame 314 ms -> contributing 1 tick (patch 0286)
[10:14:33] [info] flip-probe: flip #1850 ok=true present=81ms inter_flip_ms=312 drawcalls-since-flip=17 drawcalls-total=166562 fail-total=0 null-skips-total=0
[10:14:33] [info] tas: stall frame 319 ms -> contributing 1 tick (patch 0286)
[10:14:34] [info] tas: stall frame 316 ms -> contributing 1 tick (patch 0286)
[10:14:34] [info] tas: stall frame 314 ms -> contributing 1 tick (patch 0286)
[10:14:34] [info] tas: stall frame 318 ms -> contributing 1 tick (patch 0286)
[10:14:35] [info] tas: stall frame 311 ms -> contributing 1 tick (patch 0286)
[10:14:35] [info] tas: stall frame 311 ms -> contributing 1 tick (patch 0286)
[10:14:35] [info] tas: stall frame 315 ms -> contributing 1 tick (patch 0286)
[10:14:36] [info] tas: stall frame 316 ms -> contributing 1 tick (patch 0286)
[10:14:36] [info] tas: stall frame 317 ms -> contributing 1 tick (patch 0286)
[10:14:36] [info] tas: stall frame 322 ms -> contributing 1 tick (patch 0286)
[10:14:37] [info] flip-probe: flip #1860 ok=true present=81ms inter_flip_ms=317 drawcalls-since-flip=17 drawcalls-total=166732 fail-total=0 null-skips-total=0
[10:14:37] [info] tas: stall frame 325 ms -> contributing 1 tick (patch 0286)
[10:14:37] [info] tas: stall frame 312 ms -> contributing 1 tick (patch 0286)
[10:14:37] [info] tas: stall frame 305 ms -> contributing 1 tick (patch 0286)
[10:14:38] [info] tas: stall frame 308 ms -> contributing 1 tick (patch 0286)
[10:14:38] [info] tas: stall frame 308 ms -> contributing 1 tick (patch 0286)
[10:14:38] [info] tas: stall frame 307 ms -> contributing 1 tick (patch 0286)
[10:14:38] [info] tas: stall frame 306 ms -> contributing 1 tick (patch 0286)
[10:14:39] [info] tas: stall frame 305 ms -> contributing 1 tick (patch 0286)
[10:14:39] [info] tas: stall frame 299 ms -> contributing 1 tick (patch 0286)
[10:14:39] [info] tas: stall frame 293 ms -> contributing 1 tick (patch 0286)
[10:14:40] [info] flip-probe: flip #1870 ok=true present=81ms inter_flip_ms=291 drawcalls-since-flip=16 drawcalls-total=166894 fail-total=0 null-skips-total=0
[10:14:40] [info] tas: stall frame 300 ms -> contributing 1 tick (patch 0286)
[10:14:40] [info] tas: stall frame 281 ms -> contributing 1 tick (patch 0286)
[10:14:40] [info] tas: stall frame 278 ms -> contributing 1 tick (patch 0286)
[10:14:40] [info] tas: stall frame 277 ms -> contributing 1 tick (patch 0286)
[10:14:41] [info] tas: stall frame 266 ms -> contributing 1 tick (patch 0286)
[10:14:41] [info] backdrop cache: thrashing-detect engaged (streak=304, route=direct)
[10:14:41] [info] tas: stall frame 271 ms -> contributing 1 tick (patch 0286)
[10:14:41] [info] drawcall drawSurface call 160000: src=32x24 dst=32x24 at (302,102) took 0ms
[10:14:41] [info] tas: stall frame 270 ms -> contributing 1 tick (patch 0286)
[10:14:42] [info] tas: stall frame 249 ms -> contributing 1 tick (patch 0286)
[10:14:42] [info] tas: stall frame 248 ms -> contributing 1 tick (patch 0286)
[10:14:42] [info] tas: stall frame 246 ms -> contributing 1 tick (patch 0286)
[10:14:42] [info] flip-probe: flip #1880 ok=true present=81ms inter_flip_ms=236 drawcalls-since-flip=17 drawcalls-total=167063 fail-total=0 null-skips-total=0
[10:14:42] [info] tas: stall frame 243 ms -> contributing 1 tick (patch 0286)
[10:14:43] [info] tas: stall frame 231 ms -> contributing 1 tick (patch 0286)
[10:14:43] [info] tas: stall frame 232 ms -> contributing 1 tick (patch 0286)
[10:14:43] [info] tas: stall frame 235 ms -> contributing 1 tick (patch 0286)
[10:14:43] [info] tas: stall frame 228 ms -> contributing 1 tick (patch 0286)
[10:14:43] [info] tas: stall frame 232 ms -> contributing 1 tick (patch 0286)
[10:14:44] [info] tas: stall frame 234 ms -> contributing 1 tick (patch 0286)
[10:14:44] [info] tas: stall frame 222 ms -> contributing 1 tick (patch 0286)
[10:14:44] [info] tas: stall frame 225 ms -> contributing 1 tick (patch 0286)
[10:14:44] [info] tas: stall frame 225 ms -> contributing 1 tick (patch 0286)
[10:14:45] [info] flip-probe: flip #1890 ok=true present=81ms inter_flip_ms=227 drawcalls-since-flip=16 drawcalls-total=167230 fail-total=0 null-skips-total=0
[10:14:45] [info] tas: stall frame 233 ms -> contributing 1 tick (patch 0286)
[10:14:45] [info] tas: stall frame 224 ms -> contributing 1 tick (patch 0286)
[10:14:45] [info] tas: stall frame 221 ms -> contributing 1 tick (patch 0286)
[10:14:45] [info] tas: stall frame 222 ms -> contributing 1 tick (patch 0286)
[10:14:45] [info] tas: stall frame 222 ms -> contributing 1 tick (patch 0286)
[10:14:46] [info] tas: stall frame 224 ms -> contributing 1 tick (patch 0286)
[10:14:46] [info] tas: stall frame 222 ms -> contributing 1 tick (patch 0286)
[10:14:46] [info] tas: stall frame 221 ms -> contributing 1 tick (patch 0286)
[10:14:46] [info] tas: stall frame 221 ms -> contributing 1 tick (patch 0286)
[10:14:47] [info] tas: stall frame 221 ms -> contributing 1 tick (patch 0286)
[10:14:47] [info] flip-probe: flip #1900 ok=true present=109ms inter_flip_ms=221 drawcalls-since-flip=16 drawcalls-total=167390 fail-total=0 null-skips-total=0
[10:14:47] [info] drawcall tally block 19: drawcalls=1620 total_ms=148 avg_ms_x10=0 (over 100 flips ending at flip 1900)
[10:14:47] [info] alpha audit block 19: 1620 total drawcalls, 0 with alpha<255 (block pct_x10=0; global 0/160383 pct_x10=0); alpha-mod skipped: block=1620 global=165756
[10:14:47] [info] fastpath audit block 19: taken=0 (idx8=0) skipped=1620 pct_x10=0; global taken=0 (idx8=0) skipped=160383 pct_x10=0
[10:14:47] [info] primitive tally block 19: clear=200(hr=0) fill=0(hr=0) rect=0(hr=0) line=0(hr=0) tint=0 spotlight=0 (over 100 flips ending at flip 1900)
[10:14:47] [info] slowpath reason block 19: alpha=0 format=0 windim=1620 null_src=0 other=0 (of 1620 total drawSurface slow-path)
[10:14:47] [info] phase timing block 19: drawcalls=1820 dc_total_ms=348 flip_inner_total_ms=8383 inter_flip_total_ms=31166 (per-flip avg x10: dc_ms=34 fi_ms=838 if_ms=3116 derived audio+engine_ms=2244; per-drawcall avg us_x10=1915) [direct-vesa: presents=0 total_ms=0 avg_ms_x10=0 failed=0] [ablation: NO_DC_TIMING=0 CACHE_WINSURF=0 DIRECT_VESA=1]
[10:14:47] [info] kbd/audio block 19: kbd_irq=0 kbd_drain=0 ring_chunks=16 pump_pass=1906 pic1_mask=0xb8 first_irq_ticks=0 install_ticks=0 vector_at_install=0x0083def0 pic1_mask_live=0x98 kbd_8042_stat=0x34 bios_kbd_head=0x0022 bios_kbd_tail=0x0022 bios_kbd_buf0=0x1c0d
[10:14:47] [info] dirty-rect block @flip=1900: total_calls=0 dirty_rects_avg=1 dirty_pct_x10=1000 forced_full=0 first_n_force=0 threshold_exceeded=0 dirty_path_taken=100 full_flush_taken=0
[10:14:47] [info] prev-frame-diff block @flip=1900: diff_calls=0 diff_rects_avg=0 diff_dirty_pct_x10=0 bbox_pct_x10=0 bbox_thresh_exceeded=0
[10:14:47] [info] tas: stall frame 325 ms -> contributing 1 tick (patch 0286)
[10:14:47] [info] tas: stall frame 224 ms -> contributing 1 tick (patch 0286)
[10:14:47] [info] tas: stall frame 224 ms -> contributing 1 tick (patch 0286)
[10:14:48] [info] tas: stall frame 224 ms -> contributing 1 tick (patch 0286)
[10:14:48] [info] tas: stall frame 226 ms -> contributing 1 tick (patch 0286)
[10:14:48] [info] tas: stall frame 225 ms -> contributing 1 tick (patch 0286)
[10:14:48] [info] tas: stall frame 224 ms -> contributing 1 tick (patch 0286)
[10:14:48] [info] tas: stall frame 224 ms -> contributing 1 tick (patch 0286)
[10:14:49] [info] tas: stall frame 224 ms -> contributing 1 tick (patch 0286)
[10:14:49] [info] tas: stall frame 224 ms -> contributing 1 tick (patch 0286)
[10:14:49] [info] flip-probe: flip #1910 ok=true present=81ms inter_flip_ms=224 drawcalls-since-flip=16 drawcalls-total=167550 fail-total=0 null-skips-total=0
[10:14:49] [info] tas: stall frame 232 ms -> contributing 1 tick (patch 0286)
[10:14:49] [info] tas: stall frame 224 ms -> contributing 1 tick (patch 0286)
[10:14:50] [info] tas: stall frame 225 ms -> contributing 1 tick (patch 0286)
[10:14:50] [info] tas: stall frame 224 ms -> contributing 1 tick (patch 0286)
[10:14:50] [info] tas: stall frame 224 ms -> contributing 1 tick (patch 0286)
[10:14:50] [info] tas: stall frame 227 ms -> contributing 1 tick (patch 0286)
[10:14:50] [info] tas: stall frame 224 ms -> contributing 1 tick (patch 0286)
[10:14:51] [info] tas: stall frame 225 ms -> contributing 1 tick (patch 0286)
[10:14:51] [info] tas: stall frame 224 ms -> contributing 1 tick (patch 0286)
[10:14:51] [info] tas: stall frame 224 ms -> contributing 1 tick (patch 0286)
[10:14:51] [info] flip-probe: flip #1920 ok=true present=81ms inter_flip_ms=226 drawcalls-since-flip=16 drawcalls-total=167710 fail-total=0 null-skips-total=0
[10:14:51] [info] tas: stall frame 234 ms -> contributing 1 tick (patch 0286)
[10:14:52] [info] tas: stall frame 225 ms -> contributing 1 tick (patch 0286)
[10:14:52] [info] tas: stall frame 224 ms -> contributing 1 tick (patch 0286)
[10:14:52] [info] tas: stall frame 224 ms -> contributing 1 tick (patch 0286)
[10:14:52] [info] tas: stall frame 226 ms -> contributing 1 tick (patch 0286)
[10:14:53] [info] tas: stall frame 224 ms -> contributing 1 tick (patch 0286)
[10:14:53] [info] tas: stall frame 227 ms -> contributing 1 tick (patch 0286)
[10:14:53] [info] tas: stall frame 224 ms -> contributing 1 tick (patch 0286)
[10:14:53] [info] tas: stall frame 224 ms -> contributing 1 tick (patch 0286)
[10:14:53] [info] tas: stall frame 225 ms -> contributing 1 tick (patch 0286)
[10:14:54] [info] flip-probe: flip #1930 ok=true present=81ms inter_flip_ms=225 drawcalls-since-flip=16 drawcalls-total=167870 fail-total=0 null-skips-total=0
[10:14:54] [info] tas: stall frame 230 ms -> contributing 1 tick (patch 0286)
[10:14:54] [info] tas: stall frame 227 ms -> contributing 1 tick (patch 0286)
[10:14:54] [info] tas: stall frame 224 ms -> contributing 1 tick (patch 0286)
[10:14:54] [info] tas: stall frame 225 ms -> contributing 1 tick (patch 0286)
[10:14:55] [info] tas: stall frame 224 ms -> contributing 1 tick (patch 0286)
[10:14:55] [info] backdrop cache: thrashing-detect engaged (streak=364, route=direct)
[10:14:55] [info] tas: stall frame 231 ms -> contributing 1 tick (patch 0286)
[10:14:55] [info] tas: stall frame 226 ms -> contributing 1 tick (patch 0286)
[10:14:55] [info] tas: stall frame 225 ms -> contributing 1 tick (patch 0286)
[10:14:55] [info] tas: stall frame 224 ms -> contributing 1 tick (patch 0286)
[10:14:56] [info] tas: stall frame 224 ms -> contributing 1 tick (patch 0286)
[10:14:56] [info] flip-probe: flip #1940 ok=true present=81ms inter_flip_ms=226 drawcalls-since-flip=16 drawcalls-total=168030 fail-total=0 null-skips-total=0
[10:14:56] [info] tas: stall frame 233 ms -> contributing 1 tick (patch 0286)
[10:14:56] [info] tas: stall frame 225 ms -> contributing 1 tick (patch 0286)
[10:14:56] [info] drawcall drawSurface call 161000: src=16x16 dst=16x16 at (216,127) took 1ms
[10:14:56] [info] tas: stall frame 231 ms -> contributing 1 tick (patch 0286)
[10:14:57] [info] tas: stall frame 226 ms -> contributing 1 tick (patch 0286)
[10:14:57] [info] tas: stall frame 225 ms -> contributing 1 tick (patch 0286)
[10:14:57] [info] tas: stall frame 225 ms -> contributing 1 tick (patch 0286)
[10:14:57] [info] tas: stall frame 228 ms -> contributing 1 tick (patch 0286)
[10:14:58] [info] tas: stall frame 225 ms -> contributing 1 tick (patch 0286)
[10:14:58] [info] tas: stall frame 226 ms -> contributing 1 tick (patch 0286)
[10:14:58] [info] tas: stall frame 225 ms -> contributing 1 tick (patch 0286)
[10:14:58] [info] flip-probe: flip #1950 ok=true present=81ms inter_flip_ms=225 drawcalls-since-flip=16 drawcalls-total=168190 fail-total=0 null-skips-total=0
[10:14:58] [info] tas: stall frame 234 ms -> contributing 1 tick (patch 0286)
[10:14:58] [info] tas: stall frame 225 ms -> contributing 1 tick (patch 0286)
[10:14:59] [info] tas: stall frame 225 ms -> contributing 1 tick (patch 0286)
[10:14:59] [info] tas: stall frame 225 ms -> contributing 1 tick (patch 0286)
[10:14:59] [info] tas: stall frame 225 ms -> contributing 1 tick (patch 0286)
[10:14:59] [info] tas: stall frame 227 ms -> contributing 1 tick (patch 0286)
[10:15:00] [info] tas: stall frame 225 ms -> contributing 1 tick (patch 0286)
[10:15:00] [info] tas: stall frame 226 ms -> contributing 1 tick (patch 0286)
[10:15:00] [info] tas: stall frame 225 ms -> contributing 1 tick (patch 0286)
[10:15:00] [info] tas: stall frame 225 ms -> contributing 1 tick (patch 0286)
[10:15:00] [info] flip-probe: flip #1960 ok=true present=82ms inter_flip_ms=225 drawcalls-since-flip=16 drawcalls-total=168350 fail-total=0 null-skips-total=0
[10:15:00] [info] tas: stall frame 231 ms -> contributing 1 tick (patch 0286)
[10:15:01] [info] tas: stall frame 226 ms -> contributing 1 tick (patch 0286)
[10:15:01] [info] tas: stall frame 225 ms -> contributing 1 tick (patch 0286)
[10:15:01] [info] tas: stall frame 225 ms -> contributing 1 tick (patch 0286)
[10:15:01] [info] tas: stall frame 275 ms -> contributing 1 tick (patch 0286)
[10:15:02] [info] tas: stall frame 278 ms -> contributing 1 tick (patch 0286)
[10:15:02] [info] tas: stall frame 273 ms -> contributing 1 tick (patch 0286)
[10:15:02] [info] tas: stall frame 489 ms -> contributing 1 tick (patch 0286)
[10:15:03] [info] tas: stall frame 274 ms -> contributing 1 tick (patch 0286)
[10:15:03] [info] tas: stall frame 272 ms -> contributing 1 tick (patch 0286)
[10:15:03] [info] flip-probe: flip #1970 ok=true present=112ms inter_flip_ms=274 drawcalls-since-flip=27 drawcalls-total=168587 fail-total=0 null-skips-total=0
[10:15:03] [info] tas: stall frame 280 ms -> contributing 1 tick (patch 0286)
[10:15:04] [info] tas: stall frame 273 ms -> contributing 1 tick (patch 0286)
[10:15:04] [info] tas: stall frame 274 ms -> contributing 1 tick (patch 0286)
[10:15:04] [info] tas: stall frame 273 ms -> contributing 1 tick (patch 0286)
[10:15:04] [info] tas: stall frame 279 ms -> contributing 1 tick (patch 0286)
[10:15:05] [info] tas: stall frame 280 ms -> contributing 1 tick (patch 0286)
[10:15:05] [info] tas: stall frame 278 ms -> contributing 1 tick (patch 0286)
[10:15:05] [info] tas: stall frame 278 ms -> contributing 1 tick (patch 0286)
[10:15:06] [info] tas: stall frame 280 ms -> contributing 1 tick (patch 0286)
[10:15:06] [info] tas: stall frame 278 ms -> contributing 1 tick (patch 0286)
[10:15:06] [info] flip-probe: flip #1980 ok=true present=119ms inter_flip_ms=278 drawcalls-since-flip=27 drawcalls-total=168857 fail-total=0 null-skips-total=0
[10:15:06] [info] tas: stall frame 284 ms -> contributing 1 tick (patch 0286)
[10:15:06] [info] tas: stall frame 279 ms -> contributing 1 tick (patch 0286)
[10:15:07] [info] tas: stall frame 279 ms -> contributing 1 tick (patch 0286)
[10:15:07] [info] tas: stall frame 281 ms -> contributing 1 tick (patch 0286)
[10:15:07] [info] tas: stall frame 279 ms -> contributing 1 tick (patch 0286)
[10:15:08] [info] tas: stall frame 279 ms -> contributing 1 tick (patch 0286)
[10:15:08] [info] tas: stall frame 278 ms -> contributing 1 tick (patch 0286)
[10:15:08] [info] tas: stall frame 277 ms -> contributing 1 tick (patch 0286)
[10:15:08] [info] tas: stall frame 278 ms -> contributing 1 tick (patch 0286)
[10:15:08] [info] drawcall drawSurface call 162000: src=16x8 dst=16x8 at (64,16) took 0ms
[10:15:09] [info] tas: stall frame 290 ms -> contributing 1 tick (patch 0286)
[10:15:09] [info] flip-probe: flip #1990 ok=true present=119ms inter_flip_ms=279 drawcalls-since-flip=27 drawcalls-total=169127 fail-total=0 null-skips-total=0
[10:15:09] [info] tas: stall frame 285 ms -> contributing 1 tick (patch 0286)
[10:15:09] [info] tas: stall frame 279 ms -> contributing 1 tick (patch 0286)
[10:15:09] [info] tas: stall frame 278 ms -> contributing 1 tick (patch 0286)
[10:15:10] [info] tas: stall frame 274 ms -> contributing 1 tick (patch 0286)
[10:15:10] [info] tas: stall frame 273 ms -> contributing 1 tick (patch 0286)
[10:15:10] [info] backdrop cache: thrashing-detect engaged (streak=424, route=direct)
[10:15:10] [info] tas: stall frame 266 ms -> contributing 1 tick (patch 0286)
[10:15:11] [info] tas: stall frame 261 ms -> contributing 1 tick (patch 0286)
[10:15:11] [info] tas: stall frame 279 ms -> contributing 1 tick (patch 0286)
[10:15:11] [info] tas: stall frame 282 ms -> contributing 1 tick (patch 0286)
[10:15:11] [info] tas: stall frame 284 ms -> contributing 1 tick (patch 0286)
[10:15:12] [info] flip-probe: flip #2000 ok=true present=145ms inter_flip_ms=286 drawcalls-since-flip=28 drawcalls-total=169397 fail-total=0 null-skips-total=0
[10:15:12] [info] drawcall tally block 20: drawcalls=1907 total_ms=192 avg_ms_x10=1 (over 100 flips ending at flip 2000)
[10:15:12] [info] alpha audit block 20: 1907 total drawcalls, 0 with alpha<255 (block pct_x10=0; global 0/162290 pct_x10=0); alpha-mod skipped: block=1907 global=167663
[10:15:12] [info] fastpath audit block 20: taken=0 (idx8=0) skipped=1907 pct_x10=0; global taken=0 (idx8=0) skipped=162290 pct_x10=0
[10:15:12] [info] primitive tally block 20: clear=200(hr=0) fill=0(hr=0) rect=0(hr=0) line=0(hr=0) tint=0 spotlight=0 (over 100 flips ending at flip 2000)
[10:15:12] [info] slowpath reason block 20: alpha=0 format=0 windim=1907 null_src=0 other=0 (of 1907 total drawSurface slow-path)
[10:15:12] [info] phase timing block 20: drawcalls=2107 dc_total_ms=397 flip_inner_total_ms=9687 inter_flip_total_ms=24825 (per-flip avg x10: dc_ms=39 fi_ms=968 if_ms=2482 derived audio+engine_ms=1475; per-drawcall avg us_x10=1887) [direct-vesa: presents=0 total_ms=0 avg_ms_x10=0 failed=0] [ablation: NO_DC_TIMING=0 CACHE_WINSURF=0 DIRECT_VESA=1]
[10:15:12] [info] kbd/audio block 20: kbd_irq=0 kbd_drain=0 ring_chunks=16 pump_pass=2006 pic1_mask=0xb8 first_irq_ticks=0 install_ticks=0 vector_at_install=0x0083def0 pic1_mask_live=0x98 kbd_8042_stat=0x34 bios_kbd_head=0x0022 bios_kbd_tail=0x0022 bios_kbd_buf0=0x1c0d
[10:15:12] [info] dirty-rect block @flip=2000: total_calls=0 dirty_rects_avg=1 dirty_pct_x10=1000 forced_full=0 first_n_force=0 threshold_exceeded=0 dirty_path_taken=100 full_flush_taken=0
[10:15:12] [info] prev-frame-diff block @flip=2000: diff_calls=0 diff_rects_avg=0 diff_dirty_pct_x10=0 bbox_pct_x10=0 bbox_thresh_exceeded=0
[10:15:12] [info] tas: stall frame 387 ms -> contributing 1 tick (patch 0286)
[10:15:12] [info] tas: stall frame 262 ms -> contributing 1 tick (patch 0286)
[10:15:12] [info] tas: stall frame 262 ms -> contributing 1 tick (patch 0286)
[10:15:13] [info] tas: stall frame 279 ms -> contributing 1 tick (patch 0286)
[10:15:13] [info] tas: stall frame 276 ms -> contributing 1 tick (patch 0286)
[10:15:13] [info] tas: stall frame 275 ms -> contributing 1 tick (patch 0286)
[10:15:13] [info] tas: stall frame 273 ms -> contributing 1 tick (patch 0286)
[10:15:14] [info] tas: stall frame 257 ms -> contributing 1 tick (patch 0286)
[10:15:14] [info] tas: stall frame 254 ms -> contributing 1 tick (patch 0286)
[10:15:14] [info] tas: stall frame 273 ms -> contributing 1 tick (patch 0286)
[10:15:14] [info] flip-probe: flip #2010 ok=true present=119ms inter_flip_ms=274 drawcalls-since-flip=25 drawcalls-total=169645 fail-total=0 null-skips-total=0
[10:15:14] [info] tas: stall frame 280 ms -> contributing 1 tick (patch 0286)
[10:15:15] [info] tas: stall frame 272 ms -> contributing 1 tick (patch 0286)
[10:15:15] [info] tas: stall frame 275 ms -> contributing 1 tick (patch 0286)
[10:15:15] [info] tas: stall frame 252 ms -> contributing 1 tick (patch 0286)
[10:15:16] [info] tas: stall frame 254 ms -> contributing 1 tick (patch 0286)
[10:15:16] [info] tas: stall frame 269 ms -> contributing 1 tick (patch 0286)
[10:15:16] [info] tas: stall frame 269 ms -> contributing 1 tick (patch 0286)
[10:15:16] [info] tas: stall frame 270 ms -> contributing 1 tick (patch 0286)
[10:15:17] [info] tas: stall frame 270 ms -> contributing 1 tick (patch 0286)
[10:15:17] [info] tas: stall frame 249 ms -> contributing 1 tick (patch 0286)
[10:15:17] [info] flip-probe: flip #2020 ok=true present=100ms inter_flip_ms=249 drawcalls-since-flip=20 drawcalls-total=169869 fail-total=0 null-skips-total=0
[10:15:17] [info] tas: stall frame 256 ms -> contributing 1 tick (patch 0286)
[10:15:17] [info] tas: stall frame 268 ms -> contributing 1 tick (patch 0286)
[10:15:18] [info] tas: stall frame 268 ms -> contributing 1 tick (patch 0286)
[10:15:18] [info] tas: stall frame 271 ms -> contributing 1 tick (patch 0286)
[10:15:18] [info] tas: stall frame 269 ms -> contributing 1 tick (patch 0286)
[10:15:18] [info] tas: stall frame 250 ms -> contributing 1 tick (patch 0286)
[10:15:19] [info] tas: stall frame 250 ms -> contributing 1 tick (patch 0286)
[10:15:19] [info] tas: stall frame 269 ms -> contributing 1 tick (patch 0286)
[10:15:19] [info] tas: stall frame 268 ms -> contributing 1 tick (patch 0286)
[10:15:19] [info] tas: stall frame 266 ms -> contributing 1 tick (patch 0286)
[10:15:20] [info] flip-probe: flip #2030 ok=true present=119ms inter_flip_ms=262 drawcalls-since-flip=20 drawcalls-total=170088 fail-total=0 null-skips-total=0
[10:15:20] [info] tas: stall frame 269 ms -> contributing 1 tick (patch 0286)
[10:15:20] [info] tas: stall frame 243 ms -> contributing 1 tick (patch 0286)
[10:15:20] [info] tas: stall frame 243 ms -> contributing 1 tick (patch 0286)
[10:15:20] [info] drawcall drawSurface call 163000: src=16x16 dst=16x16 at (224,176) took 0ms
[10:15:21] [info] tas: stall frame 590 ms -> contributing 1 tick (patch 0286)
[10:15:22] [info] tas: stall frame 687 ms -> contributing 1 tick (patch 0286)
[10:15:22] [info] tas: stall frame 801 ms -> contributing 1 tick (patch 0286)
[10:15:23] [info] tas: stall frame 910 ms -> contributing 1 tick (patch 0286)
[10:15:24] [info] tas: stall frame 1011 ms -> contributing 1 tick (patch 0286)
[10:15:25] [info] tas: stall frame 1104 ms -> contributing 1 tick (patch 0286)
[10:15:27] [info] tas: stall frame 1189 ms -> contributing 1 tick (patch 0286)
[10:15:27] [info] drawcall drawSurface call 164000: src=16x16 dst=16x16 at (144,16) took 0ms
[10:15:28] [info] flip-probe: flip #2040 ok=true present=1085ms inter_flip_ms=1197 drawcalls-since-flip=201 drawcalls-total=171310 fail-total=0 null-skips-total=0
[10:15:28] [info] tas: stall frame 1275 ms -> contributing 1 tick (patch 0286)
[10:15:29] [info] tas: stall frame 1327 ms -> contributing 1 tick (patch 0286)
[10:15:31] [info] tas: stall frame 1387 ms -> contributing 1 tick (patch 0286)
[10:15:32] [info] tas: stall frame 1433 ms -> contributing 1 tick (patch 0286)
[10:15:32] [info] drawcall drawSurface call 165000: src=16x16 dst=16x16 at (192,96) took 0ms
[10:15:33] [info] tas: stall frame 1488 ms -> contributing 1 tick (patch 0286)
[10:15:35] [info] tas: stall frame 1530 ms -> contributing 1 tick (patch 0286)
[10:15:37] [info] tas: stall frame 1579 ms -> contributing 1 tick (patch 0286)
[10:15:38] [info] tas: stall frame 1628 ms -> contributing 1 tick (patch 0286)
[10:15:38] [info] drawcall drawSurface call 166000: src=16x16 dst=16x16 at (0,176) took 0ms
[10:15:40] [info] tas: stall frame 1636 ms -> contributing 1 tick (patch 0286)
[10:15:41] [info] tas: stall frame 1615 ms -> contributing 1 tick (patch 0286)
[10:15:43] [info] flip-probe: flip #2050 ok=true present=1396ms inter_flip_ms=1615 drawcalls-since-flip=306 drawcalls-total=174055 fail-total=0 null-skips-total=0
[10:15:43] [info] tas: stall frame 1602 ms -> contributing 1 tick (patch 0286)
[10:15:43] [info] drawcall drawSurface call 167000: src=16x16 dst=16x16 at (96,96) took 0ms
[10:15:45] [info] tas: stall frame 1570 ms -> contributing 1 tick (patch 0286)
[10:15:46] [info] tas: stall frame 1523 ms -> contributing 1 tick (patch 0286)
[10:15:48] [info] tas: stall frame 1474 ms -> contributing 1 tick (patch 0286)
[10:15:48] [info] drawcall drawSurface call 168000: src=16x16 dst=16x16 at (192,16) took 0ms
[10:15:49] [info] tas: stall frame 1422 ms -> contributing 1 tick (patch 0286)
[10:15:49] [info] backdrop cache: thrashing-detect engaged (streak=484, route=direct)
[10:15:50] [info] tas: stall frame 1357 ms -> contributing 1 tick (patch 0286)
[10:15:52] [info] tas: stall frame 1287 ms -> contributing 1 tick (patch 0286)
[10:15:52] [info] drawcall drawSurface call 169000: src=16x16 dst=16x16 at (272,176) took 0ms
[10:15:53] [info] tas: stall frame 1239 ms -> contributing 1 tick (patch 0286)
[10:15:54] [info] tas: stall frame 1189 ms -> contributing 1 tick (patch 0286)
[10:15:55] [info] tas: stall frame 1153 ms -> contributing 1 tick (patch 0286)
[10:15:56] [info] flip-probe: flip #2060 ok=true present=925ms inter_flip_ms=1154 drawcalls-since-flip=306 drawcalls-total=177115 fail-total=0 null-skips-total=0
[10:15:56] [info] tas: stall frame 1133 ms -> contributing 1 tick (patch 0286)
[10:15:57] [info] drawcall drawSurface call 170000: src=16x16 dst=16x16 at (48,16) took 0ms
[10:15:57] [info] tas: stall frame 1114 ms -> contributing 1 tick (patch 0286)
[10:15:59] [info] tas: stall frame 1100 ms -> contributing 1 tick (patch 0286)
[10:15:59] [info]  >> Entering stage 15: 'Reservoir'.
[10:15:59] [info] [skip-sheet-flush] cave=6
[10:15:59] [info] [load-stage] preloading entry music song=9 (cave=6)
[10:16:00] [info] gameloop: entered (curmap=15, running=1)
[10:16:00] [info] gameloop: iter 1 ticks=1117202 mapno=-1
[10:16:01] [info] gameloop: iter 2 ticks=1118385 mapno=-1
[10:16:01] [info] tas: stall frame 1183 ms -> contributing 1 tick (patch 0286)
[10:16:01] [info] drawcall drawSurface call 171000: src=16x16 dst=16x16 at (223,208) took 0ms
[10:16:02] [info] gameloop: iter 3 ticks=1119580 mapno=-1
[10:16:02] [info] tas: stall frame 1194 ms -> contributing 1 tick (patch 0286)
[10:16:03] [info] tas: stall frame 1213 ms -> contributing 1 tick (patch 0286)
[10:16:04] [info] tas: stall frame 1259 ms -> contributing 1 tick (patch 0286)
[10:16:05] [info] drawcall drawSurface call 172000: src=16x16 dst=16x16 at (191,80) took 0ms
[10:16:06] [info] tas: stall frame 1321 ms -> contributing 1 tick (patch 0286)
[10:16:07] [info] flip-probe: flip #2070 ok=true present=1238ms inter_flip_ms=1312 drawcalls-since-flip=336 drawcalls-total=179755 fail-total=0 null-skips-total=0
[10:16:07] [info] tas: stall frame 1385 ms -> contributing 1 tick (patch 0286)
[10:16:09] [info] tas: stall frame 1447 ms -> contributing 1 tick (patch 0286)
[10:16:09] [info] drawcall drawSurface call 173000: src=16x16 dst=16x16 at (175,192) took 1ms
[10:16:10] [info] tas: stall frame 1514 ms -> contributing 1 tick (patch 0286)
[10:16:12] [info] tas: stall frame 1553 ms -> contributing 1 tick (patch 0286)
[10:16:13] [info] tas: stall frame 1594 ms -> contributing 1 tick (patch 0286)
[10:16:13] [info] drawcall drawSurface call 174000: src=16x16 dst=16x16 at (143,64) took 0ms
[10:16:15] [info] tas: stall frame 1633 ms -> contributing 1 tick (patch 0286)
[10:16:16] [info] tas: stall frame 1648 ms -> contributing 1 tick (patch 0286)
[10:16:18] [info] tas: stall frame 1657 ms -> contributing 1 tick (patch 0286)
[10:16:18] [info] drawcall drawSurface call 175000: src=16x16 dst=16x16 at (111,176) took 0ms
[10:16:20] [info] tas: stall frame 1644 ms -> contributing 1 tick (patch 0286)
[10:16:21] [info] tas: stall frame 1587 ms -> contributing 1 tick (patch 0286)
[10:16:23] [info] flip-probe: flip #2080 ok=true present=1408ms inter_flip_ms=1584 drawcalls-since-flip=291 drawcalls-total=183025 fail-total=0 null-skips-total=0
[10:16:23] [info] tas: stall frame 1546 ms -> contributing 1 tick (patch 0286)
[10:16:24] [info] tas: stall frame 1492 ms -> contributing 1 tick (patch 0286)
[10:16:25] [info] drawcall drawSurface call 176000: src=16x16 dst=16x16 at (207,112) took 0ms
[10:16:26] [info] tas: stall frame 1451 ms -> contributing 1 tick (patch 0286)
[10:16:27] [info] tas: stall frame 1395 ms -> contributing 1 tick (patch 0286)
[10:16:29] [info] tas: stall frame 1339 ms -> contributing 1 tick (patch 0286)
[10:16:30] [info] tas: stall frame 1272 ms -> contributing 1 tick (patch 0286)
[10:16:30] [info] drawcall drawSurface call 177000: src=16x16 dst=16x16 at (47,48) took 0ms
[10:16:31] [info] tas: stall frame 1205 ms -> contributing 1 tick (patch 0286)
[10:16:32] [info] tas: stall frame 1113 ms -> contributing 1 tick (patch 0286)
[10:16:33] [info] run_tick_fixed #2100: heartbeat (loop alive)
[10:16:33] [info] tas: stall frame 1029 ms -> contributing 1 tick (patch 0286)
[10:16:34] [info] tas: stall frame 918 ms -> contributing 1 tick (patch 0286)
[10:16:35] [info] flip-probe: flip #2090 ok=true present=705ms inter_flip_ms=917 drawcalls-since-flip=141 drawcalls-total=185110 fail-total=0 null-skips-total=0
[10:16:35] [info] tas: stall frame 812 ms -> contributing 1 tick (patch 0286)
[10:16:36] [info] tas: stall frame 688 ms -> contributing 1 tick (patch 0286)
[10:16:36] [info] tas: stall frame 582 ms -> contributing 1 tick (patch 0286)
[10:16:37] [info] tas: stall frame 485 ms -> contributing 1 tick (patch 0286)
[10:16:37] [info] drawcall drawSurface call 178000: src=16x16 dst=16x16 at (31,0) took 0ms
[10:16:37] [info] tas: stall frame 405 ms -> contributing 1 tick (patch 0286)
[10:16:37] [info] tas: stall frame 318 ms -> contributing 1 tick (patch 0286)
[10:16:38] [info] tas: stall frame 245 ms -> contributing 1 tick (patch 0286)
[10:16:38] [info] tas: stall frame 191 ms -> contributing 1 tick (patch 0286)
[10:16:38] [info] tas: stall frame 226 ms -> contributing 1 tick (patch 0286)
[10:16:39] [info] flip-probe: flip #2100 ok=true present=174ms inter_flip_ms=445 drawcalls-since-flip=31 drawcalls-total=185760 fail-total=0 null-skips-total=0
[10:16:39] [info] drawcall tally block 21: drawcalls=15939 total_ms=1349 avg_ms_x10=0 (over 100 flips ending at flip 2100)
[10:16:39] [info] alpha audit block 21: 15939 total drawcalls, 0 with alpha<255 (block pct_x10=0; global 0/178229 pct_x10=0); alpha-mod skipped: block=16263 global=183926
[10:16:39] [info] fastpath audit block 21: taken=0 (idx8=0) skipped=15939 pct_x10=0; global taken=0 (idx8=0) skipped=178229 pct_x10=0
[10:16:39] [info] primitive tally block 21: clear=202(hr=0) fill=0(hr=0) rect=0(hr=0) line=0(hr=0) tint=0 spotlight=0 (over 100 flips ending at flip 2100)
[10:16:39] [info] slowpath reason block 21: alpha=0 format=0 windim=15939 null_src=0 other=0 (of 15939 total drawSurface slow-path)
[10:16:39] [info] color/alpha audit block 21: cmod_white=324 cmod_black=0 (idx=0) cmod_general=0 (idx=0) cmod_fb=324; alpha_taken=0 alpha_skipped=0 (global cmod=6510/0/0/5697 idx=0/0 alpha=0/0)
[10:16:39] [info] phase timing block 21: drawcalls=16825 dc_total_ms=3312 flip_inner_total_ms=71094 inter_flip_total_ms=87023 (per-flip avg x10: dc_ms=331 fi_ms=7109 if_ms=8702 derived audio+engine_ms=1262; per-drawcall avg us_x10=1968) [direct-vesa: presents=0 total_ms=0 avg_ms_x10=0 failed=0] [ablation: NO_DC_TIMING=0 CACHE_WINSURF=0 DIRECT_VESA=1]
[10:16:39] [info] kbd/audio block 21: kbd_irq=0 kbd_drain=0 ring_chunks=16 pump_pass=2118 pic1_mask=0xb8 first_irq_ticks=0 install_ticks=0 vector_at_install=0x0083def0 pic1_mask_live=0x98 kbd_8042_stat=0x34 bios_kbd_head=0x0022 bios_kbd_tail=0x0022 bios_kbd_buf0=0x1c0d
[10:16:39] [info] dirty-rect block @flip=2100: total_calls=0 dirty_rects_avg=1 dirty_pct_x10=1000 forced_full=0 first_n_force=0 threshold_exceeded=0 dirty_path_taken=100 full_flush_taken=0
[10:16:39] [info] prev-frame-diff block @flip=2100: diff_calls=0 diff_rects_avg=0 diff_dirty_pct_x10=0 bbox_pct_x10=0 bbox_thresh_exceeded=0
[10:16:39] [info] tas: stall frame 552 ms -> contributing 1 tick (patch 0286)
[10:16:39] [info] tas: stall frame 226 ms -> contributing 1 tick (patch 0286)
[10:16:39] [info] tas: stall frame 227 ms -> contributing 1 tick (patch 0286)
[10:16:40] [info] tas: stall frame 225 ms -> contributing 1 tick (patch 0286)
[10:16:40] [info] tas: stall frame 225 ms -> contributing 1 tick (patch 0286)
[10:16:40] [info] tas: stall frame 225 ms -> contributing 1 tick (patch 0286)
[10:16:40] [info] tas: stall frame 225 ms -> contributing 1 tick (patch 0286)
[10:16:40] [info] tas: stall frame 224 ms -> contributing 1 tick (patch 0286)
[10:16:41] [info] tas: stall frame 226 ms -> contributing 1 tick (patch 0286)
[10:16:41] [info] tas: stall frame 224 ms -> contributing 1 tick (patch 0286)
[10:16:41] [info] flip-probe: flip #2110 ok=true present=149ms inter_flip_ms=225 drawcalls-since-flip=31 drawcalls-total=186070 fail-total=0 null-skips-total=0
[10:16:41] [info] tas: stall frame 232 ms -> contributing 1 tick (patch 0286)
[10:16:41] [info] tas: stall frame 224 ms -> contributing 1 tick (patch 0286)
[10:16:42] [info] tas: stall frame 229 ms -> contributing 1 tick (patch 0286)
[10:16:42] [info] tas: stall frame 225 ms -> contributing 1 tick (patch 0286)
[10:16:42] [info] tas: stall frame 228 ms -> contributing 1 tick (patch 0286)
[10:16:42] [info] tas: stall frame 225 ms -> contributing 1 tick (patch 0286)
[10:16:42] [info] tas: stall frame 225 ms -> contributing 1 tick (patch 0286)
[10:16:43] [info] tas: stall frame 225 ms -> contributing 1 tick (patch 0286)
[10:16:43] [info] tas: stall frame 224 ms -> contributing 1 tick (patch 0286)
[10:16:43] [info] tas: stall frame 233 ms -> contributing 1 tick (patch 0286)
[10:16:43] [info] flip-probe: flip #2120 ok=true present=149ms inter_flip_ms=224 drawcalls-since-flip=31 drawcalls-total=186380 fail-total=0 null-skips-total=0
[10:16:43] [info] tas: stall frame 231 ms -> contributing 1 tick (patch 0286)
[10:16:44] [info] tas: stall frame 225 ms -> contributing 1 tick (patch 0286)
[10:16:44] [info] tas: stall frame 225 ms -> contributing 1 tick (patch 0286)
[10:16:44] [info] tas: stall frame 228 ms -> contributing 1 tick (patch 0286)
[10:16:44] [info] tas: stall frame 225 ms -> contributing 1 tick (patch 0286)
[10:16:45] [info] tas: stall frame 225 ms -> contributing 1 tick (patch 0286)
[10:16:45] [info] tas: stall frame 227 ms -> contributing 1 tick (patch 0286)
[10:16:45] [info] tas: stall frame 224 ms -> contributing 1 tick (patch 0286)
[10:16:45] [info] tas: stall frame 224 ms -> contributing 1 tick (patch 0286)
[10:16:45] [info] tas: stall frame 225 ms -> contributing 1 tick (patch 0286)
[10:16:46] [info] flip-probe: flip #2130 ok=true present=149ms inter_flip_ms=228 drawcalls-since-flip=31 drawcalls-total=186690 fail-total=0 null-skips-total=0
[10:16:46] [info] tas: stall frame 236 ms -> contributing 1 tick (patch 0286)
[10:16:46] [info] tas: stall frame 224 ms -> contributing 1 tick (patch 0286)
[10:16:46] [info] tas: stall frame 225 ms -> contributing 1 tick (patch 0286)
[10:16:46] [info] tas: stall frame 226 ms -> contributing 1 tick (patch 0286)
[10:16:47] [info] tas: stall frame 227 ms -> contributing 1 tick (patch 0286)
[10:16:47] [info] tas: stall frame 226 ms -> contributing 1 tick (patch 0286)
[10:16:47] [info] tas: stall frame 225 ms -> contributing 1 tick (patch 0286)
[10:16:47] [info] drawcall drawSurface call 179000: src=5x5 dst=5x5 at (147,89) took 0ms
[10:16:47] [info] tas: stall frame 233 ms -> contributing 1 tick (patch 0286)
[10:16:47] [info] tas: stall frame 246 ms -> contributing 1 tick (patch 0286)
[10:16:48] [info] tas: stall frame 228 ms -> contributing 1 tick (patch 0286)
[10:16:48] [info] flip-probe: flip #2140 ok=true present=149ms inter_flip_ms=225 drawcalls-since-flip=31 drawcalls-total=187000 fail-total=0 null-skips-total=0
[10:16:48] [info] tas: stall frame 231 ms -> contributing 1 tick (patch 0286)
[10:16:48] [info] tas: stall frame 226 ms -> contributing 1 tick (patch 0286)
[10:16:48] [info] tas: stall frame 225 ms -> contributing 1 tick (patch 0286)
[10:16:49] [info] tas: stall frame 245 ms -> contributing 1 tick (patch 0286)
[10:16:49] [info] tas: stall frame 228 ms -> contributing 1 tick (patch 0286)
[10:16:49] [info] tas: stall frame 225 ms -> contributing 1 tick (patch 0286)
[10:16:49] [info] tas: stall frame 247 ms -> contributing 1 tick (patch 0286)
[10:16:50] [info] tas: stall frame 225 ms -> contributing 1 tick (patch 0286)
[10:16:50] [info] tas: stall frame 242 ms -> contributing 1 tick (patch 0286)
[10:16:50] [info] tas: stall frame 256 ms -> contributing 1 tick (patch 0286)
[10:16:50] [info] flip-probe: flip #2150 ok=true present=174ms inter_flip_ms=278 drawcalls-since-flip=33 drawcalls-total=187314 fail-total=0 null-skips-total=0
[10:16:50] [info] tas: stall frame 283 ms -> contributing 1 tick (patch 0286)
[10:16:51] [info] tas: stall frame 248 ms -> contributing 1 tick (patch 0286)
[10:16:51] [info] tas: stall frame 269 ms -> contributing 1 tick (patch 0286)
[10:16:51] [info] tas: stall frame 249 ms -> contributing 1 tick (patch 0286)
[10:16:51] [info] tas: stall frame 270 ms -> contributing 1 tick (patch 0286)
[10:16:52] [info] tas: stall frame 250 ms -> contributing 1 tick (patch 0286)
[10:16:52] [info] tas: stall frame 287 ms -> contributing 1 tick (patch 0286)
[10:16:52] [info] tas: stall frame 281 ms -> contributing 1 tick (patch 0286)
[10:16:52] [info] tas: stall frame 261 ms -> contributing 1 tick (patch 0286)
[10:16:53] [info] tas: stall frame 275 ms -> contributing 1 tick (patch 0286)
[10:16:53] [info] flip-probe: flip #2160 ok=true present=195ms inter_flip_ms=260 drawcalls-since-flip=34 drawcalls-total=187645 fail-total=0 null-skips-total=0
[10:16:53] [info] tas: stall frame 285 ms -> contributing 1 tick (patch 0286)
[10:16:53] [info] tas: stall frame 297 ms -> contributing 1 tick (patch 0286)
[10:16:54] [info] tas: stall frame 285 ms -> contributing 1 tick (patch 0286)
[10:16:54] [info] tas: stall frame 266 ms -> contributing 1 tick (patch 0286)
[10:16:54] [info] tas: stall frame 288 ms -> contributing 1 tick (patch 0286)
[10:16:54] [info] tas: stall frame 272 ms -> contributing 1 tick (patch 0286)
[10:16:55] [info] tas: stall frame 250 ms -> contributing 1 tick (patch 0286)
[10:16:55] [info] tas: stall frame 267 ms -> contributing 1 tick (patch 0286)
[10:16:55] [info] tas: stall frame 308 ms -> contributing 1 tick (patch 0286)
[10:16:56] [info] tas: stall frame 310 ms -> contributing 1 tick (patch 0286)
[10:16:56] [info] flip-probe: flip #2170 ok=true present=195ms inter_flip_ms=290 drawcalls-since-flip=35 drawcalls-total=187985 fail-total=0 null-skips-total=0
[10:16:56] [info] tas: stall frame 285 ms -> contributing 1 tick (patch 0286)
[10:16:56] [info] tas: stall frame 290 ms -> contributing 1 tick (patch 0286)
[10:16:56] [info] tas: stall frame 290 ms -> contributing 1 tick (patch 0286)
[10:16:57] [info] tas: stall frame 263 ms -> contributing 1 tick (patch 0286)
[10:16:57] [info] tas: stall frame 282 ms -> contributing 1 tick (patch 0286)
[10:16:57] [info] tas: stall frame 284 ms -> contributing 1 tick (patch 0286)
[10:16:58] [info] tas: stall frame 289 ms -> contributing 1 tick (patch 0286)
[10:16:58] [info] tas: stall frame 270 ms -> contributing 1 tick (patch 0286)
[10:16:58] [info] tas: stall frame 283 ms -> contributing 1 tick (patch 0286)
[10:16:58] [info] tas: stall frame 263 ms -> contributing 1 tick (patch 0286)
[10:16:59] [info] flip-probe: flip #2180 ok=true present=169ms inter_flip_ms=266 drawcalls-since-flip=32 drawcalls-total=188321 fail-total=0 null-skips-total=0
[10:16:59] [info] tas: stall frame 273 ms -> contributing 1 tick (patch 0286)
[10:16:59] [info] drawcall drawSurface call 180000: src=14x14 dst=14x14 at (17,17) took 0ms
[10:16:59] [info] tas: stall frame 250 ms -> contributing 1 tick (patch 0286)
[10:16:59] [info] tas: stall frame 264 ms -> contributing 1 tick (patch 0286)
[10:16:59] [info] tas: stall frame 269 ms -> contributing 1 tick (patch 0286)
[10:17:00] [info] tas: stall frame 251 ms -> contributing 1 tick (patch 0286)
[10:17:00] [info] tas: stall frame 162 ms -> contributing 1 tick (patch 0286)
[10:17:00] [info] tas: stall frame 184 ms -> contributing 1 tick (patch 0286)
[10:17:00] [info] tas: stall frame 175 ms -> contributing 1 tick (patch 0286)
[10:17:00] [info] tas: stall frame 173 ms -> contributing 1 tick (patch 0286)
[10:17:00] [info] tas: stall frame 152 ms -> contributing 1 tick (patch 0286)
[10:17:01] [info] flip-probe: flip #2190 ok=true present=81ms inter_flip_ms=170 drawcalls-since-flip=13 drawcalls-total=188529 fail-total=0 null-skips-total=0
[10:17:01] [info] tas: stall frame 176 ms -> contributing 1 tick (patch 0286)
[10:17:01] [info] tas: stall frame 174 ms -> contributing 1 tick (patch 0286)
[10:17:01] [info] tas: stall frame 174 ms -> contributing 1 tick (patch 0286)
[10:17:01] [info] tas: stall frame 153 ms -> contributing 1 tick (patch 0286)
[10:17:01] [info] tas: stall frame 174 ms -> contributing 1 tick (patch 0286)
[10:17:02] [info] tas: stall frame 171 ms -> contributing 1 tick (patch 0286)
[10:17:02] [info] tas: stall frame 174 ms -> contributing 1 tick (patch 0286)
[10:17:02] [info] tas: stall frame 156 ms -> contributing 1 tick (patch 0286)
[10:17:02] [info] tas: stall frame 174 ms -> contributing 1 tick (patch 0286)
[10:17:02] [info] tas: stall frame 174 ms -> contributing 1 tick (patch 0286)
[10:17:03] [info] flip-probe: flip #2200 ok=true present=323ms inter_flip_ms=173 drawcalls-since-flip=14 drawcalls-total=188662 fail-total=0 null-skips-total=0
[10:17:03] [info] drawcall tally block 22: drawcalls=2046 total_ms=222 avg_ms_x10=1 (over 100 flips ending at flip 2200)
[10:17:03] [info] alpha audit block 22: 2046 total drawcalls, 0 with alpha<255 (block pct_x10=0; global 0/180275 pct_x10=0); alpha-mod skipped: block=2802 global=186728
[10:17:03] [info] fastpath audit block 22: taken=0 (idx8=0) skipped=2046 pct_x10=0; global taken=0 (idx8=0) skipped=180275 pct_x10=0
[10:17:03] [info] primitive tally block 22: clear=200(hr=0) fill=0(hr=0) rect=0(hr=0) line=0(hr=0) tint=0 spotlight=0 (over 100 flips ending at flip 2200)
[10:17:03] [info] slowpath reason block 22: alpha=0 format=0 windim=2046 null_src=0 other=0 (of 2046 total drawSurface slow-path)
[10:17:03] [info] color/alpha audit block 22: cmod_white=756 cmod_black=0 (idx=0) cmod_general=0 (idx=0) cmod_fb=756; alpha_taken=0 alpha_skipped=0 (global cmod=7266/0/0/6453 idx=0/0 alpha=0/0)
[10:17:03] [info] phase timing block 22: drawcalls=3858 dc_total_ms=1862 flip_inner_total_ms=15424 inter_flip_total_ms=23750 (per-flip avg x10: dc_ms=186 fi_ms=1542 if_ms=2375 derived audio+engine_ms=647; per-drawcall avg us_x10=4827) [direct-vesa: presents=0 total_ms=0 avg_ms_x10=0 failed=0] [ablation: NO_DC_TIMING=0 CACHE_WINSURF=0 DIRECT_VESA=1]
[10:17:03] [info] kbd/audio block 22: kbd_irq=0 kbd_drain=0 ring_chunks=16 pump_pass=2218 pic1_mask=0xb8 first_irq_ticks=0 install_ticks=0 vector_at_install=0x0083def0 pic1_mask_live=0x98 kbd_8042_stat=0x34 bios_kbd_head=0x0022 bios_kbd_tail=0x0022 bios_kbd_buf0=0x1c0d
[10:17:03] [info] dirty-rect block @flip=2200: total_calls=0 dirty_rects_avg=1 dirty_pct_x10=1000 forced_full=0 first_n_force=0 threshold_exceeded=0 dirty_path_taken=100 full_flush_taken=0
[10:17:03] [info] prev-frame-diff block @flip=2200: diff_calls=0 diff_rects_avg=0 diff_dirty_pct_x10=0 bbox_pct_x10=0 bbox_thresh_exceeded=0
[10:17:03] [info] tas: stall frame 501 ms -> contributing 1 tick (patch 0286)
[10:17:03] [info] tas: stall frame 154 ms -> contributing 1 tick (patch 0286)
[10:17:03] [info] tas: stall frame 175 ms -> contributing 1 tick (patch 0286)
[10:17:03] [info] tas: stall frame 177 ms -> contributing 1 tick (patch 0286)
[10:17:03] [info] tas: stall frame 177 ms -> contributing 1 tick (patch 0286)
[10:17:03] [info] backdrop cache: thrashing-detect engaged (streak=4, route=direct)
[10:17:04] [info] tas: stall frame 161 ms -> contributing 1 tick (patch 0286)
[10:17:04] [info] tas: stall frame 152 ms -> contributing 1 tick (patch 0286)
[10:17:04] [info] tas: stall frame 154 ms -> contributing 1 tick (patch 0286)
[10:17:04] [info] tas: stall frame 151 ms -> contributing 1 tick (patch 0286)
[10:17:04] [info] tas: stall frame 151 ms -> contributing 1 tick (patch 0286)
[10:17:04] [info] flip-probe: flip #2210 ok=true present=81ms inter_flip_ms=155 drawcalls-since-flip=14 drawcalls-total=188802 fail-total=0 null-skips-total=0
[10:17:04] [info] tas: stall frame 161 ms -> contributing 1 tick (patch 0286)
[10:17:05] [info] tas: stall frame 152 ms -> contributing 1 tick (patch 0286)
[10:17:05] [info] tas: stall frame 151 ms -> contributing 1 tick (patch 0286)
[10:17:05] [info] tas: stall frame 152 ms -> contributing 1 tick (patch 0286)
[10:17:05] [info] tas: stall frame 155 ms -> contributing 1 tick (patch 0286)
[10:17:05] [info] tas: stall frame 152 ms -> contributing 1 tick (patch 0286)
[10:17:05] [info] tas: stall frame 152 ms -> contributing 1 tick (patch 0286)
[10:17:05] [info] tas: stall frame 151 ms -> contributing 1 tick (patch 0286)
[10:17:06] [info] tas: stall frame 151 ms -> contributing 1 tick (patch 0286)
[10:17:06] [info] tas: stall frame 153 ms -> contributing 1 tick (patch 0286)
[10:17:06] [info] flip-probe: flip #2220 ok=true present=81ms inter_flip_ms=155 drawcalls-since-flip=15 drawcalls-total=188945 fail-total=0 null-skips-total=0
[10:17:06] [info] tas: stall frame 161 ms -> contributing 1 tick (patch 0286)
[10:17:06] [info] tas: stall frame 154 ms -> contributing 1 tick (patch 0286)
[10:17:06] [info] tas: stall frame 153 ms -> contributing 1 tick (patch 0286)
[10:17:06] [info] tas: stall frame 154 ms -> contributing 1 tick (patch 0286)
[10:17:06] [info] tas: stall frame 154 ms -> contributing 1 tick (patch 0286)
[10:17:07] [info] tas: stall frame 158 ms -> contributing 1 tick (patch 0286)
[10:17:07] [info] tas: stall frame 153 ms -> contributing 1 tick (patch 0286)
[10:17:07] [info] tas: stall frame 151 ms -> contributing 1 tick (patch 0286)
[10:17:07] [info] tas: stall frame 153 ms -> contributing 1 tick (patch 0286)
[10:17:07] [info] tas: stall frame 152 ms -> contributing 1 tick (patch 0286)
[10:17:07] [info] flip-probe: flip #2230 ok=true present=81ms inter_flip_ms=153 drawcalls-since-flip=14 drawcalls-total=189090 fail-total=0 null-skips-total=0
[10:17:07] [info] tas: stall frame 161 ms -> contributing 1 tick (patch 0286)
[10:17:08] [info] tas: stall frame 153 ms -> contributing 1 tick (patch 0286)
[10:17:08] [info] tas: stall frame 152 ms -> contributing 1 tick (patch 0286)
[10:17:08] [info] tas: stall frame 152 ms -> contributing 1 tick (patch 0286)
[10:17:08] [info] tas: stall frame 153 ms -> contributing 1 tick (patch 0286)
[10:17:08] [info] tas: stall frame 153 ms -> contributing 1 tick (patch 0286)
[10:17:09] [info] tas: stall frame 372 ms -> contributing 1 tick (patch 0286)
[10:17:09] [info] tas: stall frame 153 ms -> contributing 1 tick (patch 0286)
[10:17:09] [info] tas: stall frame 152 ms -> contributing 1 tick (patch 0286)
[10:17:09] [info] tas: stall frame 153 ms -> contributing 1 tick (patch 0286)
[10:17:09] [info] flip-probe: flip #2240 ok=true present=81ms inter_flip_ms=154 drawcalls-since-flip=14 drawcalls-total=189230 fail-total=0 null-skips-total=0
[10:17:09] [info] tas: stall frame 162 ms -> contributing 1 tick (patch 0286)
[10:17:09] [info] tas: stall frame 153 ms -> contributing 1 tick (patch 0286)
[10:17:09] [info] tas: stall frame 156 ms -> contributing 1 tick (patch 0286)
[10:17:10] [info] tas: stall frame 154 ms -> contributing 1 tick (patch 0286)
[10:17:10] [info] tas: stall frame 156 ms -> contributing 1 tick (patch 0286)
[10:17:10] [info] tas: stall frame 155 ms -> contributing 1 tick (patch 0286)
[10:17:10] [info] tas: stall frame 155 ms -> contributing 1 tick (patch 0286)
[10:17:10] [info] tas: stall frame 155 ms -> contributing 1 tick (patch 0286)
[10:17:10] [info] tas: stall frame 153 ms -> contributing 1 tick (patch 0286)
[10:17:11] [info] tas: stall frame 362 ms -> contributing 1 tick (patch 0286)
[10:17:11] [info] flip-probe: flip #2250 ok=true present=81ms inter_flip_ms=163 drawcalls-since-flip=15 drawcalls-total=189377 fail-total=0 null-skips-total=0
[10:17:11] [info] tas: stall frame 170 ms -> contributing 1 tick (patch 0286)
[10:17:11] [info] tas: stall frame 161 ms -> contributing 1 tick (patch 0286)
[10:17:11] [info] tas: stall frame 161 ms -> contributing 1 tick (patch 0286)
[10:17:11] [info] tas: stall frame 160 ms -> contributing 1 tick (patch 0286)
[10:17:12] [info] tas: stall frame 162 ms -> contributing 1 tick (patch 0286)
[10:17:12] [info] drawcall drawSurface call 181000: src=16x16 dst=16x16 at (192,100) took 0ms
[10:17:12] [info] tas: stall frame 171 ms -> contributing 1 tick (patch 0286)
[10:17:12] [info] tas: stall frame 165 ms -> contributing 1 tick (patch 0286)
[10:17:12] [info] tas: stall frame 168 ms -> contributing 1 tick (patch 0286)
[10:17:12] [info] tas: stall frame 167 ms -> contributing 1 tick (patch 0286)
[10:17:12] [info] tas: stall frame 169 ms -> contributing 1 tick (patch 0286)
[10:17:13] [info] flip-probe: flip #2260 ok=true present=81ms inter_flip_ms=169 drawcalls-since-flip=15 drawcalls-total=189527 fail-total=0 null-skips-total=0
[10:17:13] [info] tas: stall frame 175 ms -> contributing 1 tick (patch 0286)
[10:17:13] [info] tas: stall frame 171 ms -> contributing 1 tick (patch 0286)
[10:17:13] [info] tas: stall frame 168 ms -> contributing 1 tick (patch 0286)
[10:17:13] [info] tas: stall frame 169 ms -> contributing 1 tick (patch 0286)
[10:17:13] [info] tas: stall frame 168 ms -> contributing 1 tick (patch 0286)
[10:17:13] [info] backdrop cache: thrashing-detect engaged (streak=64, route=direct)
[10:17:13] [info] tas: stall frame 175 ms -> contributing 1 tick (patch 0286)
[10:17:14] [info] tas: stall frame 170 ms -> contributing 1 tick (patch 0286)
[10:17:14] [info] tas: stall frame 170 ms -> contributing 1 tick (patch 0286)
[10:17:14] [info] tas: stall frame 166 ms -> contributing 1 tick (patch 0286)
[10:17:14] [info] tas: stall frame 167 ms -> contributing 1 tick (patch 0286)
[10:17:14] [info] flip-probe: flip #2270 ok=true present=81ms inter_flip_ms=169 drawcalls-since-flip=15 drawcalls-total=189677 fail-total=0 null-skips-total=0
[10:17:14] [info] tas: stall frame 175 ms -> contributing 1 tick (patch 0286)
[10:17:14] [info] tas: stall frame 169 ms -> contributing 1 tick (patch 0286)
[10:17:15] [info] tas: stall frame 166 ms -> contributing 1 tick (patch 0286)
[10:17:15] [info] tas: stall frame 165 ms -> contributing 1 tick (patch 0286)
[10:17:15] [info] tas: stall frame 168 ms -> contributing 1 tick (patch 0286)
[10:17:15] [info] tas: stall frame 166 ms -> contributing 1 tick (patch 0286)
[10:17:15] [info] tas: stall frame 167 ms -> contributing 1 tick (patch 0286)
[10:17:15] [info] tas: stall frame 170 ms -> contributing 1 tick (patch 0286)
[10:17:16] [info] tas: stall frame 166 ms -> contributing 1 tick (patch 0286)
[10:17:16] [info] tas: stall frame 168 ms -> contributing 1 tick (patch 0286)
[10:17:16] [info] flip-probe: flip #2280 ok=true present=81ms inter_flip_ms=171 drawcalls-since-flip=16 drawcalls-total=189829 fail-total=0 null-skips-total=0
[10:17:16] [info] tas: stall frame 178 ms -> contributing 1 tick (patch 0286)
[10:17:16] [info] tas: stall frame 173 ms -> contributing 1 tick (patch 0286)
[10:17:16] [info] tas: stall frame 174 ms -> contributing 1 tick (patch 0286)
[10:17:17] [info] tas: stall frame 176 ms -> contributing 1 tick (patch 0286)
[10:17:17] [info] tas: stall frame 177 ms -> contributing 1 tick (patch 0286)
[10:17:17] [info] tas: stall frame 178 ms -> contributing 1 tick (patch 0286)
[10:17:17] [info] tas: stall frame 182 ms -> contributing 1 tick (patch 0286)
[10:17:17] [info] tas: stall frame 181 ms -> contributing 1 tick (patch 0286)
[10:17:17] [info] tas: stall frame 187 ms -> contributing 1 tick (patch 0286)
[10:17:18] [info] tas: stall frame 183 ms -> contributing 1 tick (patch 0286)
[10:17:18] [info] flip-probe: flip #2290 ok=true present=81ms inter_flip_ms=185 drawcalls-since-flip=16 drawcalls-total=189989 fail-total=0 null-skips-total=0
[10:17:18] [info] tas: stall frame 193 ms -> contributing 1 tick (patch 0286)
[10:17:18] [info] tas: stall frame 185 ms -> contributing 1 tick (patch 0286)
[10:17:18] [info] tas: stall frame 185 ms -> contributing 1 tick (patch 0286)
[10:17:18] [info] tas: stall frame 188 ms -> contributing 1 tick (patch 0286)
[10:17:19] [info] tas: stall frame 190 ms -> contributing 1 tick (patch 0286)
[10:17:19] [info] tas: stall frame 192 ms -> contributing 1 tick (patch 0286)
[10:17:19] [info] tas: stall frame 192 ms -> contributing 1 tick (patch 0286)
[10:17:19] [info] tas: stall frame 192 ms -> contributing 1 tick (patch 0286)
[10:17:19] [info] tas: stall frame 194 ms -> contributing 1 tick (patch 0286)
[10:17:20] [info] tas: stall frame 193 ms -> contributing 1 tick (patch 0286)
[10:17:20] [info] flip-probe: flip #2300 ok=true present=110ms inter_flip_ms=193 drawcalls-since-flip=16 drawcalls-total=190143 fail-total=0 null-skips-total=0
[10:17:20] [info] drawcall tally block 23: drawcalls=1381 total_ms=131 avg_ms_x10=0 (over 100 flips ending at flip 2300)
[10:17:20] [info] alpha audit block 23: 1381 total drawcalls, 0 with alpha<255 (block pct_x10=0; global 0/181656 pct_x10=0); alpha-mod skipped: block=1381 global=188109
[10:17:20] [info] fastpath audit block 23: taken=0 (idx8=0) skipped=1381 pct_x10=0; global taken=0 (idx8=0) skipped=181656 pct_x10=0
[10:17:20] [info] primitive tally block 23: clear=200(hr=0) fill=0(hr=0) rect=0(hr=0) line=0(hr=0) tint=0 spotlight=0 (over 100 flips ending at flip 2300)
[10:17:20] [info] slowpath reason block 23: alpha=0 format=0 windim=1381 null_src=0 other=0 (of 1381 total drawSurface slow-path)
[10:17:20] [info] phase timing block 23: drawcalls=1585 dc_total_ms=341 flip_inner_total_ms=8386 inter_flip_total_ms=17338 (per-flip avg x10: dc_ms=34 fi_ms=838 if_ms=1733 derived audio+engine_ms=861; per-drawcall avg us_x10=2151) [direct-vesa: presents=0 total_ms=0 avg_ms_x10=0 failed=0] [ablation: NO_DC_TIMING=0 CACHE_WINSURF=0 DIRECT_VESA=1]
[10:17:20] [info] kbd/audio block 23: kbd_irq=0 kbd_drain=0 ring_chunks=16 pump_pass=2318 pic1_mask=0xb8 first_irq_ticks=0 install_ticks=0 vector_at_install=0x0083def0 pic1_mask_live=0x98 kbd_8042_stat=0x34 bios_kbd_head=0x0022 bios_kbd_tail=0x0022 bios_kbd_buf0=0x1c0d
[10:17:20] [info] dirty-rect block @flip=2300: total_calls=0 dirty_rects_avg=1 dirty_pct_x10=1000 forced_full=0 first_n_force=0 threshold_exceeded=0 dirty_path_taken=100 full_flush_taken=0
[10:17:20] [info] prev-frame-diff block @flip=2300: diff_calls=0 diff_rects_avg=0 diff_dirty_pct_x10=0 bbox_pct_x10=0 bbox_thresh_exceeded=0
[10:17:20] [info] tas: stall frame 292 ms -> contributing 1 tick (patch 0286)
[10:17:20] [info] tas: stall frame 194 ms -> contributing 1 tick (patch 0286)
[10:17:20] [info] tas: stall frame 196 ms -> contributing 1 tick (patch 0286)
[10:17:20] [info] tas: stall frame 197 ms -> contributing 1 tick (patch 0286)
[10:17:21] [info] tas: stall frame 196 ms -> contributing 1 tick (patch 0286)
[10:17:21] [info] tas: stall frame 200 ms -> contributing 1 tick (patch 0286)
[10:17:21] [info] tas: stall frame 200 ms -> contributing 1 tick (patch 0286)
[10:17:21] [info] tas: stall frame 200 ms -> contributing 1 tick (patch 0286)
[10:17:21] [info] tas: stall frame 201 ms -> contributing 1 tick (patch 0286)
[10:17:22] [info] tas: stall frame 202 ms -> contributing 1 tick (patch 0286)
[10:17:22] [info] flip-probe: flip #2310 ok=true present=81ms inter_flip_ms=202 drawcalls-since-flip=17 drawcalls-total=190311 fail-total=0 null-skips-total=0
[10:17:22] [info] tas: stall frame 208 ms -> contributing 1 tick (patch 0286)
[10:17:22] [info] tas: stall frame 200 ms -> contributing 1 tick (patch 0286)
[10:17:22] [info] tas: stall frame 205 ms -> contributing 1 tick (patch 0286)
[10:17:22] [info] tas: stall frame 206 ms -> contributing 1 tick (patch 0286)
[10:17:23] [info] tas: stall frame 205 ms -> contributing 1 tick (patch 0286)
[10:17:23] [info] tas: stall frame 204 ms -> contributing 1 tick (patch 0286)
[10:17:23] [info] tas: stall frame 205 ms -> contributing 1 tick (patch 0286)
[10:17:23] [info] tas: stall frame 205 ms -> contributing 1 tick (patch 0286)
[10:17:23] [info] tas: stall frame 205 ms -> contributing 1 tick (patch 0286)
[10:17:24] [info] tas: stall frame 207 ms -> contributing 1 tick (patch 0286)
[10:17:24] [info] flip-probe: flip #2320 ok=true present=82ms inter_flip_ms=203 drawcalls-since-flip=17 drawcalls-total=190481 fail-total=0 null-skips-total=0
[10:17:24] [info] tas: stall frame 209 ms -> contributing 1 tick (patch 0286)
[10:17:24] [info] tas: stall frame 200 ms -> contributing 1 tick (patch 0286)
[10:17:24] [info] drawcall drawSurface call 182000: src=40x8 dst=40x8 at (40,32) took 0ms
[10:17:24] [info] tas: stall frame 209 ms -> contributing 1 tick (patch 0286)
[10:17:24] [info] tas: stall frame 201 ms -> contributing 1 tick (patch 0286)
[10:17:25] [info] tas: stall frame 202 ms -> contributing 1 tick (patch 0286)
[10:17:25] [info] backdrop cache: thrashing-detect engaged (streak=124, route=direct)
[10:17:25] [info] tas: stall frame 210 ms -> contributing 1 tick (patch 0286)
[10:17:25] [info] tas: stall frame 205 ms -> contributing 1 tick (patch 0286)
[10:17:25] [info] tas: stall frame 204 ms -> contributing 1 tick (patch 0286)
[10:17:26] [info] tas: stall frame 209 ms -> contributing 1 tick (patch 0286)
[10:17:26] [info] tas: stall frame 206 ms -> contributing 1 tick (patch 0286)
[10:17:26] [info] flip-probe: flip #2330 ok=true present=81ms inter_flip_ms=205 drawcalls-since-flip=17 drawcalls-total=190651 fail-total=0 null-skips-total=0
[10:17:26] [info] tas: stall frame 213 ms -> contributing 1 tick (patch 0286)
[10:17:26] [info] tas: stall frame 204 ms -> contributing 1 tick (patch 0286)
[10:17:26] [info] tas: stall frame 203 ms -> contributing 1 tick (patch 0286)
[10:17:27] [info] tas: stall frame 206 ms -> contributing 1 tick (patch 0286)
[10:17:27] [info] tas: stall frame 203 ms -> contributing 1 tick (patch 0286)
[10:17:27] [info] tas: stall frame 203 ms -> contributing 1 tick (patch 0286)
[10:17:27] [info] tas: stall frame 201 ms -> contributing 1 tick (patch 0286)
[10:17:27] [info] tas: stall frame 200 ms -> contributing 1 tick (patch 0286)
[10:17:28] [info] tas: stall frame 202 ms -> contributing 1 tick (patch 0286)
[10:17:28] [info] tas: stall frame 202 ms -> contributing 1 tick (patch 0286)
[10:17:28] [info] flip-probe: flip #2340 ok=true present=81ms inter_flip_ms=201 drawcalls-since-flip=17 drawcalls-total=190821 fail-total=0 null-skips-total=0
[10:17:28] [info] tas: stall frame 207 ms -> contributing 1 tick (patch 0286)
[10:17:28] [info] tas: stall frame 197 ms -> contributing 1 tick (patch 0286)
[10:17:28] [info] tas: stall frame 198 ms -> contributing 1 tick (patch 0286)
[10:17:29] [info] tas: stall frame 195 ms -> contributing 1 tick (patch 0286)
[10:17:29] [info] tas: stall frame 200 ms -> contributing 1 tick (patch 0286)
[10:17:29] [info] tas: stall frame 195 ms -> contributing 1 tick (patch 0286)
[10:17:29] [info] tas: stall frame 197 ms -> contributing 1 tick (patch 0286)
[10:17:29] [info] tas: stall frame 199 ms -> contributing 1 tick (patch 0286)
[10:17:30] [info] tas: stall frame 198 ms -> contributing 1 tick (patch 0286)
[10:17:30] [info] tas: stall frame 197 ms -> contributing 1 tick (patch 0286)
[10:17:30] [info] flip-probe: flip #2350 ok=true present=81ms inter_flip_ms=198 drawcalls-since-flip=17 drawcalls-total=190995 fail-total=0 null-skips-total=0
[10:17:30] [info] tas: stall frame 204 ms -> contributing 1 tick (patch 0286)
[10:17:30] [info] tas: stall frame 196 ms -> contributing 1 tick (patch 0286)
[10:17:30] [info] tas: stall frame 195 ms -> contributing 1 tick (patch 0286)
[10:17:31] [info] tas: stall frame 194 ms -> contributing 1 tick (patch 0286)
[10:17:31] [info] tas: stall frame 198 ms -> contributing 1 tick (patch 0286)
[10:17:31] [info] tas: stall frame 193 ms -> contributing 1 tick (patch 0286)
[10:17:31] [info] tas: stall frame 195 ms -> contributing 1 tick (patch 0286)
[10:17:31] [info] tas: stall frame 193 ms -> contributing 1 tick (patch 0286)
[10:17:32] [info] tas: stall frame 185 ms -> contributing 1 tick (patch 0286)
[10:17:32] [info] tas: stall frame 186 ms -> contributing 1 tick (patch 0286)
[10:17:32] [info] flip-probe: flip #2360 ok=true present=81ms inter_flip_ms=186 drawcalls-since-flip=16 drawcalls-total=191159 fail-total=0 null-skips-total=0
[10:17:32] [info] tas: stall frame 195 ms -> contributing 1 tick (patch 0286)
[10:17:32] [info] tas: stall frame 184 ms -> contributing 1 tick (patch 0286)
[10:17:32] [info] tas: stall frame 184 ms -> contributing 1 tick (patch 0286)
[10:17:32] [info] tas: stall frame 184 ms -> contributing 1 tick (patch 0286)
[10:17:33] [info] tas: stall frame 183 ms -> contributing 1 tick (patch 0286)
[10:17:33] [info] tas: stall frame 194 ms -> contributing 1 tick (patch 0286)
[10:17:33] [info] tas: stall frame 181 ms -> contributing 1 tick (patch 0286)
[10:17:33] [info] tas: stall frame 182 ms -> contributing 1 tick (patch 0286)
[10:17:33] [info] tas: stall frame 181 ms -> contributing 1 tick (patch 0286)
[10:17:34] [info] tas: stall frame 180 ms -> contributing 1 tick (patch 0286)
[10:17:34] [info] flip-probe: flip #2370 ok=true present=81ms inter_flip_ms=179 drawcalls-since-flip=16 drawcalls-total=191319 fail-total=0 null-skips-total=0
[10:17:34] [info] tas: stall frame 186 ms -> contributing 1 tick (patch 0286)
[10:17:34] [info] tas: stall frame 176 ms -> contributing 1 tick (patch 0286)
[10:17:34] [info] tas: stall frame 175 ms -> contributing 1 tick (patch 0286)
[10:17:34] [info] tas: stall frame 173 ms -> contributing 1 tick (patch 0286)
[10:17:34] [info] tas: stall frame 173 ms -> contributing 1 tick (patch 0286)
[10:17:35] [info] tas: stall frame 172 ms -> contributing 1 tick (patch 0286)
[10:17:35] [info] tas: stall frame 175 ms -> contributing 1 tick (patch 0286)
[10:17:35] [info] tas: stall frame 175 ms -> contributing 1 tick (patch 0286)
[10:17:35] [info] tas: stall frame 171 ms -> contributing 1 tick (patch 0286)
[10:17:35] [info] tas: stall frame 170 ms -> contributing 1 tick (patch 0286)
[10:17:35] [info] flip-probe: flip #2380 ok=true present=81ms inter_flip_ms=168 drawcalls-since-flip=17 drawcalls-total=191484 fail-total=0 null-skips-total=0
[10:17:35] [info] tas: stall frame 174 ms -> contributing 1 tick (patch 0286)
[10:17:36] [info] tas: stall frame 382 ms -> contributing 1 tick (patch 0286)
[10:17:36] [info] run_tick_fixed #2400: heartbeat (loop alive)
[10:17:36] [info] tas: stall frame 173 ms -> contributing 1 tick (patch 0286)
[10:17:36] [info] tas: stall frame 167 ms -> contributing 1 tick (patch 0286)
[10:17:36] [info] tas: stall frame 167 ms -> contributing 1 tick (patch 0286)
[10:17:36] [info] backdrop cache: thrashing-detect engaged (streak=184, route=direct)
[10:17:37] [info] tas: stall frame 175 ms -> contributing 1 tick (patch 0286)
[10:17:37] [info] drawcall drawSurface call 183000: src=8x8 dst=8x8 at (32,40) took 0ms
[10:17:37] [info] tas: stall frame 174 ms -> contributing 1 tick (patch 0286)
[10:17:37] [info] tas: stall frame 167 ms -> contributing 1 tick (patch 0286)
[10:17:37] [info] tas: stall frame 167 ms -> contributing 1 tick (patch 0286)
[10:17:37] [info] tas: stall frame 167 ms -> contributing 1 tick (patch 0286)
[10:17:37] [info] flip-probe: flip #2390 ok=true present=81ms inter_flip_ms=168 drawcalls-since-flip=16 drawcalls-total=191644 fail-total=0 null-skips-total=0
[10:17:37] [info] tas: stall frame 175 ms -> contributing 1 tick (patch 0286)
[10:17:38] [info] tas: stall frame 166 ms -> contributing 1 tick (patch 0286)
[10:17:38] [info] tas: stall frame 167 ms -> contributing 1 tick (patch 0286)
[10:17:38] [info] tas: stall frame 169 ms -> contributing 1 tick (patch 0286)
[10:17:38] [info] tas: stall frame 165 ms -> contributing 1 tick (patch 0286)
[10:17:38] [info] tas: stall frame 166 ms -> contributing 1 tick (patch 0286)
[10:17:38] [info] tas: stall frame 166 ms -> contributing 1 tick (patch 0286)
[10:17:39] [info] tas: stall frame 164 ms -> contributing 1 tick (patch 0286)
[10:17:39] [info] tas: stall frame 165 ms -> contributing 1 tick (patch 0286)
[10:17:39] [info] tas: stall frame 166 ms -> contributing 1 tick (patch 0286)
[10:17:39] [info] flip-probe: flip #2400 ok=true present=107ms inter_flip_ms=167 drawcalls-since-flip=15 drawcalls-total=191797 fail-total=0 null-skips-total=0
[10:17:39] [info] drawcall tally block 24: drawcalls=1554 total_ms=160 avg_ms_x10=1 (over 100 flips ending at flip 2400)
[10:17:39] [info] alpha audit block 24: 1554 total drawcalls, 0 with alpha<255 (block pct_x10=0; global 0/183210 pct_x10=0); alpha-mod skipped: block=1554 global=189663
[10:17:39] [info] fastpath audit block 24: taken=0 (idx8=0) skipped=1554 pct_x10=0; global taken=0 (idx8=0) skipped=183210 pct_x10=0
[10:17:39] [info] primitive tally block 24: clear=200(hr=0) fill=0(hr=0) rect=0(hr=0) line=0(hr=0) tint=0 spotlight=0 (over 100 flips ending at flip 2400)
[10:17:39] [info] slowpath reason block 24: alpha=0 format=0 windim=1554 null_src=0 other=0 (of 1554 total drawSurface slow-path)
[10:17:39] [info] phase timing block 24: drawcalls=1754 dc_total_ms=336 flip_inner_total_ms=8402 inter_flip_total_ms=19344 (per-flip avg x10: dc_ms=33 fi_ms=840 if_ms=1934 derived audio+engine_ms=1061; per-drawcall avg us_x10=1919) [direct-vesa: presents=0 total_ms=0 avg_ms_x10=0 failed=0] [ablation: NO_DC_TIMING=0 CACHE_WINSURF=0 DIRECT_VESA=1]
[10:17:39] [info] kbd/audio block 24: kbd_irq=0 kbd_drain=0 ring_chunks=16 pump_pass=2418 pic1_mask=0xb8 first_irq_ticks=0 install_ticks=0 vector_at_install=0x0083def0 pic1_mask_live=0x98 kbd_8042_stat=0x34 bios_kbd_head=0x0022 bios_kbd_tail=0x0022 bios_kbd_buf0=0x1c0d
[10:17:39] [info] dirty-rect block @flip=2400: total_calls=0 dirty_rects_avg=1 dirty_pct_x10=1000 forced_full=0 first_n_force=0 threshold_exceeded=0 dirty_path_taken=100 full_flush_taken=0
[10:17:39] [info] prev-frame-diff block @flip=2400: diff_calls=0 diff_rects_avg=0 diff_dirty_pct_x10=0 bbox_pct_x10=0 bbox_thresh_exceeded=0
[10:17:39] [info] tas: stall frame 275 ms -> contributing 1 tick (patch 0286)
[10:17:39] [info] tas: stall frame 166 ms -> contributing 1 tick (patch 0286)
[10:17:40] [info] tas: stall frame 166 ms -> contributing 1 tick (patch 0286)
[10:17:40] [info] tas: stall frame 167 ms -> contributing 1 tick (patch 0286)
[10:17:40] [info] tas: stall frame 167 ms -> contributing 1 tick (patch 0286)
[10:17:40] [info] tas: stall frame 166 ms -> contributing 1 tick (patch 0286)
[10:17:40] [info] tas: stall frame 165 ms -> contributing 1 tick (patch 0286)
[10:17:40] [info] tas: stall frame 166 ms -> contributing 1 tick (patch 0286)
[10:17:41] [info] tas: stall frame 168 ms -> contributing 1 tick (patch 0286)
[10:17:41] [info] tas: stall frame 166 ms -> contributing 1 tick (patch 0286)
[10:17:41] [info] flip-probe: flip #2410 ok=true present=81ms inter_flip_ms=167 drawcalls-since-flip=15 drawcalls-total=191947 fail-total=0 null-skips-total=0
[10:17:41] [info] tas: stall frame 176 ms -> contributing 1 tick (patch 0286)
[10:17:41] [info] tas: stall frame 165 ms -> contributing 1 tick (patch 0286)
[10:17:41] [info] tas: stall frame 167 ms -> contributing 1 tick (patch 0286)
[10:17:41] [info] tas: stall frame 164 ms -> contributing 1 tick (patch 0286)
[10:17:42] [info] tas: stall frame 164 ms -> contributing 1 tick (patch 0286)
[10:17:42] [info] tas: stall frame 167 ms -> contributing 1 tick (patch 0286)
[10:17:42] [info] tas: stall frame 163 ms -> contributing 1 tick (patch 0286)
[10:17:42] [info] tas: stall frame 164 ms -> contributing 1 tick (patch 0286)
[10:17:42] [info] tas: stall frame 165 ms -> contributing 1 tick (patch 0286)
[10:17:42] [info] tas: stall frame 161 ms -> contributing 1 tick (patch 0286)
[10:17:43] [info] flip-probe: flip #2420 ok=true present=81ms inter_flip_ms=161 drawcalls-since-flip=15 drawcalls-total=192097 fail-total=0 null-skips-total=0
[10:17:43] [info] tas: stall frame 170 ms -> contributing 1 tick (patch 0286)
[10:17:43] [info] tas: stall frame 160 ms -> contributing 1 tick (patch 0286)
[10:17:43] [info] tas: stall frame 158 ms -> contributing 1 tick (patch 0286)
[10:17:43] [info] tas: stall frame 158 ms -> contributing 1 tick (patch 0286)
[10:17:43] [info] tas: stall frame 160 ms -> contributing 1 tick (patch 0286)
[10:17:43] [info] tas: stall frame 158 ms -> contributing 1 tick (patch 0286)
[10:17:43] [info] tas: stall frame 160 ms -> contributing 1 tick (patch 0286)
[10:17:44] [info] tas: stall frame 157 ms -> contributing 1 tick (patch 0286)
[10:17:44] [info] tas: stall frame 153 ms -> contributing 1 tick (patch 0286)
[10:17:44] [info] tas: stall frame 150 ms -> contributing 1 tick (patch 0286)
[10:17:44] [info] flip-probe: flip #2430 ok=true present=81ms inter_flip_ms=149 drawcalls-since-flip=13 drawcalls-total=192243 fail-total=0 null-skips-total=0
[10:17:44] [info] tas: stall frame 155 ms -> contributing 1 tick (patch 0286)
[10:17:44] [info] tas: stall frame 153 ms -> contributing 1 tick (patch 0286)
[10:17:44] [info] tas: stall frame 150 ms -> contributing 1 tick (patch 0286)
[10:17:45] [info] tas: stall frame 150 ms -> contributing 1 tick (patch 0286)
[10:17:45] [info] tas: stall frame 150 ms -> contributing 1 tick (patch 0286)
[10:17:45] [info] tas: stall frame 150 ms -> contributing 1 tick (patch 0286)
[10:17:45] [info] tas: stall frame 150 ms -> contributing 1 tick (patch 0286)
[10:17:45] [info] tas: stall frame 150 ms -> contributing 1 tick (patch 0286)
[10:17:45] [info] tas: stall frame 151 ms -> contributing 1 tick (patch 0286)
[10:17:46] [info] flip-probe: flip #2440 ok=true present=81ms inter_flip_ms=157 drawcalls-since-flip=13 drawcalls-total=192373 fail-total=0 null-skips-total=0
[10:17:46] [info] tas: stall frame 162 ms -> contributing 1 tick (patch 0286)
[10:17:46] [info] tas: stall frame 152 ms -> contributing 1 tick (patch 0286)
[10:17:46] [info] tas: stall frame 154 ms -> contributing 1 tick (patch 0286)
[10:17:46] [info] tas: stall frame 151 ms -> contributing 1 tick (patch 0286)
[10:17:46] [info] backdrop cache: thrashing-detect engaged (streak=244, route=direct)
[10:17:46] [info] tas: stall frame 155 ms -> contributing 1 tick (patch 0286)
[10:17:47] [info] tas: stall frame 151 ms -> contributing 1 tick (patch 0286)
[10:17:47] [info] tas: stall frame 156 ms -> contributing 1 tick (patch 0286)
[10:17:47] [info] flip-probe: flip #2450 ok=true present=81ms inter_flip_ms=151 drawcalls-since-flip=13 drawcalls-total=192503 fail-total=0 null-skips-total=0
[10:17:47] [info] tas: stall frame 160 ms -> contributing 1 tick (patch 0286)
[10:17:47] [info] tas: stall frame 155 ms -> contributing 1 tick (patch 0286)
[10:17:47] [info] tas: stall frame 151 ms -> contributing 1 tick (patch 0286)
[10:17:48] [info] tas: stall frame 151 ms -> contributing 1 tick (patch 0286)
[10:17:48] [info] tas: stall frame 150 ms -> contributing 1 tick (patch 0286)
[10:17:48] [info] tas: stall frame 151 ms -> contributing 1 tick (patch 0286)
[10:17:48] [info] tas: stall frame 152 ms -> contributing 1 tick (patch 0286)
[10:17:48] [info] tas: stall frame 150 ms -> contributing 1 tick (patch 0286)
[10:17:48] [info] tas: stall frame 150 ms -> contributing 1 tick (patch 0286)
[10:17:48] [info] tas: stall frame 151 ms -> contributing 1 tick (patch 0286)
[10:17:49] [info] flip-probe: flip #2460 ok=true present=82ms inter_flip_ms=150 drawcalls-since-flip=13 drawcalls-total=192633 fail-total=0 null-skips-total=0
[10:17:49] [info] tas: stall frame 159 ms -> contributing 1 tick (patch 0286)
[10:17:49] [info] tas: stall frame 150 ms -> contributing 1 tick (patch 0286)
[10:17:49] [info] drawcall drawSurface call 184000: src=16x16 dst=16x16 at (93,120) took 0ms
[10:17:49] [info] tas: stall frame 157 ms -> contributing 1 tick (patch 0286)
[10:17:49] [info] tas: stall frame 150 ms -> contributing 1 tick (patch 0286)
[10:17:49] [info] tas: stall frame 153 ms -> contributing 1 tick (patch 0286)
[10:17:50] [info] tas: stall frame 159 ms -> contributing 1 tick (patch 0286)
[10:17:50] [info] tas: stall frame 150 ms -> contributing 1 tick (patch 0286)
[10:17:50] [info] tas: stall frame 150 ms -> contributing 1 tick (patch 0286)
[10:17:50] [info] tas: stall frame 150 ms -> contributing 1 tick (patch 0286)
[10:17:50] [info] flip-probe: flip #2470 ok=true present=81ms inter_flip_ms=150 drawcalls-since-flip=13 drawcalls-total=192763 fail-total=0 null-skips-total=0
[10:17:50] [info] tas: stall frame 156 ms -> contributing 1 tick (patch 0286)
[10:17:50] [info] tas: stall frame 151 ms -> contributing 1 tick (patch 0286)
[10:17:50] [info] tas: stall frame 151 ms -> contributing 1 tick (patch 0286)
[10:17:51] [info] tas: stall frame 150 ms -> contributing 1 tick (patch 0286)
[10:17:51] [info] tas: stall frame 150 ms -> contributing 1 tick (patch 0286)
[10:17:51] [info] tas: stall frame 151 ms -> contributing 1 tick (patch 0286)
[10:17:51] [info] tas: stall frame 151 ms -> contributing 1 tick (patch 0286)
[10:17:51] [info] tas: stall frame 153 ms -> contributing 1 tick (patch 0286)
[10:17:51] [info] tas: stall frame 151 ms -> contributing 1 tick (patch 0286)
[10:17:52] [info] tas: stall frame 151 ms -> contributing 1 tick (patch 0286)
[10:17:52] [info] flip-probe: flip #2480 ok=true present=81ms inter_flip_ms=151 drawcalls-since-flip=13 drawcalls-total=192893 fail-total=0 null-skips-total=0
[10:17:52] [info] tas: stall frame 158 ms -> contributing 1 tick (patch 0286)
[10:17:52] [info] tas: stall frame 150 ms -> contributing 1 tick (patch 0286)
[10:17:52] [info] tas: stall frame 154 ms -> contributing 1 tick (patch 0286)
[10:17:52] [info] tas: stall frame 150 ms -> contributing 1 tick (patch 0286)
[10:17:52] [info] tas: stall frame 150 ms -> contributing 1 tick (patch 0286)
[10:17:52] [info] tas: stall frame 152 ms -> contributing 1 tick (patch 0286)
[10:17:53] [info] tas: stall frame 151 ms -> contributing 1 tick (patch 0286)
[10:17:53] [info] tas: stall frame 151 ms -> contributing 1 tick (patch 0286)
[10:17:53] [info] tas: stall frame 154 ms -> contributing 1 tick (patch 0286)
[10:17:53] [info] flip-probe: flip #2490 ok=true present=81ms inter_flip_ms=152 drawcalls-since-flip=13 drawcalls-total=193023 fail-total=0 null-skips-total=0
[10:17:53] [info] tas: stall frame 160 ms -> contributing 1 tick (patch 0286)
[10:17:53] [info] tas: stall frame 155 ms -> contributing 1 tick (patch 0286)
[10:17:54] [info] tas: stall frame 151 ms -> contributing 1 tick (patch 0286)
[10:17:54] [info] tas: stall frame 152 ms -> contributing 1 tick (patch 0286)
[10:17:54] [info] tas: stall frame 151 ms -> contributing 1 tick (patch 0286)
[10:17:54] [info] tas: stall frame 152 ms -> contributing 1 tick (patch 0286)
[10:17:54] [info] tas: stall frame 151 ms -> contributing 1 tick (patch 0286)
[10:17:54] [info] tas: stall frame 151 ms -> contributing 1 tick (patch 0286)
[10:17:54] [info] tas: stall frame 152 ms -> contributing 1 tick (patch 0286)
[10:17:55] [info] tas: stall frame 150 ms -> contributing 1 tick (patch 0286)
[10:17:55] [info] flip-probe: flip #2500 ok=true present=110ms inter_flip_ms=154 drawcalls-since-flip=13 drawcalls-total=193153 fail-total=0 null-skips-total=0
[10:17:55] [info] drawcall tally block 25: drawcalls=1256 total_ms=125 avg_ms_x10=0 (over 100 flips ending at flip 2500)
[10:17:55] [info] alpha audit block 25: 1256 total drawcalls, 0 with alpha<255 (block pct_x10=0; global 0/184466 pct_x10=0); alpha-mod skipped: block=1256 global=190919
[10:17:55] [info] fastpath audit block 25: taken=0 (idx8=0) skipped=1256 pct_x10=0; global taken=0 (idx8=0) skipped=184466 pct_x10=0
[10:17:55] [info] primitive tally block 25: clear=200(hr=0) fill=0(hr=0) rect=0(hr=0) line=0(hr=0) tint=0 spotlight=0 (over 100 flips ending at flip 2500)
[10:17:55] [info] slowpath reason block 25: alpha=0 format=0 windim=1256 null_src=0 other=0 (of 1256 total drawSurface slow-path)
[10:17:55] [info] phase timing block 25: drawcalls=1456 dc_total_ms=272 flip_inner_total_ms=8390 inter_flip_total_ms=15688 (per-flip avg x10: dc_ms=27 fi_ms=839 if_ms=1568 derived audio+engine_ms=702; per-drawcall avg us_x10=1870) [direct-vesa: presents=0 total_ms=0 avg_ms_x10=0 failed=0] [ablation: NO_DC_TIMING=0 CACHE_WINSURF=0 DIRECT_VESA=1]
[10:17:55] [info] kbd/audio block 25: kbd_irq=0 kbd_drain=0 ring_chunks=16 pump_pass=2557 pic1_mask=0xb8 first_irq_ticks=0 install_ticks=0 vector_at_install=0x0083def0 pic1_mask_live=0x98 kbd_8042_stat=0x34 bios_kbd_head=0x0022 bios_kbd_tail=0x0022 bios_kbd_buf0=0x1c0d
[10:17:55] [info] dirty-rect block @flip=2500: total_calls=0 dirty_rects_avg=1 dirty_pct_x10=1000 forced_full=0 first_n_force=0 threshold_exceeded=0 dirty_path_taken=100 full_flush_taken=0
[10:17:55] [info] prev-frame-diff block @flip=2500: diff_calls=0 diff_rects_avg=0 diff_dirty_pct_x10=0 bbox_pct_x10=0 bbox_thresh_exceeded=0
[10:17:55] [info] tas: stall frame 259 ms -> contributing 1 tick (patch 0286)
[10:17:55] [info] tas: stall frame 152 ms -> contributing 1 tick (patch 0286)
[10:17:55] [info] tas: stall frame 151 ms -> contributing 1 tick (patch 0286)
[10:17:55] [info] tas: stall frame 152 ms -> contributing 1 tick (patch 0286)
[10:17:55] [info] tas: stall frame 150 ms -> contributing 1 tick (patch 0286)
[10:17:55] [info] backdrop cache: thrashing-detect engaged (streak=304, route=direct)
[10:17:56] [info] tas: stall frame 156 ms -> contributing 1 tick (patch 0286)
[10:17:56] [info] tas: stall frame 152 ms -> contributing 1 tick (patch 0286)
[10:17:56] [info] tas: stall frame 151 ms -> contributing 1 tick (patch 0286)
[10:17:56] [info] tas: stall frame 153 ms -> contributing 1 tick (patch 0286)
[10:17:56] [info] tas: stall frame 152 ms -> contributing 1 tick (patch 0286)
[10:17:56] [info] flip-probe: flip #2510 ok=true present=81ms inter_flip_ms=151 drawcalls-since-flip=13 drawcalls-total=193283 fail-total=0 null-skips-total=0
[10:17:56] [info] tas: stall frame 157 ms -> contributing 1 tick (patch 0286)
[10:17:57] [info] tas: stall frame 152 ms -> contributing 1 tick (patch 0286)
[10:17:57] [info] tas: stall frame 152 ms -> contributing 1 tick (patch 0286)
[10:17:57] [info] tas: stall frame 153 ms -> contributing 1 tick (patch 0286)
[10:17:57] [info] tas: stall frame 152 ms -> contributing 1 tick (patch 0286)
[10:17:57] [info] tas: stall frame 150 ms -> contributing 1 tick (patch 0286)
[10:17:57] [info] tas: stall frame 152 ms -> contributing 1 tick (patch 0286)
[10:17:57] [info] tas: stall frame 151 ms -> contributing 1 tick (patch 0286)
[10:17:58] [info] tas: stall frame 152 ms -> contributing 1 tick (patch 0286)
[10:17:58] [info] tas: stall frame 153 ms -> contributing 1 tick (patch 0286)
[10:17:58] [info] flip-probe: flip #2520 ok=true present=81ms inter_flip_ms=151 drawcalls-since-flip=13 drawcalls-total=193413 fail-total=0 null-skips-total=0
[10:17:58] [info] tas: stall frame 376 ms -> contributing 1 tick (patch 0286)
[10:17:58] [info] tas: stall frame 152 ms -> contributing 1 tick (patch 0286)
[10:17:58] [info] tas: stall frame 151 ms -> contributing 1 tick (patch 0286)
[10:17:59] [info] tas: stall frame 150 ms -> contributing 1 tick (patch 0286)
[10:17:59] [info] tas: stall frame 153 ms -> contributing 1 tick (patch 0286)
[10:17:59] [info] tas: stall frame 150 ms -> contributing 1 tick (patch 0286)
[10:17:59] [info] tas: stall frame 151 ms -> contributing 1 tick (patch 0286)
[10:17:59] [info] tas: stall frame 151 ms -> contributing 1 tick (patch 0286)
[10:17:59] [info] tas: stall frame 151 ms -> contributing 1 tick (patch 0286)
[10:18:00] [info] tas: stall frame 150 ms -> contributing 1 tick (patch 0286)
[10:18:00] [info] flip-probe: flip #2530 ok=true present=81ms inter_flip_ms=151 drawcalls-since-flip=13 drawcalls-total=193543 fail-total=0 null-skips-total=0
[10:18:00] [info] tas: stall frame 157 ms -> contributing 1 tick (patch 0286)
[10:18:00] [info] tas: stall frame 154 ms -> contributing 1 tick (patch 0286)
[10:18:00] [info] tas: stall frame 157 ms -> contributing 1 tick (patch 0286)
[10:18:00] [info] tas: stall frame 150 ms -> contributing 1 tick (patch 0286)
[10:18:00] [info] tas: stall frame 150 ms -> contributing 1 tick (patch 0286)
[10:18:01] [info] tas: stall frame 152 ms -> contributing 1 tick (patch 0286)
[10:18:01] [info] tas: stall frame 150 ms -> contributing 1 tick (patch 0286)
[10:18:01] [info] tas: stall frame 150 ms -> contributing 1 tick (patch 0286)
[10:18:01] [info] tas: stall frame 150 ms -> contributing 1 tick (patch 0286)
[10:18:01] [info] flip-probe: flip #2540 ok=true present=81ms inter_flip_ms=153 drawcalls-since-flip=13 drawcalls-total=193673 fail-total=0 null-skips-total=0
[10:18:01] [info] tas: stall frame 161 ms -> contributing 1 tick (patch 0286)
[10:18:01] [info] tas: stall frame 151 ms -> contributing 1 tick (patch 0286)
[10:18:02] [info] tas: stall frame 151 ms -> contributing 1 tick (patch 0286)
[10:18:02] [info] tas: stall frame 150 ms -> contributing 1 tick (patch 0286)
[10:18:02] [info] tas: stall frame 150 ms -> contributing 1 tick (patch 0286)
[10:18:02] [info] drawcall drawSurface call 185000: src=40x8 dst=40x8 at (40,32) took 0ms
[10:18:02] [info] tas: stall frame 158 ms -> contributing 1 tick (patch 0286)
[10:18:02] [info] tas: stall frame 152 ms -> contributing 1 tick (patch 0286)
[10:18:02] [info] tas: stall frame 151 ms -> contributing 1 tick (patch 0286)
[10:18:02] [info] tas: stall frame 151 ms -> contributing 1 tick (patch 0286)
[10:18:03] [info] tas: stall frame 151 ms -> contributing 1 tick (patch 0286)
[10:18:03] [info] flip-probe: flip #2550 ok=true present=81ms inter_flip_ms=151 drawcalls-since-flip=13 drawcalls-total=193803 fail-total=0 null-skips-total=0
[10:18:03] [info] tas: stall frame 161 ms -> contributing 1 tick (patch 0286)
[10:18:03] [info] tas: stall frame 151 ms -> contributing 1 tick (patch 0286)
[10:18:03] [info] tas: stall frame 153 ms -> contributing 1 tick (patch 0286)
[10:18:03] [info] tas: stall frame 152 ms -> contributing 1 tick (patch 0286)
[10:18:03] [info] tas: stall frame 151 ms -> contributing 1 tick (patch 0286)
[10:18:03] [info] tas: stall frame 151 ms -> contributing 1 tick (patch 0286)
[10:18:04] [info] tas: stall frame 154 ms -> contributing 1 tick (patch 0286)
[10:18:04] [info] tas: stall frame 150 ms -> contributing 1 tick (patch 0286)
[10:18:04] [info] tas: stall frame 152 ms -> contributing 1 tick (patch 0286)
[10:18:04] [info] tas: stall frame 150 ms -> contributing 1 tick (patch 0286)
[10:18:04] [info] flip-probe: flip #2560 ok=true present=81ms inter_flip_ms=151 drawcalls-since-flip=13 drawcalls-total=193933 fail-total=0 null-skips-total=0
[10:18:04] [info] tas: stall frame 158 ms -> contributing 1 tick (patch 0286)
[10:18:04] [info] tas: stall frame 152 ms -> contributing 1 tick (patch 0286)
[10:18:05] [info] tas: stall frame 152 ms -> contributing 1 tick (patch 0286)
[10:18:05] [info] tas: stall frame 150 ms -> contributing 1 tick (patch 0286)
[10:18:05] [info] tas: stall frame 151 ms -> contributing 1 tick (patch 0286)
[10:18:05] [info] backdrop cache: thrashing-detect engaged (streak=364, route=direct)
[10:18:05] [info] tas: stall frame 163 ms -> contributing 1 tick (patch 0286)
[10:18:05] [info] tas: stall frame 154 ms -> contributing 1 tick (patch 0286)
[10:18:05] [info] tas: stall frame 150 ms -> contributing 1 tick (patch 0286)
[10:18:05] [info] tas: stall frame 152 ms -> contributing 1 tick (patch 0286)
[10:18:06] [info] tas: stall frame 150 ms -> contributing 1 tick (patch 0286)
[10:18:06] [info] flip-probe: flip #2570 ok=true present=81ms inter_flip_ms=151 drawcalls-since-flip=13 drawcalls-total=194063 fail-total=0 null-skips-total=0
[10:18:06] [info] tas: stall frame 158 ms -> contributing 1 tick (patch 0286)
[10:18:06] [info] tas: stall frame 152 ms -> contributing 1 tick (patch 0286)
[10:18:06] [info] tas: stall frame 152 ms -> contributing 1 tick (patch 0286)
[10:18:06] [info] tas: stall frame 150 ms -> contributing 1 tick (patch 0286)
[10:18:06] [info] tas: stall frame 151 ms -> contributing 1 tick (patch 0286)
[10:18:07] [info] tas: stall frame 154 ms -> contributing 1 tick (patch 0286)
[10:18:07] [info] tas: stall frame 151 ms -> contributing 1 tick (patch 0286)
[10:18:07] [info] tas: stall frame 152 ms -> contributing 1 tick (patch 0286)
[10:18:07] [info] tas: stall frame 150 ms -> contributing 1 tick (patch 0286)
[10:18:07] [info] tas: stall frame 150 ms -> contributing 1 tick (patch 0286)
[10:18:07] [info] flip-probe: flip #2580 ok=true present=82ms inter_flip_ms=152 drawcalls-since-flip=13 drawcalls-total=194193 fail-total=0 null-skips-total=0
[10:18:07] [info] tas: stall frame 158 ms -> contributing 1 tick (patch 0286)
[10:18:07] [info] tas: stall frame 150 ms -> contributing 1 tick (patch 0286)
[10:18:08] [info] tas: stall frame 153 ms -> contributing 1 tick (patch 0286)
[10:18:08] [info] tas: stall frame 150 ms -> contributing 1 tick (patch 0286)
[10:18:08] [info] tas: stall frame 152 ms -> contributing 1 tick (patch 0286)
[10:18:08] [info] tas: stall frame 150 ms -> contributing 1 tick (patch 0286)
[10:18:08] [info] tas: stall frame 150 ms -> contributing 1 tick (patch 0286)
[10:18:08] [info] tas: stall frame 151 ms -> contributing 1 tick (patch 0286)
[10:18:09] [info] tas: stall frame 152 ms -> contributing 1 tick (patch 0286)
[10:18:09] [info] tas: stall frame 150 ms -> contributing 1 tick (patch 0286)
[10:18:09] [info] flip-probe: flip #2590 ok=true present=81ms inter_flip_ms=150 drawcalls-since-flip=13 drawcalls-total=194323 fail-total=0 null-skips-total=0
[10:18:09] [info] tas: stall frame 156 ms -> contributing 1 tick (patch 0286)
[10:18:09] [info] tas: stall frame 150 ms -> contributing 1 tick (patch 0286)
[10:18:09] [info] tas: stall frame 150 ms -> contributing 1 tick (patch 0286)
[10:18:09] [info] tas: stall frame 152 ms -> contributing 1 tick (patch 0286)
[10:18:10] [info] tas: stall frame 153 ms -> contributing 1 tick (patch 0286)
[10:18:10] [info] tas: stall frame 153 ms -> contributing 1 tick (patch 0286)
[10:18:10] [info] tas: stall frame 152 ms -> contributing 1 tick (patch 0286)
[10:18:10] [info] tas: stall frame 155 ms -> contributing 1 tick (patch 0286)
[10:18:10] [info] flip-probe: flip #2600 ok=true present=108ms inter_flip_ms=149 drawcalls-since-flip=13 drawcalls-total=194453 fail-total=0 null-skips-total=0
[10:18:10] [info] drawcall tally block 26: drawcalls=1200 total_ms=111 avg_ms_x10=0 (over 100 flips ending at flip 2600)
[10:18:10] [info] alpha audit block 26: 1200 total drawcalls, 0 with alpha<255 (block pct_x10=0; global 0/185666 pct_x10=0); alpha-mod skipped: block=1200 global=192119
[10:18:10] [info] fastpath audit block 26: taken=0 (idx8=0) skipped=1200 pct_x10=0; global taken=0 (idx8=0) skipped=185666 pct_x10=0
[10:18:10] [info] primitive tally block 26: clear=200(hr=0) fill=0(hr=0) rect=0(hr=0) line=0(hr=0) tint=0 spotlight=0 (over 100 flips ending at flip 2600)
[10:18:10] [info] slowpath reason block 26: alpha=0 format=0 windim=1200 null_src=0 other=0 (of 1200 total drawSurface slow-path)
[10:18:10] [info] phase timing block 26: drawcalls=1400 dc_total_ms=263 flip_inner_total_ms=8617 inter_flip_total_ms=15589 (per-flip avg x10: dc_ms=26 fi_ms=861 if_ms=1558 derived audio+engine_ms=671; per-drawcall avg us_x10=1883) [direct-vesa: presents=0 total_ms=0 avg_ms_x10=0 failed=0] [ablation: NO_DC_TIMING=0 CACHE_WINSURF=0 DIRECT_VESA=1]
[10:18:10] [info] kbd/audio block 26: kbd_irq=0 kbd_drain=0 ring_chunks=16 pump_pass=2677 pic1_mask=0xb8 first_irq_ticks=0 install_ticks=0 vector_at_install=0x0083def0 pic1_mask_live=0x98 kbd_8042_stat=0x34 bios_kbd_head=0x0022 bios_kbd_tail=0x0022 bios_kbd_buf0=0x1c0d
[10:18:10] [info] dirty-rect block @flip=2600: total_calls=0 dirty_rects_avg=1 dirty_pct_x10=1000 forced_full=0 first_n_force=0 threshold_exceeded=0 dirty_path_taken=100 full_flush_taken=0
[10:18:10] [info] prev-frame-diff block @flip=2600: diff_calls=0 diff_rects_avg=0 diff_dirty_pct_x10=0 bbox_pct_x10=0 bbox_thresh_exceeded=0
[10:18:10] [info] tas: stall frame 248 ms -> contributing 1 tick (patch 0286)
[10:18:11] [info] tas: stall frame 152 ms -> contributing 1 tick (patch 0286)
[10:18:11] [info] tas: stall frame 153 ms -> contributing 1 tick (patch 0286)
[10:18:11] [info] tas: stall frame 152 ms -> contributing 1 tick (patch 0286)
[10:18:11] [info] tas: stall frame 157 ms -> contributing 1 tick (patch 0286)
[10:18:12] [info] tas: stall frame 151 ms -> contributing 1 tick (patch 0286)
[10:18:12] [info] tas: stall frame 729 ms -> contributing 1 tick (patch 0286)
[10:18:12] [info] drawcall drawSurface call 186000: src=16x16 dst=16x16 at (15,128) took 0ms
[10:18:13] [info] flip-probe: flip #2610 ok=true present=749ms inter_flip_ms=734 drawcalls-since-flip=138 drawcalls-total=194818 fail-total=0 null-skips-total=0
[10:18:13] [info] tas: stall frame 854 ms -> contributing 1 tick (patch 0286)
[10:18:14] [info] tas: stall frame 942 ms -> contributing 1 tick (patch 0286)
[10:18:15] [info] tas: stall frame 1034 ms -> contributing 1 tick (patch 0286)
[10:18:16] [info] tas: stall frame 1118 ms -> contributing 1 tick (patch 0286)
[10:18:18] [info] tas: stall frame 1193 ms -> contributing 1 tick (patch 0286)
[10:18:19] [info] tas: stall frame 1259 ms -> contributing 1 tick (patch 0286)
[10:18:19] [info] drawcall drawSurface call 187000: src=16x16 dst=16x16 at (159,96) took 0ms
[10:18:20] [info] tas: stall frame 1322 ms -> contributing 1 tick (patch 0286)
[10:18:22] [info] tas: stall frame 1365 ms -> contributing 1 tick (patch 0286)
[10:18:23] [info] tas: stall frame 1411 ms -> contributing 1 tick (patch 0286)
[10:18:24] [info] tas: stall frame 1459 ms -> contributing 1 tick (patch 0286)
[10:18:24] [info] drawcall drawSurface call 188000: src=16x16 dst=16x16 at (223,128) took 0ms
[10:18:26] [info] flip-probe: flip #2620 ok=true present=1385ms inter_flip_ms=1471 drawcalls-since-flip=288 drawcalls-total=197023 fail-total=0 null-skips-total=0
[10:18:26] [info] tas: stall frame 1527 ms -> contributing 1 tick (patch 0286)
[10:18:27] [info] tas: stall frame 1555 ms -> contributing 1 tick (patch 0286)
[10:18:29] [info] tas: stall frame 1577 ms -> contributing 1 tick (patch 0286)
[10:18:29] [info] drawcall drawSurface call 189000: src=16x16 dst=16x16 at (159,192) took 0ms
[10:18:31] [info] tas: stall frame 1576 ms -> contributing 1 tick (patch 0286)
[10:18:32] [info] tas: stall frame 1550 ms -> contributing 1 tick (patch 0286)
[10:18:32] [info] backdrop cache: thrashing-detect engaged (streak=424, route=direct)
[10:18:34] [info] tas: stall frame 1521 ms -> contributing 1 tick (patch 0286)
[10:18:34] [info] drawcall drawSurface call 190000: src=16x16 dst=16x16 at (95,16) took 0ms
[10:18:35] [info] tas: stall frame 1483 ms -> contributing 1 tick (patch 0286)
[10:18:37] [info] tas: stall frame 1425 ms -> contributing 1 tick (patch 0286)
[10:18:38] [info] tas: stall frame 1370 ms -> contributing 1 tick (patch 0286)
[10:18:38] [info] drawcall drawSurface call 191000: src=16x16 dst=16x16 at (47,80) took 0ms
[10:18:39] [info] tas: stall frame 1307 ms -> contributing 1 tick (patch 0286)
[10:18:41] [info] flip-probe: flip #2630 ok=true present=1104ms inter_flip_ms=1300 drawcalls-since-flip=318 drawcalls-total=200188 fail-total=0 null-skips-total=0
[10:18:41] [info] tas: stall frame 1239 ms -> contributing 1 tick (patch 0286)
[10:18:42] [info] tas: stall frame 1181 ms -> contributing 1 tick (patch 0286)
[10:18:42] [info] drawcall drawSurface call 192000: src=16x16 dst=16x16 at (-1,144) took 1ms
[10:18:43] [info] tas: stall frame 1142 ms -> contributing 1 tick (patch 0286)
[10:18:44] [info] tas: stall frame 1098 ms -> contributing 1 tick (patch 0286)
[10:18:45] [info] tas: stall frame 1071 ms -> contributing 1 tick (patch 0286)
[10:18:46] [info] tas: stall frame 1055 ms -> contributing 1 tick (patch 0286)
[10:18:46] [info] drawcall drawSurface call 193000: src=16x16 dst=16x16 at (287,176) took 0ms
[10:18:47] [info] tas: stall frame 1054 ms -> contributing 1 tick (patch 0286)
[10:18:48] [info] tas: stall frame 1045 ms -> contributing 1 tick (patch 0286)
[10:18:48] [info]  >> Entering stage 11: 'Mimiga Village'.
[10:18:48] [info] [skip-sheet-flush] cave=7
[10:18:49] [info] [load-stage] preloading entry music song=9 (cave=7)
[10:18:49] [info] gameloop: entered (curmap=11, running=1)
[10:18:49] [info] gameloop: iter 1 ticks=1286620 mapno=-1
[10:18:50] [info] flip-probe: flip #2640 ok=true present=995ms inter_flip_ms=938 drawcalls-since-flip=332 drawcalls-total=202752 fail-total=0 null-skips-total=0
[10:18:50] [info] gameloop: iter 2 ticks=1287864 mapno=-1
[10:18:50] [info] tas: stall frame 1241 ms -> contributing 1 tick (patch 0286)
[10:18:50] [info] drawcall drawSurface call 194000: src=16x16 dst=16x16 at (80,112) took 0ms
[10:18:51] [info] gameloop: iter 3 ticks=1289097 mapno=-1
[10:18:51] [info] tas: stall frame 1232 ms -> contributing 1 tick (patch 0286)
[10:18:53] [info] tas: stall frame 1238 ms -> contributing 1 tick (patch 0286)
[10:18:54] [info] tas: stall frame 1264 ms -> contributing 1 tick (patch 0286)
[10:18:54] [info] drawcall drawSurface call 195000: src=16x16 dst=16x16 at (128,128) took 0ms
[10:18:55] [info] tas: stall frame 1305 ms -> contributing 1 tick (patch 0286)
[10:18:57] [info] tas: stall frame 1345 ms -> contributing 1 tick (patch 0286)
[10:18:58] [info] tas: stall frame 1398 ms -> contributing 1 tick (patch 0286)
[10:18:58] [info] drawcall drawSurface call 196000: src=16x16 dst=16x16 at (176,144) took 0ms
[10:18:59] [info] tas: stall frame 1468 ms -> contributing 1 tick (patch 0286)
[10:19:01] [info] tas: stall frame 1527 ms -> contributing 1 tick (patch 0286)
[10:19:03] [info] tas: stall frame 1585 ms -> contributing 1 tick (patch 0286)
[10:19:03] [info] drawcall drawSurface call 197000: src=16x16 dst=16x16 at (224,160) took 0ms
[10:19:04] [info] flip-probe: flip #2650 ok=true present=1420ms inter_flip_ms=1592 drawcalls-since-flip=332 drawcalls-total=206072 fail-total=0 null-skips-total=0
[10:19:04] [info] tas: stall frame 1649 ms -> contributing 1 tick (patch 0286)
[10:19:06] [info] tas: stall frame 1673 ms -> contributing 1 tick (patch 0286)
[10:19:08] [info] tas: stall frame 1705 ms -> contributing 1 tick (patch 0286)
[10:19:08] [info] drawcall drawSurface call 198000: src=16x16 dst=16x16 at (272,176) took 0ms
[10:19:09] [info] tas: stall frame 1733 ms -> contributing 1 tick (patch 0286)
[10:19:11] [info] tas: stall frame 1741 ms -> contributing 1 tick (patch 0286)
[10:19:13] [info] tas: stall frame 1738 ms -> contributing 1 tick (patch 0286)
[10:19:15] [info] tas: stall frame 1690 ms -> contributing 1 tick (patch 0286)
[10:19:15] [info] drawcall drawSurface call 199000: src=16x16 dst=16x16 at (32,144) took 1ms
[10:19:16] [info] tas: stall frame 1647 ms -> contributing 1 tick (patch 0286)
[10:19:18] [info] tas: stall frame 1593 ms -> contributing 1 tick (patch 0286)
[10:19:20] [info] tas: stall frame 1763 ms -> contributing 1 tick (patch 0286)
[10:19:20] [info] drawcall drawSurface call 200000: src=16x16 dst=16x16 at (272,160) took 0ms
[10:19:21] [info] flip-probe: flip #2660 ok=true present=1299ms inter_flip_ms=1550 drawcalls-since-flip=257 drawcalls-total=209167 fail-total=0 null-skips-total=0
[10:19:21] [info] tas: stall frame 1512 ms -> contributing 1 tick (patch 0286)
[10:19:22] [info] tas: stall frame 1438 ms -> contributing 1 tick (patch 0286)
[10:19:24] [info] tas: stall frame 1375 ms -> contributing 1 tick (patch 0286)
[10:19:25] [info] tas: stall frame 1298 ms -> contributing 1 tick (patch 0286)
[10:19:26] [info] tas: stall frame 1215 ms -> contributing 1 tick (patch 0286)
[10:19:27] [info] drawcall drawSurface call 201000: src=16x16 dst=16x16 at (288,80) took 0ms
[10:19:27] [info] tas: stall frame 1129 ms -> contributing 1 tick (patch 0286)
[10:19:29] [info] tas: stall frame 1021 ms -> contributing 1 tick (patch 0286)
[10:19:29] [info] tas: stall frame 912 ms -> contributing 1 tick (patch 0286)
[10:19:30] [info] tas: stall frame 799 ms -> contributing 1 tick (patch 0286)
[10:19:31] [info] tas: stall frame 692 ms -> contributing 1 tick (patch 0286)
[10:19:32] [info] flip-probe: flip #2670 ok=true present=431ms inter_flip_ms=689 drawcalls-since-flip=107 drawcalls-total=210912 fail-total=0 null-skips-total=0
[10:19:32] [info] tas: stall frame 603 ms -> contributing 1 tick (patch 0286)
[10:19:32] [info] tas: stall frame 508 ms -> contributing 1 tick (patch 0286)
[10:19:32] [info] tas: stall frame 431 ms -> contributing 1 tick (patch 0286)
[10:19:33] [info] tas: stall frame 359 ms -> contributing 1 tick (patch 0286)
[10:19:33] [info] tas: stall frame 299 ms -> contributing 1 tick (patch 0286)
[10:19:33] [info] tas: stall frame 251 ms -> contributing 1 tick (patch 0286)
[10:19:34] [info] tas: stall frame 251 ms -> contributing 1 tick (patch 0286)
[10:19:34] [info] tas: stall frame 330 ms -> contributing 1 tick (patch 0286)
[10:19:34] [info] tas: stall frame 333 ms -> contributing 1 tick (patch 0286)
[10:19:35] [info] tas: stall frame 332 ms -> contributing 1 tick (patch 0286)
[10:19:35] [info] drawcall drawSurface call 202000: src=64x8 dst=64x8 at (16,40) took 1ms
[10:19:35] [info] flip-probe: flip #2680 ok=true present=178ms inter_flip_ms=338 drawcalls-since-flip=42 drawcalls-total=211422 fail-total=0 null-skips-total=0
[10:19:35] [info] tas: stall frame 345 ms -> contributing 1 tick (patch 0286)
[10:19:35] [info] tas: stall frame 331 ms -> contributing 1 tick (patch 0286)
[10:19:36] [info] tas: stall frame 332 ms -> contributing 1 tick (patch 0286)
[10:19:36] [info] tas: stall frame 331 ms -> contributing 1 tick (patch 0286)
[10:19:36] [info] tas: stall frame 330 ms -> contributing 1 tick (patch 0286)
[10:19:37] [info] tas: stall frame 330 ms -> contributing 1 tick (patch 0286)
[10:19:37] [info] tas: stall frame 331 ms -> contributing 1 tick (patch 0286)
[10:19:37] [info] tas: stall frame 331 ms -> contributing 1 tick (patch 0286)
[10:19:38] [info] tas: stall frame 335 ms -> contributing 1 tick (patch 0286)
[10:19:38] [info] tas: stall frame 331 ms -> contributing 1 tick (patch 0286)
[10:19:38] [info] flip-probe: flip #2690 ok=true present=178ms inter_flip_ms=333 drawcalls-since-flip=42 drawcalls-total=211842 fail-total=0 null-skips-total=0
[10:19:38] [info] tas: stall frame 341 ms -> contributing 1 tick (patch 0286)
[10:19:39] [info] tas: stall frame 331 ms -> contributing 1 tick (patch 0286)
[10:19:39] [info] tas: stall frame 330 ms -> contributing 1 tick (patch 0286)
[10:19:39] [info] tas: stall frame 339 ms -> contributing 1 tick (patch 0286)
[10:19:40] [info] tas: stall frame 330 ms -> contributing 1 tick (patch 0286)
[10:19:40] [info] tas: stall frame 331 ms -> contributing 1 tick (patch 0286)
[10:19:40] [info] tas: stall frame 330 ms -> contributing 1 tick (patch 0286)
[10:19:41] [info] tas: stall frame 331 ms -> contributing 1 tick (patch 0286)
[10:19:41] [info] tas: stall frame 333 ms -> contributing 1 tick (patch 0286)
[10:19:41] [info] tas: stall frame 332 ms -> contributing 1 tick (patch 0286)
[10:19:42] [info] flip-probe: flip #2700 ok=true present=210ms inter_flip_ms=333 drawcalls-since-flip=42 drawcalls-total=212262 fail-total=0 null-skips-total=0
[10:19:42] [info] drawcall tally block 27: drawcalls=16916 total_ms=1409 avg_ms_x10=0 (over 100 flips ending at flip 2700)
[10:19:42] [info] alpha audit block 27: 16916 total drawcalls, 0 with alpha<255 (block pct_x10=0; global 0/202582 pct_x10=0); alpha-mod skipped: block=17709 global=209828
[10:19:42] [info] fastpath audit block 27: taken=0 (idx8=0) skipped=16916 pct_x10=0; global taken=0 (idx8=0) skipped=202582 pct_x10=0
[10:19:42] [info] primitive tally block 27: clear=202(hr=0) fill=0(hr=0) rect=0(hr=0) line=0(hr=0) tint=0 spotlight=0 (over 100 flips ending at flip 2700)
[10:19:42] [info] slowpath reason block 27: alpha=0 format=0 windim=16916 null_src=0 other=0 (of 16916 total drawSurface slow-path)
[10:19:42] [info] color/alpha audit block 27: cmod_white=793 cmod_black=0 (idx=0) cmod_general=0 (idx=0) cmod_fb=793; alpha_taken=0 alpha_skipped=0 (global cmod=8059/0/0/7246 idx=0/0 alpha=0/0)
[10:19:42] [info] phase timing block 27: drawcalls=18765 dc_total_ms=3953 flip_inner_total_ms=75275 inter_flip_total_ms=91175 (per-flip avg x10: dc_ms=395 fi_ms=7527 if_ms=9117 derived audio+engine_ms=1195; per-drawcall avg us_x10=2107) [direct-vesa: presents=0 total_ms=0 avg_ms_x10=0 failed=0] [ablation: NO_DC_TIMING=0 CACHE_WINSURF=0 DIRECT_VESA=1]
[10:19:42] [info] kbd/audio block 27: kbd_irq=0 kbd_drain=0 ring_chunks=16 pump_pass=2798 pic1_mask=0xb8 first_irq_ticks=0 install_ticks=0 vector_at_install=0x0083def0 pic1_mask_live=0x98 kbd_8042_stat=0x34 bios_kbd_head=0x0022 bios_kbd_tail=0x0022 bios_kbd_buf0=0x1c0d
[10:19:42] [info] dirty-rect block @flip=2700: total_calls=0 dirty_rects_avg=1 dirty_pct_x10=1000 forced_full=0 first_n_force=0 threshold_exceeded=0 dirty_path_taken=100 full_flush_taken=0
[10:19:42] [info] prev-frame-diff block @flip=2700: diff_calls=0 diff_rects_avg=0 diff_dirty_pct_x10=0 bbox_pct_x10=0 bbox_thresh_exceeded=0
[10:19:42] [info] tas: stall frame 450 ms -> contributing 1 tick (patch 0286)
[10:19:42] [info] tas: stall frame 331 ms -> contributing 1 tick (patch 0286)
[10:19:42] [info] tas: stall frame 330 ms -> contributing 1 tick (patch 0286)
[10:19:43] [info] tas: stall frame 331 ms -> contributing 1 tick (patch 0286)
[10:19:43] [info] tas: stall frame 330 ms -> contributing 1 tick (patch 0286)
[10:19:43] [info] tas: stall frame 330 ms -> contributing 1 tick (patch 0286)
[10:19:44] [info] tas: stall frame 333 ms -> contributing 1 tick (patch 0286)
[10:19:44] [info] tas: stall frame 331 ms -> contributing 1 tick (patch 0286)
[10:19:44] [info] tas: stall frame 331 ms -> contributing 1 tick (patch 0286)
[10:19:45] [info] tas: stall frame 331 ms -> contributing 1 tick (patch 0286)
[10:19:45] [info] flip-probe: flip #2710 ok=true present=177ms inter_flip_ms=332 drawcalls-since-flip=42 drawcalls-total=212682 fail-total=0 null-skips-total=0
[10:19:45] [info] tas: stall frame 339 ms -> contributing 1 tick (patch 0286)
[10:19:45] [info] tas: stall frame 331 ms -> contributing 1 tick (patch 0286)
[10:19:46] [info] tas: stall frame 330 ms -> contributing 1 tick (patch 0286)
[10:19:46] [info] tas: stall frame 330 ms -> contributing 1 tick (patch 0286)
[10:19:46] [info] tas: stall frame 330 ms -> contributing 1 tick (patch 0286)
[10:19:47] [info] drawcall drawSurface call 203000: src=5x5 dst=5x5 at (174,89) took 0ms
[10:19:47] [info] tas: stall frame 336 ms -> contributing 1 tick (patch 0286)
[10:19:47] [info] tas: stall frame 332 ms -> contributing 1 tick (patch 0286)
[10:19:47] [info] tas: stall frame 331 ms -> contributing 1 tick (patch 0286)
[10:19:48] [info] tas: stall frame 331 ms -> contributing 1 tick (patch 0286)
[10:19:48] [info] tas: stall frame 331 ms -> contributing 1 tick (patch 0286)
[10:19:48] [info] flip-probe: flip #2720 ok=true present=178ms inter_flip_ms=331 drawcalls-since-flip=42 drawcalls-total=213102 fail-total=0 null-skips-total=0
[10:19:48] [info] tas: stall frame 339 ms -> contributing 1 tick (patch 0286)
[10:19:49] [info] tas: stall frame 331 ms -> contributing 1 tick (patch 0286)
[10:19:49] [info] tas: stall frame 331 ms -> contributing 1 tick (patch 0286)
[10:19:49] [info] tas: stall frame 331 ms -> contributing 1 tick (patch 0286)
[10:19:50] [info] tas: stall frame 332 ms -> contributing 1 tick (patch 0286)
[10:19:50] [info] tas: stall frame 331 ms -> contributing 1 tick (patch 0286)
[10:19:50] [info] tas: stall frame 331 ms -> contributing 1 tick (patch 0286)
[10:19:51] [info] tas: stall frame 332 ms -> contributing 1 tick (patch 0286)
[10:19:51] [info] tas: stall frame 331 ms -> contributing 1 tick (patch 0286)
[10:19:51] [info] tas: stall frame 331 ms -> contributing 1 tick (patch 0286)
[10:19:52] [info] flip-probe: flip #2730 ok=true present=209ms inter_flip_ms=367 drawcalls-since-flip=53 drawcalls-total=213533 fail-total=0 null-skips-total=0
[10:19:52] [info] tas: stall frame 404 ms -> contributing 1 tick (patch 0286)
[10:19:52] [info] tas: stall frame 384 ms -> contributing 1 tick (patch 0286)
[10:19:53] [info] tas: stall frame 379 ms -> contributing 1 tick (patch 0286)
[10:19:53] [info] tas: stall frame 397 ms -> contributing 1 tick (patch 0286)
[10:19:53] [info] tas: stall frame 380 ms -> contributing 1 tick (patch 0286)
[10:19:54] [info] tas: stall frame 379 ms -> contributing 1 tick (patch 0286)
[10:19:54] [info] tas: stall frame 397 ms -> contributing 1 tick (patch 0286)
[10:19:54] [info] tas: stall frame 380 ms -> contributing 1 tick (patch 0286)
[10:19:55] [info] tas: stall frame 378 ms -> contributing 1 tick (patch 0286)
[10:19:55] [info] tas: stall frame 380 ms -> contributing 1 tick (patch 0286)
[10:19:56] [info] flip-probe: flip #2740 ok=true present=215ms inter_flip_ms=381 drawcalls-since-flip=53 drawcalls-total=214063 fail-total=0 null-skips-total=0
[10:19:56] [info] tas: stall frame 393 ms -> contributing 1 tick (patch 0286)
[10:19:56] [info] tas: stall frame 386 ms -> contributing 1 tick (patch 0286)
[10:19:56] [info] tas: stall frame 388 ms -> contributing 1 tick (patch 0286)
[10:19:57] [info] tas: stall frame 368 ms -> contributing 1 tick (patch 0286)
[10:19:57] [info] tas: stall frame 367 ms -> contributing 1 tick (patch 0286)
[10:19:57] [info] drawcall drawSurface call 204000: src=8x8 dst=8x8 at (160,104) took 0ms
[10:19:58] [info] tas: stall frame 393 ms -> contributing 1 tick (patch 0286)
[10:19:58] [info] tas: stall frame 386 ms -> contributing 1 tick (patch 0286)
[10:19:58] [info] tas: stall frame 385 ms -> contributing 1 tick (patch 0286)
[10:19:59] [info] tas: stall frame 405 ms -> contributing 1 tick (patch 0286)
[10:19:59] [info] tas: stall frame 385 ms -> contributing 1 tick (patch 0286)
[10:19:59] [info] flip-probe: flip #2750 ok=true present=197ms inter_flip_ms=366 drawcalls-since-flip=50 drawcalls-total=214585 fail-total=0 null-skips-total=0
[10:19:59] [info] tas: stall frame 373 ms -> contributing 1 tick (patch 0286)
[10:20:00] [info] tas: stall frame 384 ms -> contributing 1 tick (patch 0286)
[10:20:00] [info] tas: stall frame 405 ms -> contributing 1 tick (patch 0286)
[10:20:01] [info] tas: stall frame 382 ms -> contributing 1 tick (patch 0286)
[10:20:01] [info] tas: stall frame 402 ms -> contributing 1 tick (patch 0286)
[10:20:01] [info] tas: stall frame 386 ms -> contributing 1 tick (patch 0286)
[10:20:02] [info] tas: stall frame 380 ms -> contributing 1 tick (patch 0286)
[10:20:02] [info] tas: stall frame 380 ms -> contributing 1 tick (patch 0286)
[10:20:03] [info] tas: stall frame 404 ms -> contributing 1 tick (patch 0286)
[10:20:03] [info] tas: stall frame 380 ms -> contributing 1 tick (patch 0286)
[10:20:03] [info] flip-probe: flip #2760 ok=true present=118ms inter_flip_ms=395 drawcalls-since-flip=26 drawcalls-total=215074 fail-total=0 null-skips-total=0
[10:20:03] [info] tas: stall frame 305 ms -> contributing 1 tick (patch 0286)
[10:20:04] [info] tas: stall frame 256 ms -> contributing 1 tick (patch 0286)
[10:20:04] [info] tas: stall frame 276 ms -> contributing 1 tick (patch 0286)
[10:20:04] [info] tas: stall frame 275 ms -> contributing 1 tick (patch 0286)
[10:20:04] [info] tas: stall frame 293 ms -> contributing 1 tick (patch 0286)
[10:20:05] [info] tas: stall frame 299 ms -> contributing 1 tick (patch 0286)
[10:20:05] [info] tas: stall frame 274 ms -> contributing 1 tick (patch 0286)
[10:20:05] [info] tas: stall frame 277 ms -> contributing 1 tick (patch 0286)
[10:20:05] [info] tas: stall frame 256 ms -> contributing 1 tick (patch 0286)
[10:20:06] [info] tas: stall frame 297 ms -> contributing 1 tick (patch 0286)
[10:20:06] [info] flip-probe: flip #2770 ok=true present=119ms inter_flip_ms=290 drawcalls-since-flip=24 drawcalls-total=215307 fail-total=0 null-skips-total=0
[10:20:06] [info] tas: stall frame 296 ms -> contributing 1 tick (patch 0286)
[10:20:06] [info] tas: stall frame 274 ms -> contributing 1 tick (patch 0286)
[10:20:07] [info] tas: stall frame 289 ms -> contributing 1 tick (patch 0286)
[10:20:07] [info] tas: stall frame 267 ms -> contributing 1 tick (patch 0286)
[10:20:07] [info] tas: stall frame 248 ms -> contributing 1 tick (patch 0286)
[10:20:07] [info] tas: stall frame 281 ms -> contributing 1 tick (patch 0286)
[10:20:08] [info] tas: stall frame 276 ms -> contributing 1 tick (patch 0286)
[10:20:08] [info] tas: stall frame 260 ms -> contributing 1 tick (patch 0286)
[10:20:08] [info] tas: stall frame 276 ms -> contributing 1 tick (patch 0286)
[10:20:09] [info] tas: stall frame 254 ms -> contributing 1 tick (patch 0286)
[10:20:09] [info] drawcall drawSurface call 205000: src=8x8 dst=8x8 at (32,40) took 0ms
[10:20:09] [info] flip-probe: flip #2780 ok=true present=100ms inter_flip_ms=242 drawcalls-since-flip=21 drawcalls-total=215535 fail-total=0 null-skips-total=0
[10:20:09] [info] tas: stall frame 250 ms -> contributing 1 tick (patch 0286)
[10:20:09] [info] tas: stall frame 267 ms -> contributing 1 tick (patch 0286)
[10:20:09] [info] tas: stall frame 261 ms -> contributing 1 tick (patch 0286)
[10:20:10] [info] tas: stall frame 267 ms -> contributing 1 tick (patch 0286)
[10:20:10] [info] tas: stall frame 243 ms -> contributing 1 tick (patch 0286)
[10:20:10] [info] tas: stall frame 246 ms -> contributing 1 tick (patch 0286)
[10:20:10] [info] tas: stall frame 244 ms -> contributing 1 tick (patch 0286)
[10:20:11] [info] tas: stall frame 243 ms -> contributing 1 tick (patch 0286)
[10:20:11] [info] tas: stall frame 262 ms -> contributing 1 tick (patch 0286)
[10:20:11] [info] tas: stall frame 263 ms -> contributing 1 tick (patch 0286)
[10:20:11] [info] flip-probe: flip #2790 ok=true present=119ms inter_flip_ms=263 drawcalls-since-flip=22 drawcalls-total=215754 fail-total=0 null-skips-total=0
[10:20:11] [info] tas: stall frame 270 ms -> contributing 1 tick (patch 0286)
[10:20:11] [info] backdrop cache: thrashing-detect engaged (streak=4, route=direct)
[10:20:12] [info] tas: stall frame 227 ms -> contributing 1 tick (patch 0286)
[10:20:12] [info] tas: stall frame 221 ms -> contributing 1 tick (patch 0286)
[10:20:12] [info] tas: stall frame 240 ms -> contributing 1 tick (patch 0286)
[10:20:12] [info] tas: stall frame 241 ms -> contributing 1 tick (patch 0286)
[10:20:13] [info] tas: stall frame 250 ms -> contributing 1 tick (patch 0286)
[10:20:13] [info] tas: stall frame 250 ms -> contributing 1 tick (patch 0286)
[10:20:13] [info] tas: stall frame 234 ms -> contributing 1 tick (patch 0286)
[10:20:13] [info] tas: stall frame 235 ms -> contributing 1 tick (patch 0286)
[10:20:13] [info] tas: stall frame 254 ms -> contributing 1 tick (patch 0286)
[10:20:14] [info] flip-probe: flip #2800 ok=true present=362ms inter_flip_ms=257 drawcalls-since-flip=23 drawcalls-total=215970 fail-total=0 null-skips-total=0
[10:20:14] [info] drawcall tally block 28: drawcalls=2841 total_ms=274 avg_ms_x10=0 (over 100 flips ending at flip 2800)
[10:20:14] [info] alpha audit block 28: 2841 total drawcalls, 0 with alpha<255 (block pct_x10=0; global 0/205423 pct_x10=0); alpha-mod skipped: block=3608 global=213436
[10:20:14] [info] fastpath audit block 28: taken=0 (idx8=0) skipped=2841 pct_x10=0; global taken=0 (idx8=0) skipped=205423 pct_x10=0
[10:20:14] [info] primitive tally block 28: clear=200(hr=0) fill=0(hr=0) rect=0(hr=0) line=0(hr=0) tint=0 spotlight=0 (over 100 flips ending at flip 2800)
[10:20:14] [info] slowpath reason block 28: alpha=0 format=0 windim=2841 null_src=0 other=0 (of 2841 total drawSurface slow-path)
[10:20:14] [info] color/alpha audit block 28: cmod_white=767 cmod_black=0 (idx=0) cmod_general=0 (idx=0) cmod_fb=767; alpha_taken=0 alpha_skipped=0 (global cmod=8826/0/0/8013 idx=0/0 alpha=0/0)
[10:20:14] [info] phase timing block 28: drawcalls=4665 dc_total_ms=1898 flip_inner_total_ms=16554 inter_flip_total_ms=32185 (per-flip avg x10: dc_ms=189 fi_ms=1655 if_ms=3218 derived audio+engine_ms=1374; per-drawcall avg us_x10=4070) [direct-vesa: presents=0 total_ms=0 avg_ms_x10=0 failed=0] [ablation: NO_DC_TIMING=0 CACHE_WINSURF=0 DIRECT_VESA=1]
[10:20:14] [info] kbd/audio block 28: kbd_irq=0 kbd_drain=0 ring_chunks=16 pump_pass=2898 pic1_mask=0xb8 first_irq_ticks=0 install_ticks=0 vector_at_install=0x0083def0 pic1_mask_live=0x98 kbd_8042_stat=0x34 bios_kbd_head=0x0022 bios_kbd_tail=0x0022 bios_kbd_buf0=0x1c0d
[10:20:14] [info] dirty-rect block @flip=2800: total_calls=0 dirty_rects_avg=1 dirty_pct_x10=1000 forced_full=0 first_n_force=0 threshold_exceeded=0 dirty_path_taken=100 full_flush_taken=0
[10:20:14] [info] prev-frame-diff block @flip=2800: diff_calls=0 diff_rects_avg=0 diff_dirty_pct_x10=0 bbox_pct_x10=0 bbox_thresh_exceeded=0
[10:20:14] [info] tas: stall frame 581 ms -> contributing 1 tick (patch 0286)
[10:20:14] [info] tas: stall frame 257 ms -> contributing 1 tick (patch 0286)
[10:20:15] [info] tas: stall frame 219 ms -> contributing 1 tick (patch 0286)
[10:20:15] [info] tas: stall frame 221 ms -> contributing 1 tick (patch 0286)
[10:20:15] [info] tas: stall frame 225 ms -> contributing 1 tick (patch 0286)
[10:20:15] [info] tas: stall frame 227 ms -> contributing 1 tick (patch 0286)
[10:20:15] [info] tas: stall frame 228 ms -> contributing 1 tick (patch 0286)
[10:20:16] [info] tas: stall frame 227 ms -> contributing 1 tick (patch 0286)
[10:20:16] [info] tas: stall frame 227 ms -> contributing 1 tick (patch 0286)
[10:20:16] [info] tas: stall frame 227 ms -> contributing 1 tick (patch 0286)
[10:20:16] [info] flip-probe: flip #2810 ok=true present=81ms inter_flip_ms=226 drawcalls-since-flip=19 drawcalls-total=216164 fail-total=0 null-skips-total=0
[10:20:16] [info] tas: stall frame 232 ms -> contributing 1 tick (patch 0286)
[10:20:17] [info] tas: stall frame 228 ms -> contributing 1 tick (patch 0286)
[10:20:17] [info] tas: stall frame 228 ms -> contributing 1 tick (patch 0286)
[10:20:17] [info] tas: stall frame 226 ms -> contributing 1 tick (patch 0286)
[10:20:17] [info] tas: stall frame 227 ms -> contributing 1 tick (patch 0286)
[10:20:18] [info] tas: stall frame 227 ms -> contributing 1 tick (patch 0286)
[10:20:18] [info] tas: stall frame 231 ms -> contributing 1 tick (patch 0286)
[10:20:18] [info] tas: stall frame 239 ms -> contributing 1 tick (patch 0286)
[10:20:18] [info] tas: stall frame 238 ms -> contributing 1 tick (patch 0286)
[10:20:18] [info] tas: stall frame 243 ms -> contributing 1 tick (patch 0286)
[10:20:19] [info] flip-probe: flip #2820 ok=true present=81ms inter_flip_ms=240 drawcalls-since-flip=20 drawcalls-total=216360 fail-total=0 null-skips-total=0
[10:20:19] [info] tas: stall frame 246 ms -> contributing 1 tick (patch 0286)
[10:20:19] [info] tas: stall frame 237 ms -> contributing 1 tick (patch 0286)
[10:20:19] [info] tas: stall frame 241 ms -> contributing 1 tick (patch 0286)
[10:20:19] [info] tas: stall frame 236 ms -> contributing 1 tick (patch 0286)
[10:20:20] [info] tas: stall frame 238 ms -> contributing 1 tick (patch 0286)
[10:20:20] [info] tas: stall frame 230 ms -> contributing 1 tick (patch 0286)
[10:20:20] [info] tas: stall frame 229 ms -> contributing 1 tick (patch 0286)
[10:20:20] [info] tas: stall frame 234 ms -> contributing 1 tick (patch 0286)
[10:20:21] [info] tas: stall frame 235 ms -> contributing 1 tick (patch 0286)
[10:20:21] [info] tas: stall frame 237 ms -> contributing 1 tick (patch 0286)
[10:20:21] [info] flip-probe: flip #2830 ok=true present=81ms inter_flip_ms=237 drawcalls-since-flip=20 drawcalls-total=216562 fail-total=0 null-skips-total=0
[10:20:21] [info] tas: stall frame 244 ms -> contributing 1 tick (patch 0286)
[10:20:21] [info] drawcall drawSurface call 206000: src=8x8 dst=8x8 at (32,32) took 0ms
[10:20:21] [info] tas: stall frame 245 ms -> contributing 1 tick (patch 0286)
[10:20:22] [info] tas: stall frame 241 ms -> contributing 1 tick (patch 0286)
[10:20:22] [info] tas: stall frame 240 ms -> contributing 1 tick (patch 0286)
[10:20:22] [info] tas: stall frame 247 ms -> contributing 1 tick (patch 0286)
[10:20:22] [info] tas: stall frame 249 ms -> contributing 1 tick (patch 0286)
[10:20:23] [info] tas: stall frame 247 ms -> contributing 1 tick (patch 0286)
[10:20:23] [info] tas: stall frame 242 ms -> contributing 1 tick (patch 0286)
[10:20:23] [info] tas: stall frame 237 ms -> contributing 1 tick (patch 0286)
[10:20:23] [info] tas: stall frame 219 ms -> contributing 1 tick (patch 0286)
[10:20:23] [info] flip-probe: flip #2840 ok=true present=80ms inter_flip_ms=212 drawcalls-since-flip=20 drawcalls-total=216759 fail-total=0 null-skips-total=0
[10:20:23] [info] tas: stall frame 218 ms -> contributing 1 tick (patch 0286)
[10:20:24] [info] tas: stall frame 196 ms -> contributing 1 tick (patch 0286)
[10:20:24] [info] tas: stall frame 190 ms -> contributing 1 tick (patch 0286)
[10:20:24] [info] tas: stall frame 191 ms -> contributing 1 tick (patch 0286)
[10:20:24] [info] tas: stall frame 192 ms -> contributing 1 tick (patch 0286)
[10:20:24] [info] tas: stall frame 190 ms -> contributing 1 tick (patch 0286)
[10:20:25] [info] tas: stall frame 191 ms -> contributing 1 tick (patch 0286)
[10:20:25] [info] tas: stall frame 195 ms -> contributing 1 tick (patch 0286)
[10:20:25] [info] tas: stall frame 196 ms -> contributing 1 tick (patch 0286)
[10:20:25] [info] tas: stall frame 200 ms -> contributing 1 tick (patch 0286)
[10:20:25] [info] flip-probe: flip #2850 ok=true present=81ms inter_flip_ms=200 drawcalls-since-flip=18 drawcalls-total=216939 fail-total=0 null-skips-total=0
[10:20:25] [info] tas: stall frame 208 ms -> contributing 1 tick (patch 0286)
[10:20:25] [info] backdrop cache: thrashing-detect engaged (streak=64, route=direct)
[10:20:26] [info] tas: stall frame 206 ms -> contributing 1 tick (patch 0286)
[10:20:26] [info] tas: stall frame 205 ms -> contributing 1 tick (patch 0286)
[10:20:26] [info] tas: stall frame 203 ms -> contributing 1 tick (patch 0286)
[10:20:26] [info] tas: stall frame 204 ms -> contributing 1 tick (patch 0286)
[10:20:26] [info] tas: stall frame 204 ms -> contributing 1 tick (patch 0286)
[10:20:27] [info] tas: stall frame 204 ms -> contributing 1 tick (patch 0286)
[10:20:27] [info] tas: stall frame 204 ms -> contributing 1 tick (patch 0286)
[10:20:27] [info] tas: stall frame 206 ms -> contributing 1 tick (patch 0286)
[10:20:27] [info] tas: stall frame 207 ms -> contributing 1 tick (patch 0286)
[10:20:27] [info] flip-probe: flip #2860 ok=true present=81ms inter_flip_ms=206 drawcalls-since-flip=20 drawcalls-total=217142 fail-total=0 null-skips-total=0
[10:20:27] [info] tas: stall frame 212 ms -> contributing 1 tick (patch 0286)
[10:20:28] [info] tas: stall frame 205 ms -> contributing 1 tick (patch 0286)
[10:20:28] [info] tas: stall frame 205 ms -> contributing 1 tick (patch 0286)
[10:20:28] [info] tas: stall frame 207 ms -> contributing 1 tick (patch 0286)
[10:20:28] [info] tas: stall frame 205 ms -> contributing 1 tick (patch 0286)
[10:20:28] [info] tas: stall frame 205 ms -> contributing 1 tick (patch 0286)
[10:20:29] [info] tas: stall frame 205 ms -> contributing 1 tick (patch 0286)
[10:20:29] [info] tas: stall frame 205 ms -> contributing 1 tick (patch 0286)
[10:20:29] [info] tas: stall frame 207 ms -> contributing 1 tick (patch 0286)
[10:20:29] [info] tas: stall frame 209 ms -> contributing 1 tick (patch 0286)
[10:20:30] [info] flip-probe: flip #2870 ok=true present=80ms inter_flip_ms=213 drawcalls-since-flip=18 drawcalls-total=217329 fail-total=0 null-skips-total=0
[10:20:30] [info] tas: stall frame 219 ms -> contributing 1 tick (patch 0286)
[10:20:30] [info] tas: stall frame 214 ms -> contributing 1 tick (patch 0286)
[10:20:30] [info] tas: stall frame 216 ms -> contributing 1 tick (patch 0286)
[10:20:30] [info] tas: stall frame 222 ms -> contributing 1 tick (patch 0286)
[10:20:30] [info] tas: stall frame 232 ms -> contributing 1 tick (patch 0286)
[10:20:31] [info] tas: stall frame 232 ms -> contributing 1 tick (patch 0286)
[10:20:31] [info] tas: stall frame 238 ms -> contributing 1 tick (patch 0286)
[10:20:31] [info] tas: stall frame 243 ms -> contributing 1 tick (patch 0286)
[10:20:31] [info] tas: stall frame 249 ms -> contributing 1 tick (patch 0286)
[10:20:32] [info] tas: stall frame 257 ms -> contributing 1 tick (patch 0286)
[10:20:32] [info] flip-probe: flip #2880 ok=true present=81ms inter_flip_ms=262 drawcalls-since-flip=18 drawcalls-total=217509 fail-total=0 null-skips-total=0
[10:20:32] [info] tas: stall frame 270 ms -> contributing 1 tick (patch 0286)
[10:20:32] [info] tas: stall frame 263 ms -> contributing 1 tick (patch 0286)
[10:20:32] [info] tas: stall frame 263 ms -> contributing 1 tick (patch 0286)
[10:20:33] [info] tas: stall frame 263 ms -> contributing 1 tick (patch 0286)
[10:20:33] [info] tas: stall frame 263 ms -> contributing 1 tick (patch 0286)
[10:20:33] [info] tas: stall frame 264 ms -> contributing 1 tick (patch 0286)
[10:20:33] [info] tas: stall frame 263 ms -> contributing 1 tick (patch 0286)
[10:20:34] [info] drawcall drawSurface call 207000: src=16x8 dst=16x8 at (64,16) took 0ms
[10:20:34] [info] tas: stall frame 269 ms -> contributing 1 tick (patch 0286)
[10:20:34] [info] tas: stall frame 263 ms -> contributing 1 tick (patch 0286)
[10:20:34] [info] tas: stall frame 263 ms -> contributing 1 tick (patch 0286)
[10:20:35] [info] flip-probe: flip #2890 ok=true present=81ms inter_flip_ms=264 drawcalls-since-flip=18 drawcalls-total=217689 fail-total=0 null-skips-total=0
[10:20:35] [info] tas: stall frame 271 ms -> contributing 1 tick (patch 0286)
[10:20:35] [info] tas: stall frame 263 ms -> contributing 1 tick (patch 0286)
[10:20:35] [info] tas: stall frame 263 ms -> contributing 1 tick (patch 0286)
[10:20:35] [info] tas: stall frame 263 ms -> contributing 1 tick (patch 0286)
[10:20:36] [info] tas: stall frame 263 ms -> contributing 1 tick (patch 0286)
[10:20:36] [info] tas: stall frame 265 ms -> contributing 1 tick (patch 0286)
[10:20:36] [info] tas: stall frame 264 ms -> contributing 1 tick (patch 0286)
[10:20:36] [info] tas: stall frame 262 ms -> contributing 1 tick (patch 0286)
[10:20:37] [info] tas: stall frame 263 ms -> contributing 1 tick (patch 0286)
[10:20:37] [info] tas: stall frame 264 ms -> contributing 1 tick (patch 0286)
[10:20:37] [info] flip-probe: flip #2900 ok=true present=323ms inter_flip_ms=264 drawcalls-since-flip=18 drawcalls-total=217869 fail-total=0 null-skips-total=0
[10:20:37] [info] drawcall tally block 29: drawcalls=1799 total_ms=178 avg_ms_x10=0 (over 100 flips ending at flip 2900)
[10:20:38] [info] alpha audit block 29: 1799 total drawcalls, 0 with alpha<255 (block pct_x10=0; global 0/207222 pct_x10=0); alpha-mod skipped: block=1799 global=215235
[10:20:38] [info] fastpath audit block 29: taken=0 (idx8=0) skipped=1799 pct_x10=0; global taken=0 (idx8=0) skipped=207222 pct_x10=0
[10:20:38] [info] primitive tally block 29: clear=200(hr=0) fill=0(hr=0) rect=0(hr=0) line=0(hr=0) tint=0 spotlight=0 (over 100 flips ending at flip 2900)
[10:20:38] [info] slowpath reason block 29: alpha=0 format=0 windim=1799 null_src=0 other=0 (of 1799 total drawSurface slow-path)
[10:20:38] [info] phase timing block 29: drawcalls=1999 dc_total_ms=377 flip_inner_total_ms=8628 inter_flip_total_ms=23504 (per-flip avg x10: dc_ms=37 fi_ms=862 if_ms=2350 derived audio+engine_ms=1451; per-drawcall avg us_x10=1890) [direct-vesa: presents=0 total_ms=0 avg_ms_x10=0 failed=0] [ablation: NO_DC_TIMING=0 CACHE_WINSURF=0 DIRECT_VESA=1]
[10:20:38] [info] kbd/audio block 29: kbd_irq=0 kbd_drain=0 ring_chunks=16 pump_pass=2998 pic1_mask=0xb8 first_irq_ticks=0 install_ticks=0 vector_at_install=0x0083def0 pic1_mask_live=0x98 kbd_8042_stat=0x34 bios_kbd_head=0x0022 bios_kbd_tail=0x0022 bios_kbd_buf0=0x1c0d
[10:20:38] [info] dirty-rect block @flip=2900: total_calls=0 dirty_rects_avg=1 dirty_pct_x10=1000 forced_full=0 first_n_force=0 threshold_exceeded=0 dirty_path_taken=100 full_flush_taken=0
[10:20:38] [info] prev-frame-diff block @flip=2900: diff_calls=0 diff_rects_avg=0 diff_dirty_pct_x10=0 bbox_pct_x10=0 bbox_thresh_exceeded=0
[10:20:38] [info] tas: stall frame 586 ms -> contributing 1 tick (patch 0286)
[10:20:38] [info] tas: stall frame 264 ms -> contributing 1 tick (patch 0286)
[10:20:38] [info] run_tick_fixed #3000: heartbeat (loop alive)
[10:20:38] [info] tas: stall frame 272 ms -> contributing 1 tick (patch 0286)
[10:20:38] [info] tas: stall frame 267 ms -> contributing 1 tick (patch 0286)
[10:20:39] [info] tas: stall frame 264 ms -> contributing 1 tick (patch 0286)
[10:20:39] [info] tas: stall frame 264 ms -> contributing 1 tick (patch 0286)
[10:20:39] [info] tas: stall frame 266 ms -> contributing 1 tick (patch 0286)
[10:20:39] [info] tas: stall frame 264 ms -> contributing 1 tick (patch 0286)
[10:20:40] [info] tas: stall frame 264 ms -> contributing 1 tick (patch 0286)
[10:20:40] [info] tas: stall frame 264 ms -> contributing 1 tick (patch 0286)
[10:20:40] [info] flip-probe: flip #2910 ok=true present=81ms inter_flip_ms=266 drawcalls-since-flip=18 drawcalls-total=218049 fail-total=0 null-skips-total=0
[10:20:40] [info] tas: stall frame 273 ms -> contributing 1 tick (patch 0286)
[10:20:40] [info] backdrop cache: thrashing-detect engaged (streak=124, route=direct)
[10:20:40] [info] tas: stall frame 270 ms -> contributing 1 tick (patch 0286)
[10:20:41] [info] tas: stall frame 264 ms -> contributing 1 tick (patch 0286)
[10:20:41] [info] tas: stall frame 261 ms -> contributing 1 tick (patch 0286)
[10:20:41] [info] tas: stall frame 257 ms -> contributing 1 tick (patch 0286)
[10:20:42] [info] tas: stall frame 251 ms -> contributing 1 tick (patch 0286)
[10:20:42] [info] tas: stall frame 246 ms -> contributing 1 tick (patch 0286)
[10:20:42] [info] tas: stall frame 249 ms -> contributing 1 tick (patch 0286)
[10:20:42] [info] tas: stall frame 248 ms -> contributing 1 tick (patch 0286)
[10:20:42] [info] tas: stall frame 248 ms -> contributing 1 tick (patch 0286)
[10:20:43] [info] flip-probe: flip #2920 ok=true present=81ms inter_flip_ms=251 drawcalls-since-flip=18 drawcalls-total=218229 fail-total=0 null-skips-total=0
[10:20:43] [info] tas: stall frame 258 ms -> contributing 1 tick (patch 0286)
[10:20:43] [info] tas: stall frame 247 ms -> contributing 1 tick (patch 0286)
[10:20:43] [info] tas: stall frame 247 ms -> contributing 1 tick (patch 0286)
[10:20:43] [info] tas: stall frame 247 ms -> contributing 1 tick (patch 0286)
[10:20:44] [info] tas: stall frame 249 ms -> contributing 1 tick (patch 0286)
[10:20:44] [info] tas: stall frame 247 ms -> contributing 1 tick (patch 0286)
[10:20:44] [info] tas: stall frame 247 ms -> contributing 1 tick (patch 0286)
[10:20:44] [info] tas: stall frame 248 ms -> contributing 1 tick (patch 0286)
[10:20:45] [info] tas: stall frame 248 ms -> contributing 1 tick (patch 0286)
[10:20:45] [info] tas: stall frame 248 ms -> contributing 1 tick (patch 0286)
[10:20:45] [info] flip-probe: flip #2930 ok=true present=81ms inter_flip_ms=247 drawcalls-since-flip=18 drawcalls-total=218409 fail-total=0 null-skips-total=0
[10:20:45] [info] tas: stall frame 255 ms -> contributing 1 tick (patch 0286)
[10:20:46] [info] tas: stall frame 247 ms -> contributing 1 tick (patch 0286)
[10:20:46] [info] tas: stall frame 247 ms -> contributing 1 tick (patch 0286)
[10:20:46] [info] tas: stall frame 247 ms -> contributing 1 tick (patch 0286)
[10:20:46] [info] tas: stall frame 247 ms -> contributing 1 tick (patch 0286)
[10:20:47] [info] tas: stall frame 247 ms -> contributing 1 tick (patch 0286)
[10:20:47] [info] tas: stall frame 246 ms -> contributing 1 tick (patch 0286)
[10:20:47] [info] tas: stall frame 247 ms -> contributing 1 tick (patch 0286)
[10:20:47] [info] tas: stall frame 247 ms -> contributing 1 tick (patch 0286)
[10:20:47] [info] tas: stall frame 247 ms -> contributing 1 tick (patch 0286)
[10:20:48] [info] flip-probe: flip #2940 ok=true present=81ms inter_flip_ms=246 drawcalls-since-flip=18 drawcalls-total=218589 fail-total=0 null-skips-total=0
[10:20:48] [info] tas: stall frame 254 ms -> contributing 1 tick (patch 0286)
[10:20:48] [info] tas: stall frame 239 ms -> contributing 1 tick (patch 0286)
[10:20:48] [info] tas: stall frame 240 ms -> contributing 1 tick (patch 0286)
[10:20:48] [info] tas: stall frame 234 ms -> contributing 1 tick (patch 0286)
[10:20:49] [info] tas: stall frame 233 ms -> contributing 1 tick (patch 0286)
[10:20:49] [info] tas: stall frame 232 ms -> contributing 1 tick (patch 0286)
[10:20:49] [info] drawcall drawSurface call 208000: src=8x8 dst=8x8 at (32,32) took 0ms
[10:20:49] [info] tas: stall frame 241 ms -> contributing 1 tick (patch 0286)
[10:20:49] [info] tas: stall frame 230 ms -> contributing 1 tick (patch 0286)
[10:20:50] [info] tas: stall frame 229 ms -> contributing 1 tick (patch 0286)
[10:20:50] [info] tas: stall frame 229 ms -> contributing 1 tick (patch 0286)
[10:20:50] [info] flip-probe: flip #2950 ok=true present=81ms inter_flip_ms=228 drawcalls-since-flip=18 drawcalls-total=218769 fail-total=0 null-skips-total=0
[10:20:50] [info] tas: stall frame 236 ms -> contributing 1 tick (patch 0286)
[10:20:50] [info] tas: stall frame 227 ms -> contributing 1 tick (patch 0286)
[10:20:51] [info] tas: stall frame 227 ms -> contributing 1 tick (patch 0286)
[10:20:51] [info] tas: stall frame 226 ms -> contributing 1 tick (patch 0286)
[10:20:51] [info] tas: stall frame 226 ms -> contributing 1 tick (patch 0286)
[10:20:51] [info] tas: stall frame 219 ms -> contributing 1 tick (patch 0286)
[10:20:51] [info] tas: stall frame 220 ms -> contributing 1 tick (patch 0286)
[10:20:52] [info] tas: stall frame 219 ms -> contributing 1 tick (patch 0286)
[10:20:52] [info] tas: stall frame 218 ms -> contributing 1 tick (patch 0286)
[10:20:52] [info] tas: stall frame 215 ms -> contributing 1 tick (patch 0286)
[10:20:52] [info] flip-probe: flip #2960 ok=true present=81ms inter_flip_ms=217 drawcalls-since-flip=18 drawcalls-total=218949 fail-total=0 null-skips-total=0
[10:20:52] [info] tas: stall frame 225 ms -> contributing 1 tick (patch 0286)
[10:20:52] [info] tas: stall frame 216 ms -> contributing 1 tick (patch 0286)
[10:20:53] [info] tas: stall frame 216 ms -> contributing 1 tick (patch 0286)
[10:20:53] [info] tas: stall frame 215 ms -> contributing 1 tick (patch 0286)
[10:20:53] [info] tas: stall frame 215 ms -> contributing 1 tick (patch 0286)
[10:20:53] [info] tas: stall frame 219 ms -> contributing 1 tick (patch 0286)
[10:20:54] [info] tas: stall frame 214 ms -> contributing 1 tick (patch 0286)
[10:20:54] [info] tas: stall frame 216 ms -> contributing 1 tick (patch 0286)
[10:20:54] [info] tas: stall frame 213 ms -> contributing 1 tick (patch 0286)
[10:20:54] [info] tas: stall frame 213 ms -> contributing 1 tick (patch 0286)
[10:20:54] [info] flip-probe: flip #2970 ok=true present=81ms inter_flip_ms=211 drawcalls-since-flip=17 drawcalls-total=219120 fail-total=0 null-skips-total=0
[10:20:54] [info] tas: stall frame 217 ms -> contributing 1 tick (patch 0286)
[10:20:54] [info] backdrop cache: thrashing-detect engaged (streak=184, route=direct)
[10:20:55] [info] tas: stall frame 229 ms -> contributing 1 tick (patch 0286)
[10:20:55] [info] tas: stall frame 216 ms -> contributing 1 tick (patch 0286)
[10:20:55] [info] tas: stall frame 214 ms -> contributing 1 tick (patch 0286)
[10:20:55] [info] tas: stall frame 214 ms -> contributing 1 tick (patch 0286)
[10:20:56] [info] tas: stall frame 217 ms -> contributing 1 tick (patch 0286)
[10:20:56] [info] tas: stall frame 216 ms -> contributing 1 tick (patch 0286)
[10:20:56] [info] tas: stall frame 219 ms -> contributing 1 tick (patch 0286)
[10:20:56] [info] tas: stall frame 214 ms -> contributing 1 tick (patch 0286)
[10:20:56] [info] tas: stall frame 217 ms -> contributing 1 tick (patch 0286)
[10:20:57] [info] flip-probe: flip #2980 ok=true present=81ms inter_flip_ms=219 drawcalls-since-flip=17 drawcalls-total=219290 fail-total=0 null-skips-total=0
[10:20:57] [info] tas: stall frame 225 ms -> contributing 1 tick (patch 0286)
[10:20:57] [info] tas: stall frame 220 ms -> contributing 1 tick (patch 0286)
[10:20:57] [info] tas: stall frame 219 ms -> contributing 1 tick (patch 0286)
[10:20:57] [info] tas: stall frame 219 ms -> contributing 1 tick (patch 0286)
[10:20:58] [info] tas: stall frame 217 ms -> contributing 1 tick (patch 0286)
[10:20:58] [info] tas: stall frame 216 ms -> contributing 1 tick (patch 0286)
[10:20:58] [info] tas: stall frame 216 ms -> contributing 1 tick (patch 0286)
[10:20:58] [info] tas: stall frame 218 ms -> contributing 1 tick (patch 0286)
[10:20:58] [info] tas: stall frame 218 ms -> contributing 1 tick (patch 0286)
[10:20:59] [info] tas: stall frame 217 ms -> contributing 1 tick (patch 0286)
[10:20:59] [info] flip-probe: flip #2990 ok=true present=81ms inter_flip_ms=216 drawcalls-since-flip=17 drawcalls-total=219460 fail-total=0 null-skips-total=0
[10:20:59] [info] tas: stall frame 223 ms -> contributing 1 tick (patch 0286)
[10:20:59] [info] tas: stall frame 217 ms -> contributing 1 tick (patch 0286)
[10:20:59] [info] tas: stall frame 218 ms -> contributing 1 tick (patch 0286)
[10:20:59] [info] tas: stall frame 216 ms -> contributing 1 tick (patch 0286)
[10:21:00] [info] tas: stall frame 215 ms -> contributing 1 tick (patch 0286)
[10:21:00] [info] tas: stall frame 213 ms -> contributing 1 tick (patch 0286)
[10:21:00] [info] tas: stall frame 215 ms -> contributing 1 tick (patch 0286)
[10:21:00] [info] tas: stall frame 212 ms -> contributing 1 tick (patch 0286)
[10:21:01] [info] tas: stall frame 211 ms -> contributing 1 tick (patch 0286)
[10:21:01] [info] tas: stall frame 219 ms -> contributing 1 tick (patch 0286)
[10:21:01] [info] flip-probe: flip #3000 ok=true present=108ms inter_flip_ms=217 drawcalls-since-flip=17 drawcalls-total=219630 fail-total=0 null-skips-total=0
[10:21:01] [info] drawcall tally block 30: drawcalls=1661 total_ms=167 avg_ms_x10=1 (over 100 flips ending at flip 3000)
[10:21:01] [info] alpha audit block 30: 1661 total drawcalls, 0 with alpha<255 (block pct_x10=0; global 0/208883 pct_x10=0); alpha-mod skipped: block=1661 global=216896
[10:21:01] [info] fastpath audit block 30: taken=0 (idx8=0) skipped=1661 pct_x10=0; global taken=0 (idx8=0) skipped=208883 pct_x10=0
[10:21:01] [info] primitive tally block 30: clear=200(hr=0) fill=0(hr=0) rect=0(hr=0) line=0(hr=0) tint=0 spotlight=0 (over 100 flips ending at flip 3000)
[10:21:01] [info] slowpath reason block 30: alpha=0 format=0 windim=1661 null_src=0 other=0 (of 1661 total drawSurface slow-path)
[10:21:01] [info] phase timing block 30: drawcalls=1861 dc_total_ms=350 flip_inner_total_ms=8387 inter_flip_total_ms=23775 (per-flip avg x10: dc_ms=35 fi_ms=838 if_ms=2377 derived audio+engine_ms=1504; per-drawcall avg us_x10=1882) [direct-vesa: presents=0 total_ms=0 avg_ms_x10=0 failed=0] [ablation: NO_DC_TIMING=0 CACHE_WINSURF=0 DIRECT_VESA=1]
[10:21:01] [info] kbd/audio block 30: kbd_irq=0 kbd_drain=0 ring_chunks=16 pump_pass=3098 pic1_mask=0xb8 first_irq_ticks=0 install_ticks=0 vector_at_install=0x0083def0 pic1_mask_live=0x98 kbd_8042_stat=0x34 bios_kbd_head=0x0022 bios_kbd_tail=0x0022 bios_kbd_buf0=0x1c0d
[10:21:01] [info] dirty-rect block @flip=3000: total_calls=0 dirty_rects_avg=1 dirty_pct_x10=1000 forced_full=0 first_n_force=0 threshold_exceeded=0 dirty_path_taken=100 full_flush_taken=0
[10:21:01] [info] prev-frame-diff block @flip=3000: diff_calls=0 diff_rects_avg=0 diff_dirty_pct_x10=0 bbox_pct_x10=0 bbox_thresh_exceeded=0
[10:21:01] [info] tas: stall frame 311 ms -> contributing 1 tick (patch 0286)
[10:21:01] [info] tas: stall frame 209 ms -> contributing 1 tick (patch 0286)
[10:21:02] [info] tas: stall frame 207 ms -> contributing 1 tick (patch 0286)
[10:21:02] [info] tas: stall frame 202 ms -> contributing 1 tick (patch 0286)
[10:21:02] [info] tas: stall frame 419 ms -> contributing 1 tick (patch 0286)
[10:21:02] [info] tas: stall frame 203 ms -> contributing 1 tick (patch 0286)
[10:21:03] [info] tas: stall frame 203 ms -> contributing 1 tick (patch 0286)
[10:21:03] [info] tas: stall frame 203 ms -> contributing 1 tick (patch 0286)
[10:21:03] [info] drawcall drawSurface call 209000: src=40x8 dst=40x8 at (40,32) took 0ms
[10:21:03] [info] tas: stall frame 212 ms -> contributing 1 tick (patch 0286)
[10:21:03] [info] tas: stall frame 203 ms -> contributing 1 tick (patch 0286)
[10:21:03] [info] flip-probe: flip #3010 ok=true present=81ms inter_flip_ms=203 drawcalls-since-flip=16 drawcalls-total=219793 fail-total=0 null-skips-total=0
[10:21:03] [info] tas: stall frame 210 ms -> contributing 1 tick (patch 0286)
[10:21:04] [info] tas: stall frame 205 ms -> contributing 1 tick (patch 0286)
[10:21:04] [info] tas: stall frame 205 ms -> contributing 1 tick (patch 0286)
[10:21:04] [info] tas: stall frame 204 ms -> contributing 1 tick (patch 0286)
[10:21:04] [info] tas: stall frame 205 ms -> contributing 1 tick (patch 0286)
[10:21:04] [info] tas: stall frame 204 ms -> contributing 1 tick (patch 0286)
[10:21:05] [info] tas: stall frame 204 ms -> contributing 1 tick (patch 0286)
[10:21:05] [info] tas: stall frame 205 ms -> contributing 1 tick (patch 0286)
[10:21:05] [info] tas: stall frame 206 ms -> contributing 1 tick (patch 0286)
[10:21:05] [info] tas: stall frame 204 ms -> contributing 1 tick (patch 0286)
[10:21:05] [info] flip-probe: flip #3020 ok=true present=81ms inter_flip_ms=204 drawcalls-since-flip=16 drawcalls-total=219953 fail-total=0 null-skips-total=0
[10:21:05] [info] tas: stall frame 211 ms -> contributing 1 tick (patch 0286)
[10:21:06] [info] tas: stall frame 203 ms -> contributing 1 tick (patch 0286)
[10:21:06] [info] tas: stall frame 205 ms -> contributing 1 tick (patch 0286)
[10:21:06] [info] tas: stall frame 205 ms -> contributing 1 tick (patch 0286)
[10:21:06] [info] tas: stall frame 205 ms -> contributing 1 tick (patch 0286)
[10:21:06] [info] tas: stall frame 204 ms -> contributing 1 tick (patch 0286)
[10:21:07] [info] tas: stall frame 205 ms -> contributing 1 tick (patch 0286)
[10:21:07] [info] tas: stall frame 205 ms -> contributing 1 tick (patch 0286)
[10:21:07] [info] tas: stall frame 205 ms -> contributing 1 tick (patch 0286)
[10:21:07] [info] tas: stall frame 205 ms -> contributing 1 tick (patch 0286)
[10:21:07] [info] flip-probe: flip #3030 ok=true present=81ms inter_flip_ms=204 drawcalls-since-flip=16 drawcalls-total=220113 fail-total=0 null-skips-total=0
[10:21:07] [info] tas: stall frame 211 ms -> contributing 1 tick (patch 0286)
[10:21:07] [info] backdrop cache: thrashing-detect engaged (streak=244, route=direct)
[10:21:08] [info] tas: stall frame 210 ms -> contributing 1 tick (patch 0286)
[10:21:08] [info] tas: stall frame 206 ms -> contributing 1 tick (patch 0286)
[10:21:08] [info] tas: stall frame 203 ms -> contributing 1 tick (patch 0286)
[10:21:08] [info] tas: stall frame 205 ms -> contributing 1 tick (patch 0286)
[10:21:09] [info] tas: stall frame 202 ms -> contributing 1 tick (patch 0286)
[10:21:09] [info] tas: stall frame 202 ms -> contributing 1 tick (patch 0286)
[10:21:09] [info] tas: stall frame 208 ms -> contributing 1 tick (patch 0286)
[10:21:09] [info] tas: stall frame 208 ms -> contributing 1 tick (patch 0286)
[10:21:09] [info] tas: stall frame 210 ms -> contributing 1 tick (patch 0286)
[10:21:10] [info] flip-probe: flip #3040 ok=true present=81ms inter_flip_ms=211 drawcalls-since-flip=17 drawcalls-total=220278 fail-total=0 null-skips-total=0
[10:21:10] [info] tas: stall frame 217 ms -> contributing 1 tick (patch 0286)
[10:21:10] [info] tas: stall frame 215 ms -> contributing 1 tick (patch 0286)
[10:21:10] [info] tas: stall frame 212 ms -> contributing 1 tick (patch 0286)
[10:21:10] [info] tas: stall frame 216 ms -> contributing 1 tick (patch 0286)
[10:21:10] [info] tas: stall frame 216 ms -> contributing 1 tick (patch 0286)
[10:21:11] [info] tas: stall frame 216 ms -> contributing 1 tick (patch 0286)
[10:21:11] [info] tas: stall frame 222 ms -> contributing 1 tick (patch 0286)
[10:21:11] [info] tas: stall frame 224 ms -> contributing 1 tick (patch 0286)
[10:21:11] [info] tas: stall frame 225 ms -> contributing 1 tick (patch 0286)
[10:21:12] [info] tas: stall frame 231 ms -> contributing 1 tick (patch 0286)
[10:21:12] [info] flip-probe: flip #3050 ok=true present=81ms inter_flip_ms=231 drawcalls-since-flip=17 drawcalls-total=220448 fail-total=0 null-skips-total=0
[10:21:12] [info] tas: stall frame 238 ms -> contributing 1 tick (patch 0286)
[10:21:12] [info] tas: stall frame 234 ms -> contributing 1 tick (patch 0286)
[10:21:12] [info] tas: stall frame 242 ms -> contributing 1 tick (patch 0286)
[10:21:12] [info] tas: stall frame 244 ms -> contributing 1 tick (patch 0286)
[10:21:13] [info] tas: stall frame 246 ms -> contributing 1 tick (patch 0286)
[10:21:13] [info] tas: stall frame 245 ms -> contributing 1 tick (patch 0286)
[10:21:13] [info] tas: stall frame 247 ms -> contributing 1 tick (patch 0286)
[10:21:13] [info] tas: stall frame 247 ms -> contributing 1 tick (patch 0286)
[10:21:14] [info] tas: stall frame 250 ms -> contributing 1 tick (patch 0286)
[10:21:14] [info] tas: stall frame 249 ms -> contributing 1 tick (patch 0286)
[10:21:14] [info] flip-probe: flip #3060 ok=true present=81ms inter_flip_ms=258 drawcalls-since-flip=18 drawcalls-total=220628 fail-total=0 null-skips-total=0
[10:21:14] [info] tas: stall frame 264 ms -> contributing 1 tick (patch 0286)
[10:21:15] [info] tas: stall frame 261 ms -> contributing 1 tick (patch 0286)
[10:21:15] [info] tas: stall frame 265 ms -> contributing 1 tick (patch 0286)
[10:21:15] [info] tas: stall frame 263 ms -> contributing 1 tick (patch 0286)
[10:21:15] [info] tas: stall frame 263 ms -> contributing 1 tick (patch 0286)
[10:21:16] [info] tas: stall frame 266 ms -> contributing 1 tick (patch 0286)
[10:21:16] [info] tas: stall frame 263 ms -> contributing 1 tick (patch 0286)
[10:21:16] [info] tas: stall frame 264 ms -> contributing 1 tick (patch 0286)
[10:21:16] [info] tas: stall frame 263 ms -> contributing 1 tick (patch 0286)
[10:21:17] [info] tas: stall frame 262 ms -> contributing 1 tick (patch 0286)
[10:21:17] [info] flip-probe: flip #3070 ok=true present=81ms inter_flip_ms=264 drawcalls-since-flip=18 drawcalls-total=220808 fail-total=0 null-skips-total=0
[10:21:17] [info] tas: stall frame 272 ms -> contributing 1 tick (patch 0286)
[10:21:17] [info] drawcall drawSurface call 210000: src=39x5 dst=39x5 at (40,41) took 0ms
[10:21:17] [info] tas: stall frame 270 ms -> contributing 1 tick (patch 0286)
[10:21:17] [info] tas: stall frame 264 ms -> contributing 1 tick (patch 0286)
[10:21:18] [info] tas: stall frame 263 ms -> contributing 1 tick (patch 0286)
[10:21:18] [info] tas: stall frame 263 ms -> contributing 1 tick (patch 0286)
[10:21:18] [info] tas: stall frame 264 ms -> contributing 1 tick (patch 0286)
[10:21:18] [info] tas: stall frame 263 ms -> contributing 1 tick (patch 0286)
[10:21:19] [info] tas: stall frame 263 ms -> contributing 1 tick (patch 0286)
[10:21:19] [info] tas: stall frame 264 ms -> contributing 1 tick (patch 0286)
[10:21:19] [info] tas: stall frame 263 ms -> contributing 1 tick (patch 0286)
[10:21:20] [info] flip-probe: flip #3080 ok=true present=80ms inter_flip_ms=263 drawcalls-since-flip=18 drawcalls-total=220988 fail-total=0 null-skips-total=0
[10:21:20] [info] tas: stall frame 271 ms -> contributing 1 tick (patch 0286)
[10:21:20] [info] tas: stall frame 261 ms -> contributing 1 tick (patch 0286)
[10:21:20] [info] tas: stall frame 259 ms -> contributing 1 tick (patch 0286)
[10:21:20] [info] tas: stall frame 253 ms -> contributing 1 tick (patch 0286)
[10:21:21] [info] tas: stall frame 250 ms -> contributing 1 tick (patch 0286)
[10:21:21] [info] tas: stall frame 249 ms -> contributing 1 tick (patch 0286)
[10:21:21] [info] tas: stall frame 244 ms -> contributing 1 tick (patch 0286)
[10:21:21] [info] tas: stall frame 237 ms -> contributing 1 tick (patch 0286)
[10:21:22] [info] tas: stall frame 237 ms -> contributing 1 tick (patch 0286)
[10:21:22] [info] tas: stall frame 232 ms -> contributing 1 tick (patch 0286)
[10:21:22] [info] flip-probe: flip #3090 ok=true present=80ms inter_flip_ms=231 drawcalls-since-flip=18 drawcalls-total=221168 fail-total=0 null-skips-total=0
[10:21:22] [info] tas: stall frame 238 ms -> contributing 1 tick (patch 0286)
[10:21:22] [info] backdrop cache: thrashing-detect engaged (streak=304, route=direct)
[10:21:22] [info] tas: stall frame 233 ms -> contributing 1 tick (patch 0286)
[10:21:22] [info] tas: stall frame 222 ms -> contributing 1 tick (patch 0286)
[10:21:23] [info] tas: stall frame 215 ms -> contributing 1 tick (patch 0286)
[10:21:23] [info] tas: stall frame 212 ms -> contributing 1 tick (patch 0286)
[10:21:23] [info] tas: stall frame 212 ms -> contributing 1 tick (patch 0286)
[10:21:23] [info] tas: stall frame 213 ms -> contributing 1 tick (patch 0286)
[10:21:24] [info] tas: stall frame 208 ms -> contributing 1 tick (patch 0286)
[10:21:24] [info] tas: stall frame 209 ms -> contributing 1 tick (patch 0286)
[10:21:24] [info] tas: stall frame 207 ms -> contributing 1 tick (patch 0286)
[10:21:24] [info] flip-probe: flip #3100 ok=true present=109ms inter_flip_ms=206 drawcalls-since-flip=18 drawcalls-total=221348 fail-total=0 null-skips-total=0
[10:21:24] [info] drawcall tally block 31: drawcalls=1618 total_ms=152 avg_ms_x10=0 (over 100 flips ending at flip 3100)
[10:21:24] [info] alpha audit block 31: 1618 total drawcalls, 0 with alpha<255 (block pct_x10=0; global 0/210501 pct_x10=0); alpha-mod skipped: block=1618 global=218514
[10:21:24] [info] fastpath audit block 31: taken=0 (idx8=0) skipped=1618 pct_x10=0; global taken=0 (idx8=0) skipped=210501 pct_x10=0
[10:21:24] [info] primitive tally block 31: clear=200(hr=0) fill=0(hr=0) rect=0(hr=0) line=0(hr=0) tint=0 spotlight=0 (over 100 flips ending at flip 3100)
[10:21:24] [info] slowpath reason block 31: alpha=0 format=0 windim=1618 null_src=0 other=0 (of 1618 total drawSurface slow-path)
[10:21:24] [info] phase timing block 31: drawcalls=1818 dc_total_ms=346 flip_inner_total_ms=8372 inter_flip_total_ms=23166 (per-flip avg x10: dc_ms=34 fi_ms=837 if_ms=2316 derived audio+engine_ms=1445; per-drawcall avg us_x10=1905) [direct-vesa: presents=0 total_ms=0 avg_ms_x10=0 failed=0] [ablation: NO_DC_TIMING=0 CACHE_WINSURF=0 DIRECT_VESA=1]
[10:21:24] [info] kbd/audio block 31: kbd_irq=0 kbd_drain=0 ring_chunks=16 pump_pass=3198 pic1_mask=0xb8 first_irq_ticks=0 install_ticks=0 vector_at_install=0x0083def0 pic1_mask_live=0x98 kbd_8042_stat=0x34 bios_kbd_head=0x0022 bios_kbd_tail=0x0022 bios_kbd_buf0=0x1c0d
[10:21:24] [info] dirty-rect block @flip=3100: total_calls=0 dirty_rects_avg=1 dirty_pct_x10=1000 forced_full=0 first_n_force=0 threshold_exceeded=0 dirty_path_taken=100 full_flush_taken=0
[10:21:24] [info] prev-frame-diff block @flip=3100: diff_calls=0 diff_rects_avg=0 diff_dirty_pct_x10=0 bbox_pct_x10=0 bbox_thresh_exceeded=0
[10:21:24] [info] tas: stall frame 307 ms -> contributing 1 tick (patch 0286)
[10:21:24] [info] tas: stall frame 208 ms -> contributing 1 tick (patch 0286)
[10:21:25] [info] tas: stall frame 205 ms -> contributing 1 tick (patch 0286)
[10:21:25] [info] tas: stall frame 204 ms -> contributing 1 tick (patch 0286)
[10:21:25] [info] tas: stall frame 205 ms -> contributing 1 tick (patch 0286)
[10:21:25] [info] tas: stall frame 204 ms -> contributing 1 tick (patch 0286)
[10:21:26] [info] tas: stall frame 205 ms -> contributing 1 tick (patch 0286)
[10:21:26] [info] tas: stall frame 203 ms -> contributing 1 tick (patch 0286)
[10:21:26] [info] tas: stall frame 204 ms -> contributing 1 tick (patch 0286)
[10:21:26] [info] tas: stall frame 205 ms -> contributing 1 tick (patch 0286)
[10:21:26] [info] flip-probe: flip #3110 ok=true present=81ms inter_flip_ms=204 drawcalls-since-flip=17 drawcalls-total=221523 fail-total=0 null-skips-total=0
[10:21:26] [info] tas: stall frame 213 ms -> contributing 1 tick (patch 0286)
[10:21:27] [info] tas: stall frame 202 ms -> contributing 1 tick (patch 0286)
[10:21:27] [info] tas: stall frame 204 ms -> contributing 1 tick (patch 0286)
[10:21:27] [info] tas: stall frame 206 ms -> contributing 1 tick (patch 0286)
[10:21:27] [info] tas: stall frame 205 ms -> contributing 1 tick (patch 0286)
[10:21:27] [info] tas: stall frame 205 ms -> contributing 1 tick (patch 0286)
[10:21:28] [info] tas: stall frame 208 ms -> contributing 1 tick (patch 0286)
[10:21:28] [info] tas: stall frame 204 ms -> contributing 1 tick (patch 0286)
[10:21:28] [info] tas: stall frame 206 ms -> contributing 1 tick (patch 0286)
[10:21:28] [info] tas: stall frame 204 ms -> contributing 1 tick (patch 0286)
[10:21:28] [info] flip-probe: flip #3120 ok=true present=81ms inter_flip_ms=205 drawcalls-since-flip=17 drawcalls-total=221693 fail-total=0 null-skips-total=0
[10:21:28] [info] tas: stall frame 214 ms -> contributing 1 tick (patch 0286)
[10:21:29] [info] tas: stall frame 204 ms -> contributing 1 tick (patch 0286)
[10:21:29] [info] tas: stall frame 206 ms -> contributing 1 tick (patch 0286)
[10:21:29] [info] tas: stall frame 204 ms -> contributing 1 tick (patch 0286)
[10:21:29] [info] tas: stall frame 205 ms -> contributing 1 tick (patch 0286)
[10:21:29] [info] tas: stall frame 206 ms -> contributing 1 tick (patch 0286)
[10:21:30] [info] tas: stall frame 206 ms -> contributing 1 tick (patch 0286)
[10:21:30] [info] tas: stall frame 206 ms -> contributing 1 tick (patch 0286)
[10:21:30] [info] tas: stall frame 205 ms -> contributing 1 tick (patch 0286)
[10:21:30] [info] tas: stall frame 204 ms -> contributing 1 tick (patch 0286)
[10:21:30] [info] flip-probe: flip #3130 ok=true present=82ms inter_flip_ms=206 drawcalls-since-flip=16 drawcalls-total=221861 fail-total=0 null-skips-total=0
[10:21:30] [info] tas: stall frame 212 ms -> contributing 1 tick (patch 0286)
[10:21:31] [info] tas: stall frame 207 ms -> contributing 1 tick (patch 0286)
[10:21:31] [info] drawcall drawSurface call 211000: src=16x16 dst=16x16 at (167,127) took 1ms
[10:21:31] [info] tas: stall frame 210 ms -> contributing 1 tick (patch 0286)
[10:21:31] [info] tas: stall frame 204 ms -> contributing 1 tick (patch 0286)
[10:21:31] [info] tas: stall frame 204 ms -> contributing 1 tick (patch 0286)
[10:21:31] [info] tas: stall frame 205 ms -> contributing 1 tick (patch 0286)
[10:21:32] [info] tas: stall frame 208 ms -> contributing 1 tick (patch 0286)
[10:21:32] [info] tas: stall frame 204 ms -> contributing 1 tick (patch 0286)
[10:21:32] [info] tas: stall frame 205 ms -> contributing 1 tick (patch 0286)
[10:21:32] [info] tas: stall frame 207 ms -> contributing 1 tick (patch 0286)
[10:21:33] [info] flip-probe: flip #3140 ok=true present=81ms inter_flip_ms=205 drawcalls-since-flip=16 drawcalls-total=222021 fail-total=0 null-skips-total=0
[10:21:33] [info] tas: stall frame 211 ms -> contributing 1 tick (patch 0286)
[10:21:33] [info] tas: stall frame 206 ms -> contributing 1 tick (patch 0286)
[10:21:33] [info] tas: stall frame 205 ms -> contributing 1 tick (patch 0286)
[10:21:33] [info] tas: stall frame 203 ms -> contributing 1 tick (patch 0286)
[10:21:33] [info] tas: stall frame 203 ms -> contributing 1 tick (patch 0286)
[10:21:34] [info] tas: stall frame 204 ms -> contributing 1 tick (patch 0286)
[10:21:34] [info] tas: stall frame 205 ms -> contributing 1 tick (patch 0286)
[10:21:34] [info] tas: stall frame 424 ms -> contributing 1 tick (patch 0286)
[10:21:34] [info] tas: stall frame 208 ms -> contributing 1 tick (patch 0286)
[10:21:35] [info] tas: stall frame 209 ms -> contributing 1 tick (patch 0286)
[10:21:35] [info] flip-probe: flip #3150 ok=true present=81ms inter_flip_ms=211 drawcalls-since-flip=17 drawcalls-total=222186 fail-total=0 null-skips-total=0
[10:21:35] [info] tas: stall frame 218 ms -> contributing 1 tick (patch 0286)
[10:21:35] [info] backdrop cache: thrashing-detect engaged (streak=364, route=direct)
[10:21:35] [info] tas: stall frame 220 ms -> contributing 1 tick (patch 0286)
[10:21:35] [info] tas: stall frame 213 ms -> contributing 1 tick (patch 0286)
[10:21:35] [info] tas: stall frame 215 ms -> contributing 1 tick (patch 0286)
[10:21:36] [info] tas: stall frame 217 ms -> contributing 1 tick (patch 0286)
[10:21:36] [info] tas: stall frame 217 ms -> contributing 1 tick (patch 0286)
[10:21:36] [info] tas: stall frame 216 ms -> contributing 1 tick (patch 0286)
[10:21:36] [info] tas: stall frame 219 ms -> contributing 1 tick (patch 0286)
[10:21:37] [info] tas: stall frame 220 ms -> contributing 1 tick (patch 0286)
[10:21:37] [info] tas: stall frame 220 ms -> contributing 1 tick (patch 0286)
[10:21:37] [info] flip-probe: flip #3160 ok=true present=81ms inter_flip_ms=222 drawcalls-since-flip=17 drawcalls-total=222356 fail-total=0 null-skips-total=0
[10:21:37] [info] tas: stall frame 228 ms -> contributing 1 tick (patch 0286)
[10:21:37] [info] tas: stall frame 224 ms -> contributing 1 tick (patch 0286)
[10:21:37] [info] tas: stall frame 224 ms -> contributing 1 tick (patch 0286)
[10:21:38] [info] tas: stall frame 225 ms -> contributing 1 tick (patch 0286)
[10:21:38] [info] tas: stall frame 228 ms -> contributing 1 tick (patch 0286)
[10:21:38] [info] tas: stall frame 238 ms -> contributing 1 tick (patch 0286)
[10:21:38] [info] tas: stall frame 232 ms -> contributing 1 tick (patch 0286)
[10:21:39] [info] tas: stall frame 231 ms -> contributing 1 tick (patch 0286)
[10:21:39] [info] tas: stall frame 233 ms -> contributing 1 tick (patch 0286)
[10:21:39] [info] tas: stall frame 232 ms -> contributing 1 tick (patch 0286)
[10:21:39] [info] flip-probe: flip #3170 ok=true present=81ms inter_flip_ms=232 drawcalls-since-flip=17 drawcalls-total=222526 fail-total=0 null-skips-total=0
[10:21:39] [info] tas: stall frame 238 ms -> contributing 1 tick (patch 0286)
[10:21:40] [info] tas: stall frame 231 ms -> contributing 1 tick (patch 0286)
[10:21:40] [info] tas: stall frame 233 ms -> contributing 1 tick (patch 0286)
[10:21:40] [info] tas: stall frame 231 ms -> contributing 1 tick (patch 0286)
[10:21:40] [info] tas: stall frame 231 ms -> contributing 1 tick (patch 0286)
[10:21:40] [info] tas: stall frame 231 ms -> contributing 1 tick (patch 0286)
[10:21:41] [info] tas: stall frame 231 ms -> contributing 1 tick (patch 0286)
[10:21:41] [info] tas: stall frame 231 ms -> contributing 1 tick (patch 0286)
[10:21:41] [info] tas: stall frame 231 ms -> contributing 1 tick (patch 0286)
[10:21:41] [info] tas: stall frame 232 ms -> contributing 1 tick (patch 0286)
[10:21:42] [info] flip-probe: flip #3180 ok=true present=81ms inter_flip_ms=232 drawcalls-since-flip=18 drawcalls-total=222701 fail-total=0 null-skips-total=0
[10:21:42] [info] tas: stall frame 240 ms -> contributing 1 tick (patch 0286)
[10:21:42] [info] tas: stall frame 233 ms -> contributing 1 tick (patch 0286)
[10:21:42] [info] tas: stall frame 234 ms -> contributing 1 tick (patch 0286)
[10:21:42] [info] tas: stall frame 239 ms -> contributing 1 tick (patch 0286)
[10:21:43] [info] tas: stall frame 238 ms -> contributing 1 tick (patch 0286)
[10:21:43] [info] tas: stall frame 241 ms -> contributing 1 tick (patch 0286)
[10:21:43] [info] tas: stall frame 244 ms -> contributing 1 tick (patch 0286)
[10:21:43] [info] tas: stall frame 245 ms -> contributing 1 tick (patch 0286)
[10:21:44] [info] tas: stall frame 249 ms -> contributing 1 tick (patch 0286)
[10:21:44] [info] tas: stall frame 249 ms -> contributing 1 tick (patch 0286)
[10:21:44] [info] flip-probe: flip #3190 ok=true present=81ms inter_flip_ms=254 drawcalls-since-flip=18 drawcalls-total=222881 fail-total=0 null-skips-total=0
[10:21:44] [info] tas: stall frame 261 ms -> contributing 1 tick (patch 0286)
[10:21:44] [info] tas: stall frame 255 ms -> contributing 1 tick (patch 0286)
[10:21:45] [info] tas: stall frame 258 ms -> contributing 1 tick (patch 0286)
[10:21:45] [info] tas: stall frame 258 ms -> contributing 1 tick (patch 0286)
[10:21:45] [info] drawcall drawSurface call 212000: src=16x16 dst=16x16 at (180,194) took 0ms
[10:21:45] [info] tas: stall frame 266 ms -> contributing 1 tick (patch 0286)
[10:21:45] [info] tas: stall frame 256 ms -> contributing 1 tick (patch 0286)
[10:21:46] [info] tas: stall frame 258 ms -> contributing 1 tick (patch 0286)
[10:21:46] [info] tas: stall frame 255 ms -> contributing 1 tick (patch 0286)
[10:21:46] [info] tas: stall frame 256 ms -> contributing 1 tick (patch 0286)
[10:21:46] [info] tas: stall frame 259 ms -> contributing 1 tick (patch 0286)
[10:21:47] [info] flip-probe: flip #3200 ok=true present=107ms inter_flip_ms=260 drawcalls-since-flip=18 drawcalls-total=223061 fail-total=0 null-skips-total=0
[10:21:47] [info] drawcall tally block 32: drawcalls=1613 total_ms=141 avg_ms_x10=0 (over 100 flips ending at flip 3200)
[10:21:47] [info] alpha audit block 32: 1613 total drawcalls, 0 with alpha<255 (block pct_x10=0; global 0/212114 pct_x10=0); alpha-mod skipped: block=1613 global=220127
[10:21:47] [info] fastpath audit block 32: taken=0 (idx8=0) skipped=1613 pct_x10=0; global taken=0 (idx8=0) skipped=212114 pct_x10=0
[10:21:47] [info] primitive tally block 32: clear=200(hr=0) fill=0(hr=0) rect=0(hr=0) line=0(hr=0) tint=0 spotlight=0 (over 100 flips ending at flip 3200)
[10:21:47] [info] slowpath reason block 32: alpha=0 format=0 windim=1613 null_src=0 other=0 (of 1613 total drawSurface slow-path)
[10:21:47] [info] phase timing block 32: drawcalls=1813 dc_total_ms=345 flip_inner_total_ms=8384 inter_flip_total_ms=22503 (per-flip avg x10: dc_ms=34 fi_ms=838 if_ms=2250 derived audio+engine_ms=1378; per-drawcall avg us_x10=1907) [direct-vesa: presents=0 total_ms=0 avg_ms_x10=0 failed=0] [ablation: NO_DC_TIMING=0 CACHE_WINSURF=0 DIRECT_VESA=1]
[10:21:47] [info] kbd/audio block 32: kbd_irq=0 kbd_drain=0 ring_chunks=16 pump_pass=3298 pic1_mask=0xb8 first_irq_ticks=0 install_ticks=0 vector_at_install=0x0083def0 pic1_mask_live=0x98 kbd_8042_stat=0x34 bios_kbd_head=0x0022 bios_kbd_tail=0x0022 bios_kbd_buf0=0x1c0d
[10:21:47] [info] dirty-rect block @flip=3200: total_calls=0 dirty_rects_avg=1 dirty_pct_x10=1000 forced_full=0 first_n_force=0 threshold_exceeded=0 dirty_path_taken=100 full_flush_taken=0
[10:21:47] [info] prev-frame-diff block @flip=3200: diff_calls=0 diff_rects_avg=0 diff_dirty_pct_x10=0 bbox_pct_x10=0 bbox_thresh_exceeded=0
[10:21:47] [info] tas: stall frame 361 ms -> contributing 1 tick (patch 0286)
[10:21:47] [info] tas: stall frame 257 ms -> contributing 1 tick (patch 0286)
[10:21:47] [info] run_tick_fixed #3300: heartbeat (loop alive)
[10:21:47] [info] tas: stall frame 266 ms -> contributing 1 tick (patch 0286)
[10:21:48] [info] tas: stall frame 255 ms -> contributing 1 tick (patch 0286)
[10:21:48] [info] tas: stall frame 257 ms -> contributing 1 tick (patch 0286)
[10:21:48] [info] tas: stall frame 256 ms -> contributing 1 tick (patch 0286)
[10:21:48] [info] tas: stall frame 256 ms -> contributing 1 tick (patch 0286)
[10:21:49] [info] tas: stall frame 256 ms -> contributing 1 tick (patch 0286)
[10:21:49] [info] tas: stall frame 258 ms -> contributing 1 tick (patch 0286)
[10:21:49] [info] tas: stall frame 256 ms -> contributing 1 tick (patch 0286)
[10:21:49] [info] flip-probe: flip #3210 ok=true present=81ms inter_flip_ms=259 drawcalls-since-flip=18 drawcalls-total=223241 fail-total=0 null-skips-total=0
[10:21:49] [info] tas: stall frame 265 ms -> contributing 1 tick (patch 0286)
[10:21:49] [info] backdrop cache: thrashing-detect engaged (streak=424, route=direct)
[10:21:50] [info] tas: stall frame 265 ms -> contributing 1 tick (patch 0286)
[10:21:50] [info] tas: stall frame 256 ms -> contributing 1 tick (patch 0286)
[10:21:50] [info] tas: stall frame 256 ms -> contributing 1 tick (patch 0286)
[10:21:50] [info] tas: stall frame 256 ms -> contributing 1 tick (patch 0286)
[10:21:51] [info] tas: stall frame 256 ms -> contributing 1 tick (patch 0286)
[10:21:51] [info] tas: stall frame 256 ms -> contributing 1 tick (patch 0286)
[10:21:51] [info] tas: stall frame 257 ms -> contributing 1 tick (patch 0286)
[10:21:51] [info] tas: stall frame 259 ms -> contributing 1 tick (patch 0286)
[10:21:52] [info] tas: stall frame 257 ms -> contributing 1 tick (patch 0286)
[10:21:52] [info] flip-probe: flip #3220 ok=true present=81ms inter_flip_ms=258 drawcalls-since-flip=18 drawcalls-total=223421 fail-total=0 null-skips-total=0
[10:21:52] [info] tas: stall frame 264 ms -> contributing 1 tick (patch 0286)
[10:21:52] [info] tas: stall frame 257 ms -> contributing 1 tick (patch 0286)
[10:21:52] [info] tas: stall frame 262 ms -> contributing 1 tick (patch 0286)
[10:21:53] [info] tas: stall frame 257 ms -> contributing 1 tick (patch 0286)
[10:21:53] [info] tas: stall frame 257 ms -> contributing 1 tick (patch 0286)
[10:21:53] [info] tas: stall frame 256 ms -> contributing 1 tick (patch 0286)
[10:21:53] [info] tas: stall frame 256 ms -> contributing 1 tick (patch 0286)
[10:21:54] [info] tas: stall frame 256 ms -> contributing 1 tick (patch 0286)
[10:21:54] [info] tas: stall frame 258 ms -> contributing 1 tick (patch 0286)
[10:21:54] [info] tas: stall frame 259 ms -> contributing 1 tick (patch 0286)
[10:21:55] [info] flip-probe: flip #3230 ok=true present=81ms inter_flip_ms=258 drawcalls-since-flip=18 drawcalls-total=223601 fail-total=0 null-skips-total=0
[10:21:55] [info] tas: stall frame 264 ms -> contributing 1 tick (patch 0286)
[10:21:55] [info] tas: stall frame 258 ms -> contributing 1 tick (patch 0286)
[10:21:55] [info] tas: stall frame 258 ms -> contributing 1 tick (patch 0286)
[10:21:55] [info] tas: stall frame 258 ms -> contributing 1 tick (patch 0286)
[10:21:56] [info] tas: stall frame 260 ms -> contributing 1 tick (patch 0286)
[10:21:56] [info] tas: stall frame 258 ms -> contributing 1 tick (patch 0286)
[10:21:56] [info] tas: stall frame 260 ms -> contributing 1 tick (patch 0286)
[10:21:56] [info] tas: stall frame 264 ms -> contributing 1 tick (patch 0286)
[10:21:57] [info] gameloop: iter 600 ticks=1474255 mapno=-1
[10:21:57] [info] tas: stall frame 268 ms -> contributing 1 tick (patch 0286)
[10:21:57] [info] tas: stall frame 264 ms -> contributing 1 tick (patch 0286)
[10:21:57] [info] flip-probe: flip #3240 ok=true present=81ms inter_flip_ms=263 drawcalls-since-flip=19 drawcalls-total=223787 fail-total=0 null-skips-total=0
[10:21:57] [info] tas: stall frame 269 ms -> contributing 1 tick (patch 0286)
[10:21:57] [info] tas: stall frame 262 ms -> contributing 1 tick (patch 0286)
[10:21:58] [info] tas: stall frame 263 ms -> contributing 1 tick (patch 0286)
[10:21:58] [info] tas: stall frame 267 ms -> contributing 1 tick (patch 0286)
[10:21:58] [info] tas: stall frame 269 ms -> contributing 1 tick (patch 0286)
[10:21:58] [info] tas: stall frame 271 ms -> contributing 1 tick (patch 0286)
[10:21:59] [info] tas: stall frame 278 ms -> contributing 1 tick (patch 0286)
[10:21:59] [info] tas: stall frame 283 ms -> contributing 1 tick (patch 0286)
[10:21:59] [info] tas: stall frame 285 ms -> contributing 1 tick (patch 0286)
[10:22:00] [info] tas: stall frame 288 ms -> contributing 1 tick (patch 0286)
[10:22:00] [info] flip-probe: flip #3250 ok=true present=81ms inter_flip_ms=301 drawcalls-since-flip=20 drawcalls-total=223981 fail-total=0 null-skips-total=0
[10:22:00] [info] tas: stall frame 309 ms -> contributing 1 tick (patch 0286)
[10:22:00] [info] drawcall drawSurface call 213000: src=14x14 dst=14x14 at (17,17) took 0ms
[10:22:00] [info] tas: stall frame 312 ms -> contributing 1 tick (patch 0286)
[10:22:01] [info] tas: stall frame 312 ms -> contributing 1 tick (patch 0286)
[10:22:01] [info] tas: stall frame 320 ms -> contributing 1 tick (patch 0286)
[10:22:01] [info] tas: stall frame 317 ms -> contributing 1 tick (patch 0286)
[10:22:01] [info] tas: stall frame 318 ms -> contributing 1 tick (patch 0286)
[10:22:02] [info] tas: stall frame 321 ms -> contributing 1 tick (patch 0286)
[10:22:02] [info] tas: stall frame 320 ms -> contributing 1 tick (patch 0286)
[10:22:02] [info] tas: stall frame 322 ms -> contributing 1 tick (patch 0286)
[10:22:03] [info] tas: stall frame 323 ms -> contributing 1 tick (patch 0286)
[10:22:03] [info] flip-probe: flip #3260 ok=true present=81ms inter_flip_ms=324 drawcalls-since-flip=20 drawcalls-total=224181 fail-total=0 null-skips-total=0
[10:22:03] [info] tas: stall frame 331 ms -> contributing 1 tick (patch 0286)
[10:22:03] [info] tas: stall frame 321 ms -> contributing 1 tick (patch 0286)
[10:22:04] [info] tas: stall frame 321 ms -> contributing 1 tick (patch 0286)
[10:22:04] [info] tas: stall frame 317 ms -> contributing 1 tick (patch 0286)
[10:22:04] [info] tas: stall frame 318 ms -> contributing 1 tick (patch 0286)
[10:22:05] [info] tas: stall frame 318 ms -> contributing 1 tick (patch 0286)
[10:22:05] [info] tas: stall frame 318 ms -> contributing 1 tick (patch 0286)
[10:22:05] [info] tas: stall frame 318 ms -> contributing 1 tick (patch 0286)
[10:22:06] [info] tas: stall frame 315 ms -> contributing 1 tick (patch 0286)
[10:22:06] [info] tas: stall frame 313 ms -> contributing 1 tick (patch 0286)
[10:22:06] [info] flip-probe: flip #3270 ok=true present=82ms inter_flip_ms=312 drawcalls-since-flip=20 drawcalls-total=224381 fail-total=0 null-skips-total=0
[10:22:06] [info] tas: stall frame 322 ms -> contributing 1 tick (patch 0286)
[10:22:06] [info] backdrop cache: thrashing-detect engaged (streak=484, route=direct)
[10:22:07] [info] tas: stall frame 319 ms -> contributing 1 tick (patch 0286)
[10:22:07] [info] tas: stall frame 312 ms -> contributing 1 tick (patch 0286)
[10:22:07] [info] tas: stall frame 313 ms -> contributing 1 tick (patch 0286)
[10:22:08] [info] tas: stall frame 316 ms -> contributing 1 tick (patch 0286)
[10:22:08] [info] tas: stall frame 313 ms -> contributing 1 tick (patch 0286)
[10:22:08] [info] tas: stall frame 319 ms -> contributing 1 tick (patch 0286)
[10:22:09] [info] tas: stall frame 317 ms -> contributing 1 tick (patch 0286)
[10:22:09] [info] tas: stall frame 320 ms -> contributing 1 tick (patch 0286)
[10:22:09] [info] tas: stall frame 326 ms -> contributing 1 tick (patch 0286)
[10:22:10] [info] flip-probe: flip #3280 ok=true present=80ms inter_flip_ms=332 drawcalls-since-flip=20 drawcalls-total=224581 fail-total=0 null-skips-total=0
[10:22:10] [info] tas: stall frame 339 ms -> contributing 1 tick (patch 0286)
[10:22:10] [info] tas: stall frame 330 ms -> contributing 1 tick (patch 0286)
[10:22:10] [info] tas: stall frame 333 ms -> contributing 1 tick (patch 0286)
[10:22:10] [info] tas: stall frame 336 ms -> contributing 1 tick (patch 0286)
[10:22:11] [info] tas: stall frame 334 ms -> contributing 1 tick (patch 0286)
[10:22:11] [info] tas: stall frame 336 ms -> contributing 1 tick (patch 0286)
[10:22:12] [info] tas: stall frame 335 ms -> contributing 1 tick (patch 0286)
[10:22:12] [info] tas: stall frame 335 ms -> contributing 1 tick (patch 0286)
[10:22:12] [info] tas: stall frame 338 ms -> contributing 1 tick (patch 0286)
[10:22:13] [info] tas: stall frame 335 ms -> contributing 1 tick (patch 0286)
[10:22:13] [info] flip-probe: flip #3290 ok=true present=80ms inter_flip_ms=336 drawcalls-since-flip=20 drawcalls-total=224781 fail-total=0 null-skips-total=0
[10:22:13] [info] tas: stall frame 343 ms -> contributing 1 tick (patch 0286)
[10:22:13] [info] tas: stall frame 335 ms -> contributing 1 tick (patch 0286)
[10:22:14] [info] tas: stall frame 335 ms -> contributing 1 tick (patch 0286)
[10:22:14] [info] tas: stall frame 334 ms -> contributing 1 tick (patch 0286)
[10:22:14] [info] tas: stall frame 332 ms -> contributing 1 tick (patch 0286)
[10:22:15] [info] tas: stall frame 331 ms -> contributing 1 tick (patch 0286)
[10:22:15] [info] tas: stall frame 332 ms -> contributing 1 tick (patch 0286)
[10:22:15] [info] tas: stall frame 327 ms -> contributing 1 tick (patch 0286)
[10:22:16] [info] tas: stall frame 325 ms -> contributing 1 tick (patch 0286)
[10:22:16] [info] tas: stall frame 319 ms -> contributing 1 tick (patch 0286)
[10:22:16] [info] flip-probe: flip #3300 ok=true present=326ms inter_flip_ms=317 drawcalls-since-flip=17 drawcalls-total=224975 fail-total=0 null-skips-total=0
[10:22:16] [info] drawcall tally block 33: drawcalls=1814 total_ms=175 avg_ms_x10=0 (over 100 flips ending at flip 3300)
[10:22:16] [info] alpha audit block 33: 1814 total drawcalls, 0 with alpha<255 (block pct_x10=0; global 0/213928 pct_x10=0); alpha-mod skipped: block=1814 global=221941
[10:22:16] [info] fastpath audit block 33: taken=0 (idx8=0) skipped=1814 pct_x10=0; global taken=0 (idx8=0) skipped=213928 pct_x10=0
[10:22:16] [info] primitive tally block 33: clear=200(hr=0) fill=0(hr=0) rect=0(hr=0) line=0(hr=0) tint=0 spotlight=0 (over 100 flips ending at flip 3300)
[10:22:16] [info] slowpath reason block 33: alpha=0 format=0 windim=1814 null_src=0 other=0 (of 1814 total drawSurface slow-path)
[10:22:16] [info] phase timing block 33: drawcalls=2014 dc_total_ms=376 flip_inner_total_ms=8594 inter_flip_total_ms=29503 (per-flip avg x10: dc_ms=37 fi_ms=859 if_ms=2950 derived audio+engine_ms=2054; per-drawcall avg us_x10=1870) [direct-vesa: presents=0 total_ms=0 avg_ms_x10=0 failed=0] [ablation: NO_DC_TIMING=0 CACHE_WINSURF=0 DIRECT_VESA=1]
[10:22:16] [info] kbd/audio block 33: kbd_irq=0 kbd_drain=0 ring_chunks=16 pump_pass=3398 pic1_mask=0xb8 first_irq_ticks=0 install_ticks=0 vector_at_install=0x0083def0 pic1_mask_live=0x98 kbd_8042_stat=0x34 bios_kbd_head=0x0022 bios_kbd_tail=0x0022 bios_kbd_buf0=0x1c0d
[10:22:16] [info] dirty-rect block @flip=3300: total_calls=0 dirty_rects_avg=1 dirty_pct_x10=1000 forced_full=0 first_n_force=0 threshold_exceeded=0 dirty_path_taken=100 full_flush_taken=0
[10:22:16] [info] prev-frame-diff block @flip=3300: diff_calls=0 diff_rects_avg=0 diff_dirty_pct_x10=0 bbox_pct_x10=0 bbox_thresh_exceeded=0
[10:22:16] [info] tas: stall frame 635 ms -> contributing 1 tick (patch 0286)
[10:22:17] [info] tas: stall frame 314 ms -> contributing 1 tick (patch 0286)
[10:22:17] [info] tas: stall frame 315 ms -> contributing 1 tick (patch 0286)
[10:22:17] [info] tas: stall frame 315 ms -> contributing 1 tick (patch 0286)
[10:22:18] [info] tas: stall frame 315 ms -> contributing 1 tick (patch 0286)
[10:22:18] [info] drawcall drawSurface call 214000: src=8x8 dst=8x8 at (32,32) took 0ms
[10:22:18] [info] tas: stall frame 322 ms -> contributing 1 tick (patch 0286)
[10:22:18] [info] tas: stall frame 315 ms -> contributing 1 tick (patch 0286)
[10:22:19] [info] tas: stall frame 315 ms -> contributing 1 tick (patch 0286)
[10:22:19] [info] tas: stall frame 315 ms -> contributing 1 tick (patch 0286)
[10:22:19] [info] tas: stall frame 314 ms -> contributing 1 tick (patch 0286)
[10:22:20] [info] flip-probe: flip #3310 ok=true present=81ms inter_flip_ms=318 drawcalls-since-flip=16 drawcalls-total=225136 fail-total=0 null-skips-total=0
[10:22:20] [info] tas: stall frame 324 ms -> contributing 1 tick (patch 0286)
[10:22:20] [info] tas: stall frame 317 ms -> contributing 1 tick (patch 0286)
[10:22:20] [info] tas: stall frame 315 ms -> contributing 1 tick (patch 0286)
[10:22:21] [info] tas: stall frame 316 ms -> contributing 1 tick (patch 0286)
[10:22:21] [info] tas: stall frame 318 ms -> contributing 1 tick (patch 0286)
[10:22:21] [info] tas: stall frame 316 ms -> contributing 1 tick (patch 0286)
[10:22:22] [info] tas: stall frame 315 ms -> contributing 1 tick (patch 0286)
[10:22:22] [info] tas: stall frame 316 ms -> contributing 1 tick (patch 0286)
[10:22:22] [info] tas: stall frame 316 ms -> contributing 1 tick (patch 0286)
[10:22:23] [info] tas: stall frame 316 ms -> contributing 1 tick (patch 0286)
[10:22:23] [info] flip-probe: flip #3320 ok=true present=80ms inter_flip_ms=317 drawcalls-since-flip=16 drawcalls-total=225296 fail-total=0 null-skips-total=0
[10:22:23] [info] tas: stall frame 325 ms -> contributing 1 tick (patch 0286)
[10:22:23] [info] tas: stall frame 316 ms -> contributing 1 tick (patch 0286)
[10:22:23] [info] tas: stall frame 314 ms -> contributing 1 tick (patch 0286)
[10:22:24] [info] tas: stall frame 316 ms -> contributing 1 tick (patch 0286)
[10:22:24] [info] tas: stall frame 315 ms -> contributing 1 tick (patch 0286)
[10:22:24] [info] tas: stall frame 315 ms -> contributing 1 tick (patch 0286)
[10:22:25] [info] tas: stall frame 317 ms -> contributing 1 tick (patch 0286)
[10:22:25] [info] tas: stall frame 316 ms -> contributing 1 tick (patch 0286)
[10:22:25] [info] tas: stall frame 317 ms -> contributing 1 tick (patch 0286)
[10:22:26] [info] tas: stall frame 314 ms -> contributing 1 tick (patch 0286)
[10:22:26] [info] flip-probe: flip #3330 ok=true present=81ms inter_flip_ms=316 drawcalls-since-flip=16 drawcalls-total=225456 fail-total=0 null-skips-total=0
[10:22:26] [info] tas: stall frame 328 ms -> contributing 1 tick (patch 0286)
[10:22:26] [info] backdrop cache: thrashing-detect engaged (streak=544, route=direct)
[10:22:26] [info] tas: stall frame 323 ms -> contributing 1 tick (patch 0286)
[10:22:27] [info] tas: stall frame 314 ms -> contributing 1 tick (patch 0286)
[10:22:27] [info] tas: stall frame 315 ms -> contributing 1 tick (patch 0286)
[10:22:27] [info] tas: stall frame 316 ms -> contributing 1 tick (patch 0286)
[10:22:28] [info] tas: stall frame 314 ms -> contributing 1 tick (patch 0286)
[10:22:28] [info] tas: stall frame 317 ms -> contributing 1 tick (patch 0286)
[10:22:28] [info] tas: stall frame 315 ms -> contributing 1 tick (patch 0286)
[10:22:29] [info] tas: stall frame 315 ms -> contributing 1 tick (patch 0286)
[10:22:29] [info] tas: stall frame 316 ms -> contributing 1 tick (patch 0286)
[10:22:29] [info] flip-probe: flip #3340 ok=true present=81ms inter_flip_ms=315 drawcalls-since-flip=16 drawcalls-total=225616 fail-total=0 null-skips-total=0
[10:22:29] [info] tas: stall frame 324 ms -> contributing 1 tick (patch 0286)
[10:22:29] [info] tas: stall frame 315 ms -> contributing 1 tick (patch 0286)
[10:22:30] [info] tas: stall frame 314 ms -> contributing 1 tick (patch 0286)
[10:22:30] [info] tas: stall frame 315 ms -> contributing 1 tick (patch 0286)
[10:22:30] [info] tas: stall frame 313 ms -> contributing 1 tick (patch 0286)
[10:22:31] [info] tas: stall frame 314 ms -> contributing 1 tick (patch 0286)
[10:22:31] [info] tas: stall frame 316 ms -> contributing 1 tick (patch 0286)
[10:22:31] [info] tas: stall frame 317 ms -> contributing 1 tick (patch 0286)
[10:22:32] [info] tas: stall frame 316 ms -> contributing 1 tick (patch 0286)
[10:22:32] [info] tas: stall frame 302 ms -> contributing 1 tick (patch 0286)
[10:22:32] [info] flip-probe: flip #3350 ok=true present=81ms inter_flip_ms=302 drawcalls-since-flip=16 drawcalls-total=225776 fail-total=0 null-skips-total=0
[10:22:32] [info] tas: stall frame 310 ms -> contributing 1 tick (patch 0286)
[10:22:33] [info] tas: stall frame 300 ms -> contributing 1 tick (patch 0286)
[10:22:33] [info] tas: stall frame 285 ms -> contributing 1 tick (patch 0286)
[10:22:33] [info] tas: stall frame 286 ms -> contributing 1 tick (patch 0286)
[10:22:33] [info] tas: stall frame 286 ms -> contributing 1 tick (patch 0286)
[10:22:34] [info] tas: stall frame 279 ms -> contributing 1 tick (patch 0286)
[10:22:34] [info] tas: stall frame 281 ms -> contributing 1 tick (patch 0286)
[10:22:34] [info] tas: stall frame 283 ms -> contributing 1 tick (patch 0286)
[10:22:35] [info] tas: stall frame 276 ms -> contributing 1 tick (patch 0286)
[10:22:35] [info] tas: stall frame 277 ms -> contributing 1 tick (patch 0286)
[10:22:35] [info] flip-probe: flip #3360 ok=true present=81ms inter_flip_ms=276 drawcalls-since-flip=17 drawcalls-total=225944 fail-total=0 null-skips-total=0
[10:22:35] [info] tas: stall frame 282 ms -> contributing 1 tick (patch 0286)
[10:22:35] [info] tas: stall frame 265 ms -> contributing 1 tick (patch 0286)
[10:22:36] [info] tas: stall frame 266 ms -> contributing 1 tick (patch 0286)
[10:22:36] [info] tas: stall frame 264 ms -> contributing 1 tick (patch 0286)
[10:22:36] [info] tas: stall frame 262 ms -> contributing 1 tick (patch 0286)
[10:22:36] [info] tas: stall frame 275 ms -> contributing 1 tick (patch 0286)
[10:22:37] [info] tas: stall frame 267 ms -> contributing 1 tick (patch 0286)
[10:22:37] [info] tas: stall frame 254 ms -> contributing 1 tick (patch 0286)
[10:22:37] [info] tas: stall frame 256 ms -> contributing 1 tick (patch 0286)
[10:22:38] [info] tas: stall frame 256 ms -> contributing 1 tick (patch 0286)
[10:22:38] [info] drawcall drawSurface call 215000: src=8x8 dst=8x8 at (48,24) took 0ms
[10:22:38] [info] flip-probe: flip #3370 ok=true present=81ms inter_flip_ms=264 drawcalls-since-flip=17 drawcalls-total=226119 fail-total=0 null-skips-total=0
[10:22:38] [info] tas: stall frame 270 ms -> contributing 1 tick (patch 0286)
[10:22:38] [info] tas: stall frame 261 ms -> contributing 1 tick (patch 0286)
[10:22:38] [info] tas: stall frame 265 ms -> contributing 1 tick (patch 0286)
[10:22:39] [info] tas: stall frame 260 ms -> contributing 1 tick (patch 0286)
[10:22:39] [info] tas: stall frame 261 ms -> contributing 1 tick (patch 0286)
[10:22:39] [info] tas: stall frame 259 ms -> contributing 1 tick (patch 0286)
[10:22:39] [info] tas: stall frame 258 ms -> contributing 1 tick (patch 0286)
[10:22:40] [info] tas: stall frame 257 ms -> contributing 1 tick (patch 0286)
[10:22:40] [info] tas: stall frame 257 ms -> contributing 1 tick (patch 0286)
[10:22:40] [info] tas: stall frame 256 ms -> contributing 1 tick (patch 0286)
[10:22:40] [info] flip-probe: flip #3380 ok=true present=81ms inter_flip_ms=254 drawcalls-since-flip=17 drawcalls-total=226289 fail-total=0 null-skips-total=0
[10:22:40] [info] tas: stall frame 260 ms -> contributing 1 tick (patch 0286)
[10:22:41] [info] tas: stall frame 250 ms -> contributing 1 tick (patch 0286)
[10:22:41] [info] tas: stall frame 243 ms -> contributing 1 tick (patch 0286)
[10:22:41] [info] tas: stall frame 242 ms -> contributing 1 tick (patch 0286)
[10:22:41] [info] tas: stall frame 244 ms -> contributing 1 tick (patch 0286)
[10:22:42] [info] tas: stall frame 242 ms -> contributing 1 tick (patch 0286)
[10:22:42] [info] tas: stall frame 242 ms -> contributing 1 tick (patch 0286)
[10:22:42] [info] tas: stall frame 241 ms -> contributing 1 tick (patch 0286)
[10:22:42] [info] tas: stall frame 241 ms -> contributing 1 tick (patch 0286)
[10:22:43] [info] tas: stall frame 243 ms -> contributing 1 tick (patch 0286)
[10:22:43] [info] flip-probe: flip #3390 ok=true present=81ms inter_flip_ms=242 drawcalls-since-flip=16 drawcalls-total=226452 fail-total=0 null-skips-total=0
[10:22:43] [info] tas: stall frame 248 ms -> contributing 1 tick (patch 0286)
[10:22:43] [info] backdrop cache: thrashing-detect engaged (streak=604, route=direct)
[10:22:43] [info] tas: stall frame 246 ms -> contributing 1 tick (patch 0286)
[10:22:43] [info] tas: stall frame 240 ms -> contributing 1 tick (patch 0286)
[10:22:44] [info] tas: stall frame 241 ms -> contributing 1 tick (patch 0286)
[10:22:44] [info] tas: stall frame 238 ms -> contributing 1 tick (patch 0286)
[10:22:44] [info] tas: stall frame 234 ms -> contributing 1 tick (patch 0286)
[10:22:44] [info] tas: stall frame 232 ms -> contributing 1 tick (patch 0286)
[10:22:44] [info] tas: stall frame 230 ms -> contributing 1 tick (patch 0286)
[10:22:45] [info] tas: stall frame 224 ms -> contributing 1 tick (patch 0286)
[10:22:45] [info] tas: stall frame 225 ms -> contributing 1 tick (patch 0286)
[10:22:45] [info] flip-probe: flip #3400 ok=true present=109ms inter_flip_ms=221 drawcalls-since-flip=16 drawcalls-total=226612 fail-total=0 null-skips-total=0
[10:22:45] [info] drawcall tally block 34: drawcalls=1537 total_ms=169 avg_ms_x10=1 (over 100 flips ending at flip 3400)
[10:22:45] [info] alpha audit block 34: 1537 total drawcalls, 0 with alpha<255 (block pct_x10=0; global 0/215465 pct_x10=0); alpha-mod skipped: block=1537 global=223478
[10:22:45] [info] fastpath audit block 34: taken=0 (idx8=0) skipped=1537 pct_x10=0; global taken=0 (idx8=0) skipped=215465 pct_x10=0
[10:22:45] [info] primitive tally block 34: clear=200(hr=0) fill=0(hr=0) rect=0(hr=0) line=0(hr=0) tint=0 spotlight=0 (over 100 flips ending at flip 3400)
[10:22:45] [info] slowpath reason block 34: alpha=0 format=0 windim=1537 null_src=0 other=0 (of 1537 total drawSurface slow-path)
[10:22:45] [info] phase timing block 34: drawcalls=1737 dc_total_ms=333 flip_inner_total_ms=8388 inter_flip_total_ms=29003 (per-flip avg x10: dc_ms=33 fi_ms=838 if_ms=2900 derived audio+engine_ms=2029; per-drawcall avg us_x10=1919) [direct-vesa: presents=0 total_ms=0 avg_ms_x10=0 failed=0] [ablation: NO_DC_TIMING=0 CACHE_WINSURF=0 DIRECT_VESA=1]
[10:22:45] [info] kbd/audio block 34: kbd_irq=0 kbd_drain=0 ring_chunks=16 pump_pass=3498 pic1_mask=0xb8 first_irq_ticks=0 install_ticks=0 vector_at_install=0x0083def0 pic1_mask_live=0x98 kbd_8042_stat=0x34 bios_kbd_head=0x0022 bios_kbd_tail=0x0022 bios_kbd_buf0=0x1c0d
[10:22:45] [info] dirty-rect block @flip=3400: total_calls=0 dirty_rects_avg=1 dirty_pct_x10=1000 forced_full=0 first_n_force=0 threshold_exceeded=0 dirty_path_taken=100 full_flush_taken=0
[10:22:45] [info] prev-frame-diff block @flip=3400: diff_calls=0 diff_rects_avg=0 diff_dirty_pct_x10=0 bbox_pct_x10=0 bbox_thresh_exceeded=0
[10:22:45] [info] tas: stall frame 326 ms -> contributing 1 tick (patch 0286)
[10:22:45] [info] tas: stall frame 220 ms -> contributing 1 tick (patch 0286)
[10:22:46] [info] tas: stall frame 219 ms -> contributing 1 tick (patch 0286)
[10:22:46] [info] tas: stall frame 212 ms -> contributing 1 tick (patch 0286)
[10:22:46] [info] tas: stall frame 212 ms -> contributing 1 tick (patch 0286)
[10:22:46] [info] tas: stall frame 212 ms -> contributing 1 tick (patch 0286)
[10:22:47] [info] tas: stall frame 213 ms -> contributing 1 tick (patch 0286)
[10:22:47] [info] tas: stall frame 212 ms -> contributing 1 tick (patch 0286)
[10:22:47] [info] tas: stall frame 214 ms -> contributing 1 tick (patch 0286)
[10:22:47] [info] tas: stall frame 429 ms -> contributing 1 tick (patch 0286)
[10:22:48] [info] flip-probe: flip #3410 ok=true present=81ms inter_flip_ms=213 drawcalls-since-flip=15 drawcalls-total=226765 fail-total=0 null-skips-total=0
[10:22:48] [info] tas: stall frame 219 ms -> contributing 1 tick (patch 0286)
[10:22:48] [info] tas: stall frame 212 ms -> contributing 1 tick (patch 0286)
[10:22:48] [info] tas: stall frame 212 ms -> contributing 1 tick (patch 0286)
[10:22:48] [info] tas: stall frame 212 ms -> contributing 1 tick (patch 0286)
[10:22:48] [info] tas: stall frame 212 ms -> contributing 1 tick (patch 0286)
[10:22:49] [info] tas: stall frame 212 ms -> contributing 1 tick (patch 0286)
[10:22:49] [info] tas: stall frame 212 ms -> contributing 1 tick (patch 0286)
[10:22:49] [info] tas: stall frame 213 ms -> contributing 1 tick (patch 0286)
[10:22:49] [info] tas: stall frame 211 ms -> contributing 1 tick (patch 0286)
[10:22:50] [info] tas: stall frame 212 ms -> contributing 1 tick (patch 0286)
[10:22:50] [info] flip-probe: flip #3420 ok=true present=81ms inter_flip_ms=212 drawcalls-since-flip=15 drawcalls-total=226915 fail-total=0 null-skips-total=0
[10:22:50] [info] tas: stall frame 218 ms -> contributing 1 tick (patch 0286)
[10:22:50] [info] tas: stall frame 211 ms -> contributing 1 tick (patch 0286)
[10:22:50] [info] tas: stall frame 212 ms -> contributing 1 tick (patch 0286)
[10:22:50] [info] tas: stall frame 211 ms -> contributing 1 tick (patch 0286)
[10:22:51] [info] tas: stall frame 213 ms -> contributing 1 tick (patch 0286)
[10:22:51] [info] tas: stall frame 211 ms -> contributing 1 tick (patch 0286)
[10:22:51] [info] tas: stall frame 212 ms -> contributing 1 tick (patch 0286)
[10:22:51] [info] tas: stall frame 214 ms -> contributing 1 tick (patch 0286)
[10:22:51] [info] tas: stall frame 211 ms -> contributing 1 tick (patch 0286)
[10:22:52] [info] tas: stall frame 211 ms -> contributing 1 tick (patch 0286)
[10:22:52] [info] flip-probe: flip #3430 ok=true present=81ms inter_flip_ms=213 drawcalls-since-flip=16 drawcalls-total=227073 fail-total=0 null-skips-total=0
[10:22:52] [info] tas: stall frame 220 ms -> contributing 1 tick (patch 0286)
[10:22:52] [info] tas: stall frame 212 ms -> contributing 1 tick (patch 0286)
[10:22:52] [info] tas: stall frame 212 ms -> contributing 1 tick (patch 0286)
[10:22:53] [info] tas: stall frame 210 ms -> contributing 1 tick (patch 0286)
[10:22:53] [info] tas: stall frame 211 ms -> contributing 1 tick (patch 0286)
[10:22:53] [info] tas: stall frame 213 ms -> contributing 1 tick (patch 0286)
[10:22:53] [info] tas: stall frame 211 ms -> contributing 1 tick (patch 0286)
[10:22:53] [info] drawcall drawSurface call 216000: src=16x8 dst=16x8 at (64,16) took 1ms
[10:22:53] [info] tas: stall frame 217 ms -> contributing 1 tick (patch 0286)
[10:22:54] [info] tas: stall frame 212 ms -> contributing 1 tick (patch 0286)
[10:22:54] [info] tas: stall frame 211 ms -> contributing 1 tick (patch 0286)
[10:22:54] [info] flip-probe: flip #3440 ok=true present=107ms inter_flip_ms=218 drawcalls-since-flip=18 drawcalls-total=227235 fail-total=0 null-skips-total=0
[10:22:54] [info] tas: stall frame 249 ms -> contributing 1 tick (patch 0286)
[10:22:54] [info] tas: stall frame 241 ms -> contributing 1 tick (patch 0286)
[10:22:55] [info] tas: stall frame 235 ms -> contributing 1 tick (patch 0286)
[10:22:55] [info] tas: stall frame 234 ms -> contributing 1 tick (patch 0286)
[10:22:55] [info] tas: stall frame 235 ms -> contributing 1 tick (patch 0286)
[10:22:55] [info] tas: stall frame 231 ms -> contributing 1 tick (patch 0286)
[10:22:55] [info] tas: stall frame 232 ms -> contributing 1 tick (patch 0286)
[10:22:56] [info] tas: stall frame 231 ms -> contributing 1 tick (patch 0286)
[10:22:56] [info] tas: stall frame 246 ms -> contributing 1 tick (patch 0286)
[10:22:56] [info] tas: stall frame 245 ms -> contributing 1 tick (patch 0286)
[10:22:56] [info] flip-probe: flip #3450 ok=true present=109ms inter_flip_ms=245 drawcalls-since-flip=18 drawcalls-total=227415 fail-total=0 null-skips-total=0
[10:22:56] [info] tas: stall frame 247 ms -> contributing 1 tick (patch 0286)
[10:22:56] [info] backdrop cache: thrashing-detect engaged (streak=664, route=direct)
[10:22:57] [info] tas: stall frame 237 ms -> contributing 1 tick (patch 0286)
[10:22:57] [info] tas: stall frame 232 ms -> contributing 1 tick (patch 0286)
[10:22:57] [info] tas: stall frame 259 ms -> contributing 1 tick (patch 0286)
[10:22:57] [info] tas: stall frame 260 ms -> contributing 1 tick (patch 0286)
[10:22:58] [info] tas: stall frame 254 ms -> contributing 1 tick (patch 0286)
[10:22:58] [info] tas: stall frame 246 ms -> contributing 1 tick (patch 0286)
[10:22:58] [info] tas: stall frame 246 ms -> contributing 1 tick (patch 0286)
[10:22:58] [info] tas: stall frame 246 ms -> contributing 1 tick (patch 0286)
[10:22:59] [info] tas: stall frame 237 ms -> contributing 1 tick (patch 0286)
[10:22:59] [info] flip-probe: flip #3460 ok=true present=97ms inter_flip_ms=238 drawcalls-since-flip=18 drawcalls-total=227599 fail-total=0 null-skips-total=0
[10:22:59] [info] tas: stall frame 245 ms -> contributing 1 tick (patch 0286)
[10:22:59] [info] tas: stall frame 283 ms -> contributing 1 tick (patch 0286)
[10:22:59] [info] tas: stall frame 283 ms -> contributing 1 tick (patch 0286)
[10:23:00] [info] tas: stall frame 269 ms -> contributing 1 tick (patch 0286)
[10:23:00] [info] tas: stall frame 264 ms -> contributing 1 tick (patch 0286)
[10:23:00] [info] tas: stall frame 263 ms -> contributing 1 tick (patch 0286)
[10:23:01] [info] tas: stall frame 259 ms -> contributing 1 tick (patch 0286)
[10:23:01] [info] tas: stall frame 259 ms -> contributing 1 tick (patch 0286)
[10:23:01] [info] tas: stall frame 291 ms -> contributing 1 tick (patch 0286)
[10:23:01] [info] tas: stall frame 298 ms -> contributing 1 tick (patch 0286)
[10:23:02] [info] flip-probe: flip #3470 ok=true present=142ms inter_flip_ms=297 drawcalls-since-flip=21 drawcalls-total=227798 fail-total=0 null-skips-total=0
[10:23:02] [info] tas: stall frame 299 ms -> contributing 1 tick (patch 0286)
[10:23:02] [info] tas: stall frame 284 ms -> contributing 1 tick (patch 0286)
[10:23:02] [info] tas: stall frame 272 ms -> contributing 1 tick (patch 0286)
[10:23:03] [info] tas: stall frame 269 ms -> contributing 1 tick (patch 0286)
[10:23:03] [info] tas: stall frame 266 ms -> contributing 1 tick (patch 0286)
[10:23:03] [info] tas: stall frame 266 ms -> contributing 1 tick (patch 0286)
[10:23:03] [info] tas: stall frame 280 ms -> contributing 1 tick (patch 0286)
[10:23:04] [info] tas: stall frame 274 ms -> contributing 1 tick (patch 0286)
[10:23:04] [info] tas: stall frame 269 ms -> contributing 1 tick (patch 0286)
[10:23:04] [info] tas: stall frame 260 ms -> contributing 1 tick (patch 0286)
[10:23:04] [info] flip-probe: flip #3480 ok=true present=100ms inter_flip_ms=261 drawcalls-since-flip=17 drawcalls-total=227987 fail-total=0 null-skips-total=0
[10:23:04] [info] tas: stall frame 259 ms -> contributing 1 tick (patch 0286)
[10:23:05] [info] tas: stall frame 252 ms -> contributing 1 tick (patch 0286)
[10:23:05] [info] tas: stall frame 249 ms -> contributing 1 tick (patch 0286)
[10:23:05] [info] tas: stall frame 251 ms -> contributing 1 tick (patch 0286)
[10:23:05] [info] tas: stall frame 243 ms -> contributing 1 tick (patch 0286)
[10:23:06] [info] tas: stall frame 243 ms -> contributing 1 tick (patch 0286)
[10:23:06] [info] tas: stall frame 242 ms -> contributing 1 tick (patch 0286)
[10:23:06] [info] tas: stall frame 236 ms -> contributing 1 tick (patch 0286)
[10:23:06] [info] tas: stall frame 244 ms -> contributing 1 tick (patch 0286)
[10:23:07] [info] tas: stall frame 245 ms -> contributing 1 tick (patch 0286)
[10:23:07] [info] flip-probe: flip #3490 ok=true present=81ms inter_flip_ms=248 drawcalls-since-flip=17 drawcalls-total=228158 fail-total=0 null-skips-total=0
[10:23:07] [info] tas: stall frame 253 ms -> contributing 1 tick (patch 0286)
[10:23:07] [info] tas: stall frame 252 ms -> contributing 1 tick (patch 0286)
[10:23:07] [info] tas: stall frame 255 ms -> contributing 1 tick (patch 0286)
[10:23:08] [info] tas: stall frame 255 ms -> contributing 1 tick (patch 0286)
[10:23:08] [info] tas: stall frame 258 ms -> contributing 1 tick (patch 0286)
[10:23:08] [info] drawcall drawSurface call 217000: src=16x8 dst=16x8 at (64,16) took 0ms
[10:23:08] [info] tas: stall frame 266 ms -> contributing 1 tick (patch 0286)
[10:23:08] [info] tas: stall frame 261 ms -> contributing 1 tick (patch 0286)
[10:23:09] [info] tas: stall frame 264 ms -> contributing 1 tick (patch 0286)
[10:23:09] [info] tas: stall frame 265 ms -> contributing 1 tick (patch 0286)
[10:23:09] [info] tas: stall frame 291 ms -> contributing 1 tick (patch 0286)
[10:23:10] [info] flip-probe: flip #3500 ok=true present=245ms inter_flip_ms=294 drawcalls-since-flip=67 drawcalls-total=228410 fail-total=0 null-skips-total=0
[10:23:10] [info] drawcall tally block 35: drawcalls=1698 total_ms=148 avg_ms_x10=0 (over 100 flips ending at flip 3500)
[10:23:10] [info] alpha audit block 35: 1698 total drawcalls, 0 with alpha<255 (block pct_x10=0; global 0/217163 pct_x10=0); alpha-mod skipped: block=1698 global=225176
[10:23:10] [info] fastpath audit block 35: taken=0 (idx8=0) skipped=1698 pct_x10=0; global taken=0 (idx8=0) skipped=217163 pct_x10=0
[10:23:10] [info] primitive tally block 35: clear=200(hr=0) fill=0(hr=0) rect=0(hr=0) line=0(hr=0) tint=0 spotlight=0 (over 100 flips ending at flip 3500)
[10:23:10] [info] slowpath reason block 35: alpha=0 format=0 windim=1698 null_src=0 other=0 (of 1698 total drawSurface slow-path)
[10:23:10] [info] phase timing block 35: drawcalls=1898 dc_total_ms=360 flip_inner_total_ms=10026 inter_flip_total_ms=24302 (per-flip avg x10: dc_ms=36 fi_ms=1002 if_ms=2430 derived audio+engine_ms=1392; per-drawcall avg us_x10=1899) [direct-vesa: presents=0 total_ms=0 avg_ms_x10=0 failed=0] [ablation: NO_DC_TIMING=0 CACHE_WINSURF=0 DIRECT_VESA=1]
[10:23:10] [info] kbd/audio block 35: kbd_irq=0 kbd_drain=0 ring_chunks=16 pump_pass=3598 pic1_mask=0xb8 first_irq_ticks=0 install_ticks=0 vector_at_install=0x0083def0 pic1_mask_live=0x98 kbd_8042_stat=0x34 bios_kbd_head=0x0022 bios_kbd_tail=0x0022 bios_kbd_buf0=0x1c0d
[10:23:10] [info] dirty-rect block @flip=3500: total_calls=0 dirty_rects_avg=1 dirty_pct_x10=1000 forced_full=0 first_n_force=0 threshold_exceeded=0 dirty_path_taken=100 full_flush_taken=0
[10:23:10] [info] prev-frame-diff block @flip=3500: diff_calls=0 diff_rects_avg=0 diff_dirty_pct_x10=0 bbox_pct_x10=0 bbox_thresh_exceeded=0
[10:23:10] [info] tas: stall frame 477 ms -> contributing 1 tick (patch 0286)
[10:23:10] [info] tas: stall frame 488 ms -> contributing 1 tick (patch 0286)
[10:23:11] [info] run_tick_fixed #3600: heartbeat (loop alive)
[10:23:11] [info] tas: stall frame 634 ms -> contributing 1 tick (patch 0286)
[10:23:12] [info] tas: stall frame 798 ms -> contributing 1 tick (patch 0286)
[10:23:13] [info] tas: stall frame 992 ms -> contributing 1 tick (patch 0286)
[10:23:14] [info] tas: stall frame 1199 ms -> contributing 1 tick (patch 0286)
[10:23:14] [info] drawcall drawSurface call 218000: src=16x16 dst=16x16 at (232,208) took 0ms
[10:23:15] [info] tas: stall frame 1416 ms -> contributing 1 tick (patch 0286)
[10:23:17] [info] tas: stall frame 1609 ms -> contributing 1 tick (patch 0286)
[10:23:19] [info] tas: stall frame 1789 ms -> contributing 1 tick (patch 0286)
[10:23:19] [info] drawcall drawSurface call 219000: src=16x16 dst=16x16 at (296,80) took 1ms
[10:23:21] [info] tas: stall frame 1950 ms -> contributing 1 tick (patch 0286)
[10:23:23] [info] flip-probe: flip #3510 ok=true present=1844ms inter_flip_ms=1946 drawcalls-since-flip=335 drawcalls-total=230644 fail-total=0 null-skips-total=0
[10:23:23] [info] tas: stall frame 2068 ms -> contributing 1 tick (patch 0286)
[10:23:23] [info] backdrop cache: thrashing-detect engaged (streak=724, route=direct)
[10:23:25] [info] tas: stall frame 2146 ms -> contributing 1 tick (patch 0286)
[10:23:25] [info] drawcall drawSurface call 220000: src=16x16 dst=16x16 at (280,144) took 0ms
[10:23:27] [info] tas: stall frame 2182 ms -> contributing 1 tick (patch 0286)
[10:23:29] [info] tas: stall frame 2164 ms -> contributing 1 tick (patch 0286)
[10:23:31] [info] tas: stall frame 2114 ms -> contributing 1 tick (patch 0286)
[10:23:31] [info] drawcall drawSurface call 221000: src=16x16 dst=16x16 at (232,0) took 0ms
[10:23:33] [info] tas: stall frame 2043 ms -> contributing 1 tick (patch 0286)
[10:23:35] [info] tas: stall frame 1942 ms -> contributing 1 tick (patch 0286)
[10:23:37] [info] tas: stall frame 1839 ms -> contributing 1 tick (patch 0286)
[10:23:37] [info] drawcall drawSurface call 222000: src=16x16 dst=16x16 at (200,192) took 0ms
[10:23:39] [info] tas: stall frame 1737 ms -> contributing 1 tick (patch 0286)
[10:23:40] [info] tas: stall frame 1623 ms -> contributing 1 tick (patch 0286)
[10:23:42] [info] flip-probe: flip #3520 ok=true present=1303ms inter_flip_ms=1624 drawcalls-since-flip=359 drawcalls-total=234218 fail-total=0 null-skips-total=0
[10:23:42] [info] tas: stall frame 1534 ms -> contributing 1 tick (patch 0286)
[10:23:42] [info] drawcall drawSurface call 223000: src=16x16 dst=16x16 at (168,80) took 0ms
[10:23:43] [info] tas: stall frame 1449 ms -> contributing 1 tick (patch 0286)
[10:23:45] [info] tas: stall frame 1376 ms -> contributing 1 tick (patch 0286)
[10:23:45] [info] drawcall drawSurface call 224000: src=16x16 dst=16x16 at (312,96) took 0ms
[10:23:46] [info] tas: stall frame 1334 ms -> contributing 1 tick (patch 0286)
[10:23:47] [info] tas: stall frame 1292 ms -> contributing 1 tick (patch 0286)
[10:23:49] [info] tas: stall frame 1268 ms -> contributing 1 tick (patch 0286)
[10:23:49] [info] drawcall drawSurface call 225000: src=16x16 dst=16x16 at (264,224) took 0ms
[10:23:50] [info] tas: stall frame 1261 ms -> contributing 1 tick (patch 0286)
[10:23:51] [info] tas: stall frame 1247 ms -> contributing 1 tick (patch 0286)
[10:23:52] [info] tas: stall frame 1243 ms -> contributing 1 tick (patch 0286)
[10:23:53] [info] tas: stall frame 164 ms -> contributing 1 tick (patch 0286)
[10:23:53] [info] flip-probe: flip #3530 ok=true present=8ms inter_flip_ms=378 drawcalls-since-flip=7 drawcalls-total=237104 fail-total=0 null-skips-total=0
[10:23:53] [info]  >> Entering stage 19: 'Assembly Hall'.
[10:23:53] [info] [skip-sheet-flush] cave=8
[10:23:54] [info] [load-stage] preloading entry music song=9 (cave=8)
[10:23:54] [info] gameloop: entered (curmap=19, running=1)
[10:23:54] [info] gameloop: iter 1 ticks=1591608 mapno=-1
[10:23:54] [info] drawcall drawSurface call 226000: src=16x16 dst=16x16 at (184,32) took 0ms
[10:23:55] [info] gameloop: iter 2 ticks=1593093 mapno=-1
[10:23:55] [info] tas: stall frame 1482 ms -> contributing 1 tick (patch 0286)
[10:23:57] [info] gameloop: iter 3 ticks=1594553 mapno=-1
[10:23:57] [info] tas: stall frame 1460 ms -> contributing 1 tick (patch 0286)
[10:23:57] [info] drawcall drawSurface call 227000: src=16x16 dst=16x16 at (232,16) took 1ms
[10:23:58] [info] tas: stall frame 1476 ms -> contributing 1 tick (patch 0286)
[10:24:00] [info] tas: stall frame 1490 ms -> contributing 1 tick (patch 0286)
[10:24:00] [info] drawcall drawSurface call 228000: src=16x16 dst=16x16 at (280,0) took 1ms
[10:24:01] [info] tas: stall frame 1534 ms -> contributing 1 tick (patch 0286)
[10:24:03] [info] tas: stall frame 1576 ms -> contributing 1 tick (patch 0286)
[10:24:05] [info] tas: stall frame 1643 ms -> contributing 1 tick (patch 0286)
[10:24:05] [info] drawcall drawSurface call 229000: src=16x16 dst=16x16 at (200,-24) took 0ms
[10:24:06] [info] tas: stall frame 1741 ms -> contributing 1 tick (patch 0286)
[10:24:08] [info] tas: stall frame 1828 ms -> contributing 1 tick (patch 0286)
[10:24:08] [info] drawcall drawSurface call 230000: src=16x16 dst=16x16 at (168,128) took 0ms
[10:24:10] [info] flip-probe: flip #3540 ok=true present=1596ms inter_flip_ms=1836 drawcalls-since-flip=463 drawcalls-total=241734 fail-total=0 null-skips-total=0
[10:24:10] [info] tas: stall frame 1948 ms -> contributing 1 tick (patch 0286)
[10:24:12] [info] tas: stall frame 2045 ms -> contributing 1 tick (patch 0286)
[10:24:12] [info] drawcall drawSurface call 231000: src=16x16 dst=16x16 at (216,144) took 0ms
[10:24:14] [info] tas: stall frame 2145 ms -> contributing 1 tick (patch 0286)
[10:24:17] [info] tas: stall frame 2235 ms -> contributing 1 tick (patch 0286)
[10:24:17] [info] drawcall drawSurface call 232000: src=16x16 dst=16x16 at (264,160) took 1ms
[10:24:19] [info] tas: stall frame 2317 ms -> contributing 1 tick (patch 0286)
[10:24:21] [info] tas: stall frame 2363 ms -> contributing 1 tick (patch 0286)
[10:24:22] [info] drawcall drawSurface call 233000: src=16x16 dst=16x16 at (312,192) took 0ms
[10:24:24] [info] tas: stall frame 2379 ms -> contributing 1 tick (patch 0286)
[10:24:26] [info] tas: stall frame 2337 ms -> contributing 1 tick (patch 0286)
[10:24:28] [info] tas: stall frame 2259 ms -> contributing 1 tick (patch 0286)
[10:24:28] [info] drawcall drawSurface call 234000: src=16x16 dst=16x16 at (168,32) took 0ms
[10:24:30] [info] tas: stall frame 2148 ms -> contributing 1 tick (patch 0286)
[10:24:32] [info] flip-probe: flip #3550 ok=true present=1666ms inter_flip_ms=2136 drawcalls-since-flip=403 drawcalls-total=246224 fail-total=0 null-skips-total=0
[10:24:32] [info] tas: stall frame 1993 ms -> contributing 1 tick (patch 0286)
[10:24:33] [info] drawcall drawSurface call 235000: src=16x16 dst=16x16 at (296,32) took 0ms
[10:24:34] [info] tas: stall frame 1812 ms -> contributing 1 tick (patch 0286)
[10:24:36] [info] tas: stall frame 1607 ms -> contributing 1 tick (patch 0286)
[10:24:37] [info] tas: stall frame 1394 ms -> contributing 1 tick (patch 0286)
[10:24:38] [info] tas: stall frame 1194 ms -> contributing 1 tick (patch 0286)
[10:24:39] [info] drawcall drawSurface call 236000: src=16x16 dst=16x16 at (296,-24) took 0ms
[10:24:39] [info] tas: stall frame 1010 ms -> contributing 1 tick (patch 0286)
[10:24:40] [info] tas: stall frame 831 ms -> contributing 1 tick (patch 0286)
[10:24:41] [info] tas: stall frame 693 ms -> contributing 1 tick (patch 0286)
[10:24:41] [info] tas: stall frame 572 ms -> contributing 1 tick (patch 0286)
[10:24:42] [info] tas: stall frame 486 ms -> contributing 1 tick (patch 0286)
[10:24:42] [info] drawcall drawSurface call 237000: src=16x16 dst=16x16 at (312,192) took 0ms
[10:24:42] [info] flip-probe: flip #3560 ok=true present=164ms inter_flip_ms=490 drawcalls-since-flip=135 drawcalls-total=248690 fail-total=0 null-skips-total=0
[10:24:42] [info] tas: stall frame 438 ms -> contributing 1 tick (patch 0286)
[10:24:43] [info] tas: stall frame 381 ms -> contributing 1 tick (patch 0286)
[10:24:43] [info] tas: stall frame 361 ms -> contributing 1 tick (patch 0286)
[10:24:44] [info] tas: stall frame 352 ms -> contributing 1 tick (patch 0286)
[10:24:44] [info] tas: stall frame 352 ms -> contributing 1 tick (patch 0286)
[10:24:44] [info] tas: stall frame 361 ms -> contributing 1 tick (patch 0286)
[10:24:45] [info] tas: stall frame 352 ms -> contributing 1 tick (patch 0286)
[10:24:45] [info] tas: stall frame 433 ms -> contributing 1 tick (patch 0286)
[10:24:45] [info] tas: stall frame 431 ms -> contributing 1 tick (patch 0286)
[10:24:46] [info] tas: stall frame 431 ms -> contributing 1 tick (patch 0286)
[10:24:46] [info] drawcall drawSurface call 238000: src=16x16 dst=16x16 at (328,120) took 0ms
[10:24:46] [info] flip-probe: flip #3570 ok=true present=171ms inter_flip_ms=443 drawcalls-since-flip=121 drawcalls-total=249856 fail-total=0 null-skips-total=0
[10:24:46] [info] tas: stall frame 451 ms -> contributing 1 tick (patch 0286)
[10:24:47] [info] tas: stall frame 436 ms -> contributing 1 tick (patch 0286)
[10:24:47] [info] tas: stall frame 436 ms -> contributing 1 tick (patch 0286)
[10:24:48] [info] tas: stall frame 437 ms -> contributing 1 tick (patch 0286)
[10:24:48] [info] tas: stall frame 428 ms -> contributing 1 tick (patch 0286)
[10:24:49] [info] tas: stall frame 428 ms -> contributing 1 tick (patch 0286)
[10:24:49] [info] tas: stall frame 429 ms -> contributing 1 tick (patch 0286)
[10:24:49] [info] tas: stall frame 428 ms -> contributing 1 tick (patch 0286)
[10:24:50] [info] tas: stall frame 432 ms -> contributing 1 tick (patch 0286)
[10:24:50] [info] drawcall drawSurface call 239000: src=16x16 dst=16x16 at (184,248) took 0ms
[10:24:50] [info] tas: stall frame 438 ms -> contributing 1 tick (patch 0286)
[10:24:51] [info] flip-probe: flip #3580 ok=true present=171ms inter_flip_ms=431 drawcalls-since-flip=121 drawcalls-total=251066 fail-total=0 null-skips-total=0
[10:24:51] [info] tas: stall frame 439 ms -> contributing 1 tick (patch 0286)
[10:24:51] [info] tas: stall frame 431 ms -> contributing 1 tick (patch 0286)
[10:24:52] [info] tas: stall frame 431 ms -> contributing 1 tick (patch 0286)
[10:24:52] [info] tas: stall frame 431 ms -> contributing 1 tick (patch 0286)
[10:24:52] [info] tas: stall frame 431 ms -> contributing 1 tick (patch 0286)
[10:24:53] [info] tas: stall frame 432 ms -> contributing 1 tick (patch 0286)
[10:24:53] [info] tas: stall frame 439 ms -> contributing 1 tick (patch 0286)
[10:24:54] [info] tas: stall frame 438 ms -> contributing 1 tick (patch 0286)
[10:24:54] [info] drawcall drawSurface call 240000: src=5x7 dst=5x7 at (177,87) took 0ms
[10:24:54] [info] tas: stall frame 444 ms -> contributing 1 tick (patch 0286)
[10:24:55] [info] tas: stall frame 438 ms -> contributing 1 tick (patch 0286)
[10:24:55] [info] flip-probe: flip #3590 ok=true present=171ms inter_flip_ms=428 drawcalls-since-flip=121 drawcalls-total=252276 fail-total=0 null-skips-total=0
[10:24:55] [info] tas: stall frame 437 ms -> contributing 1 tick (patch 0286)
[10:24:55] [info] tas: stall frame 427 ms -> contributing 1 tick (patch 0286)
[10:24:56] [info] tas: stall frame 428 ms -> contributing 1 tick (patch 0286)
[10:24:56] [info] tas: stall frame 429 ms -> contributing 1 tick (patch 0286)
[10:24:57] [info] tas: stall frame 431 ms -> contributing 1 tick (patch 0286)
[10:24:57] [info] tas: stall frame 432 ms -> contributing 1 tick (patch 0286)
[10:24:58] [info] tas: stall frame 435 ms -> contributing 1 tick (patch 0286)
[10:24:58] [info] tas: stall frame 431 ms -> contributing 1 tick (patch 0286)
[10:24:58] [info] drawcall drawSurface call 241000: src=16x16 dst=16x16 at (232,-24) took 0ms
[10:24:58] [info] tas: stall frame 440 ms -> contributing 1 tick (patch 0286)
[10:24:59] [info] tas: stall frame 432 ms -> contributing 1 tick (patch 0286)
[10:24:59] [info] flip-probe: flip #3600 ok=true present=202ms inter_flip_ms=434 drawcalls-since-flip=121 drawcalls-total=253486 fail-total=0 null-skips-total=0
[10:24:59] [info] drawcall tally block 36: drawcalls=24136 total_ms=1914 avg_ms_x10=0 (over 100 flips ending at flip 3600)
[10:24:59] [info] alpha audit block 36: 24136 total drawcalls, 0 with alpha<255 (block pct_x10=0; global 0/241299 pct_x10=0); alpha-mod skipped: block=24976 global=250152
[10:24:59] [info] fastpath audit block 36: taken=0 (idx8=0) skipped=24136 pct_x10=0; global taken=0 (idx8=0) skipped=241299 pct_x10=0
[10:24:59] [info] primitive tally block 36: clear=202(hr=0) fill=0(hr=0) rect=0(hr=0) line=0(hr=0) tint=0 spotlight=0 (over 100 flips ending at flip 3600)
[10:24:59] [info] slowpath reason block 36: alpha=0 format=0 windim=24136 null_src=0 other=0 (of 24136 total drawSurface slow-path)
[10:24:59] [info] color/alpha audit block 36: cmod_white=840 cmod_black=0 (idx=0) cmod_general=0 (idx=0) cmod_fb=840; alpha_taken=0 alpha_skipped=0 (global cmod=9666/0/0/8853 idx=0/0 alpha=0/0)
[10:24:59] [info] phase timing block 36: drawcalls=26088 dc_total_ms=5240 flip_inner_total_ms=82246 inter_flip_total_ms=109783 (per-flip avg x10: dc_ms=524 fi_ms=8224 if_ms=10978 derived audio+engine_ms=2230; per-drawcall avg us_x10=2008) [direct-vesa: presents=0 total_ms=0 avg_ms_x10=0 failed=0] [ablation: NO_DC_TIMING=0 CACHE_WINSURF=0 DIRECT_VESA=1]
[10:24:59] [info] kbd/audio block 36: kbd_irq=0 kbd_drain=0 ring_chunks=16 pump_pass=3698 pic1_mask=0xb8 first_irq_ticks=0 install_ticks=0 vector_at_install=0x0083def0 pic1_mask_live=0x98 kbd_8042_stat=0x34 bios_kbd_head=0x0022 bios_kbd_tail=0x0022 bios_kbd_buf0=0x1c0d
[10:24:59] [info] dirty-rect block @flip=3600: total_calls=0 dirty_rects_avg=1 dirty_pct_x10=1000 forced_full=0 first_n_force=0 threshold_exceeded=0 dirty_path_taken=100 full_flush_taken=0
[10:24:59] [info] prev-frame-diff block @flip=3600: diff_calls=0 diff_rects_avg=0 diff_dirty_pct_x10=0 bbox_pct_x10=0 bbox_thresh_exceeded=0
[10:24:59] [info] tas: stall frame 552 ms -> contributing 1 tick (patch 0286)
[10:25:00] [info] tas: stall frame 435 ms -> contributing 1 tick (patch 0286)
[10:25:00] [info] tas: stall frame 437 ms -> contributing 1 tick (patch 0286)
[10:25:01] [info] tas: stall frame 437 ms -> contributing 1 tick (patch 0286)
[10:25:01] [info] tas: stall frame 438 ms -> contributing 1 tick (patch 0286)
[10:25:02] [info] tas: stall frame 437 ms -> contributing 1 tick (patch 0286)
[10:25:02] [info] tas: stall frame 428 ms -> contributing 1 tick (patch 0286)
[10:25:02] [info] drawcall drawSurface call 242000: src=16x16 dst=16x16 at (328,152) took 0ms
[10:25:03] [info] tas: stall frame 437 ms -> contributing 1 tick (patch 0286)
[10:25:03] [info] tas: stall frame 429 ms -> contributing 1 tick (patch 0286)
[10:25:03] [info] tas: stall frame 428 ms -> contributing 1 tick (patch 0286)
[10:25:04] [info] flip-probe: flip #3610 ok=true present=172ms inter_flip_ms=432 drawcalls-since-flip=121 drawcalls-total=254696 fail-total=0 null-skips-total=0
[10:25:04] [info] tas: stall frame 438 ms -> contributing 1 tick (patch 0286)
[10:25:04] [info] tas: stall frame 433 ms -> contributing 1 tick (patch 0286)
[10:25:05] [info] tas: stall frame 431 ms -> contributing 1 tick (patch 0286)
[10:25:05] [info] tas: stall frame 431 ms -> contributing 1 tick (patch 0286)
[10:25:06] [info] tas: stall frame 432 ms -> contributing 1 tick (patch 0286)
[10:25:06] [info] tas: stall frame 432 ms -> contributing 1 tick (patch 0286)
[10:25:06] [info] drawcall drawSurface call 243000: src=16x16 dst=16x16 at (248,248) took 0ms
[10:25:06] [info] tas: stall frame 440 ms -> contributing 1 tick (patch 0286)
[10:25:07] [info] tas: stall frame 432 ms -> contributing 1 tick (patch 0286)
[10:25:07] [info] tas: stall frame 437 ms -> contributing 1 tick (patch 0286)
[10:25:08] [info] tas: stall frame 437 ms -> contributing 1 tick (patch 0286)
[10:25:08] [info] flip-probe: flip #3620 ok=true present=172ms inter_flip_ms=437 drawcalls-since-flip=121 drawcalls-total=255906 fail-total=0 null-skips-total=0
[10:25:08] [info] tas: stall frame 444 ms -> contributing 1 tick (patch 0286)
[10:25:09] [info] tas: stall frame 469 ms -> contributing 1 tick (patch 0286)
[10:25:09] [info] tas: stall frame 459 ms -> contributing 1 tick (patch 0286)
[10:25:10] [info] tas: stall frame 452 ms -> contributing 1 tick (patch 0286)
[10:25:10] [info] tas: stall frame 452 ms -> contributing 1 tick (patch 0286)
[10:25:10] [info] drawcall drawSurface call 244000: src=5x5 dst=5x5 at (140,89) took 0ms
[10:25:11] [info] tas: stall frame 673 ms -> contributing 1 tick (patch 0286)
[10:25:11] [info] tas: stall frame 454 ms -> contributing 1 tick (patch 0286)
[10:25:12] [info] tas: stall frame 452 ms -> contributing 1 tick (patch 0286)
[10:25:12] [info] tas: stall frame 453 ms -> contributing 1 tick (patch 0286)
[10:25:13] [info] tas: stall frame 466 ms -> contributing 1 tick (patch 0286)
[10:25:13] [info] flip-probe: flip #3630 ok=true present=206ms inter_flip_ms=466 drawcalls-since-flip=123 drawcalls-total=257136 fail-total=0 null-skips-total=0
[10:25:13] [info] tas: stall frame 473 ms -> contributing 1 tick (patch 0286)
[10:25:13] [info] tas: stall frame 492 ms -> contributing 1 tick (patch 0286)
[10:25:14] [info] tas: stall frame 482 ms -> contributing 1 tick (patch 0286)
[10:25:14] [info] tas: stall frame 475 ms -> contributing 1 tick (patch 0286)
[10:25:15] [info] drawcall drawSurface call 245000: src=5x8 dst=5x8 at (166,89) took 0ms
[10:25:15] [info] tas: stall frame 487 ms -> contributing 1 tick (patch 0286)
[10:25:15] [info] tas: stall frame 477 ms -> contributing 1 tick (patch 0286)
[10:25:16] [info] tas: stall frame 477 ms -> contributing 1 tick (patch 0286)
[10:25:16] [info] tas: stall frame 466 ms -> contributing 1 tick (patch 0286)
[10:25:17] [info] tas: stall frame 458 ms -> contributing 1 tick (patch 0286)
[10:25:17] [info] tas: stall frame 471 ms -> contributing 1 tick (patch 0286)
[10:25:18] [info] flip-probe: flip #3640 ok=true present=206ms inter_flip_ms=471 drawcalls-since-flip=123 drawcalls-total=258376 fail-total=0 null-skips-total=0
[10:25:18] [info] tas: stall frame 471 ms -> contributing 1 tick (patch 0286)
[10:25:18] [info] tas: stall frame 457 ms -> contributing 1 tick (patch 0286)
[10:25:19] [info] tas: stall frame 451 ms -> contributing 1 tick (patch 0286)
[10:25:19] [info] tas: stall frame 451 ms -> contributing 1 tick (patch 0286)
[10:25:19] [info] drawcall drawSurface call 246000: src=16x16 dst=16x16 at (40,152) took 0ms
[10:25:20] [info] tas: stall frame 457 ms -> contributing 1 tick (patch 0286)
[10:25:20] [info] tas: stall frame 448 ms -> contributing 1 tick (patch 0286)
[10:25:20] [info] tas: stall frame 450 ms -> contributing 1 tick (patch 0286)
[10:25:21] [info] tas: stall frame 439 ms -> contributing 1 tick (patch 0286)
[10:25:21] [info] tas: stall frame 441 ms -> contributing 1 tick (patch 0286)
[10:25:22] [info] tas: stall frame 440 ms -> contributing 1 tick (patch 0286)
[10:25:22] [info] flip-probe: flip #3650 ok=true present=171ms inter_flip_ms=445 drawcalls-since-flip=121 drawcalls-total=259596 fail-total=0 null-skips-total=0
[10:25:22] [info] tas: stall frame 446 ms -> contributing 1 tick (patch 0286)
[10:25:23] [info] tas: stall frame 341 ms -> contributing 1 tick (patch 0286)
[10:25:23] [info] tas: stall frame 344 ms -> contributing 1 tick (patch 0286)
[10:25:23] [info] drawcall drawSurface call 247000: src=16x16 dst=16x16 at (328,120) took 0ms
[10:25:23] [info] tas: stall frame 347 ms -> contributing 1 tick (patch 0286)
[10:25:24] [info] tas: stall frame 334 ms -> contributing 1 tick (patch 0286)
[10:25:24] [info] tas: stall frame 334 ms -> contributing 1 tick (patch 0286)
[10:25:24] [info] tas: stall frame 334 ms -> contributing 1 tick (patch 0286)
[10:25:25] [info] tas: stall frame 333 ms -> contributing 1 tick (patch 0286)
[10:25:25] [info] tas: stall frame 336 ms -> contributing 1 tick (patch 0286)
[10:25:25] [info] tas: stall frame 337 ms -> contributing 1 tick (patch 0286)
[10:25:26] [info] flip-probe: flip #3660 ok=true present=82ms inter_flip_ms=335 drawcalls-since-flip=97 drawcalls-total=260566 fail-total=0 null-skips-total=0
[10:25:26] [info] tas: stall frame 344 ms -> contributing 1 tick (patch 0286)
[10:25:26] [info] tas: stall frame 365 ms -> contributing 1 tick (patch 0286)
[10:25:26] [info] tas: stall frame 365 ms -> contributing 1 tick (patch 0286)
[10:25:27] [info] drawcall drawSurface call 248000: src=16x16 dst=16x16 at (296,248) took 0ms
[10:25:27] [info] tas: stall frame 367 ms -> contributing 1 tick (patch 0286)
[10:25:27] [info] tas: stall frame 360 ms -> contributing 1 tick (patch 0286)
[10:25:27] [info] tas: stall frame 363 ms -> contributing 1 tick (patch 0286)
[10:25:28] [info] tas: stall frame 363 ms -> contributing 1 tick (patch 0286)
[10:25:28] [info] tas: stall frame 364 ms -> contributing 1 tick (patch 0286)
[10:25:28] [info] tas: stall frame 362 ms -> contributing 1 tick (patch 0286)
[10:25:29] [info] tas: stall frame 374 ms -> contributing 1 tick (patch 0286)
[10:25:29] [info] flip-probe: flip #3670 ok=true present=116ms inter_flip_ms=367 drawcalls-since-flip=99 drawcalls-total=261556 fail-total=0 null-skips-total=0
[10:25:29] [info] tas: stall frame 376 ms -> contributing 1 tick (patch 0286)
[10:25:30] [info] tas: stall frame 361 ms -> contributing 1 tick (patch 0286)
[10:25:30] [info] tas: stall frame 351 ms -> contributing 1 tick (patch 0286)
[10:25:30] [info] tas: stall frame 351 ms -> contributing 1 tick (patch 0286)
[10:25:31] [info] drawcall drawSurface call 249000: src=16x16 dst=16x16 at (-24,-24) took 0ms
[10:25:31] [info] tas: stall frame 361 ms -> contributing 1 tick (patch 0286)
[10:25:31] [info] tas: stall frame 355 ms -> contributing 1 tick (patch 0286)
[10:25:31] [info] tas: stall frame 353 ms -> contributing 1 tick (patch 0286)
[10:25:32] [info] tas: stall frame 344 ms -> contributing 1 tick (patch 0286)
[10:25:32] [info] tas: stall frame 346 ms -> contributing 1 tick (patch 0286)
[10:25:32] [info] tas: stall frame 343 ms -> contributing 1 tick (patch 0286)
[10:25:33] [info] flip-probe: flip #3680 ok=true present=83ms inter_flip_ms=343 drawcalls-since-flip=97 drawcalls-total=262536 fail-total=0 null-skips-total=0
[10:25:33] [info] tas: stall frame 345 ms -> contributing 1 tick (patch 0286)
[10:25:33] [info] tas: stall frame 335 ms -> contributing 1 tick (patch 0286)
[10:25:33] [info] tas: stall frame 342 ms -> contributing 1 tick (patch 0286)
[10:25:34] [info] tas: stall frame 340 ms -> contributing 1 tick (patch 0286)
[10:25:34] [info] drawcall drawSurface call 250000: src=16x16 dst=16x16 at (328,72) took 0ms
[10:25:34] [info] tas: stall frame 349 ms -> contributing 1 tick (patch 0286)
[10:25:34] [info] tas: stall frame 343 ms -> contributing 1 tick (patch 0286)
[10:25:35] [info] tas: stall frame 333 ms -> contributing 1 tick (patch 0286)
[10:25:35] [info] tas: stall frame 333 ms -> contributing 1 tick (patch 0286)
[10:25:35] [info] tas: stall frame 333 ms -> contributing 1 tick (patch 0286)
[10:25:36] [info] tas: stall frame 332 ms -> contributing 1 tick (patch 0286)
[10:25:36] [info] flip-probe: flip #3690 ok=true present=82ms inter_flip_ms=335 drawcalls-since-flip=97 drawcalls-total=263506 fail-total=0 null-skips-total=0
[10:25:36] [info] tas: stall frame 343 ms -> contributing 1 tick (patch 0286)
[10:25:37] [info] tas: stall frame 334 ms -> contributing 1 tick (patch 0286)
[10:25:37] [info] tas: stall frame 335 ms -> contributing 1 tick (patch 0286)
[10:25:37] [info] tas: stall frame 335 ms -> contributing 1 tick (patch 0286)
[10:25:37] [info] drawcall drawSurface call 251000: src=16x16 dst=16x16 at (280,248) took 0ms
[10:25:38] [info] tas: stall frame 344 ms -> contributing 1 tick (patch 0286)
[10:25:38] [info] tas: stall frame 336 ms -> contributing 1 tick (patch 0286)
[10:25:38] [info] tas: stall frame 338 ms -> contributing 1 tick (patch 0286)
[10:25:39] [info] tas: stall frame 336 ms -> contributing 1 tick (patch 0286)
[10:25:39] [info] tas: stall frame 341 ms -> contributing 1 tick (patch 0286)
[10:25:39] [info] tas: stall frame 340 ms -> contributing 1 tick (patch 0286)
[10:25:40] [info] flip-probe: flip #3700 ok=true present=109ms inter_flip_ms=341 drawcalls-since-flip=97 drawcalls-total=264476 fail-total=0 null-skips-total=0
[10:25:40] [info] drawcall tally block 37: drawcalls=10290 total_ms=774 avg_ms_x10=0 (over 100 flips ending at flip 3700)
[10:25:40] [info] alpha audit block 37: 10290 total drawcalls, 0 with alpha<255 (block pct_x10=0; global 0/251589 pct_x10=0); alpha-mod skipped: block=10890 global=261042
[10:25:40] [info] fastpath audit block 37: taken=0 (idx8=0) skipped=10290 pct_x10=0; global taken=0 (idx8=0) skipped=251589 pct_x10=0
[10:25:40] [info] primitive tally block 37: clear=200(hr=0) fill=0(hr=0) rect=0(hr=0) line=0(hr=0) tint=0 spotlight=0 (over 100 flips ending at flip 3700)
[10:25:40] [info] slowpath reason block 37: alpha=0 format=0 windim=10290 null_src=0 other=0 (of 10290 total drawSurface slow-path)
[10:25:40] [info] color/alpha audit block 37: cmod_white=600 cmod_black=0 (idx=0) cmod_general=0 (idx=0) cmod_fb=600; alpha_taken=0 alpha_skipped=0 (global cmod=10266/0/0/9453 idx=0/0 alpha=0/0)
[10:25:40] [info] phase timing block 37: drawcalls=11790 dc_total_ms=3052 flip_inner_total_ms=14088 inter_flip_total_ms=40300 (per-flip avg x10: dc_ms=305 fi_ms=1408 if_ms=4030 derived audio+engine_ms=2317; per-drawcall avg us_x10=2588) [direct-vesa: presents=0 total_ms=0 avg_ms_x10=0 failed=0] [ablation: NO_DC_TIMING=0 CACHE_WINSURF=0 DIRECT_VESA=1]
[10:25:40] [info] kbd/audio block 37: kbd_irq=0 kbd_drain=0 ring_chunks=16 pump_pass=3798 pic1_mask=0xb8 first_irq_ticks=0 install_ticks=0 vector_at_install=0x0083def0 pic1_mask_live=0x98 kbd_8042_stat=0x34 bios_kbd_head=0x0022 bios_kbd_tail=0x0022 bios_kbd_buf0=0x1c0d
[10:25:40] [info] dirty-rect block @flip=3700: total_calls=0 dirty_rects_avg=1 dirty_pct_x10=1000 forced_full=0 first_n_force=0 threshold_exceeded=0 dirty_path_taken=100 full_flush_taken=0
[10:25:40] [info] prev-frame-diff block @flip=3700: diff_calls=0 diff_rects_avg=0 diff_dirty_pct_x10=0 bbox_pct_x10=0 bbox_thresh_exceeded=0
[10:25:40] [info] tas: stall frame 446 ms -> contributing 1 tick (patch 0286)
[10:25:40] [info] tas: stall frame 341 ms -> contributing 1 tick (patch 0286)
[10:25:40] [info] tas: stall frame 332 ms -> contributing 1 tick (patch 0286)
[10:25:41] [info] tas: stall frame 332 ms -> contributing 1 tick (patch 0286)
[10:25:41] [info] tas: stall frame 333 ms -> contributing 1 tick (patch 0286)
[10:25:41] [info] drawcall drawSurface call 252000: src=16x16 dst=16x16 at (264,-24) took 1ms
[10:25:41] [info] tas: stall frame 339 ms -> contributing 1 tick (patch 0286)
[10:25:42] [info] tas: stall frame 338 ms -> contributing 1 tick (patch 0286)
[10:25:42] [info] tas: stall frame 336 ms -> contributing 1 tick (patch 0286)
[10:25:42] [info] tas: stall frame 337 ms -> contributing 1 tick (patch 0286)
[10:25:43] [info] tas: stall frame 334 ms -> contributing 1 tick (patch 0286)
[10:25:43] [info] flip-probe: flip #3710 ok=true present=82ms inter_flip_ms=335 drawcalls-since-flip=97 drawcalls-total=265446 fail-total=0 null-skips-total=0
[10:25:43] [info] tas: stall frame 343 ms -> contributing 1 tick (patch 0286)
[10:25:43] [info] tas: stall frame 337 ms -> contributing 1 tick (patch 0286)
[10:25:44] [info] tas: stall frame 337 ms -> contributing 1 tick (patch 0286)
[10:25:44] [info] tas: stall frame 335 ms -> contributing 1 tick (patch 0286)
[10:25:44] [info] tas: stall frame 342 ms -> contributing 1 tick (patch 0286)
[10:25:45] [info] drawcall drawSurface call 253000: src=16x16 dst=16x16 at (24,248) took 0ms
[10:25:45] [info] tas: stall frame 349 ms -> contributing 1 tick (patch 0286)
[10:25:45] [info] tas: stall frame 344 ms -> contributing 1 tick (patch 0286)
[10:25:45] [info] tas: stall frame 341 ms -> contributing 1 tick (patch 0286)
[10:25:46] [info] tas: stall frame 333 ms -> contributing 1 tick (patch 0286)
[10:25:46] [info] tas: stall frame 333 ms -> contributing 1 tick (patch 0286)
[10:25:46] [info] flip-probe: flip #3720 ok=true present=82ms inter_flip_ms=332 drawcalls-since-flip=97 drawcalls-total=266416 fail-total=0 null-skips-total=0
[10:25:46] [info] tas: stall frame 341 ms -> contributing 1 tick (patch 0286)
[10:25:47] [info] tas: stall frame 331 ms -> contributing 1 tick (patch 0286)
[10:25:47] [info] tas: stall frame 335 ms -> contributing 1 tick (patch 0286)
[10:25:47] [info] tas: stall frame 336 ms -> contributing 1 tick (patch 0286)
[10:25:48] [info] tas: stall frame 335 ms -> contributing 1 tick (patch 0286)
[10:25:48] [info] tas: stall frame 335 ms -> contributing 1 tick (patch 0286)
[10:25:48] [info] drawcall drawSurface call 254000: src=16x16 dst=16x16 at (8,-24) took 0ms
[10:25:48] [info] tas: stall frame 345 ms -> contributing 1 tick (patch 0286)
[10:25:49] [info] tas: stall frame 336 ms -> contributing 1 tick (patch 0286)
[10:25:49] [info] tas: stall frame 335 ms -> contributing 1 tick (patch 0286)
[10:25:49] [info] tas: stall frame 335 ms -> contributing 1 tick (patch 0286)
[10:25:50] [info] flip-probe: flip #3730 ok=true present=82ms inter_flip_ms=342 drawcalls-since-flip=97 drawcalls-total=267386 fail-total=0 null-skips-total=0
[10:25:50] [info] tas: stall frame 350 ms -> contributing 1 tick (patch 0286)
[10:25:50] [info] tas: stall frame 341 ms -> contributing 1 tick (patch 0286)
[10:25:50] [info] tas: stall frame 340 ms -> contributing 1 tick (patch 0286)
[10:25:51] [info] tas: stall frame 340 ms -> contributing 1 tick (patch 0286)
[10:25:51] [info] tas: stall frame 333 ms -> contributing 1 tick (patch 0286)
[10:25:52] [info] tas: stall frame 331 ms -> contributing 1 tick (patch 0286)
[10:25:52] [info] drawcall drawSurface call 255000: src=16x16 dst=16x16 at (328,136) took 0ms
[10:25:52] [info] tas: stall frame 344 ms -> contributing 1 tick (patch 0286)
[10:25:52] [info] tas: stall frame 332 ms -> contributing 1 tick (patch 0286)
[10:25:52] [info] tas: stall frame 336 ms -> contributing 1 tick (patch 0286)
[10:25:53] [info] tas: stall frame 335 ms -> contributing 1 tick (patch 0286)
[10:25:53] [info] flip-probe: flip #3740 ok=true present=82ms inter_flip_ms=336 drawcalls-since-flip=97 drawcalls-total=268356 fail-total=0 null-skips-total=0
[10:25:53] [info] tas: stall frame 345 ms -> contributing 1 tick (patch 0286)
[10:25:54] [info] tas: stall frame 335 ms -> contributing 1 tick (patch 0286)
[10:25:54] [info] tas: stall frame 337 ms -> contributing 1 tick (patch 0286)
[10:25:54] [info] tas: stall frame 335 ms -> contributing 1 tick (patch 0286)
[10:25:55] [info] tas: stall frame 335 ms -> contributing 1 tick (patch 0286)
[10:25:55] [info] tas: stall frame 336 ms -> contributing 1 tick (patch 0286)
[10:25:55] [info] drawcall drawSurface call 256000: src=12x8 dst=12x8 at (16,32) took 0ms
[10:25:55] [info] tas: stall frame 564 ms -> contributing 1 tick (patch 0286)
[10:25:56] [info] tas: stall frame 340 ms -> contributing 1 tick (patch 0286)
[10:25:56] [info] tas: stall frame 341 ms -> contributing 1 tick (patch 0286)
[10:25:56] [info] tas: stall frame 341 ms -> contributing 1 tick (patch 0286)
[10:25:57] [info] flip-probe: flip #3750 ok=true present=82ms inter_flip_ms=333 drawcalls-since-flip=97 drawcalls-total=269326 fail-total=0 null-skips-total=0
[10:25:57] [info] tas: stall frame 341 ms -> contributing 1 tick (patch 0286)
[10:25:57] [info] tas: stall frame 333 ms -> contributing 1 tick (patch 0286)
[10:25:57] [info] tas: stall frame 333 ms -> contributing 1 tick (patch 0286)
[10:25:58] [info] tas: stall frame 332 ms -> contributing 1 tick (patch 0286)
[10:25:58] [info] tas: stall frame 335 ms -> contributing 1 tick (patch 0286)
[10:25:58] [info] tas: stall frame 334 ms -> contributing 1 tick (patch 0286)
[10:25:59] [info] tas: stall frame 337 ms -> contributing 1 tick (patch 0286)
[10:25:59] [info] drawcall drawSurface call 257000: src=16x16 dst=16x16 at (328,8) took 0ms
[10:25:59] [info] tas: stall frame 341 ms -> contributing 1 tick (patch 0286)
[10:25:59] [info] tas: stall frame 335 ms -> contributing 1 tick (patch 0286)
[10:26:00] [info] tas: stall frame 335 ms -> contributing 1 tick (patch 0286)
[10:26:00] [info] flip-probe: flip #3760 ok=true present=83ms inter_flip_ms=335 drawcalls-since-flip=97 drawcalls-total=270296 fail-total=0 null-skips-total=0
[10:26:00] [info] tas: stall frame 343 ms -> contributing 1 tick (patch 0286)
[10:26:01] [info] tas: stall frame 335 ms -> contributing 1 tick (patch 0286)
[10:26:01] [info] tas: stall frame 364 ms -> contributing 1 tick (patch 0286)
[10:26:01] [info] tas: stall frame 449 ms -> contributing 1 tick (patch 0286)
[10:26:02] [info] tas: stall frame 561 ms -> contributing 1 tick (patch 0286)
[10:26:02] [info] drawcall drawSurface call 258000: src=16x16 dst=16x16 at (264,32) took 0ms
[10:26:03] [info] tas: stall frame 714 ms -> contributing 1 tick (patch 0286)
[10:26:03] [info] tas: stall frame 870 ms -> contributing 1 tick (patch 0286)
[10:26:05] [info] tas: stall frame 1063 ms -> contributing 1 tick (patch 0286)
[10:26:06] [info] tas: stall frame 1268 ms -> contributing 1 tick (patch 0286)
[10:26:06] [info] drawcall drawSurface call 259000: src=16x16 dst=16x16 at (216,32) took 0ms
[10:26:07] [info] tas: stall frame 1485 ms -> contributing 1 tick (patch 0286)
[10:26:09] [info] flip-probe: flip #3770 ok=true present=1402ms inter_flip_ms=1487 drawcalls-since-flip=354 drawcalls-total=272499 fail-total=0 null-skips-total=0
[10:26:09] [info] tas: stall frame 1687 ms -> contributing 1 tick (patch 0286)
[10:26:11] [info] tas: stall frame 1860 ms -> contributing 1 tick (patch 0286)
[10:26:11] [info] drawcall drawSurface call 260000: src=16x16 dst=16x16 at (264,248) took 0ms
[10:26:13] [info] tas: stall frame 2019 ms -> contributing 1 tick (patch 0286)
[10:26:15] [info] tas: stall frame 2134 ms -> contributing 1 tick (patch 0286)
[10:26:15] [info] drawcall drawSurface call 261000: src=16x16 dst=16x16 at (56,128) took 0ms
[10:26:17] [info] tas: stall frame 2218 ms -> contributing 1 tick (patch 0286)
[10:26:19] [info] tas: stall frame 2245 ms -> contributing 1 tick (patch 0286)
[10:26:20] [info] drawcall drawSurface call 262000: src=16x16 dst=16x16 at (-8,96) took 0ms
[10:26:22] [info] tas: stall frame 2244 ms -> contributing 1 tick (patch 0286)
[10:26:24] [info] tas: stall frame 2188 ms -> contributing 1 tick (patch 0286)
[10:26:26] [info] tas: stall frame 2111 ms -> contributing 1 tick (patch 0286)
[10:26:26] [info] drawcall drawSurface call 263000: src=16x16 dst=16x16 at (152,176) took 0ms
[10:26:28] [info] tas: stall frame 2022 ms -> contributing 1 tick (patch 0286)
[10:26:30] [info] flip-probe: flip #3780 ok=true present=1615ms inter_flip_ms=2016 drawcalls-since-flip=438 drawcalls-total=276739 fail-total=0 null-skips-total=0
[10:26:30] [info] tas: stall frame 1919 ms -> contributing 1 tick (patch 0286)
[10:26:30] [info] drawcall drawSurface call 264000: src=16x16 dst=16x16 at (216,64) took 0ms
[10:26:32] [info] tas: stall frame 1809 ms -> contributing 1 tick (patch 0286)
[10:26:33] [info] tas: stall frame 1699 ms -> contributing 1 tick (patch 0286)
[10:26:34] [info] drawcall drawSurface call 265000: src=16x16 dst=16x16 at (280,160) took 1ms
[10:26:35] [info] tas: stall frame 1607 ms -> contributing 1 tick (patch 0286)
[10:26:37] [info] tas: stall frame 1519 ms -> contributing 1 tick (patch 0286)
[10:26:38] [info] tas: stall frame 1449 ms -> contributing 1 tick (patch 0286)
[10:26:38] [info] drawcall drawSurface call 266000: src=16x16 dst=16x16 at (-24,88) took 0ms
[10:26:39] [info] tas: stall frame 1409 ms -> contributing 1 tick (patch 0286)
[10:26:41] [info] tas: stall frame 1364 ms -> contributing 1 tick (patch 0286)
[10:26:41] [info] drawcall drawSurface call 267000: src=16x16 dst=16x16 at (120,48) took 0ms
[10:26:42] [info] tas: stall frame 1348 ms -> contributing 1 tick (patch 0286)
[10:26:43] [info] tas: stall frame 1333 ms -> contributing 1 tick (patch 0286)
[10:26:44] [info] drawcall drawSurface call 268000: src=16x16 dst=16x16 at (56,176) took 0ms
[10:26:45] [info] flip-probe: flip #3790 ok=true present=1024ms inter_flip_ms=1334 drawcalls-since-flip=438 drawcalls-total=281119 fail-total=0 null-skips-total=0
[10:26:45] [info] tas: stall frame 1333 ms -> contributing 1 tick (patch 0286)
[10:26:46] [info] tas: stall frame 1318 ms -> contributing 1 tick (patch 0286)
[10:26:46] [info] tas: stall frame 231 ms -> contributing 1 tick (patch 0286)
[10:26:47] [info]  >> Entering stage 11: 'Mimiga Village'.
[10:26:47] [info] [skip-sheet-flush] cave=9
[10:26:47] [info] [load-stage] preloading entry music song=9 (cave=9)
[10:26:48] [info] gameloop: entered (curmap=11, running=1)
[10:26:48] [info] gameloop: iter 1 ticks=1765185 mapno=-1
[10:26:48] [info] drawcall drawSurface call 269000: src=16x16 dst=16x16 at (40,192) took 0ms
[10:26:49] [info] gameloop: iter 2 ticks=1766581 mapno=-1
[10:26:49] [info] tas: stall frame 1396 ms -> contributing 1 tick (patch 0286)
[10:26:50] [info] gameloop: iter 3 ticks=1767951 mapno=-1
[10:26:50] [info] tas: stall frame 1369 ms -> contributing 1 tick (patch 0286)
[10:26:52] [info] tas: stall frame 1373 ms -> contributing 1 tick (patch 0286)
[10:26:52] [info] drawcall drawSurface call 270000: src=16x16 dst=16x16 at (88,96) took 0ms
[10:26:53] [info] tas: stall frame 1405 ms -> contributing 1 tick (patch 0286)
[10:26:55] [info] tas: stall frame 1436 ms -> contributing 1 tick (patch 0286)
[10:26:56] [info] tas: stall frame 1487 ms -> contributing 1 tick (patch 0286)
[10:26:56] [info] drawcall drawSurface call 271000: src=16x16 dst=16x16 at (152,208) took 0ms
[10:26:58] [info] flip-probe: flip #3800 ok=true present=1342ms inter_flip_ms=1496 drawcalls-since-flip=384 drawcalls-total=284417 fail-total=0 null-skips-total=0
[10:26:58] [info] drawcall tally block 38: drawcalls=19750 total_ms=1526 avg_ms_x10=0 (over 100 flips ending at flip 3800)
[10:26:58] [info] alpha audit block 38: 19750 total drawcalls, 0 with alpha<255 (block pct_x10=0; global 0/271339 pct_x10=0); alpha-mod skipped: block=19841 global=280883
[10:26:58] [info] fastpath audit block 38: taken=0 (idx8=0) skipped=19750 pct_x10=0; global taken=0 (idx8=0) skipped=271339 pct_x10=0
[10:26:58] [info] primitive tally block 38: clear=202(hr=0) fill=0(hr=0) rect=0(hr=0) line=0(hr=0) tint=0 spotlight=0 (over 100 flips ending at flip 3800)
[10:26:58] [info] slowpath reason block 38: alpha=0 format=0 windim=19750 null_src=0 other=0 (of 19750 total drawSurface slow-path)
[10:26:58] [info] color/alpha audit block 38: cmod_white=91 cmod_black=0 (idx=0) cmod_general=0 (idx=0) cmod_fb=91; alpha_taken=0 alpha_skipped=0 (global cmod=10357/0/0/9544 idx=0/0 alpha=0/0)
[10:26:58] [info] phase timing block 38: drawcalls=20234 dc_total_ms=4465 flip_inner_total_ms=50701 inter_flip_total_ms=76788 (per-flip avg x10: dc_ms=446 fi_ms=5070 if_ms=7678 derived audio+engine_ms=2162; per-drawcall avg us_x10=2206) [direct-vesa: presents=0 total_ms=0 avg_ms_x10=0 failed=0] [ablation: NO_DC_TIMING=0 CACHE_WINSURF=0 DIRECT_VESA=1]
[10:26:58] [info] kbd/audio block 38: kbd_irq=0 kbd_drain=0 ring_chunks=16 pump_pass=3898 pic1_mask=0xb8 first_irq_ticks=0 install_ticks=0 vector_at_install=0x0083def0 pic1_mask_live=0x98 kbd_8042_stat=0x34 bios_kbd_head=0x0022 bios_kbd_tail=0x0022 bios_kbd_buf0=0x1c0d
[10:26:58] [info] dirty-rect block @flip=3800: total_calls=0 dirty_rects_avg=1 dirty_pct_x10=1000 forced_full=0 first_n_force=0 threshold_exceeded=0 dirty_path_taken=100 full_flush_taken=0
[10:26:58] [info] prev-frame-diff block @flip=3800: diff_calls=0 diff_rects_avg=0 diff_dirty_pct_x10=0 bbox_pct_x10=0 bbox_thresh_exceeded=0
[10:26:58] [info] tas: stall frame 1671 ms -> contributing 1 tick (patch 0286)
[10:26:59] [info] tas: stall frame 1637 ms -> contributing 1 tick (patch 0286)
[10:27:00] [info] drawcall drawSurface call 272000: src=16x16 dst=16x16 at (24,224) took 0ms
[10:27:01] [info] run_tick_fixed #3900: heartbeat (loop alive)
[10:27:01] [info] tas: stall frame 1749 ms -> contributing 1 tick (patch 0286)
[10:27:03] [info] tas: stall frame 1861 ms -> contributing 1 tick (patch 0286)
[10:27:05] [info] tas: stall frame 1949 ms -> contributing 1 tick (patch 0286)
[10:27:05] [info] drawcall drawSurface call 273000: src=16x16 dst=16x16 at (72,64) took 0ms
[10:27:07] [info] tas: stall frame 2060 ms -> contributing 1 tick (patch 0286)
[10:27:09] [info] tas: stall frame 2149 ms -> contributing 1 tick (patch 0286)
[10:27:11] [info] tas: stall frame 2247 ms -> contributing 1 tick (patch 0286)
[10:27:11] [info] drawcall drawSurface call 274000: src=16x16 dst=16x16 at (120,112) took 0ms
[10:27:14] [info] tas: stall frame 2282 ms -> contributing 1 tick (patch 0286)
[10:27:16] [info] tas: stall frame 2286 ms -> contributing 1 tick (patch 0286)
[10:27:16] [info] drawcall drawSurface call 275000: src=16x16 dst=16x16 at (-8,192) took 0ms
[10:27:18] [info] flip-probe: flip #3810 ok=true present=2015ms inter_flip_ms=2308 drawcalls-since-flip=372 drawcalls-total=288241 fail-total=0 null-skips-total=0
[10:27:18] [info] tas: stall frame 2283 ms -> contributing 1 tick (patch 0286)
[10:27:20] [info] tas: stall frame 2171 ms -> contributing 1 tick (patch 0286)
[10:27:22] [info] tas: stall frame 2051 ms -> contributing 1 tick (patch 0286)
[10:27:23] [info] drawcall drawSurface call 276000: src=1x6 dst=1x6 at (143,88) took 0ms
[10:27:24] [info] tas: stall frame 1926 ms -> contributing 1 tick (patch 0286)
[10:27:26] [info] tas: stall frame 1719 ms -> contributing 1 tick (patch 0286)
[10:27:28] [info] tas: stall frame 1539 ms -> contributing 1 tick (patch 0286)
[10:27:29] [info] tas: stall frame 1307 ms -> contributing 1 tick (patch 0286)
[10:27:30] [info] tas: stall frame 1101 ms -> contributing 1 tick (patch 0286)
[10:27:30] [info] drawcall drawSurface call 277000: src=16x16 dst=16x16 at (72,224) took 0ms
[10:27:31] [info] tas: stall frame 936 ms -> contributing 1 tick (patch 0286)
[10:27:32] [info] tas: stall frame 740 ms -> contributing 1 tick (patch 0286)
[10:27:32] [info] flip-probe: flip #3820 ok=true present=418ms inter_flip_ms=751 drawcalls-since-flip=116 drawcalls-total=290725 fail-total=0 null-skips-total=0
[10:27:32] [info] tas: stall frame 623 ms -> contributing 1 tick (patch 0286)
[10:27:33] [info] tas: stall frame 486 ms -> contributing 1 tick (patch 0286)
[10:27:33] [info] tas: stall frame 400 ms -> contributing 1 tick (patch 0286)
[10:27:34] [info] tas: stall frame 359 ms -> contributing 1 tick (patch 0286)
[10:27:34] [info] tas: stall frame 297 ms -> contributing 1 tick (patch 0286)
[10:27:34] [info] tas: stall frame 294 ms -> contributing 1 tick (patch 0286)
[10:27:34] [info] tas: stall frame 263 ms -> contributing 1 tick (patch 0286)
[10:27:35] [info] tas: stall frame 284 ms -> contributing 1 tick (patch 0286)
[10:27:35] [info] tas: stall frame 263 ms -> contributing 1 tick (patch 0286)
[10:27:35] [info] tas: stall frame 263 ms -> contributing 1 tick (patch 0286)
[10:27:36] [info] flip-probe: flip #3830 ok=true present=178ms inter_flip_ms=286 drawcalls-since-flip=42 drawcalls-total=291195 fail-total=0 null-skips-total=0
[10:27:36] [info] tas: stall frame 370 ms -> contributing 1 tick (patch 0286)
[10:27:36] [info] tas: stall frame 342 ms -> contributing 1 tick (patch 0286)
[10:27:36] [info] tas: stall frame 364 ms -> contributing 1 tick (patch 0286)
[10:27:37] [info] tas: stall frame 344 ms -> contributing 1 tick (patch 0286)
[10:27:37] [info] tas: stall frame 363 ms -> contributing 1 tick (patch 0286)
[10:27:37] [info] tas: stall frame 342 ms -> contributing 1 tick (patch 0286)
[10:27:38] [info] tas: stall frame 395 ms -> contributing 1 tick (patch 0286)
[10:27:38] [info] tas: stall frame 372 ms -> contributing 1 tick (patch 0286)
[10:27:39] [info] tas: stall frame 384 ms -> contributing 1 tick (patch 0286)
[10:27:39] [info] tas: stall frame 389 ms -> contributing 1 tick (patch 0286)
[10:27:39] [info] flip-probe: flip #3840 ok=true present=197ms inter_flip_ms=367 drawcalls-since-flip=44 drawcalls-total=291625 fail-total=0 null-skips-total=0
[10:27:39] [info] tas: stall frame 377 ms -> contributing 1 tick (patch 0286)
[10:27:39] [info] drawcall drawSurface call 278000: src=8x8 dst=8x8 at (32,32) took 0ms
[10:27:40] [info] tas: stall frame 391 ms -> contributing 1 tick (patch 0286)
[10:27:40] [info] tas: stall frame 366 ms -> contributing 1 tick (patch 0286)
[10:27:41] [info] tas: stall frame 601 ms -> contributing 1 tick (patch 0286)
[10:27:41] [info] tas: stall frame 396 ms -> contributing 1 tick (patch 0286)
[10:27:41] [info] tas: stall frame 376 ms -> contributing 1 tick (patch 0286)
[10:27:42] [info] tas: stall frame 391 ms -> contributing 1 tick (patch 0286)
[10:27:42] [info] tas: stall frame 412 ms -> contributing 1 tick (patch 0286)
[10:27:43] [info] tas: stall frame 391 ms -> contributing 1 tick (patch 0286)
[10:27:43] [info] tas: stall frame 405 ms -> contributing 1 tick (patch 0286)
[10:27:43] [info] flip-probe: flip #3850 ok=true present=214ms inter_flip_ms=401 drawcalls-since-flip=45 drawcalls-total=292069 fail-total=0 null-skips-total=0
[10:27:43] [info] tas: stall frame 410 ms -> contributing 1 tick (patch 0286)
[10:27:44] [info] tas: stall frame 405 ms -> contributing 1 tick (patch 0286)
[10:27:44] [info] backdrop cache: thrashing-detect engaged (streak=4, route=direct)
[10:27:44] [info] tas: stall frame 376 ms -> contributing 1 tick (patch 0286)
[10:27:45] [info] tas: stall frame 370 ms -> contributing 1 tick (patch 0286)
[10:27:45] [info] tas: stall frame 370 ms -> contributing 1 tick (patch 0286)
[10:27:45] [info] tas: stall frame 406 ms -> contributing 1 tick (patch 0286)
[10:27:46] [info] tas: stall frame 402 ms -> contributing 1 tick (patch 0286)
[10:27:46] [info] tas: stall frame 386 ms -> contributing 1 tick (patch 0286)
[10:27:47] [info] tas: stall frame 374 ms -> contributing 1 tick (patch 0286)
[10:27:47] [info] tas: stall frame 372 ms -> contributing 1 tick (patch 0286)
[10:27:47] [info] flip-probe: flip #3860 ok=true present=211ms inter_flip_ms=372 drawcalls-since-flip=45 drawcalls-total=292522 fail-total=0 null-skips-total=0
[10:27:47] [info] tas: stall frame 377 ms -> contributing 1 tick (patch 0286)
[10:27:48] [info] tas: stall frame 365 ms -> contributing 1 tick (patch 0286)
[10:27:48] [info] tas: stall frame 358 ms -> contributing 1 tick (patch 0286)
[10:27:48] [info] tas: stall frame 338 ms -> contributing 1 tick (patch 0286)
[10:27:49] [info] tas: stall frame 338 ms -> contributing 1 tick (patch 0286)
[10:27:49] [info] tas: stall frame 359 ms -> contributing 1 tick (patch 0286)
[10:27:49] [info] tas: stall frame 342 ms -> contributing 1 tick (patch 0286)
[10:27:50] [info] tas: stall frame 340 ms -> contributing 1 tick (patch 0286)
[10:27:50] [info] tas: stall frame 334 ms -> contributing 1 tick (patch 0286)
[10:27:50] [info] tas: stall frame 338 ms -> contributing 1 tick (patch 0286)
[10:27:51] [info] flip-probe: flip #3870 ok=true present=198ms inter_flip_ms=337 drawcalls-since-flip=42 drawcalls-total=292955 fail-total=0 null-skips-total=0
[10:27:51] [info] tas: stall frame 344 ms -> contributing 1 tick (patch 0286)
[10:27:51] [info] tas: stall frame 333 ms -> contributing 1 tick (patch 0286)
[10:27:51] [info] tas: stall frame 332 ms -> contributing 1 tick (patch 0286)
[10:27:52] [info] tas: stall frame 333 ms -> contributing 1 tick (patch 0286)
[10:27:52] [info] drawcall drawSurface call 279000: src=5x8 dst=5x8 at (145,89) took 0ms
[10:27:52] [info] tas: stall frame 321 ms -> contributing 1 tick (patch 0286)
[10:27:52] [info] tas: stall frame 316 ms -> contributing 1 tick (patch 0286)
[10:27:53] [info] tas: stall frame 315 ms -> contributing 1 tick (patch 0286)
[10:27:53] [info] tas: stall frame 314 ms -> contributing 1 tick (patch 0286)
[10:27:53] [info] tas: stall frame 315 ms -> contributing 1 tick (patch 0286)
[10:27:54] [info] tas: stall frame 316 ms -> contributing 1 tick (patch 0286)
[10:27:54] [info] flip-probe: flip #3880 ok=true present=178ms inter_flip_ms=316 drawcalls-since-flip=41 drawcalls-total=293368 fail-total=0 null-skips-total=0
[10:27:54] [info] tas: stall frame 324 ms -> contributing 1 tick (patch 0286)
[10:27:54] [info] tas: stall frame 316 ms -> contributing 1 tick (patch 0286)
[10:27:55] [info] tas: stall frame 316 ms -> contributing 1 tick (patch 0286)
[10:27:55] [info] tas: stall frame 319 ms -> contributing 1 tick (patch 0286)
[10:27:55] [info] tas: stall frame 322 ms -> contributing 1 tick (patch 0286)
[10:27:56] [info] tas: stall frame 324 ms -> contributing 1 tick (patch 0286)
[10:27:56] [info] tas: stall frame 329 ms -> contributing 1 tick (patch 0286)
[10:27:56] [info] tas: stall frame 328 ms -> contributing 1 tick (patch 0286)
[10:27:57] [info] tas: stall frame 333 ms -> contributing 1 tick (patch 0286)
[10:27:57] [info] tas: stall frame 334 ms -> contributing 1 tick (patch 0286)
[10:27:57] [info] flip-probe: flip #3890 ok=true present=178ms inter_flip_ms=338 drawcalls-since-flip=42 drawcalls-total=293786 fail-total=0 null-skips-total=0
[10:27:57] [info] tas: stall frame 346 ms -> contributing 1 tick (patch 0286)
[10:27:58] [info] tas: stall frame 341 ms -> contributing 1 tick (patch 0286)
[10:27:58] [info] tas: stall frame 343 ms -> contributing 1 tick (patch 0286)
[10:27:58] [info] tas: stall frame 345 ms -> contributing 1 tick (patch 0286)
[10:27:59] [info] tas: stall frame 345 ms -> contributing 1 tick (patch 0286)
[10:27:59] [info] tas: stall frame 345 ms -> contributing 1 tick (patch 0286)
[10:27:59] [info] tas: stall frame 345 ms -> contributing 1 tick (patch 0286)
[10:28:00] [info] tas: stall frame 346 ms -> contributing 1 tick (patch 0286)
[10:28:00] [info] tas: stall frame 344 ms -> contributing 1 tick (patch 0286)
[10:28:00] [info] tas: stall frame 344 ms -> contributing 1 tick (patch 0286)
[10:28:01] [info] flip-probe: flip #3900 ok=true present=205ms inter_flip_ms=345 drawcalls-since-flip=42 drawcalls-total=294206 fail-total=0 null-skips-total=0
[10:28:01] [info] drawcall tally block 39: drawcalls=8389 total_ms=742 avg_ms_x10=0 (over 100 flips ending at flip 3900)
[10:28:01] [info] alpha audit block 39: 8389 total drawcalls, 0 with alpha<255 (block pct_x10=0; global 0/279728 pct_x10=0); alpha-mod skipped: block=9689 global=290572
[10:28:01] [info] fastpath audit block 39: taken=0 (idx8=0) skipped=8389 pct_x10=0; global taken=0 (idx8=0) skipped=279728 pct_x10=0
[10:28:01] [info] primitive tally block 39: clear=200(hr=0) fill=0(hr=0) rect=0(hr=0) line=0(hr=0) tint=0 spotlight=0 (over 100 flips ending at flip 3900)
[10:28:01] [info] slowpath reason block 39: alpha=0 format=0 windim=8389 null_src=0 other=0 (of 8389 total drawSurface slow-path)
[10:28:01] [info] color/alpha audit block 39: cmod_white=1300 cmod_black=0 (idx=0) cmod_general=0 (idx=0) cmod_fb=1300; alpha_taken=0 alpha_skipped=0 (global cmod=11657/0/0/10844 idx=0/0 alpha=0/0)
[10:28:01] [info] phase timing block 39: drawcalls=11240 dc_total_ms=2628 flip_inner_total_ms=45347 inter_flip_total_ms=64221 (per-flip avg x10: dc_ms=262 fi_ms=4534 if_ms=6422 derived audio+engine_ms=1626; per-drawcall avg us_x10=2338) [direct-vesa: presents=0 total_ms=0 avg_ms_x10=0 failed=0] [ablation: NO_DC_TIMING=0 CACHE_WINSURF=0 DIRECT_VESA=1]
[10:28:01] [info] kbd/audio block 39: kbd_irq=0 kbd_drain=0 ring_chunks=16 pump_pass=3998 pic1_mask=0xb8 first_irq_ticks=0 install_ticks=0 vector_at_install=0x0083def0 pic1_mask_live=0x98 kbd_8042_stat=0x34 bios_kbd_head=0x0022 bios_kbd_tail=0x0022 bios_kbd_buf0=0x1c0d
[10:28:01] [info] dirty-rect block @flip=3900: total_calls=0 dirty_rects_avg=1 dirty_pct_x10=1000 forced_full=0 first_n_force=0 threshold_exceeded=0 dirty_path_taken=100 full_flush_taken=0
[10:28:01] [info] prev-frame-diff block @flip=3900: diff_calls=0 diff_rects_avg=0 diff_dirty_pct_x10=0 bbox_pct_x10=0 bbox_thresh_exceeded=0
[10:28:01] [info] tas: stall frame 453 ms -> contributing 1 tick (patch 0286)
[10:28:01] [info] tas: stall frame 344 ms -> contributing 1 tick (patch 0286)
[10:28:01] [info] tas: stall frame 346 ms -> contributing 1 tick (patch 0286)
[10:28:02] [info] tas: stall frame 347 ms -> contributing 1 tick (patch 0286)
[10:28:02] [info] tas: stall frame 350 ms -> contributing 1 tick (patch 0286)
[10:28:03] [info] tas: stall frame 355 ms -> contributing 1 tick (patch 0286)
[10:28:03] [info] tas: stall frame 356 ms -> contributing 1 tick (patch 0286)
[10:28:03] [info] tas: stall frame 358 ms -> contributing 1 tick (patch 0286)
[10:28:04] [info] tas: stall frame 359 ms -> contributing 1 tick (patch 0286)
[10:28:04] [info] tas: stall frame 360 ms -> contributing 1 tick (patch 0286)
[10:28:04] [info] drawcall drawSurface call 280000: src=14x14 dst=14x14 at (17,17) took 0ms
[10:28:04] [info] flip-probe: flip #3910 ok=true present=177ms inter_flip_ms=370 drawcalls-since-flip=43 drawcalls-total=294634 fail-total=0 null-skips-total=0
[10:28:04] [info] tas: stall frame 376 ms -> contributing 1 tick (patch 0286)
[10:28:05] [info] tas: stall frame 364 ms -> contributing 1 tick (patch 0286)
[10:28:05] [info] backdrop cache: thrashing-detect engaged (streak=64, route=direct)
[10:28:05] [info] tas: stall frame 373 ms -> contributing 1 tick (patch 0286)
[10:28:05] [info] tas: stall frame 367 ms -> contributing 1 tick (patch 0286)
[10:28:06] [info] tas: stall frame 261 ms -> contributing 1 tick (patch 0286)
[10:28:06] [info] tas: stall frame 257 ms -> contributing 1 tick (patch 0286)
[10:28:06] [info] tas: stall frame 256 ms -> contributing 1 tick (patch 0286)
[10:28:06] [info] tas: stall frame 254 ms -> contributing 1 tick (patch 0286)
[10:28:07] [info] tas: stall frame 254 ms -> contributing 1 tick (patch 0286)
[10:28:07] [info] tas: stall frame 268 ms -> contributing 1 tick (patch 0286)
[10:28:07] [info] flip-probe: flip #3920 ok=true present=81ms inter_flip_ms=268 drawcalls-since-flip=18 drawcalls-total=294885 fail-total=0 null-skips-total=0
[10:28:07] [info] tas: stall frame 275 ms -> contributing 1 tick (patch 0286)
[10:28:08] [info] tas: stall frame 262 ms -> contributing 1 tick (patch 0286)
[10:28:08] [info] tas: stall frame 265 ms -> contributing 1 tick (patch 0286)
[10:28:08] [info] tas: stall frame 267 ms -> contributing 1 tick (patch 0286)
[10:28:08] [info] tas: stall frame 265 ms -> contributing 1 tick (patch 0286)
[10:28:09] [info] tas: stall frame 266 ms -> contributing 1 tick (patch 0286)
[10:28:09] [info] tas: stall frame 277 ms -> contributing 1 tick (patch 0286)
[10:28:09] [info] tas: stall frame 274 ms -> contributing 1 tick (patch 0286)
[10:28:09] [info] tas: stall frame 276 ms -> contributing 1 tick (patch 0286)
[10:28:10] [info] tas: stall frame 283 ms -> contributing 1 tick (patch 0286)
[10:28:10] [info] flip-probe: flip #3930 ok=true present=81ms inter_flip_ms=282 drawcalls-since-flip=17 drawcalls-total=295058 fail-total=0 null-skips-total=0
[10:28:10] [info] tas: stall frame 289 ms -> contributing 1 tick (patch 0286)
[10:28:10] [info] tas: stall frame 281 ms -> contributing 1 tick (patch 0286)
[10:28:11] [info] tas: stall frame 287 ms -> contributing 1 tick (patch 0286)
[10:28:11] [info] tas: stall frame 284 ms -> contributing 1 tick (patch 0286)
[10:28:11] [info] tas: stall frame 290 ms -> contributing 1 tick (patch 0286)
[10:28:11] [info] tas: stall frame 297 ms -> contributing 1 tick (patch 0286)
[10:28:12] [info] tas: stall frame 301 ms -> contributing 1 tick (patch 0286)
[10:28:12] [info] tas: stall frame 301 ms -> contributing 1 tick (patch 0286)
[10:28:12] [info] tas: stall frame 314 ms -> contributing 1 tick (patch 0286)
[10:28:13] [info] tas: stall frame 314 ms -> contributing 1 tick (patch 0286)
[10:28:13] [info] flip-probe: flip #3940 ok=true present=81ms inter_flip_ms=317 drawcalls-since-flip=16 drawcalls-total=295221 fail-total=0 null-skips-total=0
[10:28:13] [info] tas: stall frame 323 ms -> contributing 1 tick (patch 0286)
[10:28:13] [info] tas: stall frame 314 ms -> contributing 1 tick (patch 0286)
[10:28:14] [info] tas: stall frame 315 ms -> contributing 1 tick (patch 0286)
[10:28:14] [info] tas: stall frame 314 ms -> contributing 1 tick (patch 0286)
[10:28:14] [info] tas: stall frame 315 ms -> contributing 1 tick (patch 0286)
[10:28:15] [info] tas: stall frame 316 ms -> contributing 1 tick (patch 0286)
[10:28:15] [info] tas: stall frame 315 ms -> contributing 1 tick (patch 0286)
[10:28:15] [info] tas: stall frame 315 ms -> contributing 1 tick (patch 0286)
[10:28:16] [info] tas: stall frame 315 ms -> contributing 1 tick (patch 0286)
[10:28:16] [info] tas: stall frame 314 ms -> contributing 1 tick (patch 0286)
[10:28:16] [info] flip-probe: flip #3950 ok=true present=81ms inter_flip_ms=315 drawcalls-since-flip=16 drawcalls-total=295381 fail-total=0 null-skips-total=0
[10:28:16] [info] tas: stall frame 323 ms -> contributing 1 tick (patch 0286)
[10:28:16] [info] tas: stall frame 316 ms -> contributing 1 tick (patch 0286)
[10:28:17] [info] tas: stall frame 316 ms -> contributing 1 tick (patch 0286)
[10:28:17] [info] tas: stall frame 315 ms -> contributing 1 tick (patch 0286)
[10:28:17] [info] tas: stall frame 316 ms -> contributing 1 tick (patch 0286)
[10:28:18] [info] tas: stall frame 315 ms -> contributing 1 tick (patch 0286)
[10:28:18] [info] tas: stall frame 317 ms -> contributing 1 tick (patch 0286)
[10:28:18] [info] tas: stall frame 317 ms -> contributing 1 tick (patch 0286)
[10:28:19] [info] tas: stall frame 315 ms -> contributing 1 tick (patch 0286)
[10:28:19] [info] tas: stall frame 316 ms -> contributing 1 tick (patch 0286)
[10:28:19] [info] flip-probe: flip #3960 ok=true present=81ms inter_flip_ms=316 drawcalls-since-flip=19 drawcalls-total=295547 fail-total=0 null-skips-total=0
[10:28:19] [info] tas: stall frame 325 ms -> contributing 1 tick (patch 0286)
[10:28:20] [info] tas: stall frame 316 ms -> contributing 1 tick (patch 0286)
[10:28:20] [info] tas: stall frame 316 ms -> contributing 1 tick (patch 0286)
[10:28:20] [info] tas: stall frame 316 ms -> contributing 1 tick (patch 0286)
[10:28:21] [info] tas: stall frame 316 ms -> contributing 1 tick (patch 0286)
[10:28:21] [info] tas: stall frame 320 ms -> contributing 1 tick (patch 0286)
[10:28:21] [info] tas: stall frame 314 ms -> contributing 1 tick (patch 0286)
[10:28:22] [info] tas: stall frame 304 ms -> contributing 1 tick (patch 0286)
[10:28:22] [info] tas: stall frame 289 ms -> contributing 1 tick (patch 0286)
[10:28:22] [info] drawcall drawSurface call 281000: src=8x8 dst=8x8 at (48,24) took 1ms
[10:28:22] [info] tas: stall frame 286 ms -> contributing 1 tick (patch 0286)
[10:28:22] [info] flip-probe: flip #3970 ok=true present=81ms inter_flip_ms=271 drawcalls-since-flip=19 drawcalls-total=295737 fail-total=0 null-skips-total=0
[10:28:22] [info] tas: stall frame 280 ms -> contributing 1 tick (patch 0286)
[10:28:23] [info] tas: stall frame 264 ms -> contributing 1 tick (patch 0286)
[10:28:23] [info] backdrop cache: thrashing-detect engaged (streak=124, route=direct)
[10:28:23] [info] tas: stall frame 269 ms -> contributing 1 tick (patch 0286)
[10:28:23] [info] tas: stall frame 263 ms -> contributing 1 tick (patch 0286)
[10:28:23] [info] tas: stall frame 257 ms -> contributing 1 tick (patch 0286)
[10:28:24] [info] tas: stall frame 258 ms -> contributing 1 tick (patch 0286)
[10:28:24] [info] tas: stall frame 258 ms -> contributing 1 tick (patch 0286)
[10:28:24] [info] tas: stall frame 256 ms -> contributing 1 tick (patch 0286)
[10:28:24] [info] tas: stall frame 256 ms -> contributing 1 tick (patch 0286)
[10:28:25] [info] tas: stall frame 257 ms -> contributing 1 tick (patch 0286)
[10:28:25] [info] flip-probe: flip #3980 ok=true present=81ms inter_flip_ms=473 drawcalls-since-flip=18 drawcalls-total=295921 fail-total=0 null-skips-total=0
[10:28:25] [info] tas: stall frame 481 ms -> contributing 1 tick (patch 0286)
[10:28:25] [info] tas: stall frame 257 ms -> contributing 1 tick (patch 0286)
[10:28:26] [info] tas: stall frame 257 ms -> contributing 1 tick (patch 0286)
[10:28:26] [info] tas: stall frame 256 ms -> contributing 1 tick (patch 0286)
[10:28:26] [info] tas: stall frame 257 ms -> contributing 1 tick (patch 0286)
[10:28:27] [info] tas: stall frame 255 ms -> contributing 1 tick (patch 0286)
[10:28:27] [info] tas: stall frame 256 ms -> contributing 1 tick (patch 0286)
[10:28:27] [info] tas: stall frame 250 ms -> contributing 1 tick (patch 0286)
[10:28:27] [info] tas: stall frame 242 ms -> contributing 1 tick (patch 0286)
[10:28:27] [info] tas: stall frame 236 ms -> contributing 1 tick (patch 0286)
[10:28:28] [info] flip-probe: flip #3990 ok=true present=81ms inter_flip_ms=234 drawcalls-since-flip=18 drawcalls-total=296101 fail-total=0 null-skips-total=0
[10:28:28] [info] tas: stall frame 240 ms -> contributing 1 tick (patch 0286)
[10:28:28] [info] tas: stall frame 232 ms -> contributing 1 tick (patch 0286)
[10:28:28] [info] tas: stall frame 232 ms -> contributing 1 tick (patch 0286)
[10:28:28] [info] tas: stall frame 232 ms -> contributing 1 tick (patch 0286)
[10:28:29] [info] tas: stall frame 232 ms -> contributing 1 tick (patch 0286)
[10:28:29] [info] tas: stall frame 231 ms -> contributing 1 tick (patch 0286)
[10:28:29] [info] tas: stall frame 232 ms -> contributing 1 tick (patch 0286)
[10:28:29] [info] tas: stall frame 240 ms -> contributing 1 tick (patch 0286)
[10:28:30] [info] tas: stall frame 233 ms -> contributing 1 tick (patch 0286)
[10:28:30] [info] tas: stall frame 232 ms -> contributing 1 tick (patch 0286)
[10:28:30] [info] flip-probe: flip #4000 ok=true present=107ms inter_flip_ms=226 drawcalls-since-flip=18 drawcalls-total=296277 fail-total=0 null-skips-total=0
[10:28:30] [info] drawcall tally block 40: drawcalls=1802 total_ms=154 avg_ms_x10=0 (over 100 flips ending at flip 4000)
[10:28:30] [info] alpha audit block 40: 1802 total drawcalls, 0 with alpha<255 (block pct_x10=0; global 0/281530 pct_x10=0); alpha-mod skipped: block=1971 global=292543
[10:28:30] [info] fastpath audit block 40: taken=0 (idx8=0) skipped=1802 pct_x10=0; global taken=0 (idx8=0) skipped=281530 pct_x10=0
[10:28:30] [info] primitive tally block 40: clear=200(hr=0) fill=0(hr=0) rect=0(hr=0) line=0(hr=0) tint=0 spotlight=0 (over 100 flips ending at flip 4000)
[10:28:30] [info] slowpath reason block 40: alpha=0 format=0 windim=1802 null_src=0 other=0 (of 1802 total drawSurface slow-path)
[10:28:30] [info] color/alpha audit block 40: cmod_white=169 cmod_black=0 (idx=0) cmod_general=0 (idx=0) cmod_fb=169; alpha_taken=0 alpha_skipped=0 (global cmod=11826/0/0/11013 idx=0/0 alpha=0/0)
[10:28:30] [info] phase timing block 40: drawcalls=2340 dc_total_ms=449 flip_inner_total_ms=9648 inter_flip_total_ms=29472 (per-flip avg x10: dc_ms=44 fi_ms=964 if_ms=2947 derived audio+engine_ms=1939; per-drawcall avg us_x10=1919) [direct-vesa: presents=0 total_ms=0 avg_ms_x10=0 failed=0] [ablation: NO_DC_TIMING=0 CACHE_WINSURF=0 DIRECT_VESA=1]
[10:28:30] [info] kbd/audio block 40: kbd_irq=0 kbd_drain=0 ring_chunks=16 pump_pass=4098 pic1_mask=0xb8 first_irq_ticks=0 install_ticks=0 vector_at_install=0x0083def0 pic1_mask_live=0x98 kbd_8042_stat=0x34 bios_kbd_head=0x0022 bios_kbd_tail=0x0022 bios_kbd_buf0=0x1c0d
[10:28:30] [info] dirty-rect block @flip=4000: total_calls=0 dirty_rects_avg=1 dirty_pct_x10=1000 forced_full=0 first_n_force=0 threshold_exceeded=0 dirty_path_taken=100 full_flush_taken=0
[10:28:30] [info] prev-frame-diff block @flip=4000: diff_calls=0 diff_rects_avg=0 diff_dirty_pct_x10=0 bbox_pct_x10=0 bbox_thresh_exceeded=0
[10:28:30] [info] tas: stall frame 329 ms -> contributing 1 tick (patch 0286)
[10:28:30] [info] tas: stall frame 211 ms -> contributing 1 tick (patch 0286)
[10:28:31] [info] tas: stall frame 204 ms -> contributing 1 tick (patch 0286)
[10:28:31] [info] tas: stall frame 204 ms -> contributing 1 tick (patch 0286)
[10:28:31] [info] tas: stall frame 204 ms -> contributing 1 tick (patch 0286)
[10:28:31] [info] tas: stall frame 203 ms -> contributing 1 tick (patch 0286)
[10:28:31] [info] tas: stall frame 204 ms -> contributing 1 tick (patch 0286)
[10:28:32] [info] tas: stall frame 203 ms -> contributing 1 tick (patch 0286)
[10:28:32] [info] tas: stall frame 203 ms -> contributing 1 tick (patch 0286)
[10:28:32] [info] tas: stall frame 203 ms -> contributing 1 tick (patch 0286)
[10:28:32] [info] flip-probe: flip #4010 ok=true present=81ms inter_flip_ms=203 drawcalls-since-flip=17 drawcalls-total=296449 fail-total=0 null-skips-total=0
[10:28:32] [info] tas: stall frame 211 ms -> contributing 1 tick (patch 0286)
[10:28:32] [info] tas: stall frame 202 ms -> contributing 1 tick (patch 0286)
[10:28:33] [info] tas: stall frame 202 ms -> contributing 1 tick (patch 0286)
[10:28:33] [info] tas: stall frame 204 ms -> contributing 1 tick (patch 0286)
[10:28:33] [info] tas: stall frame 205 ms -> contributing 1 tick (patch 0286)
[10:28:33] [info] tas: stall frame 209 ms -> contributing 1 tick (patch 0286)
[10:28:33] [info] tas: stall frame 209 ms -> contributing 1 tick (patch 0286)
[10:28:34] [info] tas: stall frame 209 ms -> contributing 1 tick (patch 0286)
[10:28:34] [info] tas: stall frame 212 ms -> contributing 1 tick (patch 0286)
[10:28:34] [info] tas: stall frame 215 ms -> contributing 1 tick (patch 0286)
[10:28:34] [info] flip-probe: flip #4020 ok=true present=81ms inter_flip_ms=217 drawcalls-since-flip=17 drawcalls-total=296619 fail-total=0 null-skips-total=0
[10:28:34] [info] tas: stall frame 225 ms -> contributing 1 tick (patch 0286)
[10:28:35] [info] tas: stall frame 218 ms -> contributing 1 tick (patch 0286)
[10:28:35] [info] tas: stall frame 222 ms -> contributing 1 tick (patch 0286)
[10:28:35] [info] tas: stall frame 223 ms -> contributing 1 tick (patch 0286)
[10:28:35] [info] tas: stall frame 224 ms -> contributing 1 tick (patch 0286)
[10:28:35] [info] tas: stall frame 224 ms -> contributing 1 tick (patch 0286)
[10:28:36] [info] tas: stall frame 228 ms -> contributing 1 tick (patch 0286)
[10:28:36] [info] tas: stall frame 227 ms -> contributing 1 tick (patch 0286)
[10:28:36] [info] tas: stall frame 229 ms -> contributing 1 tick (patch 0286)
[10:28:36] [info] tas: stall frame 229 ms -> contributing 1 tick (patch 0286)
[10:28:36] [info] drawcall drawSurface call 282000: src=16x16 dst=16x16 at (65,99) took 0ms
[10:28:37] [info] flip-probe: flip #4030 ok=true present=81ms inter_flip_ms=238 drawcalls-since-flip=17 drawcalls-total=296789 fail-total=0 null-skips-total=0
[10:28:37] [info] tas: stall frame 246 ms -> contributing 1 tick (patch 0286)
[10:28:37] [info] tas: stall frame 230 ms -> contributing 1 tick (patch 0286)
[10:28:37] [info] backdrop cache: thrashing-detect engaged (streak=184, route=direct)
[10:28:37] [info] tas: stall frame 235 ms -> contributing 1 tick (patch 0286)
[10:28:37] [info] tas: stall frame 226 ms -> contributing 1 tick (patch 0286)
[10:28:37] [info] tas: stall frame 226 ms -> contributing 1 tick (patch 0286)
[10:28:38] [info] tas: stall frame 225 ms -> contributing 1 tick (patch 0286)
[10:28:38] [info] tas: stall frame 224 ms -> contributing 1 tick (patch 0286)
[10:28:38] [info] tas: stall frame 222 ms -> contributing 1 tick (patch 0286)
[10:28:38] [info] tas: stall frame 214 ms -> contributing 1 tick (patch 0286)
[10:28:39] [info] tas: stall frame 213 ms -> contributing 1 tick (patch 0286)
[10:28:39] [info] flip-probe: flip #4040 ok=true present=81ms inter_flip_ms=203 drawcalls-since-flip=17 drawcalls-total=296959 fail-total=0 null-skips-total=0
[10:28:39] [info] tas: stall frame 211 ms -> contributing 1 tick (patch 0286)
[10:28:39] [info] tas: stall frame 203 ms -> contributing 1 tick (patch 0286)
[10:28:39] [info] tas: stall frame 204 ms -> contributing 1 tick (patch 0286)
[10:28:39] [info] tas: stall frame 203 ms -> contributing 1 tick (patch 0286)
[10:28:40] [info] tas: stall frame 203 ms -> contributing 1 tick (patch 0286)
[10:28:40] [info] tas: stall frame 204 ms -> contributing 1 tick (patch 0286)
[10:28:40] [info] tas: stall frame 205 ms -> contributing 1 tick (patch 0286)
[10:28:40] [info] tas: stall frame 206 ms -> contributing 1 tick (patch 0286)
[10:28:40] [info] tas: stall frame 203 ms -> contributing 1 tick (patch 0286)
[10:28:41] [info] tas: stall frame 202 ms -> contributing 1 tick (patch 0286)
[10:28:41] [info] flip-probe: flip #4050 ok=true present=81ms inter_flip_ms=204 drawcalls-since-flip=16 drawcalls-total=297119 fail-total=0 null-skips-total=0
[10:28:41] [info] tas: stall frame 222 ms -> contributing 1 tick (patch 0286)
[10:28:41] [info] tas: stall frame 204 ms -> contributing 1 tick (patch 0286)
[10:28:41] [info] tas: stall frame 203 ms -> contributing 1 tick (patch 0286)
[10:28:41] [info] tas: stall frame 203 ms -> contributing 1 tick (patch 0286)
[10:28:42] [info] tas: stall frame 204 ms -> contributing 1 tick (patch 0286)
[10:28:42] [info] tas: stall frame 203 ms -> contributing 1 tick (patch 0286)
[10:28:42] [info] tas: stall frame 203 ms -> contributing 1 tick (patch 0286)
[10:28:42] [info] tas: stall frame 206 ms -> contributing 1 tick (patch 0286)
[10:28:42] [info] tas: stall frame 203 ms -> contributing 1 tick (patch 0286)
[10:28:43] [info] tas: stall frame 204 ms -> contributing 1 tick (patch 0286)
[10:28:43] [info] flip-probe: flip #4060 ok=true present=80ms inter_flip_ms=203 drawcalls-since-flip=16 drawcalls-total=297279 fail-total=0 null-skips-total=0
[10:28:43] [info] tas: stall frame 209 ms -> contributing 1 tick (patch 0286)
[10:28:43] [info] tas: stall frame 206 ms -> contributing 1 tick (patch 0286)
[10:28:43] [info] tas: stall frame 203 ms -> contributing 1 tick (patch 0286)
[10:28:44] [info] tas: stall frame 205 ms -> contributing 1 tick (patch 0286)
[10:28:44] [info] tas: stall frame 203 ms -> contributing 1 tick (patch 0286)
[10:28:44] [info] tas: stall frame 203 ms -> contributing 1 tick (patch 0286)
[10:28:44] [info] tas: stall frame 205 ms -> contributing 1 tick (patch 0286)
[10:28:44] [info] tas: stall frame 204 ms -> contributing 1 tick (patch 0286)
[10:28:45] [info] tas: stall frame 204 ms -> contributing 1 tick (patch 0286)
[10:28:45] [info] tas: stall frame 203 ms -> contributing 1 tick (patch 0286)
[10:28:45] [info] flip-probe: flip #4070 ok=true present=81ms inter_flip_ms=202 drawcalls-since-flip=16 drawcalls-total=297439 fail-total=0 null-skips-total=0
[10:28:45] [info] tas: stall frame 210 ms -> contributing 1 tick (patch 0286)
[10:28:45] [info] tas: stall frame 202 ms -> contributing 1 tick (patch 0286)
[10:28:45] [info] tas: stall frame 205 ms -> contributing 1 tick (patch 0286)
[10:28:46] [info] tas: stall frame 201 ms -> contributing 1 tick (patch 0286)
[10:28:46] [info] tas: stall frame 200 ms -> contributing 1 tick (patch 0286)
[10:28:46] [info] tas: stall frame 196 ms -> contributing 1 tick (patch 0286)
[10:28:46] [info] tas: stall frame 188 ms -> contributing 1 tick (patch 0286)
[10:28:46] [info] tas: stall frame 188 ms -> contributing 1 tick (patch 0286)
[10:28:47] [info] tas: stall frame 191 ms -> contributing 1 tick (patch 0286)
[10:28:47] [info] tas: stall frame 187 ms -> contributing 1 tick (patch 0286)
[10:28:47] [info] flip-probe: flip #4080 ok=true present=81ms inter_flip_ms=189 drawcalls-since-flip=16 drawcalls-total=297599 fail-total=0 null-skips-total=0
[10:28:47] [info] tas: stall frame 195 ms -> contributing 1 tick (patch 0286)
[10:28:47] [info] tas: stall frame 186 ms -> contributing 1 tick (patch 0286)
[10:28:47] [info] tas: stall frame 188 ms -> contributing 1 tick (patch 0286)
[10:28:47] [info] tas: stall frame 189 ms -> contributing 1 tick (patch 0286)
[10:28:48] [info] tas: stall frame 188 ms -> contributing 1 tick (patch 0286)
[10:28:48] [info] tas: stall frame 188 ms -> contributing 1 tick (patch 0286)
[10:28:48] [info] tas: stall frame 188 ms -> contributing 1 tick (patch 0286)
[10:28:48] [info] tas: stall frame 188 ms -> contributing 1 tick (patch 0286)
[10:28:48] [info] tas: stall frame 188 ms -> contributing 1 tick (patch 0286)
[10:28:49] [info] tas: stall frame 188 ms -> contributing 1 tick (patch 0286)
[10:28:49] [info] flip-probe: flip #4090 ok=true present=81ms inter_flip_ms=187 drawcalls-since-flip=16 drawcalls-total=297759 fail-total=0 null-skips-total=0
[10:28:49] [info] tas: stall frame 194 ms -> contributing 1 tick (patch 0286)
[10:28:49] [info] tas: stall frame 187 ms -> contributing 1 tick (patch 0286)
[10:28:49] [info] backdrop cache: thrashing-detect engaged (streak=244, route=direct)
[10:28:49] [info] tas: stall frame 193 ms -> contributing 1 tick (patch 0286)
[10:28:49] [info] tas: stall frame 189 ms -> contributing 1 tick (patch 0286)
[10:28:50] [info] tas: stall frame 198 ms -> contributing 1 tick (patch 0286)
[10:28:50] [info] drawcall drawSurface call 283000: src=16x8 dst=16x8 at (64,24) took 0ms
[10:28:50] [info] tas: stall frame 211 ms -> contributing 1 tick (patch 0286)
[10:28:50] [info] tas: stall frame 208 ms -> contributing 1 tick (patch 0286)
[10:28:50] [info] tas: stall frame 208 ms -> contributing 1 tick (patch 0286)
[10:28:50] [info] tas: stall frame 212 ms -> contributing 1 tick (patch 0286)
[10:28:51] [info] tas: stall frame 427 ms -> contributing 1 tick (patch 0286)
[10:28:51] [info] flip-probe: flip #4100 ok=true present=110ms inter_flip_ms=215 drawcalls-since-flip=17 drawcalls-total=297927 fail-total=0 null-skips-total=0
[10:28:51] [info] drawcall tally block 41: drawcalls=1550 total_ms=148 avg_ms_x10=0 (over 100 flips ending at flip 4100)
[10:28:51] [info] alpha audit block 41: 1550 total drawcalls, 0 with alpha<255 (block pct_x10=0; global 0/283080 pct_x10=0); alpha-mod skipped: block=1550 global=294093
[10:28:51] [info] fastpath audit block 41: taken=0 (idx8=0) skipped=1550 pct_x10=0; global taken=0 (idx8=0) skipped=283080 pct_x10=0
[10:28:51] [info] primitive tally block 41: clear=200(hr=0) fill=0(hr=0) rect=0(hr=0) line=0(hr=0) tint=0 spotlight=0 (over 100 flips ending at flip 4100)
[10:28:51] [info] slowpath reason block 41: alpha=0 format=0 windim=1550 null_src=0 other=0 (of 1550 total drawSurface slow-path)
[10:28:51] [info] phase timing block 41: drawcalls=1750 dc_total_ms=334 flip_inner_total_ms=8403 inter_flip_total_ms=21026 (per-flip avg x10: dc_ms=33 fi_ms=840 if_ms=2102 derived audio+engine_ms=1229; per-drawcall avg us_x10=1908) [direct-vesa: presents=0 total_ms=0 avg_ms_x10=0 failed=0] [ablation: NO_DC_TIMING=0 CACHE_WINSURF=0 DIRECT_VESA=1]
[10:28:51] [info] kbd/audio block 41: kbd_irq=0 kbd_drain=0 ring_chunks=16 pump_pass=4198 pic1_mask=0xb8 first_irq_ticks=0 install_ticks=0 vector_at_install=0x0083def0 pic1_mask_live=0x98 kbd_8042_stat=0x34 bios_kbd_head=0x0022 bios_kbd_tail=0x0022 bios_kbd_buf0=0x1c0d
[10:28:51] [info] dirty-rect block @flip=4100: total_calls=0 dirty_rects_avg=1 dirty_pct_x10=1000 forced_full=0 first_n_force=0 threshold_exceeded=0 dirty_path_taken=100 full_flush_taken=0
[10:28:51] [info] prev-frame-diff block @flip=4100: diff_calls=0 diff_rects_avg=0 diff_dirty_pct_x10=0 bbox_pct_x10=0 bbox_thresh_exceeded=0
[10:28:51] [info] tas: stall frame 316 ms -> contributing 1 tick (patch 0286)
[10:28:51] [info] tas: stall frame 220 ms -> contributing 1 tick (patch 0286)
[10:28:52] [info] run_tick_fixed #4200: heartbeat (loop alive)
[10:28:52] [info] tas: stall frame 226 ms -> contributing 1 tick (patch 0286)
[10:28:52] [info] tas: stall frame 219 ms -> contributing 1 tick (patch 0286)
[10:28:52] [info] tas: stall frame 220 ms -> contributing 1 tick (patch 0286)
[10:28:52] [info] tas: stall frame 219 ms -> contributing 1 tick (patch 0286)
[10:28:52] [info] tas: stall frame 220 ms -> contributing 1 tick (patch 0286)
[10:28:53] [info] tas: stall frame 221 ms -> contributing 1 tick (patch 0286)
[10:28:53] [info] tas: stall frame 219 ms -> contributing 1 tick (patch 0286)
[10:28:53] [info] tas: stall frame 219 ms -> contributing 1 tick (patch 0286)
[10:28:53] [info] flip-probe: flip #4110 ok=true present=81ms inter_flip_ms=221 drawcalls-since-flip=17 drawcalls-total=298097 fail-total=0 null-skips-total=0
[10:28:53] [info] tas: stall frame 227 ms -> contributing 1 tick (patch 0286)
[10:28:54] [info] tas: stall frame 223 ms -> contributing 1 tick (patch 0286)
[10:28:54] [info] tas: stall frame 219 ms -> contributing 1 tick (patch 0286)
[10:28:54] [info] tas: stall frame 221 ms -> contributing 1 tick (patch 0286)
[10:28:54] [info] tas: stall frame 220 ms -> contributing 1 tick (patch 0286)
[10:28:54] [info] tas: stall frame 220 ms -> contributing 1 tick (patch 0286)
[10:28:55] [info] tas: stall frame 222 ms -> contributing 1 tick (patch 0286)
[10:28:55] [info] tas: stall frame 222 ms -> contributing 1 tick (patch 0286)
[10:28:55] [info] tas: stall frame 222 ms -> contributing 1 tick (patch 0286)
[10:28:55] [info] tas: stall frame 219 ms -> contributing 1 tick (patch 0286)
[10:28:56] [info] flip-probe: flip #4120 ok=true present=81ms inter_flip_ms=220 drawcalls-since-flip=17 drawcalls-total=298267 fail-total=0 null-skips-total=0
[10:28:56] [info] tas: stall frame 228 ms -> contributing 1 tick (patch 0286)
[10:28:56] [info] tas: stall frame 220 ms -> contributing 1 tick (patch 0286)
[10:28:56] [info] tas: stall frame 222 ms -> contributing 1 tick (patch 0286)
[10:28:56] [info] tas: stall frame 220 ms -> contributing 1 tick (patch 0286)
[10:28:56] [info] tas: stall frame 224 ms -> contributing 1 tick (patch 0286)
[10:28:57] [info] tas: stall frame 224 ms -> contributing 1 tick (patch 0286)
[10:28:57] [info] tas: stall frame 224 ms -> contributing 1 tick (patch 0286)
[10:28:57] [info] tas: stall frame 224 ms -> contributing 1 tick (patch 0286)
[10:28:57] [info] tas: stall frame 227 ms -> contributing 1 tick (patch 0286)
[10:28:58] [info] tas: stall frame 253 ms -> contributing 1 tick (patch 0286)
[10:28:58] [info] flip-probe: flip #4130 ok=true present=106ms inter_flip_ms=255 drawcalls-since-flip=19 drawcalls-total=298441 fail-total=0 null-skips-total=0
[10:28:58] [info] tas: stall frame 261 ms -> contributing 1 tick (patch 0286)
[10:28:58] [info] tas: stall frame 246 ms -> contributing 1 tick (patch 0286)
[10:28:58] [info] tas: stall frame 245 ms -> contributing 1 tick (patch 0286)
[10:28:59] [info] tas: stall frame 241 ms -> contributing 1 tick (patch 0286)
[10:28:59] [info] tas: stall frame 237 ms -> contributing 1 tick (patch 0286)
[10:28:59] [info] tas: stall frame 231 ms -> contributing 1 tick (patch 0286)
[10:28:59] [info] tas: stall frame 230 ms -> contributing 1 tick (patch 0286)
[10:29:00] [info] tas: stall frame 245 ms -> contributing 1 tick (patch 0286)
[10:29:00] [info] tas: stall frame 240 ms -> contributing 1 tick (patch 0286)
[10:29:00] [info] tas: stall frame 235 ms -> contributing 1 tick (patch 0286)
[10:29:00] [info] flip-probe: flip #4140 ok=true present=126ms inter_flip_ms=234 drawcalls-since-flip=19 drawcalls-total=298626 fail-total=0 null-skips-total=0
[10:29:00] [info] tas: stall frame 258 ms -> contributing 1 tick (patch 0286)
[10:29:01] [info] tas: stall frame 248 ms -> contributing 1 tick (patch 0286)
[10:29:01] [info] tas: stall frame 237 ms -> contributing 1 tick (patch 0286)
[10:29:01] [info] tas: stall frame 236 ms -> contributing 1 tick (patch 0286)
[10:29:01] [info] tas: stall frame 237 ms -> contributing 1 tick (patch 0286)
[10:29:01] [info] tas: stall frame 220 ms -> contributing 1 tick (patch 0286)
[10:29:02] [info] tas: stall frame 218 ms -> contributing 1 tick (patch 0286)
[10:29:02] [info] tas: stall frame 214 ms -> contributing 1 tick (patch 0286)
[10:29:02] [info] tas: stall frame 220 ms -> contributing 1 tick (patch 0286)
[10:29:02] [info] tas: stall frame 247 ms -> contributing 1 tick (patch 0286)
[10:29:03] [info] flip-probe: flip #4150 ok=true present=134ms inter_flip_ms=248 drawcalls-since-flip=18 drawcalls-total=298805 fail-total=0 null-skips-total=0
[10:29:03] [info] tas: stall frame 249 ms -> contributing 1 tick (patch 0286)
[10:29:03] [info] tas: stall frame 225 ms -> contributing 1 tick (patch 0286)
[10:29:03] [info] backdrop cache: thrashing-detect engaged (streak=304, route=direct)
[10:29:03] [info] tas: stall frame 233 ms -> contributing 1 tick (patch 0286)
[10:29:03] [info] tas: stall frame 223 ms -> contributing 1 tick (patch 0286)
[10:29:04] [info] tas: stall frame 222 ms -> contributing 1 tick (patch 0286)
[10:29:04] [info] tas: stall frame 219 ms -> contributing 1 tick (patch 0286)
[10:29:04] [info] drawcall drawSurface call 284000: src=8x8 dst=8x8 at (32,32) took 0ms
[10:29:04] [info] tas: stall frame 218 ms -> contributing 1 tick (patch 0286)
[10:29:04] [info] tas: stall frame 224 ms -> contributing 1 tick (patch 0286)
[10:29:04] [info] tas: stall frame 225 ms -> contributing 1 tick (patch 0286)
[10:29:05] [info] tas: stall frame 212 ms -> contributing 1 tick (patch 0286)
[10:29:05] [info] flip-probe: flip #4160 ok=true present=101ms inter_flip_ms=211 drawcalls-since-flip=15 drawcalls-total=298972 fail-total=0 null-skips-total=0
[10:29:05] [info] tas: stall frame 209 ms -> contributing 1 tick (patch 0286)
[10:29:05] [info] tas: stall frame 202 ms -> contributing 1 tick (patch 0286)
[10:29:05] [info] tas: stall frame 199 ms -> contributing 1 tick (patch 0286)
[10:29:05] [info] tas: stall frame 201 ms -> contributing 1 tick (patch 0286)
[10:29:06] [info] tas: stall frame 200 ms -> contributing 1 tick (patch 0286)
[10:29:06] [info] tas: stall frame 195 ms -> contributing 1 tick (patch 0286)
[10:29:06] [info] tas: stall frame 190 ms -> contributing 1 tick (patch 0286)
[10:29:06] [info] tas: stall frame 191 ms -> contributing 1 tick (patch 0286)
[10:29:06] [info] tas: stall frame 184 ms -> contributing 1 tick (patch 0286)
[10:29:07] [info] tas: stall frame 183 ms -> contributing 1 tick (patch 0286)
[10:29:07] [info] flip-probe: flip #4170 ok=true present=81ms inter_flip_ms=185 drawcalls-since-flip=14 drawcalls-total=299119 fail-total=0 null-skips-total=0
[10:29:07] [info] tas: stall frame 192 ms -> contributing 1 tick (patch 0286)
[10:29:07] [info] tas: stall frame 182 ms -> contributing 1 tick (patch 0286)
[10:29:07] [info] tas: stall frame 184 ms -> contributing 1 tick (patch 0286)
[10:29:07] [info] tas: stall frame 182 ms -> contributing 1 tick (patch 0286)
[10:29:08] [info] tas: stall frame 184 ms -> contributing 1 tick (patch 0286)
[10:29:08] [info] tas: stall frame 181 ms -> contributing 1 tick (patch 0286)
[10:29:08] [info] tas: stall frame 182 ms -> contributing 1 tick (patch 0286)
[10:29:08] [info] tas: stall frame 182 ms -> contributing 1 tick (patch 0286)
[10:29:08] [info] tas: stall frame 182 ms -> contributing 1 tick (patch 0286)
[10:29:08] [info] tas: stall frame 182 ms -> contributing 1 tick (patch 0286)
[10:29:09] [info] flip-probe: flip #4180 ok=true present=81ms inter_flip_ms=183 drawcalls-since-flip=14 drawcalls-total=299259 fail-total=0 null-skips-total=0
[10:29:09] [info] tas: stall frame 191 ms -> contributing 1 tick (patch 0286)
[10:29:09] [info] tas: stall frame 181 ms -> contributing 1 tick (patch 0286)
[10:29:09] [info] tas: stall frame 184 ms -> contributing 1 tick (patch 0286)
[10:29:09] [info] tas: stall frame 183 ms -> contributing 1 tick (patch 0286)
[10:29:09] [info] tas: stall frame 184 ms -> contributing 1 tick (patch 0286)
[10:29:10] [info] tas: stall frame 185 ms -> contributing 1 tick (patch 0286)
[10:29:10] [info] tas: stall frame 181 ms -> contributing 1 tick (patch 0286)
[10:29:10] [info] tas: stall frame 182 ms -> contributing 1 tick (patch 0286)
[10:29:10] [info] tas: stall frame 183 ms -> contributing 1 tick (patch 0286)
[10:29:10] [info] tas: stall frame 182 ms -> contributing 1 tick (patch 0286)
[10:29:10] [info] flip-probe: flip #4190 ok=true present=81ms inter_flip_ms=183 drawcalls-since-flip=14 drawcalls-total=299399 fail-total=0 null-skips-total=0
[10:29:11] [info] tas: stall frame 190 ms -> contributing 1 tick (patch 0286)
[10:29:11] [info] tas: stall frame 183 ms -> contributing 1 tick (patch 0286)
[10:29:11] [info] tas: stall frame 182 ms -> contributing 1 tick (patch 0286)
[10:29:11] [info] tas: stall frame 182 ms -> contributing 1 tick (patch 0286)
[10:29:11] [info] tas: stall frame 183 ms -> contributing 1 tick (patch 0286)
[10:29:11] [info] tas: stall frame 182 ms -> contributing 1 tick (patch 0286)
[10:29:12] [info] tas: stall frame 185 ms -> contributing 1 tick (patch 0286)
[10:29:12] [info] tas: stall frame 439 ms -> contributing 1 tick (patch 0286)
[10:29:12] [info] tas: stall frame 310 ms -> contributing 1 tick (patch 0286)
[10:29:13] [info] tas: stall frame 420 ms -> contributing 1 tick (patch 0286)
[10:29:13] [info] flip-probe: flip #4200 ok=true present=488ms inter_flip_ms=426 drawcalls-since-flip=116 drawcalls-total=299795 fail-total=0 null-skips-total=0
[10:29:13] [info] drawcall tally block 42: drawcalls=1768 total_ms=170 avg_ms_x10=0 (over 100 flips ending at flip 4200)
[10:29:13] [info] alpha audit block 42: 1768 total drawcalls, 0 with alpha<255 (block pct_x10=0; global 0/284848 pct_x10=0); alpha-mod skipped: block=1768 global=295861
[10:29:13] [info] fastpath audit block 42: taken=0 (idx8=0) skipped=1768 pct_x10=0; global taken=0 (idx8=0) skipped=284848 pct_x10=0
[10:29:13] [info] primitive tally block 42: clear=200(hr=0) fill=0(hr=0) rect=0(hr=0) line=0(hr=0) tint=0 spotlight=0 (over 100 flips ending at flip 4200)
[10:29:13] [info] slowpath reason block 42: alpha=0 format=0 windim=1768 null_src=0 other=0 (of 1768 total drawSurface slow-path)
[10:29:13] [info] phase timing block 42: drawcalls=1968 dc_total_ms=364 flip_inner_total_ms=10291 inter_flip_total_ms=21879 (per-flip avg x10: dc_ms=36 fi_ms=1029 if_ms=2187 derived audio+engine_ms=1122; per-drawcall avg us_x10=1850) [direct-vesa: presents=0 total_ms=0 avg_ms_x10=0 failed=0] [ablation: NO_DC_TIMING=0 CACHE_WINSURF=0 DIRECT_VESA=1]
[10:29:13] [info] kbd/audio block 42: kbd_irq=0 kbd_drain=0 ring_chunks=16 pump_pass=4298 pic1_mask=0xb8 first_irq_ticks=0 install_ticks=0 vector_at_install=0x0083def0 pic1_mask_live=0x98 kbd_8042_stat=0x34 bios_kbd_head=0x0022 bios_kbd_tail=0x0022 bios_kbd_buf0=0x1c0d
[10:29:13] [info] dirty-rect block @flip=4200: total_calls=0 dirty_rects_avg=1 dirty_pct_x10=1000 forced_full=0 first_n_force=0 threshold_exceeded=0 dirty_path_taken=100 full_flush_taken=0
[10:29:13] [info] prev-frame-diff block @flip=4200: diff_calls=0 diff_rects_avg=0 diff_dirty_pct_x10=0 bbox_pct_x10=0 bbox_thresh_exceeded=0
[10:29:13] [info] tas: stall frame 670 ms -> contributing 1 tick (patch 0286)
[10:29:14] [info] tas: stall frame 732 ms -> contributing 1 tick (patch 0286)
[10:29:14] [info] drawcall drawSurface call 285000: src=16x16 dst=16x16 at (120,224) took 0ms
[10:29:15] [info] tas: stall frame 934 ms -> contributing 1 tick (patch 0286)
[10:29:16] [info] tas: stall frame 1132 ms -> contributing 1 tick (patch 0286)
[10:29:18] [info] tas: stall frame 1348 ms -> contributing 1 tick (patch 0286)
[10:29:19] [info] tas: stall frame 1546 ms -> contributing 1 tick (patch 0286)
[10:29:19] [info] drawcall drawSurface call 286000: src=16x16 dst=16x16 at (88,224) took 0ms
[10:29:21] [info] tas: stall frame 1735 ms -> contributing 1 tick (patch 0286)
[10:29:23] [info] tas: stall frame 1881 ms -> contributing 1 tick (patch 0286)
[10:29:25] [info] tas: stall frame 2001 ms -> contributing 1 tick (patch 0286)
[10:29:25] [info] drawcall drawSurface call 287000: src=16x16 dst=16x16 at (232,144) took 0ms
[10:29:27] [info] tas: stall frame 2088 ms -> contributing 1 tick (patch 0286)
[10:29:29] [info] flip-probe: flip #4210 ok=true present=1957ms inter_flip_ms=2083 drawcalls-since-flip=352 drawcalls-total=302491 fail-total=0 null-skips-total=0
[10:29:29] [info] tas: stall frame 2120 ms -> contributing 1 tick (patch 0286)
[10:29:31] [info] tas: stall frame 2102 ms -> contributing 1 tick (patch 0286)
[10:29:31] [info] backdrop cache: thrashing-detect engaged (streak=364, route=direct)
[10:29:31] [info] drawcall drawSurface call 288000: src=16x16 dst=16x16 at (104,80) took 0ms
[10:29:33] [info] tas: stall frame 2066 ms -> contributing 1 tick (patch 0286)
[10:29:35] [info] tas: stall frame 1973 ms -> contributing 1 tick (patch 0286)
[10:29:37] [info] tas: stall frame 1878 ms -> contributing 1 tick (patch 0286)
[10:29:37] [info] drawcall drawSurface call 289000: src=16x16 dst=16x16 at (168,80) took 1ms
[10:29:39] [info] tas: stall frame 1778 ms -> contributing 1 tick (patch 0286)
[10:29:40] [info] tas: stall frame 1664 ms -> contributing 1 tick (patch 0286)
[10:29:41] [info] drawcall drawSurface call 290000: src=16x16 dst=16x16 at (312,160) took 0ms
[10:29:42] [info] tas: stall frame 1563 ms -> contributing 1 tick (patch 0286)
[10:29:43] [info] tas: stall frame 1460 ms -> contributing 1 tick (patch 0286)
[10:29:45] [info] tas: stall frame 1375 ms -> contributing 1 tick (patch 0286)
[10:29:45] [info] drawcall drawSurface call 291000: src=16x16 dst=16x16 at (24,80) took 0ms
[10:29:46] [info] flip-probe: flip #4220 ok=true present=1153ms inter_flip_ms=1384 drawcalls-since-flip=356 drawcalls-total=306051 fail-total=0 null-skips-total=0
[10:29:46] [info] tas: stall frame 1323 ms -> contributing 1 tick (patch 0286)
[10:29:47] [info] tas: stall frame 1259 ms -> contributing 1 tick (patch 0286)
[10:29:49] [info] tas: stall frame 1224 ms -> contributing 1 tick (patch 0286)
[10:29:49] [info] drawcall drawSurface call 292000: src=16x16 dst=16x16 at (248,80) took 0ms
[10:29:50] [info] tas: stall frame 1208 ms -> contributing 1 tick (patch 0286)
[10:29:51] [info] tas: stall frame 1185 ms -> contributing 1 tick (patch 0286)
[10:29:52] [info] tas: stall frame 1178 ms -> contributing 1 tick (patch 0286)
[10:29:52] [info] drawcall drawSurface call 293000: src=16x16 dst=16x16 at (88,144) took 0ms
[10:29:53] [info] tas: stall frame 1183 ms -> contributing 1 tick (patch 0286)
[10:29:54] [info]  >> Entering stage 14: 'Shack'.
[10:29:54] [info] [skip-sheet-flush] cave=10
[10:29:54] [info] [load-stage] preloading entry music song=8 (cave=10)
[10:29:54] [info] [music-dispatch] tick=4329 song=8 (prev 9)
[10:29:54] [info] opl3 backend: on_song_stop
[10:29:54] [info] MidiScheduler::load: parsed 'data/orgmid2/vivi.mid' = 4558 events at 48 PPQ
[10:29:54] [info] opl3 backend: on_song_start
[10:29:55] [info] gameloop: entered (curmap=14, running=1)
[10:29:55] [info] gameloop: iter 1 ticks=1952167 mapno=-1
[10:29:56] [info] gameloop: iter 2 ticks=1953414 mapno=-1
[10:29:56] [info] tas: stall frame 1246 ms -> contributing 1 tick (patch 0286)
[10:29:57] [info] flip-probe: flip #4230 ok=true present=1077ms inter_flip_ms=1253 drawcalls-since-flip=365 drawcalls-total=308925 fail-total=0 null-skips-total=0
[10:29:57] [info] gameloop: iter 3 ticks=1954680 mapno=-1
[10:29:57] [info] tas: stall frame 1263 ms -> contributing 1 tick (patch 0286)
[10:29:57] [info] drawcall drawSurface call 294000: src=16x16 dst=16x16 at (168,208) took 0ms
[10:29:58] [info] tas: stall frame 1272 ms -> contributing 1 tick (patch 0286)
[10:30:00] [info] tas: stall frame 1288 ms -> contributing 1 tick (patch 0286)
[10:30:00] [info] drawcall drawSurface call 295000: src=16x16 dst=16x16 at (312,176) took 0ms
[10:30:01] [info] tas: stall frame 1330 ms -> contributing 1 tick (patch 0286)
[10:30:02] [info] tas: stall frame 1374 ms -> contributing 1 tick (patch 0286)
[10:30:04] [info] tas: stall frame 1439 ms -> contributing 1 tick (patch 0286)
[10:30:04] [info] drawcall drawSurface call 296000: src=16x16 dst=16x16 at (280,112) took 0ms
[10:30:05] [info] tas: stall frame 1532 ms -> contributing 1 tick (patch 0286)
[10:30:07] [info] tas: stall frame 1622 ms -> contributing 1 tick (patch 0286)
[10:30:09] [info] tas: stall frame 1727 ms -> contributing 1 tick (patch 0286)
[10:30:09] [info] drawcall drawSurface call 297000: src=16x16 dst=16x16 at (232,176) took 0ms
[10:30:10] [info] tas: stall frame 1843 ms -> contributing 1 tick (patch 0286)
[10:30:12] [info] flip-probe: flip #4240 ok=true present=1770ms inter_flip_ms=1836 drawcalls-since-flip=365 drawcalls-total=312575 fail-total=0 null-skips-total=0
[10:30:12] [info] tas: stall frame 1951 ms -> contributing 1 tick (patch 0286)
[10:30:14] [info] tas: stall frame 2038 ms -> contributing 1 tick (patch 0286)
[10:30:15] [info] drawcall drawSurface call 298000: src=16x16 dst=16x16 at (200,112) took 0ms
[10:30:17] [info] tas: stall frame 2121 ms -> contributing 1 tick (patch 0286)
[10:30:19] [info] tas: stall frame 2167 ms -> contributing 1 tick (patch 0286)
[10:30:21] [info] tas: stall frame 2177 ms -> contributing 1 tick (patch 0286)
[10:30:21] [info] drawcall drawSurface call 299000: src=16x16 dst=16x16 at (152,224) took 0ms
[10:30:23] [info] tas: stall frame 2149 ms -> contributing 1 tick (patch 0286)
[10:30:25] [info] tas: stall frame 2063 ms -> contributing 1 tick (patch 0286)
[10:30:27] [info] tas: stall frame 1944 ms -> contributing 1 tick (patch 0286)
[10:30:27] [info] drawcall drawSurface call 300000: src=16x16 dst=16x16 at (168,192) took 0ms
[10:30:29] [info] tas: stall frame 1799 ms -> contributing 1 tick (patch 0286)
[10:30:30] [info] tas: stall frame 1608 ms -> contributing 1 tick (patch 0286)
[10:30:32] [info] flip-probe: flip #4250 ok=true present=1259ms inter_flip_ms=1602 drawcalls-since-flip=253 drawcalls-total=315889 fail-total=0 null-skips-total=0
[10:30:32] [info] tas: stall frame 1416 ms -> contributing 1 tick (patch 0286)
[10:30:32] [info] drawcall drawSurface call 301000: src=16x16 dst=16x16 at (312,176) took 0ms
[10:30:33] [info] tas: stall frame 1205 ms -> contributing 1 tick (patch 0286)
[10:30:34] [info] tas: stall frame 989 ms -> contributing 1 tick (patch 0286)
[10:30:35] [info] tas: stall frame 796 ms -> contributing 1 tick (patch 0286)
[10:30:36] [info] tas: stall frame 626 ms -> contributing 1 tick (patch 0286)
[10:30:36] [info] tas: stall frame 485 ms -> contributing 1 tick (patch 0286)
[10:30:36] [info] tas: stall frame 373 ms -> contributing 1 tick (patch 0286)
[10:30:37] [info] tas: stall frame 289 ms -> contributing 1 tick (patch 0286)
[10:30:37] [info] tas: stall frame 224 ms -> contributing 1 tick (patch 0286)
[10:30:37] [info] tas: stall frame 183 ms -> contributing 1 tick (patch 0286)
[10:30:37] [info] flip-probe: flip #4260 ok=true present=61ms inter_flip_ms=180 drawcalls-since-flip=17 drawcalls-total=316883 fail-total=0 null-skips-total=0
[10:30:37] [info] tas: stall frame 165 ms -> contributing 1 tick (patch 0286)
[10:30:37] [info] tas: stall frame 151 ms -> contributing 1 tick (patch 0286)
[10:30:38] [info] tas: stall frame 151 ms -> contributing 1 tick (patch 0286)
[10:30:38] [info] tas: stall frame 151 ms -> contributing 1 tick (patch 0286)
[10:30:38] [info] tas: stall frame 230 ms -> contributing 1 tick (patch 0286)
[10:30:38] [info] tas: stall frame 235 ms -> contributing 1 tick (patch 0286)
[10:30:39] [info] tas: stall frame 230 ms -> contributing 1 tick (patch 0286)
[10:30:39] [info] tas: stall frame 229 ms -> contributing 1 tick (patch 0286)
[10:30:39] [info] tas: stall frame 231 ms -> contributing 1 tick (patch 0286)
[10:30:39] [info] flip-probe: flip #4270 ok=true present=129ms inter_flip_ms=228 drawcalls-since-flip=23 drawcalls-total=317073 fail-total=0 null-skips-total=0
[10:30:39] [info] tas: stall frame 235 ms -> contributing 1 tick (patch 0286)
[10:30:39] [info] tas: stall frame 229 ms -> contributing 1 tick (patch 0286)
[10:30:40] [info] tas: stall frame 228 ms -> contributing 1 tick (patch 0286)
[10:30:40] [info] tas: stall frame 228 ms -> contributing 1 tick (patch 0286)
[10:30:40] [info] tas: stall frame 232 ms -> contributing 1 tick (patch 0286)
[10:30:40] [info] tas: stall frame 229 ms -> contributing 1 tick (patch 0286)
[10:30:41] [info] tas: stall frame 231 ms -> contributing 1 tick (patch 0286)
[10:30:41] [info] drawcall drawSurface call 302000: src=64x8 dst=64x8 at (16,40) took 0ms
[10:30:41] [info] tas: stall frame 238 ms -> contributing 1 tick (patch 0286)
[10:30:41] [info] tas: stall frame 230 ms -> contributing 1 tick (patch 0286)
[10:30:41] [info] tas: stall frame 229 ms -> contributing 1 tick (patch 0286)
[10:30:42] [info] flip-probe: flip #4280 ok=true present=129ms inter_flip_ms=228 drawcalls-since-flip=23 drawcalls-total=317303 fail-total=0 null-skips-total=0
[10:30:42] [info] tas: stall frame 235 ms -> contributing 1 tick (patch 0286)
[10:30:42] [info] tas: stall frame 228 ms -> contributing 1 tick (patch 0286)
[10:30:42] [info] tas: stall frame 228 ms -> contributing 1 tick (patch 0286)
[10:30:42] [info] tas: stall frame 229 ms -> contributing 1 tick (patch 0286)
[10:30:42] [info] tas: stall frame 231 ms -> contributing 1 tick (patch 0286)
[10:30:43] [info] tas: stall frame 229 ms -> contributing 1 tick (patch 0286)
[10:30:43] [info] tas: stall frame 229 ms -> contributing 1 tick (patch 0286)
[10:30:43] [info] tas: stall frame 229 ms -> contributing 1 tick (patch 0286)
[10:30:43] [info] tas: stall frame 229 ms -> contributing 1 tick (patch 0286)
[10:30:44] [info] tas: stall frame 229 ms -> contributing 1 tick (patch 0286)
[10:30:44] [info] flip-probe: flip #4290 ok=true present=129ms inter_flip_ms=231 drawcalls-since-flip=23 drawcalls-total=317533 fail-total=0 null-skips-total=0
[10:30:44] [info] tas: stall frame 237 ms -> contributing 1 tick (patch 0286)
[10:30:44] [info] tas: stall frame 229 ms -> contributing 1 tick (patch 0286)
[10:30:44] [info] tas: stall frame 229 ms -> contributing 1 tick (patch 0286)
[10:30:45] [info] tas: stall frame 229 ms -> contributing 1 tick (patch 0286)
[10:30:45] [info] tas: stall frame 229 ms -> contributing 1 tick (patch 0286)
[10:30:45] [info] tas: stall frame 230 ms -> contributing 1 tick (patch 0286)
[10:30:45] [info] tas: stall frame 446 ms -> contributing 1 tick (patch 0286)
[10:30:46] [info] tas: stall frame 229 ms -> contributing 1 tick (patch 0286)
[10:30:46] [info] tas: stall frame 229 ms -> contributing 1 tick (patch 0286)
[10:30:46] [info] tas: stall frame 229 ms -> contributing 1 tick (patch 0286)
[10:30:46] [info] flip-probe: flip #4300 ok=true present=158ms inter_flip_ms=229 drawcalls-since-flip=23 drawcalls-total=317763 fail-total=0 null-skips-total=0
[10:30:46] [info] drawcall tally block 43: drawcalls=17580 total_ms=1443 avg_ms_x10=0 (over 100 flips ending at flip 4300)
[10:30:46] [info] alpha audit block 43: 17580 total drawcalls, 0 with alpha<255 (block pct_x10=0; global 0/302428 pct_x10=0); alpha-mod skipped: block=17940 global=313801
[10:30:46] [info] fastpath audit block 43: taken=0 (idx8=0) skipped=17580 pct_x10=0; global taken=0 (idx8=0) skipped=302428 pct_x10=0
[10:30:46] [info] primitive tally block 43: clear=202(hr=0) fill=0(hr=0) rect=0(hr=0) line=0(hr=0) tint=0 spotlight=0 (over 100 flips ending at flip 4300)
[10:30:46] [info] slowpath reason block 43: alpha=0 format=0 windim=17580 null_src=0 other=0 (of 17580 total drawSurface slow-path)
[10:30:46] [info] color/alpha audit block 43: cmod_white=360 cmod_black=0 (idx=0) cmod_general=0 (idx=0) cmod_fb=360; alpha_taken=0 alpha_skipped=0 (global cmod=12186/0/0/11373 idx=0/0 alpha=0/0)
[10:30:46] [info] phase timing block 43: drawcalls=18502 dc_total_ms=3243 flip_inner_total_ms=78836 inter_flip_total_ms=93392 (per-flip avg x10: dc_ms=324 fi_ms=7883 if_ms=9339 derived audio+engine_ms=1132; per-drawcall avg us_x10=1752) [direct-vesa: presents=0 total_ms=0 avg_ms_x10=0 failed=0] [ablation: NO_DC_TIMING=0 CACHE_WINSURF=0 DIRECT_VESA=1]
[10:30:46] [info] kbd/audio block 43: kbd_irq=0 kbd_drain=0 ring_chunks=16 pump_pass=4408 pic1_mask=0xb8 first_irq_ticks=0 install_ticks=0 vector_at_install=0x0083def0 pic1_mask_live=0x98 kbd_8042_stat=0x34 bios_kbd_head=0x0022 bios_kbd_tail=0x0022 bios_kbd_buf0=0x1c0d
[10:30:46] [info] dirty-rect block @flip=4300: total_calls=0 dirty_rects_avg=1 dirty_pct_x10=1000 forced_full=0 first_n_force=0 threshold_exceeded=0 dirty_path_taken=100 full_flush_taken=0
[10:30:46] [info] prev-frame-diff block @flip=4300: diff_calls=0 diff_rects_avg=0 diff_dirty_pct_x10=0 bbox_pct_x10=0 bbox_thresh_exceeded=0
[10:30:46] [info] tas: stall frame 335 ms -> contributing 1 tick (patch 0286)
[10:30:47] [info] tas: stall frame 230 ms -> contributing 1 tick (patch 0286)
[10:30:47] [info] tas: stall frame 230 ms -> contributing 1 tick (patch 0286)
[10:30:47] [info] tas: stall frame 229 ms -> contributing 1 tick (patch 0286)
[10:30:47] [info] tas: stall frame 260 ms -> contributing 1 tick (patch 0286)
[10:30:48] [info] tas: stall frame 260 ms -> contributing 1 tick (patch 0286)
[10:30:48] [info] tas: stall frame 253 ms -> contributing 1 tick (patch 0286)
[10:30:48] [info] tas: stall frame 253 ms -> contributing 1 tick (patch 0286)
[10:30:48] [info] tas: stall frame 256 ms -> contributing 1 tick (patch 0286)
[10:30:49] [info] tas: stall frame 252 ms -> contributing 1 tick (patch 0286)
[10:30:49] [info] flip-probe: flip #4310 ok=true present=146ms inter_flip_ms=252 drawcalls-since-flip=25 drawcalls-total=318007 fail-total=0 null-skips-total=0
[10:30:49] [info] tas: stall frame 258 ms -> contributing 1 tick (patch 0286)
[10:30:49] [info] tas: stall frame 250 ms -> contributing 1 tick (patch 0286)
[10:30:49] [info] tas: stall frame 273 ms -> contributing 1 tick (patch 0286)
[10:30:50] [info] tas: stall frame 264 ms -> contributing 1 tick (patch 0286)
[10:30:50] [info] tas: stall frame 289 ms -> contributing 1 tick (patch 0286)
[10:30:50] [info] tas: stall frame 279 ms -> contributing 1 tick (patch 0286)
[10:30:51] [info] tas: stall frame 273 ms -> contributing 1 tick (patch 0286)
[10:30:51] [info] tas: stall frame 271 ms -> contributing 1 tick (patch 0286)
[10:30:51] [info] tas: stall frame 270 ms -> contributing 1 tick (patch 0286)
[10:30:51] [info] tas: stall frame 273 ms -> contributing 1 tick (patch 0286)
[10:30:52] [info] flip-probe: flip #4320 ok=true present=153ms inter_flip_ms=268 drawcalls-since-flip=26 drawcalls-total=318265 fail-total=0 null-skips-total=0
[10:30:52] [info] tas: stall frame 266 ms -> contributing 1 tick (patch 0286)
[10:30:52] [info] tas: stall frame 260 ms -> contributing 1 tick (patch 0286)
[10:30:52] [info] tas: stall frame 302 ms -> contributing 1 tick (patch 0286)
[10:30:53] [info] tas: stall frame 296 ms -> contributing 1 tick (patch 0286)
[10:30:53] [info] tas: stall frame 281 ms -> contributing 1 tick (patch 0286)
[10:30:53] [info] tas: stall frame 273 ms -> contributing 1 tick (patch 0286)
[10:30:53] [info] tas: stall frame 274 ms -> contributing 1 tick (patch 0286)
[10:30:54] [info] tas: stall frame 267 ms -> contributing 1 tick (patch 0286)
[10:30:54] [info] drawcall drawSurface call 303000: src=5x5 dst=5x5 at (158,89) took 0ms
[10:30:54] [info] tas: stall frame 277 ms -> contributing 1 tick (patch 0286)
[10:30:54] [info] tas: stall frame 267 ms -> contributing 1 tick (patch 0286)
[10:30:54] [info] flip-probe: flip #4330 ok=true present=171ms inter_flip_ms=265 drawcalls-since-flip=26 drawcalls-total=318529 fail-total=0 null-skips-total=0
[10:30:54] [info] tas: stall frame 280 ms -> contributing 1 tick (patch 0286)
[10:30:55] [info] tas: stall frame 271 ms -> contributing 1 tick (patch 0286)
[10:30:55] [info] tas: stall frame 267 ms -> contributing 1 tick (patch 0286)
[10:30:55] [info] tas: stall frame 250 ms -> contributing 1 tick (patch 0286)
[10:30:56] [info] tas: stall frame 250 ms -> contributing 1 tick (patch 0286)
[10:30:56] [info] tas: stall frame 246 ms -> contributing 1 tick (patch 0286)
[10:30:56] [info] tas: stall frame 246 ms -> contributing 1 tick (patch 0286)
[10:30:56] [info] tas: stall frame 247 ms -> contributing 1 tick (patch 0286)
[10:30:57] [info] tas: stall frame 238 ms -> contributing 1 tick (patch 0286)
[10:30:57] [info] tas: stall frame 240 ms -> contributing 1 tick (patch 0286)
[10:30:57] [info] flip-probe: flip #4340 ok=true present=137ms inter_flip_ms=238 drawcalls-since-flip=24 drawcalls-total=318773 fail-total=0 null-skips-total=0
[10:30:57] [info] tas: stall frame 244 ms -> contributing 1 tick (patch 0286)
[10:30:57] [info] tas: stall frame 230 ms -> contributing 1 tick (patch 0286)
[10:30:57] [info] tas: stall frame 229 ms -> contributing 1 tick (patch 0286)
[10:30:58] [info] tas: stall frame 229 ms -> contributing 1 tick (patch 0286)
[10:30:58] [info] tas: stall frame 232 ms -> contributing 1 tick (patch 0286)
[10:30:58] [info] tas: stall frame 229 ms -> contributing 1 tick (patch 0286)
[10:30:58] [info] tas: stall frame 229 ms -> contributing 1 tick (patch 0286)
[10:30:59] [info] tas: stall frame 229 ms -> contributing 1 tick (patch 0286)
[10:30:59] [info] tas: stall frame 229 ms -> contributing 1 tick (patch 0286)
[10:30:59] [info] tas: stall frame 177 ms -> contributing 1 tick (patch 0286)
[10:30:59] [info] flip-probe: flip #4350 ok=true present=81ms inter_flip_ms=180 drawcalls-since-flip=13 drawcalls-total=318983 fail-total=0 null-skips-total=0
[10:30:59] [info] tas: stall frame 187 ms -> contributing 1 tick (patch 0286)
[10:30:59] [info] tas: stall frame 177 ms -> contributing 1 tick (patch 0286)
[10:31:00] [info] tas: stall frame 177 ms -> contributing 1 tick (patch 0286)
[10:31:00] [info] tas: stall frame 178 ms -> contributing 1 tick (patch 0286)
[10:31:00] [info] tas: stall frame 178 ms -> contributing 1 tick (patch 0286)
[10:31:00] [info] tas: stall frame 180 ms -> contributing 1 tick (patch 0286)
[10:31:00] [info] tas: stall frame 178 ms -> contributing 1 tick (patch 0286)
[10:31:00] [info] tas: stall frame 178 ms -> contributing 1 tick (patch 0286)
[10:31:01] [info] tas: stall frame 177 ms -> contributing 1 tick (patch 0286)
[10:31:01] [info] tas: stall frame 177 ms -> contributing 1 tick (patch 0286)
[10:31:01] [info] flip-probe: flip #4360 ok=true present=81ms inter_flip_ms=178 drawcalls-since-flip=13 drawcalls-total=319113 fail-total=0 null-skips-total=0
[10:31:01] [info] tas: stall frame 186 ms -> contributing 1 tick (patch 0286)
[10:31:01] [info] tas: stall frame 180 ms -> contributing 1 tick (patch 0286)
[10:31:01] [info] tas: stall frame 177 ms -> contributing 1 tick (patch 0286)
[10:31:02] [info] tas: stall frame 178 ms -> contributing 1 tick (patch 0286)
[10:31:02] [info] tas: stall frame 178 ms -> contributing 1 tick (patch 0286)
[10:31:02] [info] tas: stall frame 184 ms -> contributing 1 tick (patch 0286)
[10:31:02] [info] tas: stall frame 180 ms -> contributing 1 tick (patch 0286)
[10:31:02] [info] tas: stall frame 178 ms -> contributing 1 tick (patch 0286)
[10:31:02] [info] tas: stall frame 177 ms -> contributing 1 tick (patch 0286)
[10:31:03] [info] tas: stall frame 177 ms -> contributing 1 tick (patch 0286)
[10:31:03] [info] flip-probe: flip #4370 ok=true present=81ms inter_flip_ms=178 drawcalls-since-flip=13 drawcalls-total=319243 fail-total=0 null-skips-total=0
[10:31:03] [info] tas: stall frame 186 ms -> contributing 1 tick (patch 0286)
[10:31:03] [info] tas: stall frame 177 ms -> contributing 1 tick (patch 0286)
[10:31:03] [info] tas: stall frame 177 ms -> contributing 1 tick (patch 0286)
[10:31:03] [info] tas: stall frame 181 ms -> contributing 1 tick (patch 0286)
[10:31:03] [info] tas: stall frame 178 ms -> contributing 1 tick (patch 0286)
[10:31:04] [info] tas: stall frame 178 ms -> contributing 1 tick (patch 0286)
[10:31:04] [info] tas: stall frame 178 ms -> contributing 1 tick (patch 0286)
[10:31:04] [info] tas: stall frame 180 ms -> contributing 1 tick (patch 0286)
[10:31:04] [info] tas: stall frame 178 ms -> contributing 1 tick (patch 0286)
[10:31:04] [info] tas: stall frame 177 ms -> contributing 1 tick (patch 0286)
[10:31:05] [info] flip-probe: flip #4380 ok=true present=81ms inter_flip_ms=177 drawcalls-since-flip=13 drawcalls-total=319373 fail-total=0 null-skips-total=0
[10:31:05] [info] tas: stall frame 184 ms -> contributing 1 tick (patch 0286)
[10:31:05] [info] tas: stall frame 179 ms -> contributing 1 tick (patch 0286)
[10:31:05] [info] tas: stall frame 177 ms -> contributing 1 tick (patch 0286)
[10:31:05] [info] tas: stall frame 178 ms -> contributing 1 tick (patch 0286)
[10:31:05] [info] tas: stall frame 179 ms -> contributing 1 tick (patch 0286)
[10:31:05] [info] tas: stall frame 178 ms -> contributing 1 tick (patch 0286)
[10:31:06] [info] tas: stall frame 178 ms -> contributing 1 tick (patch 0286)
[10:31:06] [info] tas: stall frame 180 ms -> contributing 1 tick (patch 0286)
[10:31:06] [info] tas: stall frame 178 ms -> contributing 1 tick (patch 0286)
[10:31:06] [info] tas: stall frame 177 ms -> contributing 1 tick (patch 0286)
[10:31:06] [info] flip-probe: flip #4390 ok=true present=81ms inter_flip_ms=178 drawcalls-since-flip=13 drawcalls-total=319503 fail-total=0 null-skips-total=0
[10:31:06] [info] tas: stall frame 185 ms -> contributing 1 tick (patch 0286)
[10:31:07] [info] tas: stall frame 177 ms -> contributing 1 tick (patch 0286)
[10:31:07] [info] run_tick_fixed #4500: heartbeat (loop alive)
[10:31:07] [info] tas: stall frame 187 ms -> contributing 1 tick (patch 0286)
[10:31:07] [info] tas: stall frame 179 ms -> contributing 1 tick (patch 0286)
[10:31:07] [info] tas: stall frame 180 ms -> contributing 1 tick (patch 0286)
[10:31:07] [info] tas: stall frame 179 ms -> contributing 1 tick (patch 0286)
[10:31:07] [info] drawcall drawSurface call 304000: src=40x8 dst=40x8 at (40,32) took 0ms
[10:31:07] [info] tas: stall frame 188 ms -> contributing 1 tick (patch 0286)
[10:31:08] [info] tas: stall frame 178 ms -> contributing 1 tick (patch 0286)
[10:31:08] [info] tas: stall frame 179 ms -> contributing 1 tick (patch 0286)
[10:31:08] [info] tas: stall frame 178 ms -> contributing 1 tick (patch 0286)
[10:31:08] [info] flip-probe: flip #4400 ok=true present=112ms inter_flip_ms=178 drawcalls-since-flip=13 drawcalls-total=319633 fail-total=0 null-skips-total=0
[10:31:08] [info] drawcall tally block 44: drawcalls=1630 total_ms=151 avg_ms_x10=0 (over 100 flips ending at flip 4400)
[10:31:08] [info] alpha audit block 44: 1630 total drawcalls, 0 with alpha<255 (block pct_x10=0; global 0/304058 pct_x10=0); alpha-mod skipped: block=1870 global=315671
[10:31:08] [info] fastpath audit block 44: taken=0 (idx8=0) skipped=1630 pct_x10=0; global taken=0 (idx8=0) skipped=304058 pct_x10=0
[10:31:08] [info] primitive tally block 44: clear=200(hr=0) fill=0(hr=0) rect=0(hr=0) line=0(hr=0) tint=0 spotlight=0 (over 100 flips ending at flip 4400)
[10:31:08] [info] slowpath reason block 44: alpha=0 format=0 windim=1630 null_src=0 other=0 (of 1630 total drawSurface slow-path)
[10:31:08] [info] color/alpha audit block 44: cmod_white=240 cmod_black=0 (idx=0) cmod_general=0 (idx=0) cmod_fb=240; alpha_taken=0 alpha_skipped=0 (global cmod=12426/0/0/11613 idx=0/0 alpha=0/0)
[10:31:08] [info] phase timing block 44: drawcalls=2310 dc_total_ms=459 flip_inner_total_ms=11772 inter_flip_total_ms=21836 (per-flip avg x10: dc_ms=45 fi_ms=1177 if_ms=2183 derived audio+engine_ms=961; per-drawcall avg us_x10=1988) [direct-vesa: presents=0 total_ms=0 avg_ms_x10=0 failed=0] [ablation: NO_DC_TIMING=0 CACHE_WINSURF=0 DIRECT_VESA=1]
[10:31:08] [info] kbd/audio block 44: kbd_irq=0 kbd_drain=0 ring_chunks=16 pump_pass=4508 pic1_mask=0xb8 first_irq_ticks=0 install_ticks=0 vector_at_install=0x0083def0 pic1_mask_live=0x98 kbd_8042_stat=0x34 bios_kbd_head=0x0022 bios_kbd_tail=0x0022 bios_kbd_buf0=0x1c0d
[10:31:08] [info] dirty-rect block @flip=4400: total_calls=0 dirty_rects_avg=1 dirty_pct_x10=1000 forced_full=0 first_n_force=0 threshold_exceeded=0 dirty_path_taken=100 full_flush_taken=0
[10:31:08] [info] prev-frame-diff block @flip=4400: diff_calls=0 diff_rects_avg=0 diff_dirty_pct_x10=0 bbox_pct_x10=0 bbox_thresh_exceeded=0
[10:31:08] [info] tas: stall frame 293 ms -> contributing 1 tick (patch 0286)
[10:31:08] [info] tas: stall frame 177 ms -> contributing 1 tick (patch 0286)
[10:31:09] [info] tas: stall frame 177 ms -> contributing 1 tick (patch 0286)
[10:31:09] [info] tas: stall frame 181 ms -> contributing 1 tick (patch 0286)
[10:31:09] [info] tas: stall frame 178 ms -> contributing 1 tick (patch 0286)
[10:31:09] [info] tas: stall frame 180 ms -> contributing 1 tick (patch 0286)
[10:31:09] [info] tas: stall frame 178 ms -> contributing 1 tick (patch 0286)
[10:31:10] [info] tas: stall frame 178 ms -> contributing 1 tick (patch 0286)
[10:31:10] [info] tas: stall frame 179 ms -> contributing 1 tick (patch 0286)
[10:31:10] [info] tas: stall frame 177 ms -> contributing 1 tick (patch 0286)
[10:31:10] [info] flip-probe: flip #4410 ok=true present=81ms inter_flip_ms=179 drawcalls-since-flip=13 drawcalls-total=319763 fail-total=0 null-skips-total=0
[10:31:10] [info] tas: stall frame 401 ms -> contributing 1 tick (patch 0286)
[10:31:10] [info] tas: stall frame 177 ms -> contributing 1 tick (patch 0286)
[10:31:11] [info] tas: stall frame 177 ms -> contributing 1 tick (patch 0286)
[10:31:11] [info] tas: stall frame 177 ms -> contributing 1 tick (patch 0286)
[10:31:11] [info] tas: stall frame 181 ms -> contributing 1 tick (patch 0286)
[10:31:11] [info] tas: stall frame 177 ms -> contributing 1 tick (patch 0286)
[10:31:11] [info] tas: stall frame 177 ms -> contributing 1 tick (patch 0286)
[10:31:12] [info] tas: stall frame 177 ms -> contributing 1 tick (patch 0286)
[10:31:12] [info] tas: stall frame 177 ms -> contributing 1 tick (patch 0286)
[10:31:12] [info] tas: stall frame 177 ms -> contributing 1 tick (patch 0286)
[10:31:12] [info] flip-probe: flip #4420 ok=true present=81ms inter_flip_ms=177 drawcalls-since-flip=13 drawcalls-total=319893 fail-total=0 null-skips-total=0
[10:31:12] [info] tas: stall frame 185 ms -> contributing 1 tick (patch 0286)
[10:31:12] [info] tas: stall frame 177 ms -> contributing 1 tick (patch 0286)
[10:31:12] [info] tas: stall frame 177 ms -> contributing 1 tick (patch 0286)
[10:31:13] [info] tas: stall frame 177 ms -> contributing 1 tick (patch 0286)
[10:31:13] [info] tas: stall frame 177 ms -> contributing 1 tick (patch 0286)
[10:31:13] [info] tas: stall frame 179 ms -> contributing 1 tick (patch 0286)
[10:31:13] [info] tas: stall frame 177 ms -> contributing 1 tick (patch 0286)
[10:31:13] [info] tas: stall frame 177 ms -> contributing 1 tick (patch 0286)
[10:31:13] [info] tas: stall frame 177 ms -> contributing 1 tick (patch 0286)
[10:31:14] [info] tas: stall frame 177 ms -> contributing 1 tick (patch 0286)
[10:31:14] [info] flip-probe: flip #4430 ok=true present=81ms inter_flip_ms=177 drawcalls-since-flip=13 drawcalls-total=320023 fail-total=0 null-skips-total=0
[10:31:14] [info] tas: stall frame 185 ms -> contributing 1 tick (patch 0286)
[10:31:14] [info] tas: stall frame 177 ms -> contributing 1 tick (patch 0286)
[10:31:14] [info] tas: stall frame 177 ms -> contributing 1 tick (patch 0286)
[10:31:14] [info] tas: stall frame 178 ms -> contributing 1 tick (patch 0286)
[10:31:15] [info] tas: stall frame 178 ms -> contributing 1 tick (patch 0286)
[10:31:15] [info] tas: stall frame 178 ms -> contributing 1 tick (patch 0286)
[10:31:15] [info] tas: stall frame 180 ms -> contributing 1 tick (patch 0286)
[10:31:15] [info] tas: stall frame 177 ms -> contributing 1 tick (patch 0286)
[10:31:15] [info] tas: stall frame 178 ms -> contributing 1 tick (patch 0286)
[10:31:15] [info] tas: stall frame 177 ms -> contributing 1 tick (patch 0286)
[10:31:16] [info] flip-probe: flip #4440 ok=true present=81ms inter_flip_ms=177 drawcalls-since-flip=13 drawcalls-total=320153 fail-total=0 null-skips-total=0
[10:31:16] [info] tas: stall frame 186 ms -> contributing 1 tick (patch 0286)
[10:31:16] [info] tas: stall frame 177 ms -> contributing 1 tick (patch 0286)
[10:31:16] [info] tas: stall frame 178 ms -> contributing 1 tick (patch 0286)
[10:31:16] [info] tas: stall frame 178 ms -> contributing 1 tick (patch 0286)
[10:31:16] [info] tas: stall frame 179 ms -> contributing 1 tick (patch 0286)
[10:31:17] [info] tas: stall frame 178 ms -> contributing 1 tick (patch 0286)
[10:31:17] [info] tas: stall frame 178 ms -> contributing 1 tick (patch 0286)
[10:31:17] [info] tas: stall frame 179 ms -> contributing 1 tick (patch 0286)
[10:31:17] [info] tas: stall frame 178 ms -> contributing 1 tick (patch 0286)
[10:31:17] [info] tas: stall frame 177 ms -> contributing 1 tick (patch 0286)
[10:31:17] [info] flip-probe: flip #4450 ok=true present=81ms inter_flip_ms=178 drawcalls-since-flip=13 drawcalls-total=320283 fail-total=0 null-skips-total=0
[10:31:17] [info] tas: stall frame 184 ms -> contributing 1 tick (patch 0286)
[10:31:18] [info] tas: stall frame 179 ms -> contributing 1 tick (patch 0286)
[10:31:18] [info] tas: stall frame 178 ms -> contributing 1 tick (patch 0286)
[10:31:18] [info] tas: stall frame 179 ms -> contributing 1 tick (patch 0286)
[10:31:18] [info] tas: stall frame 178 ms -> contributing 1 tick (patch 0286)
[10:31:18] [info] tas: stall frame 178 ms -> contributing 1 tick (patch 0286)
[10:31:19] [info] tas: stall frame 180 ms -> contributing 1 tick (patch 0286)
[10:31:19] [info] tas: stall frame 177 ms -> contributing 1 tick (patch 0286)
[10:31:19] [info] tas: stall frame 180 ms -> contributing 1 tick (patch 0286)
[10:31:19] [info] tas: stall frame 177 ms -> contributing 1 tick (patch 0286)
[10:31:19] [info] flip-probe: flip #4460 ok=true present=81ms inter_flip_ms=179 drawcalls-since-flip=13 drawcalls-total=320413 fail-total=0 null-skips-total=0
[10:31:19] [info] tas: stall frame 187 ms -> contributing 1 tick (patch 0286)
[10:31:19] [info] tas: stall frame 177 ms -> contributing 1 tick (patch 0286)
[10:31:20] [info] tas: stall frame 181 ms -> contributing 1 tick (patch 0286)
[10:31:20] [info] tas: stall frame 177 ms -> contributing 1 tick (patch 0286)
[10:31:20] [info] tas: stall frame 177 ms -> contributing 1 tick (patch 0286)
[10:31:20] [info] tas: stall frame 178 ms -> contributing 1 tick (patch 0286)
[10:31:20] [info] tas: stall frame 177 ms -> contributing 1 tick (patch 0286)
[10:31:21] [info] tas: stall frame 177 ms -> contributing 1 tick (patch 0286)
[10:31:21] [info] tas: stall frame 179 ms -> contributing 1 tick (patch 0286)
[10:31:21] [info] tas: stall frame 179 ms -> contributing 1 tick (patch 0286)
[10:31:21] [info] flip-probe: flip #4470 ok=true present=133ms inter_flip_ms=168 drawcalls-since-flip=43 drawcalls-total=320573 fail-total=0 null-skips-total=0
[10:31:21] [info] tas: stall frame 229 ms -> contributing 1 tick (patch 0286)
[10:31:21] [info] drawcall drawSurface call 305000: src=10x3 dst=10x3 at (68,147) took 0ms
[10:31:21] [info] tas: stall frame 312 ms -> contributing 1 tick (patch 0286)
[10:31:22] [info] tas: stall frame 418 ms -> contributing 1 tick (patch 0286)
[10:31:22] [info] tas: stall frame 557 ms -> contributing 1 tick (patch 0286)
[10:31:23] [info] tas: stall frame 727 ms -> contributing 1 tick (patch 0286)
[10:31:24] [info] tas: stall frame 920 ms -> contributing 1 tick (patch 0286)
[10:31:25] [info] tas: stall frame 1128 ms -> contributing 1 tick (patch 0286)
[10:31:25] [info] drawcall drawSurface call 306000: src=16x16 dst=16x16 at (296,192) took 0ms
[10:31:27] [info] tas: stall frame 1348 ms -> contributing 1 tick (patch 0286)
[10:31:28] [info] tas: stall frame 1539 ms -> contributing 1 tick (patch 0286)
[10:31:30] [info] tas: stall frame 1719 ms -> contributing 1 tick (patch 0286)
[10:31:32] [info] flip-probe: flip #4480 ok=true present=1730ms inter_flip_ms=1726 drawcalls-since-flip=315 drawcalls-total=322499 fail-total=0 null-skips-total=0
[10:31:32] [info] tas: stall frame 1882 ms -> contributing 1 tick (patch 0286)
[10:31:32] [info] drawcall drawSurface call 307000: src=16x16 dst=16x16 at (200,112) took 0ms
[10:31:34] [info] tas: stall frame 2003 ms -> contributing 1 tick (patch 0286)
[10:31:36] [info] tas: stall frame 2072 ms -> contributing 1 tick (patch 0286)
[10:31:38] [info] tas: stall frame 2107 ms -> contributing 1 tick (patch 0286)
[10:31:38] [info] drawcall drawSurface call 308000: src=16x16 dst=16x16 at (136,64) took 0ms
[10:31:40] [info] tas: stall frame 2103 ms -> contributing 1 tick (patch 0286)
[10:31:42] [info] tas: stall frame 2047 ms -> contributing 1 tick (patch 0286)
[10:31:42] [info] drawcall drawSurface call 309000: src=16x16 dst=16x16 at (-8,176) took 1ms
[10:31:44] [info] tas: stall frame 1978 ms -> contributing 1 tick (patch 0286)
[10:31:46] [info] tas: stall frame 1873 ms -> contributing 1 tick (patch 0286)
[10:31:48] [info] tas: stall frame 1767 ms -> contributing 1 tick (patch 0286)
[10:31:48] [info] drawcall drawSurface call 310000: src=16x16 dst=16x16 at (280,176) took 0ms
[10:31:49] [info] tas: stall frame 1665 ms -> contributing 1 tick (patch 0286)
[10:31:51] [info] flip-probe: flip #4490 ok=true present=1401ms inter_flip_ms=1659 drawcalls-since-flip=355 drawcalls-total=326009 fail-total=0 null-skips-total=0
[10:31:51] [info] tas: stall frame 1560 ms -> contributing 1 tick (patch 0286)
[10:31:52] [info] tas: stall frame 1454 ms -> contributing 1 tick (patch 0286)
[10:31:52] [info] drawcall drawSurface call 311000: src=16x16 dst=16x16 at (56,64) took 0ms
[10:31:54] [info] tas: stall frame 1377 ms -> contributing 1 tick (patch 0286)
[10:31:55] [info] tas: stall frame 1305 ms -> contributing 1 tick (patch 0286)
[10:31:56] [info] tas: stall frame 1255 ms -> contributing 1 tick (patch 0286)
[10:31:56] [info] drawcall drawSurface call 312000: src=16x16 dst=16x16 at (216,64) took 0ms
[10:31:57] [info] tas: stall frame 1225 ms -> contributing 1 tick (patch 0286)
[10:31:59] [info] tas: stall frame 1195 ms -> contributing 1 tick (patch 0286)
[10:32:00] [info] tas: stall frame 1181 ms -> contributing 1 tick (patch 0286)
[10:32:00] [info] drawcall drawSurface call 313000: src=16x16 dst=16x16 at (120,160) took 0ms
[10:32:01] [info] tas: stall frame 1182 ms -> contributing 1 tick (patch 0286)
[10:32:02] [info] tas: stall frame 1172 ms -> contributing 1 tick (patch 0286)
[10:32:02] [info] flip-probe: flip #4500 ok=true present=35ms inter_flip_ms=1096 drawcalls-since-flip=3 drawcalls-total=329207 fail-total=0 null-skips-total=0
[10:32:02] [info] drawcall tally block 45: drawcalls=9574 total_ms=790 avg_ms_x10=0 (over 100 flips ending at flip 4500)
[10:32:02] [info] alpha audit block 45: 9574 total drawcalls, 0 with alpha<255 (block pct_x10=0; global 0/313632 pct_x10=0); alpha-mod skipped: block=9574 global=325245
[10:32:02] [info] fastpath audit block 45: taken=0 (idx8=0) skipped=9574 pct_x10=0; global taken=0 (idx8=0) skipped=313632 pct_x10=0
[10:32:02] [info] primitive tally block 45: clear=201(hr=0) fill=0(hr=0) rect=0(hr=0) line=0(hr=0) tint=0 spotlight=0 (over 100 flips ending at flip 4500)
[10:32:02] [info] slowpath reason block 45: alpha=0 format=0 windim=9574 null_src=0 other=0 (of 9574 total drawSurface slow-path)
[10:32:02] [info] phase timing block 45: drawcalls=9775 dc_total_ms=1708 flip_inner_total_ms=43158 inter_flip_total_ms=54170 (per-flip avg x10: dc_ms=170 fi_ms=4315 if_ms=5417 derived audio+engine_ms=932; per-drawcall avg us_x10=1748) [direct-vesa: presents=0 total_ms=0 avg_ms_x10=0 failed=0] [ablation: NO_DC_TIMING=0 CACHE_WINSURF=0 DIRECT_VESA=1]
[10:32:02] [info] kbd/audio block 45: kbd_irq=0 kbd_drain=0 ring_chunks=16 pump_pass=4608 pic1_mask=0xb8 first_irq_ticks=0 install_ticks=0 vector_at_install=0x0083def0 pic1_mask_live=0x98 kbd_8042_stat=0x34 bios_kbd_head=0x0022 bios_kbd_tail=0x0022 bios_kbd_buf0=0x1c0d
[10:32:02] [info] dirty-rect block @flip=4500: total_calls=0 dirty_rects_avg=1 dirty_pct_x10=1000 forced_full=0 first_n_force=0 threshold_exceeded=0 dirty_path_taken=100 full_flush_taken=0
[10:32:02] [info] prev-frame-diff block @flip=4500: diff_calls=0 diff_rects_avg=0 diff_dirty_pct_x10=0 bbox_pct_x10=0 bbox_thresh_exceeded=0
[10:32:02] [info] tas: stall frame 186 ms -> contributing 1 tick (patch 0286)
[10:32:02] [info]  >> Entering stage 11: 'Mimiga Village'.
[10:32:02] [info] [skip-sheet-flush] cave=11
[10:32:03] [info] [load-stage] preloading entry music song=9 (cave=11)
[10:32:03] [info] [music-dispatch] tick=4609 song=9 (prev 8)
[10:32:03] [info] opl3 backend: on_song_stop
[10:32:03] [info] MidiScheduler::load: parsed 'data/orgmid2/mura.mid' = 2863 events at 48 PPQ
[10:32:03] [info] opl3 backend: on_song_start
[10:32:03] [info] gameloop: entered (curmap=11, running=1)
[10:32:03] [info] gameloop: iter 1 ticks=2080923 mapno=-1
[10:32:03] [info] drawcall drawSurface call 314000: src=1x7 dst=1x7 at (172,87) took 0ms
[10:32:05] [info] gameloop: iter 2 ticks=2082264 mapno=-1
[10:32:05] [info] tas: stall frame 1340 ms -> contributing 1 tick (patch 0286)
[10:32:06] [info] gameloop: iter 3 ticks=2083580 mapno=-1
[10:32:06] [info] tas: stall frame 1316 ms -> contributing 1 tick (patch 0286)
[10:32:07] [info] tas: stall frame 1325 ms -> contributing 1 tick (patch 0286)
[10:32:07] [info] drawcall drawSurface call 315000: src=16x16 dst=16x16 at (24,112) took 0ms
[10:32:09] [info] tas: stall frame 1355 ms -> contributing 1 tick (patch 0286)
[10:32:10] [info] tas: stall frame 1383 ms -> contributing 1 tick (patch 0286)
[10:32:11] [info] tas: stall frame 1434 ms -> contributing 1 tick (patch 0286)
[10:32:12] [info] drawcall drawSurface call 316000: src=16x16 dst=16x16 at (88,208) took 0ms
[10:32:13] [info] tas: stall frame 1509 ms -> contributing 1 tick (patch 0286)
[10:32:15] [info] tas: stall frame 1583 ms -> contributing 1 tick (patch 0286)
[10:32:16] [info] flip-probe: flip #4510 ok=true present=1499ms inter_flip_ms=1584 drawcalls-since-flip=382 drawcalls-total=332648 fail-total=0 null-skips-total=0
[10:32:16] [info] tas: stall frame 1690 ms -> contributing 1 tick (patch 0286)
[10:32:16] [info] drawcall drawSurface call 317000: src=16x16 dst=16x16 at (136,176) took 0ms
[10:32:18] [info] tas: stall frame 1818 ms -> contributing 1 tick (patch 0286)
[10:32:20] [info] tas: stall frame 1897 ms -> contributing 1 tick (patch 0286)
[10:32:20] [info] drawcall drawSurface call 318000: src=16x16 dst=16x16 at (8,208) took 1ms
[10:32:22] [info] tas: stall frame 2010 ms -> contributing 1 tick (patch 0286)
[10:32:24] [info] tas: stall frame 2098 ms -> contributing 1 tick (patch 0286)
[10:32:26] [info] tas: stall frame 2196 ms -> contributing 1 tick (patch 0286)
[10:32:26] [info] drawcall drawSurface call 319000: src=16x16 dst=16x16 at (56,176) took 0ms
[10:32:28] [info] tas: stall frame 2235 ms -> contributing 1 tick (patch 0286)
[10:32:31] [info] tas: stall frame 2236 ms -> contributing 1 tick (patch 0286)
[10:32:33] [info] tas: stall frame 2217 ms -> contributing 1 tick (patch 0286)
[10:32:33] [info] drawcall drawSurface call 320000: src=16x16 dst=16x16 at (88,176) took 0ms
[10:32:35] [info] tas: stall frame 2129 ms -> contributing 1 tick (patch 0286)
[10:32:37] [info] flip-probe: flip #4520 ok=true present=1828ms inter_flip_ms=2118 drawcalls-since-flip=342 drawcalls-total=336388 fail-total=0 null-skips-total=0
[10:32:37] [info] tas: stall frame 2012 ms -> contributing 1 tick (patch 0286)
[10:32:39] [info] tas: stall frame 1868 ms -> contributing 1 tick (patch 0286)
[10:32:39] [info] drawcall drawSurface call 321000: src=16x16 dst=16x16 at (40,112) took 0ms
[10:32:41] [info] tas: stall frame 1676 ms -> contributing 1 tick (patch 0286)
[10:32:42] [info] tas: stall frame 1487 ms -> contributing 1 tick (patch 0286)
[10:32:43] [info] tas: stall frame 1258 ms -> contributing 1 tick (patch 0286)
[10:32:44] [info] tas: stall frame 1049 ms -> contributing 1 tick (patch 0286)
[10:32:45] [info] tas: stall frame 875 ms -> contributing 1 tick (patch 0286)
[10:32:45] [info] drawcall drawSurface call 322000: src=16x16 dst=16x16 at (40,176) took 1ms
[10:32:46] [info] tas: stall frame 692 ms -> contributing 1 tick (patch 0286)
[10:32:47] [info] tas: stall frame 562 ms -> contributing 1 tick (patch 0286)
[10:32:47] [info] tas: stall frame 435 ms -> contributing 1 tick (patch 0286)
[10:32:47] [info] flip-probe: flip #4530 ok=true present=230ms inter_flip_ms=428 drawcalls-since-flip=70 drawcalls-total=338312 fail-total=0 null-skips-total=0
[10:32:47] [info] tas: stall frame 354 ms -> contributing 1 tick (patch 0286)
[10:32:48] [info] tas: stall frame 302 ms -> contributing 1 tick (patch 0286)
[10:32:48] [info] tas: stall frame 241 ms -> contributing 1 tick (patch 0286)
[10:32:48] [info] tas: stall frame 239 ms -> contributing 1 tick (patch 0286)
[10:32:48] [info] tas: stall frame 211 ms -> contributing 1 tick (patch 0286)
[10:32:49] [info] tas: stall frame 230 ms -> contributing 1 tick (patch 0286)
[10:32:49] [info] tas: stall frame 209 ms -> contributing 1 tick (patch 0286)
[10:32:49] [info] tas: stall frame 209 ms -> contributing 1 tick (patch 0286)
[10:32:49] [info] tas: stall frame 307 ms -> contributing 1 tick (patch 0286)
[10:32:50] [info] tas: stall frame 288 ms -> contributing 1 tick (patch 0286)
[10:32:50] [info] flip-probe: flip #4540 ok=true present=178ms inter_flip_ms=310 drawcalls-since-flip=40 drawcalls-total=338682 fail-total=0 null-skips-total=0
[10:32:50] [info] tas: stall frame 316 ms -> contributing 1 tick (patch 0286)
[10:32:50] [info] tas: stall frame 288 ms -> contributing 1 tick (patch 0286)
[10:32:50] [info] tas: stall frame 308 ms -> contributing 1 tick (patch 0286)
[10:32:51] [info] tas: stall frame 287 ms -> contributing 1 tick (patch 0286)
[10:32:51] [info] tas: stall frame 312 ms -> contributing 1 tick (patch 0286)
[10:32:51] [info] tas: stall frame 287 ms -> contributing 1 tick (patch 0286)
[10:32:52] [info] tas: stall frame 305 ms -> contributing 1 tick (patch 0286)
[10:32:52] [info] tas: stall frame 308 ms -> contributing 1 tick (patch 0286)
[10:32:52] [info] tas: stall frame 289 ms -> contributing 1 tick (patch 0286)
[10:32:53] [info] tas: stall frame 525 ms -> contributing 1 tick (patch 0286)
[10:32:53] [info] flip-probe: flip #4550 ok=true present=178ms inter_flip_ms=288 drawcalls-since-flip=40 drawcalls-total=339082 fail-total=0 null-skips-total=0
[10:32:53] [info] tas: stall frame 297 ms -> contributing 1 tick (patch 0286)
[10:32:53] [info] tas: stall frame 308 ms -> contributing 1 tick (patch 0286)
[10:32:54] [info] tas: stall frame 305 ms -> contributing 1 tick (patch 0286)
[10:32:54] [info] tas: stall frame 287 ms -> contributing 1 tick (patch 0286)
[10:32:54] [info] tas: stall frame 311 ms -> contributing 1 tick (patch 0286)
[10:32:55] [info] tas: stall frame 312 ms -> contributing 1 tick (patch 0286)
[10:32:55] [info] tas: stall frame 292 ms -> contributing 1 tick (patch 0286)
[10:32:55] [info] drawcall drawSurface call 323000: src=5x8 dst=5x8 at (145,89) took 0ms
[10:32:55] [info] tas: stall frame 321 ms -> contributing 1 tick (patch 0286)
[10:32:56] [info] tas: stall frame 313 ms -> contributing 1 tick (patch 0286)
[10:32:56] [info] tas: stall frame 316 ms -> contributing 1 tick (patch 0286)
[10:32:56] [info] backdrop cache: thrashing-detect engaged (streak=4, route=direct)
[10:32:56] [info] flip-probe: flip #4560 ok=true present=178ms inter_flip_ms=303 drawcalls-since-flip=41 drawcalls-total=339490 fail-total=0 null-skips-total=0
[10:32:56] [info] tas: stall frame 309 ms -> contributing 1 tick (patch 0286)
[10:32:56] [info] tas: stall frame 296 ms -> contributing 1 tick (patch 0286)
[10:32:57] [info] tas: stall frame 297 ms -> contributing 1 tick (patch 0286)
[10:32:57] [info] tas: stall frame 298 ms -> contributing 1 tick (patch 0286)
[10:32:57] [info] tas: stall frame 303 ms -> contributing 1 tick (patch 0286)
[10:32:58] [info] tas: stall frame 315 ms -> contributing 1 tick (patch 0286)
[10:32:58] [info] tas: stall frame 306 ms -> contributing 1 tick (patch 0286)
[10:32:58] [info] tas: stall frame 307 ms -> contributing 1 tick (patch 0286)
[10:32:59] [info] tas: stall frame 310 ms -> contributing 1 tick (patch 0286)
[10:32:59] [info] tas: stall frame 312 ms -> contributing 1 tick (patch 0286)
[10:32:59] [info] flip-probe: flip #4570 ok=true present=178ms inter_flip_ms=313 drawcalls-since-flip=42 drawcalls-total=339908 fail-total=0 null-skips-total=0
[10:32:59] [info] tas: stall frame 321 ms -> contributing 1 tick (patch 0286)
[10:33:00] [info] tas: stall frame 315 ms -> contributing 1 tick (patch 0286)
[10:33:00] [info] tas: stall frame 321 ms -> contributing 1 tick (patch 0286)
[10:33:00] [info] tas: stall frame 323 ms -> contributing 1 tick (patch 0286)
[10:33:01] [info] tas: stall frame 328 ms -> contributing 1 tick (patch 0286)
[10:33:01] [info] tas: stall frame 332 ms -> contributing 1 tick (patch 0286)
[10:33:01] [info] tas: stall frame 333 ms -> contributing 1 tick (patch 0286)
[10:33:02] [info] tas: stall frame 334 ms -> contributing 1 tick (patch 0286)
[10:33:02] [info] tas: stall frame 335 ms -> contributing 1 tick (patch 0286)
[10:33:02] [info] tas: stall frame 338 ms -> contributing 1 tick (patch 0286)
[10:33:03] [info] flip-probe: flip #4580 ok=true present=178ms inter_flip_ms=338 drawcalls-since-flip=43 drawcalls-total=340338 fail-total=0 null-skips-total=0
[10:33:03] [info] tas: stall frame 346 ms -> contributing 1 tick (patch 0286)
[10:33:03] [info] tas: stall frame 339 ms -> contributing 1 tick (patch 0286)
[10:33:03] [info] tas: stall frame 340 ms -> contributing 1 tick (patch 0286)
[10:33:04] [info] tas: stall frame 339 ms -> contributing 1 tick (patch 0286)
[10:33:04] [info] tas: stall frame 338 ms -> contributing 1 tick (patch 0286)
[10:33:04] [info] tas: stall frame 340 ms -> contributing 1 tick (patch 0286)
[10:33:05] [info] tas: stall frame 341 ms -> contributing 1 tick (patch 0286)
[10:33:05] [info] tas: stall frame 341 ms -> contributing 1 tick (patch 0286)
[10:33:05] [info] tas: stall frame 341 ms -> contributing 1 tick (patch 0286)
[10:33:06] [info] tas: stall frame 338 ms -> contributing 1 tick (patch 0286)
[10:33:06] [info] flip-probe: flip #4590 ok=true present=178ms inter_flip_ms=340 drawcalls-since-flip=43 drawcalls-total=340768 fail-total=0 null-skips-total=0
[10:33:06] [info] tas: stall frame 353 ms -> contributing 1 tick (patch 0286)
[10:33:06] [info] tas: stall frame 341 ms -> contributing 1 tick (patch 0286)
[10:33:06] [info] drawcall drawSurface call 324000: src=1x6 dst=1x6 at (168,88) took 0ms
[10:33:07] [info] tas: stall frame 346 ms -> contributing 1 tick (patch 0286)
[10:33:07] [info] tas: stall frame 341 ms -> contributing 1 tick (patch 0286)
[10:33:07] [info] tas: stall frame 338 ms -> contributing 1 tick (patch 0286)
[10:33:08] [info] tas: stall frame 339 ms -> contributing 1 tick (patch 0286)
[10:33:08] [info] tas: stall frame 343 ms -> contributing 1 tick (patch 0286)
[10:33:08] [info] tas: stall frame 341 ms -> contributing 1 tick (patch 0286)
[10:33:09] [info] tas: stall frame 341 ms -> contributing 1 tick (patch 0286)
[10:33:09] [info] tas: stall frame 369 ms -> contributing 1 tick (patch 0286)
[10:33:09] [info] flip-probe: flip #4600 ok=true present=231ms inter_flip_ms=370 drawcalls-since-flip=45 drawcalls-total=341202 fail-total=0 null-skips-total=0
[10:33:09] [info] drawcall tally block 46: drawcalls=10609 total_ms=867 avg_ms_x10=0 (over 100 flips ending at flip 4600)
[10:33:09] [info] alpha audit block 46: 10609 total drawcalls, 0 with alpha<255 (block pct_x10=0; global 0/324241 pct_x10=0); alpha-mod skipped: block=11896 global=337141
[10:33:09] [info] fastpath audit block 46: taken=0 (idx8=0) skipped=10609 pct_x10=0; global taken=0 (idx8=0) skipped=324241 pct_x10=0
[10:33:09] [info] primitive tally block 46: clear=201(hr=0) fill=0(hr=0) rect=0(hr=0) line=0(hr=0) tint=0 spotlight=0 (over 100 flips ending at flip 4600)
[10:33:10] [info] slowpath reason block 46: alpha=0 format=0 windim=10609 null_src=0 other=0 (of 10609 total drawSurface slow-path)
[10:33:10] [info] color/alpha audit block 46: cmod_white=1287 cmod_black=0 (idx=0) cmod_general=0 (idx=0) cmod_fb=1287; alpha_taken=0 alpha_skipped=0 (global cmod=13713/0/0/12900 idx=0/0 alpha=0/0)
[10:33:10] [info] phase timing block 46: drawcalls=13442 dc_total_ms=3103 flip_inner_total_ms=51256 inter_flip_total_ms=66990 (per-flip avg x10: dc_ms=310 fi_ms=5125 if_ms=6699 derived audio+engine_ms=1264; per-drawcall avg us_x10=2308) [direct-vesa: presents=0 total_ms=0 avg_ms_x10=0 failed=0] [ablation: NO_DC_TIMING=0 CACHE_WINSURF=0 DIRECT_VESA=1]
[10:33:10] [info] kbd/audio block 46: kbd_irq=0 kbd_drain=0 ring_chunks=16 pump_pass=4708 pic1_mask=0xb8 first_irq_ticks=0 install_ticks=0 vector_at_install=0x0083def0 pic1_mask_live=0x98 kbd_8042_stat=0x34 bios_kbd_head=0x0022 bios_kbd_tail=0x0022 bios_kbd_buf0=0x1c0d
[10:33:10] [info] dirty-rect block @flip=4600: total_calls=0 dirty_rects_avg=1 dirty_pct_x10=1000 forced_full=0 first_n_force=0 threshold_exceeded=0 dirty_path_taken=100 full_flush_taken=0
[10:33:10] [info] prev-frame-diff block @flip=4600: diff_calls=0 diff_rects_avg=0 diff_dirty_pct_x10=0 bbox_pct_x10=0 bbox_thresh_exceeded=0
[10:33:10] [info] tas: stall frame 483 ms -> contributing 1 tick (patch 0286)
[10:33:10] [info] tas: stall frame 365 ms -> contributing 1 tick (patch 0286)
[10:33:10] [info] tas: stall frame 365 ms -> contributing 1 tick (patch 0286)
[10:33:11] [info] tas: stall frame 363 ms -> contributing 1 tick (patch 0286)
[10:33:11] [info] tas: stall frame 360 ms -> contributing 1 tick (patch 0286)
[10:33:11] [info] tas: stall frame 360 ms -> contributing 1 tick (patch 0286)
[10:33:12] [info] tas: stall frame 361 ms -> contributing 1 tick (patch 0286)
[10:33:12] [info] tas: stall frame 374 ms -> contributing 1 tick (patch 0286)
[10:33:13] [info] tas: stall frame 374 ms -> contributing 1 tick (patch 0286)
[10:33:13] [info] tas: stall frame 397 ms -> contributing 1 tick (patch 0286)
[10:33:13] [info] flip-probe: flip #4610 ok=true present=222ms inter_flip_ms=396 drawcalls-since-flip=46 drawcalls-total=341655 fail-total=0 null-skips-total=0
[10:33:13] [info] tas: stall frame 395 ms -> contributing 1 tick (patch 0286)
[10:33:14] [info] tas: stall frame 382 ms -> contributing 1 tick (patch 0286)
[10:33:14] [info] tas: stall frame 380 ms -> contributing 1 tick (patch 0286)
[10:33:14] [info] tas: stall frame 380 ms -> contributing 1 tick (patch 0286)
[10:33:15] [info] tas: stall frame 376 ms -> contributing 1 tick (patch 0286)
[10:33:15] [info] tas: stall frame 368 ms -> contributing 1 tick (patch 0286)
[10:33:16] [info] tas: stall frame 398 ms -> contributing 1 tick (patch 0286)
[10:33:16] [info] tas: stall frame 411 ms -> contributing 1 tick (patch 0286)
[10:33:16] [info] tas: stall frame 396 ms -> contributing 1 tick (patch 0286)
[10:33:17] [info] tas: stall frame 389 ms -> contributing 1 tick (patch 0286)
[10:33:17] [info] backdrop cache: thrashing-detect engaged (streak=64, route=direct)
[10:33:17] [info] flip-probe: flip #4620 ok=true present=216ms inter_flip_ms=398 drawcalls-since-flip=46 drawcalls-total=342121 fail-total=0 null-skips-total=0
[10:33:17] [info] tas: stall frame 396 ms -> contributing 1 tick (patch 0286)
[10:33:18] [info] tas: stall frame 372 ms -> contributing 1 tick (patch 0286)
[10:33:18] [info] tas: stall frame 264 ms -> contributing 1 tick (patch 0286)
[10:33:18] [info] tas: stall frame 263 ms -> contributing 1 tick (patch 0286)
[10:33:18] [info] tas: stall frame 273 ms -> contributing 1 tick (patch 0286)
[10:33:19] [info] tas: stall frame 261 ms -> contributing 1 tick (patch 0286)
[10:33:19] [info] drawcall drawSurface call 325000: src=8x8 dst=8x8 at (32,40) took 0ms
[10:33:19] [info] tas: stall frame 253 ms -> contributing 1 tick (patch 0286)
[10:33:19] [info] tas: stall frame 227 ms -> contributing 1 tick (patch 0286)
[10:33:19] [info] tas: stall frame 219 ms -> contributing 1 tick (patch 0286)
[10:33:19] [info] tas: stall frame 204 ms -> contributing 1 tick (patch 0286)
[10:33:20] [info] flip-probe: flip #4630 ok=true present=97ms inter_flip_ms=206 drawcalls-since-flip=17 drawcalls-total=342339 fail-total=0 null-skips-total=0
[10:33:20] [info] tas: stall frame 211 ms -> contributing 1 tick (patch 0286)
[10:33:20] [info] tas: stall frame 203 ms -> contributing 1 tick (patch 0286)
[10:33:20] [info] tas: stall frame 198 ms -> contributing 1 tick (patch 0286)
[10:33:20] [info] tas: stall frame 197 ms -> contributing 1 tick (patch 0286)
[10:33:21] [info] tas: stall frame 195 ms -> contributing 1 tick (patch 0286)
[10:33:21] [info] tas: stall frame 189 ms -> contributing 1 tick (patch 0286)
[10:33:21] [info] tas: stall frame 191 ms -> contributing 1 tick (patch 0286)
[10:33:21] [info] tas: stall frame 210 ms -> contributing 1 tick (patch 0286)
[10:33:21] [info] tas: stall frame 213 ms -> contributing 1 tick (patch 0286)
[10:33:22] [info] tas: stall frame 209 ms -> contributing 1 tick (patch 0286)
[10:33:22] [info] backdrop cache: thrashing-detect engaged (streak=4, route=direct)
[10:33:22] [info] flip-probe: flip #4640 ok=true present=81ms inter_flip_ms=196 drawcalls-since-flip=16 drawcalls-total=342503 fail-total=0 null-skips-total=0
[10:33:22] [info] tas: stall frame 201 ms -> contributing 1 tick (patch 0286)
[10:33:22] [info] tas: stall frame 187 ms -> contributing 1 tick (patch 0286)
[10:33:22] [info] tas: stall frame 188 ms -> contributing 1 tick (patch 0286)
[10:33:22] [info] tas: stall frame 189 ms -> contributing 1 tick (patch 0286)
[10:33:23] [info] tas: stall frame 188 ms -> contributing 1 tick (patch 0286)
[10:33:23] [info] tas: stall frame 187 ms -> contributing 1 tick (patch 0286)
[10:33:23] [info] tas: stall frame 188 ms -> contributing 1 tick (patch 0286)
[10:33:23] [info] tas: stall frame 189 ms -> contributing 1 tick (patch 0286)
[10:33:23] [info] tas: stall frame 188 ms -> contributing 1 tick (patch 0286)
[10:33:23] [info] tas: stall frame 190 ms -> contributing 1 tick (patch 0286)
[10:33:24] [info] flip-probe: flip #4650 ok=true present=81ms inter_flip_ms=188 drawcalls-since-flip=16 drawcalls-total=342663 fail-total=0 null-skips-total=0
[10:33:24] [info] tas: stall frame 195 ms -> contributing 1 tick (patch 0286)
[10:33:24] [info] tas: stall frame 189 ms -> contributing 1 tick (patch 0286)
[10:33:24] [info] tas: stall frame 188 ms -> contributing 1 tick (patch 0286)
[10:33:24] [info] tas: stall frame 188 ms -> contributing 1 tick (patch 0286)
[10:33:24] [info] tas: stall frame 190 ms -> contributing 1 tick (patch 0286)
[10:33:25] [info] tas: stall frame 188 ms -> contributing 1 tick (patch 0286)
[10:33:25] [info] tas: stall frame 190 ms -> contributing 1 tick (patch 0286)
[10:33:25] [info] tas: stall frame 188 ms -> contributing 1 tick (patch 0286)
[10:33:25] [info] tas: stall frame 189 ms -> contributing 1 tick (patch 0286)
[10:33:25] [info] tas: stall frame 192 ms -> contributing 1 tick (patch 0286)
[10:33:26] [info] flip-probe: flip #4660 ok=true present=81ms inter_flip_ms=193 drawcalls-since-flip=16 drawcalls-total=342823 fail-total=0 null-skips-total=0
[10:33:26] [info] tas: stall frame 201 ms -> contributing 1 tick (patch 0286)
[10:33:26] [info] tas: stall frame 192 ms -> contributing 1 tick (patch 0286)
[10:33:26] [info] tas: stall frame 192 ms -> contributing 1 tick (patch 0286)
[10:33:26] [info] tas: stall frame 194 ms -> contributing 1 tick (patch 0286)
[10:33:26] [info] tas: stall frame 191 ms -> contributing 1 tick (patch 0286)
[10:33:27] [info] tas: stall frame 197 ms -> contributing 1 tick (patch 0286)
[10:33:27] [info] tas: stall frame 195 ms -> contributing 1 tick (patch 0286)
[10:33:27] [info] tas: stall frame 195 ms -> contributing 1 tick (patch 0286)
[10:33:27] [info] tas: stall frame 197 ms -> contributing 1 tick (patch 0286)
[10:33:27] [info] tas: stall frame 196 ms -> contributing 1 tick (patch 0286)
[10:33:27] [info] flip-probe: flip #4670 ok=true present=80ms inter_flip_ms=197 drawcalls-since-flip=17 drawcalls-total=342984 fail-total=0 null-skips-total=0
[10:33:28] [info] tas: stall frame 205 ms -> contributing 1 tick (patch 0286)
[10:33:28] [info] tas: stall frame 202 ms -> contributing 1 tick (patch 0286)
[10:33:28] [info] tas: stall frame 208 ms -> contributing 1 tick (patch 0286)
[10:33:28] [info] tas: stall frame 209 ms -> contributing 1 tick (patch 0286)
[10:33:28] [info] tas: stall frame 242 ms -> contributing 1 tick (patch 0286)
[10:33:29] [info] tas: stall frame 243 ms -> contributing 1 tick (patch 0286)
[10:33:29] [info] tas: stall frame 244 ms -> contributing 1 tick (patch 0286)
[10:33:29] [info] tas: stall frame 247 ms -> contributing 1 tick (patch 0286)
[10:33:29] [info] tas: stall frame 247 ms -> contributing 1 tick (patch 0286)
[10:33:30] [info] tas: stall frame 249 ms -> contributing 1 tick (patch 0286)
[10:33:30] [info] flip-probe: flip #4680 ok=true present=97ms inter_flip_ms=252 drawcalls-since-flip=20 drawcalls-total=343169 fail-total=0 null-skips-total=0
[10:33:30] [info] tas: stall frame 259 ms -> contributing 1 tick (patch 0286)
[10:33:30] [info] tas: stall frame 257 ms -> contributing 1 tick (patch 0286)
[10:33:30] [info] tas: stall frame 254 ms -> contributing 1 tick (patch 0286)
[10:33:31] [info] tas: stall frame 275 ms -> contributing 1 tick (patch 0286)
[10:33:31] [info] tas: stall frame 275 ms -> contributing 1 tick (patch 0286)
[10:33:31] [info] tas: stall frame 265 ms -> contributing 1 tick (patch 0286)
[10:33:31] [info] tas: stall frame 261 ms -> contributing 1 tick (patch 0286)
[10:33:32] [info] tas: stall frame 265 ms -> contributing 1 tick (patch 0286)
[10:33:32] [info] drawcall drawSurface call 326000: src=14x14 dst=14x14 at (17,17) took 0ms
[10:33:32] [info] tas: stall frame 267 ms -> contributing 1 tick (patch 0286)
[10:33:32] [info] tas: stall frame 258 ms -> contributing 1 tick (patch 0286)
[10:33:33] [info] flip-probe: flip #4690 ok=true present=98ms inter_flip_ms=265 drawcalls-since-flip=19 drawcalls-total=343363 fail-total=0 null-skips-total=0
[10:33:33] [info] tas: stall frame 273 ms -> contributing 1 tick (patch 0286)
[10:33:33] [info] tas: stall frame 265 ms -> contributing 1 tick (patch 0286)
[10:33:33] [info] run_tick_fixed #4800: heartbeat (loop alive)
[10:33:33] [info] tas: stall frame 256 ms -> contributing 1 tick (patch 0286)
[10:33:33] [info] tas: stall frame 248 ms -> contributing 1 tick (patch 0286)
[10:33:33] [info] tas: stall frame 248 ms -> contributing 1 tick (patch 0286)
[10:33:34] [info] tas: stall frame 248 ms -> contributing 1 tick (patch 0286)
[10:33:34] [info] tas: stall frame 248 ms -> contributing 1 tick (patch 0286)
[10:33:34] [info] tas: stall frame 247 ms -> contributing 1 tick (patch 0286)
[10:33:35] [info] tas: stall frame 248 ms -> contributing 1 tick (patch 0286)
[10:33:35] [info] tas: stall frame 247 ms -> contributing 1 tick (patch 0286)
[10:33:35] [info] backdrop cache: thrashing-detect engaged (streak=64, route=direct)
[10:33:35] [info] flip-probe: flip #4700 ok=true present=323ms inter_flip_ms=253 drawcalls-since-flip=18 drawcalls-total=343544 fail-total=0 null-skips-total=0
[10:33:35] [info] drawcall tally block 47: drawcalls=1969 total_ms=184 avg_ms_x10=0 (over 100 flips ending at flip 4700)
[10:33:35] [info] alpha audit block 47: 1969 total drawcalls, 0 with alpha<255 (block pct_x10=0; global 0/326210 pct_x10=0); alpha-mod skipped: block=2242 global=339383
[10:33:35] [info] fastpath audit block 47: taken=0 (idx8=0) skipped=1969 pct_x10=0; global taken=0 (idx8=0) skipped=326210 pct_x10=0
[10:33:35] [info] primitive tally block 47: clear=200(hr=0) fill=0(hr=0) rect=0(hr=0) line=0(hr=0) tint=0 spotlight=0 (over 100 flips ending at flip 4700)
[10:33:35] [info] slowpath reason block 47: alpha=0 format=0 windim=1969 null_src=0 other=0 (of 1969 total drawSurface slow-path)
[10:33:35] [info] color/alpha audit block 47: cmod_white=273 cmod_black=0 (idx=0) cmod_general=0 (idx=0) cmod_fb=273; alpha_taken=0 alpha_skipped=0 (global cmod=13986/0/0/13173 idx=0/0 alpha=0/0)
[10:33:35] [info] phase timing block 47: drawcalls=2720 dc_total_ms=575 flip_inner_total_ms=12074 inter_flip_total_ms=25681 (per-flip avg x10: dc_ms=57 fi_ms=1207 if_ms=2568 derived audio+engine_ms=1304; per-drawcall avg us_x10=2115) [direct-vesa: presents=0 total_ms=0 avg_ms_x10=0 failed=0] [ablation: NO_DC_TIMING=0 CACHE_WINSURF=0 DIRECT_VESA=1]
[10:33:35] [info] kbd/audio block 47: kbd_irq=0 kbd_drain=0 ring_chunks=16 pump_pass=4808 pic1_mask=0xb8 first_irq_ticks=0 install_ticks=0 vector_at_install=0x0083def0 pic1_mask_live=0x98 kbd_8042_stat=0x34 bios_kbd_head=0x0022 bios_kbd_tail=0x0022 bios_kbd_buf0=0x1c0d
[10:33:35] [info] dirty-rect block @flip=4700: total_calls=0 dirty_rects_avg=1 dirty_pct_x10=1000 forced_full=0 first_n_force=0 threshold_exceeded=0 dirty_path_taken=100 full_flush_taken=0
[10:33:35] [info] prev-frame-diff block @flip=4700: diff_calls=0 diff_rects_avg=0 diff_dirty_pct_x10=0 bbox_pct_x10=0 bbox_thresh_exceeded=0
[10:33:35] [info] tas: stall frame 575 ms -> contributing 1 tick (patch 0286)
[10:33:36] [info] tas: stall frame 248 ms -> contributing 1 tick (patch 0286)
[10:33:36] [info] tas: stall frame 247 ms -> contributing 1 tick (patch 0286)
[10:33:36] [info] tas: stall frame 247 ms -> contributing 1 tick (patch 0286)
[10:33:36] [info] tas: stall frame 248 ms -> contributing 1 tick (patch 0286)
[10:33:37] [info] tas: stall frame 247 ms -> contributing 1 tick (patch 0286)
[10:33:37] [info] tas: stall frame 247 ms -> contributing 1 tick (patch 0286)
[10:33:37] [info] tas: stall frame 248 ms -> contributing 1 tick (patch 0286)
[10:33:37] [info] tas: stall frame 250 ms -> contributing 1 tick (patch 0286)
[10:33:38] [info] tas: stall frame 249 ms -> contributing 1 tick (patch 0286)
[10:33:38] [info] flip-probe: flip #4710 ok=true present=81ms inter_flip_ms=247 drawcalls-since-flip=18 drawcalls-total=343724 fail-total=0 null-skips-total=0
[10:33:38] [info] tas: stall frame 254 ms -> contributing 1 tick (patch 0286)
[10:33:38] [info] tas: stall frame 247 ms -> contributing 1 tick (patch 0286)
[10:33:38] [info] tas: stall frame 249 ms -> contributing 1 tick (patch 0286)
[10:33:39] [info] tas: stall frame 248 ms -> contributing 1 tick (patch 0286)
[10:33:39] [info] tas: stall frame 249 ms -> contributing 1 tick (patch 0286)
[10:33:39] [info] tas: stall frame 246 ms -> contributing 1 tick (patch 0286)
[10:33:39] [info] tas: stall frame 249 ms -> contributing 1 tick (patch 0286)
[10:33:40] [info] tas: stall frame 248 ms -> contributing 1 tick (patch 0286)
[10:33:40] [info] tas: stall frame 248 ms -> contributing 1 tick (patch 0286)
[10:33:40] [info] tas: stall frame 251 ms -> contributing 1 tick (patch 0286)
[10:33:40] [info] flip-probe: flip #4720 ok=true present=81ms inter_flip_ms=249 drawcalls-since-flip=18 drawcalls-total=343904 fail-total=0 null-skips-total=0
[10:33:40] [info] tas: stall frame 256 ms -> contributing 1 tick (patch 0286)
[10:33:41] [info] tas: stall frame 249 ms -> contributing 1 tick (patch 0286)
[10:33:41] [info] tas: stall frame 270 ms -> contributing 1 tick (patch 0286)
[10:33:41] [info] tas: stall frame 273 ms -> contributing 1 tick (patch 0286)
[10:33:41] [info] tas: stall frame 250 ms -> contributing 1 tick (patch 0286)
[10:33:42] [info] tas: stall frame 271 ms -> contributing 1 tick (patch 0286)
[10:33:42] [info] tas: stall frame 268 ms -> contributing 1 tick (patch 0286)
[10:33:42] [info] tas: stall frame 250 ms -> contributing 1 tick (patch 0286)
[10:33:42] [info] tas: stall frame 272 ms -> contributing 1 tick (patch 0286)
[10:33:43] [info] tas: stall frame 271 ms -> contributing 1 tick (patch 0286)
[10:33:43] [info] flip-probe: flip #4730 ok=true present=81ms inter_flip_ms=274 drawcalls-since-flip=18 drawcalls-total=344084 fail-total=0 null-skips-total=0
[10:33:43] [info] tas: stall frame 280 ms -> contributing 1 tick (patch 0286)
[10:33:43] [info] tas: stall frame 249 ms -> contributing 1 tick (patch 0286)
[10:33:43] [info] tas: stall frame 268 ms -> contributing 1 tick (patch 0286)
[10:33:44] [info] tas: stall frame 272 ms -> contributing 1 tick (patch 0286)
[10:33:44] [info] tas: stall frame 273 ms -> contributing 1 tick (patch 0286)
[10:33:44] [info] tas: stall frame 250 ms -> contributing 1 tick (patch 0286)
[10:33:45] [info] tas: stall frame 271 ms -> contributing 1 tick (patch 0286)
[10:33:45] [info] tas: stall frame 269 ms -> contributing 1 tick (patch 0286)
[10:33:45] [info] tas: stall frame 271 ms -> contributing 1 tick (patch 0286)
[10:33:45] [info] tas: stall frame 251 ms -> contributing 1 tick (patch 0286)
[10:33:46] [info] flip-probe: flip #4740 ok=true present=81ms inter_flip_ms=275 drawcalls-since-flip=18 drawcalls-total=344264 fail-total=0 null-skips-total=0
[10:33:46] [info] tas: stall frame 281 ms -> contributing 1 tick (patch 0286)
[10:33:46] [info] tas: stall frame 271 ms -> contributing 1 tick (patch 0286)
[10:33:46] [info] tas: stall frame 267 ms -> contributing 1 tick (patch 0286)
[10:33:46] [info] tas: stall frame 249 ms -> contributing 1 tick (patch 0286)
[10:33:47] [info] tas: stall frame 274 ms -> contributing 1 tick (patch 0286)
[10:33:47] [info] tas: stall frame 275 ms -> contributing 1 tick (patch 0286)
[10:33:47] [info] tas: stall frame 279 ms -> contributing 1 tick (patch 0286)
[10:33:47] [info] drawcall drawSurface call 327000: src=16x16 dst=16x16 at (278,-8) took 0ms
[10:33:47] [info] tas: stall frame 265 ms -> contributing 1 tick (patch 0286)
[10:33:48] [info] tas: stall frame 280 ms -> contributing 1 tick (patch 0286)
[10:33:48] [info] tas: stall frame 282 ms -> contributing 1 tick (patch 0286)
[10:33:48] [info] flip-probe: flip #4750 ok=true present=81ms inter_flip_ms=286 drawcalls-since-flip=19 drawcalls-total=344452 fail-total=0 null-skips-total=0
[10:33:48] [info] tas: stall frame 292 ms -> contributing 1 tick (patch 0286)
[10:33:49] [info] tas: stall frame 263 ms -> contributing 1 tick (patch 0286)
[10:33:49] [info] tas: stall frame 286 ms -> contributing 1 tick (patch 0286)
[10:33:49] [info] tas: stall frame 282 ms -> contributing 1 tick (patch 0286)
[10:33:49] [info] tas: stall frame 287 ms -> contributing 1 tick (patch 0286)
[10:33:50] [info] tas: stall frame 269 ms -> contributing 1 tick (patch 0286)
[10:33:50] [info] tas: stall frame 291 ms -> contributing 1 tick (patch 0286)
[10:33:50] [info] tas: stall frame 291 ms -> contributing 1 tick (patch 0286)
[10:33:51] [info] tas: stall frame 290 ms -> contributing 1 tick (patch 0286)
[10:33:51] [info] tas: stall frame 273 ms -> contributing 1 tick (patch 0286)
[10:33:51] [info] flip-probe: flip #4760 ok=true present=81ms inter_flip_ms=294 drawcalls-since-flip=20 drawcalls-total=344649 fail-total=0 null-skips-total=0
[10:33:51] [info] tas: stall frame 302 ms -> contributing 1 tick (patch 0286)
[10:33:52] [info] tas: stall frame 293 ms -> contributing 1 tick (patch 0286)
[10:33:52] [info] tas: stall frame 273 ms -> contributing 1 tick (patch 0286)
[10:33:52] [info] tas: stall frame 291 ms -> contributing 1 tick (patch 0286)
[10:33:52] [info] tas: stall frame 288 ms -> contributing 1 tick (patch 0286)
[10:33:53] [info] tas: stall frame 296 ms -> contributing 1 tick (patch 0286)
[10:33:53] [info] tas: stall frame 272 ms -> contributing 1 tick (patch 0286)
[10:33:53] [info] tas: stall frame 289 ms -> contributing 1 tick (patch 0286)
[10:33:53] [info] tas: stall frame 289 ms -> contributing 1 tick (patch 0286)
[10:33:54] [info] tas: stall frame 285 ms -> contributing 1 tick (patch 0286)
[10:33:54] [info] flip-probe: flip #4770 ok=true present=81ms inter_flip_ms=267 drawcalls-since-flip=19 drawcalls-total=344843 fail-total=0 null-skips-total=0
[10:33:54] [info] tas: stall frame 275 ms -> contributing 1 tick (patch 0286)
[10:33:54] [info] tas: stall frame 285 ms -> contributing 1 tick (patch 0286)
[10:33:55] [info] tas: stall frame 284 ms -> contributing 1 tick (patch 0286)
[10:33:55] [info] tas: stall frame 283 ms -> contributing 1 tick (patch 0286)
[10:33:55] [info] tas: stall frame 261 ms -> contributing 1 tick (patch 0286)
[10:33:55] [info] tas: stall frame 274 ms -> contributing 1 tick (patch 0286)
[10:33:56] [info] tas: stall frame 279 ms -> contributing 1 tick (patch 0286)
[10:33:56] [info] tas: stall frame 278 ms -> contributing 1 tick (patch 0286)
[10:33:56] [info] tas: stall frame 256 ms -> contributing 1 tick (patch 0286)
[10:33:57] [info] tas: stall frame 273 ms -> contributing 1 tick (patch 0286)
[10:33:57] [info] flip-probe: flip #4780 ok=true present=81ms inter_flip_ms=270 drawcalls-since-flip=18 drawcalls-total=345028 fail-total=0 null-skips-total=0
[10:33:57] [info] tas: stall frame 277 ms -> contributing 1 tick (patch 0286)
[10:33:57] [info] tas: stall frame 254 ms -> contributing 1 tick (patch 0286)
[10:33:57] [info] tas: stall frame 272 ms -> contributing 1 tick (patch 0286)
[10:33:58] [info] tas: stall frame 270 ms -> contributing 1 tick (patch 0286)
[10:33:58] [info] tas: stall frame 269 ms -> contributing 1 tick (patch 0286)
[10:33:58] [info] tas: stall frame 248 ms -> contributing 1 tick (patch 0286)
[10:33:58] [info] tas: stall frame 261 ms -> contributing 1 tick (patch 0286)
[10:33:59] [info] tas: stall frame 265 ms -> contributing 1 tick (patch 0286)
[10:33:59] [info] tas: stall frame 246 ms -> contributing 1 tick (patch 0286)
[10:33:59] [info] tas: stall frame 264 ms -> contributing 1 tick (patch 0286)
[10:33:59] [info] flip-probe: flip #4790 ok=true present=81ms inter_flip_ms=244 drawcalls-since-flip=17 drawcalls-total=345204 fail-total=0 null-skips-total=0
[10:33:59] [info] tas: stall frame 250 ms -> contributing 1 tick (patch 0286)
[10:34:00] [info] tas: stall frame 264 ms -> contributing 1 tick (patch 0286)
[10:34:00] [info] tas: stall frame 246 ms -> contributing 1 tick (patch 0286)
[10:34:00] [info] tas: stall frame 263 ms -> contributing 1 tick (patch 0286)
[10:34:00] [info] tas: stall frame 245 ms -> contributing 1 tick (patch 0286)
[10:34:01] [info] tas: stall frame 265 ms -> contributing 1 tick (patch 0286)
[10:34:01] [info] tas: stall frame 245 ms -> contributing 1 tick (patch 0286)
[10:34:01] [info] tas: stall frame 243 ms -> contributing 1 tick (patch 0286)
[10:34:01] [info] tas: stall frame 247 ms -> contributing 1 tick (patch 0286)
[10:34:02] [info] tas: stall frame 244 ms -> contributing 1 tick (patch 0286)
[10:34:02] [info] flip-probe: flip #4800 ok=true present=109ms inter_flip_ms=244 drawcalls-since-flip=17 drawcalls-total=345374 fail-total=0 null-skips-total=0
[10:34:02] [info] drawcall tally block 48: drawcalls=1730 total_ms=173 avg_ms_x10=1 (over 100 flips ending at flip 4800)
[10:34:02] [info] alpha audit block 48: 1730 total drawcalls, 0 with alpha<255 (block pct_x10=0; global 0/327940 pct_x10=0); alpha-mod skipped: block=1730 global=341113
[10:34:02] [info] fastpath audit block 48: taken=0 (idx8=0) skipped=1730 pct_x10=0; global taken=0 (idx8=0) skipped=327940 pct_x10=0
[10:34:02] [info] primitive tally block 48: clear=200(hr=0) fill=0(hr=0) rect=0(hr=0) line=0(hr=0) tint=0 spotlight=0 (over 100 flips ending at flip 4800)
[10:34:02] [info] slowpath reason block 48: alpha=0 format=0 windim=1730 null_src=0 other=0 (of 1730 total drawSurface slow-path)
[10:34:02] [info] phase timing block 48: drawcalls=2010 dc_total_ms=1270 flip_inner_total_ms=8396 inter_flip_total_ms=26928 (per-flip avg x10: dc_ms=127 fi_ms=839 if_ms=2692 derived audio+engine_ms=1726; per-drawcall avg us_x10=6322) [direct-vesa: presents=0 total_ms=0 avg_ms_x10=0 failed=0] [ablation: NO_DC_TIMING=0 CACHE_WINSURF=0 DIRECT_VESA=1]
[10:34:02] [info] kbd/audio block 48: kbd_irq=0 kbd_drain=0 ring_chunks=16 pump_pass=4908 pic1_mask=0xb8 first_irq_ticks=0 install_ticks=0 vector_at_install=0x0083def0 pic1_mask_live=0x98 kbd_8042_stat=0x34 bios_kbd_head=0x0022 bios_kbd_tail=0x0022 bios_kbd_buf0=0x1c0d
[10:34:02] [info] dirty-rect block @flip=4800: total_calls=0 dirty_rects_avg=1 dirty_pct_x10=1000 forced_full=0 first_n_force=0 threshold_exceeded=0 dirty_path_taken=100 full_flush_taken=0
[10:34:02] [info] prev-frame-diff block @flip=4800: diff_calls=0 diff_rects_avg=0 diff_dirty_pct_x10=0 bbox_pct_x10=0 bbox_thresh_exceeded=0
[10:34:02] [info] tas: stall frame 347 ms -> contributing 1 tick (patch 0286)
[10:34:02] [info] tas: stall frame 246 ms -> contributing 1 tick (patch 0286)
[10:34:03] [info] tas: stall frame 244 ms -> contributing 1 tick (patch 0286)
[10:34:03] [info] tas: stall frame 244 ms -> contributing 1 tick (patch 0286)
[10:34:03] [info] drawcall drawSurface call 328000: src=8x8 dst=8x8 at (32,32) took 0ms
[10:34:03] [info] tas: stall frame 252 ms -> contributing 1 tick (patch 0286)
[10:34:03] [info] tas: stall frame 243 ms -> contributing 1 tick (patch 0286)
[10:34:04] [info] tas: stall frame 245 ms -> contributing 1 tick (patch 0286)
[10:34:04] [info] tas: stall frame 476 ms -> contributing 1 tick (patch 0286)
[10:34:04] [info] tas: stall frame 244 ms -> contributing 1 tick (patch 0286)
[10:34:04] [info] tas: stall frame 243 ms -> contributing 1 tick (patch 0286)
[10:34:05] [info] flip-probe: flip #4810 ok=true present=82ms inter_flip_ms=244 drawcalls-since-flip=17 drawcalls-total=345544 fail-total=0 null-skips-total=0
[10:34:05] [info] tas: stall frame 250 ms -> contributing 1 tick (patch 0286)
[10:34:05] [info] tas: stall frame 245 ms -> contributing 1 tick (patch 0286)
[10:34:05] [info] tas: stall frame 265 ms -> contributing 1 tick (patch 0286)
[10:34:06] [info] tas: stall frame 244 ms -> contributing 1 tick (patch 0286)
[10:34:06] [info] tas: stall frame 244 ms -> contributing 1 tick (patch 0286)
[10:34:06] [info] tas: stall frame 265 ms -> contributing 1 tick (patch 0286)
[10:34:06] [info] tas: stall frame 244 ms -> contributing 1 tick (patch 0286)
[10:34:06] [info] tas: stall frame 245 ms -> contributing 1 tick (patch 0286)
[10:34:07] [info] tas: stall frame 264 ms -> contributing 1 tick (patch 0286)
[10:34:07] [info] tas: stall frame 244 ms -> contributing 1 tick (patch 0286)
[10:34:07] [info] flip-probe: flip #4820 ok=true present=81ms inter_flip_ms=244 drawcalls-since-flip=17 drawcalls-total=345714 fail-total=0 null-skips-total=0
[10:34:07] [info] tas: stall frame 250 ms -> contributing 1 tick (patch 0286)
[10:34:07] [info] tas: stall frame 261 ms -> contributing 1 tick (patch 0286)
[10:34:08] [info] tas: stall frame 247 ms -> contributing 1 tick (patch 0286)
[10:34:08] [info] tas: stall frame 245 ms -> contributing 1 tick (patch 0286)
[10:34:08] [info] tas: stall frame 269 ms -> contributing 1 tick (patch 0286)
[10:34:09] [info] tas: stall frame 249 ms -> contributing 1 tick (patch 0286)
[10:34:09] [info] tas: stall frame 271 ms -> contributing 1 tick (patch 0286)
[10:34:09] [info] tas: stall frame 251 ms -> contributing 1 tick (patch 0286)
[10:34:09] [info] tas: stall frame 253 ms -> contributing 1 tick (patch 0286)
[10:34:10] [info] tas: stall frame 272 ms -> contributing 1 tick (patch 0286)
[10:34:10] [info] flip-probe: flip #4830 ok=true present=81ms inter_flip_ms=254 drawcalls-since-flip=18 drawcalls-total=345894 fail-total=0 null-skips-total=0
[10:34:10] [info] tas: stall frame 262 ms -> contributing 1 tick (patch 0286)
[10:34:10] [info] tas: stall frame 270 ms -> contributing 1 tick (patch 0286)
[10:34:10] [info] tas: stall frame 253 ms -> contributing 1 tick (patch 0286)
[10:34:11] [info] tas: stall frame 275 ms -> contributing 1 tick (patch 0286)
[10:34:11] [info] tas: stall frame 254 ms -> contributing 1 tick (patch 0286)
[10:34:11] [info] tas: stall frame 253 ms -> contributing 1 tick (patch 0286)
[10:34:11] [info] tas: stall frame 275 ms -> contributing 1 tick (patch 0286)
[10:34:12] [info] tas: stall frame 256 ms -> contributing 1 tick (patch 0286)
[10:34:12] [info] tas: stall frame 277 ms -> contributing 1 tick (patch 0286)
[10:34:12] [info] tas: stall frame 259 ms -> contributing 1 tick (patch 0286)
[10:34:12] [info] flip-probe: flip #4840 ok=true present=81ms inter_flip_ms=275 drawcalls-since-flip=19 drawcalls-total=346075 fail-total=0 null-skips-total=0
[10:34:12] [info] tas: stall frame 281 ms -> contributing 1 tick (patch 0286)
[10:34:13] [info] tas: stall frame 259 ms -> contributing 1 tick (patch 0286)
[10:34:13] [info] tas: stall frame 282 ms -> contributing 1 tick (patch 0286)
[10:34:13] [info] tas: stall frame 263 ms -> contributing 1 tick (patch 0286)
[10:34:14] [info] tas: stall frame 286 ms -> contributing 1 tick (patch 0286)
[10:34:14] [info] tas: stall frame 263 ms -> contributing 1 tick (patch 0286)
[10:34:14] [info] tas: stall frame 285 ms -> contributing 1 tick (patch 0286)
[10:34:14] [info] tas: stall frame 265 ms -> contributing 1 tick (patch 0286)
[10:34:15] [info] tas: stall frame 265 ms -> contributing 1 tick (patch 0286)
[10:34:15] [info] tas: stall frame 283 ms -> contributing 1 tick (patch 0286)
[10:34:15] [info] flip-probe: flip #4850 ok=true present=82ms inter_flip_ms=268 drawcalls-since-flip=19 drawcalls-total=346265 fail-total=0 null-skips-total=0
[10:34:15] [info] tas: stall frame 274 ms -> contributing 1 tick (patch 0286)
[10:34:16] [info] tas: stall frame 288 ms -> contributing 1 tick (patch 0286)
[10:34:16] [info] tas: stall frame 268 ms -> contributing 1 tick (patch 0286)
[10:34:16] [info] tas: stall frame 288 ms -> contributing 1 tick (patch 0286)
[10:34:16] [info] tas: stall frame 269 ms -> contributing 1 tick (patch 0286)
[10:34:17] [info] tas: stall frame 291 ms -> contributing 1 tick (patch 0286)
[10:34:17] [info] tas: stall frame 269 ms -> contributing 1 tick (patch 0286)
[10:34:17] [info] tas: stall frame 286 ms -> contributing 1 tick (patch 0286)
[10:34:17] [info] tas: stall frame 270 ms -> contributing 1 tick (patch 0286)
[10:34:18] [info] tas: stall frame 292 ms -> contributing 1 tick (patch 0286)
[10:34:18] [info] flip-probe: flip #4860 ok=true present=81ms inter_flip_ms=273 drawcalls-since-flip=20 drawcalls-total=346459 fail-total=0 null-skips-total=0
[10:34:18] [info] tas: stall frame 280 ms -> contributing 1 tick (patch 0286)
[10:34:18] [info] tas: stall frame 294 ms -> contributing 1 tick (patch 0286)
[10:34:19] [info] drawcall drawSurface call 329000: src=14x14 dst=14x14 at (17,17) took 0ms
[10:34:19] [info] tas: stall frame 279 ms -> contributing 1 tick (patch 0286)
[10:34:19] [info] tas: stall frame 294 ms -> contributing 1 tick (patch 0286)
[10:34:19] [info] tas: stall frame 272 ms -> contributing 1 tick (patch 0286)
[10:34:19] [info] tas: stall frame 291 ms -> contributing 1 tick (patch 0286)
[10:34:20] [info] tas: stall frame 273 ms -> contributing 1 tick (patch 0286)
[10:34:20] [info] tas: stall frame 292 ms -> contributing 1 tick (patch 0286)
[10:34:20] [info] tas: stall frame 270 ms -> contributing 1 tick (patch 0286)
[10:34:21] [info] tas: stall frame 289 ms -> contributing 1 tick (patch 0286)
[10:34:21] [info] flip-probe: flip #4870 ok=true present=81ms inter_flip_ms=269 drawcalls-since-flip=20 drawcalls-total=346659 fail-total=0 null-skips-total=0
[10:34:21] [info] tas: stall frame 281 ms -> contributing 1 tick (patch 0286)
[10:34:21] [info] tas: stall frame 288 ms -> contributing 1 tick (patch 0286)
[10:34:21] [info] tas: stall frame 267 ms -> contributing 1 tick (patch 0286)
[10:34:22] [info] tas: stall frame 282 ms -> contributing 1 tick (patch 0286)
[10:34:22] [info] tas: stall frame 265 ms -> contributing 1 tick (patch 0286)
[10:34:22] [info] tas: stall frame 286 ms -> contributing 1 tick (patch 0286)
[10:34:23] [info] tas: stall frame 263 ms -> contributing 1 tick (patch 0286)
[10:34:23] [info] tas: stall frame 283 ms -> contributing 1 tick (patch 0286)
[10:34:23] [info] tas: stall frame 263 ms -> contributing 1 tick (patch 0286)
[10:34:23] [info] tas: stall frame 282 ms -> contributing 1 tick (patch 0286)
[10:34:24] [info] flip-probe: flip #4880 ok=true present=81ms inter_flip_ms=263 drawcalls-since-flip=19 drawcalls-total=346852 fail-total=0 null-skips-total=0
[10:34:24] [info] tas: stall frame 271 ms -> contributing 1 tick (patch 0286)
[10:34:24] [info] tas: stall frame 277 ms -> contributing 1 tick (patch 0286)
[10:34:24] [info] tas: stall frame 259 ms -> contributing 1 tick (patch 0286)
[10:34:24] [info] tas: stall frame 279 ms -> contributing 1 tick (patch 0286)
[10:34:25] [info] tas: stall frame 256 ms -> contributing 1 tick (patch 0286)
[10:34:25] [info] tas: stall frame 275 ms -> contributing 1 tick (patch 0286)
[10:34:25] [info] tas: stall frame 258 ms -> contributing 1 tick (patch 0286)
[10:34:26] [info] tas: stall frame 273 ms -> contributing 1 tick (patch 0286)
[10:34:26] [info] tas: stall frame 251 ms -> contributing 1 tick (patch 0286)
[10:34:26] [info] tas: stall frame 267 ms -> contributing 1 tick (patch 0286)
[10:34:26] [info] flip-probe: flip #4890 ok=true present=81ms inter_flip_ms=250 drawcalls-since-flip=18 drawcalls-total=347041 fail-total=0 null-skips-total=0
[10:34:26] [info] tas: stall frame 256 ms -> contributing 1 tick (patch 0286)
[10:34:27] [info] tas: stall frame 272 ms -> contributing 1 tick (patch 0286)
[10:34:27] [info] tas: stall frame 250 ms -> contributing 1 tick (patch 0286)
[10:34:27] [info] tas: stall frame 270 ms -> contributing 1 tick (patch 0286)
[10:34:27] [info] tas: stall frame 250 ms -> contributing 1 tick (patch 0286)
[10:34:28] [info] tas: stall frame 270 ms -> contributing 1 tick (patch 0286)
[10:34:28] [info] tas: stall frame 250 ms -> contributing 1 tick (patch 0286)
[10:34:28] [info] tas: stall frame 268 ms -> contributing 1 tick (patch 0286)
[10:34:28] [info] tas: stall frame 251 ms -> contributing 1 tick (patch 0286)
[10:34:29] [info] tas: stall frame 270 ms -> contributing 1 tick (patch 0286)
[10:34:29] [info] flip-probe: flip #4900 ok=true present=107ms inter_flip_ms=250 drawcalls-since-flip=18 drawcalls-total=347221 fail-total=0 null-skips-total=0
[10:34:29] [info] drawcall tally block 49: drawcalls=1747 total_ms=166 avg_ms_x10=0 (over 100 flips ending at flip 4900)
[10:34:29] [info] alpha audit block 49: 1747 total drawcalls, 0 with alpha<255 (block pct_x10=0; global 0/329687 pct_x10=0); alpha-mod skipped: block=1747 global=342860
[10:34:29] [info] fastpath audit block 49: taken=0 (idx8=0) skipped=1747 pct_x10=0; global taken=0 (idx8=0) skipped=329687 pct_x10=0
[10:34:29] [info] primitive tally block 49: clear=200(hr=0) fill=0(hr=0) rect=0(hr=0) line=0(hr=0) tint=0 spotlight=0 (over 100 flips ending at flip 4900)
[10:34:29] [info] slowpath reason block 49: alpha=0 format=0 windim=1747 null_src=0 other=0 (of 1747 total drawSurface slow-path)
[10:34:29] [info] phase timing block 49: drawcalls=2047 dc_total_ms=1506 flip_inner_total_ms=8397 inter_flip_total_ms=26943 (per-flip avg x10: dc_ms=150 fi_ms=839 if_ms=2694 derived audio+engine_ms=1705; per-drawcall avg us_x10=7357) [direct-vesa: presents=0 total_ms=0 avg_ms_x10=0 failed=0] [ablation: NO_DC_TIMING=0 CACHE_WINSURF=0 DIRECT_VESA=1]
[10:34:29] [info] kbd/audio block 49: kbd_irq=0 kbd_drain=0 ring_chunks=16 pump_pass=5008 pic1_mask=0xb8 first_irq_ticks=0 install_ticks=0 vector_at_install=0x0083def0 pic1_mask_live=0x98 kbd_8042_stat=0x34 bios_kbd_head=0x0022 bios_kbd_tail=0x0022 bios_kbd_buf0=0x1c0d
[10:34:29] [info] dirty-rect block @flip=4900: total_calls=0 dirty_rects_avg=1 dirty_pct_x10=1000 forced_full=0 first_n_force=0 threshold_exceeded=0 dirty_path_taken=100 full_flush_taken=0
[10:34:29] [info] prev-frame-diff block @flip=4900: diff_calls=0 diff_rects_avg=0 diff_dirty_pct_x10=0 bbox_pct_x10=0 bbox_thresh_exceeded=0
[10:34:29] [info] tas: stall frame 349 ms -> contributing 1 tick (patch 0286)
[10:34:29] [info] tas: stall frame 270 ms -> contributing 1 tick (patch 0286)
[10:34:30] [info] tas: stall frame 250 ms -> contributing 1 tick (patch 0286)
[10:34:30] [info] tas: stall frame 270 ms -> contributing 1 tick (patch 0286)
[10:34:30] [info] tas: stall frame 250 ms -> contributing 1 tick (patch 0286)
[10:34:30] [info] tas: stall frame 266 ms -> contributing 1 tick (patch 0286)
[10:34:31] [info] tas: stall frame 250 ms -> contributing 1 tick (patch 0286)
[10:34:31] [info] tas: stall frame 271 ms -> contributing 1 tick (patch 0286)
[10:34:31] [info] tas: stall frame 250 ms -> contributing 1 tick (patch 0286)
[10:34:31] [info] tas: stall frame 270 ms -> contributing 1 tick (patch 0286)
[10:34:32] [info] flip-probe: flip #4910 ok=true present=81ms inter_flip_ms=250 drawcalls-since-flip=18 drawcalls-total=347401 fail-total=0 null-skips-total=0
[10:34:32] [info] tas: stall frame 256 ms -> contributing 1 tick (patch 0286)
[10:34:32] [info] tas: stall frame 272 ms -> contributing 1 tick (patch 0286)
[10:34:32] [info] tas: stall frame 250 ms -> contributing 1 tick (patch 0286)
[10:34:32] [info] tas: stall frame 250 ms -> contributing 1 tick (patch 0286)
[10:34:33] [info] tas: stall frame 267 ms -> contributing 1 tick (patch 0286)
[10:34:33] [info] tas: stall frame 249 ms -> contributing 1 tick (patch 0286)
[10:34:33] [info] tas: stall frame 270 ms -> contributing 1 tick (patch 0286)
[10:34:33] [info] tas: stall frame 250 ms -> contributing 1 tick (patch 0286)
[10:34:34] [info] tas: stall frame 272 ms -> contributing 1 tick (patch 0286)
[10:34:34] [info] drawcall drawSurface call 330000: src=16x16 dst=16x16 at (103,136) took 0ms
[10:34:34] [info] tas: stall frame 256 ms -> contributing 1 tick (patch 0286)
[10:34:34] [info] flip-probe: flip #4920 ok=true present=81ms inter_flip_ms=270 drawcalls-since-flip=18 drawcalls-total=347581 fail-total=0 null-skips-total=0
[10:34:34] [info] tas: stall frame 277 ms -> contributing 1 tick (patch 0286)
[10:34:34] [info] tas: stall frame 251 ms -> contributing 1 tick (patch 0286)
[10:34:35] [info] tas: stall frame 267 ms -> contributing 1 tick (patch 0286)
[10:34:35] [info] tas: stall frame 249 ms -> contributing 1 tick (patch 0286)
[10:34:35] [info] tas: stall frame 270 ms -> contributing 1 tick (patch 0286)
[10:34:35] [info] tas: stall frame 250 ms -> contributing 1 tick (patch 0286)
[10:34:36] [info] tas: stall frame 250 ms -> contributing 1 tick (patch 0286)
[10:34:36] [info] tas: stall frame 271 ms -> contributing 1 tick (patch 0286)
[10:34:36] [info] tas: stall frame 250 ms -> contributing 1 tick (patch 0286)
[10:34:36] [info] tas: stall frame 253 ms -> contributing 1 tick (patch 0286)
[10:34:37] [info] flip-probe: flip #4930 ok=true present=81ms inter_flip_ms=270 drawcalls-since-flip=18 drawcalls-total=347761 fail-total=0 null-skips-total=0
[10:34:37] [info] tas: stall frame 276 ms -> contributing 1 tick (patch 0286)
[10:34:37] [info] tas: stall frame 251 ms -> contributing 1 tick (patch 0286)
[10:34:37] [info] tas: stall frame 252 ms -> contributing 1 tick (patch 0286)
[10:34:38] [info] tas: stall frame 251 ms -> contributing 1 tick (patch 0286)
[10:34:38] [info] tas: stall frame 250 ms -> contributing 1 tick (patch 0286)
[10:34:38] [info] tas: stall frame 249 ms -> contributing 1 tick (patch 0286)
[10:34:38] [info] tas: stall frame 268 ms -> contributing 1 tick (patch 0286)
[10:34:39] [info] tas: stall frame 465 ms -> contributing 1 tick (patch 0286)
[10:34:39] [info] tas: stall frame 251 ms -> contributing 1 tick (patch 0286)
[10:34:39] [info] tas: stall frame 250 ms -> contributing 1 tick (patch 0286)
[10:34:40] [info] flip-probe: flip #4940 ok=true present=81ms inter_flip_ms=250 drawcalls-since-flip=18 drawcalls-total=347941 fail-total=0 null-skips-total=0
[10:34:40] [info] tas: stall frame 256 ms -> contributing 1 tick (patch 0286)
[10:34:40] [info] tas: stall frame 249 ms -> contributing 1 tick (patch 0286)
[10:34:40] [info] tas: stall frame 250 ms -> contributing 1 tick (patch 0286)
[10:34:40] [info] tas: stall frame 271 ms -> contributing 1 tick (patch 0286)
[10:34:41] [info] tas: stall frame 250 ms -> contributing 1 tick (patch 0286)
[10:34:41] [info] tas: stall frame 250 ms -> contributing 1 tick (patch 0286)
[10:34:41] [info] tas: stall frame 250 ms -> contributing 1 tick (patch 0286)
[10:34:41] [info] tas: stall frame 250 ms -> contributing 1 tick (patch 0286)
[10:34:42] [info] tas: stall frame 250 ms -> contributing 1 tick (patch 0286)
[10:34:42] [info] tas: stall frame 251 ms -> contributing 1 tick (patch 0286)
[10:34:42] [info] flip-probe: flip #4950 ok=true present=81ms inter_flip_ms=250 drawcalls-since-flip=18 drawcalls-total=348121 fail-total=0 null-skips-total=0
[10:34:42] [info] tas: stall frame 256 ms -> contributing 1 tick (patch 0286)
[10:34:42] [info] tas: stall frame 249 ms -> contributing 1 tick (patch 0286)
[10:34:43] [info] tas: stall frame 250 ms -> contributing 1 tick (patch 0286)
[10:34:43] [info] tas: stall frame 249 ms -> contributing 1 tick (patch 0286)
[10:34:43] [info] tas: stall frame 252 ms -> contributing 1 tick (patch 0286)
[10:34:43] [info] tas: stall frame 249 ms -> contributing 1 tick (patch 0286)
[10:34:44] [info] tas: stall frame 250 ms -> contributing 1 tick (patch 0286)
[10:34:44] [info] tas: stall frame 250 ms -> contributing 1 tick (patch 0286)
[10:34:44] [info] tas: stall frame 250 ms -> contributing 1 tick (patch 0286)
[10:34:44] [info] tas: stall frame 250 ms -> contributing 1 tick (patch 0286)
[10:34:45] [info] flip-probe: flip #4960 ok=true present=81ms inter_flip_ms=252 drawcalls-since-flip=18 drawcalls-total=348301 fail-total=0 null-skips-total=0
[10:34:45] [info] tas: stall frame 258 ms -> contributing 1 tick (patch 0286)
[10:34:45] [info] tas: stall frame 250 ms -> contributing 1 tick (patch 0286)
[10:34:45] [info] tas: stall frame 250 ms -> contributing 1 tick (patch 0286)
[10:34:45] [info] tas: stall frame 270 ms -> contributing 1 tick (patch 0286)
[10:34:46] [info] tas: stall frame 250 ms -> contributing 1 tick (patch 0286)
[10:34:46] [info] tas: stall frame 256 ms -> contributing 1 tick (patch 0286)
[10:34:46] [info] tas: stall frame 250 ms -> contributing 1 tick (patch 0286)
[10:34:46] [info] tas: stall frame 250 ms -> contributing 1 tick (patch 0286)
[10:34:47] [info] tas: stall frame 250 ms -> contributing 1 tick (patch 0286)
[10:34:47] [info] tas: stall frame 251 ms -> contributing 1 tick (patch 0286)
[10:34:47] [info] flip-probe: flip #4970 ok=true present=81ms inter_flip_ms=250 drawcalls-since-flip=18 drawcalls-total=348481 fail-total=0 null-skips-total=0
[10:34:47] [info] tas: stall frame 258 ms -> contributing 1 tick (patch 0286)
[10:34:47] [info] tas: stall frame 249 ms -> contributing 1 tick (patch 0286)
[10:34:48] [info] tas: stall frame 250 ms -> contributing 1 tick (patch 0286)
[10:34:48] [info] tas: stall frame 249 ms -> contributing 1 tick (patch 0286)
[10:34:48] [info] tas: stall frame 250 ms -> contributing 1 tick (patch 0286)
[10:34:48] [info] tas: stall frame 251 ms -> contributing 1 tick (patch 0286)
[10:34:49] [info] tas: stall frame 250 ms -> contributing 1 tick (patch 0286)
[10:34:49] [info] tas: stall frame 250 ms -> contributing 1 tick (patch 0286)
[10:34:49] [info] drawcall drawSurface call 331000: src=16x16 dst=16x16 at (244,-8) took 0ms
[10:34:49] [info] tas: stall frame 256 ms -> contributing 1 tick (patch 0286)
[10:34:49] [info] tas: stall frame 250 ms -> contributing 1 tick (patch 0286)
[10:34:50] [info] flip-probe: flip #4980 ok=true present=80ms inter_flip_ms=251 drawcalls-since-flip=18 drawcalls-total=348661 fail-total=0 null-skips-total=0
[10:34:50] [info] tas: stall frame 258 ms -> contributing 1 tick (patch 0286)
[10:34:50] [info] tas: stall frame 250 ms -> contributing 1 tick (patch 0286)
[10:34:50] [info] tas: stall frame 250 ms -> contributing 1 tick (patch 0286)
[10:34:50] [info] tas: stall frame 252 ms -> contributing 1 tick (patch 0286)
[10:34:51] [info] tas: stall frame 250 ms -> contributing 1 tick (patch 0286)
[10:34:51] [info] tas: stall frame 251 ms -> contributing 1 tick (patch 0286)
[10:34:51] [info] tas: stall frame 250 ms -> contributing 1 tick (patch 0286)
[10:34:51] [info] tas: stall frame 250 ms -> contributing 1 tick (patch 0286)
[10:34:52] [info] tas: stall frame 250 ms -> contributing 1 tick (patch 0286)
[10:34:52] [info] tas: stall frame 250 ms -> contributing 1 tick (patch 0286)
[10:34:52] [info] flip-probe: flip #4990 ok=true present=81ms inter_flip_ms=250 drawcalls-since-flip=18 drawcalls-total=348841 fail-total=0 null-skips-total=0
[10:34:52] [info] tas: stall frame 258 ms -> contributing 1 tick (patch 0286)
[10:34:52] [info] tas: stall frame 250 ms -> contributing 1 tick (patch 0286)
[10:34:53] [info] run_tick_fixed #5100: heartbeat (loop alive)
[10:34:53] [info] tas: stall frame 256 ms -> contributing 1 tick (patch 0286)
[10:34:53] [info] tas: stall frame 250 ms -> contributing 1 tick (patch 0286)
[10:34:53] [info] tas: stall frame 250 ms -> contributing 1 tick (patch 0286)
[10:34:53] [info] tas: stall frame 251 ms -> contributing 1 tick (patch 0286)
[10:34:54] [info] tas: stall frame 250 ms -> contributing 1 tick (patch 0286)
[10:34:54] [info] tas: stall frame 249 ms -> contributing 1 tick (patch 0286)
[10:34:55] [info] flip-probe: flip #5000 ok=true present=452ms inter_flip_ms=595 drawcalls-since-flip=59 drawcalls-total=349103 fail-total=0 null-skips-total=0
[10:34:55] [info] drawcall tally block 50: drawcalls=1782 total_ms=178 avg_ms_x10=0 (over 100 flips ending at flip 5000)
[10:34:55] [info] alpha audit block 50: 1782 total drawcalls, 0 with alpha<255 (block pct_x10=0; global 0/331469 pct_x10=0); alpha-mod skipped: block=1782 global=344642
[10:34:55] [info] fastpath audit block 50: taken=0 (idx8=0) skipped=1782 pct_x10=0; global taken=0 (idx8=0) skipped=331469 pct_x10=0
[10:34:55] [info] primitive tally block 50: clear=200(hr=0) fill=0(hr=0) rect=0(hr=0) line=0(hr=0) tint=2 spotlight=0 (over 100 flips ending at flip 5000)
[10:34:55] [info] slowpath reason block 50: alpha=0 format=0 windim=1782 null_src=0 other=0 (of 1782 total drawSurface slow-path)
[10:34:55] [info] color/alpha audit block 50: cmod_white=44 cmod_black=0 (idx=0) cmod_general=0 (idx=0) cmod_fb=0; alpha_taken=0 alpha_skipped=0 (global cmod=14030/0/0/13173 idx=0/0 alpha=0/0)
[10:34:55] [info] phase timing block 50: drawcalls=2128 dc_total_ms=1516 flip_inner_total_ms=9093 inter_flip_total_ms=26135 (per-flip avg x10: dc_ms=151 fi_ms=909 if_ms=2613 derived audio+engine_ms=1553; per-drawcall avg us_x10=7125) [direct-vesa: presents=0 total_ms=0 avg_ms_x10=0 failed=0] [ablation: NO_DC_TIMING=0 CACHE_WINSURF=0 DIRECT_VESA=1]
[10:34:55] [info] kbd/audio block 50: kbd_irq=0 kbd_drain=0 ring_chunks=16 pump_pass=5108 pic1_mask=0xb8 first_irq_ticks=0 install_ticks=0 vector_at_install=0x0083def0 pic1_mask_live=0x98 kbd_8042_stat=0x34 bios_kbd_head=0x0022 bios_kbd_tail=0x0022 bios_kbd_buf0=0x1c0d
[10:34:55] [info] dirty-rect block @flip=5000: total_calls=0 dirty_rects_avg=1 dirty_pct_x10=1000 forced_full=0 first_n_force=0 threshold_exceeded=0 dirty_path_taken=100 full_flush_taken=0
[10:34:55] [info] prev-frame-diff block @flip=5000: diff_calls=0 diff_rects_avg=0 diff_dirty_pct_x10=0 bbox_pct_x10=0 bbox_thresh_exceeded=0
[10:35:01] [info] drawcall drawSurface call 332000: src=39x5 dst=39x5 at (40,41) took 0ms
[10:35:01] [info] flip-probe: flip #5010 ok=true present=425ms inter_flip_ms=598 drawcalls-since-flip=59 drawcalls-total=349693 fail-total=0 null-skips-total=0
[10:35:07] [info] flip-probe: flip #5020 ok=true present=425ms inter_flip_ms=590 drawcalls-since-flip=59 drawcalls-total=350283 fail-total=0 null-skips-total=0
[10:35:11] [info] drawcall drawSurface call 333000: src=88x8 dst=88x8 at (127,101) took 0ms
[10:35:13] [info] flip-probe: flip #5030 ok=true present=426ms inter_flip_ms=590 drawcalls-since-flip=59 drawcalls-total=350873 fail-total=0 null-skips-total=0
[10:35:14] [info] tas: end-of-replay auto-exit at tick 5140 (recording exhausted; set DOSKUTSU_TAS_REPLAY_HOLD=1 to disable + observe steady-state past recording end)
[10:35:14] [info] Script engine shutdown.
[10:35:14] [info] opl3 backend: on_song_stop
[10:35:14] [info] opl3 backend: cleared reg 0xBD chip-wide latch (wub-wub mitigation per flush-instr WAVE-46 H6)
[10:35:14] [info] opl3 backend shutdown (all 18 voices KEY-OFF unconditionally; OPL2 mode restored; chip state safe for next process)
[10:35:15] [info] Sound system shutdown
[10:35:15] [info] Renderer::Close()
[10:35:15] [info] tas: replay file closed
[10:35:15] [info] [fps-true] flips=5032 render_s=2267 fps_mean=2.2 (clock-independent: flips / seconds since the FIRST flip; use THIS for the fps matrix, not inter_flip medians, which are invalid in any cell running the PIT/IRQ-0 music pump)
